platform,key,country_code,date,shop_id,shop_slug,shop_name,location,item_id,product_name,url,image_url,images,seller_flag,seller_flag_hash,image_overlay,image_overlay_hash,is_ad,is_sold_out,shopee_verified,ctime,price,price_original,price_before_promo,discount_percent,promotion_id,voucher_code,voucher_discount,voucher_start_time,voucher_end_time,voucher_min_spend,history_sold_value,monthly_sold_value,rating,rating_count,rating_count_detail,vouchers,brand,brand_id,catid,global_catids,liked_count,tier_variation_name,tier_variation_options
Shopee,,id,2026-07-01,1368540320,cyeecare-id, Cyeecare Official Store,KAB. TANGERANG,53811593142,"[KOL Exclusive]Cyeecare Hair Mask 150ml – Masker Rambut Keratin & Hyaluronic Acid untuk Rambut Lurus, Lembut & Tidak Mengembang",https://shopee.co.id/product/1368540320/53811593142,https://down-id.img.susercontent.com/file/id-11134207-822wo-mp0n5xir4i6j99,"[""https://down-id.img.susercontent.com/file/id-11134207-822wo-mp0n5xir4i6j99"", ""https://down-id.img.susercontent.com/file/id-11134207-822wm-mp0n5xip92xbf6"", ""https://down-id.img.susercontent.com/file/id-11134207-822wm-mp0n5xin3toi88"", ""https://down-id.img.susercontent.com/file/id-11134207-822wi-mp0n5xitdz40b4"", ""https://down-id.img.susercontent.com/file/sg-11134201-824jf-mplqzk224wlc7e"", ""https://down-id.img.susercontent.com/file/id-11134207-822wt-mp0n5xiu4nwt30"", ""https://down-id.img.susercontent.com/file/id-11134207-822wl-mp0n5xir0ah74f"", ""https://down-id.img.susercontent.com/file/id-11134207-822wr-mp0n5xir1p1naa""]","[""OFFICIAL_SHOP""]","[""id-11134258-7r98z-lykpu80ygbvs76""]",FSS+SPayLater_NEW,id-11134258-822wt-mlynmevo9eyr24,False,False,False,1780478403,35000,320000,35000,89,866553264930816,,,,,,342.0,308.0,4.88421052631579,95,"[0, 0, 1, 9, 85]","[""Produk Baru"", ""Add-on Deal""]",Cyeecare,5769514.0,100630,"[100630, 100659, 100871]",89,Ukuran,"[""1 PCS"", ""2 PCS""]"
Shopee,,id,2026-07-01,1368540320,cyeecare-id, Cyeecare Official Store,KAB. TANGERANG,40216847326,Cyeecare Peeling Solution Serum AHA Eksfoliasi Wajah - Hilangkan Noda Hitam Bekas Jerawat Komedo | Kulit Halus Glowing 20g,https://shopee.co.id/product/1368540320/40216847326,https://down-id.img.susercontent.com/file/id-11134207-822ws-mn3qq9f0mxokdd,"[""https://down-id.img.susercontent.com/file/id-11134207-822ws-mn3qq9f0mxokdd""]","[""OFFICIAL_SHOP""]","[""id-11134258-7r98z-lykpu80ygbvs76""]",FSS+SPayLater_NEW,id-11134258-822wt-mlynmevo9eyr24,False,False,False,1756720788,88000,200000,88000,56,288865420333056,,,,,,10000.0,1000.0,4.806555288531141,34537,"[166, 141, 953, 3688, 29589]","[""Add-on Deal""]",Cyeecare,5769514.0,100630,"[100630, 100664, 100896]",17825,jenis produk,"[""[Promosi]1 PCS"", ""1PCS"", ""2PCS"", ""Peel & Glow Pair"", ""Peel Hair Pair"", ""Peel Glow Hair Pair""]"
Shopee,,id,2026-07-01,1368540320,cyeecare-id, Cyeecare Official Store,KAB. TANGERANG,43654004856,Cyeecare Masker Rambut Keratin Hair Mask Treatment Salon - Rambut Halus Lembut Wangi Anti Rontok Kering Kusut Hair Care 150ml,https://shopee.co.id/product/1368540320/43654004856,https://down-id.img.susercontent.com/file/id-11134207-822wt-mn3qox6im5mu3d,"[""https://down-id.img.susercontent.com/file/id-11134207-822wt-mn3qox6im5mu3d""]","[""OFFICIAL_SHOP""]","[""id-11134258-7r98z-lykpu80ygbvs76""]",FSS+SPayLater_NEW,id-11134258-822wt-mlynmevo9eyr24,False,False,False,1749547814,66900,338888,66900,80,933253142380544,,,,,,10000.0,1000.0,4.79708897409813,12779,"[85, 61, 362, 1346, 10925]","[""Add-on Deal""]",Cyeecare,4878874.0,100630,"[100630, 100659, 100871]",12956,type,"[""[Promosi]1pcs"", ""1pcs"", ""2pcs"", ""Upgraded"", ""Upgraded*2""]"
Shopee,,id,2026-07-01,1368540320,cyeecare-id, Cyeecare Official Store,KAB. TANGERANG,41754019654,Cyeecare Tone Up Cream Niacinamide & Arbutin Brightening Moisturizer 20g,https://shopee.co.id/product/1368540320/41754019654,https://down-id.img.susercontent.com/file/id-11134207-8224z-mhq1e3112vb8d9,"[""https://down-id.img.susercontent.com/file/id-11134207-8224z-mhq1e3112vb8d9"", ""https://down-id.img.susercontent.com/file/id-11134207-8224y-mg3igl1ihx59cb"", ""https://down-id.img.susercontent.com/file/id-11134207-82251-mkj7wdmoz5s0af"", ""https://down-id.img.susercontent.com/file/id-11134207-8224v-mg3igl1injf165"", ""https://down-id.img.susercontent.com/file/id-11134207-8224z-mg3igl1ioxzha8"", ""https://down-id.img.susercontent.com/file/id-11134207-8224u-mkj7wdmoxr7kc1"", ""https://down-id.img.susercontent.com/file/id-11134207-8224v-mg3igl1iqcjxba"", ""https://down-id.img.susercontent.com/file/id-11134207-8224o-mg3igl1im4ulc3""]","[""OFFICIAL_SHOP""]","[""id-11134258-7r98z-lykpu80ygbvs76""]",FSS+SPayLater_NEW,id-11134258-822wt-mlynmevo9eyr24,False,False,False,1749547550,27900,366000,27900,92,280770937896960,,,,,,3000.0,1000.0,4.8546550569323506,1493,"[3, 6, 26, 135, 1323]","[""Add-on Deal""]",Cyeecare,5769514.0,100630,"[100630, 100664, 100893]",2900,type,"[""20g""]"
Shopee,,id,2026-07-01,1368540320,cyeecare-id, Cyeecare Official Store,KAB. TANGERANG,26120309394,Cyeecare AHA BHA PHA LHA Peeling Solution Serum Eksfoliasi Wajah Menghaluskan Mencerahkan Kulit Mengangkat Sel Kulit Mati Komedo 20g,https://shopee.co.id/product/1368540320/26120309394,https://down-id.img.susercontent.com/file/id-11134207-8224x-ml4mc4lyky6la9,"[""https://down-id.img.susercontent.com/file/id-11134207-8224x-ml4mc4lyky6la9"", ""https://down-id.img.susercontent.com/file/id-11134207-8224u-mil9khktrxmv56"", ""https://down-id.img.susercontent.com/file/id-11134207-82252-mil9khktxjwnc8"", ""https://down-id.img.susercontent.com/file/id-11134207-82250-mkj5jv14h2py5f"", ""https://down-id.img.susercontent.com/file/id-11134207-82251-mkj5jv14fo5ia9"", ""https://down-id.img.susercontent.com/file/id-11134207-8224x-mil9khkttc7b2b"", ""https://down-id.img.susercontent.com/file/id-11134207-8224z-mj7wvkkp222oe4"", ""https://down-id.img.susercontent.com/file/id-11134207-8224p-mil9khku0d1jfa"", ""https://down-id.img.susercontent.com/file/id-11134207-822wj-mlel93rib5s374""]","[""OFFICIAL_SHOP""]","[""id-11134258-7r98z-lykpu80ygbvs76""]",FSS+SPayLater_NEW,id-11134258-822wt-mlynmevo9eyr24,False,False,False,1733886898,86900,399000,86900,78,10000016450,,,,,,10000.0,1000.0,4.800036415869227,49429,"[286, 224, 1391, 5286, 42242]","[""Add-on Deal""]",Cyeecare,5769514.0,100630,"[100630, 100664, 100896]",26513,Ukuran,"[""[Promosi]1 PCS"", ""1 PCS"", ""2 PCS"", ""Paket Hemat"", ""Tone-Up Cream*1"", ""Tone-Up Cream*3"", ""HairMask"", ""GlowSerum"", ""Serum+Glow Pair"", ""Serum+GlowSerum"", ""Serum+Hair Pair""]"
Shopee,,id,2026-07-01,1368540320,cyeecare-id, Cyeecare Official Store,KAB. TANGERANG,52711988070,[New Launch] Cyeecare Glowing Essence Cream Krim Wajah Gentle Formula Niacinamide + Hamamelis Korea Aman Kulit Sensitif & Berminyak Brightening Moisturizer 30g,https://shopee.co.id/product/1368540320/52711988070,https://down-id.img.susercontent.com/file/id-11134207-822wl-mpt9shhmilmo5e,"[""https://down-id.img.susercontent.com/file/id-11134207-822wl-mpt9shhmilmo5e""]","[""OFFICIAL_SHOP""]","[""id-11134258-7r98z-lykpu80ygbvs76""]",FSS+SPayLater_NEW,id-11134258-822wt-mlynmevo9eyr24,False,False,False,1781086293,48900,395000,48900,88,933244862808064,,,,,,131.0,118.0,4.898305084745763,59,"[0, 0, 1, 4, 54]","[""Produk Baru""]",Cyeecare,5769514.0,100630,"[100630, 100664, 100893]",26,Jumlah,"[""Niacinamide Cream"", ""Niacinamide Cream*2"", ""377 Cream"", ""377 Cream*2""]"
Shopee,,id,2026-07-01,1368540320,cyeecare-id, Cyeecare Official Store,KAB. TANGERANG,55556714442,[KOL Exclusive] Cyeecare Serum Eksfoliasi AHA BHA PHA LHA Peeling Serum Brightening Hilangkan Dark Spot & Bekas Jerawat 20g,https://shopee.co.id/product/1368540320/55556714442,https://down-id.img.susercontent.com/file/id-11134207-8224x-ml4mc4lyky6la9,"[""https://down-id.img.susercontent.com/file/id-11134207-8224x-ml4mc4lyky6la9"", ""https://down-id.img.susercontent.com/file/id-11134207-822wj-mlel93rekb9daf"", ""https://down-id.img.susercontent.com/file/id-11134207-822wk-mlel93rk7zlx26"", ""https://down-id.img.susercontent.com/file/id-11134207-82251-mkj72wont0qsdd"", ""https://down-id.img.susercontent.com/file/id-11134207-822wg-mlel93ri8cn76e"", ""https://down-id.img.susercontent.com/file/id-11134207-822wk-mlel93ri9r7n6a"", ""https://down-id.img.susercontent.com/file/id-11134207-822wm-mlel93ridywzf1"", ""https://down-id.img.susercontent.com/file/id-11134207-822ws-mlel93rickcj35"", ""https://down-id.img.susercontent.com/file/id-11134207-822wj-mlel93rib5s374""]","[""OFFICIAL_SHOP""]","[""id-11134258-7r98z-lykpu80ygbvs76""]",FSS+SPayLater_NEW,id-11134258-822wt-mlynmevo9eyr24,False,False,False,1772606433,48900,319999,48900,85,933253142380544,,,,,,215.0,143.0,4.872340425531915,94,"[0, 0, 1, 10, 83]","[""Add-on Deal""]",,,100630,"[100630, 100664, 100896]",102,Ukuran,"[""1 PCS""]"
Shopee,,id,2026-07-01,1368540320,cyeecare-id, Cyeecare Official Store,KAB. TANGERANG,40067607690,Cyeecare Facial Care Set Peeling Serum 20g + 5X Centella Soothing Cream 30g,https://shopee.co.id/product/1368540320/40067607690,https://down-id.img.susercontent.com/file/id-11134207-822wt-mnnz3pt4zy81de,"[""https://down-id.img.susercontent.com/file/id-11134207-822wt-mnnz3pt4zy81de"", ""https://down-id.img.susercontent.com/file/id-11134207-822wn-mnf59wic579dbc"", ""https://down-id.img.susercontent.com/file/id-11134207-822wq-mnf59wic6ltt24"", ""https://down-id.img.susercontent.com/file/id-11134207-822wj-mnf59wic80e9ac"", ""https://down-id.img.susercontent.com/file/id-11134207-822wn-mnf59wicatj588"", ""https://down-id.img.susercontent.com/file/id-11134207-822wu-mnf59wic9eyp79"", ""https://down-id.img.susercontent.com/file/id-11134207-822wj-mnf59wicc83l0f"", ""https://down-id.img.susercontent.com/file/id-11134207-822wu-mnf59wi8jz0jf7"", ""https://down-id.img.susercontent.com/file/id-11134207-822wh-mnf59wibzkzleb""]","[""OFFICIAL_SHOP""]","[""id-11134258-7r98z-lykpu80ygbvs76""]",FSS+SPayLater_NEW,id-11134258-822wt-mlynmevo9eyr24,False,False,False,1757053106,58900,445000,58900,87,931791142240256,,,,,,10000.0,133.0,4.848064392487543,13045,"[40, 23, 248, 1257, 11477]","[""Add-on Deal""]",Cyeecare,5769514.0,100630,"[100630, 100665]",4763,type,"[""Peeling+Cream"", ""Peeling+New Cream"", ""Soothing Cream""]"
Shopee,,id,2026-07-01,1368540320,cyeecare-id, Cyeecare Official Store,KAB. TANGERANG,42303994190,Cyeecare Facial Cleanser Gentle Purifying Amino Acid & Salicylic Acid Facial Cleanser,https://shopee.co.id/product/1368540320/42303994190,https://down-id.img.susercontent.com/file/id-11134207-8224s-mhq1e311026c73,"[""https://down-id.img.susercontent.com/file/id-11134207-8224s-mhq1e311026c73"", ""https://down-id.img.susercontent.com/file/id-11134207-82250-mkj72wonyn0kbf"", ""https://down-id.img.susercontent.com/file/id-11134207-81ztq-mfndygzo71mzdd"", ""https://down-id.img.susercontent.com/file/id-11134207-81ztd-mfndygzo9urvd4"", ""https://down-id.img.susercontent.com/file/id-11134207-8224o-mkj72woo01l06d"", ""https://down-id.img.susercontent.com/file/id-11134207-82252-mg66bbng2ivg85"", ""https://down-id.img.susercontent.com/file/id-11134207-81ztk-mfne1v368mx7e9"", ""https://down-id.img.susercontent.com/file/id-11134207-8224q-mgozf9323ito25""]","[""OFFICIAL_SHOP""]","[""id-11134258-7r98z-lykpu80ygbvs76""]",FSS+SPayLater_NEW,id-11134258-822wt-mlynmevo9eyr24,False,False,False,1749547203,34900,366000,34900,90,933244862808064,,,,,,3000.0,1000.0,4.888345558272209,1227,"[3, 2, 14, 91, 1117]","[""Add-on Deal""]",Cyeecare,5769514.0,100630,"[100630, 100664, 100891]",522,type,"[""80ml""]"
Shopee,,id,2026-07-01,1368540320,cyeecare-id, Cyeecare Official Store,KAB. TANGERANG,54211592942,[KOL Exclusive]Cyeecare Ginger Hair Serum 20g – Serum Rambut Anti Rontok & Penumbuh Rambut Alami,https://shopee.co.id/product/1368540320/54211592942,https://down-id.img.susercontent.com/file/id-11134207-822wk-mo3vqh6ugikhdd,"[""https://down-id.img.susercontent.com/file/id-11134207-822wk-mo3vqh6ugikhdd"", ""https://down-id.img.susercontent.com/file/id-11134207-822wg-mo3vqh6uhx4x76"", ""https://down-id.img.susercontent.com/file/id-11134207-822wt-mo3vqh6t4r9ca0"", ""https://down-id.img.susercontent.com/file/id-11134207-822wu-mo3vqh6wre2rf1"", ""https://down-id.img.susercontent.com/file/id-11134207-822wq-mo3vqh6smhvs94"", ""https://down-id.img.susercontent.com/file/id-11134207-822wu-mo3vqh701ds570"", ""https://down-id.img.susercontent.com/file/id-11134207-822wo-mo3vqh70701xb8""]","[""OFFICIAL_SHOP""]","[""id-11134258-7r98z-lykpu80ygbvs76""]",FSS+SPayLater_NEW,id-11134258-822wt-mlynmevo9eyr24,False,False,False,1780477861,38000,390000,38000,90,866553264930816,,,,,,111.0,102.0,4.808510638297872,47,"[0, 0, 0, 9, 38]","[""Produk Baru"", ""Add-on Deal""]",Cyeecare,5769514.0,100630,"[100630, 100659, 100871]",41,type,"[""1pcs"", ""2pcs"", ""3pcs""]"
Shopee,,id,2026-07-01,1368540320,cyeecare-id, Cyeecare Official Store,KAB. TANGERANG,28036053313,Cyeecare Tone Up Cream Krim Pencerah Wajah Glowing Instan Moisturizer Pelembab Mencerahkan Kulit Kusam Cream Siang Cerah Instan Day Cream,https://shopee.co.id/product/1368540320/28036053313,https://down-id.img.susercontent.com/file/id-11134207-8224r-mhq1596ziq6c54,"[""https://down-id.img.susercontent.com/file/id-11134207-8224r-mhq1596ziq6c54"", ""https://down-id.img.susercontent.com/file/id-11134207-8224o-mg3aswoy35e094"", ""https://down-id.img.susercontent.com/file/id-11134207-82251-mkj7wdmowcn4d4"", ""https://down-id.img.susercontent.com/file/id-11134207-82250-mg3aswoy7d3c99"", ""https://down-id.img.susercontent.com/file/id-11134207-8224x-mg3aocd607ik8e"", ""https://down-id.img.susercontent.com/file/id-11134207-8224s-mkj7wdmouy2o68"", ""https://down-id.img.susercontent.com/file/id-11134207-82252-mg3aocd630ng2d"", ""https://down-id.img.susercontent.com/file/id-11134207-8224y-mg3aocd5ysy429""]","[""OFFICIAL_SHOP""]","[""id-11134258-7r98z-lykpu80ygbvs76""]",FSS+SPayLater_NEW,id-11134258-822wt-mlynmevo9eyr24,False,False,False,1746430670,79800,499999,79800,84,288865420333056,,,,,,10000.0,1000.0,4.859000051384821,19461,"[42, 36, 345, 1778, 17260]","[""Add-on Deal""]",Cyeecare,5769514.0,100630,"[100630, 100662, 100881, 101627]",25335,Jumlah,"[""1 PCS"", ""3 PCS"", ""3 ToneUp +1 Peeling"", ""ToneUp+Peeling""]"
Shopee,,id,2026-07-01,1368540320,cyeecare-id, Cyeecare Official Store,KAB. TANGERANG,57161987975,[New Launch] Cyeecare Glowing Essence Cream Krim Wajah Cerah & Lembap Niacinamide + Dual Vitamin C E + Hamamelis Brightening Moisturizer untuk Kulit Kusam Formulated in Korea 30g,https://shopee.co.id/product/1368540320/57161987975,https://down-id.img.susercontent.com/file/id-11134207-822wk-mpt9shhmtu6875,"[""https://down-id.img.susercontent.com/file/id-11134207-822wk-mpt9shhmtu6875"", ""https://down-id.img.susercontent.com/file/id-11134207-822wp-mpitybx9026j9c"", ""https://down-id.img.susercontent.com/file/id-11134207-822wr-mpkh2m6ztx589a"", ""https://down-id.img.susercontent.com/file/id-11134207-822wj-mpkh2m6xdfcwf5"", ""https://down-id.img.susercontent.com/file/id-11134207-822wt-mpt9vst8b4lp6a"", ""https://down-id.img.susercontent.com/file/id-11134207-822ws-mpkh2m6xc0sg74"", ""https://down-id.img.susercontent.com/file/id-11134207-822wh-mpkh2m70c6izef"", ""https://down-id.img.susercontent.com/file/id-11134207-822wq-mpkh2m70dl3f9d"", ""https://down-id.img.susercontent.com/file/id-11134207-822ws-mpkh2m70eznvf5""]","[""OFFICIAL_SHOP""]","[""id-11134258-7r98z-lykpu80ygbvs76""]",FSS+SPayLater_NEW,id-11134258-822wt-mlynmevo9eyr24,False,False,False,1781085604,48900,395000,48900,88,933244862808064,,,,,,70.0,63.0,4.972222222222222,36,"[0, 0, 0, 1, 35]","[""Produk Baru""]",Cyeecare,5769514.0,100630,"[100630, 100664, 100893]",21,Jumlah,"[""Niacinamide Cream"", ""Niacinamide Cream*2"", ""377 Cream*1"", ""377 Cream*2""]"
Shopee,,id,2026-07-01,1368540320,cyeecare-id, Cyeecare Official Store,KAB. TANGERANG,54952247520,Cyeecare Anti Rambut Rontok - Sampo Jahe untuk Pertumbuhan Rambut 150ml,https://shopee.co.id/product/1368540320/54952247520,https://down-id.img.susercontent.com/file/id-11134207-8224q-mhlcqoly1mvaf3,"[""https://down-id.img.susercontent.com/file/id-11134207-8224q-mhlcqoly1mvaf3"", ""https://down-id.img.susercontent.com/file/id-11134207-8224s-mkjfhr7okcg30e"", ""https://down-id.img.susercontent.com/file/id-11134207-82252-mhlcqom0gq2pb2"", ""https://down-id.img.susercontent.com/file/id-11134207-8224p-mhlcqolwiups97"", ""https://down-id.img.susercontent.com/file/id-11134207-8224y-mkjfhr7imu4l97"", ""https://down-id.img.susercontent.com/file/id-11134207-8224t-mhlcqoly08auf5"", ""https://down-id.img.susercontent.com/file/id-11134207-8224r-mhlcqolnl6o664"", ""https://down-id.img.susercontent.com/file/id-11134207-82251-mhlcqolwvhtu2f""]","[""OFFICIAL_SHOP""]","[""id-11134258-7r98z-lykpu80ygbvs76""]",FSS+SPayLater_NEW,id-11134258-822wt-mlynmevo9eyr24,False,False,False,1764298755,35900,299999,35900,88,933244862808064,,,,,,2000.0,926.0,4.867822318526544,923,"[3, 1, 10, 87, 822]","[""Add-on Deal""]",Cyeecare,5769514.0,100630,"[100630, 100659, 100869]",1164,Types,"[""shampoo*1"", ""shampoo*2"", ""Sampo & Masker"", ""Sampo & Pertumbuhan"", ""3Pcs Set""]"
Shopee,,id,2026-07-01,1368540320,cyeecare-id, Cyeecare Official Store,KAB. TANGERANG,42418380245,Cyeecare Wajah Pemutih Wajah Serum Membantu Memudarkan Garis  Niacinamide&Squalane Brightening Serum 20g,https://shopee.co.id/product/1368540320/42418380245,https://down-id.img.susercontent.com/file/id-11134207-822wu-mn5mpecxzrpc17,"[""https://down-id.img.susercontent.com/file/id-11134207-822wu-mn5mpecxzrpc17"", ""https://down-id.img.susercontent.com/file/id-11134207-8224z-mfs4gkx2sl5abe"", ""https://down-id.img.susercontent.com/file/id-11134207-8224u-mfs4gkx2zlzidf"", ""https://down-id.img.susercontent.com/file/id-11134207-8224y-mkj8jui2ubk039"", ""https://down-id.img.susercontent.com/file/id-11134207-8224v-mkj8jui2swzk9e"", ""https://down-id.img.susercontent.com/file/id-11134207-82250-mfs4gkx2wsum37"", ""https://down-id.img.susercontent.com/file/id-11134207-8224p-mfs4gkx32f4e9b"", ""https://down-id.img.susercontent.com/file/id-11134207-8224o-mfs4gkx33tou27""]","[""OFFICIAL_SHOP""]","[""id-11134258-7r98z-lykpu80ygbvs76""]",FSS+SPayLater_NEW,id-11134258-822wt-mlynmevo9eyr24,False,False,False,1757496868,34900,280000,34900,88,933253142380544,,,,,,4000.0,1000.0,4.860845839017736,2199,"[8, 2, 38, 192, 1959]","[""Add-on Deal""]",Cyeecare,5769514.0,100630,"[100630, 100664, 100896]",1061,model,"[""serum""]"
Shopee,,id,2026-07-01,1368540320,cyeecare-id, Cyeecare Official Store,KAB. TANGERANG,43317569775,Cyeecare Exfoliating Peeling Solution Serum 20g + Bright Pemutih Wajah Serum 20g,https://shopee.co.id/product/1368540320/43317569775,https://down-id.img.susercontent.com/file/id-11134207-822wg-mn5m6rmnim848a,"[""https://down-id.img.susercontent.com/file/id-11134207-822wg-mn5m6rmnim848a"", ""https://down-id.img.susercontent.com/file/id-11134207-8224r-mi9zsge637r554"", ""https://down-id.img.susercontent.com/file/id-11134207-82251-mi9zsge6r3ew9b"", ""https://down-id.img.susercontent.com/file/id-11134207-8224x-mkj6k25qir5ufa"", ""https://down-id.img.susercontent.com/file/id-11134207-82251-mkj6382s426f68"", ""https://down-id.img.susercontent.com/file/id-11134207-8224x-mi9zsgec6ccke3"", ""https://down-id.img.susercontent.com/file/id-11134207-82251-mi9zsgec7qx0be"", ""https://down-id.img.susercontent.com/file/id-11134207-8224v-mi9zsgdmnoy053""]","[""OFFICIAL_SHOP""]","[""id-11134258-7r98z-lykpu80ygbvs76""]",FSS+SPayLater_NEW,id-11134258-822wt-mlynmevo9eyr24,False,False,False,1757051590,79700,731000,79700,89,933253142380544,,,,,,2000.0,625.0,4.880514705882353,1088,"[3, 4, 12, 82, 987]","[""Add-on Deal""]",Cyeecare,5769514.0,100630,"[100630, 100664, 100896]",673,Ukuran,"[""20g+20g""]"
Shopee,,id,2026-07-01,1368540320,cyeecare-id, Cyeecare Official Store,KAB. TANGERANG,29591058852,Cyeecare Gentle Hydrating Essence Toner Melembabkan kulit dengan lembut & Menghaluskan 80ml,https://shopee.co.id/product/1368540320/29591058852,https://down-id.img.susercontent.com/file/id-11134207-8224o-mi9m0gka1b0o87,"[""https://down-id.img.susercontent.com/file/id-11134207-8224o-mi9m0gka1b0o87"", ""https://down-id.img.susercontent.com/file/id-11134207-8224o-mg681cftsb2i61"", ""https://down-id.img.susercontent.com/file/id-11134207-8224x-mg681cfttpmy01"", ""https://down-id.img.susercontent.com/file/id-11134207-82250-mkj8juhok7pib6"", ""https://down-id.img.susercontent.com/file/id-11134207-82251-mg681cftv47e73"", ""https://down-id.img.susercontent.com/file/id-11134207-8224q-mg681cftzbwq53"", ""https://down-id.img.susercontent.com/file/id-11134207-82250-mkj8juhpxdl199"", ""https://down-id.img.susercontent.com/file/id-11134207-8224y-mg681cfu251mb4""]","[""OFFICIAL_SHOP""]","[""id-11134258-7r98z-lykpu80ygbvs76""]",FSS+SPayLater_NEW,id-11134258-822wt-mlynmevo9eyr24,False,False,False,1756887863,34900,432000,34900,92,933253142380544,,,,,,1000.0,315.0,4.899009900990099,505,"[1, 1, 5, 34, 464]","[""Add-on Deal""]",Cyeecare,5769514.0,100630,"[100630, 100664, 100896]",186,Ukuran,"[""80ml""]"
Shopee,,id,2026-07-01,1368540320,cyeecare-id, Cyeecare Official Store,KAB. TANGERANG,40118761850,Cyeecare Keratin Silky Fragrance Hair Mask Hair Care 150 Ml,https://shopee.co.id/product/1368540320/40118761850,https://down-id.img.susercontent.com/file/id-11134207-82252-mggei6v5wh7334,"[""https://down-id.img.susercontent.com/file/id-11134207-82252-mggei6v5wh7334"", ""https://down-id.img.susercontent.com/file/id-11134207-8224r-mkj7wdmk7si098"", ""https://down-id.img.susercontent.com/file/id-11134207-8224y-mggei6v5quxbe6"", ""https://down-id.img.susercontent.com/file/id-11134207-8224p-mggei6v5v2mnd5"", ""https://down-id.img.susercontent.com/file/sg-11134201-824hd-mpfd5wt9g7pde1"", ""https://down-id.img.susercontent.com/file/id-11134207-8224r-mggei6v5s9hr31"", ""https://down-id.img.susercontent.com/file/id-11134207-82252-mggei6v5to27f9"", ""https://down-id.img.susercontent.com/file/id-11134207-8224u-mggei6v5pgcv5b""]","[""OFFICIAL_SHOP""]","[""id-11134258-7r98z-lykpu80ygbvs76""]",FSS+SPayLater_NEW,id-11134258-822wt-mlynmevo9eyr24,False,False,False,1757730687,66900,429999,66900,84,933253142380544,,,,,,10000.0,1000.0,4.813698630136987,6205,"[35, 27, 138, 659, 5346]","[""Add-on Deal""]",Cyeecare,4878874.0,100630,"[100630, 100659, 100871]",5530,Ukuran,"[""1 PCS"", ""2 PCS""]"
Shopee,,id,2026-07-01,1368540320,cyeecare-id, Cyeecare Official Store,KAB. TANGERANG,29790939109,[PROMO] Cyeecare Hair Mask Keratin + Hyaluronic Acid Masker Rambut Creambath Treatment Perawatan Rambut Rusak Kering Rontok 150ml,https://shopee.co.id/product/1368540320/29790939109,https://down-id.img.susercontent.com/file/id-11134207-8224s-mjezy9r1gwzrcf,"[""https://down-id.img.susercontent.com/file/id-11134207-8224s-mjezy9r1gwzrcf"", ""https://down-id.img.susercontent.com/file/id-11134207-8224x-mjezy9qrfx1jc2"", ""https://down-id.img.susercontent.com/file/id-11134207-82250-mkj7wdmopbsw87"", ""https://down-id.img.susercontent.com/file/id-11134207-8224y-mggei6v5quxbe6"", ""https://down-id.img.susercontent.com/file/id-11134207-8224p-mggei6v5v2mnd5"", ""https://down-id.img.susercontent.com/file/sg-11134201-824hd-mpfd5wt9g7pde1"", ""https://down-id.img.susercontent.com/file/id-11134207-8224r-mggei6v5s9hr31"", ""https://down-id.img.susercontent.com/file/id-11134207-82252-mggei6v5to27f9""]","[""OFFICIAL_SHOP""]","[""id-11134258-7r98z-lykpu80ygbvs76""]",FSS+SPayLater_NEW,id-11134258-822wt-mlynmevo9eyr24,False,False,False,1756722495,66900,320000,66900,79,933253142380544,,,,,,10000.0,419.0,4.785451358457493,5705,"[56, 27, 164, 591, 4867]","[""Add-on Deal""]",Cyeecare,5769514.0,100630,"[100630, 100659, 100871]",2981,Ukuran,"[""1 PCS"", ""2 PCS""]"
Shopee,,id,2026-07-01,1368540320,cyeecare-id, Cyeecare Official Store,KAB. TANGERANG,47904142102,"Cyeecare Shampo Jahe Alami Anti Rontok – Menguatkan Akar Rambut, Perawatan Rambut Rusak 150ml",https://shopee.co.id/product/1368540320/47904142102,https://down-id.img.susercontent.com/file/id-11134201-82251-mj3m0ri6718h8b,"[""https://down-id.img.susercontent.com/file/id-11134201-82251-mj3m0ri6718h8b"", ""https://down-id.img.susercontent.com/file/id-11134207-8224s-mkjfhr7p883r96"", ""https://down-id.img.susercontent.com/file/id-11134201-82252-mj3m0rrhsjr771"", ""https://down-id.img.susercontent.com/file/id-11134201-8224r-mj3m0s4oc45eaa"", ""https://down-id.img.susercontent.com/file/id-11134207-8224y-mkjfhr7p9mo7d9"", ""https://down-id.img.susercontent.com/file/id-11134201-82252-mj3m0sdyeuis4e"", ""https://down-id.img.susercontent.com/file/id-11134201-82252-mj3m0shtxxc02b"", ""https://down-id.img.susercontent.com/file/id-11134201-8224o-mj3m0shh6lmv9c""]","[""OFFICIAL_SHOP""]","[""id-11134258-7r98z-lykpu80ygbvs76""]",FSS+SPayLater_NEW,id-11134258-822wt-mlynmevo9eyr24,False,False,False,1767583331,66900,522998,66900,87,933253142380544,,,,,,1000.0,333.0,4.869047619047619,504,"[1, 0, 7, 48, 448]","[""Add-on Deal""]",Cyeecare,5769514.0,100630,"[100630, 100659, 100869]",448,Types,"[""shampoo*1"", ""shampoo*2"", ""Sampo & Masker""]"
Shopee,,id,2026-07-01,1368540320,cyeecare-id, Cyeecare Official Store,KAB. TANGERANG,43518766575,Cyeecare Tone-Up Cream Brightening Moisturizer Makeup Primer Base Cream 20g,https://shopee.co.id/product/1368540320/43518766575,https://down-id.img.susercontent.com/file/id-11134201-82250-mhq1by0v5539af,"[""https://down-id.img.susercontent.com/file/id-11134201-82250-mhq1by0v5539af"", ""https://down-id.img.susercontent.com/file/id-11134207-8224z-mg3aocd5ul8s78"", ""https://down-id.img.susercontent.com/file/id-11134207-8224r-mkj7wdmp0kcg4c"", ""https://down-id.img.susercontent.com/file/id-11134207-8224w-mg3aocd5xedo57"", ""https://down-id.img.susercontent.com/file/id-11134207-8224x-mg3aocd607ik8e"", ""https://down-id.img.susercontent.com/file/id-11134207-8224u-mkj7wdmoxr7kc1"", ""https://down-id.img.susercontent.com/file/id-11134207-82252-mg3aocd630ng2d"", ""https://down-id.img.susercontent.com/file/id-11134207-8224y-mg3aocd5ysy429""]","[""OFFICIAL_SHOP""]","[""id-11134258-7r98z-lykpu80ygbvs76""]",FSS+SPayLater_NEW,id-11134258-822wt-mlynmevo9eyr24,False,False,False,1757731041,79800,499999,79800,84,288865420333056,,,,,,1000.0,181.0,4.85,640,"[0, 3, 19, 49, 569]","[""Add-on Deal""]",Cyeecare,5769514.0,100630,"[100630, 100662, 100881, 101627]",698,Jumlah,"[""1 PCS"", ""3 PCS""]"
Shopee,,id,2026-07-01,1368540320,cyeecare-id, Cyeecare Official Store,KAB. TANGERANG,51162804412,[New Launch] Cyeecare 377 Brightening Essence Spray 100ml BPOM Face Mist Pencerah Wajah Pemudar Noda Hitam Flek Niacinamide Multiple Vitamin C Ectoin Hyaluronic Acid Korea,https://shopee.co.id/product/1368540320/51162804412,https://down-id.img.susercontent.com/file/id-11134207-822wm-mpw242obkhe3a0,"[""https://down-id.img.susercontent.com/file/id-11134207-822wm-mpw242obkhe3a0"", ""https://down-id.img.susercontent.com/file/id-11134207-822wh-mpw242o9p24u79"", ""https://down-id.img.susercontent.com/file/id-11134207-822wi-mpw242ocp7uof8"", ""https://down-id.img.susercontent.com/file/id-11134207-822wg-mpw242obho995c"", ""https://down-id.img.susercontent.com/file/id-11134207-822wq-mpw242o9jfv309"", ""https://down-id.img.susercontent.com/file/id-11134207-822wt-mpw242o4waa46c"", ""https://down-id.img.susercontent.com/file/id-11134207-822wu-mpw242ofe51oc7"", ""https://down-id.img.susercontent.com/file/id-11134207-822wj-mpw242ofgy6k02"", ""https://down-id.img.susercontent.com/file/id-11134207-822wl-mpw242oficr08d""]","[""OFFICIAL_SHOP""]","[""id-11134258-7r98z-lykpu80ygbvs76""]",FSS+SPayLater_NEW,id-11134258-822wt-mlynmevo9eyr24,False,False,False,1782380766,65000,430000,65000,85,476438017093733,,,,,,,,0.0,0,"[0, 0, 0, 0, 0]","[""Produk Baru""]",Cyeecare,5769514.0,100630,"[100630, 100664, 100895]",1,Ukuran,"[""1 Pcs"", ""[Buy 1 Free 1]2 Pcs""]"
Shopee,,id,2026-07-01,1368540320,cyeecare-id, Cyeecare Official Store,KAB. TANGERANG,42118381673,Cyeecare 5X Centella Soothing Cream 30g Moisturizer Wajah Pereda Kemerahan Skin Barrier Pelembab Muka Sensitif Glowing Halus Ringan Day Night Cream,https://shopee.co.id/product/1368540320/42118381673,https://down-id.img.susercontent.com/file/id-11134207-822wk-mne6ngbnxceb21,"[""https://down-id.img.susercontent.com/file/id-11134207-822wk-mne6ngbnxceb21"", ""https://down-id.img.susercontent.com/file/id-11134207-822wr-mnfhp0csda0z20"", ""https://down-id.img.susercontent.com/file/id-11134207-822wo-mnfhp0csg35vd8"", ""https://down-id.img.susercontent.com/file/id-11134207-822ws-mnfhp0cseolfdf"", ""https://down-id.img.susercontent.com/file/id-11134207-822wl-mnfhp0cshhqb2f"", ""https://down-id.img.susercontent.com/file/id-11134207-822wl-mnfhp0csiwarb9"", ""https://down-id.img.susercontent.com/file/id-11134207-822wr-mnfhp0cskav7a4"", ""https://down-id.img.susercontent.com/file/id-11134207-822wr-mnfhp0cslpfn92"", ""https://down-id.img.susercontent.com/file/id-11134207-822wn-mnfhp0csn403c1""]","[""OFFICIAL_SHOP""]","[""id-11134258-7r98z-lykpu80ygbvs76""]",FSS+SPayLater_NEW,id-11134258-822wt-mlynmevo9eyr24,False,False,False,1757498538,58900,445000,58900,87,931791142240256,,,,,,7000.0,176.0,4.862785862785863,3367,"[6, 3, 62, 305, 2991]","[""Add-on Deal""]",Cyeecare,5769514.0,100630,"[100630, 100664, 100893]",1551,model,"[""[New]Soothing Cream""]"
Shopee,,id,2026-07-01,1368540320,cyeecare-id, Cyeecare Official Store,KAB. TANGERANG,55312530737,[KOL Exclusive]Cyeecare Tone Up Cream Krim Pencerah Wajah Glowing Instan Moisturizer,https://shopee.co.id/product/1368540320/55312530737,https://down-id.img.susercontent.com/file/id-11134207-822wu-mporhme3zuh93e,"[""https://down-id.img.susercontent.com/file/id-11134207-822wu-mporhme3zuh93e"", ""https://down-id.img.susercontent.com/file/id-11134207-822wg-mporhme1dqf6ce"", ""https://down-id.img.susercontent.com/file/id-11134207-822wr-mporhme7z4ej47"", ""https://down-id.img.susercontent.com/file/id-11134207-822wp-mporhme9qbyn84"", ""https://down-id.img.susercontent.com/file/id-11134207-822wh-mporhmeae7lt98"", ""https://down-id.img.susercontent.com/file/id-11134207-822wm-mporhmea05xoa7"", ""https://down-id.img.susercontent.com/file/id-11134207-822ws-mporhme4mbk03a""]","[""OFFICIAL_SHOP""]","[""id-11134258-7r98z-lykpu80ygbvs76""]",FSS+SPayLater_NEW,id-11134258-822wt-mlynmevo9eyr24,False,False,False,1781938574,28000,290000,28000,90,866553264930816,,,,,,4.0,2.0,4.75,4,"[0, 0, 0, 1, 3]","[""Produk Baru"", ""Add-on Deal""]",Cyeecare,5769514.0,100630,"[100630, 100662, 100881, 101627]",10,Jumlah,"[""1 PCS"", ""3 PCS""]"
Shopee,,id,2026-07-01,1368540320,cyeecare-id, Cyeecare Official Store,KAB. TANGERANG,27091058952,Cyeecare Niacinamide&Squalane Brightening Serum Wajah Pemutih Wajah Serum 20g,https://shopee.co.id/product/1368540320/27091058952,https://down-id.img.susercontent.com/file/id-11134207-822wh-mn5mped1dz4888,"[""https://down-id.img.susercontent.com/file/id-11134207-822wh-mn5mped1dz4888"", ""https://down-id.img.susercontent.com/file/id-11134207-81zte-mfkzgn2tv0961b"", ""https://down-id.img.susercontent.com/file/id-11134207-81zti-mfkzgn2twetmd3"", ""https://down-id.img.susercontent.com/file/id-11134207-8224t-mkj8jui2x4ow08"", ""https://down-id.img.susercontent.com/file/id-11134207-8224u-mkj8jui2vq4gb4"", ""https://down-id.img.susercontent.com/file/id-11134207-81zth-mfkzgn2u0miye0"", ""https://down-id.img.susercontent.com/file/id-11134207-81ztf-mfkzgn2u213e27"", ""https://down-id.img.susercontent.com/file/id-11134207-8224v-mg4i4g1sxczy33""]","[""OFFICIAL_SHOP""]","[""id-11134258-7r98z-lykpu80ygbvs76""]",FSS+SPayLater_NEW,id-11134258-822wt-mlynmevo9eyr24,False,False,False,1756888439,34900,500000,34900,93,933253142380544,,,,,,658.0,218.0,4.879478827361564,307,"[1, 2, 4, 19, 281]","[""Add-on Deal""]",Cyeecare,5769514.0,100630,"[100630, 100664, 100896]",213,Ukuran,"[""20 G""]"
Shopee,,id,2026-07-01,1368540320,cyeecare-id, Cyeecare Official Store,KAB. TANGERANG,42377307283,[5pcs Hemat] Cyeecare Peeling Solution Serum Eksfoliasi - Bisa Digunakan 100 Hari,https://shopee.co.id/product/1368540320/42377307283,https://down-id.img.susercontent.com/file/id-11134207-8224q-micjzxg5ktmua8,"[""https://down-id.img.susercontent.com/file/id-11134207-8224q-micjzxg5ktmua8"", ""https://down-id.img.susercontent.com/file/id-11134207-82250-micjzxg5m87aea"", ""https://down-id.img.susercontent.com/file/id-11134207-8224w-micjzxg5nmrq13"", ""https://down-id.img.susercontent.com/file/id-11134207-82251-mkj72wont0qsdd"", ""https://down-id.img.susercontent.com/file/id-11134207-8224u-mkj72wonvtvo24"", ""https://down-id.img.susercontent.com/file/id-11134207-8224r-micvu4ec1153ca"", ""https://down-id.img.susercontent.com/file/id-11134207-8224y-micvu4empwqrfa"", ""https://down-id.img.susercontent.com/file/id-11134207-82250-micvu4emlp1c73""]","[""OFFICIAL_SHOP""]","[""id-11134258-7r98z-lykpu80ygbvs76""]",FSS+SPayLater_NEW,id-11134258-822wt-mlynmevo9eyr24,False,False,False,1765964809,219900,1599995,219900,86,933253142380544,,,,,,614.0,138.0,4.905454545454545,275,"[0, 1, 2, 19, 253]","[""Free Gift""]",Cyeecare,5769514.0,100630,"[100630, 100664, 100896]",280,Types,"[""5 Pcs""]"
Shopee,,id,2026-07-01,1368540320,cyeecare-id, Cyeecare Official Store,KAB. TANGERANG,28770371035,Cyeecare Tri-Acid Arbutin Cleansing Gel Facial Wash Sabun Cuci Muka AHA BHA PHA Kulit Berminyak & Jerawat 120ml,https://shopee.co.id/product/1368540320/28770371035,https://down-id.img.susercontent.com/file/id-11134207-822wo-mnf4fq2l301x75,"[""https://down-id.img.susercontent.com/file/id-11134207-822wo-mnf4fq2l301x75"", ""https://down-id.img.susercontent.com/file/id-11134207-822wq-mndx1ibj53ig1c"", ""https://down-id.img.susercontent.com/file/id-11134207-822wk-mndx1ibj3oy019"", ""https://down-id.img.susercontent.com/file/id-11134207-822wp-mndx1ibj6i2w31"", ""https://down-id.img.susercontent.com/file/id-11134207-822wu-mndx1ibj7wnc82"", ""https://down-id.img.susercontent.com/file/id-11134207-822wg-mndx1ibiy2o832"", ""https://down-id.img.susercontent.com/file/id-11134207-822wu-mndx1ibizh8o97"", ""https://down-id.img.susercontent.com/file/id-11134207-822wu-mndx1ibj0vt401"", ""https://down-id.img.susercontent.com/file/id-11134207-822wt-mndx1ibj2adk31""]","[""OFFICIAL_SHOP""]","[""id-11134258-7r98z-lykpu80ygbvs76""]",FSS+SPayLater_NEW,id-11134258-822wt-mlynmevo9eyr24,False,False,False,1733907038,72900,519999,72900,86,280767464996865,,,,,,10000.0,640.0,4.842669432918395,5784,"[30, 19, 122, 489, 5124]","[""Add-on Deal""]",Cyeecare,5769514.0,100630,"[100630, 100664, 100891]",1694,Ukuran,"[""[New] 1 PCS"", ""[New] 2 PCS"", ""[Promosi] 1 PCS"", ""1 PCS"", ""2 PCS""]"
Shopee,,id,2026-07-01,1368540320,cyeecare-id, Cyeecare Official Store,KAB. TANGERANG,42717296336,Cyeecare Centella Asiatica Soothing Cream Plus Cica + Panthenol Menenangkan Kulit & Memperkuat Skin Barrier,https://shopee.co.id/product/1368540320/42717296336,https://down-id.img.susercontent.com/file/id-11134207-822wk-mne0mxvg4zcy15,"[""https://down-id.img.susercontent.com/file/id-11134207-822wk-mne0mxvg4zcy15""]","[""OFFICIAL_SHOP""]","[""id-11134258-7r98z-lykpu80ygbvs76""]",FSS+SPayLater_NEW,id-11134258-822wt-mlynmevo9eyr24,False,False,False,1756888984,59000,151500,59000,61,288865420333056,,,,,,10000.0,7.0,4.821828615571373,18123,"[97, 50, 490, 1711, 15775]","[""Add-on Deal""]",Cyeecare,5769514.0,100630,"[100630, 100664, 100893]",672,Ukuran,"[""30g*1"", ""2pcs""]"
Shopee,,id,2026-07-01,1368540320,cyeecare-id, Cyeecare Official Store,KAB. TANGERANG,50903219820,Cyeecare Masker Rambut Wangi Masker Rambut untuk Melembutkan dan Menghaluskan Rambut Kusut,https://shopee.co.id/product/1368540320/50903219820,https://down-id.img.susercontent.com/file/id-11134207-8224z-micw8vk8bjlz01,"[""https://down-id.img.susercontent.com/file/id-11134207-8224z-micw8vk8bjlz01"", ""https://down-id.img.susercontent.com/file/id-11134207-8224p-micw8vk8jz0n0d"", ""https://down-id.img.susercontent.com/file/id-11134207-8224t-micw8vk8ldl3e2"", ""https://down-id.img.susercontent.com/file/id-11134207-8224v-micw8vk8h5vrf9"", ""https://down-id.img.susercontent.com/file/id-11134207-8224s-micw8vk8cy6f8a"", ""https://down-id.img.susercontent.com/file/id-11134207-8224x-micw8vk8ecqvd6"", ""https://down-id.img.susercontent.com/file/id-11134207-8224u-micw8vk8ikg7ac"", ""https://down-id.img.susercontent.com/file/id-11134207-8224s-micvu4emeo7b9c"", ""https://down-id.img.susercontent.com/file/id-11134207-822wq-mmqw65qrev4239""]","[""OFFICIAL_SHOP""]","[""id-11134258-7r98z-lykpu80ygbvs76""]",FSS+SPayLater_NEW,id-11134258-822wt-mlynmevo9eyr24,False,False,False,1765965839,66900,338888,66900,80,933253142380544,,,,,,666.0,153.0,4.845864661654136,266,"[0, 3, 6, 20, 237]","[""Add-on Deal""]",Cyeecare,5769514.0,100630,"[100630, 100659, 100871]",278,Types,"[""Upgrade Masker*1"", ""Upgrade Masker *2"", ""Masker*1"", ""Masker *2""]"
Shopee,,id,2026-07-01,1368540320,cyeecare-id, Cyeecare Official Store,KAB. TANGERANG,42804015939,Cyeecare Tone-Up Cream 20g + Peeling Solution Serum Niacinamide Brightening 20g,https://shopee.co.id/product/1368540320/42804015939,https://down-id.img.susercontent.com/file/id-11134207-81zth-mes3586acume8b,"[""https://down-id.img.susercontent.com/file/id-11134207-81zth-mes3586acume8b"", ""https://down-id.img.susercontent.com/file/id-11134207-8224t-mkj6382ryfwnb3"", ""https://down-id.img.susercontent.com/file/id-11134207-82251-mkj6382rvmrr7d"", ""https://down-id.img.susercontent.com/file/id-11134207-82250-mi9lc5qu8pa91d"", ""https://down-id.img.susercontent.com/file/id-11134207-82250-mi9lhrcdh6h029"", ""https://down-id.img.susercontent.com/file/id-11134207-8224y-mkj6382rx1c7eb"", ""https://down-id.img.susercontent.com/file/id-11134207-8224y-mi9lc5qua3up45"", ""https://down-id.img.susercontent.com/file/id-11134207-8224x-mi9lc5qubif5a6""]","[""OFFICIAL_SHOP""]","[""id-11134258-7r98z-lykpu80ygbvs76""]",FSS+SPayLater_NEW,id-11134258-822wt-mlynmevo9eyr24,False,False,False,1749549894,72900,366000,72900,80,933253142380544,,,,,,1000.0,158.0,4.807971014492754,552,"[2, 3, 18, 53, 476]","[""Add-on Deal""]",Cyeecare,5769514.0,100630,"[100630, 100664, 100896]",325,type,"[""set""]"
Shopee,,id,2026-07-01,1368540320,cyeecare-id, Cyeecare Official Store,KAB. TANGERANG,56600897084,Cyeecare Silky Scented Hair Mask Smooth and Oil-controlling 150ml,https://shopee.co.id/product/1368540320/56600897084,https://down-id.img.susercontent.com/file/id-11134207-8224o-mi9lc5r0u39k11,"[""https://down-id.img.susercontent.com/file/id-11134207-8224o-mi9lc5r0u39k11"", ""https://down-id.img.susercontent.com/file/id-11134207-8224t-mgq05gielngu97"", ""https://down-id.img.susercontent.com/file/id-11134207-8224s-mgq05gibr40fc3"", ""https://down-id.img.susercontent.com/file/id-11134207-82251-mgq05gig4fm414"", ""https://down-id.img.susercontent.com/file/id-11134207-8224q-mgq05giek8w9cd"", ""https://down-id.img.susercontent.com/file/id-11134207-82250-mgq05giek8we02"", ""https://down-id.img.susercontent.com/file/id-11134207-82250-mgq05gibppfza1"", ""https://down-id.img.susercontent.com/file/id-11134207-8224t-mgq05gigmozv8b""]","[""OFFICIAL_SHOP""]","[""id-11134258-7r98z-lykpu80ygbvs76""]",FSS+SPayLater_NEW,id-11134258-822wt-mlynmevo9eyr24,False,False,False,1762400753,66900,522998,66900,87,933244862808064,,,,,,10000.0,423.0,4.852311261824023,11206,"[34, 18, 235, 995, 9924]","[""Add-on Deal""]",Cyeecare,5769514.0,100630,"[100630, 100659, 100871]",1271,Types,"[""[Promosi]Masker*1"", ""Masker rambut*1"", ""Masker rambut*2"", ""SET 1"", ""SET 2""]"
Shopee,,id,2026-07-01,1368540320,cyeecare-id, Cyeecare Official Store,KAB. TANGERANG,42168392064,Cyeecare Sabun Cuci Muka Amino Acid Gentle Cleanser - Pembersih Wajah Lembut Mencerahkan Komedo Kulit Berminyak Berjerawat,https://shopee.co.id/product/1368540320/42168392064,https://down-id.img.susercontent.com/file/id-11134207-822wu-mo96r3qkt98mf1,"[""https://down-id.img.susercontent.com/file/id-11134207-822wu-mo96r3qkt98mf1"", ""https://down-id.img.susercontent.com/file/id-11134207-822wk-mo59ub8k8kxs9c"", ""https://down-id.img.susercontent.com/file/id-11134207-822wt-mo96r3qkw2dif2"", ""https://down-id.img.susercontent.com/file/id-11134207-822wg-mo96r3qkunt2df"", ""https://down-id.img.susercontent.com/file/id-11134207-822wt-mo59ub8k9zi8c8"", ""https://down-id.img.susercontent.com/file/id-11134207-822wu-mo59ub8ke77k81"", ""https://down-id.img.susercontent.com/file/id-11134207-822wk-mo59ub8kfls0a3"", ""https://down-id.img.susercontent.com/file/id-11134207-822wj-mo59ub8kh0cg98"", ""https://down-id.img.susercontent.com/file/id-11134207-822wg-mo59ub8kieww88""]","[""OFFICIAL_SHOP""]","[""id-11134258-7r98z-lykpu80ygbvs76""]",FSS+SPayLater_NEW,id-11134258-822wt-mlynmevo9eyr24,False,False,False,1757500516,34900,250000,34900,86,933244862808064,,,,,,1000.0,40.0,4.917355371900826,484,"[0, 1, 2, 33, 448]","[""Add-on Deal""]",Cyeecare,5769514.0,100630,"[100630, 100664, 100891]",337,model,"[""[New]Acid Cleanser"", ""Facial Cleanser"", ""Gel Mask*1""]"
Shopee,,id,2026-07-01,1368540320,cyeecare-id, Cyeecare Official Store,KAB. TANGERANG,43868361582,[NEW]Cyeecare Essence Toner Toner Esensi Pelembap Lembut dengan Witch Hazel 80ml,https://shopee.co.id/product/1368540320/43868361582,https://down-id.img.susercontent.com/file/id-11134207-82251-mi9m0gk9yhvs1e,"[""https://down-id.img.susercontent.com/file/id-11134207-82251-mi9m0gk9yhvs1e"", ""https://down-id.img.susercontent.com/file/id-11134207-81ztg-mfp8oa26liq77a"", ""https://down-id.img.susercontent.com/file/id-11134207-8224x-mg681cfttpmy01"", ""https://down-id.img.susercontent.com/file/id-11134207-82250-mkj8juhok7pib6"", ""https://down-id.img.susercontent.com/file/id-11134207-82251-mg681cftv47e73"", ""https://down-id.img.susercontent.com/file/id-11134207-8224q-mg681cftzbwq53"", ""https://down-id.img.susercontent.com/file/id-11134207-82250-mkj8juhpxdl199"", ""https://down-id.img.susercontent.com/file/id-11134207-8224y-mg681cfu251mb4""]","[""OFFICIAL_SHOP""]","[""id-11134258-7r98z-lykpu80ygbvs76""]",FSS+SPayLater_NEW,id-11134258-822wt-mlynmevo9eyr24,False,False,False,1757492675,27900,1900000,27900,99,933244862808064,,,,,,8000.0,58.0,4.8454784899034244,4556,"[12, 12, 91, 438, 4003]","[""Add-on Deal""]",Cyeecare,5769514.0,100630,"[100630, 100664, 100892]",387,tipe,"[""Essence Toner*5"", ""Essence Toner*3"", ""Tone-Up Cream*1""]"
Shopee,,id,2026-07-01,1368540320,cyeecare-id, Cyeecare Official Store,KAB. TANGERANG,42867294514,Cyeecare 5X Centella Soothing Cream Gel Moisturizer Pelembab Pereda Kemerahan & Skin Barrier 30g,https://shopee.co.id/product/1368540320/42867294514,https://down-id.img.susercontent.com/file/id-11134207-822wp-mnfidzonhwy0db,"[""https://down-id.img.susercontent.com/file/id-11134207-822wp-mnfidzonhwy0db"", ""https://down-id.img.susercontent.com/file/id-11134207-822wn-mnfidzonjbigc5"", ""https://down-id.img.susercontent.com/file/id-11134207-822wl-mnfidzonm4nc5c"", ""https://down-id.img.susercontent.com/file/id-11134207-822wq-mnfidzonkq2wcc"", ""https://down-id.img.susercontent.com/file/id-11134207-822wo-mnfidzonnj7se6"", ""https://down-id.img.susercontent.com/file/id-11134207-822wr-mnfidzonoxs860"", ""https://down-id.img.susercontent.com/file/id-11134207-822wq-mnfidzonqcco3c"", ""https://down-id.img.susercontent.com/file/id-11134207-822wj-mnfidzonrqx44d"", ""https://down-id.img.susercontent.com/file/id-11134207-822wm-mnfidzont5hkb8""]","[""OFFICIAL_SHOP""]","[""id-11134258-7r98z-lykpu80ygbvs76""]",FSS+SPayLater_NEW,id-11134258-822wt-mlynmevo9eyr24,False,False,False,1756888758,59000,465000,59000,87,288865420333056,,,,,,1000.0,,4.886743886743886,777,"[1, 1, 13, 55, 707]","[""Add-on Deal""]",Cyeecare,5769514.0,100630,"[100630, 100664, 100893]",497,Ukuran,"[""Soothing Cream""]"
Shopee,,id,2026-07-01,1368540320,cyeecare-id, Cyeecare Official Store,KAB. TANGERANG,54412798940,[New Launch] Cyeecare 377 Glow Radiance Cream 30g BPOM Krim Pencerah Wajah Pemudar Noda Hitam Flek Bekas Jerawat Niacinamide Tranexamic Acid 8D Hyaluronic Acid Ceramide Korea,https://shopee.co.id/product/1368540320/54412798940,https://down-id.img.susercontent.com/file/id-11134207-822wg-mpw1b01q8u0wfa,"[""https://down-id.img.susercontent.com/file/id-11134207-822wg-mpw1b01q8u0wfa"", ""https://down-id.img.susercontent.com/file/id-11134207-822wo-mpw1b01qd1q8d0"", ""https://down-id.img.susercontent.com/file/id-11134207-822wh-mpw1b01qa8lc4a"", ""https://down-id.img.susercontent.com/file/id-11134207-822wp-mpw1b01qbn5s5f"", ""https://down-id.img.susercontent.com/file/id-11134207-822wo-mpw1b01qegao5a"", ""https://down-id.img.susercontent.com/file/id-11134207-822wq-mpw1b01qfuv4ec"", ""https://down-id.img.susercontent.com/file/id-11134207-822wr-mpw1fjwmvx8rcc"", ""https://down-id.img.susercontent.com/file/id-11134207-822wu-mpw1fjxeh0r38a"", ""https://down-id.img.susercontent.com/file/id-11134207-822wu-mpw1fjxr6xvve3""]","[""OFFICIAL_SHOP""]","[""id-11134258-7r98z-lykpu80ygbvs76""]",FSS+SPayLater_NEW,id-11134258-822wt-mlynmevo9eyr24,False,False,False,1782379625,53900,350000,53900,85,476438017093733,,,,,,,,0.0,0,"[0, 0, 0, 0, 0]","[""Produk Baru""]",Cyeecare,5769514.0,100630,"[100630, 100664, 100893]",1,Ukuran,"[""1 Pcs"", ""[Buy 1 free 1] 2 Pcs""]"
Shopee,,id,2026-07-01,1368540320,cyeecare-id, Cyeecare Official Store,KAB. TANGERANG,57006726660,[KOL Exclusive] Cyeecare AHA BHA PHA LHA Serum 20g + Soothing Cream 30g,https://shopee.co.id/product/1368540320/57006726660,https://down-id.img.susercontent.com/file/id-11134207-822wj-mnnz3pt51csh92,"[""https://down-id.img.susercontent.com/file/id-11134207-822wj-mnnz3pt51csh92"", ""https://down-id.img.susercontent.com/file/id-11134207-822wn-mnfidzonjbigc5"", ""https://down-id.img.susercontent.com/file/id-11134207-822wl-mnfidzonm4nc5c"", ""https://down-id.img.susercontent.com/file/id-11134207-822wq-mnfidzonkq2wcc"", ""https://down-id.img.susercontent.com/file/id-11134207-822wo-mnfidzonnj7se6"", ""https://down-id.img.susercontent.com/file/id-11134207-822wr-mnfidzonoxs860"", ""https://down-id.img.susercontent.com/file/id-11134207-822wq-mnfidzonqcco3c"", ""https://down-id.img.susercontent.com/file/id-11134207-822wj-mnfidzonrqx44d"", ""https://down-id.img.susercontent.com/file/id-11134207-822wm-mnfidzont5hkb8""]","[""OFFICIAL_SHOP""]","[""id-11134258-7r98z-lykpu80ygbvs76""]",FSS+SPayLater_NEW,id-11134258-822wt-mlynmevo9eyr24,False,False,False,1772607947,90000,711000,90000,87,866553264930816,,,,,,38.0,,5.0,15,"[0, 0, 0, 0, 15]","[""Add-on Deal""]",Cyeecare,5769514.0,100630,"[100630, 100665]",33,type,"[""Peeling Serum+Cream""]"
Shopee,,id,2026-07-01,1368540320,cyeecare-id, Cyeecare Official Store,KAB. TANGERANG,43818386633,Cyeecare Tri-Acid Arbutin Cleansing Gel 120ml Brightening & Oil Control Mengontrol Minyak Mencerahkan Kulit,https://shopee.co.id/product/1368540320/43818386633,https://down-id.img.susercontent.com/file/id-11134207-822wm-mnf4fq2l8mbpa6,"[""https://down-id.img.susercontent.com/file/id-11134207-822wm-mnf4fq2l8mbpa6""]","[""OFFICIAL_SHOP""]","[""id-11134258-7r98z-lykpu80ygbvs76""]",FSS+SPayLater_NEW,id-11134258-822wt-mlynmevo9eyr24,False,False,False,1757499761,68900,800000,68900,91,933253142380544,,,,,,10000.0,16.0,4.822234717648004,12449,"[78, 31, 321, 1166, 10853]","[""Add-on Deal""]",Cyeecare,5769514.0,100630,"[100630, 100664, 100891]",599,Ukuran,"[""120ml*1"", ""120ml*2""]"
Shopee,,id,2026-07-01,1368540320,cyeecare-id, Cyeecare Official Store,KAB. TANGERANG,26240939189,Cyeecare 5X Centella Soothing Cream 30g Moisturizer Wajah Pereda Kemerahan Perbaikan Skin Barrier Glowing Halus Ringan BPOM,https://shopee.co.id/product/1368540320/26240939189,https://down-id.img.susercontent.com/file/id-11134207-822ws-mnfhp0csbvgjc5,"[""https://down-id.img.susercontent.com/file/id-11134207-822ws-mnfhp0csbvgjc5"", ""https://down-id.img.susercontent.com/file/id-11134207-822wr-mnfhp0csda0z20"", ""https://down-id.img.susercontent.com/file/id-11134207-822wo-mnfhp0csg35vd8"", ""https://down-id.img.susercontent.com/file/id-11134207-822ws-mnfhp0cseolfdf"", ""https://down-id.img.susercontent.com/file/id-11134207-822wl-mnfhp0cshhqb2f"", ""https://down-id.img.susercontent.com/file/id-11134207-822wl-mnfhp0csiwarb9"", ""https://down-id.img.susercontent.com/file/id-11134207-822wr-mnfhp0cskav7a4"", ""https://down-id.img.susercontent.com/file/id-11134207-822wr-mnfhp0cslpfn92"", ""https://down-id.img.susercontent.com/file/id-11134207-822wn-mnfhp0csn403c1""]","[""OFFICIAL_SHOP""]","[""id-11134258-7r98z-lykpu80ygbvs76""]",FSS+SPayLater_NEW,id-11134258-822wt-mlynmevo9eyr24,False,False,False,1756722956,59000,580000,59000,90,288865420333056,,,,,,10000.0,25.0,4.870117935365293,6529,"[7, 14, 99, 580, 5829]","[""Add-on Deal""]",Cyeecare,5769514.0,100630,"[100630, 100664, 100893]",1590,Jumlah,"[""[New]Soothing Cream"", ""[New]Serum+Cream""]"
Shopee,,id,2026-07-01,1368540320,cyeecare-id, Cyeecare Official Store,KAB. TANGERANG,52762415493,Cyeecare B5 Collagen Repair Serum - Serum Pemulih Skin Barrier Melembapkan 20ml,https://shopee.co.id/product/1368540320/52762415493,https://down-id.img.susercontent.com/file/id-11134207-822wj-mplylqymls7jdb,"[""https://down-id.img.susercontent.com/file/id-11134207-822wj-mplylqymls7jdb"", ""https://down-id.img.susercontent.com/file/id-11134207-822wj-mplylqymn6rz30"", ""https://down-id.img.susercontent.com/file/id-11134207-822ws-mpklld4elwy66d""]","[""OFFICIAL_SHOP""]","[""id-11134258-7r98z-lykpu80ygbvs76""]",FSS+SPayLater_NEW,id-11134258-822wt-mlynmevo9eyr24,False,False,False,1781770383,70800,472000,70800,85,471712986832966,,,,,,,,0.0,0,"[0, 0, 0, 0, 0]","[""Produk Baru""]",Cyeecare,5769514.0,100630,"[100630, 100664, 100896]",1,Ukuran,"[""Serum""]"
Shopee,,id,2026-07-01,1368540320,cyeecare-id, Cyeecare Official Store,KAB. TANGERANG,28934445366,Cyeecare Hair Mask Masker Rambut Keratin Hyaluronic Acid Treatment Melembutkan Meluruskan Rambut Rusak Kering Mengembang 150ml,https://shopee.co.id/product/1368540320/28934445366,https://down-id.img.susercontent.com/file/id-11134207-8224s-mjezy9r1gwzrcf,"[""https://down-id.img.susercontent.com/file/id-11134207-8224s-mjezy9r1gwzrcf"", ""https://down-id.img.susercontent.com/file/id-11134207-8224o-mkj7wdmonx8gb0"", ""https://down-id.img.susercontent.com/file/id-11134207-8224q-mggdh8i7sjd7ca"", ""https://down-id.img.susercontent.com/file/id-11134207-8224r-mggdh8i8dlvu4b"", ""https://down-id.img.susercontent.com/file/sg-11134201-824im-mpduel3fyxak53"", ""https://down-id.img.susercontent.com/file/id-11134207-8224p-mggdh8iasp3j26"", ""https://down-id.img.susercontent.com/file/id-11134207-82251-mggdh8i3nn60d6"", ""https://down-id.img.susercontent.com/file/id-11134207-8224p-mggdh8iad8unda""]","[""OFFICIAL_SHOP""]","[""id-11134258-7r98z-lykpu80ygbvs76""]",FSS+SPayLater_NEW,id-11134258-822wt-mlynmevo9eyr24,False,False,False,1745311760,34900,319999,34900,89,280767464996865,,,,,,10000.0,1000.0,4.77040664484186,36961,"[288, 226, 1250, 4156, 31041]","[""Add-on Deal""]",Cyeecare,5769514.0,100630,"[100630, 100659, 100871]",37639,Ukuran,"[""[Promosi]1 PCS"", ""1 PCS"", ""2 PCS""]"
Shopee,,id,2026-07-01,1368540320,cyeecare-id, Cyeecare Official Store,KAB. TANGERANG,40004031932,"Cyeecare 5PCS Set Skincare Paket Brightening Moisturizer Facial Wash, Toner, Serum, Cream Paket Skincare",https://shopee.co.id/product/1368540320/40004031932,https://down-id.img.susercontent.com/file/id-11134207-822wu-mnfidzo8a3gi51,"[""https://down-id.img.susercontent.com/file/id-11134207-822wu-mnfidzo8a3gi51"", ""https://down-id.img.susercontent.com/file/id-11134207-8224w-mkj6k25tg3r8eb"", ""https://down-id.img.susercontent.com/file/id-11134207-8224t-mkj72wonneh0e8"", ""https://down-id.img.susercontent.com/file/id-11134207-8224p-mkj6k25thibo3f"", ""https://down-id.img.susercontent.com/file/id-11134207-8224w-mkj72won7y88de"", ""https://down-id.img.susercontent.com/file/id-11134207-8224s-mkj72wonot1g81"", ""https://down-id.img.susercontent.com/file/id-11134207-8224y-mkj72won7y84f8""]","[""OFFICIAL_SHOP""]","[""id-11134258-7r98z-lykpu80ygbvs76""]",FSS+SPayLater_NEW,id-11134258-822wt-mlynmevo9eyr24,False,False,False,1749543534,178000,1620000,178000,89,288865420333056,,,,,,4000.0,299.0,4.889107353519465,2543,"[10, 1, 45, 149, 2338]","[""Free Gift""]",Cyeecare,5769514.0,100630,"[100630, 100665]",2111,TYPE,"[""SET 1"", ""SET 2"", ""SET 3""]"
Shopee,,id,2026-07-01,1368540320,cyeecare-id, Cyeecare Official Store,KAB. TANGERANG,27837446231,[PROMO] Cyeecare Intensive Peeling Solution Serum Eksfoliasi Wajah AHA BHA PHA Glass Skin Mencerahkan Anti Komedo Kulit Kusam 20g,https://shopee.co.id/product/1368540320/27837446231,https://down-id.img.susercontent.com/file/id-11134201-8224z-mi9lorok6613a3,"[""https://down-id.img.susercontent.com/file/id-11134201-8224z-mi9lorok6613a3"", ""https://down-id.img.susercontent.com/file/id-11134207-8224o-mil9khku366f4f"", ""https://down-id.img.susercontent.com/file/id-11134207-8224u-mil9khku4kqve1"", ""https://down-id.img.susercontent.com/file/id-11134207-8224u-mkj5jv14qwp21b"", ""https://down-id.img.susercontent.com/file/id-11134207-8224z-mkj5jv14o3k65e"", ""https://down-id.img.susercontent.com/file/id-11134207-8224x-mil9khkttc7b2b"", ""https://down-id.img.susercontent.com/file/id-11134207-82251-mj7wvkkp3gn4c9"", ""https://down-id.img.susercontent.com/file/id-11134207-8224p-mil9khku0d1jfa""]","[""OFFICIAL_SHOP""]","[""id-11134258-7r98z-lykpu80ygbvs76""]",FSS+SPayLater_NEW,id-11134258-822wt-mlynmevo9eyr24,False,False,False,1749547416,88000,607999,88000,86,288865420333056,,,,,,10000.0,1000.0,4.81511563876652,7264,"[45, 18, 209, 691, 6301]","[""Add-on Deal""]",Cyeecare,5769514.0,100630,"[100630, 100664, 100896]",8320,type,"[""[Promosi]20g"", ""20g"", ""40g""]"
Shopee,,id,2026-07-01,1368540320,cyeecare-id, Cyeecare Official Store,KAB. TANGERANG,42804026578,Cyeecare Tone-Up Cream 20g + Niacinamide Peeling Solution Serum 20g,https://shopee.co.id/product/1368540320/42804026578,https://down-id.img.susercontent.com/file/id-11134207-82251-mi9lhrc9ujnld5,"[""https://down-id.img.susercontent.com/file/id-11134207-82251-mi9lhrc9ujnld5"", ""https://down-id.img.susercontent.com/file/id-11134207-8224p-mgzwg1evn4zwf2"", ""https://down-id.img.susercontent.com/file/id-11134207-8224p-mgzwg1evojkc56"", ""https://down-id.img.susercontent.com/file/id-11134207-82250-mi9m0gka6xagd6"", ""https://down-id.img.susercontent.com/file/id-11134207-8224q-mgzwg1evrcp8c0"", ""https://down-id.img.susercontent.com/file/id-11134201-82250-mkj66j9orbpkf8"", ""https://down-id.img.susercontent.com/file/id-11134207-8224s-mgzwg1evu5u4e8"", ""https://down-id.img.susercontent.com/file/id-11134207-8224y-mgzwg1evwyz070""]","[""OFFICIAL_SHOP""]","[""id-11134258-7r98z-lykpu80ygbvs76""]",FSS+SPayLater_NEW,id-11134258-822wt-mlynmevo9eyr24,False,False,False,1749551328,72900,366000,72900,80,933253142380544,,,,,,7000.0,659.0,4.82652765710976,3453,"[9, 14, 97, 327, 3006]","[""Add-on Deal""]",Cyeecare,5769514.0,100630,"[100630, 100664, 100896]",1873,type,"[""set""]"
Shopee,,id,2026-07-01,1368540320,cyeecare-id, Cyeecare Official Store,KAB. TANGERANG,50900285453,Cyeecare Ginger Hair Care Serum 20g,https://shopee.co.id/product/1368540320/50900285453,https://down-id.img.susercontent.com/file/id-11134207-8224t-mgd5omb8zxft95,"[""https://down-id.img.susercontent.com/file/id-11134207-8224t-mgd5omb8zxft95"", ""https://down-id.img.susercontent.com/file/id-11134207-8224z-mgd5ombi8u1b35"", ""https://down-id.img.susercontent.com/file/id-11134207-82250-mgd5omb86finc3"", ""https://down-id.img.susercontent.com/file/id-11134207-8224u-mgd5ombp9o9810"", ""https://down-id.img.susercontent.com/file/id-11134207-8224r-mgd5ombi7fgv26"", ""https://down-id.img.susercontent.com/file/id-11134207-8224q-mgd5ombjj6ryf3"", ""https://down-id.img.susercontent.com/file/id-11134207-8224p-mgd5ombjklcef1"", ""https://down-id.img.susercontent.com/file/id-11134207-82252-mgd5ombmcbnva0""]","[""OFFICIAL_SHOP""]","[""id-11134258-7r98z-lykpu80ygbvs76""]",FSS+SPayLater_NEW,id-11134258-822wt-mlynmevo9eyr24,False,False,False,1761624534,38000,399999,38000,90,288865420333056,,,,,,10000.0,1000.0,4.854203708407417,11811,"[22, 16, 188, 1210, 10375]","[""Add-on Deal""]",Cyeecare,5769514.0,100630,"[100630, 100659, 100871]",18072,type,"[""1pcs"", ""2pcs"", ""3pcs"", ""5pcs"", ""HairCare Set""]"
Shopee,,id,2026-07-01,1368540320,cyeecare-id, Cyeecare Official Store,KAB. TANGERANG,43131681384,Cyeecare Ginger Serum Rambut 20g - Anti Rontok Penumbuh Rambut Menguatkan Akar & Menambah Volume,https://shopee.co.id/product/1368540320/43131681384,https://down-id.img.susercontent.com/file/id-11134207-822wt-mpevdbyu90cvb9,"[""https://down-id.img.susercontent.com/file/id-11134207-822wt-mpevdbyu90cvb9"", ""https://down-id.img.susercontent.com/file/id-11134207-822wg-mpevbqruu58rf8"", ""https://down-id.img.susercontent.com/file/id-11134207-822wo-mpevbqruvjt796"", ""https://down-id.img.susercontent.com/file/id-11134207-822wr-mpevbqruwydn0c"", ""https://down-id.img.susercontent.com/file/id-11134207-822ws-mpevbqruycy3cb"", ""https://down-id.img.susercontent.com/file/id-11134207-822wu-mpevdbyll6a3a5"", ""https://down-id.img.susercontent.com/file/id-11134207-822wk-mpevdbyu677z6d"", ""https://down-id.img.susercontent.com/file/id-11134207-822wm-mpevdbyu7lsff6""]","[""OFFICIAL_SHOP""]","[""id-11134258-7r98z-lykpu80ygbvs76""]",FSS+SPayLater_NEW,id-11134258-822wt-mlynmevo9eyr24,False,False,False,1781339961,38000,390000,38000,90,288865420333056,,,,,,1000.0,1000.0,4.891632373113855,729,"[0, 0, 9, 61, 659]","[""Produk Baru"", ""Add-on Deal""]",Cyeecare,5769514.0,100630,"[100630, 100659, 100871]",603,type,"[""1pcs"", ""2pcs"", ""3pcs"", ""5pcs"", ""HairCare Set""]"
Shopee,,id,2026-07-01,1368540320,cyeecare-id, Cyeecare Official Store,KAB. TANGERANG,41729019069,Cyeecare Paket Skincare 5PCS Mencerahkan Melembapkan Kulit Sensitif Asia,https://shopee.co.id/product/1368540320/41729019069,https://down-id.img.susercontent.com/file/id-11134207-822wl-mnfliiol9l3a8c,"[""https://down-id.img.susercontent.com/file/id-11134207-822wl-mnfliiol9l3a8c"", ""https://down-id.img.susercontent.com/file/id-11134207-822wt-mlen0u6xygaqed"", ""https://down-id.img.susercontent.com/file/id-11134207-822wl-mlen0u6xzuv6a8"", ""https://down-id.img.susercontent.com/file/id-11134207-822wq-mlena9ojgb9cf2"", ""https://down-id.img.susercontent.com/file/id-11134207-822wq-mlena9ojewow8d"", ""https://down-id.img.susercontent.com/file/id-11134207-822wi-mlen0u6y19fmb4"", ""https://down-id.img.susercontent.com/file/id-11134207-822wt-mlen0u6y2o02c8"", ""https://down-id.img.susercontent.com/file/id-11134207-822wq-mlen0u6y42ki5e""]","[""OFFICIAL_SHOP""]","[""id-11134258-7r98z-lykpu80ygbvs76""]",FSS+SPayLater_NEW,id-11134258-822wt-mlynmevo9eyr24,False,False,False,1772609049,178000,1590000,178000,89,288865420333056,,,,,,540.0,63.0,4.874125874125874,286,"[2, 0, 3, 22, 259]","[""Free Gift""]",Cyeecare,5769514.0,100630,"[100630, 100665]",211,TYPE,"[""SET 1"", ""SET 2"", ""SET 3""]"
Shopee,,id,2026-07-01,1368540320,cyeecare-id, Cyeecare Official Store,KAB. TANGERANG,42004003284,Cyeecare Peeling Solution Serum 20g + Tone-Up Cream 20g,https://shopee.co.id/product/1368540320/42004003284,https://down-id.img.susercontent.com/file/id-11134207-7ra0q-mb7qz8p7prbtbb,"[""https://down-id.img.susercontent.com/file/id-11134207-7ra0q-mb7qz8p7prbtbb"", ""https://down-id.img.susercontent.com/file/id-11134207-8224v-mkj6382s2nlz99"", ""https://down-id.img.susercontent.com/file/id-11134207-8224p-mkj6382rzuh31f"", ""https://down-id.img.susercontent.com/file/id-11134207-8224v-mgzw8bzrdx575b"", ""https://down-id.img.susercontent.com/file/id-11134207-82250-mgzw8bzrfbpnb2"", ""https://down-id.img.susercontent.com/file/id-11134207-8224u-mkj6382s191j1b"", ""https://down-id.img.susercontent.com/file/id-11134207-8224w-mgzw8bzri4ujed"", ""https://down-id.img.susercontent.com/file/id-11134207-8224y-mgzw8bzrjjezc1""]","[""OFFICIAL_SHOP""]","[""id-11134258-7r98z-lykpu80ygbvs76""]",FSS+SPayLater_NEW,id-11134258-822wt-mlynmevo9eyr24,False,False,False,1749545821,72900,488000,72900,85,933253142380544,,,,,,1000.0,110.0,4.79873417721519,790,"[4, 2, 23, 91, 670]","[""Add-on Deal""]",Cyeecare,5769514.0,100630,"[100630, 100664, 100896]",469,type,"[""set""]"
Shopee,,id,2026-07-01,1368540320,cyeecare-id, Cyeecare Official Store,KAB. TANGERANG,40868766467,Cyeecare Set Eksfoliasi Aman: Peeling Serum 20g + Centella Cream 30g (Perbaiki Skin Barrier),https://shopee.co.id/product/1368540320/40868766467,https://down-id.img.susercontent.com/file/id-11134207-822wq-mokuhjovauiqa2,"[""https://down-id.img.susercontent.com/file/id-11134207-822wq-mokuhjovauiqa2"", ""https://down-id.img.susercontent.com/file/id-11134207-8224s-mil8rvo1r5z428"", ""https://down-id.img.susercontent.com/file/id-11134207-8224w-micjzxg5nmrq13"", ""https://down-id.img.susercontent.com/file/id-11134207-8224z-mkj5jv14ihae69"", ""https://down-id.img.susercontent.com/file/id-11134207-8224w-mkj5jv14jvuu6e"", ""https://down-id.img.susercontent.com/file/id-11134207-8224r-micvu4ec1153ca"", ""https://down-id.img.susercontent.com/file/id-11134207-8224t-mj7wvkkp0ni8f6"", ""https://down-id.img.susercontent.com/file/id-11134207-82250-micvu4emlp1c73""]","[""OFFICIAL_SHOP""]","[""id-11134258-7r98z-lykpu80ygbvs76""]",FSS+SPayLater_NEW,id-11134258-822wt-mlynmevo9eyr24,False,False,False,1757730389,90000,645000,90000,86,288865420333056,,,,,,4000.0,146.0,4.816132264529058,1996,"[16, 13, 49, 166, 1752]","[""Add-on Deal""]",Cyeecare,5769514.0,100630,"[100630, 100665]",1456,Ukuran,"[""Set"", ""Set 2"", ""Peel"", ""Peel*2""]"
Shopee,,id,2026-07-01,1368540320,cyeecare-id, Cyeecare Official Store,KAB. TANGERANG,49162304776,[New Launch] Cyeecare Paket 4 Langkah Brightening Cleansing Gel Toner Serum Cream Skincare Set Pencerah Eksfoliasi Arbutin AHA BHA Niacinamide Kulit Cerah Mulus,https://shopee.co.id/product/1368540320/49162304776,https://down-id.img.susercontent.com/file/id-11134207-822wp-mpklld4ekidq03,"[""https://down-id.img.susercontent.com/file/id-11134207-822wp-mpklld4ekidq03"", ""https://down-id.img.susercontent.com/file/id-11134207-822wk-mpklld4ngrv135"", ""https://down-id.img.susercontent.com/file/id-11134207-822ws-mpklld4elwy66d"", ""https://down-id.img.susercontent.com/file/id-11134207-822wh-mpklld4enbimef"", ""https://down-id.img.susercontent.com/file/id-11134207-822wo-mpklld4eoq329c"", ""https://down-id.img.susercontent.com/file/id-11134207-822wr-mpt9vstbib640c"", ""https://down-id.img.susercontent.com/file/id-11134207-822wm-mpklld4erj7y4a"", ""https://down-id.img.susercontent.com/file/id-11134207-822wq-mpklld4esxsedb"", ""https://down-id.img.susercontent.com/file/id-11134207-822wk-mpj0po4qhddsa0""]","[""OFFICIAL_SHOP""]","[""id-11134258-7r98z-lykpu80ygbvs76""]",FSS+SPayLater_NEW,id-11134258-822wt-mlynmevo9eyr24,False,False,False,1781591029,146900,1390000,146900,89,933244862808064,,,,,,31.0,23.0,4.818181818181818,11,"[0, 0, 0, 2, 9]","[""Produk Baru"", ""Free Gift""]",Cyeecare,5769514.0,100630,"[100630, 100665]",27,Jumlah,"[""Set 1"", ""Set 2""]"
Shopee,,id,2026-07-01,1368540320,cyeecare-id, Cyeecare Official Store,KAB. TANGERANG,56810310860,Cyeecare Ginger Hair Care Serum 20g - Penumbuh Rambut Anti Rontok Perkuat Akar & Volume,https://shopee.co.id/product/1368540320/56810310860,https://down-id.img.susercontent.com/file/id-11134207-822wk-mo3vqh6ugikhdd,"[""https://down-id.img.susercontent.com/file/id-11134207-822wk-mo3vqh6ugikhdd"", ""https://down-id.img.susercontent.com/file/id-11134207-822wg-mo3vqh6uhx4x76"", ""https://down-id.img.susercontent.com/file/id-11134207-822wt-mo3vqh6t4r9ca0"", ""https://down-id.img.susercontent.com/file/id-11134207-822wu-mo3vqh6wre2rf1"", ""https://down-id.img.susercontent.com/file/id-11134207-822wq-mo3vqh6smhvs94"", ""https://down-id.img.susercontent.com/file/id-11134207-822wk-mo3vqh6u12bq1e"", ""https://down-id.img.susercontent.com/file/id-11134207-822wn-mo3vqh7046x1e3"", ""https://down-id.img.susercontent.com/file/id-11134207-822wo-mo3vqh70701xb8""]","[""OFFICIAL_SHOP""]","[""id-11134258-7r98z-lykpu80ygbvs76""]",FSS+SPayLater_NEW,id-11134258-822wt-mlynmevo9eyr24,False,False,False,1778495363,38000,399999,38000,90,288865420333056,,,,,,10000.0,1000.0,4.8557545731707314,5256,"[8, 6, 88, 531, 4623]","[""Add-on Deal""]",Cyeecare,5769514.0,100630,"[100630, 100659, 100871]",9531,type,"[""1pcs"", ""2pcs"", ""3pcs"", ""5pcs"", ""HairCare Set""]"
Shopee,,id,2026-07-01,1368540320,cyeecare-id, Cyeecare Official Store,KAB. TANGERANG,42704015546,Cyeecare Peeling Solution Serum 20g + Facial Foam Gentle Purifying Amino Acid & Salicylic Acid Facial Cleanser,https://shopee.co.id/product/1368540320/42704015546,https://down-id.img.susercontent.com/file/id-11134207-8224t-mi9m0gkacjk6d9,"[""https://down-id.img.susercontent.com/file/id-11134207-8224t-mi9m0gkacjk6d9"", ""https://down-id.img.susercontent.com/file/id-11134207-8224x-mgzwg1evydjg92"", ""https://down-id.img.susercontent.com/file/id-11134207-82250-mkj72wonyn0kbf"", ""https://down-id.img.susercontent.com/file/id-11134207-8224x-mgq5iknqo3yh17"", ""https://down-id.img.susercontent.com/file/id-11134207-82251-mkj72wonx8g433"", ""https://down-id.img.susercontent.com/file/id-11134207-8224r-mgzwg1evzs3w9d"", ""https://down-id.img.susercontent.com/file/id-11134207-82251-mgq5iknqtq8948"", ""https://down-id.img.susercontent.com/file/id-11134207-8224t-mgq5iknqmpe171""]","[""OFFICIAL_SHOP""]","[""id-11134258-7r98z-lykpu80ygbvs76""]",FSS+SPayLater_NEW,id-11134258-822wt-mlynmevo9eyr24,False,False,False,1749549439,105000,355000,105000,70,288865420333056,,,,,,544.0,74.0,4.818518518518519,270,"[2, 0, 10, 21, 237]","[""Add-on Deal""]",Cyeecare,5769514.0,100630,"[100630, 100664, 100896]",177,type,"[""set""]"
Shopee,,id,2026-07-01,1368540320,cyeecare-id, Cyeecare Official Store,KAB. TANGERANG,48759375946,Cyeecare Hydrating Gelly Mask Menghidrasi dan Mencerahkan Wajah,https://shopee.co.id/product/1368540320/48759375946,https://down-id.img.susercontent.com/file/id-11134207-822wk-mndz8g4gk8ht86,"[""https://down-id.img.susercontent.com/file/id-11134207-822wk-mndz8g4gk8ht86"", ""https://down-id.img.susercontent.com/file/id-11134207-822wl-mndz8g4gln29c8"", ""https://down-id.img.susercontent.com/file/id-11134207-822wr-mndz8g4gog7503"", ""https://down-id.img.susercontent.com/file/id-11134207-822wl-mndz8g4gr9c10c"", ""https://down-id.img.susercontent.com/file/id-11134207-822wj-mndz8g4gpurl9e"", ""https://down-id.img.susercontent.com/file/id-11134207-822wg-mndz8g4gn1mp7a"", ""https://down-id.img.susercontent.com/file/id-11134207-822wm-mndz8g4gsnwh6f"", ""https://down-id.img.susercontent.com/file/id-11134207-822wk-mndz8g4gu2gx20"", ""https://down-id.img.susercontent.com/file/id-11134207-822wu-mndz8g4gvh1d04""]","[""OFFICIAL_SHOP""]","[""id-11134258-7r98z-lykpu80ygbvs76""]",FSS+SPayLater_NEW,id-11134258-822wt-mlynmevo9eyr24,False,False,False,1776927815,89000,700000,89000,87,881133034717184,,,,,,28.0,12.0,4.714285714285714,14,"[0, 0, 1, 2, 11]","[""Add-on Deal""]",Cyeecare,5769514.0,100630,"[100630, 100664, 100898]",17,model,"[""Gel Mask*20"", ""Gel Mask*10""]"
Shopee,,id,2026-07-01,1368540320,cyeecare-id, Cyeecare Official Store,KAB. TANGERANG,56611001254,[[KOL Exclusive]]Cyeecare Skincare Routine Paket 5 Pcs: Brightening & Melembapkan Kulit Sensitif,https://shopee.co.id/product/1368540320/56611001254,https://down-id.img.susercontent.com/file/id-11134207-822ws-mo2j35qcqbd0d6,"[""https://down-id.img.susercontent.com/file/id-11134207-822ws-mo2j35qcqbd0d6"", ""https://down-id.img.susercontent.com/file/id-11134207-822wo-mokuhjooqv400b"", ""https://down-id.img.susercontent.com/file/id-11134207-822wl-mokuhjossy6n34"", ""https://down-id.img.susercontent.com/file/id-11134207-822wi-mokuhjonjbim2b"", ""https://down-id.img.susercontent.com/file/id-11134207-822wl-mokuhjouejgr7c"", ""https://down-id.img.susercontent.com/file/id-11134207-822wh-mokuhjon9hjg43"", ""https://down-id.img.susercontent.com/file/id-11134207-822wr-mokuhjon82z010"", ""https://down-id.img.susercontent.com/file/id-11134207-822wh-mokuhjov588yac""]","[""OFFICIAL_SHOP""]","[""id-11134258-7r98z-lykpu80ygbvs76""]",FSS+SPayLater_NEW,id-11134258-822wt-mlynmevo9eyr24,False,False,False,1779522100,189000,1682000,189000,89,866553264930816,,,,,,2.0,2.0,5.0,2,"[0, 0, 0, 0, 2]","[""Free Gift""]",Cyeecare,5769514.0,100630,"[100630, 100665]",7,TYPE,"[""5PCS SET""]"
Shopee,,id,2026-07-01,1368540320,cyeecare-id, Cyeecare Official Store,KAB. TANGERANG,51712602574,[New Launch] Cyeecare Paket 2 Langkah Exfo Glow Serum Cream Skincare Set Eksfoliasi Pencerah AHA BHA PHA Niacinamide Kulit Mulus Glowing,https://shopee.co.id/product/1368540320/51712602574,https://down-id.img.susercontent.com/file/id-11134207-822wh-mprsxc2i20b1d6,"[""https://down-id.img.susercontent.com/file/id-11134207-822wh-mprsxc2i20b1d6"", ""https://down-id.img.susercontent.com/file/id-11134207-822wu-mprsxc2kfoxt4b"", ""https://down-id.img.susercontent.com/file/id-11134207-822wh-mprsxc2kh3i975"", ""https://down-id.img.susercontent.com/file/id-11134207-822wh-mprsxc2kjwn5a9"", ""https://down-id.img.susercontent.com/file/id-11134207-822wo-mpt9vstbgwlo5f"", ""https://down-id.img.susercontent.com/file/id-11134207-822wk-mprsxc2klb7l89"", ""https://down-id.img.susercontent.com/file/id-11134207-822wg-mprsxc2kmps1d1"", ""https://down-id.img.susercontent.com/file/id-11134207-822wq-mprsxc2kpiwx99"", ""https://down-id.img.susercontent.com/file/id-11134207-822wn-mprsxc2ko4ch2f""]","[""OFFICIAL_SHOP""]","[""id-11134258-7r98z-lykpu80ygbvs76""]",FSS+SPayLater_NEW,id-11134258-822wt-mlynmevo9eyr24,False,False,False,1782123136,83000,580000,83000,86,881133034717184,,,,,,,,0.0,0,"[0, 0, 0, 0, 0]","[""Produk Baru""]",Cyeecare,5769514.0,100630,"[100630, 100665]",4,Jumlah,"[""[New]Set""]"
Shopee,,id,2026-07-01,1368540320,cyeecare-id, Cyeecare Official Store,KAB. TANGERANG,46662299954,[New Launch] Cyeecare Paket 3 Langkah Exfo Glow Cleanser Serum Cream Skincare Set Eksfoliasi Pencerah AHA BHA PHA Niacinamide Kulit Mulus Glowing,https://shopee.co.id/product/1368540320/46662299954,https://down-id.img.susercontent.com/file/id-11134207-822wu-mpklfsmcqhos2d,"[""https://down-id.img.susercontent.com/file/id-11134207-822wu-mpklfsmcqhos2d"", ""https://down-id.img.susercontent.com/file/id-11134207-822wn-mpklfsmcrw9885"", ""https://down-id.img.susercontent.com/file/id-11134207-822wh-mpklfsmctatoc5"", ""https://down-id.img.susercontent.com/file/id-11134207-822wu-mpklfsmcupe4b2"", ""https://down-id.img.susercontent.com/file/id-11134207-822wm-mpklfsmcw3yk38"", ""https://down-id.img.susercontent.com/file/id-11134207-822wo-mpt9vstbjpqk04"", ""https://down-id.img.susercontent.com/file/id-11134207-822wu-mpklfsmcyx3gda"", ""https://down-id.img.susercontent.com/file/id-11134207-822wm-mpklfsmd0bnwa1"", ""https://down-id.img.susercontent.com/file/id-11134207-822wm-mpitybx9730r1b""]","[""OFFICIAL_SHOP""]","[""id-11134258-7r98z-lykpu80ygbvs76""]",FSS+SPayLater_NEW,id-11134258-822wt-mlynmevo9eyr24,False,False,False,1781580343,108900,1090000,108900,90,933244862808064,,,,,,150.0,140.0,4.945205479452055,73,"[0, 0, 1, 2, 70]","[""Produk Baru"", ""Free Gift""]",Cyeecare,5769514.0,100630,"[100630, 100665]",45,Jumlah,"[""Set 1"", ""Set 2""]"
Shopee,,id,2026-07-01,1368540320,cyeecare-id, Cyeecare Official Store,KAB. TANGERANG,40381755746,[New Launch] Cyeecare Paket 5 Langkah Exfo Hydra Glow Cleanser Toner Serum Cream Skincare Set Lengkap Eksfoliasi Pencerah AHA BHA PHA Niacinamide Kulit Mulus Glowing,https://shopee.co.id/product/1368540320/40381755746,https://down-id.img.susercontent.com/file/id-11134207-822wh-mpkh8swahjpq47,"[""https://down-id.img.susercontent.com/file/id-11134207-822wh-mpkh8swahjpq47"", ""https://down-id.img.susercontent.com/file/id-11134207-822ws-mpkh8swaiya614"", ""https://down-id.img.susercontent.com/file/id-11134207-822wp-mpkh8swakcum4e"", ""https://down-id.img.susercontent.com/file/id-11134207-822wq-mpkh8swan5ziae"", ""https://down-id.img.susercontent.com/file/id-11134207-822wo-mpkh8swapz4e04"", ""https://down-id.img.susercontent.com/file/id-11134207-822wh-mpt9vstbl4b0e4"", ""https://down-id.img.susercontent.com/file/id-11134207-822wi-mpkh8swalrf259"", ""https://down-id.img.susercontent.com/file/id-11134207-822wp-mpkh8swardou61"", ""https://down-id.img.susercontent.com/file/id-11134207-822wr-mpkh8swass9a9e""]","[""OFFICIAL_SHOP""]","[""id-11134258-7r98z-lykpu80ygbvs76""]",FSS+SPayLater_NEW,id-11134258-822wt-mlynmevo9eyr24,False,False,False,1781590585,177900,1590000,177900,89,933244862808064,,,,,,145.0,126.0,4.879310344827586,58,"[0, 0, 0, 7, 51]","[""Produk Baru"", ""Free Gift""]",Cyeecare,5769514.0,100630,"[100630, 100665]",45,Jumlah,"[""Set 1"", ""Set 2""]"
Shopee,,id,2026-07-01,1368540320,cyeecare-id, Cyeecare Official Store,KAB. TANGERANG,29141311734,Cyeecare Paket Skincare 3 Pcs Glowing Kit Dark Spot Face Wash + Serum + Moisturizer,https://shopee.co.id/product/1368540320/29141311734,https://down-id.img.susercontent.com/file/id-11134207-822wm-mo0jjpk8p2bn2f,"[""https://down-id.img.susercontent.com/file/id-11134207-822wm-mo0jjpk8p2bn2f"", ""https://down-id.img.susercontent.com/file/id-11134207-822wg-mnflgth2tlhc9c"", ""https://down-id.img.susercontent.com/file/id-11134207-822wm-mnflgth2v01scf"", ""https://down-id.img.susercontent.com/file/id-11134207-822wm-mnflgth2wem847"", ""https://down-id.img.susercontent.com/file/id-11134207-822wt-mnflgth2xt6o49"", ""https://down-id.img.susercontent.com/file/id-11134207-822wu-mnflgth2z7r45d"", ""https://down-id.img.susercontent.com/file/id-11134207-822wr-mnflgth30mbk5e"", ""https://down-id.img.susercontent.com/file/id-11134207-822wu-mnf59wi8jz0jf7"", ""https://down-id.img.susercontent.com/file/id-11134207-822wm-mnfidzont5hkb8""]","[""OFFICIAL_SHOP""]","[""id-11134258-7r98z-lykpu80ygbvs76""]",FSS+SPayLater_NEW,id-11134258-822wt-mlynmevo9eyr24,False,False,False,1757398883,109000,1090000,109000,90,288865420333056,,,,,,3000.0,89.0,4.878107944208612,1649,"[5, 2, 26, 123, 1493]","[""Free Gift""]",Cyeecare,5769514.0,100630,"[100630, 100665]",844,type,"[""Set 1"", ""Set 2"", ""Set 3"", ""Set 4""]"
Shopee,,id,2026-07-01,1368540320,cyeecare-id, Cyeecare Official Store,KAB. TANGERANG,57860156397,Cyeecare Set 3in1 Perawatan Kulit Cerah Tenang AHA BHA Cleanser + Arbutin Serum + Centella Cream Glowing,https://shopee.co.id/product/1368540320/57860156397,https://down-id.img.susercontent.com/file/id-11134207-822wj-mnzfwimh1kozad,"[""https://down-id.img.susercontent.com/file/id-11134207-822wj-mnzfwimh1kozad""]","[""OFFICIAL_SHOP""]","[""id-11134258-7r98z-lykpu80ygbvs76""]",FSS+SPayLater_NEW,id-11134258-822wt-mlynmevo9eyr24,False,False,False,1778226473,1135000,1135000,1135000,,0,,,,,,1.0,,4.0,1,"[0, 0, 0, 1, 0]","[""Add-on Deal""]",Cyeecare,5769514.0,100630,"[100630, 100665]",3,Ukuran,"[""Set""]"
Shopee,,id,2026-07-01,1368540320,cyeecare-id, Cyeecare Official Store,KAB. TANGERANG,40280804783,Cyeecare Paket Perawatan Duo Eksfoliasi Mencerahkan Kulit Kusam & Glowing AHA Serum Cleanser,https://shopee.co.id/product/1368540320/40280804783,https://down-id.img.susercontent.com/file/id-11134207-822wu-mo59ub8jxceaad,"[""https://down-id.img.susercontent.com/file/id-11134207-822wu-mo59ub8jxceaad"", ""https://down-id.img.susercontent.com/file/id-11134207-822wk-mo59ub8k8kxs9c"", ""https://down-id.img.susercontent.com/file/id-11134207-822wg-mo59ub8kbe2o73"", ""https://down-id.img.susercontent.com/file/id-11134207-822wp-mo59ub8kcsn4e9"", ""https://down-id.img.susercontent.com/file/id-11134207-822wt-mo59ub8k9zi8c8"", ""https://down-id.img.susercontent.com/file/id-11134207-822wu-mo59ub8ke77k81"", ""https://down-id.img.susercontent.com/file/id-11134207-822wk-mo59ub8kfls0a3"", ""https://down-id.img.susercontent.com/file/id-11134207-822wj-mo59ub8kh0cg98"", ""https://down-id.img.susercontent.com/file/id-11134207-822wg-mo59ub8kieww88""]","[""OFFICIAL_SHOP""]","[""id-11134258-7r98z-lykpu80ygbvs76""]",FSS+SPayLater_NEW,id-11134258-822wt-mlynmevo9eyr24,False,False,False,1778579694,69000,420000,69000,84,930327363682304,,,,,,900.0,862.0,4.927536231884058,207,"[1, 0, 0, 11, 195]","[""Add-on Deal""]",Cyeecare,5769514.0,100630,"[100630, 100665]",255,Ukuran,"[""2 PCS"", ""[New]Cleanser""]"
Shopee,,id,2026-07-01,1368540320,cyeecare-id, Cyeecare Official Store,KAB. TANGERANG,51256726650,[KOL Exclusive] Cyeecare 3pcs Skincare Moisturizer Serum Cleanser Glowing Kit Mengurangi Dark Spot,https://shopee.co.id/product/1368540320/51256726650,https://down-id.img.susercontent.com/file/id-11134207-822wm-mnfhp0csoikj9b,"[""https://down-id.img.susercontent.com/file/id-11134207-822wm-mnfhp0csoikj9b"", ""https://down-id.img.susercontent.com/file/id-11134207-822wt-mlem1mtx1gqo76"", ""https://down-id.img.susercontent.com/file/id-11134207-822wo-mlem1mtx730g4a"", ""https://down-id.img.susercontent.com/file/id-11134207-822wg-mlem1mtx2vb433"", ""https://down-id.img.susercontent.com/file/id-11134207-822wi-mlem1mtx5og07b"", ""https://down-id.img.susercontent.com/file/id-11134207-822wr-mlem1mtx8hkwbe"", ""https://down-id.img.susercontent.com/file/id-11134207-822wg-mnfkbee3byth1a"", ""https://down-id.img.susercontent.com/file/id-11134207-8224y-mkj72won7y84f8""]","[""OFFICIAL_SHOP""]","[""id-11134258-7r98z-lykpu80ygbvs76""]",FSS+SPayLater_NEW,id-11134258-822wt-mlynmevo9eyr24,False,False,False,1772607561,123000,1110000,123000,89,866553264930816,,,,,,66.0,4.0,4.885714285714286,35,"[0, 0, 1, 2, 32]","[""Free Gift""]",Cyeecare,5769514.0,100630,"[100630, 100665]",89,type,"[""Cleanser+Serum+Cream""]"
Shopee,,id,2026-07-01,1368540320,cyeecare-id, Cyeecare Official Store,KAB. TANGERANG,52912412561,Cyeecare Tea Tree Anti-Acne Serum - Serum Jerawat Mengontrol Minyak 20ml,https://shopee.co.id/product/1368540320/52912412561,https://down-id.img.susercontent.com/file/id-11134207-822wj-mplylqymls7jdb,"[""https://down-id.img.susercontent.com/file/id-11134207-822wj-mplylqymls7jdb"", ""https://down-id.img.susercontent.com/file/id-11134207-822wj-mplylqymn6rz30"", ""https://down-id.img.susercontent.com/file/id-11134207-822ws-mpklld4elwy66d""]","[""OFFICIAL_SHOP""]","[""id-11134258-7r98z-lykpu80ygbvs76""]",FSS+SPayLater_NEW,id-11134258-822wt-mlynmevo9eyr24,False,False,False,1781770554,65550,437000,65550,85,471712986832966,,,,,,,,0.0,0,"[0, 0, 0, 0, 0]","[""Produk Baru""]",Cyeecare,5769514.0,100630,"[100630, 100663, 100885, 101649]",0,Ukuran,"[""Serum""]"
Shopee,,id,2026-07-01,1368540320,cyeecare-id, Cyeecare Official Store,KAB. TANGERANG,54059337526,Cyeecare TRI-ACID ARBUTIN Sabun Cuci Muka Gel 120ml Brightening Oil Control Bebas Kilap Cerah Merata,https://shopee.co.id/product/1368540320/54059337526,https://down-id.img.susercontent.com/file/id-11134207-822wu-mndx1ib98b9caf,"[""https://down-id.img.susercontent.com/file/id-11134207-822wu-mndx1ib98b9caf""]","[""OFFICIAL_SHOP""]","[""id-11134258-7r98z-lykpu80ygbvs76""]",FSS+SPayLater_NEW,id-11134258-822wt-mlynmevo9eyr24,False,False,False,1776912380,68900,580000,68900,88,931791142240256,,,,,,33.0,14.0,4.863636363636363,22,"[0, 0, 0, 3, 19]","[""Add-on Deal""]",Cyeecare,5769514.0,100630,"[100630, 100664, 100891]",42,Ukuran,"[""120ml*1"", ""120ml*2""]"
Shopee,,id,2026-07-01,1368540320,cyeecare-id, Cyeecare Official Store,KAB. TANGERANG,46300762080,Cyeecare Salicylic Acid Facial Cleanser Face Wash 70g &Tone Up Cream 20g,https://shopee.co.id/product/1368540320/46300762080,https://down-id.img.susercontent.com/file/id-11134207-8224s-mgm3h9te874a97,"[""https://down-id.img.susercontent.com/file/id-11134207-8224s-mgm3h9te874a97"", ""https://down-id.img.susercontent.com/file/id-11134207-82250-mgm42b2tk4coda"", ""https://down-id.img.susercontent.com/file/id-11134207-82250-mkj72wonyn0kbf"", ""https://down-id.img.susercontent.com/file/id-11134207-8224z-mgm3h9tecetm3e"", ""https://down-id.img.susercontent.com/file/id-11134207-8224v-mgm3h9tef7yi77"", ""https://down-id.img.susercontent.com/file/id-11134207-8224o-mkj72woo01l06d"", ""https://down-id.img.susercontent.com/file/id-11134207-82251-mgq5iknqtq8948"", ""https://down-id.img.susercontent.com/file/id-11134207-8224o-mgm3h9te9loqb2""]","[""OFFICIAL_SHOP""]","[""id-11134258-7r98z-lykpu80ygbvs76""]",FSS+SPayLater_NEW,id-11134258-822wt-mlynmevo9eyr24,False,False,False,1762165135,81900,1182888,81900,93,931791142240256,,,,,,131.0,20.0,4.886075949367089,79,"[0, 0, 0, 9, 70]","[""Add-on Deal""]",Cyeecare,5769514.0,100630,"[100630, 100665]",73,Types,"[""SET""]"
Shopee,,id,2026-07-01,1368540320,cyeecare-id, Cyeecare Official Store,KAB. TANGERANG,44100386393,Cyeecare Combo Hemat Set (3pcs Tone-Up Cream + 1pc Peeling Solution) ,https://shopee.co.id/product/1368540320/44100386393,https://down-id.img.susercontent.com/file/id-11134207-81ztp-mel221dnc54yc5,"[""https://down-id.img.susercontent.com/file/id-11134207-81ztp-mel221dnc54yc5"", ""https://down-id.img.susercontent.com/file/id-11134207-8224x-mgzwg1evlqfg77"", ""https://down-id.img.susercontent.com/file/id-11134207-8224v-mgzw8bzrdx575b"", ""https://down-id.img.susercontent.com/file/id-11134207-8224q-mkj6k25tdamccc"", ""https://down-id.img.susercontent.com/file/id-11134207-82250-mgzw8bzrfbpnb2"", ""https://down-id.img.susercontent.com/file/id-11134207-82252-mkj6k25tep6s6a"", ""https://down-id.img.susercontent.com/file/id-11134207-8224w-mgzw8bzri4ujed"", ""https://down-id.img.susercontent.com/file/id-11134207-8224y-mgzw8bzrjjezc1""]","[""OFFICIAL_SHOP""]","[""id-11134258-7r98z-lykpu80ygbvs76""]",FSS+SPayLater_NEW,id-11134258-822wt-mlynmevo9eyr24,False,False,False,1746832775,126000,799999,126000,84,288865420333056,,,,,,2000.0,113.0,4.85978835978836,1134,"[5, 4, 20, 87, 1018]","[""Add-on Deal""]",Cyeecare,5769514.0,100630,"[100630, 100665]",860,Pilihan,"[""3 ToneUp +1 Peeling""]"
Shopee,,id,2026-07-01,1368540320,cyeecare-id, Cyeecare Official Store,KAB. TANGERANG,41753991537,Cyeecare 3pcs paket Skincare Moisturizer+Serum+Cleanser Face Wash Glowing Kit Dark Spot,https://shopee.co.id/product/1368540320/41753991537,https://down-id.img.susercontent.com/file/id-11134207-822wm-mnfhp0csoikj9b,"[""https://down-id.img.susercontent.com/file/id-11134207-822wm-mnfhp0csoikj9b"", ""https://down-id.img.susercontent.com/file/id-11134207-822wr-mnfhp0csda0z20"", ""https://down-id.img.susercontent.com/file/id-11134207-822wo-mnfhp0csg35vd8"", ""https://down-id.img.susercontent.com/file/id-11134207-822ws-mnfhp0cseolfdf"", ""https://down-id.img.susercontent.com/file/id-11134207-822wl-mnfhp0cshhqb2f"", ""https://down-id.img.susercontent.com/file/id-11134207-822wl-mnfhp0csiwarb9"", ""https://down-id.img.susercontent.com/file/id-11134207-822wr-mnfhp0cskav7a4"", ""https://down-id.img.susercontent.com/file/id-11134207-822wu-mnf59wi8jz0jf7"", ""https://down-id.img.susercontent.com/file/id-11134207-822wn-mnfhp0csn403c1""]","[""OFFICIAL_SHOP""]","[""id-11134258-7r98z-lykpu80ygbvs76""]",FSS+SPayLater_NEW,id-11134258-822wt-mlynmevo9eyr24,False,False,False,1749542889,109000,1090000,109000,90,288865420333056,,,,,,10000.0,151.0,4.863420939250323,6963,"[19, 14, 121, 591, 6218]","[""Free Gift""]",Cyeecare,5769514.0,100630,"[100630, 100665]",2751,type,"[""Set 1"", ""Set2"", ""Set 3"", ""Set 4""]"
Shopee,,id,2026-07-01,1368540320,cyeecare-id, Cyeecare Official Store,KAB. TANGERANG,41854010251,Cyeecare AHA Serum + Cleanser Brightening & Exfoliating Skin Care Paket Pembersih Wajah Mencerahkan,https://shopee.co.id/product/1368540320/41854010251,https://down-id.img.susercontent.com/file/id-11134207-822wm-mo59ub8kjthc6a,"[""https://down-id.img.susercontent.com/file/id-11134207-822wm-mo59ub8kjthc6a"", ""https://down-id.img.susercontent.com/file/id-11134207-822wk-mo59ub8k8kxs9c"", ""https://down-id.img.susercontent.com/file/id-11134207-822wt-mo96r3qkw2dif2"", ""https://down-id.img.susercontent.com/file/id-11134207-822wg-mo96r3qkunt2df"", ""https://down-id.img.susercontent.com/file/id-11134207-822wt-mo59ub8k9zi8c8"", ""https://down-id.img.susercontent.com/file/id-11134207-822wu-mo59ub8ke77k81"", ""https://down-id.img.susercontent.com/file/id-11134207-822wk-mo59ub8kfls0a3"", ""https://down-id.img.susercontent.com/file/id-11134207-822wj-mo59ub8kh0cg98"", ""https://down-id.img.susercontent.com/file/id-11134207-822wg-mo59ub8kieww88""]","[""OFFICIAL_SHOP""]","[""id-11134258-7r98z-lykpu80ygbvs76""]",FSS+SPayLater_NEW,id-11134258-822wt-mlynmevo9eyr24,False,False,False,1749541118,104900,599000,104900,82,933253142380544,,,,,,1000.0,48.0,4.84599589322382,487,"[2, 2, 11, 39, 433]","[""Add-on Deal""]",Cyeecare,5769514.0,100630,"[100630, 100665]",298,type,"[""[New]Set"", ""set""]"
Shopee,,id,2026-07-01,1368540320,cyeecare-id, Cyeecare Official Store,KAB. TANGERANG,24994496898,Cyeecare Paket Glowing Duo Eksfoliasi: Serum AHA + Cleanser Mencerahkan Kulit Kusam Kecilkan Pori-Pori,https://shopee.co.id/product/1368540320/24994496898,https://down-id.img.susercontent.com/file/id-11134207-822wg-mo96r3qkp1ja99,"[""https://down-id.img.susercontent.com/file/id-11134207-822wg-mo96r3qkp1ja99""]","[""OFFICIAL_SHOP""]","[""id-11134258-7r98z-lykpu80ygbvs76""]",FSS+SPayLater_NEW,id-11134258-822wt-mlynmevo9eyr24,False,False,False,1745470824,104900,599000,104900,82,931791142240256,,,,,,2000.0,24.0,4.856152512998267,1154,"[4, 1, 22, 103, 1024]","[""Add-on Deal""]",Cyeecare,5769514.0,100630,"[100630, 100665]",755,type,"[""[New]Set"", ""set""]"
Shopee,,id,2026-07-02,1368540320,cyeecare-id, Cyeecare Official Store,KAB. TANGERANG,53811593142,"[KOL Exclusive]Cyeecare Hair Mask 150ml – Masker Rambut Keratin & Hyaluronic Acid untuk Rambut Lurus, Lembut & Tidak Mengembang",https://shopee.co.id/product/1368540320/53811593142,https://down-id.img.susercontent.com/file/id-11134207-822wo-mp0n5xir4i6j99,"[""https://down-id.img.susercontent.com/file/id-11134207-822wo-mp0n5xir4i6j99"", ""https://down-id.img.susercontent.com/file/id-11134207-822wm-mp0n5xip92xbf6"", ""https://down-id.img.susercontent.com/file/id-11134207-822wm-mp0n5xin3toi88"", ""https://down-id.img.susercontent.com/file/id-11134207-822wi-mp0n5xitdz40b4"", ""https://down-id.img.susercontent.com/file/sg-11134201-824jf-mplqzk224wlc7e"", ""https://down-id.img.susercontent.com/file/id-11134207-822wt-mp0n5xiu4nwt30"", ""https://down-id.img.susercontent.com/file/id-11134207-822wl-mp0n5xir0ah74f"", ""https://down-id.img.susercontent.com/file/id-11134207-822wr-mp0n5xir1p1naa""]","[""OFFICIAL_SHOP""]","[""id-11134258-7r98z-lykpu80ygbvs76""]",FSS+SPayLater_NEW,id-11134258-822wt-mlynmevo9eyr24,False,False,False,1780478403,35000,320000,35000,89,866553264930816,,,,,,371.0,356.0,4.88785046728972,107,"[0, 0, 1, 10, 96]","[""Produk Baru"", ""Add-on Deal""]",Cyeecare,5769514.0,100630,"[100630, 100659, 100871]",103,Ukuran,"[""1 PCS"", ""2 PCS""]"
Shopee,,id,2026-07-02,1368540320,cyeecare-id, Cyeecare Official Store,KAB. TANGERANG,40216847326,Cyeecare Peeling Solution Serum AHA Eksfoliasi Wajah - Hilangkan Noda Hitam Bekas Jerawat Komedo | Kulit Halus Glowing 20g,https://shopee.co.id/product/1368540320/40216847326,https://down-id.img.susercontent.com/file/id-11134207-822ws-mn3qq9f0mxokdd,"[""https://down-id.img.susercontent.com/file/id-11134207-822ws-mn3qq9f0mxokdd""]","[""OFFICIAL_SHOP""]","[""id-11134258-7r98z-lykpu80ygbvs76""]",FSS+SPayLater_NEW,id-11134258-822wt-mlynmevo9eyr24,False,False,False,1756720788,88000,200000,88000,56,288865722318848,,,,,,10000.0,1000.0,4.806571139093935,34545,"[166, 141, 953, 3689, 29596]","[""Add-on Deal""]",Cyeecare,5769514.0,100630,"[100630, 100664, 100896]",17833,jenis produk,"[""[Promosi]1 PCS"", ""1PCS"", ""2PCS"", ""Peel & Glow Pair"", ""Peel Hair Pair"", ""Peel Glow Hair Pair""]"
Shopee,,id,2026-07-02,1368540320,cyeecare-id, Cyeecare Official Store,KAB. TANGERANG,43654004856,Cyeecare Masker Rambut Keratin Hair Mask Treatment Salon - Rambut Halus Lembut Wangi Anti Rontok Kering Kusut Hair Care 150ml,https://shopee.co.id/product/1368540320/43654004856,https://down-id.img.susercontent.com/file/id-11134207-822wt-mn3qox6im5mu3d,"[""https://down-id.img.susercontent.com/file/id-11134207-822wt-mn3qox6im5mu3d""]","[""OFFICIAL_SHOP""]","[""id-11134258-7r98z-lykpu80ygbvs76""]",FSS+SPayLater_NEW,id-11134258-822wt-mlynmevo9eyr24,False,False,False,1749547814,66900,338888,66900,80,933253142380544,,,,,,10000.0,1000.0,4.796967802438262,12796,"[85, 62, 363, 1346, 10940]","[""Add-on Deal""]",Cyeecare,4878874.0,100630,"[100630, 100659, 100871]",12978,type,"[""[Promosi]1pcs"", ""1pcs"", ""2pcs"", ""Upgraded"", ""Upgraded*2""]"
Shopee,,id,2026-07-02,1368540320,cyeecare-id, Cyeecare Official Store,KAB. TANGERANG,41754019654,Cyeecare Tone Up Cream Niacinamide & Arbutin Brightening Moisturizer 20g,https://shopee.co.id/product/1368540320/41754019654,https://down-id.img.susercontent.com/file/id-11134207-8224z-mhq1e3112vb8d9,"[""https://down-id.img.susercontent.com/file/id-11134207-8224z-mhq1e3112vb8d9"", ""https://down-id.img.susercontent.com/file/id-11134207-8224y-mg3igl1ihx59cb"", ""https://down-id.img.susercontent.com/file/id-11134207-82251-mkj7wdmoz5s0af"", ""https://down-id.img.susercontent.com/file/id-11134207-8224v-mg3igl1injf165"", ""https://down-id.img.susercontent.com/file/id-11134207-8224z-mg3igl1ioxzha8"", ""https://down-id.img.susercontent.com/file/id-11134207-8224u-mkj7wdmoxr7kc1"", ""https://down-id.img.susercontent.com/file/id-11134207-8224v-mg3igl1iqcjxba"", ""https://down-id.img.susercontent.com/file/id-11134207-8224o-mg3igl1im4ulc3""]","[""OFFICIAL_SHOP""]","[""id-11134258-7r98z-lykpu80ygbvs76""]",FSS+SPayLater_NEW,id-11134258-822wt-mlynmevo9eyr24,False,False,False,1749547550,27900,366000,27900,92,933253142380544,,,,,,3000.0,1000.0,4.854881266490765,1516,"[3, 6, 27, 136, 1344]","[""Add-on Deal""]",Cyeecare,5769514.0,100630,"[100630, 100664, 100893]",2943,type,"[""20g""]"
Shopee,,id,2026-07-02,1368540320,cyeecare-id, Cyeecare Official Store,KAB. TANGERANG,26120309394,Cyeecare AHA BHA PHA LHA Peeling Solution Serum Eksfoliasi Wajah Menghaluskan Mencerahkan Kulit Mengangkat Sel Kulit Mati Komedo 20g,https://shopee.co.id/product/1368540320/26120309394,https://down-id.img.susercontent.com/file/id-11134207-8224x-ml4mc4lyky6la9,"[""https://down-id.img.susercontent.com/file/id-11134207-8224x-ml4mc4lyky6la9"", ""https://down-id.img.susercontent.com/file/id-11134207-8224u-mil9khktrxmv56"", ""https://down-id.img.susercontent.com/file/id-11134207-82252-mil9khktxjwnc8"", ""https://down-id.img.susercontent.com/file/id-11134207-82250-mkj5jv14h2py5f"", ""https://down-id.img.susercontent.com/file/id-11134207-82251-mkj5jv14fo5ia9"", ""https://down-id.img.susercontent.com/file/id-11134207-8224x-mil9khkttc7b2b"", ""https://down-id.img.susercontent.com/file/id-11134207-8224z-mj7wvkkp222oe4"", ""https://down-id.img.susercontent.com/file/id-11134207-8224p-mil9khku0d1jfa"", ""https://down-id.img.susercontent.com/file/id-11134207-822wj-mlel93rib5s374""]","[""OFFICIAL_SHOP""]","[""id-11134258-7r98z-lykpu80ygbvs76""]",FSS+SPayLater_NEW,id-11134258-822wt-mlynmevo9eyr24,False,False,False,1733886898,88000,399000,88000,78,288865722318848,,,,,,10000.0,1000.0,4.800052580488594,49448,"[286, 224, 1392, 5287, 42259]","[""Add-on Deal""]",Cyeecare,5769514.0,100630,"[100630, 100664, 100896]",26537,Ukuran,"[""[Promosi]1 PCS"", ""1 PCS"", ""2 PCS"", ""Paket Hemat"", ""Tone-Up Cream*1"", ""Tone-Up Cream*3"", ""HairMask"", ""GlowSerum"", ""Serum+Glow Pair"", ""Serum+GlowSerum"", ""Serum+Hair Pair""]"
Shopee,,id,2026-07-02,1368540320,cyeecare-id, Cyeecare Official Store,KAB. TANGERANG,55556714442,[KOL Exclusive] Cyeecare Serum Eksfoliasi AHA BHA PHA LHA Peeling Serum Brightening Hilangkan Dark Spot & Bekas Jerawat 20g,https://shopee.co.id/product/1368540320/55556714442,https://down-id.img.susercontent.com/file/id-11134207-8224x-ml4mc4lyky6la9,"[""https://down-id.img.susercontent.com/file/id-11134207-8224x-ml4mc4lyky6la9"", ""https://down-id.img.susercontent.com/file/id-11134207-822wj-mlel93rekb9daf"", ""https://down-id.img.susercontent.com/file/id-11134207-822wk-mlel93rk7zlx26"", ""https://down-id.img.susercontent.com/file/id-11134207-82251-mkj72wont0qsdd"", ""https://down-id.img.susercontent.com/file/id-11134207-822wg-mlel93ri8cn76e"", ""https://down-id.img.susercontent.com/file/id-11134207-822wk-mlel93ri9r7n6a"", ""https://down-id.img.susercontent.com/file/id-11134207-822wm-mlel93ridywzf1"", ""https://down-id.img.susercontent.com/file/id-11134207-822ws-mlel93rickcj35"", ""https://down-id.img.susercontent.com/file/id-11134207-822wj-mlel93rib5s374""]","[""OFFICIAL_SHOP""]","[""id-11134258-7r98z-lykpu80ygbvs76""]",FSS+SPayLater_NEW,id-11134258-822wt-mlynmevo9eyr24,False,False,False,1772606433,48900,319999,48900,85,933253142380544,,,,,,219.0,154.0,4.854166666666667,96,"[0, 0, 2, 10, 84]","[""Add-on Deal""]",,,100630,"[100630, 100664, 100896]",103,Ukuran,"[""1 PCS""]"
Shopee,,id,2026-07-02,1368540320,cyeecare-id, Cyeecare Official Store,KAB. TANGERANG,40067607690,Cyeecare Facial Care Set Peeling Serum 20g + 5X Centella Soothing Cream 30g,https://shopee.co.id/product/1368540320/40067607690,https://down-id.img.susercontent.com/file/id-11134207-822wt-mnnz3pt4zy81de,"[""https://down-id.img.susercontent.com/file/id-11134207-822wt-mnnz3pt4zy81de"", ""https://down-id.img.susercontent.com/file/id-11134207-822wn-mnf59wic579dbc"", ""https://down-id.img.susercontent.com/file/id-11134207-822wq-mnf59wic6ltt24"", ""https://down-id.img.susercontent.com/file/id-11134207-822wj-mnf59wic80e9ac"", ""https://down-id.img.susercontent.com/file/id-11134207-822wn-mnf59wicatj588"", ""https://down-id.img.susercontent.com/file/id-11134207-822wu-mnf59wic9eyp79"", ""https://down-id.img.susercontent.com/file/id-11134207-822wj-mnf59wicc83l0f"", ""https://down-id.img.susercontent.com/file/id-11134207-822wu-mnf59wi8jz0jf7"", ""https://down-id.img.susercontent.com/file/id-11134207-822wh-mnf59wibzkzleb""]","[""OFFICIAL_SHOP""]","[""id-11134258-7r98z-lykpu80ygbvs76""]",FSS+SPayLater_NEW,id-11134258-822wt-mlynmevo9eyr24,False,False,False,1757053106,58900,445000,58900,87,931791142240256,,,,,,10000.0,164.0,4.848157511683138,13053,"[40, 23, 248, 1257, 11485]","[""Add-on Deal""]",Cyeecare,5769514.0,100630,"[100630, 100665]",4762,type,"[""Peeling+Cream"", ""Peeling+New Cream"", ""Soothing Cream""]"
Shopee,,id,2026-07-02,1368540320,cyeecare-id, Cyeecare Official Store,KAB. TANGERANG,52711988070,[New Launch] Cyeecare Glowing Essence Cream Krim Wajah Gentle Formula Niacinamide + Hamamelis Korea Aman Kulit Sensitif & Berminyak Brightening Moisturizer 30g,https://shopee.co.id/product/1368540320/52711988070,https://down-id.img.susercontent.com/file/id-11134207-822wl-mpt9shhmilmo5e,"[""https://down-id.img.susercontent.com/file/id-11134207-822wl-mpt9shhmilmo5e""]","[""OFFICIAL_SHOP""]","[""id-11134258-7r98z-lykpu80ygbvs76""]",FSS+SPayLater_NEW,id-11134258-822wt-mlynmevo9eyr24,False,False,False,1781086293,48900,395000,48900,88,933244862808064,,,,,,138.0,132.0,4.892307692307693,65,"[0, 0, 1, 5, 59]","[""Produk Baru""]",Cyeecare,5769514.0,100630,"[100630, 100664, 100893]",29,Jumlah,"[""Niacinamide Cream"", ""Niacinamide Cream*2"", ""377 Cream"", ""377 Cream*2""]"
Shopee,,id,2026-07-02,1368540320,cyeecare-id, Cyeecare Official Store,KAB. TANGERANG,42303994190,Cyeecare Facial Cleanser Gentle Purifying Amino Acid & Salicylic Acid Facial Cleanser,https://shopee.co.id/product/1368540320/42303994190,https://down-id.img.susercontent.com/file/id-11134207-8224s-mhq1e311026c73,"[""https://down-id.img.susercontent.com/file/id-11134207-8224s-mhq1e311026c73"", ""https://down-id.img.susercontent.com/file/id-11134207-82250-mkj72wonyn0kbf"", ""https://down-id.img.susercontent.com/file/id-11134207-81ztq-mfndygzo71mzdd"", ""https://down-id.img.susercontent.com/file/id-11134207-81ztd-mfndygzo9urvd4"", ""https://down-id.img.susercontent.com/file/id-11134207-8224o-mkj72woo01l06d"", ""https://down-id.img.susercontent.com/file/id-11134207-82252-mg66bbng2ivg85"", ""https://down-id.img.susercontent.com/file/id-11134207-81ztk-mfne1v368mx7e9"", ""https://down-id.img.susercontent.com/file/id-11134207-8224q-mgozf9323ito25""]","[""OFFICIAL_SHOP""]","[""id-11134258-7r98z-lykpu80ygbvs76""]",FSS+SPayLater_NEW,id-11134258-822wt-mlynmevo9eyr24,False,False,False,1749547203,34900,366000,34900,90,933244862808064,,,,,,3000.0,1000.0,4.888168557536467,1234,"[3, 2, 14, 92, 1123]","[""Add-on Deal""]",Cyeecare,5769514.0,100630,"[100630, 100664, 100891]",525,type,"[""80ml""]"
Shopee,,id,2026-07-02,1368540320,cyeecare-id, Cyeecare Official Store,KAB. TANGERANG,54211592942,[KOL Exclusive]Cyeecare Ginger Hair Serum 20g – Serum Rambut Anti Rontok & Penumbuh Rambut Alami,https://shopee.co.id/product/1368540320/54211592942,https://down-id.img.susercontent.com/file/id-11134207-822wk-mo3vqh6ugikhdd,"[""https://down-id.img.susercontent.com/file/id-11134207-822wk-mo3vqh6ugikhdd"", ""https://down-id.img.susercontent.com/file/id-11134207-822wg-mo3vqh6uhx4x76"", ""https://down-id.img.susercontent.com/file/id-11134207-822wt-mo3vqh6t4r9ca0"", ""https://down-id.img.susercontent.com/file/id-11134207-822wu-mo3vqh6wre2rf1"", ""https://down-id.img.susercontent.com/file/id-11134207-822wq-mo3vqh6smhvs94"", ""https://down-id.img.susercontent.com/file/id-11134207-822wu-mo3vqh701ds570"", ""https://down-id.img.susercontent.com/file/id-11134207-822wo-mo3vqh70701xb8""]","[""OFFICIAL_SHOP""]","[""id-11134258-7r98z-lykpu80ygbvs76""]",FSS+SPayLater_NEW,id-11134258-822wt-mlynmevo9eyr24,False,False,False,1780477861,38000,390000,38000,90,866553264930816,,,,,,122.0,117.0,4.826923076923077,52,"[0, 0, 0, 9, 43]","[""Produk Baru"", ""Add-on Deal""]",Cyeecare,5769514.0,100630,"[100630, 100659, 100871]",44,type,"[""1pcs"", ""2pcs"", ""3pcs""]"
Shopee,,id,2026-07-02,1368540320,cyeecare-id, Cyeecare Official Store,KAB. TANGERANG,28036053313,Cyeecare Tone Up Cream Krim Pencerah Wajah Glowing Instan Moisturizer Pelembab Mencerahkan Kulit Kusam Cream Siang Cerah Instan Day Cream,https://shopee.co.id/product/1368540320/28036053313,https://down-id.img.susercontent.com/file/id-11134207-8224r-mhq1596ziq6c54,"[""https://down-id.img.susercontent.com/file/id-11134207-8224r-mhq1596ziq6c54"", ""https://down-id.img.susercontent.com/file/id-11134207-8224o-mg3aswoy35e094"", ""https://down-id.img.susercontent.com/file/id-11134207-82251-mkj7wdmowcn4d4"", ""https://down-id.img.susercontent.com/file/id-11134207-82250-mg3aswoy7d3c99"", ""https://down-id.img.susercontent.com/file/id-11134207-8224x-mg3aocd607ik8e"", ""https://down-id.img.susercontent.com/file/id-11134207-8224s-mkj7wdmouy2o68"", ""https://down-id.img.susercontent.com/file/id-11134207-82252-mg3aocd630ng2d"", ""https://down-id.img.susercontent.com/file/id-11134207-8224y-mg3aocd5ysy429""]","[""OFFICIAL_SHOP""]","[""id-11134258-7r98z-lykpu80ygbvs76""]",FSS+SPayLater_NEW,id-11134258-822wt-mlynmevo9eyr24,False,False,False,1746430670,79800,499999,79800,84,288865722318848,,,,,,10000.0,1000.0,4.8589322381930184,19480,"[42, 36, 346, 1780, 17276]","[""Add-on Deal""]",Cyeecare,5769514.0,100630,"[100630, 100662, 100881, 101627]",25343,Jumlah,"[""1 PCS"", ""3 PCS"", ""3 ToneUp +1 Peeling"", ""ToneUp+Peeling""]"
Shopee,,id,2026-07-02,1368540320,cyeecare-id, Cyeecare Official Store,KAB. TANGERANG,54952247520,Cyeecare Anti Rambut Rontok - Sampo Jahe untuk Pertumbuhan Rambut 150ml,https://shopee.co.id/product/1368540320/54952247520,https://down-id.img.susercontent.com/file/id-11134207-8224q-mhlcqoly1mvaf3,"[""https://down-id.img.susercontent.com/file/id-11134207-8224q-mhlcqoly1mvaf3"", ""https://down-id.img.susercontent.com/file/id-11134207-8224s-mkjfhr7okcg30e"", ""https://down-id.img.susercontent.com/file/id-11134207-82252-mhlcqom0gq2pb2"", ""https://down-id.img.susercontent.com/file/id-11134207-8224p-mhlcqolwiups97"", ""https://down-id.img.susercontent.com/file/id-11134207-8224y-mkjfhr7imu4l97"", ""https://down-id.img.susercontent.com/file/id-11134207-8224t-mhlcqoly08auf5"", ""https://down-id.img.susercontent.com/file/id-11134207-8224r-mhlcqolnl6o664"", ""https://down-id.img.susercontent.com/file/id-11134207-82251-mhlcqolwvhtu2f""]","[""OFFICIAL_SHOP""]","[""id-11134258-7r98z-lykpu80ygbvs76""]",FSS+SPayLater_NEW,id-11134258-822wt-mlynmevo9eyr24,False,False,False,1764298755,35900,299999,35900,88,933244862808064,,,,,,2000.0,965.0,4.868675995694295,929,"[3, 1, 10, 87, 828]","[""Add-on Deal""]",Cyeecare,5769514.0,100630,"[100630, 100659, 100869]",1175,Types,"[""shampoo*1"", ""shampoo*2"", ""Sampo & Masker"", ""Sampo & Pertumbuhan"", ""3Pcs Set""]"
Shopee,,id,2026-07-02,1368540320,cyeecare-id, Cyeecare Official Store,KAB. TANGERANG,42418380245,Cyeecare Wajah Pemutih Wajah Serum Membantu Memudarkan Garis  Niacinamide&Squalane Brightening Serum 20g,https://shopee.co.id/product/1368540320/42418380245,https://down-id.img.susercontent.com/file/id-11134207-822wu-mn5mpecxzrpc17,"[""https://down-id.img.susercontent.com/file/id-11134207-822wu-mn5mpecxzrpc17"", ""https://down-id.img.susercontent.com/file/id-11134207-8224z-mfs4gkx2sl5abe"", ""https://down-id.img.susercontent.com/file/id-11134207-8224u-mfs4gkx2zlzidf"", ""https://down-id.img.susercontent.com/file/id-11134207-8224y-mkj8jui2ubk039"", ""https://down-id.img.susercontent.com/file/id-11134207-8224v-mkj8jui2swzk9e"", ""https://down-id.img.susercontent.com/file/id-11134207-82250-mfs4gkx2wsum37"", ""https://down-id.img.susercontent.com/file/id-11134207-8224p-mfs4gkx32f4e9b"", ""https://down-id.img.susercontent.com/file/id-11134207-8224o-mfs4gkx33tou27""]","[""OFFICIAL_SHOP""]","[""id-11134258-7r98z-lykpu80ygbvs76""]",FSS+SPayLater_NEW,id-11134258-822wt-mlynmevo9eyr24,False,False,False,1757496868,34900,280000,34900,88,933253142380544,,,,,,4000.0,1000.0,4.8608224130140085,2213,"[8, 2, 38, 194, 1971]","[""Add-on Deal""]",Cyeecare,5769514.0,100630,"[100630, 100664, 100896]",1061,model,"[""serum""]"
Shopee,,id,2026-07-02,1368540320,cyeecare-id, Cyeecare Official Store,KAB. TANGERANG,57161987975,[New Launch] Cyeecare Glowing Essence Cream Krim Wajah Cerah & Lembap Niacinamide + Dual Vitamin C E + Hamamelis Brightening Moisturizer untuk Kulit Kusam Formulated in Korea 30g,https://shopee.co.id/product/1368540320/57161987975,https://down-id.img.susercontent.com/file/id-11134207-822wk-mpt9shhmtu6875,"[""https://down-id.img.susercontent.com/file/id-11134207-822wk-mpt9shhmtu6875"", ""https://down-id.img.susercontent.com/file/id-11134207-822wp-mpitybx9026j9c"", ""https://down-id.img.susercontent.com/file/id-11134207-822wr-mpkh2m6ztx589a"", ""https://down-id.img.susercontent.com/file/id-11134207-822wj-mpkh2m6xdfcwf5"", ""https://down-id.img.susercontent.com/file/id-11134207-822wt-mpt9vst8b4lp6a"", ""https://down-id.img.susercontent.com/file/id-11134207-822ws-mpkh2m6xc0sg74"", ""https://down-id.img.susercontent.com/file/id-11134207-822wh-mpkh2m70c6izef"", ""https://down-id.img.susercontent.com/file/id-11134207-822wq-mpkh2m70dl3f9d"", ""https://down-id.img.susercontent.com/file/id-11134207-822ws-mpkh2m70eznvf5""]","[""OFFICIAL_SHOP""]","[""id-11134258-7r98z-lykpu80ygbvs76""]",FSS+SPayLater_NEW,id-11134258-822wt-mlynmevo9eyr24,False,False,False,1781085604,48900,395000,48900,88,933244862808064,,,,,,74.0,72.0,4.923076923076923,39,"[0, 0, 0, 3, 36]","[""Produk Baru""]",Cyeecare,5769514.0,100630,"[100630, 100664, 100893]",23,Jumlah,"[""Niacinamide Cream"", ""Niacinamide Cream*2"", ""377 Cream*1"", ""377 Cream*2""]"
Shopee,,id,2026-07-02,1368540320,cyeecare-id, Cyeecare Official Store,KAB. TANGERANG,51162804412,[New Launch] Cyeecare 377 Brightening Essence Spray 100ml BPOM Face Mist Pencerah Wajah Pemudar Noda Hitam Flek Niacinamide Multiple Vitamin C Ectoin Hyaluronic Acid Korea,https://shopee.co.id/product/1368540320/51162804412,https://down-id.img.susercontent.com/file/id-11134207-822wm-mpw242obkhe3a0,"[""https://down-id.img.susercontent.com/file/id-11134207-822wm-mpw242obkhe3a0"", ""https://down-id.img.susercontent.com/file/id-11134207-822wh-mpw242o9p24u79"", ""https://down-id.img.susercontent.com/file/id-11134207-822wi-mpw242ocp7uof8"", ""https://down-id.img.susercontent.com/file/id-11134207-822wg-mpw242obho995c"", ""https://down-id.img.susercontent.com/file/id-11134207-822wq-mpw242o9jfv309"", ""https://down-id.img.susercontent.com/file/id-11134207-822wt-mpw242o4waa46c"", ""https://down-id.img.susercontent.com/file/id-11134207-822wu-mpw242ofe51oc7"", ""https://down-id.img.susercontent.com/file/id-11134207-822wj-mpw242ofgy6k02"", ""https://down-id.img.susercontent.com/file/id-11134207-822wl-mpw242oficr08d""]","[""OFFICIAL_SHOP""]","[""id-11134258-7r98z-lykpu80ygbvs76""]",FSS+SPayLater_NEW,id-11134258-822wt-mlynmevo9eyr24,False,False,False,1782380766,65000,430000,65000,85,476438017093733,,,,,,,,0.0,0,"[0, 0, 0, 0, 0]","[""Produk Baru""]",Cyeecare,5769514.0,100630,"[100630, 100664, 100895]",1,Ukuran,"[""1 Pcs"", ""[Buy 1 Free 1]2 Pcs""]"
Shopee,,id,2026-07-02,1368540320,cyeecare-id, Cyeecare Official Store,KAB. TANGERANG,43317569775,Cyeecare Exfoliating Peeling Solution Serum 20g + Bright Pemutih Wajah Serum 20g,https://shopee.co.id/product/1368540320/43317569775,https://down-id.img.susercontent.com/file/id-11134207-822wg-mn5m6rmnim848a,"[""https://down-id.img.susercontent.com/file/id-11134207-822wg-mn5m6rmnim848a"", ""https://down-id.img.susercontent.com/file/id-11134207-8224r-mi9zsge637r554"", ""https://down-id.img.susercontent.com/file/id-11134207-82251-mi9zsge6r3ew9b"", ""https://down-id.img.susercontent.com/file/id-11134207-8224x-mkj6k25qir5ufa"", ""https://down-id.img.susercontent.com/file/id-11134207-82251-mkj6382s426f68"", ""https://down-id.img.susercontent.com/file/id-11134207-8224x-mi9zsgec6ccke3"", ""https://down-id.img.susercontent.com/file/id-11134207-82251-mi9zsgec7qx0be"", ""https://down-id.img.susercontent.com/file/id-11134207-8224v-mi9zsgdmnoy053""]","[""OFFICIAL_SHOP""]","[""id-11134258-7r98z-lykpu80ygbvs76""]",FSS+SPayLater_NEW,id-11134258-822wt-mlynmevo9eyr24,False,False,False,1757051590,79700,731000,79700,89,933253142380544,,,,,,2000.0,615.0,4.8810612991765785,1093,"[3, 4, 12, 82, 992]","[""Add-on Deal""]",Cyeecare,5769514.0,100630,"[100630, 100664, 100896]",675,Ukuran,"[""20g+20g""]"
Shopee,,id,2026-07-02,1368540320,cyeecare-id, Cyeecare Official Store,KAB. TANGERANG,29591058852,Cyeecare Gentle Hydrating Essence Toner Melembabkan kulit dengan lembut & Menghaluskan 80ml,https://shopee.co.id/product/1368540320/29591058852,https://down-id.img.susercontent.com/file/id-11134207-8224o-mi9m0gka1b0o87,"[""https://down-id.img.susercontent.com/file/id-11134207-8224o-mi9m0gka1b0o87"", ""https://down-id.img.susercontent.com/file/id-11134207-8224o-mg681cftsb2i61"", ""https://down-id.img.susercontent.com/file/id-11134207-8224x-mg681cfttpmy01"", ""https://down-id.img.susercontent.com/file/id-11134207-82250-mkj8juhok7pib6"", ""https://down-id.img.susercontent.com/file/id-11134207-82251-mg681cftv47e73"", ""https://down-id.img.susercontent.com/file/id-11134207-8224q-mg681cftzbwq53"", ""https://down-id.img.susercontent.com/file/id-11134207-82250-mkj8juhpxdl199"", ""https://down-id.img.susercontent.com/file/id-11134207-8224y-mg681cfu251mb4""]","[""OFFICIAL_SHOP""]","[""id-11134258-7r98z-lykpu80ygbvs76""]",FSS+SPayLater_NEW,id-11134258-822wt-mlynmevo9eyr24,False,False,False,1756887863,34900,432000,34900,92,933253142380544,,,,,,1000.0,318.0,4.899606299212598,508,"[1, 1, 5, 34, 467]","[""Add-on Deal""]",Cyeecare,5769514.0,100630,"[100630, 100664, 100896]",186,Ukuran,"[""80ml""]"
Shopee,,id,2026-07-02,1368540320,cyeecare-id, Cyeecare Official Store,KAB. TANGERANG,40118761850,Cyeecare Keratin Silky Fragrance Hair Mask Hair Care 150 Ml,https://shopee.co.id/product/1368540320/40118761850,https://down-id.img.susercontent.com/file/id-11134207-82252-mggei6v5wh7334,"[""https://down-id.img.susercontent.com/file/id-11134207-82252-mggei6v5wh7334"", ""https://down-id.img.susercontent.com/file/id-11134207-8224r-mkj7wdmk7si098"", ""https://down-id.img.susercontent.com/file/id-11134207-8224y-mggei6v5quxbe6"", ""https://down-id.img.susercontent.com/file/id-11134207-8224p-mggei6v5v2mnd5"", ""https://down-id.img.susercontent.com/file/sg-11134201-824hd-mpfd5wt9g7pde1"", ""https://down-id.img.susercontent.com/file/id-11134207-8224r-mggei6v5s9hr31"", ""https://down-id.img.susercontent.com/file/id-11134207-82252-mggei6v5to27f9"", ""https://down-id.img.susercontent.com/file/id-11134207-8224u-mggei6v5pgcv5b""]","[""OFFICIAL_SHOP""]","[""id-11134258-7r98z-lykpu80ygbvs76""]",FSS+SPayLater_NEW,id-11134258-822wt-mlynmevo9eyr24,False,False,False,1757730687,66900,429999,66900,84,933253142380544,,,,,,10000.0,1000.0,4.813774281586129,6229,"[35, 27, 138, 663, 5366]","[""Add-on Deal""]",Cyeecare,4878874.0,100630,"[100630, 100659, 100871]",5560,Ukuran,"[""1 PCS"", ""2 PCS""]"
Shopee,,id,2026-07-02,1368540320,cyeecare-id, Cyeecare Official Store,KAB. TANGERANG,54412798940,[New Launch] Cyeecare 377 Glow Radiance Cream 30g BPOM Krim Pencerah Wajah Pemudar Noda Hitam Flek Bekas Jerawat Niacinamide Tranexamic Acid 8D Hyaluronic Acid Ceramide Korea,https://shopee.co.id/product/1368540320/54412798940,https://down-id.img.susercontent.com/file/id-11134207-822wg-mpw1b01q8u0wfa,"[""https://down-id.img.susercontent.com/file/id-11134207-822wg-mpw1b01q8u0wfa"", ""https://down-id.img.susercontent.com/file/id-11134207-822wo-mpw1b01qd1q8d0"", ""https://down-id.img.susercontent.com/file/id-11134207-822wh-mpw1b01qa8lc4a"", ""https://down-id.img.susercontent.com/file/id-11134207-822wp-mpw1b01qbn5s5f"", ""https://down-id.img.susercontent.com/file/id-11134207-822wo-mpw1b01qegao5a"", ""https://down-id.img.susercontent.com/file/id-11134207-822wq-mpw1b01qfuv4ec"", ""https://down-id.img.susercontent.com/file/id-11134207-822wr-mpw1fjwmvx8rcc"", ""https://down-id.img.susercontent.com/file/id-11134207-822wu-mpw1fjxeh0r38a"", ""https://down-id.img.susercontent.com/file/id-11134207-822wu-mpw1fjxr6xvve3""]","[""OFFICIAL_SHOP""]","[""id-11134258-7r98z-lykpu80ygbvs76""]",FSS+SPayLater_NEW,id-11134258-822wt-mlynmevo9eyr24,False,False,False,1782379625,53900,350000,53900,85,476438017093733,,,,,,,,0.0,0,"[0, 0, 0, 0, 0]","[""Produk Baru""]",Cyeecare,5769514.0,100630,"[100630, 100664, 100893]",2,Ukuran,"[""1 Pcs"", ""[Buy 1 free 1] 2 Pcs""]"
Shopee,,id,2026-07-02,1368540320,cyeecare-id, Cyeecare Official Store,KAB. TANGERANG,29790939109,[PROMO] Cyeecare Hair Mask Keratin + Hyaluronic Acid Masker Rambut Creambath Treatment Perawatan Rambut Rusak Kering Rontok 150ml,https://shopee.co.id/product/1368540320/29790939109,https://down-id.img.susercontent.com/file/id-11134207-8224s-mjezy9r1gwzrcf,"[""https://down-id.img.susercontent.com/file/id-11134207-8224s-mjezy9r1gwzrcf"", ""https://down-id.img.susercontent.com/file/id-11134207-8224x-mjezy9qrfx1jc2"", ""https://down-id.img.susercontent.com/file/id-11134207-82250-mkj7wdmopbsw87"", ""https://down-id.img.susercontent.com/file/id-11134207-8224y-mggei6v5quxbe6"", ""https://down-id.img.susercontent.com/file/id-11134207-8224p-mggei6v5v2mnd5"", ""https://down-id.img.susercontent.com/file/sg-11134201-824hd-mpfd5wt9g7pde1"", ""https://down-id.img.susercontent.com/file/id-11134207-8224r-mggei6v5s9hr31"", ""https://down-id.img.susercontent.com/file/id-11134207-82252-mggei6v5to27f9""]","[""OFFICIAL_SHOP""]","[""id-11134258-7r98z-lykpu80ygbvs76""]",FSS+SPayLater_NEW,id-11134258-822wt-mlynmevo9eyr24,False,False,False,1756722495,66900,320000,66900,79,933253142380544,,,,,,10000.0,403.0,4.785526546346592,5707,"[56, 27, 164, 591, 4869]","[""Add-on Deal""]",Cyeecare,5769514.0,100630,"[100630, 100659, 100871]",2981,Ukuran,"[""1 PCS"", ""2 PCS""]"
Shopee,,id,2026-07-02,1368540320,cyeecare-id, Cyeecare Official Store,KAB. TANGERANG,47904142102,"Cyeecare Shampo Jahe Alami Anti Rontok – Menguatkan Akar Rambut, Perawatan Rambut Rusak 150ml",https://shopee.co.id/product/1368540320/47904142102,https://down-id.img.susercontent.com/file/id-11134201-82251-mj3m0ri6718h8b,"[""https://down-id.img.susercontent.com/file/id-11134201-82251-mj3m0ri6718h8b"", ""https://down-id.img.susercontent.com/file/id-11134207-8224s-mkjfhr7p883r96"", ""https://down-id.img.susercontent.com/file/id-11134201-82252-mj3m0rrhsjr771"", ""https://down-id.img.susercontent.com/file/id-11134201-8224r-mj3m0s4oc45eaa"", ""https://down-id.img.susercontent.com/file/id-11134207-8224y-mkjfhr7p9mo7d9"", ""https://down-id.img.susercontent.com/file/id-11134201-82252-mj3m0sdyeuis4e"", ""https://down-id.img.susercontent.com/file/id-11134201-82252-mj3m0shtxxc02b"", ""https://down-id.img.susercontent.com/file/id-11134201-8224o-mj3m0shh6lmv9c""]","[""OFFICIAL_SHOP""]","[""id-11134258-7r98z-lykpu80ygbvs76""]",FSS+SPayLater_NEW,id-11134258-822wt-mlynmevo9eyr24,False,False,False,1767583331,66900,522998,66900,87,933253142380544,,,,,,1000.0,338.0,4.865612648221344,506,"[1, 0, 8, 48, 449]","[""Add-on Deal""]",Cyeecare,5769514.0,100630,"[100630, 100659, 100869]",452,Types,"[""shampoo*1"", ""shampoo*2"", ""Sampo & Masker""]"
Shopee,,id,2026-07-02,1368540320,cyeecare-id, Cyeecare Official Store,KAB. TANGERANG,43518766575,Cyeecare Tone-Up Cream Brightening Moisturizer Makeup Primer Base Cream 20g,https://shopee.co.id/product/1368540320/43518766575,https://down-id.img.susercontent.com/file/id-11134201-82250-mhq1by0v5539af,"[""https://down-id.img.susercontent.com/file/id-11134201-82250-mhq1by0v5539af"", ""https://down-id.img.susercontent.com/file/id-11134207-8224z-mg3aocd5ul8s78"", ""https://down-id.img.susercontent.com/file/id-11134207-8224r-mkj7wdmp0kcg4c"", ""https://down-id.img.susercontent.com/file/id-11134207-8224w-mg3aocd5xedo57"", ""https://down-id.img.susercontent.com/file/id-11134207-8224x-mg3aocd607ik8e"", ""https://down-id.img.susercontent.com/file/id-11134207-8224u-mkj7wdmoxr7kc1"", ""https://down-id.img.susercontent.com/file/id-11134207-82252-mg3aocd630ng2d"", ""https://down-id.img.susercontent.com/file/id-11134207-8224y-mg3aocd5ysy429""]","[""OFFICIAL_SHOP""]","[""id-11134258-7r98z-lykpu80ygbvs76""]",FSS+SPayLater_NEW,id-11134258-822wt-mlynmevo9eyr24,False,False,False,1757731041,79800,499999,79800,84,288865722318848,,,,,,1000.0,186.0,4.850234009360374,641,"[0, 3, 19, 49, 570]","[""Add-on Deal""]",Cyeecare,5769514.0,100630,"[100630, 100662, 100881, 101627]",699,Jumlah,"[""1 PCS"", ""3 PCS""]"
Shopee,,id,2026-07-02,1368540320,cyeecare-id, Cyeecare Official Store,KAB. TANGERANG,42118381673,Cyeecare 5X Centella Soothing Cream 30g Moisturizer Wajah Pereda Kemerahan Skin Barrier Pelembab Muka Sensitif Glowing Halus Ringan Day Night Cream,https://shopee.co.id/product/1368540320/42118381673,https://down-id.img.susercontent.com/file/id-11134207-822wk-mne6ngbnxceb21,"[""https://down-id.img.susercontent.com/file/id-11134207-822wk-mne6ngbnxceb21"", ""https://down-id.img.susercontent.com/file/id-11134207-822wr-mnfhp0csda0z20"", ""https://down-id.img.susercontent.com/file/id-11134207-822wo-mnfhp0csg35vd8"", ""https://down-id.img.susercontent.com/file/id-11134207-822ws-mnfhp0cseolfdf"", ""https://down-id.img.susercontent.com/file/id-11134207-822wl-mnfhp0cshhqb2f"", ""https://down-id.img.susercontent.com/file/id-11134207-822wl-mnfhp0csiwarb9"", ""https://down-id.img.susercontent.com/file/id-11134207-822wr-mnfhp0cskav7a4"", ""https://down-id.img.susercontent.com/file/id-11134207-822wr-mnfhp0cslpfn92"", ""https://down-id.img.susercontent.com/file/id-11134207-822wn-mnfhp0csn403c1""]","[""OFFICIAL_SHOP""]","[""id-11134258-7r98z-lykpu80ygbvs76""]",FSS+SPayLater_NEW,id-11134258-822wt-mlynmevo9eyr24,False,False,False,1757498538,58900,445000,58900,87,931791142240256,,,,,,7000.0,222.0,4.86234458259325,3378,"[6, 3, 62, 308, 2999]","[""Add-on Deal""]",Cyeecare,5769514.0,100630,"[100630, 100664, 100893]",1552,model,"[""[New]Soothing Cream""]"
Shopee,,id,2026-07-02,1368540320,cyeecare-id, Cyeecare Official Store,KAB. TANGERANG,27091058952,Cyeecare Niacinamide&Squalane Brightening Serum Wajah Pemutih Wajah Serum 20g,https://shopee.co.id/product/1368540320/27091058952,https://down-id.img.susercontent.com/file/id-11134207-822wh-mn5mped1dz4888,"[""https://down-id.img.susercontent.com/file/id-11134207-822wh-mn5mped1dz4888"", ""https://down-id.img.susercontent.com/file/id-11134207-81zte-mfkzgn2tv0961b"", ""https://down-id.img.susercontent.com/file/id-11134207-81zti-mfkzgn2twetmd3"", ""https://down-id.img.susercontent.com/file/id-11134207-8224t-mkj8jui2x4ow08"", ""https://down-id.img.susercontent.com/file/id-11134207-8224u-mkj8jui2vq4gb4"", ""https://down-id.img.susercontent.com/file/id-11134207-81zth-mfkzgn2u0miye0"", ""https://down-id.img.susercontent.com/file/id-11134207-81ztf-mfkzgn2u213e27"", ""https://down-id.img.susercontent.com/file/id-11134207-8224v-mg4i4g1sxczy33""]","[""OFFICIAL_SHOP""]","[""id-11134258-7r98z-lykpu80ygbvs76""]",FSS+SPayLater_NEW,id-11134258-822wt-mlynmevo9eyr24,False,False,False,1756888439,34900,500000,34900,93,933253142380544,,,,,,662.0,221.0,4.880258899676376,309,"[1, 2, 4, 19, 283]","[""Add-on Deal""]",Cyeecare,5769514.0,100630,"[100630, 100664, 100896]",213,Ukuran,"[""20 G""]"
Shopee,,id,2026-07-02,1368540320,cyeecare-id, Cyeecare Official Store,KAB. TANGERANG,42377307283,[5pcs Hemat] Cyeecare Peeling Solution Serum Eksfoliasi - Bisa Digunakan 100 Hari,https://shopee.co.id/product/1368540320/42377307283,https://down-id.img.susercontent.com/file/id-11134207-8224q-micjzxg5ktmua8,"[""https://down-id.img.susercontent.com/file/id-11134207-8224q-micjzxg5ktmua8"", ""https://down-id.img.susercontent.com/file/id-11134207-82250-micjzxg5m87aea"", ""https://down-id.img.susercontent.com/file/id-11134207-8224w-micjzxg5nmrq13"", ""https://down-id.img.susercontent.com/file/id-11134207-82251-mkj72wont0qsdd"", ""https://down-id.img.susercontent.com/file/id-11134207-8224u-mkj72wonvtvo24"", ""https://down-id.img.susercontent.com/file/id-11134207-8224r-micvu4ec1153ca"", ""https://down-id.img.susercontent.com/file/id-11134207-8224y-micvu4empwqrfa"", ""https://down-id.img.susercontent.com/file/id-11134207-82250-micvu4emlp1c73""]","[""OFFICIAL_SHOP""]","[""id-11134258-7r98z-lykpu80ygbvs76""]",FSS+SPayLater_NEW,id-11134258-822wt-mlynmevo9eyr24,False,False,False,1765964809,219900,1599995,219900,86,933253142380544,,,,,,616.0,142.0,4.905797101449275,276,"[0, 1, 2, 19, 254]","[""Free Gift""]",Cyeecare,5769514.0,100630,"[100630, 100664, 100896]",280,Types,"[""5 Pcs""]"
Shopee,,id,2026-07-02,1368540320,cyeecare-id, Cyeecare Official Store,KAB. TANGERANG,28770371035,Cyeecare Tri-Acid Arbutin Cleansing Gel Facial Wash Sabun Cuci Muka AHA BHA PHA Kulit Berminyak & Jerawat 120ml,https://shopee.co.id/product/1368540320/28770371035,https://down-id.img.susercontent.com/file/id-11134207-822wo-mnf4fq2l301x75,"[""https://down-id.img.susercontent.com/file/id-11134207-822wo-mnf4fq2l301x75"", ""https://down-id.img.susercontent.com/file/id-11134207-822wq-mndx1ibj53ig1c"", ""https://down-id.img.susercontent.com/file/id-11134207-822wk-mndx1ibj3oy019"", ""https://down-id.img.susercontent.com/file/id-11134207-822wp-mndx1ibj6i2w31"", ""https://down-id.img.susercontent.com/file/id-11134207-822wu-mndx1ibj7wnc82"", ""https://down-id.img.susercontent.com/file/id-11134207-822wg-mndx1ibiy2o832"", ""https://down-id.img.susercontent.com/file/id-11134207-822wu-mndx1ibizh8o97"", ""https://down-id.img.susercontent.com/file/id-11134207-822wu-mndx1ibj0vt401"", ""https://down-id.img.susercontent.com/file/id-11134207-822wt-mndx1ibj2adk31""]","[""OFFICIAL_SHOP""]","[""id-11134258-7r98z-lykpu80ygbvs76""]",FSS+SPayLater_NEW,id-11134258-822wt-mlynmevo9eyr24,False,False,False,1733907038,72900,519999,72900,86,933244862808064,,,,,,10000.0,635.0,4.8426597582038,5790,"[30, 19, 122, 490, 5129]","[""Add-on Deal""]",Cyeecare,5769514.0,100630,"[100630, 100664, 100891]",1697,Ukuran,"[""[New] 1 PCS"", ""[New] 2 PCS"", ""[Promosi] 1 PCS"", ""1 PCS"", ""2 PCS""]"
Shopee,,id,2026-07-02,1368540320,cyeecare-id, Cyeecare Official Store,KAB. TANGERANG,42717296336,Cyeecare Centella Asiatica Soothing Cream Plus Cica + Panthenol Menenangkan Kulit & Memperkuat Skin Barrier,https://shopee.co.id/product/1368540320/42717296336,https://down-id.img.susercontent.com/file/id-11134207-822wk-mne0mxvg4zcy15,"[""https://down-id.img.susercontent.com/file/id-11134207-822wk-mne0mxvg4zcy15""]","[""OFFICIAL_SHOP""]","[""id-11134258-7r98z-lykpu80ygbvs76""]",FSS+SPayLater_NEW,id-11134258-822wt-mlynmevo9eyr24,False,False,False,1756888984,59000,151500,59000,61,288865722318848,,,,,,10000.0,7.0,4.821787093215665,18130,"[97, 50, 491, 1711, 15781]","[""Add-on Deal""]",Cyeecare,5769514.0,100630,"[100630, 100664, 100893]",672,Ukuran,"[""30g*1"", ""2pcs""]"
Shopee,,id,2026-07-02,1368540320,cyeecare-id, Cyeecare Official Store,KAB. TANGERANG,50903219820,Cyeecare Masker Rambut Wangi Masker Rambut untuk Melembutkan dan Menghaluskan Rambut Kusut,https://shopee.co.id/product/1368540320/50903219820,https://down-id.img.susercontent.com/file/id-11134207-8224z-micw8vk8bjlz01,"[""https://down-id.img.susercontent.com/file/id-11134207-8224z-micw8vk8bjlz01"", ""https://down-id.img.susercontent.com/file/id-11134207-8224p-micw8vk8jz0n0d"", ""https://down-id.img.susercontent.com/file/id-11134207-8224t-micw8vk8ldl3e2"", ""https://down-id.img.susercontent.com/file/id-11134207-8224v-micw8vk8h5vrf9"", ""https://down-id.img.susercontent.com/file/id-11134207-8224s-micw8vk8cy6f8a"", ""https://down-id.img.susercontent.com/file/id-11134207-8224x-micw8vk8ecqvd6"", ""https://down-id.img.susercontent.com/file/id-11134207-8224u-micw8vk8ikg7ac"", ""https://down-id.img.susercontent.com/file/id-11134207-8224s-micvu4emeo7b9c"", ""https://down-id.img.susercontent.com/file/id-11134207-822wq-mmqw65qrev4239""]","[""OFFICIAL_SHOP""]","[""id-11134258-7r98z-lykpu80ygbvs76""]",FSS+SPayLater_NEW,id-11134258-822wt-mlynmevo9eyr24,False,False,False,1765965839,66900,338888,66900,80,933253142380544,,,,,,669.0,155.0,4.847583643122676,269,"[0, 3, 6, 20, 240]","[""Add-on Deal""]",Cyeecare,5769514.0,100630,"[100630, 100659, 100871]",279,Types,"[""Upgrade Masker*1"", ""Upgrade Masker *2"", ""Masker*1"", ""Masker *2""]"
Shopee,,id,2026-07-02,1368540320,cyeecare-id, Cyeecare Official Store,KAB. TANGERANG,42804015939,Cyeecare Tone-Up Cream 20g + Peeling Solution Serum Niacinamide Brightening 20g,https://shopee.co.id/product/1368540320/42804015939,https://down-id.img.susercontent.com/file/id-11134207-81zth-mes3586acume8b,"[""https://down-id.img.susercontent.com/file/id-11134207-81zth-mes3586acume8b"", ""https://down-id.img.susercontent.com/file/id-11134207-8224t-mkj6382ryfwnb3"", ""https://down-id.img.susercontent.com/file/id-11134207-82251-mkj6382rvmrr7d"", ""https://down-id.img.susercontent.com/file/id-11134207-82250-mi9lc5qu8pa91d"", ""https://down-id.img.susercontent.com/file/id-11134207-82250-mi9lhrcdh6h029"", ""https://down-id.img.susercontent.com/file/id-11134207-8224y-mkj6382rx1c7eb"", ""https://down-id.img.susercontent.com/file/id-11134207-8224y-mi9lc5qua3up45"", ""https://down-id.img.susercontent.com/file/id-11134207-8224x-mi9lc5qubif5a6""]","[""OFFICIAL_SHOP""]","[""id-11134258-7r98z-lykpu80ygbvs76""]",FSS+SPayLater_NEW,id-11134258-822wt-mlynmevo9eyr24,False,False,False,1749549894,72900,366000,72900,80,933253142380544,,,,,,1000.0,158.0,4.807971014492754,552,"[2, 3, 18, 53, 476]","[""Add-on Deal""]",Cyeecare,5769514.0,100630,"[100630, 100664, 100896]",325,type,"[""set""]"
Shopee,,id,2026-07-02,1368540320,cyeecare-id, Cyeecare Official Store,KAB. TANGERANG,56600897084,Cyeecare Silky Scented Hair Mask Smooth and Oil-controlling 150ml,https://shopee.co.id/product/1368540320/56600897084,https://down-id.img.susercontent.com/file/id-11134207-8224o-mi9lc5r0u39k11,"[""https://down-id.img.susercontent.com/file/id-11134207-8224o-mi9lc5r0u39k11"", ""https://down-id.img.susercontent.com/file/id-11134207-8224t-mgq05gielngu97"", ""https://down-id.img.susercontent.com/file/id-11134207-8224s-mgq05gibr40fc3"", ""https://down-id.img.susercontent.com/file/id-11134207-82251-mgq05gig4fm414"", ""https://down-id.img.susercontent.com/file/id-11134207-8224q-mgq05giek8w9cd"", ""https://down-id.img.susercontent.com/file/id-11134207-82250-mgq05giek8we02"", ""https://down-id.img.susercontent.com/file/id-11134207-82250-mgq05gibppfza1"", ""https://down-id.img.susercontent.com/file/id-11134207-8224t-mgq05gigmozv8b""]","[""OFFICIAL_SHOP""]","[""id-11134258-7r98z-lykpu80ygbvs76""]",FSS+SPayLater_NEW,id-11134258-822wt-mlynmevo9eyr24,False,False,False,1762400753,66900,522998,66900,87,933244862808064,,,,,,10000.0,426.0,4.852350789544117,11209,"[34, 18, 235, 995, 9927]","[""Add-on Deal""]",Cyeecare,5769514.0,100630,"[100630, 100659, 100871]",1275,Types,"[""[Promosi]Masker*1"", ""Masker rambut*1"", ""Masker rambut*2"", ""SET 1"", ""SET 2""]"
Shopee,,id,2026-07-02,1368540320,cyeecare-id, Cyeecare Official Store,KAB. TANGERANG,42168392064,Cyeecare Sabun Cuci Muka Amino Acid Gentle Cleanser - Pembersih Wajah Lembut Mencerahkan Komedo Kulit Berminyak Berjerawat,https://shopee.co.id/product/1368540320/42168392064,https://down-id.img.susercontent.com/file/id-11134207-822wu-mo96r3qkt98mf1,"[""https://down-id.img.susercontent.com/file/id-11134207-822wu-mo96r3qkt98mf1"", ""https://down-id.img.susercontent.com/file/id-11134207-822wk-mo59ub8k8kxs9c"", ""https://down-id.img.susercontent.com/file/id-11134207-822wt-mo96r3qkw2dif2"", ""https://down-id.img.susercontent.com/file/id-11134207-822wg-mo96r3qkunt2df"", ""https://down-id.img.susercontent.com/file/id-11134207-822wt-mo59ub8k9zi8c8"", ""https://down-id.img.susercontent.com/file/id-11134207-822wu-mo59ub8ke77k81"", ""https://down-id.img.susercontent.com/file/id-11134207-822wk-mo59ub8kfls0a3"", ""https://down-id.img.susercontent.com/file/id-11134207-822wj-mo59ub8kh0cg98"", ""https://down-id.img.susercontent.com/file/id-11134207-822wg-mo59ub8kieww88""]","[""OFFICIAL_SHOP""]","[""id-11134258-7r98z-lykpu80ygbvs76""]",FSS+SPayLater_NEW,id-11134258-822wt-mlynmevo9eyr24,False,False,False,1757500516,34900,250000,34900,86,933244862808064,,,,,,1000.0,42.0,4.917355371900826,484,"[0, 1, 2, 33, 448]","[""Add-on Deal""]",Cyeecare,5769514.0,100630,"[100630, 100664, 100891]",337,model,"[""[New]Acid Cleanser"", ""Facial Cleanser"", ""Gel Mask*1""]"
Shopee,,id,2026-07-02,1368540320,cyeecare-id, Cyeecare Official Store,KAB. TANGERANG,43868361582,[NEW]Cyeecare Essence Toner Toner Esensi Pelembap Lembut dengan Witch Hazel 80ml,https://shopee.co.id/product/1368540320/43868361582,https://down-id.img.susercontent.com/file/id-11134207-82251-mi9m0gk9yhvs1e,"[""https://down-id.img.susercontent.com/file/id-11134207-82251-mi9m0gk9yhvs1e"", ""https://down-id.img.susercontent.com/file/id-11134207-81ztg-mfp8oa26liq77a"", ""https://down-id.img.susercontent.com/file/id-11134207-8224x-mg681cfttpmy01"", ""https://down-id.img.susercontent.com/file/id-11134207-82250-mkj8juhok7pib6"", ""https://down-id.img.susercontent.com/file/id-11134207-82251-mg681cftv47e73"", ""https://down-id.img.susercontent.com/file/id-11134207-8224q-mg681cftzbwq53"", ""https://down-id.img.susercontent.com/file/id-11134207-82250-mkj8juhpxdl199"", ""https://down-id.img.susercontent.com/file/id-11134207-8224y-mg681cfu251mb4""]","[""OFFICIAL_SHOP""]","[""id-11134258-7r98z-lykpu80ygbvs76""]",FSS+SPayLater_NEW,id-11134258-822wt-mlynmevo9eyr24,False,False,False,1757492675,27900,1900000,27900,99,933244862808064,,,,,,8000.0,56.0,4.8454784899034244,4556,"[12, 12, 91, 438, 4003]","[""Add-on Deal""]",Cyeecare,5769514.0,100630,"[100630, 100664, 100892]",386,tipe,"[""Essence Toner*5"", ""Essence Toner*3"", ""Tone-Up Cream*1""]"
Shopee,,id,2026-07-02,1368540320,cyeecare-id, Cyeecare Official Store,KAB. TANGERANG,42867294514,Cyeecare 5X Centella Soothing Cream Gel Moisturizer Pelembab Pereda Kemerahan & Skin Barrier 30g,https://shopee.co.id/product/1368540320/42867294514,https://down-id.img.susercontent.com/file/id-11134207-822wp-mnfidzonhwy0db,"[""https://down-id.img.susercontent.com/file/id-11134207-822wp-mnfidzonhwy0db"", ""https://down-id.img.susercontent.com/file/id-11134207-822wn-mnfidzonjbigc5"", ""https://down-id.img.susercontent.com/file/id-11134207-822wl-mnfidzonm4nc5c"", ""https://down-id.img.susercontent.com/file/id-11134207-822wq-mnfidzonkq2wcc"", ""https://down-id.img.susercontent.com/file/id-11134207-822wo-mnfidzonnj7se6"", ""https://down-id.img.susercontent.com/file/id-11134207-822wr-mnfidzonoxs860"", ""https://down-id.img.susercontent.com/file/id-11134207-822wq-mnfidzonqcco3c"", ""https://down-id.img.susercontent.com/file/id-11134207-822wj-mnfidzonrqx44d"", ""https://down-id.img.susercontent.com/file/id-11134207-822wm-mnfidzont5hkb8""]","[""OFFICIAL_SHOP""]","[""id-11134258-7r98z-lykpu80ygbvs76""]",FSS+SPayLater_NEW,id-11134258-822wt-mlynmevo9eyr24,False,False,False,1756888758,59000,465000,59000,87,288865722318848,,,,,,1000.0,,4.886743886743886,777,"[1, 1, 13, 55, 707]","[""Add-on Deal""]",Cyeecare,5769514.0,100630,"[100630, 100664, 100893]",497,Ukuran,"[""Soothing Cream""]"
Shopee,,id,2026-07-02,1368540320,cyeecare-id, Cyeecare Official Store,KAB. TANGERANG,57006726660,[KOL Exclusive] Cyeecare AHA BHA PHA LHA Serum 20g + Soothing Cream 30g,https://shopee.co.id/product/1368540320/57006726660,https://down-id.img.susercontent.com/file/id-11134207-822wj-mnnz3pt51csh92,"[""https://down-id.img.susercontent.com/file/id-11134207-822wj-mnnz3pt51csh92"", ""https://down-id.img.susercontent.com/file/id-11134207-822wn-mnfidzonjbigc5"", ""https://down-id.img.susercontent.com/file/id-11134207-822wl-mnfidzonm4nc5c"", ""https://down-id.img.susercontent.com/file/id-11134207-822wq-mnfidzonkq2wcc"", ""https://down-id.img.susercontent.com/file/id-11134207-822wo-mnfidzonnj7se6"", ""https://down-id.img.susercontent.com/file/id-11134207-822wr-mnfidzonoxs860"", ""https://down-id.img.susercontent.com/file/id-11134207-822wq-mnfidzonqcco3c"", ""https://down-id.img.susercontent.com/file/id-11134207-822wj-mnfidzonrqx44d"", ""https://down-id.img.susercontent.com/file/id-11134207-822wm-mnfidzont5hkb8""]","[""OFFICIAL_SHOP""]","[""id-11134258-7r98z-lykpu80ygbvs76""]",FSS+SPayLater_NEW,id-11134258-822wt-mlynmevo9eyr24,False,False,False,1772607947,90000,711000,90000,87,866553264930816,,,,,,38.0,,5.0,15,"[0, 0, 0, 0, 15]","[""Add-on Deal""]",Cyeecare,5769514.0,100630,"[100630, 100665]",33,type,"[""Peeling Serum+Cream""]"
Shopee,,id,2026-07-02,1368540320,cyeecare-id, Cyeecare Official Store,KAB. TANGERANG,43818386633,Cyeecare Tri-Acid Arbutin Cleansing Gel 120ml Brightening & Oil Control Mengontrol Minyak Mencerahkan Kulit,https://shopee.co.id/product/1368540320/43818386633,https://down-id.img.susercontent.com/file/id-11134207-822wm-mnf4fq2l8mbpa6,"[""https://down-id.img.susercontent.com/file/id-11134207-822wm-mnf4fq2l8mbpa6""]","[""OFFICIAL_SHOP""]","[""id-11134258-7r98z-lykpu80ygbvs76""]",FSS+SPayLater_NEW,id-11134258-822wt-mlynmevo9eyr24,False,False,False,1757499761,68900,800000,68900,91,933253142380544,,,,,,10000.0,17.0,4.822234717648004,12449,"[78, 31, 321, 1166, 10853]","[""Add-on Deal""]",Cyeecare,5769514.0,100630,"[100630, 100664, 100891]",599,Ukuran,"[""120ml*1"", ""120ml*2""]"
Shopee,,id,2026-07-02,1368540320,cyeecare-id, Cyeecare Official Store,KAB. TANGERANG,26240939189,Cyeecare 5X Centella Soothing Cream 30g Moisturizer Wajah Pereda Kemerahan Perbaikan Skin Barrier Glowing Halus Ringan BPOM,https://shopee.co.id/product/1368540320/26240939189,https://down-id.img.susercontent.com/file/id-11134207-822ws-mnfhp0csbvgjc5,"[""https://down-id.img.susercontent.com/file/id-11134207-822ws-mnfhp0csbvgjc5"", ""https://down-id.img.susercontent.com/file/id-11134207-822wr-mnfhp0csda0z20"", ""https://down-id.img.susercontent.com/file/id-11134207-822wo-mnfhp0csg35vd8"", ""https://down-id.img.susercontent.com/file/id-11134207-822ws-mnfhp0cseolfdf"", ""https://down-id.img.susercontent.com/file/id-11134207-822wl-mnfhp0cshhqb2f"", ""https://down-id.img.susercontent.com/file/id-11134207-822wl-mnfhp0csiwarb9"", ""https://down-id.img.susercontent.com/file/id-11134207-822wr-mnfhp0cskav7a4"", ""https://down-id.img.susercontent.com/file/id-11134207-822wr-mnfhp0cslpfn92"", ""https://down-id.img.susercontent.com/file/id-11134207-822wn-mnfhp0csn403c1""]","[""OFFICIAL_SHOP""]","[""id-11134258-7r98z-lykpu80ygbvs76""]",FSS+SPayLater_NEW,id-11134258-822wt-mlynmevo9eyr24,False,False,False,1756722956,59000,580000,59000,90,288865722318848,,,,,,10000.0,26.0,4.870117935365293,6529,"[7, 14, 99, 580, 5829]","[""Add-on Deal""]",Cyeecare,5769514.0,100630,"[100630, 100664, 100893]",1591,Jumlah,"[""[New]Soothing Cream"", ""[New]Serum+Cream""]"
Shopee,,id,2026-07-02,1368540320,cyeecare-id, Cyeecare Official Store,KAB. TANGERANG,52762415493,Cyeecare B5 Collagen Repair Serum - Serum Pemulih Skin Barrier Melembapkan 20ml,https://shopee.co.id/product/1368540320/52762415493,https://down-id.img.susercontent.com/file/id-11134207-822wj-mplylqymls7jdb,"[""https://down-id.img.susercontent.com/file/id-11134207-822wj-mplylqymls7jdb"", ""https://down-id.img.susercontent.com/file/id-11134207-822wj-mplylqymn6rz30"", ""https://down-id.img.susercontent.com/file/id-11134207-822ws-mpklld4elwy66d""]","[""OFFICIAL_SHOP""]","[""id-11134258-7r98z-lykpu80ygbvs76""]",FSS+SPayLater_NEW,id-11134258-822wt-mlynmevo9eyr24,False,False,False,1781770383,70800,472000,70800,85,471712986832966,,,,,,,,0.0,0,"[0, 0, 0, 0, 0]","[""Produk Baru""]",Cyeecare,5769514.0,100630,"[100630, 100664, 100896]",1,Ukuran,"[""Serum""]"
Shopee,,id,2026-07-02,1368540320,cyeecare-id, Cyeecare Official Store,KAB. TANGERANG,28934445366,Cyeecare Hair Mask Masker Rambut Keratin Hyaluronic Acid Treatment Melembutkan Meluruskan Rambut Rusak Kering Mengembang 150ml,https://shopee.co.id/product/1368540320/28934445366,https://down-id.img.susercontent.com/file/id-11134207-8224s-mjezy9r1gwzrcf,"[""https://down-id.img.susercontent.com/file/id-11134207-8224s-mjezy9r1gwzrcf"", ""https://down-id.img.susercontent.com/file/id-11134207-8224o-mkj7wdmonx8gb0"", ""https://down-id.img.susercontent.com/file/id-11134207-8224q-mggdh8i7sjd7ca"", ""https://down-id.img.susercontent.com/file/id-11134207-8224r-mggdh8i8dlvu4b"", ""https://down-id.img.susercontent.com/file/sg-11134201-824im-mpduel3fyxak53"", ""https://down-id.img.susercontent.com/file/id-11134207-8224p-mggdh8iasp3j26"", ""https://down-id.img.susercontent.com/file/id-11134207-82251-mggdh8i3nn60d6"", ""https://down-id.img.susercontent.com/file/id-11134207-8224p-mggdh8iad8unda""]","[""OFFICIAL_SHOP""]","[""id-11134258-7r98z-lykpu80ygbvs76""]",FSS+SPayLater_NEW,id-11134258-822wt-mlynmevo9eyr24,False,False,False,1745311760,34900,319999,34900,89,933253142380544,,,,,,10000.0,1000.0,4.770463017991248,37018,"[289, 226, 1251, 4161, 31091]","[""Add-on Deal""]",Cyeecare,5769514.0,100630,"[100630, 100659, 100871]",37676,Ukuran,"[""[Promosi]1 PCS"", ""1 PCS"", ""2 PCS""]"
Shopee,,id,2026-07-02,1368540320,cyeecare-id, Cyeecare Official Store,KAB. TANGERANG,40004031932,"Cyeecare 5PCS Set Skincare Paket Brightening Moisturizer Facial Wash, Toner, Serum, Cream Paket Skincare",https://shopee.co.id/product/1368540320/40004031932,https://down-id.img.susercontent.com/file/id-11134207-822wu-mnfidzo8a3gi51,"[""https://down-id.img.susercontent.com/file/id-11134207-822wu-mnfidzo8a3gi51"", ""https://down-id.img.susercontent.com/file/id-11134207-8224w-mkj6k25tg3r8eb"", ""https://down-id.img.susercontent.com/file/id-11134207-8224t-mkj72wonneh0e8"", ""https://down-id.img.susercontent.com/file/id-11134207-8224p-mkj6k25thibo3f"", ""https://down-id.img.susercontent.com/file/id-11134207-8224w-mkj72won7y88de"", ""https://down-id.img.susercontent.com/file/id-11134207-8224s-mkj72wonot1g81"", ""https://down-id.img.susercontent.com/file/id-11134207-8224y-mkj72won7y84f8""]","[""OFFICIAL_SHOP""]","[""id-11134258-7r98z-lykpu80ygbvs76""]",FSS+SPayLater_NEW,id-11134258-822wt-mlynmevo9eyr24,False,False,False,1749543534,178000,1620000,178000,89,288865722318848,,,,,,4000.0,419.0,4.889019148104729,2559,"[10, 1, 45, 151, 2352]","[""Free Gift""]",Cyeecare,5769514.0,100630,"[100630, 100665]",2121,TYPE,"[""SET 1"", ""SET 2"", ""SET 3""]"
Shopee,,id,2026-07-02,1368540320,cyeecare-id, Cyeecare Official Store,KAB. TANGERANG,27837446231,[PROMO] Cyeecare Intensive Peeling Solution Serum Eksfoliasi Wajah AHA BHA PHA Glass Skin Mencerahkan Anti Komedo Kulit Kusam 20g,https://shopee.co.id/product/1368540320/27837446231,https://down-id.img.susercontent.com/file/id-11134201-8224z-mi9lorok6613a3,"[""https://down-id.img.susercontent.com/file/id-11134201-8224z-mi9lorok6613a3"", ""https://down-id.img.susercontent.com/file/id-11134207-8224o-mil9khku366f4f"", ""https://down-id.img.susercontent.com/file/id-11134207-8224u-mil9khku4kqve1"", ""https://down-id.img.susercontent.com/file/id-11134207-8224u-mkj5jv14qwp21b"", ""https://down-id.img.susercontent.com/file/id-11134207-8224z-mkj5jv14o3k65e"", ""https://down-id.img.susercontent.com/file/id-11134207-8224x-mil9khkttc7b2b"", ""https://down-id.img.susercontent.com/file/id-11134207-82251-mj7wvkkp3gn4c9"", ""https://down-id.img.susercontent.com/file/id-11134207-8224p-mil9khku0d1jfa""]","[""OFFICIAL_SHOP""]","[""id-11134258-7r98z-lykpu80ygbvs76""]",FSS+SPayLater_NEW,id-11134258-822wt-mlynmevo9eyr24,False,False,False,1749547416,88000,607999,88000,86,288865722318848,,,,,,10000.0,1000.0,4.81504400440044,7272,"[45, 18, 209, 693, 6307]","[""Add-on Deal""]",Cyeecare,5769514.0,100630,"[100630, 100664, 100896]",8320,type,"[""[Promosi]20g"", ""20g"", ""40g""]"
Shopee,,id,2026-07-02,1368540320,cyeecare-id, Cyeecare Official Store,KAB. TANGERANG,42804026578,Cyeecare Tone-Up Cream 20g + Niacinamide Peeling Solution Serum 20g,https://shopee.co.id/product/1368540320/42804026578,https://down-id.img.susercontent.com/file/id-11134207-82251-mi9lhrc9ujnld5,"[""https://down-id.img.susercontent.com/file/id-11134207-82251-mi9lhrc9ujnld5"", ""https://down-id.img.susercontent.com/file/id-11134207-8224p-mgzwg1evn4zwf2"", ""https://down-id.img.susercontent.com/file/id-11134207-8224p-mgzwg1evojkc56"", ""https://down-id.img.susercontent.com/file/id-11134207-82250-mi9m0gka6xagd6"", ""https://down-id.img.susercontent.com/file/id-11134207-8224q-mgzwg1evrcp8c0"", ""https://down-id.img.susercontent.com/file/id-11134201-82250-mkj66j9orbpkf8"", ""https://down-id.img.susercontent.com/file/id-11134207-8224s-mgzwg1evu5u4e8"", ""https://down-id.img.susercontent.com/file/id-11134207-8224y-mgzwg1evwyz070""]","[""OFFICIAL_SHOP""]","[""id-11134258-7r98z-lykpu80ygbvs76""]",FSS+SPayLater_NEW,id-11134258-822wt-mlynmevo9eyr24,False,False,False,1749551328,72900,366000,72900,80,280770950463488,,,,,,7000.0,641.0,4.826628075253256,3455,"[9, 14, 97, 327, 3008]","[""Add-on Deal""]",Cyeecare,5769514.0,100630,"[100630, 100664, 100896]",1887,type,"[""set""]"
Shopee,,id,2026-07-02,1368540320,cyeecare-id, Cyeecare Official Store,KAB. TANGERANG,50900285453,Cyeecare Ginger Hair Care Serum 20g,https://shopee.co.id/product/1368540320/50900285453,https://down-id.img.susercontent.com/file/id-11134207-8224t-mgd5omb8zxft95,"[""https://down-id.img.susercontent.com/file/id-11134207-8224t-mgd5omb8zxft95"", ""https://down-id.img.susercontent.com/file/id-11134207-8224z-mgd5ombi8u1b35"", ""https://down-id.img.susercontent.com/file/id-11134207-82250-mgd5omb86finc3"", ""https://down-id.img.susercontent.com/file/id-11134207-8224u-mgd5ombp9o9810"", ""https://down-id.img.susercontent.com/file/id-11134207-8224r-mgd5ombi7fgv26"", ""https://down-id.img.susercontent.com/file/id-11134207-8224q-mgd5ombjj6ryf3"", ""https://down-id.img.susercontent.com/file/id-11134207-8224p-mgd5ombjklcef1"", ""https://down-id.img.susercontent.com/file/id-11134207-82252-mgd5ombmcbnva0""]","[""OFFICIAL_SHOP""]","[""id-11134258-7r98z-lykpu80ygbvs76""]",FSS+SPayLater_NEW,id-11134258-822wt-mlynmevo9eyr24,False,False,False,1761624534,38000,399999,38000,90,288865722318848,,,,,,10000.0,1000.0,4.853879744709439,11908,"[22, 16, 190, 1224, 10456]","[""Add-on Deal""]",Cyeecare,5769514.0,100630,"[100630, 100659, 100871]",18112,type,"[""1pcs"", ""2pcs"", ""3pcs"", ""5pcs"", ""HairCare Set""]"
Shopee,,id,2026-07-02,1368540320,cyeecare-id, Cyeecare Official Store,KAB. TANGERANG,41729019069,Cyeecare Paket Skincare 5PCS Mencerahkan Melembapkan Kulit Sensitif Asia,https://shopee.co.id/product/1368540320/41729019069,https://down-id.img.susercontent.com/file/id-11134207-822wl-mnfliiol9l3a8c,"[""https://down-id.img.susercontent.com/file/id-11134207-822wl-mnfliiol9l3a8c"", ""https://down-id.img.susercontent.com/file/id-11134207-822wt-mlen0u6xygaqed"", ""https://down-id.img.susercontent.com/file/id-11134207-822wl-mlen0u6xzuv6a8"", ""https://down-id.img.susercontent.com/file/id-11134207-822wq-mlena9ojgb9cf2"", ""https://down-id.img.susercontent.com/file/id-11134207-822wq-mlena9ojewow8d"", ""https://down-id.img.susercontent.com/file/id-11134207-822wi-mlen0u6y19fmb4"", ""https://down-id.img.susercontent.com/file/id-11134207-822wt-mlen0u6y2o02c8"", ""https://down-id.img.susercontent.com/file/id-11134207-822wq-mlen0u6y42ki5e""]","[""OFFICIAL_SHOP""]","[""id-11134258-7r98z-lykpu80ygbvs76""]",FSS+SPayLater_NEW,id-11134258-822wt-mlynmevo9eyr24,False,False,False,1772609049,178000,1590000,178000,89,288865722318848,,,,,,543.0,69.0,4.875,288,"[2, 0, 3, 22, 261]","[""Free Gift""]",Cyeecare,5769514.0,100630,"[100630, 100665]",211,TYPE,"[""SET 1"", ""SET 2"", ""SET 3""]"
Shopee,,id,2026-07-02,1368540320,cyeecare-id, Cyeecare Official Store,KAB. TANGERANG,42004003284,Cyeecare Peeling Solution Serum 20g + Tone-Up Cream 20g,https://shopee.co.id/product/1368540320/42004003284,https://down-id.img.susercontent.com/file/id-11134207-7ra0q-mb7qz8p7prbtbb,"[""https://down-id.img.susercontent.com/file/id-11134207-7ra0q-mb7qz8p7prbtbb"", ""https://down-id.img.susercontent.com/file/id-11134207-8224v-mkj6382s2nlz99"", ""https://down-id.img.susercontent.com/file/id-11134207-8224p-mkj6382rzuh31f"", ""https://down-id.img.susercontent.com/file/id-11134207-8224v-mgzw8bzrdx575b"", ""https://down-id.img.susercontent.com/file/id-11134207-82250-mgzw8bzrfbpnb2"", ""https://down-id.img.susercontent.com/file/id-11134207-8224u-mkj6382s191j1b"", ""https://down-id.img.susercontent.com/file/id-11134207-8224w-mgzw8bzri4ujed"", ""https://down-id.img.susercontent.com/file/id-11134207-8224y-mgzw8bzrjjezc1""]","[""OFFICIAL_SHOP""]","[""id-11134258-7r98z-lykpu80ygbvs76""]",FSS+SPayLater_NEW,id-11134258-822wt-mlynmevo9eyr24,False,False,False,1749545821,72900,488000,72900,85,933253142380544,,,,,,1000.0,99.0,4.798988621997472,791,"[4, 2, 23, 91, 671]","[""Add-on Deal""]",Cyeecare,5769514.0,100630,"[100630, 100664, 100896]",469,type,"[""set""]"
Shopee,,id,2026-07-02,1368540320,cyeecare-id, Cyeecare Official Store,KAB. TANGERANG,43131681384,Cyeecare Ginger Serum Rambut 20g - Anti Rontok Penumbuh Rambut Menguatkan Akar & Menambah Volume,https://shopee.co.id/product/1368540320/43131681384,https://down-id.img.susercontent.com/file/id-11134207-822wt-mpevdbyu90cvb9,"[""https://down-id.img.susercontent.com/file/id-11134207-822wt-mpevdbyu90cvb9"", ""https://down-id.img.susercontent.com/file/id-11134207-822wg-mpevbqruu58rf8"", ""https://down-id.img.susercontent.com/file/id-11134207-822wo-mpevbqruvjt796"", ""https://down-id.img.susercontent.com/file/id-11134207-822wr-mpevbqruwydn0c"", ""https://down-id.img.susercontent.com/file/id-11134207-822ws-mpevbqruycy3cb"", ""https://down-id.img.susercontent.com/file/id-11134207-822wu-mpevdbyll6a3a5"", ""https://down-id.img.susercontent.com/file/id-11134207-822wk-mpevdbyu677z6d"", ""https://down-id.img.susercontent.com/file/id-11134207-822wm-mpevdbyu7lsff6""]","[""OFFICIAL_SHOP""]","[""id-11134258-7r98z-lykpu80ygbvs76""]",FSS+SPayLater_NEW,id-11134258-822wt-mlynmevo9eyr24,False,False,False,1781339961,38000,390000,38000,90,288865722318848,,,,,,1000.0,1000.0,4.892950391644908,766,"[0, 0, 10, 62, 694]","[""Produk Baru"", ""Add-on Deal""]",Cyeecare,5769514.0,100630,"[100630, 100659, 100871]",659,type,"[""1pcs"", ""2pcs"", ""3pcs"", ""5pcs"", ""HairCare Set""]"
Shopee,,id,2026-07-02,1368540320,cyeecare-id, Cyeecare Official Store,KAB. TANGERANG,40868766467,Cyeecare Set Eksfoliasi Aman: Peeling Serum 20g + Centella Cream 30g (Perbaiki Skin Barrier),https://shopee.co.id/product/1368540320/40868766467,https://down-id.img.susercontent.com/file/id-11134207-822wq-mokuhjovauiqa2,"[""https://down-id.img.susercontent.com/file/id-11134207-822wq-mokuhjovauiqa2"", ""https://down-id.img.susercontent.com/file/id-11134207-8224s-mil8rvo1r5z428"", ""https://down-id.img.susercontent.com/file/id-11134207-8224w-micjzxg5nmrq13"", ""https://down-id.img.susercontent.com/file/id-11134207-8224z-mkj5jv14ihae69"", ""https://down-id.img.susercontent.com/file/id-11134207-8224w-mkj5jv14jvuu6e"", ""https://down-id.img.susercontent.com/file/id-11134207-8224r-micvu4ec1153ca"", ""https://down-id.img.susercontent.com/file/id-11134207-8224t-mj7wvkkp0ni8f6"", ""https://down-id.img.susercontent.com/file/id-11134207-82250-micvu4emlp1c73""]","[""OFFICIAL_SHOP""]","[""id-11134258-7r98z-lykpu80ygbvs76""]",FSS+SPayLater_NEW,id-11134258-822wt-mlynmevo9eyr24,False,False,False,1757730389,90000,645000,90000,86,288865722318848,,,,,,4000.0,150.0,4.8165,2000,"[16, 13, 49, 166, 1756]","[""Add-on Deal""]",Cyeecare,5769514.0,100630,"[100630, 100665]",1458,Ukuran,"[""Set"", ""Set 2"", ""Peel"", ""Peel*2""]"
Shopee,,id,2026-07-02,1368540320,cyeecare-id, Cyeecare Official Store,KAB. TANGERANG,49162304776,[New Launch] Cyeecare Paket 4 Langkah Brightening Cleansing Gel Toner Serum Cream Skincare Set Pencerah Eksfoliasi Arbutin AHA BHA Niacinamide Kulit Cerah Mulus,https://shopee.co.id/product/1368540320/49162304776,https://down-id.img.susercontent.com/file/id-11134207-822wp-mpklld4ekidq03,"[""https://down-id.img.susercontent.com/file/id-11134207-822wp-mpklld4ekidq03"", ""https://down-id.img.susercontent.com/file/id-11134207-822wk-mpklld4ngrv135"", ""https://down-id.img.susercontent.com/file/id-11134207-822ws-mpklld4elwy66d"", ""https://down-id.img.susercontent.com/file/id-11134207-822wh-mpklld4enbimef"", ""https://down-id.img.susercontent.com/file/id-11134207-822wo-mpklld4eoq329c"", ""https://down-id.img.susercontent.com/file/id-11134207-822wr-mpt9vstbib640c"", ""https://down-id.img.susercontent.com/file/id-11134207-822wm-mpklld4erj7y4a"", ""https://down-id.img.susercontent.com/file/id-11134207-822wq-mpklld4esxsedb"", ""https://down-id.img.susercontent.com/file/id-11134207-822wk-mpj0po4qhddsa0""]","[""OFFICIAL_SHOP""]","[""id-11134258-7r98z-lykpu80ygbvs76""]",FSS+SPayLater_NEW,id-11134258-822wt-mlynmevo9eyr24,False,False,False,1781591029,146900,1390000,146900,89,933244862808064,,,,,,34.0,32.0,4.846153846153846,13,"[0, 0, 0, 2, 11]","[""Produk Baru"", ""Free Gift""]",Cyeecare,5769514.0,100630,"[100630, 100665]",28,Jumlah,"[""Set 1"", ""Set 2""]"
Shopee,,id,2026-07-02,1368540320,cyeecare-id, Cyeecare Official Store,KAB. TANGERANG,55312530737,[KOL Exclusive]Cyeecare Tone Up Cream Krim Pencerah Wajah Glowing Instan Moisturizer,https://shopee.co.id/product/1368540320/55312530737,https://down-id.img.susercontent.com/file/id-11134207-822wu-mporhme3zuh93e,"[""https://down-id.img.susercontent.com/file/id-11134207-822wu-mporhme3zuh93e"", ""https://down-id.img.susercontent.com/file/id-11134207-822wg-mporhme1dqf6ce"", ""https://down-id.img.susercontent.com/file/id-11134207-822wr-mporhme7z4ej47"", ""https://down-id.img.susercontent.com/file/id-11134207-822wp-mporhme9qbyn84"", ""https://down-id.img.susercontent.com/file/id-11134207-822wh-mporhmeae7lt98"", ""https://down-id.img.susercontent.com/file/id-11134207-822wm-mporhmea05xoa7"", ""https://down-id.img.susercontent.com/file/id-11134207-822ws-mporhme4mbk03a""]","[""OFFICIAL_SHOP""]","[""id-11134258-7r98z-lykpu80ygbvs76""]",FSS+SPayLater_NEW,id-11134258-822wt-mlynmevo9eyr24,False,False,False,1781938574,28000,290000,28000,90,866553264930816,,,,,,4.0,4.0,4.75,4,"[0, 0, 0, 1, 3]","[""Produk Baru"", ""Add-on Deal""]",Cyeecare,5769514.0,100630,"[100630, 100662, 100881, 101627]",10,Jumlah,"[""1 PCS"", ""3 PCS""]"
Shopee,,id,2026-07-02,1368540320,cyeecare-id, Cyeecare Official Store,KAB. TANGERANG,56810310860,Cyeecare Ginger Hair Care Serum 20g - Penumbuh Rambut Anti Rontok Perkuat Akar & Volume,https://shopee.co.id/product/1368540320/56810310860,https://down-id.img.susercontent.com/file/id-11134207-822wk-mo3vqh6ugikhdd,"[""https://down-id.img.susercontent.com/file/id-11134207-822wk-mo3vqh6ugikhdd"", ""https://down-id.img.susercontent.com/file/id-11134207-822wg-mo3vqh6uhx4x76"", ""https://down-id.img.susercontent.com/file/id-11134207-822wt-mo3vqh6t4r9ca0"", ""https://down-id.img.susercontent.com/file/id-11134207-822wu-mo3vqh6wre2rf1"", ""https://down-id.img.susercontent.com/file/id-11134207-822wq-mo3vqh6smhvs94"", ""https://down-id.img.susercontent.com/file/id-11134207-822wk-mo3vqh6u12bq1e"", ""https://down-id.img.susercontent.com/file/id-11134207-822wn-mo3vqh7046x1e3"", ""https://down-id.img.susercontent.com/file/id-11134207-822wo-mo3vqh70701xb8""]","[""OFFICIAL_SHOP""]","[""id-11134258-7r98z-lykpu80ygbvs76""]",FSS+SPayLater_NEW,id-11134258-822wt-mlynmevo9eyr24,False,False,False,1778495363,34900,399999,34900,91,280767477596160,,,,,,10000.0,1000.0,4.855489171023152,5364,"[8, 8, 89, 540, 4719]","[""Add-on Deal""]",Cyeecare,5769514.0,100630,"[100630, 100659, 100871]",9619,type,"[""1pcs"", ""2pcs"", ""3pcs"", ""5pcs"", ""HairCare Set""]"
Shopee,,id,2026-07-02,1368540320,cyeecare-id, Cyeecare Official Store,KAB. TANGERANG,42704015546,Cyeecare Peeling Solution Serum 20g + Facial Foam Gentle Purifying Amino Acid & Salicylic Acid Facial Cleanser,https://shopee.co.id/product/1368540320/42704015546,https://down-id.img.susercontent.com/file/id-11134207-8224t-mi9m0gkacjk6d9,"[""https://down-id.img.susercontent.com/file/id-11134207-8224t-mi9m0gkacjk6d9"", ""https://down-id.img.susercontent.com/file/id-11134207-8224x-mgzwg1evydjg92"", ""https://down-id.img.susercontent.com/file/id-11134207-82250-mkj72wonyn0kbf"", ""https://down-id.img.susercontent.com/file/id-11134207-8224x-mgq5iknqo3yh17"", ""https://down-id.img.susercontent.com/file/id-11134207-82251-mkj72wonx8g433"", ""https://down-id.img.susercontent.com/file/id-11134207-8224r-mgzwg1evzs3w9d"", ""https://down-id.img.susercontent.com/file/id-11134207-82251-mgq5iknqtq8948"", ""https://down-id.img.susercontent.com/file/id-11134207-8224t-mgq5iknqmpe171""]","[""OFFICIAL_SHOP""]","[""id-11134258-7r98z-lykpu80ygbvs76""]",FSS+SPayLater_NEW,id-11134258-822wt-mlynmevo9eyr24,False,False,False,1749549439,105000,355000,105000,70,288865722318848,,,,,,544.0,71.0,4.818518518518519,270,"[2, 0, 10, 21, 237]","[""Add-on Deal""]",Cyeecare,5769514.0,100630,"[100630, 100664, 100896]",177,type,"[""set""]"
Shopee,,id,2026-07-02,1368540320,cyeecare-id, Cyeecare Official Store,KAB. TANGERANG,48759375946,Cyeecare Hydrating Gelly Mask Menghidrasi dan Mencerahkan Wajah,https://shopee.co.id/product/1368540320/48759375946,https://down-id.img.susercontent.com/file/id-11134207-822wk-mndz8g4gk8ht86,"[""https://down-id.img.susercontent.com/file/id-11134207-822wk-mndz8g4gk8ht86"", ""https://down-id.img.susercontent.com/file/id-11134207-822wl-mndz8g4gln29c8"", ""https://down-id.img.susercontent.com/file/id-11134207-822wr-mndz8g4gog7503"", ""https://down-id.img.susercontent.com/file/id-11134207-822wl-mndz8g4gr9c10c"", ""https://down-id.img.susercontent.com/file/id-11134207-822wj-mndz8g4gpurl9e"", ""https://down-id.img.susercontent.com/file/id-11134207-822wg-mndz8g4gn1mp7a"", ""https://down-id.img.susercontent.com/file/id-11134207-822wm-mndz8g4gsnwh6f"", ""https://down-id.img.susercontent.com/file/id-11134207-822wk-mndz8g4gu2gx20"", ""https://down-id.img.susercontent.com/file/id-11134207-822wu-mndz8g4gvh1d04""]","[""OFFICIAL_SHOP""]","[""id-11134258-7r98z-lykpu80ygbvs76""]",FSS+SPayLater_NEW,id-11134258-822wt-mlynmevo9eyr24,False,False,False,1776927815,89000,700000,89000,87,881133034717184,,,,,,29.0,13.0,4.714285714285714,14,"[0, 0, 1, 2, 11]","[""Add-on Deal""]",Cyeecare,5769514.0,100630,"[100630, 100664, 100898]",17,model,"[""Gel Mask*20"", ""Gel Mask*10""]"
Shopee,,id,2026-07-02,1368540320,cyeecare-id, Cyeecare Official Store,KAB. TANGERANG,56611001254,[[KOL Exclusive]]Cyeecare Skincare Routine Paket 5 Pcs: Brightening & Melembapkan Kulit Sensitif,https://shopee.co.id/product/1368540320/56611001254,https://down-id.img.susercontent.com/file/id-11134207-822ws-mo2j35qcqbd0d6,"[""https://down-id.img.susercontent.com/file/id-11134207-822ws-mo2j35qcqbd0d6"", ""https://down-id.img.susercontent.com/file/id-11134207-822wo-mokuhjooqv400b"", ""https://down-id.img.susercontent.com/file/id-11134207-822wl-mokuhjossy6n34"", ""https://down-id.img.susercontent.com/file/id-11134207-822wi-mokuhjonjbim2b"", ""https://down-id.img.susercontent.com/file/id-11134207-822wl-mokuhjouejgr7c"", ""https://down-id.img.susercontent.com/file/id-11134207-822wh-mokuhjon9hjg43"", ""https://down-id.img.susercontent.com/file/id-11134207-822wr-mokuhjon82z010"", ""https://down-id.img.susercontent.com/file/id-11134207-822wh-mokuhjov588yac""]","[""OFFICIAL_SHOP""]","[""id-11134258-7r98z-lykpu80ygbvs76""]",FSS+SPayLater_NEW,id-11134258-822wt-mlynmevo9eyr24,False,False,False,1779522100,189000,1682000,189000,89,866553264930816,,,,,,2.0,2.0,5.0,2,"[0, 0, 0, 0, 2]","[""Free Gift""]",Cyeecare,5769514.0,100630,"[100630, 100665]",7,TYPE,"[""5PCS SET""]"
Shopee,,id,2026-07-02,1368540320,cyeecare-id, Cyeecare Official Store,KAB. TANGERANG,51712602574,[New Launch] Cyeecare Paket 2 Langkah Exfo Glow Serum Cream Skincare Set Eksfoliasi Pencerah AHA BHA PHA Niacinamide Kulit Mulus Glowing,https://shopee.co.id/product/1368540320/51712602574,https://down-id.img.susercontent.com/file/id-11134207-822wh-mprsxc2i20b1d6,"[""https://down-id.img.susercontent.com/file/id-11134207-822wh-mprsxc2i20b1d6"", ""https://down-id.img.susercontent.com/file/id-11134207-822wu-mprsxc2kfoxt4b"", ""https://down-id.img.susercontent.com/file/id-11134207-822wh-mprsxc2kh3i975"", ""https://down-id.img.susercontent.com/file/id-11134207-822wh-mprsxc2kjwn5a9"", ""https://down-id.img.susercontent.com/file/id-11134207-822wo-mpt9vstbgwlo5f"", ""https://down-id.img.susercontent.com/file/id-11134207-822wk-mprsxc2klb7l89"", ""https://down-id.img.susercontent.com/file/id-11134207-822wg-mprsxc2kmps1d1"", ""https://down-id.img.susercontent.com/file/id-11134207-822wq-mprsxc2kpiwx99"", ""https://down-id.img.susercontent.com/file/id-11134207-822wn-mprsxc2ko4ch2f""]","[""OFFICIAL_SHOP""]","[""id-11134258-7r98z-lykpu80ygbvs76""]",FSS+SPayLater_NEW,id-11134258-822wt-mlynmevo9eyr24,False,False,False,1782123136,83000,580000,83000,86,881133034717184,,,,,,,,0.0,0,"[0, 0, 0, 0, 0]","[""Produk Baru""]",Cyeecare,5769514.0,100630,"[100630, 100665]",4,Jumlah,"[""[New]Set""]"
Shopee,,id,2026-07-02,1368540320,cyeecare-id, Cyeecare Official Store,KAB. TANGERANG,46662299954,[New Launch] Cyeecare Paket 3 Langkah Exfo Glow Cleanser Serum Cream Skincare Set Eksfoliasi Pencerah AHA BHA PHA Niacinamide Kulit Mulus Glowing,https://shopee.co.id/product/1368540320/46662299954,https://down-id.img.susercontent.com/file/id-11134207-822wu-mpklfsmcqhos2d,"[""https://down-id.img.susercontent.com/file/id-11134207-822wu-mpklfsmcqhos2d"", ""https://down-id.img.susercontent.com/file/id-11134207-822wn-mpklfsmcrw9885"", ""https://down-id.img.susercontent.com/file/id-11134207-822wh-mpklfsmctatoc5"", ""https://down-id.img.susercontent.com/file/id-11134207-822wu-mpklfsmcupe4b2"", ""https://down-id.img.susercontent.com/file/id-11134207-822wm-mpklfsmcw3yk38"", ""https://down-id.img.susercontent.com/file/id-11134207-822wo-mpt9vstbjpqk04"", ""https://down-id.img.susercontent.com/file/id-11134207-822wu-mpklfsmcyx3gda"", ""https://down-id.img.susercontent.com/file/id-11134207-822wm-mpklfsmd0bnwa1"", ""https://down-id.img.susercontent.com/file/id-11134207-822wm-mpitybx9730r1b""]","[""OFFICIAL_SHOP""]","[""id-11134258-7r98z-lykpu80ygbvs76""]",FSS+SPayLater_NEW,id-11134258-822wt-mlynmevo9eyr24,False,False,False,1781580343,108900,1090000,108900,90,933244862808064,,,,,,160.0,152.0,4.9480519480519485,77,"[0, 0, 1, 2, 74]","[""Produk Baru"", ""Free Gift""]",Cyeecare,5769514.0,100630,"[100630, 100665]",46,Jumlah,"[""Set 1"", ""Set 2""]"
Shopee,,id,2026-07-02,1368540320,cyeecare-id, Cyeecare Official Store,KAB. TANGERANG,40381755746,[New Launch] Cyeecare Paket 5 Langkah Exfo Hydra Glow Cleanser Toner Serum Cream Skincare Set Lengkap Eksfoliasi Pencerah AHA BHA PHA Niacinamide Kulit Mulus Glowing,https://shopee.co.id/product/1368540320/40381755746,https://down-id.img.susercontent.com/file/id-11134207-822wh-mpkh8swahjpq47,"[""https://down-id.img.susercontent.com/file/id-11134207-822wh-mpkh8swahjpq47"", ""https://down-id.img.susercontent.com/file/id-11134207-822ws-mpkh8swaiya614"", ""https://down-id.img.susercontent.com/file/id-11134207-822wp-mpkh8swakcum4e"", ""https://down-id.img.susercontent.com/file/id-11134207-822wq-mpkh8swan5ziae"", ""https://down-id.img.susercontent.com/file/id-11134207-822wo-mpkh8swapz4e04"", ""https://down-id.img.susercontent.com/file/id-11134207-822wh-mpt9vstbl4b0e4"", ""https://down-id.img.susercontent.com/file/id-11134207-822wi-mpkh8swalrf259"", ""https://down-id.img.susercontent.com/file/id-11134207-822wp-mpkh8swardou61"", ""https://down-id.img.susercontent.com/file/id-11134207-822wr-mpkh8swass9a9e""]","[""OFFICIAL_SHOP""]","[""id-11134258-7r98z-lykpu80ygbvs76""]",FSS+SPayLater_NEW,id-11134258-822wt-mlynmevo9eyr24,False,False,False,1781590585,177900,1590000,177900,89,933244862808064,,,,,,152.0,148.0,4.887096774193548,62,"[0, 0, 0, 7, 55]","[""Produk Baru"", ""Free Gift""]",Cyeecare,5769514.0,100630,"[100630, 100665]",48,Jumlah,"[""Set 1"", ""Set 2""]"
Shopee,,id,2026-07-02,1368540320,cyeecare-id, Cyeecare Official Store,KAB. TANGERANG,29141311734,Cyeecare Paket Skincare 3 Pcs Glowing Kit Dark Spot Face Wash + Serum + Moisturizer,https://shopee.co.id/product/1368540320/29141311734,https://down-id.img.susercontent.com/file/id-11134207-822wm-mo0jjpk8p2bn2f,"[""https://down-id.img.susercontent.com/file/id-11134207-822wm-mo0jjpk8p2bn2f"", ""https://down-id.img.susercontent.com/file/id-11134207-822wg-mnflgth2tlhc9c"", ""https://down-id.img.susercontent.com/file/id-11134207-822wm-mnflgth2v01scf"", ""https://down-id.img.susercontent.com/file/id-11134207-822wm-mnflgth2wem847"", ""https://down-id.img.susercontent.com/file/id-11134207-822wt-mnflgth2xt6o49"", ""https://down-id.img.susercontent.com/file/id-11134207-822wu-mnflgth2z7r45d"", ""https://down-id.img.susercontent.com/file/id-11134207-822wr-mnflgth30mbk5e"", ""https://down-id.img.susercontent.com/file/id-11134207-822wu-mnf59wi8jz0jf7"", ""https://down-id.img.susercontent.com/file/id-11134207-822wm-mnfidzont5hkb8""]","[""OFFICIAL_SHOP""]","[""id-11134258-7r98z-lykpu80ygbvs76""]",FSS+SPayLater_NEW,id-11134258-822wt-mlynmevo9eyr24,False,False,False,1757398883,109000,1090000,109000,90,288865722318848,,,,,,3000.0,121.0,4.878402903811252,1653,"[5, 2, 26, 123, 1497]","[""Free Gift""]",Cyeecare,5769514.0,100630,"[100630, 100665]",845,type,"[""Set 1"", ""Set 2"", ""Set 3"", ""Set 4""]"
Shopee,,id,2026-07-02,1368540320,cyeecare-id, Cyeecare Official Store,KAB. TANGERANG,57860156397,Cyeecare Set 3in1 Perawatan Kulit Cerah Tenang AHA BHA Cleanser + Arbutin Serum + Centella Cream Glowing,https://shopee.co.id/product/1368540320/57860156397,https://down-id.img.susercontent.com/file/id-11134207-822wj-mnzfwimh1kozad,"[""https://down-id.img.susercontent.com/file/id-11134207-822wj-mnzfwimh1kozad""]","[""OFFICIAL_SHOP""]","[""id-11134258-7r98z-lykpu80ygbvs76""]",FSS+SPayLater_NEW,id-11134258-822wt-mlynmevo9eyr24,False,False,False,1778226473,1135000,1135000,1135000,,0,,,,,,1.0,,4.0,1,"[0, 0, 0, 1, 0]","[""Add-on Deal""]",Cyeecare,5769514.0,100630,"[100630, 100665]",3,Ukuran,"[""Set""]"
Shopee,,id,2026-07-02,1368540320,cyeecare-id, Cyeecare Official Store,KAB. TANGERANG,40280804783,Cyeecare Paket Perawatan Duo Eksfoliasi Mencerahkan Kulit Kusam & Glowing AHA Serum Cleanser,https://shopee.co.id/product/1368540320/40280804783,https://down-id.img.susercontent.com/file/id-11134207-822wu-mo59ub8jxceaad,"[""https://down-id.img.susercontent.com/file/id-11134207-822wu-mo59ub8jxceaad"", ""https://down-id.img.susercontent.com/file/id-11134207-822wk-mo59ub8k8kxs9c"", ""https://down-id.img.susercontent.com/file/id-11134207-822wg-mo59ub8kbe2o73"", ""https://down-id.img.susercontent.com/file/id-11134207-822wp-mo59ub8kcsn4e9"", ""https://down-id.img.susercontent.com/file/id-11134207-822wt-mo59ub8k9zi8c8"", ""https://down-id.img.susercontent.com/file/id-11134207-822wu-mo59ub8ke77k81"", ""https://down-id.img.susercontent.com/file/id-11134207-822wk-mo59ub8kfls0a3"", ""https://down-id.img.susercontent.com/file/id-11134207-822wj-mo59ub8kh0cg98"", ""https://down-id.img.susercontent.com/file/id-11134207-822wg-mo59ub8kieww88""]","[""OFFICIAL_SHOP""]","[""id-11134258-7r98z-lykpu80ygbvs76""]",FSS+SPayLater_NEW,id-11134258-822wt-mlynmevo9eyr24,False,False,False,1778579694,69000,420000,69000,84,930327363682304,,,,,,915.0,875.0,4.923444976076555,209,"[1, 0, 0, 12, 196]","[""Add-on Deal""]",Cyeecare,5769514.0,100630,"[100630, 100665]",255,Ukuran,"[""2 PCS"", ""[New]Cleanser""]"
Shopee,,id,2026-07-02,1368540320,cyeecare-id, Cyeecare Official Store,KAB. TANGERANG,51256726650,[KOL Exclusive] Cyeecare 3pcs Skincare Moisturizer Serum Cleanser Glowing Kit Mengurangi Dark Spot,https://shopee.co.id/product/1368540320/51256726650,https://down-id.img.susercontent.com/file/id-11134207-822wm-mnfhp0csoikj9b,"[""https://down-id.img.susercontent.com/file/id-11134207-822wm-mnfhp0csoikj9b"", ""https://down-id.img.susercontent.com/file/id-11134207-822wt-mlem1mtx1gqo76"", ""https://down-id.img.susercontent.com/file/id-11134207-822wo-mlem1mtx730g4a"", ""https://down-id.img.susercontent.com/file/id-11134207-822wg-mlem1mtx2vb433"", ""https://down-id.img.susercontent.com/file/id-11134207-822wi-mlem1mtx5og07b"", ""https://down-id.img.susercontent.com/file/id-11134207-822wr-mlem1mtx8hkwbe"", ""https://down-id.img.susercontent.com/file/id-11134207-822wg-mnfkbee3byth1a"", ""https://down-id.img.susercontent.com/file/id-11134207-8224y-mkj72won7y84f8""]","[""OFFICIAL_SHOP""]","[""id-11134258-7r98z-lykpu80ygbvs76""]",FSS+SPayLater_NEW,id-11134258-822wt-mlynmevo9eyr24,False,False,False,1772607561,123000,1110000,123000,89,866553264930816,,,,,,66.0,4.0,4.885714285714286,35,"[0, 0, 1, 2, 32]","[""Free Gift""]",Cyeecare,5769514.0,100630,"[100630, 100665]",89,type,"[""Cleanser+Serum+Cream""]"
Shopee,,id,2026-07-02,1368540320,cyeecare-id, Cyeecare Official Store,KAB. TANGERANG,52912412561,Cyeecare Tea Tree Anti-Acne Serum - Serum Jerawat Mengontrol Minyak 20ml,https://shopee.co.id/product/1368540320/52912412561,https://down-id.img.susercontent.com/file/id-11134207-822wj-mplylqymls7jdb,"[""https://down-id.img.susercontent.com/file/id-11134207-822wj-mplylqymls7jdb"", ""https://down-id.img.susercontent.com/file/id-11134207-822wj-mplylqymn6rz30"", ""https://down-id.img.susercontent.com/file/id-11134207-822ws-mpklld4elwy66d""]","[""OFFICIAL_SHOP""]","[""id-11134258-7r98z-lykpu80ygbvs76""]",FSS+SPayLater_NEW,id-11134258-822wt-mlynmevo9eyr24,False,False,False,1781770554,65550,437000,65550,85,471712986832966,,,,,,,,0.0,0,"[0, 0, 0, 0, 0]","[""Produk Baru""]",Cyeecare,5769514.0,100630,"[100630, 100663, 100885, 101649]",0,Ukuran,"[""Serum""]"
Shopee,,id,2026-07-02,1368540320,cyeecare-id, Cyeecare Official Store,KAB. TANGERANG,54059337526,Cyeecare TRI-ACID ARBUTIN Sabun Cuci Muka Gel 120ml Brightening Oil Control Bebas Kilap Cerah Merata,https://shopee.co.id/product/1368540320/54059337526,https://down-id.img.susercontent.com/file/id-11134207-822wu-mndx1ib98b9caf,"[""https://down-id.img.susercontent.com/file/id-11134207-822wu-mndx1ib98b9caf""]","[""OFFICIAL_SHOP""]","[""id-11134258-7r98z-lykpu80ygbvs76""]",FSS+SPayLater_NEW,id-11134258-822wt-mlynmevo9eyr24,False,False,False,1776912380,68900,580000,68900,88,931791142240256,,,,,,33.0,13.0,4.863636363636363,22,"[0, 0, 0, 3, 19]","[""Add-on Deal""]",Cyeecare,5769514.0,100630,"[100630, 100664, 100891]",42,Ukuran,"[""120ml*1"", ""120ml*2""]"
Shopee,,id,2026-07-02,1368540320,cyeecare-id, Cyeecare Official Store,KAB. TANGERANG,46300762080,Cyeecare Salicylic Acid Facial Cleanser Face Wash 70g &Tone Up Cream 20g,https://shopee.co.id/product/1368540320/46300762080,https://down-id.img.susercontent.com/file/id-11134207-8224s-mgm3h9te874a97,"[""https://down-id.img.susercontent.com/file/id-11134207-8224s-mgm3h9te874a97"", ""https://down-id.img.susercontent.com/file/id-11134207-82250-mgm42b2tk4coda"", ""https://down-id.img.susercontent.com/file/id-11134207-82250-mkj72wonyn0kbf"", ""https://down-id.img.susercontent.com/file/id-11134207-8224z-mgm3h9tecetm3e"", ""https://down-id.img.susercontent.com/file/id-11134207-8224v-mgm3h9tef7yi77"", ""https://down-id.img.susercontent.com/file/id-11134207-8224o-mkj72woo01l06d"", ""https://down-id.img.susercontent.com/file/id-11134207-82251-mgq5iknqtq8948"", ""https://down-id.img.susercontent.com/file/id-11134207-8224o-mgm3h9te9loqb2""]","[""OFFICIAL_SHOP""]","[""id-11134258-7r98z-lykpu80ygbvs76""]",FSS+SPayLater_NEW,id-11134258-822wt-mlynmevo9eyr24,False,False,False,1762165135,81900,1182888,81900,93,931791142240256,,,,,,131.0,20.0,4.886075949367089,79,"[0, 0, 0, 9, 70]","[""Add-on Deal""]",Cyeecare,5769514.0,100630,"[100630, 100665]",74,Types,"[""SET""]"
Shopee,,id,2026-07-02,1368540320,cyeecare-id, Cyeecare Official Store,KAB. TANGERANG,44100386393,Cyeecare Combo Hemat Set (3pcs Tone-Up Cream + 1pc Peeling Solution) ,https://shopee.co.id/product/1368540320/44100386393,https://down-id.img.susercontent.com/file/id-11134207-81ztp-mel221dnc54yc5,"[""https://down-id.img.susercontent.com/file/id-11134207-81ztp-mel221dnc54yc5"", ""https://down-id.img.susercontent.com/file/id-11134207-8224x-mgzwg1evlqfg77"", ""https://down-id.img.susercontent.com/file/id-11134207-8224v-mgzw8bzrdx575b"", ""https://down-id.img.susercontent.com/file/id-11134207-8224q-mkj6k25tdamccc"", ""https://down-id.img.susercontent.com/file/id-11134207-82250-mgzw8bzrfbpnb2"", ""https://down-id.img.susercontent.com/file/id-11134207-82252-mkj6k25tep6s6a"", ""https://down-id.img.susercontent.com/file/id-11134207-8224w-mgzw8bzri4ujed"", ""https://down-id.img.susercontent.com/file/id-11134207-8224y-mgzw8bzrjjezc1""]","[""OFFICIAL_SHOP""]","[""id-11134258-7r98z-lykpu80ygbvs76""]",FSS+SPayLater_NEW,id-11134258-822wt-mlynmevo9eyr24,False,False,False,1746832775,126000,799999,126000,84,288865722318848,,,,,,2000.0,107.0,4.85978835978836,1134,"[5, 4, 20, 87, 1018]","[""Add-on Deal""]",Cyeecare,5769514.0,100630,"[100630, 100665]",861,Pilihan,"[""3 ToneUp +1 Peeling""]"
Shopee,,id,2026-07-02,1368540320,cyeecare-id, Cyeecare Official Store,KAB. TANGERANG,41753991537,Cyeecare 3pcs paket Skincare Moisturizer+Serum+Cleanser Face Wash Glowing Kit Dark Spot,https://shopee.co.id/product/1368540320/41753991537,https://down-id.img.susercontent.com/file/id-11134207-822wm-mnfhp0csoikj9b,"[""https://down-id.img.susercontent.com/file/id-11134207-822wm-mnfhp0csoikj9b"", ""https://down-id.img.susercontent.com/file/id-11134207-822wr-mnfhp0csda0z20"", ""https://down-id.img.susercontent.com/file/id-11134207-822wo-mnfhp0csg35vd8"", ""https://down-id.img.susercontent.com/file/id-11134207-822ws-mnfhp0cseolfdf"", ""https://down-id.img.susercontent.com/file/id-11134207-822wl-mnfhp0cshhqb2f"", ""https://down-id.img.susercontent.com/file/id-11134207-822wl-mnfhp0csiwarb9"", ""https://down-id.img.susercontent.com/file/id-11134207-822wr-mnfhp0cskav7a4"", ""https://down-id.img.susercontent.com/file/id-11134207-822wu-mnf59wi8jz0jf7"", ""https://down-id.img.susercontent.com/file/id-11134207-822wn-mnfhp0csn403c1""]","[""OFFICIAL_SHOP""]","[""id-11134258-7r98z-lykpu80ygbvs76""]",FSS+SPayLater_NEW,id-11134258-822wt-mlynmevo9eyr24,False,False,False,1749542889,109000,1090000,109000,90,288865722318848,,,,,,10000.0,185.0,4.863532110091743,6976,"[19, 14, 121, 592, 6230]","[""Free Gift""]",Cyeecare,5769514.0,100630,"[100630, 100665]",2754,type,"[""Set 1"", ""Set2"", ""Set 3"", ""Set 4""]"
Shopee,,id,2026-07-02,1368540320,cyeecare-id, Cyeecare Official Store,KAB. TANGERANG,41854010251,Cyeecare AHA Serum + Cleanser Brightening & Exfoliating Skin Care Paket Pembersih Wajah Mencerahkan,https://shopee.co.id/product/1368540320/41854010251,https://down-id.img.susercontent.com/file/id-11134207-822wm-mo59ub8kjthc6a,"[""https://down-id.img.susercontent.com/file/id-11134207-822wm-mo59ub8kjthc6a"", ""https://down-id.img.susercontent.com/file/id-11134207-822wk-mo59ub8k8kxs9c"", ""https://down-id.img.susercontent.com/file/id-11134207-822wt-mo96r3qkw2dif2"", ""https://down-id.img.susercontent.com/file/id-11134207-822wg-mo96r3qkunt2df"", ""https://down-id.img.susercontent.com/file/id-11134207-822wt-mo59ub8k9zi8c8"", ""https://down-id.img.susercontent.com/file/id-11134207-822wu-mo59ub8ke77k81"", ""https://down-id.img.susercontent.com/file/id-11134207-822wk-mo59ub8kfls0a3"", ""https://down-id.img.susercontent.com/file/id-11134207-822wj-mo59ub8kh0cg98"", ""https://down-id.img.susercontent.com/file/id-11134207-822wg-mo59ub8kieww88""]","[""OFFICIAL_SHOP""]","[""id-11134258-7r98z-lykpu80ygbvs76""]",FSS+SPayLater_NEW,id-11134258-822wt-mlynmevo9eyr24,False,False,False,1749541118,104900,599000,104900,82,933253142380544,,,,,,1000.0,46.0,4.846311475409836,488,"[2, 2, 11, 39, 434]","[""Add-on Deal""]",Cyeecare,5769514.0,100630,"[100630, 100665]",298,type,"[""[New]Set"", ""set""]"
Shopee,,id,2026-07-02,1368540320,cyeecare-id, Cyeecare Official Store,KAB. TANGERANG,24994496898,Cyeecare Paket Glowing Duo Eksfoliasi: Serum AHA + Cleanser Mencerahkan Kulit Kusam Kecilkan Pori-Pori,https://shopee.co.id/product/1368540320/24994496898,https://down-id.img.susercontent.com/file/id-11134207-822wg-mo96r3qkp1ja99,"[""https://down-id.img.susercontent.com/file/id-11134207-822wg-mo96r3qkp1ja99""]","[""OFFICIAL_SHOP""]","[""id-11134258-7r98z-lykpu80ygbvs76""]",FSS+SPayLater_NEW,id-11134258-822wt-mlynmevo9eyr24,False,False,False,1745470824,104900,599000,104900,82,931791142240256,,,,,,2000.0,19.0,4.856277056277056,1155,"[4, 1, 22, 103, 1025]","[""Add-on Deal""]",Cyeecare,5769514.0,100630,"[100630, 100665]",755,type,"[""[New]Set"", ""set""]"
Shopee,,id,2026-07-03,1368540320,cyeecare.id, Cyeecare Official Store,KAB. TANGERANG,43654004856,Cyeecare Masker Rambut Keratin Hair Mask Treatment Salon - Rambut Halus Lembut Wangi Anti Rontok Kering Kusut Hair Care 150ml,https://shopee.co.id/product/1368540320/43654004856,https://down-id.img.susercontent.com/file/id-11134207-822wt-mn3qox6im5mu3d,"[""https://down-id.img.susercontent.com/file/id-11134207-822wt-mn3qox6im5mu3d""]","[""OFFICIAL_SHOP""]","[""id-11134258-7r98z-lykpu80ygbvs76""]",FSS+SPayLater_NEW,id-11134258-822wt-mlynmevo9eyr24,False,False,False,1749547814,66900,338888,66900,80,933253142380544,,,,,,10000.0,1000.0,4.797022371190272,12829,"[85, 62, 364, 1350, 10968]","[""Add-on Deal""]",Cyeecare,4878874.0,100630,"[100630, 100659, 100871]",12998,type,"[""[Promosi]1pcs"", ""1pcs"", ""2pcs"", ""Upgraded"", ""Upgraded*2""]"
Shopee,,id,2026-07-03,1368540320,cyeecare.id, Cyeecare Official Store,KAB. TANGERANG,55556714442,[KOL Exclusive] Cyeecare Serum Eksfoliasi AHA BHA PHA LHA Peeling Serum Brightening Hilangkan Dark Spot & Bekas Jerawat 20g,https://shopee.co.id/product/1368540320/55556714442,https://down-id.img.susercontent.com/file/id-11134207-8224x-ml4mc4lyky6la9,"[""https://down-id.img.susercontent.com/file/id-11134207-8224x-ml4mc4lyky6la9"", ""https://down-id.img.susercontent.com/file/id-11134207-822wj-mlel93rekb9daf"", ""https://down-id.img.susercontent.com/file/id-11134207-822wk-mlel93rk7zlx26"", ""https://down-id.img.susercontent.com/file/id-11134207-82251-mkj72wont0qsdd"", ""https://down-id.img.susercontent.com/file/id-11134207-822wg-mlel93ri8cn76e"", ""https://down-id.img.susercontent.com/file/id-11134207-822wk-mlel93ri9r7n6a"", ""https://down-id.img.susercontent.com/file/id-11134207-822wm-mlel93ridywzf1"", ""https://down-id.img.susercontent.com/file/id-11134207-822ws-mlel93rickcj35"", ""https://down-id.img.susercontent.com/file/id-11134207-822wj-mlel93rib5s374""]","[""OFFICIAL_SHOP""]","[""id-11134258-7r98z-lykpu80ygbvs76""]",FSS+SPayLater_NEW,id-11134258-822wt-mlynmevo9eyr24,False,False,False,1772606433,48900,319999,48900,85,933253142380544,,,,,,231.0,167.0,4.857142857142857,98,"[0, 0, 2, 10, 86]","[""Add-on Deal""]",,,100630,"[100630, 100664, 100896]",106,Ukuran,"[""1 PCS""]"
Shopee,,id,2026-07-03,1368540320,cyeecare.id, Cyeecare Official Store,KAB. TANGERANG,42418380245,Cyeecare Wajah Pemutih Wajah Serum Membantu Memudarkan Garis  Niacinamide&Squalane Brightening Serum 20g,https://shopee.co.id/product/1368540320/42418380245,https://down-id.img.susercontent.com/file/id-11134207-822wu-mn5mpecxzrpc17,"[""https://down-id.img.susercontent.com/file/id-11134207-822wu-mn5mpecxzrpc17"", ""https://down-id.img.susercontent.com/file/id-11134207-8224z-mfs4gkx2sl5abe"", ""https://down-id.img.susercontent.com/file/id-11134207-8224u-mfs4gkx2zlzidf"", ""https://down-id.img.susercontent.com/file/id-11134207-8224y-mkj8jui2ubk039"", ""https://down-id.img.susercontent.com/file/id-11134207-8224v-mkj8jui2swzk9e"", ""https://down-id.img.susercontent.com/file/id-11134207-82250-mfs4gkx2wsum37"", ""https://down-id.img.susercontent.com/file/id-11134207-8224p-mfs4gkx32f4e9b"", ""https://down-id.img.susercontent.com/file/id-11134207-8224o-mfs4gkx33tou27""]","[""OFFICIAL_SHOP""]","[""id-11134258-7r98z-lykpu80ygbvs76""]",FSS+SPayLater_NEW,id-11134258-822wt-mlynmevo9eyr24,False,False,False,1757496868,34900,280000,34900,88,933253142380544,,,,,,4000.0,1000.0,4.860600627521291,2231,"[8, 2, 39, 195, 1987]","[""Add-on Deal""]",Cyeecare,5769514.0,100630,"[100630, 100664, 100896]",1065,model,"[""serum""]"
Shopee,,id,2026-07-03,1368540320,cyeecare.id, Cyeecare Official Store,KAB. TANGERANG,29790939109,[PROMO] Cyeecare Hair Mask Keratin + Hyaluronic Acid Masker Rambut Creambath Treatment Perawatan Rambut Rusak Kering Rontok 150ml,https://shopee.co.id/product/1368540320/29790939109,https://down-id.img.susercontent.com/file/id-11134207-8224s-mjezy9r1gwzrcf,"[""https://down-id.img.susercontent.com/file/id-11134207-8224s-mjezy9r1gwzrcf"", ""https://down-id.img.susercontent.com/file/id-11134207-8224x-mjezy9qrfx1jc2"", ""https://down-id.img.susercontent.com/file/id-11134207-82250-mkj7wdmopbsw87"", ""https://down-id.img.susercontent.com/file/id-11134207-8224y-mggei6v5quxbe6"", ""https://down-id.img.susercontent.com/file/id-11134207-8224p-mggei6v5v2mnd5"", ""https://down-id.img.susercontent.com/file/sg-11134201-824hd-mpfd5wt9g7pde1"", ""https://down-id.img.susercontent.com/file/id-11134207-8224r-mggei6v5s9hr31"", ""https://down-id.img.susercontent.com/file/id-11134207-82252-mggei6v5to27f9""]","[""OFFICIAL_SHOP""]","[""id-11134258-7r98z-lykpu80ygbvs76""]",FSS+SPayLater_NEW,id-11134258-822wt-mlynmevo9eyr24,False,False,False,1756722495,66900,320000,66900,79,283361398755328,,,,,,10000.0,388.0,4.78567676413938,5711,"[56, 27, 164, 591, 4873]","[""Add-on Deal""]",Cyeecare,5769514.0,100630,"[100630, 100659, 100871]",2985,Ukuran,"[""1 PCS"", ""2 PCS""]"
Shopee,,id,2026-07-03,1368540320,cyeecare.id, Cyeecare Official Store,KAB. TANGERANG,42118381673,Cyeecare 5X Centella Soothing Cream 30g Moisturizer Wajah Pereda Kemerahan Skin Barrier Pelembab Muka Sensitif Glowing Halus Ringan Day Night Cream,https://shopee.co.id/product/1368540320/42118381673,https://down-id.img.susercontent.com/file/id-11134207-822wk-mne6ngbnxceb21,"[""https://down-id.img.susercontent.com/file/id-11134207-822wk-mne6ngbnxceb21"", ""https://down-id.img.susercontent.com/file/id-11134207-822wr-mnfhp0csda0z20"", ""https://down-id.img.susercontent.com/file/id-11134207-822wo-mnfhp0csg35vd8"", ""https://down-id.img.susercontent.com/file/id-11134207-822ws-mnfhp0cseolfdf"", ""https://down-id.img.susercontent.com/file/id-11134207-822wl-mnfhp0cshhqb2f"", ""https://down-id.img.susercontent.com/file/id-11134207-822wl-mnfhp0csiwarb9"", ""https://down-id.img.susercontent.com/file/id-11134207-822wr-mnfhp0cskav7a4"", ""https://down-id.img.susercontent.com/file/id-11134207-822wr-mnfhp0cslpfn92"", ""https://down-id.img.susercontent.com/file/id-11134207-822wn-mnfhp0csn403c1""]","[""OFFICIAL_SHOP""]","[""id-11134258-7r98z-lykpu80ygbvs76""]",FSS+SPayLater_NEW,id-11134258-822wt-mlynmevo9eyr24,False,False,False,1757498538,58900,445000,58900,87,931791142240256,,,,,,7000.0,261.0,4.862617924528302,3392,"[6, 3, 62, 309, 3012]","[""Add-on Deal""]",Cyeecare,5769514.0,100630,"[100630, 100664, 100893]",1556,model,"[""[New]Soothing Cream""]"
Shopee,,id,2026-07-03,1368540320,cyeecare.id, Cyeecare Official Store,KAB. TANGERANG,57161987975,[New Launch] Cyeecare Glowing Essence Cream Krim Wajah Cerah & Lembap Niacinamide + Dual Vitamin C E + Hamamelis Brightening Moisturizer untuk Kulit Kusam Formulated in Korea 30g,https://shopee.co.id/product/1368540320/57161987975,https://down-id.img.susercontent.com/file/id-11134207-822wk-mpt9shhmtu6875,"[""https://down-id.img.susercontent.com/file/id-11134207-822wk-mpt9shhmtu6875"", ""https://down-id.img.susercontent.com/file/id-11134207-822wp-mpitybx9026j9c"", ""https://down-id.img.susercontent.com/file/id-11134207-822wr-mpkh2m6ztx589a"", ""https://down-id.img.susercontent.com/file/id-11134207-822wj-mpkh2m6xdfcwf5"", ""https://down-id.img.susercontent.com/file/id-11134207-822wt-mpt9vst8b4lp6a"", ""https://down-id.img.susercontent.com/file/id-11134207-822ws-mpkh2m6xc0sg74"", ""https://down-id.img.susercontent.com/file/id-11134207-822wh-mpkh2m70c6izef"", ""https://down-id.img.susercontent.com/file/id-11134207-822wq-mpkh2m70dl3f9d"", ""https://down-id.img.susercontent.com/file/id-11134207-822ws-mpkh2m70eznvf5""]","[""OFFICIAL_SHOP""]","[""id-11134258-7r98z-lykpu80ygbvs76""]",FSS+SPayLater_NEW,id-11134258-822wt-mlynmevo9eyr24,False,False,False,1781085604,48900,395000,48900,88,933244862808064,,,,,,83.0,82.0,4.926829268292683,41,"[0, 0, 0, 3, 38]","[""Produk Baru""]",Cyeecare,5769514.0,100630,"[100630, 100664, 100893]",22,Jumlah,"[""Niacinamide Cream"", ""Niacinamide Cream*2"", ""377 Cream*1"", ""377 Cream*2""]"
Shopee,,id,2026-07-03,1368540320,cyeecare.id, Cyeecare Official Store,KAB. TANGERANG,26240939189,Cyeecare 5X Centella Soothing Cream 30g Moisturizer Wajah Pereda Kemerahan Perbaikan Skin Barrier Glowing Halus Ringan BPOM,https://shopee.co.id/product/1368540320/26240939189,https://down-id.img.susercontent.com/file/id-11134207-822ws-mnfhp0csbvgjc5,"[""https://down-id.img.susercontent.com/file/id-11134207-822ws-mnfhp0csbvgjc5"", ""https://down-id.img.susercontent.com/file/id-11134207-822wr-mnfhp0csda0z20"", ""https://down-id.img.susercontent.com/file/id-11134207-822wo-mnfhp0csg35vd8"", ""https://down-id.img.susercontent.com/file/id-11134207-822ws-mnfhp0cseolfdf"", ""https://down-id.img.susercontent.com/file/id-11134207-822wl-mnfhp0cshhqb2f"", ""https://down-id.img.susercontent.com/file/id-11134207-822wl-mnfhp0csiwarb9"", ""https://down-id.img.susercontent.com/file/id-11134207-822wr-mnfhp0cskav7a4"", ""https://down-id.img.susercontent.com/file/id-11134207-822wr-mnfhp0cslpfn92"", ""https://down-id.img.susercontent.com/file/id-11134207-822wn-mnfhp0csn403c1""]","[""OFFICIAL_SHOP""]","[""id-11134258-7r98z-lykpu80ygbvs76""]",FSS+SPayLater_NEW,id-11134258-822wt-mlynmevo9eyr24,False,False,False,1756722956,59000,580000,59000,90,289226218557440,,,,,,10000.0,24.0,4.870117935365293,6529,"[7, 14, 99, 580, 5829]","[""Add-on Deal""]",Cyeecare,5769514.0,100630,"[100630, 100664, 100893]",1592,Jumlah,"[""[New]Soothing Cream"", ""[New]Serum+Cream""]"
Shopee,,id,2026-07-03,1368540320,cyeecare.id, Cyeecare Official Store,KAB. TANGERANG,53811593142,"[KOL Exclusive]Cyeecare Hair Mask 150ml – Masker Rambut Keratin & Hyaluronic Acid untuk Rambut Lurus, Lembut & Tidak Mengembang",https://shopee.co.id/product/1368540320/53811593142,https://down-id.img.susercontent.com/file/id-11134207-822wo-mp0n5xir4i6j99,"[""https://down-id.img.susercontent.com/file/id-11134207-822wo-mp0n5xir4i6j99"", ""https://down-id.img.susercontent.com/file/id-11134207-822wm-mp0n5xip92xbf6"", ""https://down-id.img.susercontent.com/file/id-11134207-822wm-mp0n5xin3toi88"", ""https://down-id.img.susercontent.com/file/id-11134207-822wi-mp0n5xitdz40b4"", ""https://down-id.img.susercontent.com/file/sg-11134201-824jf-mplqzk224wlc7e"", ""https://down-id.img.susercontent.com/file/id-11134207-822wt-mp0n5xiu4nwt30"", ""https://down-id.img.susercontent.com/file/id-11134207-822wl-mp0n5xir0ah74f"", ""https://down-id.img.susercontent.com/file/id-11134207-822wr-mp0n5xir1p1naa""]","[""OFFICIAL_SHOP""]","[""id-11134258-7r98z-lykpu80ygbvs76""]",FSS+SPayLater_NEW,id-11134258-822wt-mlynmevo9eyr24,False,False,False,1780478403,35000,320000,35000,89,866553264930816,,,,,,418.0,403.0,4.876923076923077,130,"[0, 1, 1, 11, 117]","[""Produk Baru"", ""Add-on Deal""]",Cyeecare,5769514.0,100630,"[100630, 100659, 100871]",115,Ukuran,"[""1 PCS"", ""2 PCS""]"
Shopee,,id,2026-07-03,1368540320,cyeecare.id, Cyeecare Official Store,KAB. TANGERANG,40118761850,Cyeecare Keratin Silky Fragrance Hair Mask Hair Care 150 Ml,https://shopee.co.id/product/1368540320/40118761850,https://down-id.img.susercontent.com/file/id-11134207-82252-mggei6v5wh7334,"[""https://down-id.img.susercontent.com/file/id-11134207-82252-mggei6v5wh7334"", ""https://down-id.img.susercontent.com/file/id-11134207-8224r-mkj7wdmk7si098"", ""https://down-id.img.susercontent.com/file/id-11134207-8224y-mggei6v5quxbe6"", ""https://down-id.img.susercontent.com/file/id-11134207-8224p-mggei6v5v2mnd5"", ""https://down-id.img.susercontent.com/file/sg-11134201-824hd-mpfd5wt9g7pde1"", ""https://down-id.img.susercontent.com/file/id-11134207-8224r-mggei6v5s9hr31"", ""https://down-id.img.susercontent.com/file/id-11134207-82252-mggei6v5to27f9"", ""https://down-id.img.susercontent.com/file/id-11134207-8224u-mggei6v5pgcv5b""]","[""OFFICIAL_SHOP""]","[""id-11134258-7r98z-lykpu80ygbvs76""]",FSS+SPayLater_NEW,id-11134258-822wt-mlynmevo9eyr24,False,False,False,1757730687,66900,429999,66900,84,933253142380544,,,,,,10000.0,1000.0,4.8119603453789574,6254,"[35, 29, 139, 671, 5380]","[""Add-on Deal""]",Cyeecare,4878874.0,100630,"[100630, 100659, 100871]",5598,Ukuran,"[""1 PCS"", ""2 PCS""]"
Shopee,,id,2026-07-03,1368540320,cyeecare.id, Cyeecare Official Store,KAB. TANGERANG,28934445366,Cyeecare Hair Mask Masker Rambut Keratin Hyaluronic Acid Treatment Melembutkan Meluruskan Rambut Rusak Kering Mengembang 150ml,https://shopee.co.id/product/1368540320/28934445366,https://down-id.img.susercontent.com/file/id-11134207-8224s-mjezy9r1gwzrcf,"[""https://down-id.img.susercontent.com/file/id-11134207-8224s-mjezy9r1gwzrcf"", ""https://down-id.img.susercontent.com/file/id-11134207-8224o-mkj7wdmonx8gb0"", ""https://down-id.img.susercontent.com/file/id-11134207-8224q-mggdh8i7sjd7ca"", ""https://down-id.img.susercontent.com/file/id-11134207-8224r-mggdh8i8dlvu4b"", ""https://down-id.img.susercontent.com/file/sg-11134201-824im-mpduel3fyxak53"", ""https://down-id.img.susercontent.com/file/id-11134207-8224p-mggdh8iasp3j26"", ""https://down-id.img.susercontent.com/file/id-11134207-82251-mggdh8i3nn60d6"", ""https://down-id.img.susercontent.com/file/id-11134207-8224p-mggdh8iad8unda""]","[""OFFICIAL_SHOP""]","[""id-11134258-7r98z-lykpu80ygbvs76""]",FSS+SPayLater_NEW,id-11134258-822wt-mlynmevo9eyr24,False,False,False,1745311760,34900,319999,34900,89,933253142380544,,,,,,10000.0,1000.0,4.770530229550598,37116,"[289, 227, 1257, 4166, 31177]","[""Add-on Deal""]",Cyeecare,5769514.0,100630,"[100630, 100659, 100871]",37752,Ukuran,"[""[Promosi]1 PCS"", ""1 PCS"", ""2 PCS""]"
Shopee,,id,2026-07-03,1368540320,cyeecare.id, Cyeecare Official Store,KAB. TANGERANG,26120309394,Cyeecare AHA BHA PHA LHA Peeling Solution Serum Eksfoliasi Wajah Menghaluskan Mencerahkan Kulit Mengangkat Sel Kulit Mati Komedo 20g,https://shopee.co.id/product/1368540320/26120309394,https://down-id.img.susercontent.com/file/id-11134207-8224x-ml4mc4lyky6la9,"[""https://down-id.img.susercontent.com/file/id-11134207-8224x-ml4mc4lyky6la9"", ""https://down-id.img.susercontent.com/file/id-11134207-8224u-mil9khktrxmv56"", ""https://down-id.img.susercontent.com/file/id-11134207-82252-mil9khktxjwnc8"", ""https://down-id.img.susercontent.com/file/id-11134207-82250-mkj5jv14h2py5f"", ""https://down-id.img.susercontent.com/file/id-11134207-82251-mkj5jv14fo5ia9"", ""https://down-id.img.susercontent.com/file/id-11134207-8224x-mil9khkttc7b2b"", ""https://down-id.img.susercontent.com/file/id-11134207-8224z-mj7wvkkp222oe4"", ""https://down-id.img.susercontent.com/file/id-11134207-8224p-mil9khku0d1jfa"", ""https://down-id.img.susercontent.com/file/id-11134207-822wj-mlel93rib5s374""]","[""OFFICIAL_SHOP""]","[""id-11134258-7r98z-lykpu80ygbvs76""]",FSS+SPayLater_NEW,id-11134258-822wt-mlynmevo9eyr24,False,False,False,1733886898,88000,399000,88000,78,289226218557440,,,,,,10000.0,1000.0,4.800032321273458,49503,"[286, 225, 1394, 5292, 42306]","[""Add-on Deal""]",Cyeecare,5769514.0,100630,"[100630, 100664, 100896]",26568,Ukuran,"[""[Promosi]1 PCS"", ""1 PCS"", ""2 PCS"", ""Paket Hemat"", ""Tone-Up Cream*1"", ""Tone-Up Cream*3"", ""HairMask"", ""GlowSerum"", ""Serum+Glow Pair"", ""Serum+GlowSerum"", ""Serum+Hair Pair""]"
Shopee,,id,2026-07-03,1368540320,cyeecare.id, Cyeecare Official Store,KAB. TANGERANG,52711988070,[New Launch] Cyeecare Glowing Essence Cream Krim Wajah Gentle Formula Niacinamide + Hamamelis Korea Aman Kulit Sensitif & Berminyak Brightening Moisturizer 30g,https://shopee.co.id/product/1368540320/52711988070,https://down-id.img.susercontent.com/file/id-11134207-822wl-mpt9shhmilmo5e,"[""https://down-id.img.susercontent.com/file/id-11134207-822wl-mpt9shhmilmo5e""]","[""OFFICIAL_SHOP""]","[""id-11134258-7r98z-lykpu80ygbvs76""]",FSS+SPayLater_NEW,id-11134258-822wt-mlynmevo9eyr24,False,False,False,1781086293,48900,395000,48900,88,933244862808064,,,,,,157.0,153.0,4.906666666666666,75,"[0, 0, 1, 5, 69]","[""Produk Baru""]",Cyeecare,5769514.0,100630,"[100630, 100664, 100893]",30,Jumlah,"[""Niacinamide Cream"", ""Niacinamide Cream*2"", ""377 Cream"", ""377 Cream*2""]"
Shopee,,id,2026-07-03,1368540320,cyeecare.id, Cyeecare Official Store,KAB. TANGERANG,54211592942,[KOL Exclusive]Cyeecare Ginger Hair Serum 20g – Serum Rambut Anti Rontok & Penumbuh Rambut Alami,https://shopee.co.id/product/1368540320/54211592942,https://down-id.img.susercontent.com/file/id-11134207-822wk-mo3vqh6ugikhdd,"[""https://down-id.img.susercontent.com/file/id-11134207-822wk-mo3vqh6ugikhdd"", ""https://down-id.img.susercontent.com/file/id-11134207-822wg-mo3vqh6uhx4x76"", ""https://down-id.img.susercontent.com/file/id-11134207-822wt-mo3vqh6t4r9ca0"", ""https://down-id.img.susercontent.com/file/id-11134207-822wu-mo3vqh6wre2rf1"", ""https://down-id.img.susercontent.com/file/id-11134207-822wq-mo3vqh6smhvs94"", ""https://down-id.img.susercontent.com/file/id-11134207-822wu-mo3vqh701ds570"", ""https://down-id.img.susercontent.com/file/id-11134207-822wo-mo3vqh70701xb8""]","[""OFFICIAL_SHOP""]","[""id-11134258-7r98z-lykpu80ygbvs76""]",FSS+SPayLater_NEW,id-11134258-822wt-mlynmevo9eyr24,False,False,False,1780477861,32400,390000,32400,92,476407260266547,,,,,,138.0,134.0,4.830508474576271,59,"[0, 0, 0, 10, 49]","[""Produk Baru"", ""Add-on Deal""]",Cyeecare,5769514.0,100630,"[100630, 100659, 100871]",54,type,"[""1pcs"", ""2pcs"", ""3pcs""]"
Shopee,,id,2026-07-03,1368540320,cyeecare.id, Cyeecare Official Store,KAB. TANGERANG,42303994190,Cyeecare Facial Cleanser Gentle Purifying Amino Acid & Salicylic Acid Facial Cleanser,https://shopee.co.id/product/1368540320/42303994190,https://down-id.img.susercontent.com/file/id-11134207-8224s-mhq1e311026c73,"[""https://down-id.img.susercontent.com/file/id-11134207-8224s-mhq1e311026c73"", ""https://down-id.img.susercontent.com/file/id-11134207-82250-mkj72wonyn0kbf"", ""https://down-id.img.susercontent.com/file/id-11134207-81ztq-mfndygzo71mzdd"", ""https://down-id.img.susercontent.com/file/id-11134207-81ztd-mfndygzo9urvd4"", ""https://down-id.img.susercontent.com/file/id-11134207-8224o-mkj72woo01l06d"", ""https://down-id.img.susercontent.com/file/id-11134207-82252-mg66bbng2ivg85"", ""https://down-id.img.susercontent.com/file/id-11134207-81ztk-mfne1v368mx7e9"", ""https://down-id.img.susercontent.com/file/id-11134207-8224q-mgozf9323ito25""]","[""OFFICIAL_SHOP""]","[""id-11134258-7r98z-lykpu80ygbvs76""]",FSS+SPayLater_NEW,id-11134258-822wt-mlynmevo9eyr24,False,False,False,1749547203,34900,366000,34900,90,933244862808064,,,,,,3000.0,1000.0,4.8888,1250,"[3, 2, 14, 93, 1138]","[""Add-on Deal""]",Cyeecare,5769514.0,100630,"[100630, 100664, 100891]",530,type,"[""80ml""]"
Shopee,,id,2026-07-03,1368540320,cyeecare.id, Cyeecare Official Store,KAB. TANGERANG,40067607690,Cyeecare Facial Care Set Peeling Serum 20g + 5X Centella Soothing Cream 30g,https://shopee.co.id/product/1368540320/40067607690,https://down-id.img.susercontent.com/file/id-11134207-822wt-mnnz3pt4zy81de,"[""https://down-id.img.susercontent.com/file/id-11134207-822wt-mnnz3pt4zy81de"", ""https://down-id.img.susercontent.com/file/id-11134207-822wn-mnf59wic579dbc"", ""https://down-id.img.susercontent.com/file/id-11134207-822wq-mnf59wic6ltt24"", ""https://down-id.img.susercontent.com/file/id-11134207-822wj-mnf59wic80e9ac"", ""https://down-id.img.susercontent.com/file/id-11134207-822wn-mnf59wicatj588"", ""https://down-id.img.susercontent.com/file/id-11134207-822wu-mnf59wic9eyp79"", ""https://down-id.img.susercontent.com/file/id-11134207-822wj-mnf59wicc83l0f"", ""https://down-id.img.susercontent.com/file/id-11134207-822wu-mnf59wi8jz0jf7"", ""https://down-id.img.susercontent.com/file/id-11134207-822wh-mnf59wibzkzleb""]","[""OFFICIAL_SHOP""]","[""id-11134258-7r98z-lykpu80ygbvs76""]",FSS+SPayLater_NEW,id-11134258-822wt-mlynmevo9eyr24,False,False,False,1757053106,58900,445000,58900,87,931791142240256,,,,,,10000.0,185.0,4.8480557256582975,13064,"[40, 23, 248, 1260, 11493]","[""Add-on Deal""]",Cyeecare,5769514.0,100630,"[100630, 100665]",4763,type,"[""Peeling+Cream"", ""Peeling+New Cream"", ""Soothing Cream""]"
Shopee,,id,2026-07-03,1368540320,cyeecare.id, Cyeecare Official Store,KAB. TANGERANG,54412798940,[New Launch] Cyeecare 377 Glow Radiance Cream 30g BPOM Krim Pencerah Wajah Pemudar Noda Hitam Flek Bekas Jerawat Niacinamide Tranexamic Acid 8D Hyaluronic Acid Ceramide Korea,https://shopee.co.id/product/1368540320/54412798940,https://down-id.img.susercontent.com/file/id-11134207-822wg-mpw1b01q8u0wfa,"[""https://down-id.img.susercontent.com/file/id-11134207-822wg-mpw1b01q8u0wfa"", ""https://down-id.img.susercontent.com/file/id-11134207-822wo-mpw1b01qd1q8d0"", ""https://down-id.img.susercontent.com/file/id-11134207-822wh-mpw1b01qa8lc4a"", ""https://down-id.img.susercontent.com/file/id-11134207-822wp-mpw1b01qbn5s5f"", ""https://down-id.img.susercontent.com/file/id-11134207-822wo-mpw1b01qegao5a"", ""https://down-id.img.susercontent.com/file/id-11134207-822wq-mpw1b01qfuv4ec"", ""https://down-id.img.susercontent.com/file/id-11134207-822wr-mpw1fjwmvx8rcc"", ""https://down-id.img.susercontent.com/file/id-11134207-822wu-mpw1fjxeh0r38a"", ""https://down-id.img.susercontent.com/file/id-11134207-822wu-mpw1fjxr6xvve3""]","[""OFFICIAL_SHOP""]","[""id-11134258-7r98z-lykpu80ygbvs76""]",FSS+SPayLater_NEW,id-11134258-822wt-mlynmevo9eyr24,False,False,False,1782379625,53900,350000,53900,85,476438017093733,,,,,,1.0,,0.0,0,"[0, 0, 0, 0, 0]","[""Produk Baru""]",Cyeecare,5769514.0,100630,"[100630, 100664, 100893]",3,Ukuran,"[""1 Pcs"", ""[Buy 1 free 1] 2 Pcs""]"
Shopee,,id,2026-07-03,1368540320,cyeecare.id, Cyeecare Official Store,KAB. TANGERANG,54952247520,Cyeecare Anti Rambut Rontok - Sampo Jahe untuk Pertumbuhan Rambut 150ml,https://shopee.co.id/product/1368540320/54952247520,https://down-id.img.susercontent.com/file/id-11134207-8224q-mhlcqoly1mvaf3,"[""https://down-id.img.susercontent.com/file/id-11134207-8224q-mhlcqoly1mvaf3"", ""https://down-id.img.susercontent.com/file/id-11134207-8224s-mkjfhr7okcg30e"", ""https://down-id.img.susercontent.com/file/id-11134207-82252-mhlcqom0gq2pb2"", ""https://down-id.img.susercontent.com/file/id-11134207-8224p-mhlcqolwiups97"", ""https://down-id.img.susercontent.com/file/id-11134207-8224y-mkjfhr7imu4l97"", ""https://down-id.img.susercontent.com/file/id-11134207-8224t-mhlcqoly08auf5"", ""https://down-id.img.susercontent.com/file/id-11134207-8224r-mhlcqolnl6o664"", ""https://down-id.img.susercontent.com/file/id-11134207-82251-mhlcqolwvhtu2f""]","[""OFFICIAL_SHOP""]","[""id-11134258-7r98z-lykpu80ygbvs76""]",FSS+SPayLater_NEW,id-11134258-822wt-mlynmevo9eyr24,False,False,False,1764298755,35900,299999,35900,88,933244862808064,,,,,,2000.0,997.0,4.868697478991597,952,"[3, 1, 11, 88, 849]","[""Add-on Deal""]",Cyeecare,5769514.0,100630,"[100630, 100659, 100869]",1194,Types,"[""shampoo*1"", ""shampoo*2"", ""Sampo & Masker"", ""Sampo & Pertumbuhan"", ""3Pcs Set""]"
Shopee,,id,2026-07-03,1368540320,cyeecare.id, Cyeecare Official Store,KAB. TANGERANG,51162804412,[New Launch] Cyeecare 377 Brightening Essence Spray 100ml BPOM Face Mist Pencerah Wajah Pemudar Noda Hitam Flek Niacinamide Multiple Vitamin C Ectoin Hyaluronic Acid Korea,https://shopee.co.id/product/1368540320/51162804412,https://down-id.img.susercontent.com/file/id-11134207-822wm-mpw242obkhe3a0,"[""https://down-id.img.susercontent.com/file/id-11134207-822wm-mpw242obkhe3a0"", ""https://down-id.img.susercontent.com/file/id-11134207-822wh-mpw242o9p24u79"", ""https://down-id.img.susercontent.com/file/id-11134207-822wi-mpw242ocp7uof8"", ""https://down-id.img.susercontent.com/file/id-11134207-822wg-mpw242obho995c"", ""https://down-id.img.susercontent.com/file/id-11134207-822wq-mpw242o9jfv309"", ""https://down-id.img.susercontent.com/file/id-11134207-822wt-mpw242o4waa46c"", ""https://down-id.img.susercontent.com/file/id-11134207-822wu-mpw242ofe51oc7"", ""https://down-id.img.susercontent.com/file/id-11134207-822wj-mpw242ofgy6k02"", ""https://down-id.img.susercontent.com/file/id-11134207-822wl-mpw242oficr08d""]","[""OFFICIAL_SHOP""]","[""id-11134258-7r98z-lykpu80ygbvs76""]",FSS+SPayLater_NEW,id-11134258-822wt-mlynmevo9eyr24,False,False,False,1782380766,65000,430000,65000,85,476438017093733,,,,,,1.0,,0.0,0,"[0, 0, 0, 0, 0]","[""Produk Baru""]",Cyeecare,5769514.0,100630,"[100630, 100664, 100895]",1,Ukuran,"[""1 Pcs"", ""[Buy 1 Free 1]2 Pcs""]"
Shopee,,id,2026-07-03,1368540320,cyeecare.id, Cyeecare Official Store,KAB. TANGERANG,43518766575,Cyeecare Tone-Up Cream Brightening Moisturizer Makeup Primer Base Cream 20g,https://shopee.co.id/product/1368540320/43518766575,https://down-id.img.susercontent.com/file/id-11134201-82250-mhq1by0v5539af,"[""https://down-id.img.susercontent.com/file/id-11134201-82250-mhq1by0v5539af"", ""https://down-id.img.susercontent.com/file/id-11134207-8224z-mg3aocd5ul8s78"", ""https://down-id.img.susercontent.com/file/id-11134207-8224r-mkj7wdmp0kcg4c"", ""https://down-id.img.susercontent.com/file/id-11134207-8224w-mg3aocd5xedo57"", ""https://down-id.img.susercontent.com/file/id-11134207-8224x-mg3aocd607ik8e"", ""https://down-id.img.susercontent.com/file/id-11134207-8224u-mkj7wdmoxr7kc1"", ""https://down-id.img.susercontent.com/file/id-11134207-82252-mg3aocd630ng2d"", ""https://down-id.img.susercontent.com/file/id-11134207-8224y-mg3aocd5ysy429""]","[""OFFICIAL_SHOP""]","[""id-11134258-7r98z-lykpu80ygbvs76""]",FSS+SPayLater_NEW,id-11134258-822wt-mlynmevo9eyr24,False,False,False,1757731041,79800,499999,79800,84,289226218557440,,,,,,1000.0,177.0,4.847589424572317,643,"[0, 3, 20, 49, 571]","[""Add-on Deal""]",Cyeecare,5769514.0,100630,"[100630, 100662, 100881, 101627]",706,Jumlah,"[""1 PCS"", ""3 PCS""]"
Shopee,,id,2026-07-03,1368540320,cyeecare.id, Cyeecare Official Store,KAB. TANGERANG,42804026578,Cyeecare Tone-Up Cream 20g + Niacinamide Peeling Solution Serum 20g,https://shopee.co.id/product/1368540320/42804026578,https://down-id.img.susercontent.com/file/id-11134207-82251-mi9lhrc9ujnld5,"[""https://down-id.img.susercontent.com/file/id-11134207-82251-mi9lhrc9ujnld5"", ""https://down-id.img.susercontent.com/file/id-11134207-8224p-mgzwg1evn4zwf2"", ""https://down-id.img.susercontent.com/file/id-11134207-8224p-mgzwg1evojkc56"", ""https://down-id.img.susercontent.com/file/id-11134207-82250-mi9m0gka6xagd6"", ""https://down-id.img.susercontent.com/file/id-11134207-8224q-mgzwg1evrcp8c0"", ""https://down-id.img.susercontent.com/file/id-11134201-82250-mkj66j9orbpkf8"", ""https://down-id.img.susercontent.com/file/id-11134207-8224s-mgzwg1evu5u4e8"", ""https://down-id.img.susercontent.com/file/id-11134207-8224y-mgzwg1evwyz070""]","[""OFFICIAL_SHOP""]","[""id-11134258-7r98z-lykpu80ygbvs76""]",FSS+SPayLater_NEW,id-11134258-822wt-mlynmevo9eyr24,False,False,False,1749551328,72900,366000,72900,80,933253142380544,,,,,,7000.0,643.0,4.826978625072212,3462,"[9, 14, 97, 327, 3015]","[""Add-on Deal""]",Cyeecare,5769514.0,100630,"[100630, 100664, 100896]",1898,type,"[""set""]"
Shopee,,id,2026-07-03,1368540320,cyeecare.id, Cyeecare Official Store,KAB. TANGERANG,57006726660,[KOL Exclusive] Cyeecare AHA BHA PHA LHA Serum 20g + Soothing Cream 30g,https://shopee.co.id/product/1368540320/57006726660,https://down-id.img.susercontent.com/file/id-11134207-822wj-mnnz3pt51csh92,"[""https://down-id.img.susercontent.com/file/id-11134207-822wj-mnnz3pt51csh92"", ""https://down-id.img.susercontent.com/file/id-11134207-822wn-mnfidzonjbigc5"", ""https://down-id.img.susercontent.com/file/id-11134207-822wl-mnfidzonm4nc5c"", ""https://down-id.img.susercontent.com/file/id-11134207-822wq-mnfidzonkq2wcc"", ""https://down-id.img.susercontent.com/file/id-11134207-822wo-mnfidzonnj7se6"", ""https://down-id.img.susercontent.com/file/id-11134207-822wr-mnfidzonoxs860"", ""https://down-id.img.susercontent.com/file/id-11134207-822wq-mnfidzonqcco3c"", ""https://down-id.img.susercontent.com/file/id-11134207-822wj-mnfidzonrqx44d"", ""https://down-id.img.susercontent.com/file/id-11134207-822wm-mnfidzont5hkb8""]","[""OFFICIAL_SHOP""]","[""id-11134258-7r98z-lykpu80ygbvs76""]",FSS+SPayLater_NEW,id-11134258-822wt-mlynmevo9eyr24,False,False,False,1772607947,90000,711000,90000,87,866553264930816,,,,,,38.0,,5.0,15,"[0, 0, 0, 0, 15]","[""Add-on Deal""]",Cyeecare,5769514.0,100630,"[100630, 100665]",33,type,"[""Peeling Serum+Cream""]"
Shopee,,id,2026-07-03,1368540320,cyeecare.id, Cyeecare Official Store,KAB. TANGERANG,40868766467,Cyeecare Set Eksfoliasi Aman: Peeling Serum 20g + Centella Cream 30g (Perbaiki Skin Barrier),https://shopee.co.id/product/1368540320/40868766467,https://down-id.img.susercontent.com/file/id-11134207-822wq-mokuhjovauiqa2,"[""https://down-id.img.susercontent.com/file/id-11134207-822wq-mokuhjovauiqa2"", ""https://down-id.img.susercontent.com/file/id-11134207-8224s-mil8rvo1r5z428"", ""https://down-id.img.susercontent.com/file/id-11134207-8224w-micjzxg5nmrq13"", ""https://down-id.img.susercontent.com/file/id-11134207-8224z-mkj5jv14ihae69"", ""https://down-id.img.susercontent.com/file/id-11134207-8224w-mkj5jv14jvuu6e"", ""https://down-id.img.susercontent.com/file/id-11134207-8224r-micvu4ec1153ca"", ""https://down-id.img.susercontent.com/file/id-11134207-8224t-mj7wvkkp0ni8f6"", ""https://down-id.img.susercontent.com/file/id-11134207-82250-micvu4emlp1c73""]","[""OFFICIAL_SHOP""]","[""id-11134258-7r98z-lykpu80ygbvs76""]",FSS+SPayLater_NEW,id-11134258-822wt-mlynmevo9eyr24,False,False,False,1757730389,90000,645000,90000,86,289226218557440,,,,,,4000.0,150.0,4.815146985550573,2007,"[16, 14, 49, 167, 1761]","[""Add-on Deal""]",Cyeecare,5769514.0,100630,"[100630, 100665]",1460,Ukuran,"[""Set"", ""Set 2"", ""Peel"", ""Peel*2""]"
Shopee,,id,2026-07-03,1368540320,cyeecare.id, Cyeecare Official Store,KAB. TANGERANG,57860156397,Cyeecare Set 3in1 Perawatan Kulit Cerah Tenang AHA BHA Cleanser + Arbutin Serum + Centella Cream Glowing,https://shopee.co.id/product/1368540320/57860156397,https://down-id.img.susercontent.com/file/id-11134207-822wj-mnzfwimh1kozad,"[""https://down-id.img.susercontent.com/file/id-11134207-822wj-mnzfwimh1kozad""]","[""OFFICIAL_SHOP""]","[""id-11134258-7r98z-lykpu80ygbvs76""]",FSS+SPayLater_NEW,id-11134258-822wt-mlynmevo9eyr24,False,False,False,1778226473,1135000,1135000,1135000,,0,,,,,,1.0,,4.0,1,"[0, 0, 0, 1, 0]","[""Add-on Deal""]",Cyeecare,5769514.0,100630,"[100630, 100665]",3,Ukuran,"[""Set""]"
Shopee,,id,2026-07-03,1368540320,cyeecare.id, Cyeecare Official Store,KAB. TANGERANG,28036053313,Cyeecare Tone Up Cream Krim Pencerah Wajah Glowing Instan Moisturizer Pelembab Mencerahkan Kulit Kusam Cream Siang Cerah Instan Day Cream,https://shopee.co.id/product/1368540320/28036053313,https://down-id.img.susercontent.com/file/id-11134207-8224r-mhq1596ziq6c54,"[""https://down-id.img.susercontent.com/file/id-11134207-8224r-mhq1596ziq6c54"", ""https://down-id.img.susercontent.com/file/id-11134207-8224o-mg3aswoy35e094"", ""https://down-id.img.susercontent.com/file/id-11134207-82251-mkj7wdmowcn4d4"", ""https://down-id.img.susercontent.com/file/id-11134207-82250-mg3aswoy7d3c99"", ""https://down-id.img.susercontent.com/file/id-11134207-8224x-mg3aocd607ik8e"", ""https://down-id.img.susercontent.com/file/id-11134207-8224s-mkj7wdmouy2o68"", ""https://down-id.img.susercontent.com/file/id-11134207-82252-mg3aocd630ng2d"", ""https://down-id.img.susercontent.com/file/id-11134207-8224y-mg3aocd5ysy429""]","[""OFFICIAL_SHOP""]","[""id-11134258-7r98z-lykpu80ygbvs76""]",FSS+SPayLater_NEW,id-11134258-822wt-mlynmevo9eyr24,False,False,False,1746430670,79700,499999,79700,84,283361398755328,,,,,,10000.0,1000.0,4.859098600215352,19503,"[42, 36, 346, 1780, 17299]","[""Add-on Deal""]",Cyeecare,5769514.0,100630,"[100630, 100662, 100881, 101627]",25362,Jumlah,"[""1 PCS"", ""3 PCS"", ""3 ToneUp +1 Peeling"", ""ToneUp+Peeling""]"
Shopee,,id,2026-07-03,1368540320,cyeecare.id, Cyeecare Official Store,KAB. TANGERANG,43317569775,Cyeecare Exfoliating Peeling Solution Serum 20g + Bright Pemutih Wajah Serum 20g,https://shopee.co.id/product/1368540320/43317569775,https://down-id.img.susercontent.com/file/id-11134207-822wg-mn5m6rmnim848a,"[""https://down-id.img.susercontent.com/file/id-11134207-822wg-mn5m6rmnim848a"", ""https://down-id.img.susercontent.com/file/id-11134207-8224r-mi9zsge637r554"", ""https://down-id.img.susercontent.com/file/id-11134207-82251-mi9zsge6r3ew9b"", ""https://down-id.img.susercontent.com/file/id-11134207-8224x-mkj6k25qir5ufa"", ""https://down-id.img.susercontent.com/file/id-11134207-82251-mkj6382s426f68"", ""https://down-id.img.susercontent.com/file/id-11134207-8224x-mi9zsgec6ccke3"", ""https://down-id.img.susercontent.com/file/id-11134207-82251-mi9zsgec7qx0be"", ""https://down-id.img.susercontent.com/file/id-11134207-8224v-mi9zsgdmnoy053""]","[""OFFICIAL_SHOP""]","[""id-11134258-7r98z-lykpu80ygbvs76""]",FSS+SPayLater_NEW,id-11134258-822wt-mlynmevo9eyr24,False,False,False,1757051590,79700,731000,79700,89,933253142380544,,,,,,2000.0,603.0,4.88021778584392,1102,"[3, 4, 13, 82, 1000]","[""Add-on Deal""]",Cyeecare,5769514.0,100630,"[100630, 100664, 100896]",680,Ukuran,"[""20g+20g""]"
Shopee,,id,2026-07-03,1368540320,cyeecare.id, Cyeecare Official Store,KAB. TANGERANG,27837446231,[PROMO] Cyeecare Intensive Peeling Solution Serum Eksfoliasi Wajah AHA BHA PHA Glass Skin Mencerahkan Anti Komedo Kulit Kusam 20g,https://shopee.co.id/product/1368540320/27837446231,https://down-id.img.susercontent.com/file/id-11134201-8224z-mi9lorok6613a3,"[""https://down-id.img.susercontent.com/file/id-11134201-8224z-mi9lorok6613a3"", ""https://down-id.img.susercontent.com/file/id-11134207-8224o-mil9khku366f4f"", ""https://down-id.img.susercontent.com/file/id-11134207-8224u-mil9khku4kqve1"", ""https://down-id.img.susercontent.com/file/id-11134207-8224u-mkj5jv14qwp21b"", ""https://down-id.img.susercontent.com/file/id-11134207-8224z-mkj5jv14o3k65e"", ""https://down-id.img.susercontent.com/file/id-11134207-8224x-mil9khkttc7b2b"", ""https://down-id.img.susercontent.com/file/id-11134207-82251-mj7wvkkp3gn4c9"", ""https://down-id.img.susercontent.com/file/id-11134207-8224p-mil9khku0d1jfa""]","[""OFFICIAL_SHOP""]","[""id-11134258-7r98z-lykpu80ygbvs76""]",FSS+SPayLater_NEW,id-11134258-822wt-mlynmevo9eyr24,False,False,False,1749547416,88000,607999,88000,86,289226218557440,,,,,,10000.0,1000.0,4.815048743649595,7283,"[45, 18, 210, 693, 6317]","[""Add-on Deal""]",Cyeecare,5769514.0,100630,"[100630, 100664, 100896]",8327,type,"[""[Promosi]20g"", ""20g"", ""40g""]"
Shopee,,id,2026-07-03,1368540320,cyeecare.id, Cyeecare Official Store,KAB. TANGERANG,47904142102,"Cyeecare Shampo Jahe Alami Anti Rontok – Menguatkan Akar Rambut, Perawatan Rambut Rusak 150ml",https://shopee.co.id/product/1368540320/47904142102,https://down-id.img.susercontent.com/file/id-11134201-82251-mj3m0ri6718h8b,"[""https://down-id.img.susercontent.com/file/id-11134201-82251-mj3m0ri6718h8b"", ""https://down-id.img.susercontent.com/file/id-11134207-8224s-mkjfhr7p883r96"", ""https://down-id.img.susercontent.com/file/id-11134201-82252-mj3m0rrhsjr771"", ""https://down-id.img.susercontent.com/file/id-11134201-8224r-mj3m0s4oc45eaa"", ""https://down-id.img.susercontent.com/file/id-11134207-8224y-mkjfhr7p9mo7d9"", ""https://down-id.img.susercontent.com/file/id-11134201-82252-mj3m0sdyeuis4e"", ""https://down-id.img.susercontent.com/file/id-11134201-82252-mj3m0shtxxc02b"", ""https://down-id.img.susercontent.com/file/id-11134201-8224o-mj3m0shh6lmv9c""]","[""OFFICIAL_SHOP""]","[""id-11134258-7r98z-lykpu80ygbvs76""]",FSS+SPayLater_NEW,id-11134258-822wt-mlynmevo9eyr24,False,False,False,1767583331,66900,522998,66900,87,283376011718656,,,,,,1000.0,343.0,4.8669275929549904,511,"[1, 0, 8, 48, 454]","[""Add-on Deal""]",Cyeecare,5769514.0,100630,"[100630, 100659, 100869]",455,Types,"[""shampoo*1"", ""shampoo*2"", ""Sampo & Masker""]"
Shopee,,id,2026-07-03,1368540320,cyeecare.id, Cyeecare Official Store,KAB. TANGERANG,41729019069,Cyeecare Paket Skincare 5PCS Mencerahkan Melembapkan Kulit Sensitif Asia,https://shopee.co.id/product/1368540320/41729019069,https://down-id.img.susercontent.com/file/id-11134207-81ztk-mq61v8t75am845,"[""https://down-id.img.susercontent.com/file/id-11134207-81ztk-mq61v8t75am845"", ""https://down-id.img.susercontent.com/file/id-11134207-822wt-mlen0u6xygaqed"", ""https://down-id.img.susercontent.com/file/id-11134207-822wl-mlen0u6xzuv6a8"", ""https://down-id.img.susercontent.com/file/id-11134207-822wq-mlena9ojgb9cf2"", ""https://down-id.img.susercontent.com/file/id-11134207-822wq-mlena9ojewow8d"", ""https://down-id.img.susercontent.com/file/id-11134207-822wi-mlen0u6y19fmb4"", ""https://down-id.img.susercontent.com/file/id-11134207-822wt-mlen0u6y2o02c8"", ""https://down-id.img.susercontent.com/file/id-11134207-822wq-mlen0u6y42ki5e""]","[""OFFICIAL_SHOP""]","[""id-11134258-7r98z-lykpu80ygbvs76""]",FSS+SPayLater_NEW,id-11134258-822wt-mlynmevo9eyr24,False,False,False,1772609049,178000,1590000,178000,89,289226218557440,,,,,,547.0,66.0,4.872413793103449,290,"[2, 0, 3, 23, 262]","[""Free Gift""]",Cyeecare,5769514.0,100630,"[100630, 100665]",212,TYPE,"[""SET 1"", ""SET 2"", ""SET 3""]"
Shopee,,id,2026-07-03,1368540320,cyeecare.id, Cyeecare Official Store,KAB. TANGERANG,29591058852,Cyeecare Gentle Hydrating Essence Toner Melembabkan kulit dengan lembut & Menghaluskan 80ml,https://shopee.co.id/product/1368540320/29591058852,https://down-id.img.susercontent.com/file/id-11134207-8224o-mi9m0gka1b0o87,"[""https://down-id.img.susercontent.com/file/id-11134207-8224o-mi9m0gka1b0o87"", ""https://down-id.img.susercontent.com/file/id-11134207-8224o-mg681cftsb2i61"", ""https://down-id.img.susercontent.com/file/id-11134207-8224x-mg681cfttpmy01"", ""https://down-id.img.susercontent.com/file/id-11134207-82250-mkj8juhok7pib6"", ""https://down-id.img.susercontent.com/file/id-11134207-82251-mg681cftv47e73"", ""https://down-id.img.susercontent.com/file/id-11134207-8224q-mg681cftzbwq53"", ""https://down-id.img.susercontent.com/file/id-11134207-82250-mkj8juhpxdl199"", ""https://down-id.img.susercontent.com/file/id-11134207-8224y-mg681cfu251mb4""]","[""OFFICIAL_SHOP""]","[""id-11134258-7r98z-lykpu80ygbvs76""]",FSS+SPayLater_NEW,id-11134258-822wt-mlynmevo9eyr24,False,False,False,1756887863,34900,432000,34900,92,933253142380544,,,,,,1000.0,322.0,4.901162790697675,516,"[1, 1, 5, 34, 475]","[""Add-on Deal""]",Cyeecare,5769514.0,100630,"[100630, 100664, 100896]",187,Ukuran,"[""80ml""]"
Shopee,,id,2026-07-03,1368540320,cyeecare.id, Cyeecare Official Store,KAB. TANGERANG,42804015939,Cyeecare Tone-Up Cream 20g + Peeling Solution Serum Niacinamide Brightening 20g,https://shopee.co.id/product/1368540320/42804015939,https://down-id.img.susercontent.com/file/id-11134207-81zth-mes3586acume8b,"[""https://down-id.img.susercontent.com/file/id-11134207-81zth-mes3586acume8b"", ""https://down-id.img.susercontent.com/file/id-11134207-8224t-mkj6382ryfwnb3"", ""https://down-id.img.susercontent.com/file/id-11134207-82251-mkj6382rvmrr7d"", ""https://down-id.img.susercontent.com/file/id-11134207-82250-mi9lc5qu8pa91d"", ""https://down-id.img.susercontent.com/file/id-11134207-82250-mi9lhrcdh6h029"", ""https://down-id.img.susercontent.com/file/id-11134207-8224y-mkj6382rx1c7eb"", ""https://down-id.img.susercontent.com/file/id-11134207-8224y-mi9lc5qua3up45"", ""https://down-id.img.susercontent.com/file/id-11134207-8224x-mi9lc5qubif5a6""]","[""OFFICIAL_SHOP""]","[""id-11134258-7r98z-lykpu80ygbvs76""]",FSS+SPayLater_NEW,id-11134258-822wt-mlynmevo9eyr24,False,False,False,1749549894,72900,366000,72900,80,283376011718656,,,,,,1000.0,153.0,4.809352517985611,556,"[2, 3, 18, 53, 480]","[""Add-on Deal""]",Cyeecare,5769514.0,100630,"[100630, 100664, 100896]",325,type,"[""set""]"
Shopee,,id,2026-07-03,1368540320,cyeecare.id, Cyeecare Official Store,KAB. TANGERANG,51712602574,[New Launch] Cyeecare Paket 2 Langkah Exfo Glow Serum Cream Skincare Set Eksfoliasi Pencerah AHA BHA PHA Niacinamide Kulit Mulus Glowing,https://shopee.co.id/product/1368540320/51712602574,https://down-id.img.susercontent.com/file/id-11134207-822wh-mprsxc2i20b1d6,"[""https://down-id.img.susercontent.com/file/id-11134207-822wh-mprsxc2i20b1d6"", ""https://down-id.img.susercontent.com/file/id-11134207-822wu-mprsxc2kfoxt4b"", ""https://down-id.img.susercontent.com/file/id-11134207-822wh-mprsxc2kh3i975"", ""https://down-id.img.susercontent.com/file/id-11134207-822wh-mprsxc2kjwn5a9"", ""https://down-id.img.susercontent.com/file/id-11134207-822wo-mpt9vstbgwlo5f"", ""https://down-id.img.susercontent.com/file/id-11134207-822wk-mprsxc2klb7l89"", ""https://down-id.img.susercontent.com/file/id-11134207-822wg-mprsxc2kmps1d1"", ""https://down-id.img.susercontent.com/file/id-11134207-822wq-mprsxc2kpiwx99"", ""https://down-id.img.susercontent.com/file/id-11134207-822wn-mprsxc2ko4ch2f""]","[""OFFICIAL_SHOP""]","[""id-11134258-7r98z-lykpu80ygbvs76""]",FSS+SPayLater_NEW,id-11134258-822wt-mlynmevo9eyr24,False,False,False,1782123136,83000,580000,83000,86,881133034717184,,,,,,,,0.0,0,"[0, 0, 0, 0, 0]","[""Produk Baru""]",Cyeecare,5769514.0,100630,"[100630, 100665]",5,Jumlah,"[""[New]Set""]"
Shopee,,id,2026-07-03,1368540320,cyeecare.id, Cyeecare Official Store,KAB. TANGERANG,40280804783,Cyeecare Paket Perawatan Duo Eksfoliasi Mencerahkan Kulit Kusam & Glowing AHA Serum Cleanser,https://shopee.co.id/product/1368540320/40280804783,https://down-id.img.susercontent.com/file/id-11134207-822wu-mo59ub8jxceaad,"[""https://down-id.img.susercontent.com/file/id-11134207-822wu-mo59ub8jxceaad"", ""https://down-id.img.susercontent.com/file/id-11134207-822wk-mo59ub8k8kxs9c"", ""https://down-id.img.susercontent.com/file/id-11134207-822wg-mo59ub8kbe2o73"", ""https://down-id.img.susercontent.com/file/id-11134207-822wp-mo59ub8kcsn4e9"", ""https://down-id.img.susercontent.com/file/id-11134207-822wt-mo59ub8k9zi8c8"", ""https://down-id.img.susercontent.com/file/id-11134207-822wu-mo59ub8ke77k81"", ""https://down-id.img.susercontent.com/file/id-11134207-822wk-mo59ub8kfls0a3"", ""https://down-id.img.susercontent.com/file/id-11134207-822wj-mo59ub8kh0cg98"", ""https://down-id.img.susercontent.com/file/id-11134207-822wg-mo59ub8kieww88""]","[""OFFICIAL_SHOP""]","[""id-11134258-7r98z-lykpu80ygbvs76""]",FSS+SPayLater_NEW,id-11134258-822wt-mlynmevo9eyr24,False,False,False,1778579694,69000,420000,69000,84,930327363682304,,,,,,923.0,880.0,4.924170616113744,211,"[1, 0, 0, 12, 198]","[""Add-on Deal""]",Cyeecare,5769514.0,100630,"[100630, 100665]",256,Ukuran,"[""2 PCS"", ""[New]Cleanser""]"
Shopee,,id,2026-07-03,1368540320,cyeecare.id, Cyeecare Official Store,KAB. TANGERANG,56600897084,Cyeecare Silky Scented Hair Mask Smooth and Oil-controlling 150ml,https://shopee.co.id/product/1368540320/56600897084,https://down-id.img.susercontent.com/file/id-11134207-8224o-mi9lc5r0u39k11,"[""https://down-id.img.susercontent.com/file/id-11134207-8224o-mi9lc5r0u39k11"", ""https://down-id.img.susercontent.com/file/id-11134207-8224t-mgq05gielngu97"", ""https://down-id.img.susercontent.com/file/id-11134207-8224s-mgq05gibr40fc3"", ""https://down-id.img.susercontent.com/file/id-11134207-82251-mgq05gig4fm414"", ""https://down-id.img.susercontent.com/file/id-11134207-8224q-mgq05giek8w9cd"", ""https://down-id.img.susercontent.com/file/id-11134207-82250-mgq05giek8we02"", ""https://down-id.img.susercontent.com/file/id-11134207-82250-mgq05gibppfza1"", ""https://down-id.img.susercontent.com/file/id-11134207-8224t-mgq05gigmozv8b""]","[""OFFICIAL_SHOP""]","[""id-11134258-7r98z-lykpu80ygbvs76""]",FSS+SPayLater_NEW,id-11134258-822wt-mlynmevo9eyr24,False,False,False,1762400753,66900,522998,66900,87,933244862808064,,,,,,10000.0,417.0,4.852277792636177,11217,"[34, 18, 235, 997, 9933]","[""Add-on Deal""]",Cyeecare,5769514.0,100630,"[100630, 100659, 100871]",1288,Types,"[""[Promosi]Masker*1"", ""Masker rambut*1"", ""Masker rambut*2"", ""SET 1"", ""SET 2""]"
Shopee,,id,2026-07-03,1368540320,cyeecare.id, Cyeecare Official Store,KAB. TANGERANG,42377307283,[5pcs Hemat] Cyeecare Peeling Solution Serum Eksfoliasi - Bisa Digunakan 100 Hari,https://shopee.co.id/product/1368540320/42377307283,https://down-id.img.susercontent.com/file/id-11134207-8224q-micjzxg5ktmua8,"[""https://down-id.img.susercontent.com/file/id-11134207-8224q-micjzxg5ktmua8"", ""https://down-id.img.susercontent.com/file/id-11134207-82250-micjzxg5m87aea"", ""https://down-id.img.susercontent.com/file/id-11134207-8224w-micjzxg5nmrq13"", ""https://down-id.img.susercontent.com/file/id-11134207-82251-mkj72wont0qsdd"", ""https://down-id.img.susercontent.com/file/id-11134207-8224u-mkj72wonvtvo24"", ""https://down-id.img.susercontent.com/file/id-11134207-8224r-micvu4ec1153ca"", ""https://down-id.img.susercontent.com/file/id-11134207-8224y-micvu4empwqrfa"", ""https://down-id.img.susercontent.com/file/id-11134207-82250-micvu4emlp1c73""]","[""OFFICIAL_SHOP""]","[""id-11134258-7r98z-lykpu80ygbvs76""]",FSS+SPayLater_NEW,id-11134258-822wt-mlynmevo9eyr24,False,False,False,1765964809,219900,1599995,219900,86,933253142380544,,,,,,618.0,139.0,4.905797101449275,276,"[0, 1, 2, 19, 254]","[""Free Gift""]",Cyeecare,5769514.0,100630,"[100630, 100664, 100896]",282,Types,"[""5 Pcs""]"
Shopee,,id,2026-07-03,1368540320,cyeecare.id, Cyeecare Official Store,KAB. TANGERANG,48759375946,Cyeecare Hydrating Gelly Mask Menghidrasi dan Mencerahkan Wajah,https://shopee.co.id/product/1368540320/48759375946,https://down-id.img.susercontent.com/file/id-11134207-822wk-mndz8g4gk8ht86,"[""https://down-id.img.susercontent.com/file/id-11134207-822wk-mndz8g4gk8ht86"", ""https://down-id.img.susercontent.com/file/id-11134207-822wl-mndz8g4gln29c8"", ""https://down-id.img.susercontent.com/file/id-11134207-822wr-mndz8g4gog7503"", ""https://down-id.img.susercontent.com/file/id-11134207-822wl-mndz8g4gr9c10c"", ""https://down-id.img.susercontent.com/file/id-11134207-822wj-mndz8g4gpurl9e"", ""https://down-id.img.susercontent.com/file/id-11134207-822wg-mndz8g4gn1mp7a"", ""https://down-id.img.susercontent.com/file/id-11134207-822wm-mndz8g4gsnwh6f"", ""https://down-id.img.susercontent.com/file/id-11134207-822wk-mndz8g4gu2gx20"", ""https://down-id.img.susercontent.com/file/id-11134207-822wu-mndz8g4gvh1d04""]","[""OFFICIAL_SHOP""]","[""id-11134258-7r98z-lykpu80ygbvs76""]",FSS+SPayLater_NEW,id-11134258-822wt-mlynmevo9eyr24,False,False,False,1776927815,89000,700000,89000,87,881133034717184,,,,,,29.0,13.0,4.714285714285714,14,"[0, 0, 1, 2, 11]","[""Add-on Deal""]",Cyeecare,5769514.0,100630,"[100630, 100664, 100898]",17,model,"[""Gel Mask*20"", ""Gel Mask*10""]"
Shopee,,id,2026-07-03,1368540320,cyeecare.id, Cyeecare Official Store,KAB. TANGERANG,42168392064,Cyeecare Sabun Cuci Muka Amino Acid Gentle Cleanser - Pembersih Wajah Lembut Mencerahkan Komedo Kulit Berminyak Berjerawat,https://shopee.co.id/product/1368540320/42168392064,https://down-id.img.susercontent.com/file/id-11134207-822wu-mo96r3qkt98mf1,"[""https://down-id.img.susercontent.com/file/id-11134207-822wu-mo96r3qkt98mf1"", ""https://down-id.img.susercontent.com/file/id-11134207-822wk-mo59ub8k8kxs9c"", ""https://down-id.img.susercontent.com/file/id-11134207-822wt-mo96r3qkw2dif2"", ""https://down-id.img.susercontent.com/file/id-11134207-822wg-mo96r3qkunt2df"", ""https://down-id.img.susercontent.com/file/id-11134207-822wt-mo59ub8k9zi8c8"", ""https://down-id.img.susercontent.com/file/id-11134207-822wu-mo59ub8ke77k81"", ""https://down-id.img.susercontent.com/file/id-11134207-822wk-mo59ub8kfls0a3"", ""https://down-id.img.susercontent.com/file/id-11134207-822wj-mo59ub8kh0cg98"", ""https://down-id.img.susercontent.com/file/id-11134207-822wg-mo59ub8kieww88""]","[""OFFICIAL_SHOP""]","[""id-11134258-7r98z-lykpu80ygbvs76""]",FSS+SPayLater_NEW,id-11134258-822wt-mlynmevo9eyr24,False,False,False,1757500516,34900,250000,34900,86,933244862808064,,,,,,1000.0,39.0,4.917355371900826,484,"[0, 1, 2, 33, 448]","[""Add-on Deal""]",Cyeecare,5769514.0,100630,"[100630, 100664, 100891]",337,model,"[""[New]Acid Cleanser"", ""Facial Cleanser"", ""Gel Mask*1""]"
Shopee,,id,2026-07-03,1368540320,cyeecare.id, Cyeecare Official Store,KAB. TANGERANG,27091058952,Cyeecare Niacinamide&Squalane Brightening Serum Wajah Pemutih Wajah Serum 20g,https://shopee.co.id/product/1368540320/27091058952,https://down-id.img.susercontent.com/file/id-11134207-822wh-mn5mped1dz4888,"[""https://down-id.img.susercontent.com/file/id-11134207-822wh-mn5mped1dz4888"", ""https://down-id.img.susercontent.com/file/id-11134207-81zte-mfkzgn2tv0961b"", ""https://down-id.img.susercontent.com/file/id-11134207-81zti-mfkzgn2twetmd3"", ""https://down-id.img.susercontent.com/file/id-11134207-8224t-mkj8jui2x4ow08"", ""https://down-id.img.susercontent.com/file/id-11134207-8224u-mkj8jui2vq4gb4"", ""https://down-id.img.susercontent.com/file/id-11134207-81zth-mfkzgn2u0miye0"", ""https://down-id.img.susercontent.com/file/id-11134207-81ztf-mfkzgn2u213e27"", ""https://down-id.img.susercontent.com/file/id-11134207-8224v-mg4i4g1sxczy33""]","[""OFFICIAL_SHOP""]","[""id-11134258-7r98z-lykpu80ygbvs76""]",FSS+SPayLater_NEW,id-11134258-822wt-mlynmevo9eyr24,False,False,False,1756888439,34900,500000,34900,93,933253142380544,,,,,,666.0,224.0,4.881789137380192,313,"[1, 2, 4, 19, 287]","[""Add-on Deal""]",Cyeecare,5769514.0,100630,"[100630, 100664, 100896]",213,Ukuran,"[""20 G""]"
Shopee,,id,2026-07-03,1368540320,cyeecare.id, Cyeecare Official Store,KAB. TANGERANG,28770371035,Cyeecare Tri-Acid Arbutin Cleansing Gel Facial Wash Sabun Cuci Muka AHA BHA PHA Kulit Berminyak & Jerawat 120ml,https://shopee.co.id/product/1368540320/28770371035,https://down-id.img.susercontent.com/file/id-11134207-822wo-mnf4fq2l301x75,"[""https://down-id.img.susercontent.com/file/id-11134207-822wo-mnf4fq2l301x75"", ""https://down-id.img.susercontent.com/file/id-11134207-822wq-mndx1ibj53ig1c"", ""https://down-id.img.susercontent.com/file/id-11134207-822wk-mndx1ibj3oy019"", ""https://down-id.img.susercontent.com/file/id-11134207-822wp-mndx1ibj6i2w31"", ""https://down-id.img.susercontent.com/file/id-11134207-822wu-mndx1ibj7wnc82"", ""https://down-id.img.susercontent.com/file/id-11134207-822wg-mndx1ibiy2o832"", ""https://down-id.img.susercontent.com/file/id-11134207-822wu-mndx1ibizh8o97"", ""https://down-id.img.susercontent.com/file/id-11134207-822wu-mndx1ibj0vt401"", ""https://down-id.img.susercontent.com/file/id-11134207-822wt-mndx1ibj2adk31""]","[""OFFICIAL_SHOP""]","[""id-11134258-7r98z-lykpu80ygbvs76""]",FSS+SPayLater_NEW,id-11134258-822wt-mlynmevo9eyr24,False,False,False,1733907038,72900,519999,72900,86,933244862808064,,,,,,10000.0,632.0,4.8427412394268945,5793,"[30, 19, 122, 490, 5132]","[""Add-on Deal""]",Cyeecare,5769514.0,100630,"[100630, 100664, 100891]",1698,Ukuran,"[""[New] 1 PCS"", ""[New] 2 PCS"", ""[Promosi] 1 PCS"", ""1 PCS"", ""2 PCS""]"
Shopee,,id,2026-07-03,1368540320,cyeecare.id, Cyeecare Official Store,KAB. TANGERANG,55312530737,[KOL Exclusive]Cyeecare Tone Up Cream Krim Pencerah Wajah Glowing Instan Moisturizer,https://shopee.co.id/product/1368540320/55312530737,https://down-id.img.susercontent.com/file/id-11134207-822wu-mporhme3zuh93e,"[""https://down-id.img.susercontent.com/file/id-11134207-822wu-mporhme3zuh93e"", ""https://down-id.img.susercontent.com/file/id-11134207-822wg-mporhme1dqf6ce"", ""https://down-id.img.susercontent.com/file/id-11134207-822wr-mporhme7z4ej47"", ""https://down-id.img.susercontent.com/file/id-11134207-822wp-mporhme9qbyn84"", ""https://down-id.img.susercontent.com/file/id-11134207-822wh-mporhmeae7lt98"", ""https://down-id.img.susercontent.com/file/id-11134207-822wm-mporhmea05xoa7"", ""https://down-id.img.susercontent.com/file/id-11134207-822ws-mporhme4mbk03a""]","[""OFFICIAL_SHOP""]","[""id-11134258-7r98z-lykpu80ygbvs76""]",FSS+SPayLater_NEW,id-11134258-822wt-mlynmevo9eyr24,False,False,False,1781938574,28000,290000,28000,90,866553264930816,,,,,,6.0,5.0,4.75,4,"[0, 0, 0, 1, 3]","[""Produk Baru"", ""Add-on Deal""]",Cyeecare,5769514.0,100630,"[100630, 100662, 100881, 101627]",12,Jumlah,"[""1 PCS"", ""3 PCS""]"
Shopee,,id,2026-07-03,1368540320,cyeecare.id, Cyeecare Official Store,KAB. TANGERANG,56611001254,[[KOL Exclusive]]Cyeecare Skincare Routine Paket 5 Pcs: Brightening & Melembapkan Kulit Sensitif,https://shopee.co.id/product/1368540320/56611001254,https://down-id.img.susercontent.com/file/id-11134207-822ws-mo2j35qcqbd0d6,"[""https://down-id.img.susercontent.com/file/id-11134207-822ws-mo2j35qcqbd0d6"", ""https://down-id.img.susercontent.com/file/id-11134207-822wo-mokuhjooqv400b"", ""https://down-id.img.susercontent.com/file/id-11134207-822wl-mokuhjossy6n34"", ""https://down-id.img.susercontent.com/file/id-11134207-822wi-mokuhjonjbim2b"", ""https://down-id.img.susercontent.com/file/id-11134207-822wl-mokuhjouejgr7c"", ""https://down-id.img.susercontent.com/file/id-11134207-822wh-mokuhjon9hjg43"", ""https://down-id.img.susercontent.com/file/id-11134207-822wr-mokuhjon82z010"", ""https://down-id.img.susercontent.com/file/id-11134207-822wh-mokuhjov588yac""]","[""OFFICIAL_SHOP""]","[""id-11134258-7r98z-lykpu80ygbvs76""]",FSS+SPayLater_NEW,id-11134258-822wt-mlynmevo9eyr24,False,False,False,1779522100,189000,1682000,189000,89,866553264930816,,,,,,2.0,1.0,5.0,2,"[0, 0, 0, 0, 2]","[""Free Gift""]",Cyeecare,5769514.0,100630,"[100630, 100665]",8,TYPE,"[""5PCS SET""]"
Shopee,,id,2026-07-03,1368540320,cyeecare.id, Cyeecare Official Store,KAB. TANGERANG,50903219820,Cyeecare Masker Rambut Wangi Masker Rambut untuk Melembutkan dan Menghaluskan Rambut Kusut,https://shopee.co.id/product/1368540320/50903219820,https://down-id.img.susercontent.com/file/id-11134207-8224z-micw8vk8bjlz01,"[""https://down-id.img.susercontent.com/file/id-11134207-8224z-micw8vk8bjlz01"", ""https://down-id.img.susercontent.com/file/id-11134207-8224p-micw8vk8jz0n0d"", ""https://down-id.img.susercontent.com/file/id-11134207-8224t-micw8vk8ldl3e2"", ""https://down-id.img.susercontent.com/file/id-11134207-8224v-micw8vk8h5vrf9"", ""https://down-id.img.susercontent.com/file/id-11134207-8224s-micw8vk8cy6f8a"", ""https://down-id.img.susercontent.com/file/id-11134207-8224x-micw8vk8ecqvd6"", ""https://down-id.img.susercontent.com/file/id-11134207-8224u-micw8vk8ikg7ac"", ""https://down-id.img.susercontent.com/file/id-11134207-8224s-micvu4emeo7b9c"", ""https://down-id.img.susercontent.com/file/id-11134207-822wq-mmqw65qrev4239""]","[""OFFICIAL_SHOP""]","[""id-11134258-7r98z-lykpu80ygbvs76""]",FSS+SPayLater_NEW,id-11134258-822wt-mlynmevo9eyr24,False,False,False,1765965839,66900,338888,66900,80,933253142380544,,,,,,671.0,151.0,4.848148148148148,270,"[0, 3, 6, 20, 241]","[""Add-on Deal""]",Cyeecare,5769514.0,100630,"[100630, 100659, 100871]",280,Types,"[""Upgrade Masker*1"", ""Upgrade Masker *2"", ""Masker*1"", ""Masker *2""]"
Shopee,,id,2026-07-03,1368540320,cyeecare.id, Cyeecare Official Store,KAB. TANGERANG,42717296336,Cyeecare Centella Asiatica Soothing Cream Plus Cica + Panthenol Menenangkan Kulit & Memperkuat Skin Barrier,https://shopee.co.id/product/1368540320/42717296336,https://down-id.img.susercontent.com/file/id-11134207-822wk-mne0mxvg4zcy15,"[""https://down-id.img.susercontent.com/file/id-11134207-822wk-mne0mxvg4zcy15""]","[""OFFICIAL_SHOP""]","[""id-11134258-7r98z-lykpu80ygbvs76""]",FSS+SPayLater_NEW,id-11134258-822wt-mlynmevo9eyr24,False,False,False,1756888984,59000,151500,59000,61,289226218557440,,,,,,10000.0,7.0,4.821554575523704,18140,"[97, 51, 492, 1712, 15788]","[""Add-on Deal""]",Cyeecare,5769514.0,100630,"[100630, 100664, 100893]",672,Ukuran,"[""30g*1"", ""2pcs""]"
Shopee,,id,2026-07-03,1368540320,cyeecare.id, Cyeecare Official Store,KAB. TANGERANG,42867294514,Cyeecare 5X Centella Soothing Cream Gel Moisturizer Pelembab Pereda Kemerahan & Skin Barrier 30g,https://shopee.co.id/product/1368540320/42867294514,https://down-id.img.susercontent.com/file/id-11134207-822wp-mnfidzonhwy0db,"[""https://down-id.img.susercontent.com/file/id-11134207-822wp-mnfidzonhwy0db"", ""https://down-id.img.susercontent.com/file/id-11134207-822wn-mnfidzonjbigc5"", ""https://down-id.img.susercontent.com/file/id-11134207-822wl-mnfidzonm4nc5c"", ""https://down-id.img.susercontent.com/file/id-11134207-822wq-mnfidzonkq2wcc"", ""https://down-id.img.susercontent.com/file/id-11134207-822wo-mnfidzonnj7se6"", ""https://down-id.img.susercontent.com/file/id-11134207-822wr-mnfidzonoxs860"", ""https://down-id.img.susercontent.com/file/id-11134207-822wq-mnfidzonqcco3c"", ""https://down-id.img.susercontent.com/file/id-11134207-822wj-mnfidzonrqx44d"", ""https://down-id.img.susercontent.com/file/id-11134207-822wm-mnfidzont5hkb8""]","[""OFFICIAL_SHOP""]","[""id-11134258-7r98z-lykpu80ygbvs76""]",FSS+SPayLater_NEW,id-11134258-822wt-mlynmevo9eyr24,False,False,False,1756888758,59000,465000,59000,87,289226218557440,,,,,,1000.0,1.0,4.886889460154242,778,"[1, 1, 13, 55, 708]","[""Add-on Deal""]",Cyeecare,5769514.0,100630,"[100630, 100664, 100893]",497,Ukuran,"[""Soothing Cream""]"
Shopee,,id,2026-07-03,1368540320,cyeecare.id, Cyeecare Official Store,KAB. TANGERANG,43818386633,Cyeecare Tri-Acid Arbutin Cleansing Gel 120ml Brightening & Oil Control Mengontrol Minyak Mencerahkan Kulit,https://shopee.co.id/product/1368540320/43818386633,https://down-id.img.susercontent.com/file/id-11134207-822wm-mnf4fq2l8mbpa6,"[""https://down-id.img.susercontent.com/file/id-11134207-822wm-mnf4fq2l8mbpa6""]","[""OFFICIAL_SHOP""]","[""id-11134258-7r98z-lykpu80ygbvs76""]",FSS+SPayLater_NEW,id-11134258-822wt-mlynmevo9eyr24,False,False,False,1757499761,68900,800000,68900,91,933253142380544,,,,,,10000.0,18.0,4.822248995983935,12450,"[78, 31, 321, 1166, 10854]","[""Add-on Deal""]",Cyeecare,5769514.0,100630,"[100630, 100664, 100891]",599,Ukuran,"[""120ml*1"", ""120ml*2""]"
Shopee,,id,2026-07-03,1368540320,cyeecare.id, Cyeecare Official Store,KAB. TANGERANG,52912412561,Cyeecare Tea Tree Anti-Acne Serum - Serum Jerawat Mengontrol Minyak 20ml,https://shopee.co.id/product/1368540320/52912412561,https://down-id.img.susercontent.com/file/id-11134207-822wj-mplylqymls7jdb,"[""https://down-id.img.susercontent.com/file/id-11134207-822wj-mplylqymls7jdb"", ""https://down-id.img.susercontent.com/file/id-11134207-822wj-mplylqymn6rz30"", ""https://down-id.img.susercontent.com/file/id-11134207-822ws-mpklld4elwy66d""]","[""OFFICIAL_SHOP""]","[""id-11134258-7r98z-lykpu80ygbvs76""]",FSS+SPayLater_NEW,id-11134258-822wt-mlynmevo9eyr24,False,False,False,1781770554,65550,437000,65550,85,471712986832966,,,,,,,,0.0,0,"[0, 0, 0, 0, 0]","[""Produk Baru""]",Cyeecare,5769514.0,100630,"[100630, 100663, 100885, 101649]",0,Ukuran,"[""Serum""]"
Shopee,,id,2026-07-03,1368540320,cyeecare.id, Cyeecare Official Store,KAB. TANGERANG,46300762080,Cyeecare Salicylic Acid Facial Cleanser Face Wash 70g &Tone Up Cream 20g,https://shopee.co.id/product/1368540320/46300762080,https://down-id.img.susercontent.com/file/id-11134207-8224s-mgm3h9te874a97,"[""https://down-id.img.susercontent.com/file/id-11134207-8224s-mgm3h9te874a97"", ""https://down-id.img.susercontent.com/file/id-11134207-82250-mgm42b2tk4coda"", ""https://down-id.img.susercontent.com/file/id-11134207-82250-mkj72wonyn0kbf"", ""https://down-id.img.susercontent.com/file/id-11134207-8224z-mgm3h9tecetm3e"", ""https://down-id.img.susercontent.com/file/id-11134207-8224v-mgm3h9tef7yi77"", ""https://down-id.img.susercontent.com/file/id-11134207-8224o-mkj72woo01l06d"", ""https://down-id.img.susercontent.com/file/id-11134207-82251-mgq5iknqtq8948"", ""https://down-id.img.susercontent.com/file/id-11134207-8224o-mgm3h9te9loqb2""]","[""OFFICIAL_SHOP""]","[""id-11134258-7r98z-lykpu80ygbvs76""]",FSS+SPayLater_NEW,id-11134258-822wt-mlynmevo9eyr24,False,False,False,1762165135,81900,1182888,81900,93,931791142240256,,,,,,131.0,18.0,4.886075949367089,79,"[0, 0, 0, 9, 70]","[""Add-on Deal""]",Cyeecare,5769514.0,100630,"[100630, 100665]",75,Types,"[""SET""]"
Shopee,,id,2026-07-03,1368540320,cyeecare.id, Cyeecare Official Store,KAB. TANGERANG,52762415493,Cyeecare B5 Collagen Repair Serum - Serum Pemulih Skin Barrier Melembapkan 20ml,https://shopee.co.id/product/1368540320/52762415493,https://down-id.img.susercontent.com/file/id-11134207-822wj-mplylqymls7jdb,"[""https://down-id.img.susercontent.com/file/id-11134207-822wj-mplylqymls7jdb"", ""https://down-id.img.susercontent.com/file/id-11134207-822wj-mplylqymn6rz30"", ""https://down-id.img.susercontent.com/file/id-11134207-822ws-mpklld4elwy66d""]","[""OFFICIAL_SHOP""]","[""id-11134258-7r98z-lykpu80ygbvs76""]",FSS+SPayLater_NEW,id-11134258-822wt-mlynmevo9eyr24,False,False,False,1781770383,70800,472000,70800,85,471712986832966,,,,,,,,0.0,0,"[0, 0, 0, 0, 0]","[""Produk Baru""]",Cyeecare,5769514.0,100630,"[100630, 100664, 100896]",1,Ukuran,"[""Serum""]"
Shopee,,id,2026-07-03,1368540320,cyeecare.id, Cyeecare Official Store,KAB. TANGERANG,40216847326,Cyeecare Peeling Solution Serum AHA Eksfoliasi Wajah - Hilangkan Noda Hitam Bekas Jerawat Komedo | Kulit Halus Glowing 20g,https://shopee.co.id/product/1368540320/40216847326,https://down-id.img.susercontent.com/file/id-11134207-822ws-mn3qq9f0mxokdd,"[""https://down-id.img.susercontent.com/file/id-11134207-822ws-mn3qq9f0mxokdd""]","[""OFFICIAL_SHOP""]","[""id-11134258-7r98z-lykpu80ygbvs76""]",FSS+SPayLater_NEW,id-11134258-822wt-mlynmevo9eyr24,False,False,False,1756720788,88000,200000,88000,56,289226218557440,,,,,,10000.0,1000.0,4.806677467885661,34564,"[166, 141, 953, 3689, 29615]","[""Add-on Deal""]",Cyeecare,5769514.0,100630,"[100630, 100664, 100896]",17842,jenis produk,"[""[Promosi]1 PCS"", ""1PCS"", ""2PCS"", ""Peel & Glow Pair"", ""Peel Hair Pair"", ""Peel Glow Hair Pair""]"
Shopee,,id,2026-07-03,1368540320,cyeecare.id, Cyeecare Official Store,KAB. TANGERANG,46662299954,[New Launch] Cyeecare Paket 3 Langkah Exfo Glow Cleanser Serum Cream Skincare Set Eksfoliasi Pencerah AHA BHA PHA Niacinamide Kulit Mulus Glowing,https://shopee.co.id/product/1368540320/46662299954,https://down-id.img.susercontent.com/file/id-11134207-822wu-mpklfsmcqhos2d,"[""https://down-id.img.susercontent.com/file/id-11134207-822wu-mpklfsmcqhos2d"", ""https://down-id.img.susercontent.com/file/id-11134207-822wn-mpklfsmcrw9885"", ""https://down-id.img.susercontent.com/file/id-11134207-822wh-mpklfsmctatoc5"", ""https://down-id.img.susercontent.com/file/id-11134207-822wu-mpklfsmcupe4b2"", ""https://down-id.img.susercontent.com/file/id-11134207-822wm-mpklfsmcw3yk38"", ""https://down-id.img.susercontent.com/file/id-11134207-822wo-mpt9vstbjpqk04"", ""https://down-id.img.susercontent.com/file/id-11134207-822wu-mpklfsmcyx3gda"", ""https://down-id.img.susercontent.com/file/id-11134207-822wm-mpklfsmd0bnwa1"", ""https://down-id.img.susercontent.com/file/id-11134207-822wm-mpitybx9730r1b""]","[""OFFICIAL_SHOP""]","[""id-11134258-7r98z-lykpu80ygbvs76""]",FSS+SPayLater_NEW,id-11134258-822wt-mlynmevo9eyr24,False,False,False,1781580343,108900,1090000,108900,90,933244862808064,,,,,,185.0,183.0,4.955056179775281,89,"[0, 0, 1, 2, 86]","[""Produk Baru"", ""Free Gift""]",Cyeecare,5769514.0,100630,"[100630, 100665]",48,Jumlah,"[""Set 1"", ""Set 2""]"
Shopee,,id,2026-07-03,1368540320,cyeecare.id, Cyeecare Official Store,KAB. TANGERANG,56810310860,Cyeecare Ginger Hair Care Serum 20g - Penumbuh Rambut Anti Rontok Perkuat Akar & Volume,https://shopee.co.id/product/1368540320/56810310860,https://down-id.img.susercontent.com/file/id-11134207-822wk-mo3vqh6ugikhdd,"[""https://down-id.img.susercontent.com/file/id-11134207-822wk-mo3vqh6ugikhdd"", ""https://down-id.img.susercontent.com/file/id-11134207-822wg-mo3vqh6uhx4x76"", ""https://down-id.img.susercontent.com/file/id-11134207-822wt-mo3vqh6t4r9ca0"", ""https://down-id.img.susercontent.com/file/id-11134207-822wu-mo3vqh6wre2rf1"", ""https://down-id.img.susercontent.com/file/id-11134207-822wq-mo3vqh6smhvs94"", ""https://down-id.img.susercontent.com/file/id-11134207-822wk-mo3vqh6u12bq1e"", ""https://down-id.img.susercontent.com/file/id-11134207-822wn-mo3vqh7046x1e3"", ""https://down-id.img.susercontent.com/file/id-11134207-822wo-mo3vqh70701xb8""]","[""OFFICIAL_SHOP""]","[""id-11134258-7r98z-lykpu80ygbvs76""]",FSS+SPayLater_NEW,id-11134258-822wt-mlynmevo9eyr24,False,False,False,1778495363,38000,399999,38000,90,289226218557440,,,,,,10000.0,1000.0,4.856834920064667,5575,"[8, 8, 89, 563, 4907]","[""Add-on Deal""]",Cyeecare,5769514.0,100630,"[100630, 100659, 100871]",9825,type,"[""1pcs"", ""2pcs"", ""3pcs"", ""5pcs"", ""HairCare Set""]"
Shopee,,id,2026-07-03,1368540320,cyeecare.id, Cyeecare Official Store,KAB. TANGERANG,50900285453,Cyeecare Ginger Hair Care Serum 20g,https://shopee.co.id/product/1368540320/50900285453,https://down-id.img.susercontent.com/file/id-11134207-8224t-mgd5omb8zxft95,"[""https://down-id.img.susercontent.com/file/id-11134207-8224t-mgd5omb8zxft95"", ""https://down-id.img.susercontent.com/file/id-11134207-8224z-mgd5ombi8u1b35"", ""https://down-id.img.susercontent.com/file/id-11134207-82250-mgd5omb86finc3"", ""https://down-id.img.susercontent.com/file/id-11134207-8224u-mgd5ombp9o9810"", ""https://down-id.img.susercontent.com/file/id-11134207-8224r-mgd5ombi7fgv26"", ""https://down-id.img.susercontent.com/file/id-11134207-8224q-mgd5ombjj6ryf3"", ""https://down-id.img.susercontent.com/file/id-11134207-8224p-mgd5ombjklcef1"", ""https://down-id.img.susercontent.com/file/id-11134207-82252-mgd5ombmcbnva0""]","[""OFFICIAL_SHOP""]","[""id-11134258-7r98z-lykpu80ygbvs76""]",FSS+SPayLater_NEW,id-11134258-822wt-mlynmevo9eyr24,False,False,False,1761624534,38000,399999,38000,90,289226218557440,,,,,,10000.0,1000.0,4.852765321375187,12042,"[24, 16, 193, 1243, 10566]","[""Add-on Deal""]",Cyeecare,5769514.0,100630,"[100630, 100659, 100871]",18180,type,"[""1pcs"", ""2pcs"", ""3pcs"", ""5pcs"", ""HairCare Set""]"
Shopee,,id,2026-07-03,1368540320,cyeecare.id, Cyeecare Official Store,KAB. TANGERANG,41754019654,Cyeecare Tone Up Cream Niacinamide & Arbutin Brightening Moisturizer 20g,https://shopee.co.id/product/1368540320/41754019654,https://down-id.img.susercontent.com/file/id-11134207-8224z-mhq1e3112vb8d9,"[""https://down-id.img.susercontent.com/file/id-11134207-8224z-mhq1e3112vb8d9"", ""https://down-id.img.susercontent.com/file/id-11134207-8224y-mg3igl1ihx59cb"", ""https://down-id.img.susercontent.com/file/id-11134207-82251-mkj7wdmoz5s0af"", ""https://down-id.img.susercontent.com/file/id-11134207-8224v-mg3igl1injf165"", ""https://down-id.img.susercontent.com/file/id-11134207-8224z-mg3igl1ioxzha8"", ""https://down-id.img.susercontent.com/file/id-11134207-8224u-mkj7wdmoxr7kc1"", ""https://down-id.img.susercontent.com/file/id-11134207-8224v-mg3igl1iqcjxba"", ""https://down-id.img.susercontent.com/file/id-11134207-8224o-mg3igl1im4ulc3""]","[""OFFICIAL_SHOP""]","[""id-11134258-7r98z-lykpu80ygbvs76""]",FSS+SPayLater_NEW,id-11134258-822wt-mlynmevo9eyr24,False,False,False,1749547550,27900,366000,27900,92,933253142380544,,,,,,4000.0,1000.0,4.855297157622739,1548,"[3, 6, 28, 138, 1373]","[""Add-on Deal""]",Cyeecare,5769514.0,100630,"[100630, 100664, 100893]",2997,type,"[""20g""]"
Shopee,,id,2026-07-03,1368540320,cyeecare.id, Cyeecare Official Store,KAB. TANGERANG,43131681384,Cyeecare Ginger Serum Rambut 20g - Anti Rontok Penumbuh Rambut Menguatkan Akar & Menambah Volume,https://shopee.co.id/product/1368540320/43131681384,https://down-id.img.susercontent.com/file/id-11134207-822wt-mpevdbyu90cvb9,"[""https://down-id.img.susercontent.com/file/id-11134207-822wt-mpevdbyu90cvb9"", ""https://down-id.img.susercontent.com/file/id-11134207-822wg-mpevbqruu58rf8"", ""https://down-id.img.susercontent.com/file/id-11134207-822wo-mpevbqruvjt796"", ""https://down-id.img.susercontent.com/file/id-11134207-822wr-mpevbqruwydn0c"", ""https://down-id.img.susercontent.com/file/id-11134207-822ws-mpevbqruycy3cb"", ""https://down-id.img.susercontent.com/file/id-11134207-822wu-mpevdbyll6a3a5"", ""https://down-id.img.susercontent.com/file/id-11134207-822wk-mpevdbyu677z6d"", ""https://down-id.img.susercontent.com/file/id-11134207-822wm-mpevdbyu7lsff6""]","[""OFFICIAL_SHOP""]","[""id-11134258-7r98z-lykpu80ygbvs76""]",FSS+SPayLater_NEW,id-11134258-822wt-mlynmevo9eyr24,False,False,False,1781339961,38000,390000,38000,90,289226218557440,,,,,,2000.0,1000.0,4.8987194412107105,859,"[0, 0, 11, 65, 783]","[""Produk Baru"", ""Add-on Deal""]",Cyeecare,5769514.0,100630,"[100630, 100659, 100871]",756,type,"[""1pcs"", ""2pcs"", ""3pcs"", ""5pcs"", ""HairCare Set""]"
Shopee,,id,2026-07-03,1368540320,cyeecare.id, Cyeecare Official Store,KAB. TANGERANG,40004031932,"Cyeecare 5PCS Set Skincare Paket Brightening Moisturizer Facial Wash, Toner, Serum, Cream Paket Skincare",https://shopee.co.id/product/1368540320/40004031932,https://down-id.img.susercontent.com/file/id-11134207-81ztg-mq61v8t72hhcc6,"[""https://down-id.img.susercontent.com/file/id-11134207-81ztg-mq61v8t72hhcc6"", ""https://down-id.img.susercontent.com/file/id-11134207-8224w-mkj6k25tg3r8eb"", ""https://down-id.img.susercontent.com/file/id-11134207-8224t-mkj72wonneh0e8"", ""https://down-id.img.susercontent.com/file/id-11134207-8224p-mkj6k25thibo3f"", ""https://down-id.img.susercontent.com/file/id-11134207-8224w-mkj72won7y88de"", ""https://down-id.img.susercontent.com/file/id-11134207-8224s-mkj72wonot1g81"", ""https://down-id.img.susercontent.com/file/id-11134207-8224y-mkj72won7y84f8""]","[""OFFICIAL_SHOP""]","[""id-11134258-7r98z-lykpu80ygbvs76""]",FSS+SPayLater_NEW,id-11134258-822wt-mlynmevo9eyr24,False,False,False,1749543534,178000,1620000,178000,89,289226218557440,,,,,,5000.0,491.0,4.889528193325662,2607,"[10, 1, 45, 155, 2396]","[""Free Gift""]",Cyeecare,5769514.0,100630,"[100630, 100665]",2133,TYPE,"[""SET 1"", ""SET 2"", ""SET 3""]"
Shopee,,id,2026-07-03,1368540320,cyeecare.id, Cyeecare Official Store,KAB. TANGERANG,41753991537,Cyeecare 3pcs paket Skincare Moisturizer+Serum+Cleanser Face Wash Glowing Kit Dark Spot,https://shopee.co.id/product/1368540320/41753991537,https://down-id.img.susercontent.com/file/id-11134207-81ztl-mq61v8t712ww14,"[""https://down-id.img.susercontent.com/file/id-11134207-81ztl-mq61v8t712ww14"", ""https://down-id.img.susercontent.com/file/id-11134207-822wr-mnfhp0csda0z20"", ""https://down-id.img.susercontent.com/file/id-11134207-822wo-mnfhp0csg35vd8"", ""https://down-id.img.susercontent.com/file/id-11134207-822ws-mnfhp0cseolfdf"", ""https://down-id.img.susercontent.com/file/id-11134207-822wl-mnfhp0cshhqb2f"", ""https://down-id.img.susercontent.com/file/id-11134207-822wl-mnfhp0csiwarb9"", ""https://down-id.img.susercontent.com/file/id-11134207-822wr-mnfhp0cskav7a4"", ""https://down-id.img.susercontent.com/file/id-11134207-822wu-mnf59wi8jz0jf7"", ""https://down-id.img.susercontent.com/file/id-11134207-822wn-mnfhp0csn403c1""]","[""OFFICIAL_SHOP""]","[""id-11134258-7r98z-lykpu80ygbvs76""]",FSS+SPayLater_NEW,id-11134258-822wt-mlynmevo9eyr24,False,False,False,1749542889,109000,1090000,109000,90,289226218557440,,,,,,10000.0,215.0,4.863837691098729,6999,"[19, 14, 121, 593, 6252]","[""Free Gift""]",Cyeecare,5769514.0,100630,"[100630, 100665]",2757,type,"[""Set 1"", ""Set2"", ""Set 3"", ""Set 4""]"
Shopee,,id,2026-07-03,1368540320,cyeecare.id, Cyeecare Official Store,KAB. TANGERANG,40381755746,[New Launch] Cyeecare Paket 5 Langkah Exfo Hydra Glow Cleanser Toner Serum Cream Skincare Set Lengkap Eksfoliasi Pencerah AHA BHA PHA Niacinamide Kulit Mulus Glowing,https://shopee.co.id/product/1368540320/40381755746,https://down-id.img.susercontent.com/file/id-11134207-822wh-mpkh8swahjpq47,"[""https://down-id.img.susercontent.com/file/id-11134207-822wh-mpkh8swahjpq47"", ""https://down-id.img.susercontent.com/file/id-11134207-822ws-mpkh8swaiya614"", ""https://down-id.img.susercontent.com/file/id-11134207-822wp-mpkh8swakcum4e"", ""https://down-id.img.susercontent.com/file/id-11134207-822wq-mpkh8swan5ziae"", ""https://down-id.img.susercontent.com/file/id-11134207-822wo-mpkh8swapz4e04"", ""https://down-id.img.susercontent.com/file/id-11134207-822wh-mpt9vstbl4b0e4"", ""https://down-id.img.susercontent.com/file/id-11134207-822wi-mpkh8swalrf259"", ""https://down-id.img.susercontent.com/file/id-11134207-822wp-mpkh8swardou61"", ""https://down-id.img.susercontent.com/file/id-11134207-822wr-mpkh8swass9a9e""]","[""OFFICIAL_SHOP""]","[""id-11134258-7r98z-lykpu80ygbvs76""]",FSS+SPayLater_NEW,id-11134258-822wt-mlynmevo9eyr24,False,False,False,1781590585,177900,1590000,177900,89,933244862808064,,,,,,164.0,163.0,4.895522388059701,67,"[0, 0, 0, 7, 60]","[""Produk Baru"", ""Free Gift""]",Cyeecare,5769514.0,100630,"[100630, 100665]",50,Jumlah,"[""Set 1"", ""Set 2""]"
Shopee,,id,2026-07-03,1368540320,cyeecare.id, Cyeecare Official Store,KAB. TANGERANG,29141311734,Cyeecare Paket Skincare 3 Pcs Glowing Kit Dark Spot Face Wash + Serum + Moisturizer,https://shopee.co.id/product/1368540320/29141311734,https://down-id.img.susercontent.com/file/id-11134207-81ztn-mq61v8t73w1s72,"[""https://down-id.img.susercontent.com/file/id-11134207-81ztn-mq61v8t73w1s72"", ""https://down-id.img.susercontent.com/file/id-11134207-822wg-mnflgth2tlhc9c"", ""https://down-id.img.susercontent.com/file/id-11134207-822wm-mnflgth2v01scf"", ""https://down-id.img.susercontent.com/file/id-11134207-822wm-mnflgth2wem847"", ""https://down-id.img.susercontent.com/file/id-11134207-822wt-mnflgth2xt6o49"", ""https://down-id.img.susercontent.com/file/id-11134207-822wu-mnflgth2z7r45d"", ""https://down-id.img.susercontent.com/file/id-11134207-822wr-mnflgth30mbk5e"", ""https://down-id.img.susercontent.com/file/id-11134207-822wu-mnf59wi8jz0jf7"", ""https://down-id.img.susercontent.com/file/id-11134207-822wm-mnfidzont5hkb8""]","[""OFFICIAL_SHOP""]","[""id-11134258-7r98z-lykpu80ygbvs76""]",FSS+SPayLater_NEW,id-11134258-822wt-mlynmevo9eyr24,False,False,False,1757398883,109000,1090000,109000,90,289226218557440,,,,,,3000.0,152.0,4.879279279279279,1665,"[5, 2, 26, 123, 1509]","[""Free Gift""]",Cyeecare,5769514.0,100630,"[100630, 100665]",847,type,"[""Set 1"", ""Set 2"", ""Set 3"", ""Set 4""]"
Shopee,,id,2026-07-03,1368540320,cyeecare.id, Cyeecare Official Store,KAB. TANGERANG,44100386393,Cyeecare Combo Hemat Set (3pcs Tone-Up Cream + 1pc Peeling Solution) ,https://shopee.co.id/product/1368540320/44100386393,https://down-id.img.susercontent.com/file/id-11134207-81ztp-mel221dnc54yc5,"[""https://down-id.img.susercontent.com/file/id-11134207-81ztp-mel221dnc54yc5"", ""https://down-id.img.susercontent.com/file/id-11134207-8224x-mgzwg1evlqfg77"", ""https://down-id.img.susercontent.com/file/id-11134207-8224v-mgzw8bzrdx575b"", ""https://down-id.img.susercontent.com/file/id-11134207-8224q-mkj6k25tdamccc"", ""https://down-id.img.susercontent.com/file/id-11134207-82250-mgzw8bzrfbpnb2"", ""https://down-id.img.susercontent.com/file/id-11134207-82252-mkj6k25tep6s6a"", ""https://down-id.img.susercontent.com/file/id-11134207-8224w-mgzw8bzri4ujed"", ""https://down-id.img.susercontent.com/file/id-11134207-8224y-mgzw8bzrjjezc1""]","[""OFFICIAL_SHOP""]","[""id-11134258-7r98z-lykpu80ygbvs76""]",FSS+SPayLater_NEW,id-11134258-822wt-mlynmevo9eyr24,False,False,False,1746832775,126000,799999,126000,84,289226218557440,,,,,,2000.0,106.0,4.860158311345646,1137,"[5, 4, 20, 87, 1021]","[""Add-on Deal""]",Cyeecare,5769514.0,100630,"[100630, 100665]",861,Pilihan,"[""3 ToneUp +1 Peeling""]"
Shopee,,id,2026-07-03,1368540320,cyeecare.id, Cyeecare Official Store,KAB. TANGERANG,42004003284,Cyeecare Peeling Solution Serum 20g + Tone-Up Cream 20g,https://shopee.co.id/product/1368540320/42004003284,https://down-id.img.susercontent.com/file/id-11134207-7ra0q-mb7qz8p7prbtbb,"[""https://down-id.img.susercontent.com/file/id-11134207-7ra0q-mb7qz8p7prbtbb"", ""https://down-id.img.susercontent.com/file/id-11134207-8224v-mkj6382s2nlz99"", ""https://down-id.img.susercontent.com/file/id-11134207-8224p-mkj6382rzuh31f"", ""https://down-id.img.susercontent.com/file/id-11134207-8224v-mgzw8bzrdx575b"", ""https://down-id.img.susercontent.com/file/id-11134207-82250-mgzw8bzrfbpnb2"", ""https://down-id.img.susercontent.com/file/id-11134207-8224u-mkj6382s191j1b"", ""https://down-id.img.susercontent.com/file/id-11134207-8224w-mgzw8bzri4ujed"", ""https://down-id.img.susercontent.com/file/id-11134207-8224y-mgzw8bzrjjezc1""]","[""OFFICIAL_SHOP""]","[""id-11134258-7r98z-lykpu80ygbvs76""]",FSS+SPayLater_NEW,id-11134258-822wt-mlynmevo9eyr24,False,False,False,1749545821,72900,488000,72900,85,933253142380544,,,,,,1000.0,94.0,4.798234552332913,793,"[4, 2, 23, 92, 672]","[""Add-on Deal""]",Cyeecare,5769514.0,100630,"[100630, 100664, 100896]",471,type,"[""set""]"
Shopee,,id,2026-07-03,1368540320,cyeecare.id, Cyeecare Official Store,KAB. TANGERANG,42704015546,Cyeecare Peeling Solution Serum 20g + Facial Foam Gentle Purifying Amino Acid & Salicylic Acid Facial Cleanser,https://shopee.co.id/product/1368540320/42704015546,https://down-id.img.susercontent.com/file/id-11134207-8224t-mi9m0gkacjk6d9,"[""https://down-id.img.susercontent.com/file/id-11134207-8224t-mi9m0gkacjk6d9"", ""https://down-id.img.susercontent.com/file/id-11134207-8224x-mgzwg1evydjg92"", ""https://down-id.img.susercontent.com/file/id-11134207-82250-mkj72wonyn0kbf"", ""https://down-id.img.susercontent.com/file/id-11134207-8224x-mgq5iknqo3yh17"", ""https://down-id.img.susercontent.com/file/id-11134207-82251-mkj72wonx8g433"", ""https://down-id.img.susercontent.com/file/id-11134207-8224r-mgzwg1evzs3w9d"", ""https://down-id.img.susercontent.com/file/id-11134207-82251-mgq5iknqtq8948"", ""https://down-id.img.susercontent.com/file/id-11134207-8224t-mgq5iknqmpe171""]","[""OFFICIAL_SHOP""]","[""id-11134258-7r98z-lykpu80ygbvs76""]",FSS+SPayLater_NEW,id-11134258-822wt-mlynmevo9eyr24,False,False,False,1749549439,105000,355000,105000,70,289226218557440,,,,,,544.0,67.0,4.81549815498155,271,"[2, 0, 10, 22, 237]","[""Add-on Deal""]",Cyeecare,5769514.0,100630,"[100630, 100664, 100896]",177,type,"[""set""]"
Shopee,,id,2026-07-03,1368540320,cyeecare.id, Cyeecare Official Store,KAB. TANGERANG,43868361582,[NEW]Cyeecare Essence Toner Toner Esensi Pelembap Lembut dengan Witch Hazel 80ml,https://shopee.co.id/product/1368540320/43868361582,https://down-id.img.susercontent.com/file/id-11134207-82251-mi9m0gk9yhvs1e,"[""https://down-id.img.susercontent.com/file/id-11134207-82251-mi9m0gk9yhvs1e"", ""https://down-id.img.susercontent.com/file/id-11134207-81ztg-mfp8oa26liq77a"", ""https://down-id.img.susercontent.com/file/id-11134207-8224x-mg681cfttpmy01"", ""https://down-id.img.susercontent.com/file/id-11134207-82250-mkj8juhok7pib6"", ""https://down-id.img.susercontent.com/file/id-11134207-82251-mg681cftv47e73"", ""https://down-id.img.susercontent.com/file/id-11134207-8224q-mg681cftzbwq53"", ""https://down-id.img.susercontent.com/file/id-11134207-82250-mkj8juhpxdl199"", ""https://down-id.img.susercontent.com/file/id-11134207-8224y-mg681cfu251mb4""]","[""OFFICIAL_SHOP""]","[""id-11134258-7r98z-lykpu80ygbvs76""]",FSS+SPayLater_NEW,id-11134258-822wt-mlynmevo9eyr24,False,False,False,1757492675,27900,1900000,27900,99,933244862808064,,,,,,8000.0,54.0,4.845546292233435,4558,"[12, 12, 91, 438, 4005]","[""Add-on Deal""]",Cyeecare,5769514.0,100630,"[100630, 100664, 100892]",386,tipe,"[""Essence Toner*5"", ""Essence Toner*3"", ""Tone-Up Cream*1""]"
Shopee,,id,2026-07-03,1368540320,cyeecare.id, Cyeecare Official Store,KAB. TANGERANG,41854010251,Cyeecare AHA Serum + Cleanser Brightening & Exfoliating Skin Care Paket Pembersih Wajah Mencerahkan,https://shopee.co.id/product/1368540320/41854010251,https://down-id.img.susercontent.com/file/id-11134207-822wm-mo59ub8kjthc6a,"[""https://down-id.img.susercontent.com/file/id-11134207-822wm-mo59ub8kjthc6a"", ""https://down-id.img.susercontent.com/file/id-11134207-822wk-mo59ub8k8kxs9c"", ""https://down-id.img.susercontent.com/file/id-11134207-822wt-mo96r3qkw2dif2"", ""https://down-id.img.susercontent.com/file/id-11134207-822wg-mo96r3qkunt2df"", ""https://down-id.img.susercontent.com/file/id-11134207-822wt-mo59ub8k9zi8c8"", ""https://down-id.img.susercontent.com/file/id-11134207-822wu-mo59ub8ke77k81"", ""https://down-id.img.susercontent.com/file/id-11134207-822wk-mo59ub8kfls0a3"", ""https://down-id.img.susercontent.com/file/id-11134207-822wj-mo59ub8kh0cg98"", ""https://down-id.img.susercontent.com/file/id-11134207-822wg-mo59ub8kieww88""]","[""OFFICIAL_SHOP""]","[""id-11134258-7r98z-lykpu80ygbvs76""]",FSS+SPayLater_NEW,id-11134258-822wt-mlynmevo9eyr24,False,False,False,1749541118,104900,599000,104900,82,933253142380544,,,,,,1000.0,49.0,4.846625766871166,489,"[2, 2, 11, 39, 435]","[""Add-on Deal""]",Cyeecare,5769514.0,100630,"[100630, 100665]",298,type,"[""[New]Set"", ""set""]"
Shopee,,id,2026-07-03,1368540320,cyeecare.id, Cyeecare Official Store,KAB. TANGERANG,49162304776,[New Launch] Cyeecare Paket 4 Langkah Brightening Cleansing Gel Toner Serum Cream Skincare Set Pencerah Eksfoliasi Arbutin AHA BHA Niacinamide Kulit Cerah Mulus,https://shopee.co.id/product/1368540320/49162304776,https://down-id.img.susercontent.com/file/id-11134207-822wp-mpklld4ekidq03,"[""https://down-id.img.susercontent.com/file/id-11134207-822wp-mpklld4ekidq03"", ""https://down-id.img.susercontent.com/file/id-11134207-822wk-mpklld4ngrv135"", ""https://down-id.img.susercontent.com/file/id-11134207-822ws-mpklld4elwy66d"", ""https://down-id.img.susercontent.com/file/id-11134207-822wh-mpklld4enbimef"", ""https://down-id.img.susercontent.com/file/id-11134207-822wo-mpklld4eoq329c"", ""https://down-id.img.susercontent.com/file/id-11134207-822wr-mpt9vstbib640c"", ""https://down-id.img.susercontent.com/file/id-11134207-822wm-mpklld4erj7y4a"", ""https://down-id.img.susercontent.com/file/id-11134207-822wq-mpklld4esxsedb"", ""https://down-id.img.susercontent.com/file/id-11134207-822wk-mpj0po4qhddsa0""]","[""OFFICIAL_SHOP""]","[""id-11134258-7r98z-lykpu80ygbvs76""]",FSS+SPayLater_NEW,id-11134258-822wt-mlynmevo9eyr24,False,False,False,1781591029,146900,1390000,146900,89,933244862808064,,,,,,38.0,37.0,4.647058823529412,17,"[0, 1, 0, 3, 13]","[""Produk Baru"", ""Free Gift""]",Cyeecare,5769514.0,100630,"[100630, 100665]",31,Jumlah,"[""Set 1"", ""Set 2""]"
Shopee,,id,2026-07-03,1368540320,cyeecare.id, Cyeecare Official Store,KAB. TANGERANG,24994496898,Cyeecare Paket Glowing Duo Eksfoliasi: Serum AHA + Cleanser Mencerahkan Kulit Kusam Kecilkan Pori-Pori,https://shopee.co.id/product/1368540320/24994496898,https://down-id.img.susercontent.com/file/id-11134207-822wg-mo96r3qkp1ja99,"[""https://down-id.img.susercontent.com/file/id-11134207-822wg-mo96r3qkp1ja99""]","[""OFFICIAL_SHOP""]","[""id-11134258-7r98z-lykpu80ygbvs76""]",FSS+SPayLater_NEW,id-11134258-822wt-mlynmevo9eyr24,False,False,False,1745470824,104900,599000,104900,82,931791142240256,,,,,,2000.0,16.0,4.856277056277056,1155,"[4, 1, 22, 103, 1025]","[""Add-on Deal""]",Cyeecare,5769514.0,100630,"[100630, 100665]",755,type,"[""[New]Set"", ""set""]"
Shopee,,id,2026-07-03,1368540320,cyeecare.id, Cyeecare Official Store,KAB. TANGERANG,54059337526,Cyeecare TRI-ACID ARBUTIN Sabun Cuci Muka Gel 120ml Brightening Oil Control Bebas Kilap Cerah Merata,https://shopee.co.id/product/1368540320/54059337526,https://down-id.img.susercontent.com/file/id-11134207-822wu-mndx1ib98b9caf,"[""https://down-id.img.susercontent.com/file/id-11134207-822wu-mndx1ib98b9caf""]","[""OFFICIAL_SHOP""]","[""id-11134258-7r98z-lykpu80ygbvs76""]",FSS+SPayLater_NEW,id-11134258-822wt-mlynmevo9eyr24,False,False,False,1776912380,68900,580000,68900,88,931791142240256,,,,,,33.0,11.0,4.863636363636363,22,"[0, 0, 0, 3, 19]","[""Add-on Deal""]",Cyeecare,5769514.0,100630,"[100630, 100664, 100891]",42,Ukuran,"[""120ml*1"", ""120ml*2""]"
Shopee,,id,2026-07-03,1368540320,cyeecare.id, Cyeecare Official Store,KAB. TANGERANG,51256726650,[KOL Exclusive] Cyeecare 3pcs Skincare Moisturizer Serum Cleanser Glowing Kit Mengurangi Dark Spot,https://shopee.co.id/product/1368540320/51256726650,https://down-id.img.susercontent.com/file/id-11134207-822wm-mnfhp0csoikj9b,"[""https://down-id.img.susercontent.com/file/id-11134207-822wm-mnfhp0csoikj9b"", ""https://down-id.img.susercontent.com/file/id-11134207-822wt-mlem1mtx1gqo76"", ""https://down-id.img.susercontent.com/file/id-11134207-822wo-mlem1mtx730g4a"", ""https://down-id.img.susercontent.com/file/id-11134207-822wg-mlem1mtx2vb433"", ""https://down-id.img.susercontent.com/file/id-11134207-822wi-mlem1mtx5og07b"", ""https://down-id.img.susercontent.com/file/id-11134207-822wr-mlem1mtx8hkwbe"", ""https://down-id.img.susercontent.com/file/id-11134207-822wg-mnfkbee3byth1a"", ""https://down-id.img.susercontent.com/file/id-11134207-8224y-mkj72won7y84f8""]","[""OFFICIAL_SHOP""]","[""id-11134258-7r98z-lykpu80ygbvs76""]",FSS+SPayLater_NEW,id-11134258-822wt-mlynmevo9eyr24,False,False,False,1772607561,123000,1110000,123000,89,866553264930816,,,,,,66.0,4.0,4.885714285714286,35,"[0, 0, 1, 2, 32]","[""Free Gift""]",Cyeecare,5769514.0,100630,"[100630, 100665]",89,type,"[""Cleanser+Serum+Cream""]"
