country_code,shop_id,date,rating_star,follower_count,item_count,response_rate,response_time,rating_good,rating_normal,rating_bad,cancellation_rate,vacation,rating_total,following_count,shop_name,is_official_shop,is_shopee_verified,is_preferred_plus_seller,source_file,source_row,path_country_code,path_dataset,path_shop_id,rating_star_num,follower_count_num,item_count_num,response_rate_num,response_time_num,rating_good_num,rating_normal_num,rating_bad_num,cancellation_rate_num,rating_total_num,following_count_num,vacation_bool,is_official_shop_bool,is_shopee_verified_bool,is_preferred_plus_seller_bool
id,1112776376,2026-07-01,4.87,1128262,92,58,9382,2004850,29573,4239,0,false,2038662,0,Scora Official Store,true,false,false,data/raw_extended/country_code=id/dataset=shop_stats/shop_id=1112776376/shop_stats.csv,2,id,shop_stats,1112776376,4.87,1128262.0,92.0,58.0,9382.0,2004850.0,29573.0,4239.0,0.0,2038662.0,0.0,False,True,False,False
id,1112776376,2026-07-02,4.87,1129253,92,59,8791,2004850,29573,4239,0,false,2038662,0,Scora Official Store,true,false,false,data/raw_extended/country_code=id/dataset=shop_stats/shop_id=1112776376/shop_stats.csv,3,id,shop_stats,1112776376,4.87,1129253.0,92.0,59.0,8791.0,2004850.0,29573.0,4239.0,0.0,2038662.0,0.0,False,True,False,False
id,1112776376,2026-07-08,4.87,1141554,97,65,7148,2035743,29958,4277,0,false,2069978,0,Scora Official Store,true,false,false,data/raw_extended/country_code=id/dataset=shop_stats/shop_id=1112776376/shop_stats.csv,4,id,shop_stats,1112776376,4.87,1141554.0,97.0,65.0,7148.0,2035743.0,29958.0,4277.0,0.0,2069978.0,0.0,False,True,False,False
id,1112776376,2026-07-03,4.87,1130746,97,60,8410,2004850,29573,4239,0,false,2038662,0,Scora Official Store,true,false,false,data/raw_extended/country_code=id/dataset=shop_stats/shop_id=1112776376/shop_stats.csv,5,id,shop_stats,1112776376,4.87,1130746.0,97.0,60.0,8410.0,2004850.0,29573.0,4239.0,0.0,2038662.0,0.0,False,True,False,False
id,1112776376,2026-07-05,4.87,1134251,97,60,8088,2018688,29720,4249,0,false,2052657,0,Scora Official Store,true,false,false,data/raw_extended/country_code=id/dataset=shop_stats/shop_id=1112776376/shop_stats.csv,6,id,shop_stats,1112776376,4.87,1134251.0,97.0,60.0,8088.0,2018688.0,29720.0,4249.0,0.0,2052657.0,0.0,False,True,False,False
id,1112776376,2026-07-06,4.87,1134990,97,60,7857,2021559,29774,4251,0,false,2055584,0,Scora Official Store,true,false,false,data/raw_extended/country_code=id/dataset=shop_stats/shop_id=1112776376/shop_stats.csv,7,id,shop_stats,1112776376,4.87,1134990.0,97.0,60.0,7857.0,2021559.0,29774.0,4251.0,0.0,2055584.0,0.0,False,True,False,False
id,1112776376,2026-07-07,4.87,1138866,97,62,7239,2028481,29871,4264,0,false,2062616,0,Scora Official Store,true,false,false,data/raw_extended/country_code=id/dataset=shop_stats/shop_id=1112776376/shop_stats.csv,8,id,shop_stats,1112776376,4.87,1138866.0,97.0,62.0,7239.0,2028481.0,29871.0,4264.0,0.0,2062616.0,0.0,False,True,False,False
id,1112776376,2026-07-04,4.87,1132458,97,60,8293,2011363,29648,4241,0,false,2045252,0,Scora Official Store,true,false,false,data/raw_extended/country_code=id/dataset=shop_stats/shop_id=1112776376/shop_stats.csv,9,id,shop_stats,1112776376,4.87,1132458.0,97.0,60.0,8293.0,2011363.0,29648.0,4241.0,0.0,2045252.0,0.0,False,True,False,False
id,1112776376,2026-07-16,4.87,1151236,100,76,5513,2080369,30418,4332,0,false,2115119,0,Scora Official Store,true,false,false,data/raw_extended/country_code=id/dataset=shop_stats/shop_id=1112776376/shop_stats.csv,10,id,shop_stats,1112776376,4.87,1151236.0,100.0,76.0,5513.0,2080369.0,30418.0,4332.0,0.0,2115119.0,0.0,False,True,False,False
id,1112776376,2026-07-15,4.87,1149970,100,74,5641,2075534,30366,4324,0,false,2110224,0,Scora Official Store,true,false,false,data/raw_extended/country_code=id/dataset=shop_stats/shop_id=1112776376/shop_stats.csv,11,id,shop_stats,1112776376,4.87,1149970.0,100.0,74.0,5641.0,2075534.0,30366.0,4324.0,0.0,2110224.0,0.0,False,True,False,False
id,1112776376,2026-07-17,4.87,1152717,100,79,5412,2085293,30476,4340,0,false,2120109,0,Scora Official Store,true,false,false,data/raw_extended/country_code=id/dataset=shop_stats/shop_id=1112776376/shop_stats.csv,12,id,shop_stats,1112776376,4.87,1152717.0,100.0,79.0,5412.0,2085293.0,30476.0,4340.0,0.0,2120109.0,0.0,False,True,False,False
id,1112776376,2026-07-09,4.87,1142849,98,65,6842,2041414,30015,4283,0,false,2075712,0,Scora Official Store,true,false,false,data/raw_extended/country_code=id/dataset=shop_stats/shop_id=1112776376/shop_stats.csv,13,id,shop_stats,1112776376,4.87,1142849.0,98.0,65.0,6842.0,2041414.0,30015.0,4283.0,0.0,2075712.0,0.0,False,True,False,False
id,1112776376,2026-07-10,4.87,1144168,100,67,6485,2046566,30065,4287,0,false,2080918,0,Scora Official Store,true,false,false,data/raw_extended/country_code=id/dataset=shop_stats/shop_id=1112776376/shop_stats.csv,14,id,shop_stats,1112776376,4.87,1144168.0,100.0,67.0,6485.0,2046566.0,30065.0,4287.0,0.0,2080918.0,0.0,False,True,False,False
id,1112776376,2026-07-14,4.87,1148826,100,72,5798,2070630,30305,4316,0,false,2105251,0,Scora Official Store,true,false,false,data/raw_extended/country_code=id/dataset=shop_stats/shop_id=1112776376/shop_stats.csv,15,id,shop_stats,1112776376,4.87,1148826.0,100.0,72.0,5798.0,2070630.0,30305.0,4316.0,0.0,2105251.0,0.0,False,True,False,False
id,1112776376,2026-07-11,4.87,1145671,100,68,6287,2055197,30146,4293,0,false,2089636,0,Scora Official Store,true,false,false,data/raw_extended/country_code=id/dataset=shop_stats/shop_id=1112776376/shop_stats.csv,16,id,shop_stats,1112776376,4.87,1145671.0,100.0,68.0,6287.0,2055197.0,30146.0,4293.0,0.0,2089636.0,0.0,False,True,False,False
id,1112776376,2026-07-13,4.87,1147653,100,70,5927,2064963,30236,4305,0,false,2099504,0,Scora Official Store,true,false,false,data/raw_extended/country_code=id/dataset=shop_stats/shop_id=1112776376/shop_stats.csv,17,id,shop_stats,1112776376,4.87,1147653.0,100.0,70.0,5927.0,2064963.0,30236.0,4305.0,0.0,2099504.0,0.0,False,True,False,False
id,1112776376,2026-07-19,4.87,1155578,100,83,5014,2093910,30567,4349,0,false,2128826,0,Scora Official Store,true,false,false,data/raw_extended/country_code=id/dataset=shop_stats/shop_id=1112776376/shop_stats.csv,18,id,shop_stats,1112776376,4.87,1155578.0,100.0,83.0,5014.0,2093910.0,30567.0,4349.0,0.0,2128826.0,0.0,False,True,False,False
id,1112776376,2026-07-20,4.87,1156810,100,84,5004,2097638,30602,4357,0,false,2132597,0,Scora Official Store,true,false,false,data/raw_extended/country_code=id/dataset=shop_stats/shop_id=1112776376/shop_stats.csv,19,id,shop_stats,1112776376,4.87,1156810.0,100.0,84.0,5004.0,2097638.0,30602.0,4357.0,0.0,2132597.0,0.0,False,True,False,False
id,1112776376,2026-07-18,4.87,1153624,100,79,5412,2088273,30503,4344,0,false,2123120,0,Scora Official Store,true,false,false,data/raw_extended/country_code=id/dataset=shop_stats/shop_id=1112776376/shop_stats.csv,20,id,shop_stats,1112776376,4.87,1153624.0,100.0,79.0,5412.0,2088273.0,30503.0,4344.0,0.0,2123120.0,0.0,False,True,False,False
id,1112776376,2026-07-21,4.87,1157981,100,85,4889,2101599,30646,4357,0,false,2136602,0,Scora Official Store,true,false,false,data/raw_extended/country_code=id/dataset=shop_stats/shop_id=1112776376/shop_stats.csv,21,id,shop_stats,1112776376,4.87,1157981.0,100.0,85.0,4889.0,2101599.0,30646.0,4357.0,0.0,2136602.0,0.0,False,True,False,False
id,1368540320,2026-07-02,4.82,148394,75,100,94,297631,8673,1481,0,false,307785,2,Cyeecare Official Store,true,false,false,data/raw_extended/country_code=id/dataset=shop_stats/shop_id=1368540320/shop_stats.csv,2,id,shop_stats,1368540320,4.82,148394.0,75.0,100.0,94.0,297631.0,8673.0,1481.0,0.0,307785.0,2.0,False,True,False,False
id,1368540320,2026-07-03,4.82,148642,75,100,99,297631,8673,1481,0,false,307785,2,Cyeecare Official Store,true,false,false,data/raw_extended/country_code=id/dataset=shop_stats/shop_id=1368540320/shop_stats.csv,3,id,shop_stats,1368540320,4.82,148642.0,75.0,100.0,99.0,297631.0,8673.0,1481.0,0.0,307785.0,2.0,False,True,False,False
id,1368540320,2026-07-04,4.82,149000,75,100,105,298775,8698,1487,0,false,308960,2,Cyeecare Official Store,true,false,false,data/raw_extended/country_code=id/dataset=shop_stats/shop_id=1368540320/shop_stats.csv,4,id,shop_stats,1368540320,4.82,149000.0,75.0,100.0,105.0,298775.0,8698.0,1487.0,0.0,308960.0,2.0,False,True,False,False
id,1368540320,2026-07-01,4.82,148187,75,100,93,297631,8673,1481,0,false,307785,2,Cyeecare Official Store,true,false,false,data/raw_extended/country_code=id/dataset=shop_stats/shop_id=1368540320/shop_stats.csv,5,id,shop_stats,1368540320,4.82,148187.0,75.0,100.0,93.0,297631.0,8673.0,1481.0,0.0,307785.0,2.0,False,True,False,False
id,1368540320,2026-07-10,4.82,150952,75,100,104,305270,8854,1499,3,false,315623,2,Cyeecare Official Store,true,false,false,data/raw_extended/country_code=id/dataset=shop_stats/shop_id=1368540320/shop_stats.csv,6,id,shop_stats,1368540320,4.82,150952.0,75.0,100.0,104.0,305270.0,8854.0,1499.0,3.0,315623.0,2.0,False,True,False,False
id,1368540320,2026-07-14,4.83,151931,76,100,93,309462,8946,1514,0,false,319922,2,Cyeecare Official Store,true,false,false,data/raw_extended/country_code=id/dataset=shop_stats/shop_id=1368540320/shop_stats.csv,7,id,shop_stats,1368540320,4.83,151931.0,76.0,100.0,93.0,309462.0,8946.0,1514.0,0.0,319922.0,2.0,False,True,False,False
id,1368540320,2026-07-07,4.82,150016,75,100,109,301736,8774,1492,3,false,312002,2,Cyeecare Official Store,true,false,false,data/raw_extended/country_code=id/dataset=shop_stats/shop_id=1368540320/shop_stats.csv,8,id,shop_stats,1368540320,4.82,150016.0,75.0,100.0,109.0,301736.0,8774.0,1492.0,3.0,312002.0,2.0,False,True,False,False
id,1368540320,2026-07-08,4.82,150432,76,100,103,303209,8820,1493,3,false,313522,2,Cyeecare Official Store,true,false,false,data/raw_extended/country_code=id/dataset=shop_stats/shop_id=1368540320/shop_stats.csv,9,id,shop_stats,1368540320,4.82,150432.0,76.0,100.0,103.0,303209.0,8820.0,1493.0,3.0,313522.0,2.0,False,True,False,False
id,1368540320,2026-07-06,4.82,149607,75,100,110,300568,8753,1490,3,false,310811,2,Cyeecare Official Store,true,false,false,data/raw_extended/country_code=id/dataset=shop_stats/shop_id=1368540320/shop_stats.csv,10,id,shop_stats,1368540320,4.82,149607.0,75.0,100.0,110.0,300568.0,8753.0,1490.0,3.0,310811.0,2.0,False,True,False,False
id,1368540320,2026-07-11,4.82,151265,75,100,101,306686,8885,1506,3,false,317077,2,Cyeecare Official Store,true,false,false,data/raw_extended/country_code=id/dataset=shop_stats/shop_id=1368540320/shop_stats.csv,11,id,shop_stats,1368540320,4.82,151265.0,75.0,100.0,101.0,306686.0,8885.0,1506.0,3.0,317077.0,2.0,False,True,False,False
id,1368540320,2026-07-13,4.83,151710,75,100,96,308408,8923,1511,3,false,318842,2,Cyeecare Official Store,true,false,false,data/raw_extended/country_code=id/dataset=shop_stats/shop_id=1368540320/shop_stats.csv,12,id,shop_stats,1368540320,4.83,151710.0,75.0,100.0,96.0,308408.0,8923.0,1511.0,3.0,318842.0,2.0,False,True,False,False
id,1368540320,2026-07-05,4.82,149406,75,100,107,300048,8741,1490,0,false,310279,2,Cyeecare Official Store,true,false,false,data/raw_extended/country_code=id/dataset=shop_stats/shop_id=1368540320/shop_stats.csv,13,id,shop_stats,1368540320,4.82,149406.0,75.0,100.0,107.0,300048.0,8741.0,1490.0,0.0,310279.0,2.0,False,True,False,False
id,1368540320,2026-07-21,4.83,153503,78,100,89,316065,9117,1534,0,false,326716,2,Cyeecare Official Store,true,false,false,data/raw_extended/country_code=id/dataset=shop_stats/shop_id=1368540320/shop_stats.csv,14,id,shop_stats,1368540320,4.83,153503.0,78.0,100.0,89.0,316065.0,9117.0,1534.0,0.0,326716.0,2.0,False,True,False,False
id,1368540320,2026-07-19,4.83,153079,78,100,83,314244,9089,1527,0,false,324860,2,Cyeecare Official Store,true,false,false,data/raw_extended/country_code=id/dataset=shop_stats/shop_id=1368540320/shop_stats.csv,15,id,shop_stats,1368540320,4.83,153079.0,78.0,100.0,83.0,314244.0,9089.0,1527.0,0.0,324860.0,2.0,False,True,False,False
id,1368540320,2026-07-15,4.83,152158,76,100,89,310481,8976,1519,0,false,320976,2,Cyeecare Official Store,true,false,false,data/raw_extended/country_code=id/dataset=shop_stats/shop_id=1368540320/shop_stats.csv,16,id,shop_stats,1368540320,4.83,152158.0,76.0,100.0,89.0,310481.0,8976.0,1519.0,0.0,320976.0,2.0,False,True,False,False
id,1368540320,2026-07-16,4.83,152373,76,100,90,311524,9008,1519,0,false,322051,2,Cyeecare Official Store,true,false,false,data/raw_extended/country_code=id/dataset=shop_stats/shop_id=1368540320/shop_stats.csv,17,id,shop_stats,1368540320,4.83,152373.0,76.0,100.0,90.0,311524.0,9008.0,1519.0,0.0,322051.0,2.0,False,True,False,False
id,1368540320,2026-07-20,4.83,153299,78,100,85,315143,9102,1529,0,false,325774,2,Cyeecare Official Store,true,false,false,data/raw_extended/country_code=id/dataset=shop_stats/shop_id=1368540320/shop_stats.csv,18,id,shop_stats,1368540320,4.83,153299.0,78.0,100.0,85.0,315143.0,9102.0,1529.0,0.0,325774.0,2.0,False,True,False,False
id,1368540320,2026-07-17,4.83,152615,71,100,93,312572,9035,1521,0,false,323128,2,Cyeecare Official Store,true,false,false,data/raw_extended/country_code=id/dataset=shop_stats/shop_id=1368540320/shop_stats.csv,19,id,shop_stats,1368540320,4.83,152615.0,71.0,100.0,93.0,312572.0,9035.0,1521.0,0.0,323128.0,2.0,False,True,False,False
id,1368540320,2026-07-18,4.83,152775,71,100,93,313177,9054,1522,0,false,323753,2,Cyeecare Official Store,true,false,false,data/raw_extended/country_code=id/dataset=shop_stats/shop_id=1368540320/shop_stats.csv,20,id,shop_stats,1368540320,4.83,152775.0,71.0,100.0,93.0,313177.0,9054.0,1522.0,0.0,323753.0,2.0,False,True,False,False
id,1379527329,2026-07-01,4.93,2892,18,100,90,4948,32,2,0,false,4982,1,ZOICY Official Store,true,false,false,data/raw_extended/country_code=id/dataset=shop_stats/shop_id=1379527329/shop_stats.csv,2,id,shop_stats,1379527329,4.93,2892.0,18.0,100.0,90.0,4948.0,32.0,2.0,0.0,4982.0,1.0,False,True,False,False
id,1379527329,2026-07-08,4.93,3040,20,100,72,5069,32,2,0,false,5103,1,ZOICY Official Store,true,false,false,data/raw_extended/country_code=id/dataset=shop_stats/shop_id=1379527329/shop_stats.csv,3,id,shop_stats,1379527329,4.93,3040.0,20.0,100.0,72.0,5069.0,32.0,2.0,0.0,5103.0,1.0,False,True,False,False
id,1379527329,2026-07-04,4.93,2949,19,100,84,4972,32,2,0,false,5006,1,ZOICY Official Store,true,false,false,data/raw_extended/country_code=id/dataset=shop_stats/shop_id=1379527329/shop_stats.csv,4,id,shop_stats,1379527329,4.93,2949.0,19.0,100.0,84.0,4972.0,32.0,2.0,0.0,5006.0,1.0,False,True,False,False
id,1379527329,2026-07-03,4.93,2930,19,100,87,4948,32,2,0,false,4982,1,ZOICY Official Store,true,false,false,data/raw_extended/country_code=id/dataset=shop_stats/shop_id=1379527329/shop_stats.csv,5,id,shop_stats,1379527329,4.93,2930.0,19.0,100.0,87.0,4948.0,32.0,2.0,0.0,4982.0,1.0,False,True,False,False
id,1379527329,2026-07-09,4.93,3060,20,100,73,5095,32,2,0,false,5129,1,ZOICY Official Store,true,false,false,data/raw_extended/country_code=id/dataset=shop_stats/shop_id=1379527329/shop_stats.csv,6,id,shop_stats,1379527329,4.93,3060.0,20.0,100.0,73.0,5095.0,32.0,2.0,0.0,5129.0,1.0,False,True,False,False
id,1379527329,2026-07-05,4.93,2974,19,100,83,4992,32,2,0,false,5026,1,ZOICY Official Store,true,false,false,data/raw_extended/country_code=id/dataset=shop_stats/shop_id=1379527329/shop_stats.csv,7,id,shop_stats,1379527329,4.93,2974.0,19.0,100.0,83.0,4992.0,32.0,2.0,0.0,5026.0,1.0,False,True,False,False
id,1379527329,2026-07-02,4.93,2902,18,100,87,4948,32,2,0,false,4982,1,ZOICY Official Store,true,false,false,data/raw_extended/country_code=id/dataset=shop_stats/shop_id=1379527329/shop_stats.csv,8,id,shop_stats,1379527329,4.93,2902.0,18.0,100.0,87.0,4948.0,32.0,2.0,0.0,4982.0,1.0,False,True,False,False
id,1379527329,2026-07-06,4.93,2977,19,100,82,5002,32,2,0,false,5036,1,ZOICY Official Store,true,false,false,data/raw_extended/country_code=id/dataset=shop_stats/shop_id=1379527329/shop_stats.csv,9,id,shop_stats,1379527329,4.93,2977.0,19.0,100.0,82.0,5002.0,32.0,2.0,0.0,5036.0,1.0,False,True,False,False
id,1379527329,2026-07-07,4.93,3007,20,100,74,5028,32,2,0,false,5062,1,ZOICY Official Store,true,false,false,data/raw_extended/country_code=id/dataset=shop_stats/shop_id=1379527329/shop_stats.csv,10,id,shop_stats,1379527329,4.93,3007.0,20.0,100.0,74.0,5028.0,32.0,2.0,0.0,5062.0,1.0,False,True,False,False
id,1379527329,2026-07-17,4.93,3187,20,100,71,5262,32,2,0,false,5296,1,ZOICY Official Store,true,false,false,data/raw_extended/country_code=id/dataset=shop_stats/shop_id=1379527329/shop_stats.csv,11,id,shop_stats,1379527329,4.93,3187.0,20.0,100.0,71.0,5262.0,32.0,2.0,0.0,5296.0,1.0,False,True,False,False
id,1379527329,2026-07-14,4.93,3136,20,100,70,5198,32,2,0,false,5232,1,ZOICY Official Store,true,false,false,data/raw_extended/country_code=id/dataset=shop_stats/shop_id=1379527329/shop_stats.csv,12,id,shop_stats,1379527329,4.93,3136.0,20.0,100.0,70.0,5198.0,32.0,2.0,0.0,5232.0,1.0,False,True,False,False
id,1379527329,2026-07-13,4.93,3127,20,100,72,5179,32,2,0,false,5213,1,ZOICY Official Store,true,false,false,data/raw_extended/country_code=id/dataset=shop_stats/shop_id=1379527329/shop_stats.csv,13,id,shop_stats,1379527329,4.93,3127.0,20.0,100.0,72.0,5179.0,32.0,2.0,0.0,5213.0,1.0,False,True,False,False
id,1379527329,2026-07-10,4.93,3071,20,100,71,5116,32,2,0,false,5150,1,ZOICY Official Store,true,false,false,data/raw_extended/country_code=id/dataset=shop_stats/shop_id=1379527329/shop_stats.csv,14,id,shop_stats,1379527329,4.93,3071.0,20.0,100.0,71.0,5116.0,32.0,2.0,0.0,5150.0,1.0,False,True,False,False
id,1379527329,2026-07-11,4.93,3085,20,100,75,5145,32,2,0,false,5179,1,ZOICY Official Store,true,false,false,data/raw_extended/country_code=id/dataset=shop_stats/shop_id=1379527329/shop_stats.csv,15,id,shop_stats,1379527329,4.93,3085.0,20.0,100.0,75.0,5145.0,32.0,2.0,0.0,5179.0,1.0,False,True,False,False
id,1379527329,2026-07-16,4.93,3168,20,100,75,5245,32,2,0,false,5279,1,ZOICY Official Store,true,false,false,data/raw_extended/country_code=id/dataset=shop_stats/shop_id=1379527329/shop_stats.csv,16,id,shop_stats,1379527329,4.93,3168.0,20.0,100.0,75.0,5245.0,32.0,2.0,0.0,5279.0,1.0,False,True,False,False
id,1379527329,2026-07-15,4.93,3158,20,100,69,5217,32,2,0,false,5251,1,ZOICY Official Store,true,false,false,data/raw_extended/country_code=id/dataset=shop_stats/shop_id=1379527329/shop_stats.csv,17,id,shop_stats,1379527329,4.93,3158.0,20.0,100.0,69.0,5217.0,32.0,2.0,0.0,5251.0,1.0,False,True,False,False
id,1379527329,2026-07-18,4.93,3195,20,100,71,5273,32,2,0,false,5307,1,ZOICY Official Store,true,false,false,data/raw_extended/country_code=id/dataset=shop_stats/shop_id=1379527329/shop_stats.csv,18,id,shop_stats,1379527329,4.93,3195.0,20.0,100.0,71.0,5273.0,32.0,2.0,0.0,5307.0,1.0,False,True,False,False
id,1379527329,2026-07-20,4.93,3221,20,100,70,5316,33,2,0,false,5351,1,ZOICY Official Store,true,false,false,data/raw_extended/country_code=id/dataset=shop_stats/shop_id=1379527329/shop_stats.csv,19,id,shop_stats,1379527329,4.93,3221.0,20.0,100.0,70.0,5316.0,33.0,2.0,0.0,5351.0,1.0,False,True,False,False
id,1379527329,2026-07-21,4.93,3237,20,100,72,5333,33,2,0,false,5368,1,ZOICY Official Store,true,false,false,data/raw_extended/country_code=id/dataset=shop_stats/shop_id=1379527329/shop_stats.csv,20,id,shop_stats,1379527329,4.93,3237.0,20.0,100.0,72.0,5333.0,33.0,2.0,0.0,5368.0,1.0,False,True,False,False
id,1379527329,2026-07-19,4.93,3210,20,100,69,5296,33,2,0,false,5331,1,ZOICY Official Store,true,false,false,data/raw_extended/country_code=id/dataset=shop_stats/shop_id=1379527329/shop_stats.csv,21,id,shop_stats,1379527329,4.93,3210.0,20.0,100.0,69.0,5296.0,33.0,2.0,0.0,5331.0,1.0,False,True,False,False
id,187405886,2026-07-02,4.79,6762,7,39,6525,4839,140,30,29,false,5009,407,Alara Cosmetic Official Store,true,false,false,data/raw_extended/country_code=id/dataset=shop_stats/shop_id=187405886/shop_stats.csv,2,id,shop_stats,187405886,4.79,6762.0,7.0,39.0,6525.0,4839.0,140.0,30.0,29.0,5009.0,407.0,False,True,False,False
id,187405886,2026-07-05,4.79,6763,7,47,5858,4841,140,30,29,false,5011,407,Alara Cosmetic Official Store,true,false,false,data/raw_extended/country_code=id/dataset=shop_stats/shop_id=187405886/shop_stats.csv,3,id,shop_stats,187405886,4.79,6763.0,7.0,47.0,5858.0,4841.0,140.0,30.0,29.0,5011.0,407.0,False,True,False,False
id,187405886,2026-07-01,4.79,6762,7,39,6525,4839,140,30,29,false,5009,407,Alara Cosmetic Official Store,true,false,false,data/raw_extended/country_code=id/dataset=shop_stats/shop_id=187405886/shop_stats.csv,4,id,shop_stats,187405886,4.79,6762.0,7.0,39.0,6525.0,4839.0,140.0,30.0,29.0,5009.0,407.0,False,True,False,False
id,187405886,2026-07-03,4.79,6763,7,39,6525,4839,140,30,29,false,5009,407,Alara Cosmetic Official Store,true,false,false,data/raw_extended/country_code=id/dataset=shop_stats/shop_id=187405886/shop_stats.csv,5,id,shop_stats,187405886,4.79,6763.0,7.0,39.0,6525.0,4839.0,140.0,30.0,29.0,5009.0,407.0,False,True,False,False
id,187405886,2026-07-04,4.79,6763,7,43,5858,4841,140,30,29,false,5011,407,Alara Cosmetic Official Store,true,false,false,data/raw_extended/country_code=id/dataset=shop_stats/shop_id=187405886/shop_stats.csv,6,id,shop_stats,187405886,4.79,6763.0,7.0,43.0,5858.0,4841.0,140.0,30.0,29.0,5011.0,407.0,False,True,False,False
id,187405886,2026-07-06,4.79,6763,7,46,7029,4841,140,30,0,false,5011,407,Alara Cosmetic Official Store,true,false,false,data/raw_extended/country_code=id/dataset=shop_stats/shop_id=187405886/shop_stats.csv,7,id,shop_stats,187405886,4.79,6763.0,7.0,46.0,7029.0,4841.0,140.0,30.0,0.0,5011.0,407.0,False,True,False,False
id,187405886,2026-07-07,4.79,6763,7,50,5859,4841,140,30,0,false,5011,407,Alara Cosmetic Official Store,true,false,false,data/raw_extended/country_code=id/dataset=shop_stats/shop_id=187405886/shop_stats.csv,8,id,shop_stats,187405886,4.79,6763.0,7.0,50.0,5859.0,4841.0,140.0,30.0,0.0,5011.0,407.0,False,True,False,False
id,187405886,2026-07-11,4.79,6763,7,54,12917,4845,140,30,0,false,5015,407,Alara Cosmetic Official Store,true,false,false,data/raw_extended/country_code=id/dataset=shop_stats/shop_id=187405886/shop_stats.csv,9,id,shop_stats,187405886,4.79,6763.0,7.0,54.0,12917.0,4845.0,140.0,30.0,0.0,5015.0,407.0,False,True,False,False
id,187405886,2026-07-10,4.79,6763,7,54,12917,4843,140,30,0,false,5013,407,Alara Cosmetic Official Store,true,false,false,data/raw_extended/country_code=id/dataset=shop_stats/shop_id=187405886/shop_stats.csv,10,id,shop_stats,187405886,4.79,6763.0,7.0,54.0,12917.0,4843.0,140.0,30.0,0.0,5013.0,407.0,False,True,False,False
id,187405886,2026-07-08,4.79,6764,7,42,7029,4843,140,30,0,false,5013,407,Alara Cosmetic Official Store,true,false,false,data/raw_extended/country_code=id/dataset=shop_stats/shop_id=187405886/shop_stats.csv,11,id,shop_stats,187405886,4.79,6764.0,7.0,42.0,7029.0,4843.0,140.0,30.0,0.0,5013.0,407.0,False,True,False,False
id,187405886,2026-07-14,4.79,6764,7,63,10336,4845,140,30,10,false,5015,407,Alara Cosmetic Official Store,true,false,false,data/raw_extended/country_code=id/dataset=shop_stats/shop_id=187405886/shop_stats.csv,12,id,shop_stats,187405886,4.79,6764.0,7.0,63.0,10336.0,4845.0,140.0,30.0,10.0,5015.0,407.0,False,True,False,False
id,187405886,2026-07-13,4.79,6764,7,57,11484,4845,140,30,0,false,5015,407,Alara Cosmetic Official Store,true,false,false,data/raw_extended/country_code=id/dataset=shop_stats/shop_id=187405886/shop_stats.csv,13,id,shop_stats,187405886,4.79,6764.0,7.0,57.0,11484.0,4845.0,140.0,30.0,0.0,5015.0,407.0,False,True,False,False
id,187405886,2026-07-09,4.79,6763,7,50,11077,4843,140,30,0,false,5013,407,Alara Cosmetic Official Store,true,false,false,data/raw_extended/country_code=id/dataset=shop_stats/shop_id=187405886/shop_stats.csv,14,id,shop_stats,187405886,4.79,6763.0,7.0,50.0,11077.0,4843.0,140.0,30.0,0.0,5013.0,407.0,False,True,False,False
id,187405886,2026-07-16,4.79,6764,7,67,10336,4845,140,30,10,false,5015,407,Alara Cosmetic Official Store,true,false,false,data/raw_extended/country_code=id/dataset=shop_stats/shop_id=187405886/shop_stats.csv,15,id,shop_stats,187405886,4.79,6764.0,7.0,67.0,10336.0,4845.0,140.0,30.0,10.0,5015.0,407.0,False,True,False,False
id,187405886,2026-07-15,4.79,6764,7,67,10336,4845,140,30,10,false,5015,407,Alara Cosmetic Official Store,true,false,false,data/raw_extended/country_code=id/dataset=shop_stats/shop_id=187405886/shop_stats.csv,16,id,shop_stats,187405886,4.79,6764.0,7.0,67.0,10336.0,4845.0,140.0,30.0,10.0,5015.0,407.0,False,True,False,False
id,187405886,2026-07-20,4.79,6764,7,73,12919,4847,140,30,9,false,5017,407,Alara Cosmetic Official Store,true,false,false,data/raw_extended/country_code=id/dataset=shop_stats/shop_id=187405886/shop_stats.csv,17,id,shop_stats,187405886,4.79,6764.0,7.0,73.0,12919.0,4847.0,140.0,30.0,9.0,5017.0,407.0,False,True,False,False
id,187405886,2026-07-19,4.79,6764,7,70,11484,4847,140,30,10,false,5017,407,Alara Cosmetic Official Store,true,false,false,data/raw_extended/country_code=id/dataset=shop_stats/shop_id=187405886/shop_stats.csv,18,id,shop_stats,187405886,4.79,6764.0,7.0,70.0,11484.0,4847.0,140.0,30.0,10.0,5017.0,407.0,False,True,False,False
id,187405886,2026-07-18,4.79,6764,7,63,10336,4845,140,30,10,false,5015,407,Alara Cosmetic Official Store,true,false,false,data/raw_extended/country_code=id/dataset=shop_stats/shop_id=187405886/shop_stats.csv,19,id,shop_stats,187405886,4.79,6764.0,7.0,63.0,10336.0,4845.0,140.0,30.0,10.0,5015.0,407.0,False,True,False,False
id,187405886,2026-07-17,4.79,6764,7,63,10336,4845,140,30,10,false,5015,407,Alara Cosmetic Official Store,true,false,false,data/raw_extended/country_code=id/dataset=shop_stats/shop_id=187405886/shop_stats.csv,20,id,shop_stats,187405886,4.79,6764.0,7.0,63.0,10336.0,4845.0,140.0,30.0,10.0,5015.0,407.0,False,True,False,False
id,187405886,2026-07-21,4.79,6764,7,75,13356,4847,141,30,9,false,5018,407,Alara Cosmetic Official Store,true,false,false,data/raw_extended/country_code=id/dataset=shop_stats/shop_id=187405886/shop_stats.csv,21,id,shop_stats,187405886,4.79,6764.0,7.0,75.0,13356.0,4847.0,141.0,30.0,9.0,5018.0,407.0,False,True,False,False
id,200048291,2026-07-01,4.89,114196,38,95,5834,75002,785,78,0,false,75865,50,Prettywell Official Shop,true,false,false,data/raw_extended/country_code=id/dataset=shop_stats/shop_id=200048291/shop_stats.csv,2,id,shop_stats,200048291,4.89,114196.0,38.0,95.0,5834.0,75002.0,785.0,78.0,0.0,75865.0,50.0,False,True,False,False
id,200048291,2026-07-03,4.89,114212,38,98,5714,75002,785,78,0,false,75865,50,Prettywell Official Shop,true,false,false,data/raw_extended/country_code=id/dataset=shop_stats/shop_id=200048291/shop_stats.csv,3,id,shop_stats,200048291,4.89,114212.0,38.0,98.0,5714.0,75002.0,785.0,78.0,0.0,75865.0,50.0,False,True,False,False
id,200048291,2026-07-02,4.89,114202,38,98,5704,75002,785,78,0,false,75865,50,Prettywell Official Shop,true,false,false,data/raw_extended/country_code=id/dataset=shop_stats/shop_id=200048291/shop_stats.csv,4,id,shop_stats,200048291,4.89,114202.0,38.0,98.0,5704.0,75002.0,785.0,78.0,0.0,75865.0,50.0,False,True,False,False
id,200048291,2026-07-08,4.89,114288,38,98,5981,75158,790,78,0,false,76026,50,Prettywell Official Shop,true,false,false,data/raw_extended/country_code=id/dataset=shop_stats/shop_id=200048291/shop_stats.csv,5,id,shop_stats,200048291,4.89,114288.0,38.0,98.0,5981.0,75158.0,790.0,78.0,0.0,76026.0,50.0,False,True,False,False
id,200048291,2026-07-09,4.89,114299,38,98,6209,75196,791,78,0,false,76065,50,Prettywell Official Shop,true,false,false,data/raw_extended/country_code=id/dataset=shop_stats/shop_id=200048291/shop_stats.csv,6,id,shop_stats,200048291,4.89,114299.0,38.0,98.0,6209.0,75196.0,791.0,78.0,0.0,76065.0,50.0,False,True,False,False
id,200048291,2026-07-10,4.89,114300,38,98,6629,75223,791,78,0,false,76092,50,Prettywell Official Shop,true,false,false,data/raw_extended/country_code=id/dataset=shop_stats/shop_id=200048291/shop_stats.csv,7,id,shop_stats,200048291,4.89,114300.0,38.0,98.0,6629.0,75223.0,791.0,78.0,0.0,76092.0,50.0,False,True,False,False
id,200048291,2026-07-04,4.89,114223,38,98,5802,75030,786,78,0,false,75894,50,Prettywell Official Shop,true,false,false,data/raw_extended/country_code=id/dataset=shop_stats/shop_id=200048291/shop_stats.csv,8,id,shop_stats,200048291,4.89,114223.0,38.0,98.0,5802.0,75030.0,786.0,78.0,0.0,75894.0,50.0,False,True,False,False
id,200048291,2026-07-13,4.89,114323,38,98,6790,75321,792,78,0,false,76191,50,Prettywell Official Shop,true,false,false,data/raw_extended/country_code=id/dataset=shop_stats/shop_id=200048291/shop_stats.csv,9,id,shop_stats,200048291,4.89,114323.0,38.0,98.0,6790.0,75321.0,792.0,78.0,0.0,76191.0,50.0,False,True,False,False
id,200048291,2026-07-07,4.89,114265,38,98,6120,75116,789,78,0,false,75983,50,Prettywell Official Shop,true,false,false,data/raw_extended/country_code=id/dataset=shop_stats/shop_id=200048291/shop_stats.csv,10,id,shop_stats,200048291,4.89,114265.0,38.0,98.0,6120.0,75116.0,789.0,78.0,0.0,75983.0,50.0,False,True,False,False
id,200048291,2026-07-06,4.89,114244,38,98,5993,75083,789,78,0,false,75950,50,Prettywell Official Shop,true,false,false,data/raw_extended/country_code=id/dataset=shop_stats/shop_id=200048291/shop_stats.csv,11,id,shop_stats,200048291,4.89,114244.0,38.0,98.0,5993.0,75083.0,789.0,78.0,0.0,75950.0,50.0,False,True,False,False
id,200048291,2026-07-14,4.89,114329,38,98,6800,75346,792,78,0,false,76216,50,Prettywell Official Shop,true,false,false,data/raw_extended/country_code=id/dataset=shop_stats/shop_id=200048291/shop_stats.csv,12,id,shop_stats,200048291,4.89,114329.0,38.0,98.0,6800.0,75346.0,792.0,78.0,0.0,76216.0,50.0,False,True,False,False
id,200048291,2026-07-16,4.89,114335,38,98,7118,75406,792,78,0,false,76276,50,Prettywell Official Shop,true,false,false,data/raw_extended/country_code=id/dataset=shop_stats/shop_id=200048291/shop_stats.csv,13,id,shop_stats,200048291,4.89,114335.0,38.0,98.0,7118.0,75406.0,792.0,78.0,0.0,76276.0,50.0,False,True,False,False
id,200048291,2026-07-15,4.89,114333,38,98,6946,75376,792,78,0,false,76246,50,Prettywell Official Shop,true,false,false,data/raw_extended/country_code=id/dataset=shop_stats/shop_id=200048291/shop_stats.csv,14,id,shop_stats,200048291,4.89,114333.0,38.0,98.0,6946.0,75376.0,792.0,78.0,0.0,76246.0,50.0,False,True,False,False
id,200048291,2026-07-11,4.89,114310,38,98,6720,75262,791,78,0,false,76131,50,Prettywell Official Shop,true,false,false,data/raw_extended/country_code=id/dataset=shop_stats/shop_id=200048291/shop_stats.csv,15,id,shop_stats,200048291,4.89,114310.0,38.0,98.0,6720.0,75262.0,791.0,78.0,0.0,76131.0,50.0,False,True,False,False
id,200048291,2026-07-17,4.89,114348,38,98,6878,75425,793,78,0,false,76296,50,Prettywell Official Shop,true,false,false,data/raw_extended/country_code=id/dataset=shop_stats/shop_id=200048291/shop_stats.csv,16,id,shop_stats,200048291,4.89,114348.0,38.0,98.0,6878.0,75425.0,793.0,78.0,0.0,76296.0,50.0,False,True,False,False
id,200048291,2026-07-05,4.89,114237,38,98,5750,75067,788,78,0,false,75933,50,Prettywell Official Shop,true,false,false,data/raw_extended/country_code=id/dataset=shop_stats/shop_id=200048291/shop_stats.csv,17,id,shop_stats,200048291,4.89,114237.0,38.0,98.0,5750.0,75067.0,788.0,78.0,0.0,75933.0,50.0,False,True,False,False
id,200048291,2026-07-20,4.89,114374,38,99,6877,75493,793,78,0,false,76364,50,Prettywell Official Shop,true,false,false,data/raw_extended/country_code=id/dataset=shop_stats/shop_id=200048291/shop_stats.csv,18,id,shop_stats,200048291,4.89,114374.0,38.0,99.0,6877.0,75493.0,793.0,78.0,0.0,76364.0,50.0,False,True,False,False
id,200048291,2026-07-21,4.89,114388,38,99,6990,75506,793,78,0,false,76377,50,Prettywell Official Shop,true,false,false,data/raw_extended/country_code=id/dataset=shop_stats/shop_id=200048291/shop_stats.csv,19,id,shop_stats,200048291,4.89,114388.0,38.0,99.0,6990.0,75506.0,793.0,78.0,0.0,76377.0,50.0,False,True,False,False
id,200048291,2026-07-19,4.89,114367,38,98,6859,75466,793,78,0,false,76337,50,Prettywell Official Shop,true,false,false,data/raw_extended/country_code=id/dataset=shop_stats/shop_id=200048291/shop_stats.csv,20,id,shop_stats,200048291,4.89,114367.0,38.0,98.0,6859.0,75466.0,793.0,78.0,0.0,76337.0,50.0,False,True,False,False
id,200048291,2026-07-18,4.89,114355,38,98,6878,75438,793,78,0,false,76309,50,Prettywell Official Shop,true,false,false,data/raw_extended/country_code=id/dataset=shop_stats/shop_id=200048291/shop_stats.csv,21,id,shop_stats,200048291,4.89,114355.0,38.0,98.0,6878.0,75438.0,793.0,78.0,0.0,76309.0,50.0,False,True,False,False
id,430940247,2026-07-01,4.80,60224,53,100,148,59170,1991,364,0,false,61525,5,Mooi Pure Glow Official Shop,true,false,false,data/raw_extended/country_code=id/dataset=shop_stats/shop_id=430940247/shop_stats.csv,2,id,shop_stats,430940247,4.8,60224.0,53.0,100.0,148.0,59170.0,1991.0,364.0,0.0,61525.0,5.0,False,True,False,False
id,430940247,2026-07-02,4.80,60231,53,100,148,59170,1991,364,0,false,61525,5,Mooi Pure Glow Official Shop,true,false,false,data/raw_extended/country_code=id/dataset=shop_stats/shop_id=430940247/shop_stats.csv,3,id,shop_stats,430940247,4.8,60231.0,53.0,100.0,148.0,59170.0,1991.0,364.0,0.0,61525.0,5.0,False,True,False,False
id,430940247,2026-07-03,4.80,60238,53,100,149,59170,1991,364,0,false,61525,5,Mooi Pure Glow Official Shop,true,false,false,data/raw_extended/country_code=id/dataset=shop_stats/shop_id=430940247/shop_stats.csv,4,id,shop_stats,430940247,4.8,60238.0,53.0,100.0,149.0,59170.0,1991.0,364.0,0.0,61525.0,5.0,False,True,False,False
id,430940247,2026-07-04,4.80,60239,53,100,149,59210,1993,365,0,false,61568,5,Mooi Pure Glow Official Shop,true,false,false,data/raw_extended/country_code=id/dataset=shop_stats/shop_id=430940247/shop_stats.csv,5,id,shop_stats,430940247,4.8,60239.0,53.0,100.0,149.0,59210.0,1993.0,365.0,0.0,61568.0,5.0,False,True,False,False
id,430940247,2026-07-05,4.80,60247,53,100,148,59260,1995,365,0,false,61620,5,Mooi Pure Glow Official Shop,true,false,false,data/raw_extended/country_code=id/dataset=shop_stats/shop_id=430940247/shop_stats.csv,6,id,shop_stats,430940247,4.8,60247.0,53.0,100.0,148.0,59260.0,1995.0,365.0,0.0,61620.0,5.0,False,True,False,False
id,430940247,2026-07-07,4.80,60258,53,100,150,59310,1995,365,0,false,61670,5,Mooi Pure Glow Official Shop,true,false,false,data/raw_extended/country_code=id/dataset=shop_stats/shop_id=430940247/shop_stats.csv,7,id,shop_stats,430940247,4.8,60258.0,53.0,100.0,150.0,59310.0,1995.0,365.0,0.0,61670.0,5.0,False,True,False,False
id,430940247,2026-07-09,4.80,60280,53,100,149,59415,1996,367,0,false,61778,5,Mooi Pure Glow Official Shop,true,false,false,data/raw_extended/country_code=id/dataset=shop_stats/shop_id=430940247/shop_stats.csv,8,id,shop_stats,430940247,4.8,60280.0,53.0,100.0,149.0,59415.0,1996.0,367.0,0.0,61778.0,5.0,False,True,False,False
id,430940247,2026-07-10,4.80,60289,53,100,149,59452,1998,367,0,false,61817,5,Mooi Pure Glow Official Shop,true,false,false,data/raw_extended/country_code=id/dataset=shop_stats/shop_id=430940247/shop_stats.csv,9,id,shop_stats,430940247,4.8,60289.0,53.0,100.0,149.0,59452.0,1998.0,367.0,0.0,61817.0,5.0,False,True,False,False
id,430940247,2026-07-06,4.80,60250,53,100,149,59272,1995,365,0,false,61632,5,Mooi Pure Glow Official Shop,true,false,false,data/raw_extended/country_code=id/dataset=shop_stats/shop_id=430940247/shop_stats.csv,10,id,shop_stats,430940247,4.8,60250.0,53.0,100.0,149.0,59272.0,1995.0,365.0,0.0,61632.0,5.0,False,True,False,False
id,430940247,2026-07-08,4.80,60271,53,100,150,59362,1995,367,0,false,61724,5,Mooi Pure Glow Official Shop,true,false,false,data/raw_extended/country_code=id/dataset=shop_stats/shop_id=430940247/shop_stats.csv,11,id,shop_stats,430940247,4.8,60271.0,53.0,100.0,150.0,59362.0,1995.0,367.0,0.0,61724.0,5.0,False,True,False,False
id,430940247,2026-07-11,4.80,60296,53,100,149,59497,1998,368,0,false,61863,5,Mooi Pure Glow Official Shop,true,false,false,data/raw_extended/country_code=id/dataset=shop_stats/shop_id=430940247/shop_stats.csv,12,id,shop_stats,430940247,4.8,60296.0,53.0,100.0,149.0,59497.0,1998.0,368.0,0.0,61863.0,5.0,False,True,False,False
id,430940247,2026-07-13,4.80,60310,53,100,150,59580,1999,368,0,false,61947,5,Mooi Pure Glow Official Shop,true,false,false,data/raw_extended/country_code=id/dataset=shop_stats/shop_id=430940247/shop_stats.csv,13,id,shop_stats,430940247,4.8,60310.0,53.0,100.0,150.0,59580.0,1999.0,368.0,0.0,61947.0,5.0,False,True,False,False
id,430940247,2026-07-14,4.80,60317,53,100,149,59619,2000,368,0,false,61987,5,Mooi Pure Glow Official Shop,true,false,false,data/raw_extended/country_code=id/dataset=shop_stats/shop_id=430940247/shop_stats.csv,14,id,shop_stats,430940247,4.8,60317.0,53.0,100.0,149.0,59619.0,2000.0,368.0,0.0,61987.0,5.0,False,True,False,False
id,430940247,2026-07-15,4.80,60328,53,100,149,59664,2001,370,0,false,62035,5,Mooi Pure Glow Official Shop,true,false,false,data/raw_extended/country_code=id/dataset=shop_stats/shop_id=430940247/shop_stats.csv,15,id,shop_stats,430940247,4.8,60328.0,53.0,100.0,149.0,59664.0,2001.0,370.0,0.0,62035.0,5.0,False,True,False,False
id,430940247,2026-07-20,4.80,60353,53,100,151,59829,2005,370,0,false,62204,5,Mooi Pure Glow Official Shop,true,false,false,data/raw_extended/country_code=id/dataset=shop_stats/shop_id=430940247/shop_stats.csv,16,id,shop_stats,430940247,4.8,60353.0,53.0,100.0,151.0,59829.0,2005.0,370.0,0.0,62204.0,5.0,False,True,False,False
id,430940247,2026-07-21,4.80,60356,53,100,149,59858,2005,370,0,false,62233,5,Mooi Pure Glow Official Shop,true,false,false,data/raw_extended/country_code=id/dataset=shop_stats/shop_id=430940247/shop_stats.csv,17,id,shop_stats,430940247,4.8,60356.0,53.0,100.0,149.0,59858.0,2005.0,370.0,0.0,62233.0,5.0,False,True,False,False
id,430940247,2026-07-18,4.80,60339,53,100,151,59748,2005,370,0,false,62123,5,Mooi Pure Glow Official Shop,true,false,false,data/raw_extended/country_code=id/dataset=shop_stats/shop_id=430940247/shop_stats.csv,18,id,shop_stats,430940247,4.8,60339.0,53.0,100.0,151.0,59748.0,2005.0,370.0,0.0,62123.0,5.0,False,True,False,False
id,430940247,2026-07-16,4.80,60333,53,100,151,59696,2004,370,0,false,62070,5,Mooi Pure Glow Official Shop,true,false,false,data/raw_extended/country_code=id/dataset=shop_stats/shop_id=430940247/shop_stats.csv,19,id,shop_stats,430940247,4.8,60333.0,53.0,100.0,151.0,59696.0,2004.0,370.0,0.0,62070.0,5.0,False,True,False,False
id,430940247,2026-07-17,4.80,60337,53,100,151,59728,2005,370,0,false,62103,5,Mooi Pure Glow Official Shop,true,false,false,data/raw_extended/country_code=id/dataset=shop_stats/shop_id=430940247/shop_stats.csv,20,id,shop_stats,430940247,4.8,60337.0,53.0,100.0,151.0,59728.0,2005.0,370.0,0.0,62103.0,5.0,False,True,False,False
id,430940247,2026-07-19,4.80,60349,53,100,150,59796,2005,370,0,false,62171,5,Mooi Pure Glow Official Shop,true,false,false,data/raw_extended/country_code=id/dataset=shop_stats/shop_id=430940247/shop_stats.csv,21,id,shop_stats,430940247,4.8,60349.0,53.0,100.0,150.0,59796.0,2005.0,370.0,0.0,62171.0,5.0,False,True,False,False
id,697604885,2026-07-01,4.86,44766,3,89,7324,37973,635,116,0,false,38724,4,ghaniskin,false,true,true,data/raw_extended/country_code=id/dataset=shop_stats/shop_id=697604885/shop_stats.csv,2,id,shop_stats,697604885,4.86,44766.0,3.0,89.0,7324.0,37973.0,635.0,116.0,0.0,38724.0,4.0,False,False,True,True
id,697604885,2026-07-02,4.86,44774,3,90,7054,37973,635,116,0,false,38724,4,ghaniskin,false,true,true,data/raw_extended/country_code=id/dataset=shop_stats/shop_id=697604885/shop_stats.csv,3,id,shop_stats,697604885,4.86,44774.0,3.0,90.0,7054.0,37973.0,635.0,116.0,0.0,38724.0,4.0,False,False,True,True
id,697604885,2026-07-03,4.86,44783,3,90,7397,37973,635,116,0,false,38724,4,ghaniskin,false,true,true,data/raw_extended/country_code=id/dataset=shop_stats/shop_id=697604885/shop_stats.csv,4,id,shop_stats,697604885,4.86,44783.0,3.0,90.0,7397.0,37973.0,635.0,116.0,0.0,38724.0,4.0,False,False,True,True
id,697604885,2026-07-07,4.86,44852,3,89,7568,38017,635,116,0,false,38768,4,ghaniskin,false,true,true,data/raw_extended/country_code=id/dataset=shop_stats/shop_id=697604885/shop_stats.csv,5,id,shop_stats,697604885,4.86,44852.0,3.0,89.0,7568.0,38017.0,635.0,116.0,0.0,38768.0,4.0,False,False,True,True
id,697604885,2026-07-04,4.86,44798,3,89,7284,37983,635,116,0,false,38734,4,ghaniskin,false,true,true,data/raw_extended/country_code=id/dataset=shop_stats/shop_id=697604885/shop_stats.csv,6,id,shop_stats,697604885,4.86,44798.0,3.0,89.0,7284.0,37983.0,635.0,116.0,0.0,38734.0,4.0,False,False,True,True
id,697604885,2026-07-05,4.86,44797,3,89,7035,37996,635,116,0,false,38747,4,ghaniskin,false,true,true,data/raw_extended/country_code=id/dataset=shop_stats/shop_id=697604885/shop_stats.csv,7,id,shop_stats,697604885,4.86,44797.0,3.0,89.0,7035.0,37996.0,635.0,116.0,0.0,38747.0,4.0,False,False,True,True
id,697604885,2026-07-09,4.86,45067,3,89,6968,38033,635,116,0,false,38784,4,ghaniskin,false,true,true,data/raw_extended/country_code=id/dataset=shop_stats/shop_id=697604885/shop_stats.csv,8,id,shop_stats,697604885,4.86,45067.0,3.0,89.0,6968.0,38033.0,635.0,116.0,0.0,38784.0,4.0,False,False,True,True
id,697604885,2026-07-08,4.86,44910,3,89,6712,38024,635,116,0,false,38775,4,ghaniskin,false,true,true,data/raw_extended/country_code=id/dataset=shop_stats/shop_id=697604885/shop_stats.csv,9,id,shop_stats,697604885,4.86,44910.0,3.0,89.0,6712.0,38024.0,635.0,116.0,0.0,38775.0,4.0,False,False,True,True
id,697604885,2026-07-06,4.86,44835,3,87,7063,38006,635,116,0,false,38757,4,ghaniskin,false,true,true,data/raw_extended/country_code=id/dataset=shop_stats/shop_id=697604885/shop_stats.csv,10,id,shop_stats,697604885,4.86,44835.0,3.0,87.0,7063.0,38006.0,635.0,116.0,0.0,38757.0,4.0,False,False,True,True
id,697604885,2026-07-10,4.86,45104,3,88,7753,38044,635,116,0,false,38795,4,ghaniskin,false,true,true,data/raw_extended/country_code=id/dataset=shop_stats/shop_id=697604885/shop_stats.csv,11,id,shop_stats,697604885,4.86,45104.0,3.0,88.0,7753.0,38044.0,635.0,116.0,0.0,38795.0,4.0,False,False,True,True
id,697604885,2026-07-11,4.86,45371,3,88,8077,38061,635,116,0,false,38812,4,ghaniskin,false,true,true,data/raw_extended/country_code=id/dataset=shop_stats/shop_id=697604885/shop_stats.csv,12,id,shop_stats,697604885,4.86,45371.0,3.0,88.0,8077.0,38061.0,635.0,116.0,0.0,38812.0,4.0,False,False,True,True
id,697604885,2026-07-13,4.86,45482,3,89,7875,38079,635,116,0,false,38830,4,ghaniskin,false,true,true,data/raw_extended/country_code=id/dataset=shop_stats/shop_id=697604885/shop_stats.csv,13,id,shop_stats,697604885,4.86,45482.0,3.0,89.0,7875.0,38079.0,635.0,116.0,0.0,38830.0,4.0,False,False,True,True
id,697604885,2026-07-18,4.86,45630,3,90,7551,38124,636,116,0,false,38876,4,ghaniskin,false,true,true,data/raw_extended/country_code=id/dataset=shop_stats/shop_id=697604885/shop_stats.csv,14,id,shop_stats,697604885,4.86,45630.0,3.0,90.0,7551.0,38124.0,636.0,116.0,0.0,38876.0,4.0,False,False,True,True
id,697604885,2026-07-14,4.86,45531,3,91,7809,38092,635,116,0,false,38843,4,ghaniskin,false,true,true,data/raw_extended/country_code=id/dataset=shop_stats/shop_id=697604885/shop_stats.csv,15,id,shop_stats,697604885,4.86,45531.0,3.0,91.0,7809.0,38092.0,635.0,116.0,0.0,38843.0,4.0,False,False,True,True
id,697604885,2026-07-16,4.86,45588,3,90,7553,38108,635,116,0,false,38859,4,ghaniskin,false,true,true,data/raw_extended/country_code=id/dataset=shop_stats/shop_id=697604885/shop_stats.csv,16,id,shop_stats,697604885,4.86,45588.0,3.0,90.0,7553.0,38108.0,635.0,116.0,0.0,38859.0,4.0,False,False,True,True
id,697604885,2026-07-17,4.86,45629,3,90,7551,38117,636,116,0,false,38869,4,ghaniskin,false,true,true,data/raw_extended/country_code=id/dataset=shop_stats/shop_id=697604885/shop_stats.csv,17,id,shop_stats,697604885,4.86,45629.0,3.0,90.0,7551.0,38117.0,636.0,116.0,0.0,38869.0,4.0,False,False,True,True
id,697604885,2026-07-15,4.86,45569,3,92,7626,38100,635,116,0,false,38851,4,ghaniskin,false,true,true,data/raw_extended/country_code=id/dataset=shop_stats/shop_id=697604885/shop_stats.csv,18,id,shop_stats,697604885,4.86,45569.0,3.0,92.0,7626.0,38100.0,635.0,116.0,0.0,38851.0,4.0,False,False,True,True
id,697604885,2026-07-19,4.86,45712,3,90,7460,38137,636,116,0,false,38889,4,ghaniskin,false,true,true,data/raw_extended/country_code=id/dataset=shop_stats/shop_id=697604885/shop_stats.csv,19,id,shop_stats,697604885,4.86,45712.0,3.0,90.0,7460.0,38137.0,636.0,116.0,0.0,38889.0,4.0,False,False,True,True
id,697604885,2026-07-20,4.86,45729,3,90,7531,38148,636,116,0,false,38900,4,ghaniskin,false,true,true,data/raw_extended/country_code=id/dataset=shop_stats/shop_id=697604885/shop_stats.csv,20,id,shop_stats,697604885,4.86,45729.0,3.0,90.0,7531.0,38148.0,636.0,116.0,0.0,38900.0,4.0,False,False,True,True
id,697604885,2026-07-21,4.86,45744,3,90,7687,38160,636,116,0,false,38912,4,ghaniskin,false,true,true,data/raw_extended/country_code=id/dataset=shop_stats/shop_id=697604885/shop_stats.csv,21,id,shop_stats,697604885,4.86,45744.0,3.0,90.0,7687.0,38160.0,636.0,116.0,0.0,38912.0,4.0,False,False,True,True
id,779266191,2026-07-03,4.89,837182,40,100,3,732244,10381,1982,0,false,744607,0,lavojoy Official Shop,true,false,false,data/raw_extended/country_code=id/dataset=shop_stats/shop_id=779266191/shop_stats.csv,2,id,shop_stats,779266191,4.89,837182.0,40.0,100.0,3.0,732244.0,10381.0,1982.0,0.0,744607.0,0.0,False,True,False,False
id,779266191,2026-07-01,4.89,836112,40,100,3,732244,10381,1982,0,false,744607,0,lavojoy Official Shop,true,false,false,data/raw_extended/country_code=id/dataset=shop_stats/shop_id=779266191/shop_stats.csv,3,id,shop_stats,779266191,4.89,836112.0,40.0,100.0,3.0,732244.0,10381.0,1982.0,0.0,744607.0,0.0,False,True,False,False
id,779266191,2026-07-06,4.89,838748,40,100,3,734629,10405,1985,0,false,747019,0,lavojoy Official Shop,true,false,false,data/raw_extended/country_code=id/dataset=shop_stats/shop_id=779266191/shop_stats.csv,4,id,shop_stats,779266191,4.89,838748.0,40.0,100.0,3.0,734629.0,10405.0,1985.0,0.0,747019.0,0.0,False,True,False,False
id,779266191,2026-07-02,4.89,836453,40,100,3,732244,10381,1982,0,false,744607,0,lavojoy Official Shop,true,false,false,data/raw_extended/country_code=id/dataset=shop_stats/shop_id=779266191/shop_stats.csv,5,id,shop_stats,779266191,4.89,836453.0,40.0,100.0,3.0,732244.0,10381.0,1982.0,0.0,744607.0,0.0,False,True,False,False
id,779266191,2026-07-05,4.89,838376,40,100,3,734203,10400,1985,0,false,746588,0,lavojoy Official Shop,true,false,false,data/raw_extended/country_code=id/dataset=shop_stats/shop_id=779266191/shop_stats.csv,6,id,shop_stats,779266191,4.89,838376.0,40.0,100.0,3.0,734203.0,10400.0,1985.0,0.0,746588.0,0.0,False,True,False,False
id,779266191,2026-07-04,4.89,837781,40,100,3,733131,10386,1985,0,false,745502,0,lavojoy Official Shop,true,false,false,data/raw_extended/country_code=id/dataset=shop_stats/shop_id=779266191/shop_stats.csv,7,id,shop_stats,779266191,4.89,837781.0,40.0,100.0,3.0,733131.0,10386.0,1985.0,0.0,745502.0,0.0,False,True,False,False
id,779266191,2026-07-07,4.89,840989,40,100,3,735600,10418,1988,0,false,748006,0,lavojoy Official Shop,true,false,false,data/raw_extended/country_code=id/dataset=shop_stats/shop_id=779266191/shop_stats.csv,8,id,shop_stats,779266191,4.89,840989.0,40.0,100.0,3.0,735600.0,10418.0,1988.0,0.0,748006.0,0.0,False,True,False,False
id,779266191,2026-07-15,4.89,843810,41,100,12,743541,10483,2001,0,false,756025,0,lavojoy Official Shop,true,false,false,data/raw_extended/country_code=id/dataset=shop_stats/shop_id=779266191/shop_stats.csv,9,id,shop_stats,779266191,4.89,843810.0,41.0,100.0,12.0,743541.0,10483.0,2001.0,0.0,756025.0,0.0,False,True,False,False
id,779266191,2026-07-13,4.89,843261,41,100,11,741792,10461,1999,0,false,754252,0,lavojoy Official Shop,true,false,false,data/raw_extended/country_code=id/dataset=shop_stats/shop_id=779266191/shop_stats.csv,10,id,shop_stats,779266191,4.89,843261.0,41.0,100.0,11.0,741792.0,10461.0,1999.0,0.0,754252.0,0.0,False,True,False,False
id,779266191,2026-07-10,4.89,842478,40,100,11,738724,10437,1996,0,false,751157,0,lavojoy Official Shop,true,false,false,data/raw_extended/country_code=id/dataset=shop_stats/shop_id=779266191/shop_stats.csv,11,id,shop_stats,779266191,4.89,842478.0,40.0,100.0,11.0,738724.0,10437.0,1996.0,0.0,751157.0,0.0,False,True,False,False
id,779266191,2026-07-09,4.89,842256,40,100,3,737726,10431,1993,0,false,750150,0,lavojoy Official Shop,true,false,false,data/raw_extended/country_code=id/dataset=shop_stats/shop_id=779266191/shop_stats.csv,12,id,shop_stats,779266191,4.89,842256.0,40.0,100.0,3.0,737726.0,10431.0,1993.0,0.0,750150.0,0.0,False,True,False,False
id,779266191,2026-07-08,4.89,842097,40,100,3,736728,10423,1990,0,false,749141,0,lavojoy Official Shop,true,false,false,data/raw_extended/country_code=id/dataset=shop_stats/shop_id=779266191/shop_stats.csv,13,id,shop_stats,779266191,4.89,842097.0,40.0,100.0,3.0,736728.0,10423.0,1990.0,0.0,749141.0,0.0,False,True,False,False
id,779266191,2026-07-11,4.89,842803,40,100,11,740276,10448,1996,0,false,752720,0,lavojoy Official Shop,true,false,false,data/raw_extended/country_code=id/dataset=shop_stats/shop_id=779266191/shop_stats.csv,14,id,shop_stats,779266191,4.89,842803.0,40.0,100.0,11.0,740276.0,10448.0,1996.0,0.0,752720.0,0.0,False,True,False,False
id,779266191,2026-07-14,4.89,843541,41,100,11,742727,10475,1999,0,false,755201,0,lavojoy Official Shop,true,false,false,data/raw_extended/country_code=id/dataset=shop_stats/shop_id=779266191/shop_stats.csv,15,id,shop_stats,779266191,4.89,843541.0,41.0,100.0,11.0,742727.0,10475.0,1999.0,0.0,755201.0,0.0,False,True,False,False
id,779266191,2026-07-16,4.89,844078,41,100,12,744368,10488,2003,0,false,756859,0,lavojoy Official Shop,true,false,false,data/raw_extended/country_code=id/dataset=shop_stats/shop_id=779266191/shop_stats.csv,16,id,shop_stats,779266191,4.89,844078.0,41.0,100.0,12.0,744368.0,10488.0,2003.0,0.0,756859.0,0.0,False,True,False,False
id,779266191,2026-07-18,4.89,844535,41,100,12,745540,10498,2006,0,false,758044,0,lavojoy Official Shop,true,false,false,data/raw_extended/country_code=id/dataset=shop_stats/shop_id=779266191/shop_stats.csv,17,id,shop_stats,779266191,4.89,844535.0,41.0,100.0,12.0,745540.0,10498.0,2006.0,0.0,758044.0,0.0,False,True,False,False
id,779266191,2026-07-19,4.89,844916,41,100,11,746379,10504,2006,0,false,758889,0,lavojoy Official Shop,true,false,false,data/raw_extended/country_code=id/dataset=shop_stats/shop_id=779266191/shop_stats.csv,18,id,shop_stats,779266191,4.89,844916.0,41.0,100.0,11.0,746379.0,10504.0,2006.0,0.0,758889.0,0.0,False,True,False,False
id,779266191,2026-07-17,4.89,844339,41,100,12,745109,10494,2005,0,false,757608,0,lavojoy Official Shop,true,false,false,data/raw_extended/country_code=id/dataset=shop_stats/shop_id=779266191/shop_stats.csv,19,id,shop_stats,779266191,4.89,844339.0,41.0,100.0,12.0,745109.0,10494.0,2005.0,0.0,757608.0,0.0,False,True,False,False
id,779266191,2026-07-21,4.89,845531,41,100,11,747426,10513,2006,0,false,759945,0,lavojoy Official Shop,true,false,false,data/raw_extended/country_code=id/dataset=shop_stats/shop_id=779266191/shop_stats.csv,20,id,shop_stats,779266191,4.89,845531.0,41.0,100.0,11.0,747426.0,10513.0,2006.0,0.0,759945.0,0.0,False,True,False,False
id,779266191,2026-07-20,4.89,845236,41,100,11,746887,10510,2006,0,false,759403,0,lavojoy Official Shop,true,false,false,data/raw_extended/country_code=id/dataset=shop_stats/shop_id=779266191/shop_stats.csv,21,id,shop_stats,779266191,4.89,845236.0,41.0,100.0,11.0,746887.0,10510.0,2006.0,0.0,759403.0,0.0,False,True,False,False
id,809769142,2026-07-02,4.88,5566403,225,100,32,8186740,94888,19864,0,false,8301492,7,Glad2Glow Official Store,true,false,false,data/raw_extended/country_code=id/dataset=shop_stats/shop_id=809769142/shop_stats.csv,2,id,shop_stats,809769142,4.88,5566403.0,225.0,100.0,32.0,8186740.0,94888.0,19864.0,0.0,8301492.0,7.0,False,True,False,False
id,809769142,2026-07-01,4.88,5564353,225,100,33,8186740,94888,19864,0,false,8301492,7,Glad2Glow Official Store,true,false,false,data/raw_extended/country_code=id/dataset=shop_stats/shop_id=809769142/shop_stats.csv,3,id,shop_stats,809769142,4.88,5564353.0,225.0,100.0,33.0,8186740.0,94888.0,19864.0,0.0,8301492.0,7.0,False,True,False,False
id,809769142,2026-07-03,4.88,5569809,225,100,31,8186740,94888,19864,0,false,8301492,7,Glad2Glow Official Store,true,false,false,data/raw_extended/country_code=id/dataset=shop_stats/shop_id=809769142/shop_stats.csv,4,id,shop_stats,809769142,4.88,5569809.0,225.0,100.0,31.0,8186740.0,94888.0,19864.0,0.0,8301492.0,7.0,False,True,False,False
id,809769142,2026-07-07,4.88,5587602,227,100,23,8240174,95471,19955,0,false,8355600,7,Glad2Glow Official Store,true,false,false,data/raw_extended/country_code=id/dataset=shop_stats/shop_id=809769142/shop_stats.csv,5,id,shop_stats,809769142,4.88,5587602.0,227.0,100.0,23.0,8240174.0,95471.0,19955.0,0.0,8355600.0,7.0,False,True,False,False
id,809769142,2026-07-10,4.88,5597141,232,100,22,8282668,95881,20023,0,false,8398572,7,Glad2Glow Official Store,true,false,false,data/raw_extended/country_code=id/dataset=shop_stats/shop_id=809769142/shop_stats.csv,6,id,shop_stats,809769142,4.88,5597141.0,232.0,100.0,22.0,8282668.0,95881.0,20023.0,0.0,8398572.0,7.0,False,True,False,False
id,809769142,2026-07-09,4.88,5595317,231,100,23,8269415,95779,20007,0,false,8385201,7,Glad2Glow Official Store,true,false,false,data/raw_extended/country_code=id/dataset=shop_stats/shop_id=809769142/shop_stats.csv,7,id,shop_stats,809769142,4.88,5595317.0,231.0,100.0,23.0,8269415.0,95779.0,20007.0,0.0,8385201.0,7.0,False,True,False,False
id,809769142,2026-07-11,4.88,5599583,232,100,23,8303240,96067,20059,0,false,8419366,7,Glad2Glow Official Store,true,false,false,data/raw_extended/country_code=id/dataset=shop_stats/shop_id=809769142/shop_stats.csv,8,id,shop_stats,809769142,4.88,5599583.0,232.0,100.0,23.0,8303240.0,96067.0,20059.0,0.0,8419366.0,7.0,False,True,False,False
id,809769142,2026-07-06,4.88,5577997,225,100,28,8225655,95313,19928,0,false,8340896,7,Glad2Glow Official Store,true,false,false,data/raw_extended/country_code=id/dataset=shop_stats/shop_id=809769142/shop_stats.csv,9,id,shop_stats,809769142,4.88,5577997.0,225.0,100.0,28.0,8225655.0,95313.0,19928.0,0.0,8340896.0,7.0,False,True,False,False
id,809769142,2026-07-05,4.88,5576258,226,100,29,8219223,95248,19916,0,false,8334387,7,Glad2Glow Official Store,true,false,false,data/raw_extended/country_code=id/dataset=shop_stats/shop_id=809769142/shop_stats.csv,10,id,shop_stats,809769142,4.88,5576258.0,226.0,100.0,29.0,8219223.0,95248.0,19916.0,0.0,8334387.0,7.0,False,True,False,False
id,809769142,2026-07-04,4.88,5572938,226,100,30,8201892,95051,19889,0,false,8316832,7,Glad2Glow Official Store,true,false,false,data/raw_extended/country_code=id/dataset=shop_stats/shop_id=809769142/shop_stats.csv,11,id,shop_stats,809769142,4.88,5572938.0,226.0,100.0,30.0,8201892.0,95051.0,19889.0,0.0,8316832.0,7.0,False,True,False,False
id,809769142,2026-07-08,4.88,5592929,230,100,23,8255855,95642,19980,0,false,8371477,7,Glad2Glow Official Store,true,false,false,data/raw_extended/country_code=id/dataset=shop_stats/shop_id=809769142/shop_stats.csv,12,id,shop_stats,809769142,4.88,5592929.0,230.0,100.0,23.0,8255855.0,95642.0,19980.0,0.0,8371477.0,7.0,False,True,False,False
id,809769142,2026-07-13,4.88,5602710,232,100,21,8325632,96289,20095,0,false,8442016,7,Glad2Glow Official Store,true,false,false,data/raw_extended/country_code=id/dataset=shop_stats/shop_id=809769142/shop_stats.csv,13,id,shop_stats,809769142,4.88,5602710.0,232.0,100.0,21.0,8325632.0,96289.0,20095.0,0.0,8442016.0,7.0,False,True,False,False
id,809769142,2026-07-18,4.88,5613355,234,100,17,8376854,96801,20195,0,false,8493850,7,Glad2Glow Official Store,true,false,false,data/raw_extended/country_code=id/dataset=shop_stats/shop_id=809769142/shop_stats.csv,14,id,shop_stats,809769142,4.88,5613355.0,234.0,100.0,17.0,8376854.0,96801.0,20195.0,0.0,8493850.0,7.0,False,True,False,False
id,809769142,2026-07-14,4.88,5604632,234,100,19,8337880,96414,20123,0,false,8454417,7,Glad2Glow Official Store,true,false,false,data/raw_extended/country_code=id/dataset=shop_stats/shop_id=809769142/shop_stats.csv,15,id,shop_stats,809769142,4.88,5604632.0,234.0,100.0,19.0,8337880.0,96414.0,20123.0,0.0,8454417.0,7.0,False,True,False,False
id,809769142,2026-07-16,4.88,5609122,232,100,18,8359663,96638,20166,0,false,8476467,7,Glad2Glow Official Store,true,false,false,data/raw_extended/country_code=id/dataset=shop_stats/shop_id=809769142/shop_stats.csv,16,id,shop_stats,809769142,4.88,5609122.0,232.0,100.0,18.0,8359663.0,96638.0,20166.0,0.0,8476467.0,7.0,False,True,False,False
id,809769142,2026-07-17,4.88,5611681,232,100,17,8370158,96740,20180,0,false,8487078,7,Glad2Glow Official Store,true,false,false,data/raw_extended/country_code=id/dataset=shop_stats/shop_id=809769142/shop_stats.csv,17,id,shop_stats,809769142,4.88,5611681.0,232.0,100.0,17.0,8370158.0,96740.0,20180.0,0.0,8487078.0,7.0,False,True,False,False
id,809769142,2026-07-19,4.88,5616768,234,100,16,8389241,96934,20212,0,false,8506387,7,Glad2Glow Official Store,true,false,false,data/raw_extended/country_code=id/dataset=shop_stats/shop_id=809769142/shop_stats.csv,18,id,shop_stats,809769142,4.88,5616768.0,234.0,100.0,16.0,8389241.0,96934.0,20212.0,0.0,8506387.0,7.0,False,True,False,False
id,809769142,2026-07-20,4.88,5619074,234,100,16,8398231,97025,20222,0,false,8515478,7,Glad2Glow Official Store,true,false,false,data/raw_extended/country_code=id/dataset=shop_stats/shop_id=809769142/shop_stats.csv,19,id,shop_stats,809769142,4.88,5619074.0,234.0,100.0,16.0,8398231.0,97025.0,20222.0,0.0,8515478.0,7.0,False,True,False,False
id,809769142,2026-07-15,4.88,5606654,234,100,19,8348482,96516,20140,0,false,8465138,7,Glad2Glow Official Store,true,false,false,data/raw_extended/country_code=id/dataset=shop_stats/shop_id=809769142/shop_stats.csv,20,id,shop_stats,809769142,4.88,5606654.0,234.0,100.0,19.0,8348482.0,96516.0,20140.0,0.0,8465138.0,7.0,False,True,False,False
id,809769142,2026-07-21,4.88,5621254,231,100,16,8407124,97120,20238,0,false,8524482,7,Glad2Glow Official Store,true,false,false,data/raw_extended/country_code=id/dataset=shop_stats/shop_id=809769142/shop_stats.csv,21,id,shop_stats,809769142,4.88,5621254.0,231.0,100.0,16.0,8407124.0,97120.0,20238.0,0.0,8524482.0,7.0,False,True,False,False
id,859233628,2026-07-01,4.81,10921,10,100,5340,19853,593,134,0,false,20580,0,He-Ji Official Store,true,false,false,data/raw_extended/country_code=id/dataset=shop_stats/shop_id=859233628/shop_stats.csv,2,id,shop_stats,859233628,4.81,10921.0,10.0,100.0,5340.0,19853.0,593.0,134.0,0.0,20580.0,0.0,False,True,False,False
id,859233628,2026-07-05,4.81,10947,10,100,4976,19916,594,134,0,false,20644,0,He-Ji Official Store,true,false,false,data/raw_extended/country_code=id/dataset=shop_stats/shop_id=859233628/shop_stats.csv,3,id,shop_stats,859233628,4.81,10947.0,10.0,100.0,4976.0,19916.0,594.0,134.0,0.0,20644.0,0.0,False,True,False,False
id,859233628,2026-07-04,4.81,10939,10,100,5018,19881,594,134,0,false,20609,0,He-Ji Official Store,true,false,false,data/raw_extended/country_code=id/dataset=shop_stats/shop_id=859233628/shop_stats.csv,4,id,shop_stats,859233628,4.81,10939.0,10.0,100.0,5018.0,19881.0,594.0,134.0,0.0,20609.0,0.0,False,True,False,False
id,859233628,2026-07-03,4.81,10933,10,100,5076,19853,593,134,0,false,20580,0,He-Ji Official Store,true,false,false,data/raw_extended/country_code=id/dataset=shop_stats/shop_id=859233628/shop_stats.csv,5,id,shop_stats,859233628,4.81,10933.0,10.0,100.0,5076.0,19853.0,593.0,134.0,0.0,20580.0,0.0,False,True,False,False
id,859233628,2026-07-02,4.81,10928,10,100,5142,19853,593,134,0,false,20580,0,He-Ji Official Store,true,false,false,data/raw_extended/country_code=id/dataset=shop_stats/shop_id=859233628/shop_stats.csv,6,id,shop_stats,859233628,4.81,10928.0,10.0,100.0,5142.0,19853.0,593.0,134.0,0.0,20580.0,0.0,False,True,False,False
id,859233628,2026-07-07,4.81,10959,10,99,4401,19950,596,134,0,false,20680,0,He-Ji Official Store,true,false,false,data/raw_extended/country_code=id/dataset=shop_stats/shop_id=859233628/shop_stats.csv,7,id,shop_stats,859233628,4.81,10959.0,10.0,99.0,4401.0,19950.0,596.0,134.0,0.0,20680.0,0.0,False,True,False,False
id,859233628,2026-07-06,4.81,10947,10,99,5077,19926,595,134,0,false,20655,0,He-Ji Official Store,true,false,false,data/raw_extended/country_code=id/dataset=shop_stats/shop_id=859233628/shop_stats.csv,8,id,shop_stats,859233628,4.81,10947.0,10.0,99.0,5077.0,19926.0,595.0,134.0,0.0,20655.0,0.0,False,True,False,False
id,859233628,2026-07-09,4.81,10971,10,99,4346,20005,598,134,0,false,20737,0,He-Ji Official Store,true,false,false,data/raw_extended/country_code=id/dataset=shop_stats/shop_id=859233628/shop_stats.csv,9,id,shop_stats,859233628,4.81,10971.0,10.0,99.0,4346.0,20005.0,598.0,134.0,0.0,20737.0,0.0,False,True,False,False
id,859233628,2026-07-08,4.81,10966,10,99,4482,19979,597,134,0,false,20710,0,He-Ji Official Store,true,false,false,data/raw_extended/country_code=id/dataset=shop_stats/shop_id=859233628/shop_stats.csv,10,id,shop_stats,859233628,4.81,10966.0,10.0,99.0,4482.0,19979.0,597.0,134.0,0.0,20710.0,0.0,False,True,False,False
id,859233628,2026-07-11,4.81,10983,10,99,4676,20079,599,134,0,false,20812,0,He-Ji Official Store,true,false,false,data/raw_extended/country_code=id/dataset=shop_stats/shop_id=859233628/shop_stats.csv,11,id,shop_stats,859233628,4.81,10983.0,10.0,99.0,4676.0,20079.0,599.0,134.0,0.0,20812.0,0.0,False,True,False,False
id,859233628,2026-07-10,4.81,10973,10,99,4644,20023,599,134,0,false,20756,0,He-Ji Official Store,true,false,false,data/raw_extended/country_code=id/dataset=shop_stats/shop_id=859233628/shop_stats.csv,12,id,shop_stats,859233628,4.81,10973.0,10.0,99.0,4644.0,20023.0,599.0,134.0,0.0,20756.0,0.0,False,True,False,False
id,859233628,2026-07-13,4.81,11005,10,98,4796,20126,602,134,0,false,20862,0,He-Ji Official Store,true,false,false,data/raw_extended/country_code=id/dataset=shop_stats/shop_id=859233628/shop_stats.csv,13,id,shop_stats,859233628,4.81,11005.0,10.0,98.0,4796.0,20126.0,602.0,134.0,0.0,20862.0,0.0,False,True,False,False
id,859233628,2026-07-14,4.81,11015,10,98,4708,20144,603,134,0,false,20881,0,He-Ji Official Store,true,false,false,data/raw_extended/country_code=id/dataset=shop_stats/shop_id=859233628/shop_stats.csv,14,id,shop_stats,859233628,4.81,11015.0,10.0,98.0,4708.0,20144.0,603.0,134.0,0.0,20881.0,0.0,False,True,False,False
id,859233628,2026-07-16,4.81,11034,10,98,4532,20187,603,134,0,false,20924,0,He-Ji Official Store,true,false,false,data/raw_extended/country_code=id/dataset=shop_stats/shop_id=859233628/shop_stats.csv,15,id,shop_stats,859233628,4.81,11034.0,10.0,98.0,4532.0,20187.0,603.0,134.0,0.0,20924.0,0.0,False,True,False,False
id,859233628,2026-07-15,4.81,11025,10,98,4650,20165,603,134,0,false,20902,0,He-Ji Official Store,true,false,false,data/raw_extended/country_code=id/dataset=shop_stats/shop_id=859233628/shop_stats.csv,16,id,shop_stats,859233628,4.81,11025.0,10.0,98.0,4650.0,20165.0,603.0,134.0,0.0,20902.0,0.0,False,True,False,False
id,859233628,2026-07-19,4.81,11065,10,98,3910,20285,606,134,0,false,21025,0,He-Ji Official Store,true,false,false,data/raw_extended/country_code=id/dataset=shop_stats/shop_id=859233628/shop_stats.csv,17,id,shop_stats,859233628,4.81,11065.0,10.0,98.0,3910.0,20285.0,606.0,134.0,0.0,21025.0,0.0,False,True,False,False
id,859233628,2026-07-18,4.81,11054,10,98,4396,20244,605,134,0,false,20983,0,He-Ji Official Store,true,false,false,data/raw_extended/country_code=id/dataset=shop_stats/shop_id=859233628/shop_stats.csv,18,id,shop_stats,859233628,4.81,11054.0,10.0,98.0,4396.0,20244.0,605.0,134.0,0.0,20983.0,0.0,False,True,False,False
id,859233628,2026-07-21,4.81,11086,10,98,3755,20342,607,134,0,false,21083,0,He-Ji Official Store,true,false,false,data/raw_extended/country_code=id/dataset=shop_stats/shop_id=859233628/shop_stats.csv,19,id,shop_stats,859233628,4.81,11086.0,10.0,98.0,3755.0,20342.0,607.0,134.0,0.0,21083.0,0.0,False,True,False,False
id,859233628,2026-07-20,4.81,11078,10,98,3702,20318,607,134,0,false,21059,0,He-Ji Official Store,true,false,false,data/raw_extended/country_code=id/dataset=shop_stats/shop_id=859233628/shop_stats.csv,20,id,shop_stats,859233628,4.81,11078.0,10.0,98.0,3702.0,20318.0,607.0,134.0,0.0,21059.0,0.0,False,True,False,False
id,859233628,2026-07-17,4.81,11046,10,98,4396,20228,603,134,0,false,20965,0,He-Ji Official Store,true,false,false,data/raw_extended/country_code=id/dataset=shop_stats/shop_id=859233628/shop_stats.csv,21,id,shop_stats,859233628,4.81,11046.0,10.0,98.0,4396.0,20228.0,603.0,134.0,0.0,20965.0,0.0,False,True,False,False
vn,108166524,2026-07-02,4.92,476692,1753,100,973,821759,8814,6621,0,false,837194,6,Nestlé Chính hãng,true,false,false,data/raw_extended/country_code=vn/dataset=shop_stats/shop_id=108166524/shop_stats.csv,2,vn,shop_stats,108166524,4.92,476692.0,1753.0,100.0,973.0,821759.0,8814.0,6621.0,0.0,837194.0,6.0,False,True,False,False
vn,108166524,2026-07-03,4.92,476759,1753,100,947,821759,8814,6621,0,false,837194,6,Nestlé Chính hãng,true,false,false,data/raw_extended/country_code=vn/dataset=shop_stats/shop_id=108166524/shop_stats.csv,3,vn,shop_stats,108166524,4.92,476759.0,1753.0,100.0,947.0,821759.0,8814.0,6621.0,0.0,837194.0,6.0,False,True,False,False
vn,108166524,2026-07-01,4.92,476605,1753,99,1044,821759,8814,6621,0,false,837194,6,Nestlé Chính hãng,true,false,false,data/raw_extended/country_code=vn/dataset=shop_stats/shop_id=108166524/shop_stats.csv,4,vn,shop_stats,108166524,4.92,476605.0,1753.0,99.0,1044.0,821759.0,8814.0,6621.0,0.0,837194.0,6.0,False,True,False,False
vn,108166524,2026-07-09,4.92,478552,1754,100,1006,827296,8872,6651,0,false,842819,6,Nestlé Chính hãng,true,false,false,data/raw_extended/country_code=vn/dataset=shop_stats/shop_id=108166524/shop_stats.csv,5,vn,shop_stats,108166524,4.92,478552.0,1754.0,100.0,1006.0,827296.0,8872.0,6651.0,0.0,842819.0,6.0,False,True,False,False
vn,108166524,2026-07-07,4.92,477991,1754,100,978,824963,8853,6636,0,false,840452,6,Nestlé Chính hãng,true,false,false,data/raw_extended/country_code=vn/dataset=shop_stats/shop_id=108166524/shop_stats.csv,6,vn,shop_stats,108166524,4.92,477991.0,1754.0,100.0,978.0,824963.0,8853.0,6636.0,0.0,840452.0,6.0,False,True,False,False
vn,108166524,2026-07-05,4.92,476995,1754,100,942,823955,8833,6633,0,false,839421,6,Nestlé Chính hãng,true,false,false,data/raw_extended/country_code=vn/dataset=shop_stats/shop_id=108166524/shop_stats.csv,7,vn,shop_stats,108166524,4.92,476995.0,1754.0,100.0,942.0,823955.0,8833.0,6633.0,0.0,839421.0,6.0,False,True,False,False
vn,108166524,2026-07-04,4.92,476868,1754,100,946,823012,8827,6630,0,false,838469,6,Nestlé Chính hãng,true,false,false,data/raw_extended/country_code=vn/dataset=shop_stats/shop_id=108166524/shop_stats.csv,8,vn,shop_stats,108166524,4.92,476868.0,1754.0,100.0,946.0,823012.0,8827.0,6630.0,0.0,838469.0,6.0,False,True,False,False
vn,108166524,2026-07-08,4.92,478422,1754,100,978,825888,8859,6641,0,false,841388,6,Nestlé Chính hãng,true,false,false,data/raw_extended/country_code=vn/dataset=shop_stats/shop_id=108166524/shop_stats.csv,9,vn,shop_stats,108166524,4.92,478422.0,1754.0,100.0,978.0,825888.0,8859.0,6641.0,0.0,841388.0,6.0,False,True,False,False
vn,108166524,2026-07-10,4.92,478697,1754,100,1134,828423,8878,6653,0,false,843954,6,Nestlé Chính hãng,true,false,false,data/raw_extended/country_code=vn/dataset=shop_stats/shop_id=108166524/shop_stats.csv,10,vn,shop_stats,108166524,4.92,478697.0,1754.0,100.0,1134.0,828423.0,8878.0,6653.0,0.0,843954.0,6.0,False,True,False,False
vn,108166524,2026-07-06,4.92,477362,1754,100,958,824290,8834,6633,0,false,839757,6,Nestlé Chính hãng,true,false,false,data/raw_extended/country_code=vn/dataset=shop_stats/shop_id=108166524/shop_stats.csv,11,vn,shop_stats,108166524,4.92,477362.0,1754.0,100.0,958.0,824290.0,8834.0,6633.0,0.0,839757.0,6.0,False,True,False,False
vn,108166524,2026-07-11,4.92,478985,1754,100,1218,829940,8896,6658,0,false,845494,6,Nestlé Chính hãng,true,false,false,data/raw_extended/country_code=vn/dataset=shop_stats/shop_id=108166524/shop_stats.csv,12,vn,shop_stats,108166524,4.92,478985.0,1754.0,100.0,1218.0,829940.0,8896.0,6658.0,0.0,845494.0,6.0,False,True,False,False
vn,108166524,2026-07-13,4.92,479091,1754,100,1800,831696,8908,6667,0,false,847271,6,Nestlé Chính hãng,true,false,false,data/raw_extended/country_code=vn/dataset=shop_stats/shop_id=108166524/shop_stats.csv,13,vn,shop_stats,108166524,4.92,479091.0,1754.0,100.0,1800.0,831696.0,8908.0,6667.0,0.0,847271.0,6.0,False,True,False,False
vn,108166524,2026-07-18,4.92,479961,1754,100,1578,835673,8946,6693,0,false,851312,6,Nestlé Chính hãng,true,false,false,data/raw_extended/country_code=vn/dataset=shop_stats/shop_id=108166524/shop_stats.csv,14,vn,shop_stats,108166524,4.92,479961.0,1754.0,100.0,1578.0,835673.0,8946.0,6693.0,0.0,851312.0,6.0,False,True,False,False
vn,108166524,2026-07-14,4.92,479171,1754,100,1779,832517,8923,6673,0,false,848113,6,Nestlé Chính hãng,true,false,false,data/raw_extended/country_code=vn/dataset=shop_stats/shop_id=108166524/shop_stats.csv,15,vn,shop_stats,108166524,4.92,479171.0,1754.0,100.0,1779.0,832517.0,8923.0,6673.0,0.0,848113.0,6.0,False,True,False,False
vn,108166524,2026-07-16,4.92,479846,1754,100,1653,834107,8933,6685,0,false,849725,6,Nestlé Chính hãng,true,false,false,data/raw_extended/country_code=vn/dataset=shop_stats/shop_id=108166524/shop_stats.csv,16,vn,shop_stats,108166524,4.92,479846.0,1754.0,100.0,1653.0,834107.0,8933.0,6685.0,0.0,849725.0,6.0,False,True,False,False
vn,108166524,2026-07-15,4.92,479594,1754,100,1715,833557,8930,6681,0,false,849168,6,Nestlé Chính hãng,true,false,false,data/raw_extended/country_code=vn/dataset=shop_stats/shop_id=108166524/shop_stats.csv,17,vn,shop_stats,108166524,4.92,479594.0,1754.0,100.0,1715.0,833557.0,8930.0,6681.0,0.0,849168.0,6.0,False,True,False,False
vn,108166524,2026-07-20,4.92,480183,1754,100,1512,837208,8972,6702,0,false,852882,6,Nestlé Chính hãng,true,false,false,data/raw_extended/country_code=vn/dataset=shop_stats/shop_id=108166524/shop_stats.csv,18,vn,shop_stats,108166524,4.92,480183.0,1754.0,100.0,1512.0,837208.0,8972.0,6702.0,0.0,852882.0,6.0,False,True,False,False
vn,108166524,2026-07-19,4.92,480066,1754,100,1500,836574,8963,6695,0,false,852232,6,Nestlé Chính hãng,true,false,false,data/raw_extended/country_code=vn/dataset=shop_stats/shop_id=108166524/shop_stats.csv,19,vn,shop_stats,108166524,4.92,480066.0,1754.0,100.0,1500.0,836574.0,8963.0,6695.0,0.0,852232.0,6.0,False,True,False,False
vn,108166524,2026-07-17,4.92,479927,1754,100,1578,835012,8942,6691,0,false,850645,6,Nestlé Chính hãng,true,false,false,data/raw_extended/country_code=vn/dataset=shop_stats/shop_id=108166524/shop_stats.csv,20,vn,shop_stats,108166524,4.92,479927.0,1754.0,100.0,1578.0,835012.0,8942.0,6691.0,0.0,850645.0,6.0,False,True,False,False
vn,108166524,2026-07-21,4.92,480402,1752,100,1922,837903,8975,6702,0,false,853580,6,Nestlé Chính hãng,true,false,false,data/raw_extended/country_code=vn/dataset=shop_stats/shop_id=108166524/shop_stats.csv,21,vn,shop_stats,108166524,4.92,480402.0,1752.0,100.0,1922.0,837903.0,8975.0,6702.0,0.0,853580.0,6.0,False,True,False,False
vn,1145316676,2026-07-03,4.87,11637,119,100,65,15891,302,213,1,false,16406,3,Nestlé Health Science,true,false,false,data/raw_extended/country_code=vn/dataset=shop_stats/shop_id=1145316676/shop_stats.csv,2,vn,shop_stats,1145316676,4.87,11637.0,119.0,100.0,65.0,15891.0,302.0,213.0,1.0,16406.0,3.0,False,True,False,False
vn,1145316676,2026-07-05,4.87,11666,119,100,69,15969,304,213,1,false,16486,3,Nestlé Health Science,true,false,false,data/raw_extended/country_code=vn/dataset=shop_stats/shop_id=1145316676/shop_stats.csv,3,vn,shop_stats,1145316676,4.87,11666.0,119.0,100.0,69.0,15969.0,304.0,213.0,1.0,16486.0,3.0,False,True,False,False
vn,1145316676,2026-07-07,4.88,11726,119,100,65,16010,304,213,0,false,16527,3,Nestlé Health Science,true,false,false,data/raw_extended/country_code=vn/dataset=shop_stats/shop_id=1145316676/shop_stats.csv,4,vn,shop_stats,1145316676,4.88,11726.0,119.0,100.0,65.0,16010.0,304.0,213.0,0.0,16527.0,3.0,False,True,False,False
vn,1145316676,2026-07-01,4.87,11610,119,100,66,15891,302,213,1,false,16406,3,Nestlé Health Science,true,false,false,data/raw_extended/country_code=vn/dataset=shop_stats/shop_id=1145316676/shop_stats.csv,5,vn,shop_stats,1145316676,4.87,11610.0,119.0,100.0,66.0,15891.0,302.0,213.0,1.0,16406.0,3.0,False,True,False,False
vn,1145316676,2026-07-04,4.87,11646,119,100,63,15930,303,213,1,false,16446,3,Nestlé Health Science,true,false,false,data/raw_extended/country_code=vn/dataset=shop_stats/shop_id=1145316676/shop_stats.csv,6,vn,shop_stats,1145316676,4.87,11646.0,119.0,100.0,63.0,15930.0,303.0,213.0,1.0,16446.0,3.0,False,True,False,False
vn,1145316676,2026-07-02,4.87,11622,119,100,66,15891,302,213,1,false,16406,3,Nestlé Health Science,true,false,false,data/raw_extended/country_code=vn/dataset=shop_stats/shop_id=1145316676/shop_stats.csv,7,vn,shop_stats,1145316676,4.87,11622.0,119.0,100.0,66.0,15891.0,302.0,213.0,1.0,16406.0,3.0,False,True,False,False
vn,1145316676,2026-07-06,4.88,11669,119,100,74,15984,304,213,0,false,16501,3,Nestlé Health Science,true,false,false,data/raw_extended/country_code=vn/dataset=shop_stats/shop_id=1145316676/shop_stats.csv,8,vn,shop_stats,1145316676,4.88,11669.0,119.0,100.0,74.0,15984.0,304.0,213.0,0.0,16501.0,3.0,False,True,False,False
vn,1145316676,2026-07-08,4.88,11759,119,100,64,16059,304,213,0,false,16576,3,Nestlé Health Science,true,false,false,data/raw_extended/country_code=vn/dataset=shop_stats/shop_id=1145316676/shop_stats.csv,9,vn,shop_stats,1145316676,4.88,11759.0,119.0,100.0,64.0,16059.0,304.0,213.0,0.0,16576.0,3.0,False,True,False,False
vn,1145316676,2026-07-16,4.88,11882,119,100,70,16395,308,215,0,false,16918,3,Nestlé Health Science,true,false,false,data/raw_extended/country_code=vn/dataset=shop_stats/shop_id=1145316676/shop_stats.csv,10,vn,shop_stats,1145316676,4.88,11882.0,119.0,100.0,70.0,16395.0,308.0,215.0,0.0,16918.0,3.0,False,True,False,False
vn,1145316676,2026-07-11,4.88,11796,119,100,72,16245,305,215,0,false,16765,3,Nestlé Health Science,true,false,false,data/raw_extended/country_code=vn/dataset=shop_stats/shop_id=1145316676/shop_stats.csv,11,vn,shop_stats,1145316676,4.88,11796.0,119.0,100.0,72.0,16245.0,305.0,215.0,0.0,16765.0,3.0,False,True,False,False
vn,1145316676,2026-07-13,4.88,11815,119,100,73,16298,308,215,0,false,16821,3,Nestlé Health Science,true,false,false,data/raw_extended/country_code=vn/dataset=shop_stats/shop_id=1145316676/shop_stats.csv,12,vn,shop_stats,1145316676,4.88,11815.0,119.0,100.0,73.0,16298.0,308.0,215.0,0.0,16821.0,3.0,False,True,False,False
vn,1145316676,2026-07-10,4.88,11776,119,100,68,16173,304,214,0,false,16691,3,Nestlé Health Science,true,false,false,data/raw_extended/country_code=vn/dataset=shop_stats/shop_id=1145316676/shop_stats.csv,13,vn,shop_stats,1145316676,4.88,11776.0,119.0,100.0,68.0,16173.0,304.0,214.0,0.0,16691.0,3.0,False,True,False,False
vn,1145316676,2026-07-15,4.88,11864,119,100,69,16377,308,215,0,false,16900,3,Nestlé Health Science,true,false,false,data/raw_extended/country_code=vn/dataset=shop_stats/shop_id=1145316676/shop_stats.csv,14,vn,shop_stats,1145316676,4.88,11864.0,119.0,100.0,69.0,16377.0,308.0,215.0,0.0,16900.0,3.0,False,True,False,False
vn,1145316676,2026-07-14,4.88,11828,119,100,70,16346,308,215,0,false,16869,3,Nestlé Health Science,true,false,false,data/raw_extended/country_code=vn/dataset=shop_stats/shop_id=1145316676/shop_stats.csv,15,vn,shop_stats,1145316676,4.88,11828.0,119.0,100.0,70.0,16346.0,308.0,215.0,0.0,16869.0,3.0,False,True,False,False
vn,1145316676,2026-07-09,4.88,11770,119,100,67,16127,304,213,0,false,16644,3,Nestlé Health Science,true,false,false,data/raw_extended/country_code=vn/dataset=shop_stats/shop_id=1145316676/shop_stats.csv,16,vn,shop_stats,1145316676,4.88,11770.0,119.0,100.0,67.0,16127.0,304.0,213.0,0.0,16644.0,3.0,False,True,False,False
vn,1145316676,2026-07-17,4.88,11902,119,100,67,16425,309,216,0,false,16950,3,Nestlé Health Science,true,false,false,data/raw_extended/country_code=vn/dataset=shop_stats/shop_id=1145316676/shop_stats.csv,17,vn,shop_stats,1145316676,4.88,11902.0,119.0,100.0,67.0,16425.0,309.0,216.0,0.0,16950.0,3.0,False,True,False,False
vn,1145316676,2026-07-19,4.88,11929,119,100,73,16479,309,217,0,false,17005,3,Nestlé Health Science,true,false,false,data/raw_extended/country_code=vn/dataset=shop_stats/shop_id=1145316676/shop_stats.csv,18,vn,shop_stats,1145316676,4.88,11929.0,119.0,100.0,73.0,16479.0,309.0,217.0,0.0,17005.0,3.0,False,True,False,False
vn,1145316676,2026-07-21,4.88,11975,119,100,82,16553,309,217,0,false,17079,3,Nestlé Health Science,true,false,false,data/raw_extended/country_code=vn/dataset=shop_stats/shop_id=1145316676/shop_stats.csv,19,vn,shop_stats,1145316676,4.88,11975.0,119.0,100.0,82.0,16553.0,309.0,217.0,0.0,17079.0,3.0,False,True,False,False
vn,1145316676,2026-07-20,4.88,11948,119,100,73,16517,309,217,0,false,17043,3,Nestlé Health Science,true,false,false,data/raw_extended/country_code=vn/dataset=shop_stats/shop_id=1145316676/shop_stats.csv,20,vn,shop_stats,1145316676,4.88,11948.0,119.0,100.0,73.0,16517.0,309.0,217.0,0.0,17043.0,3.0,False,True,False,False
vn,1145316676,2026-07-18,4.88,11912,119,100,67,16463,309,216,0,false,16988,3,Nestlé Health Science,true,false,false,data/raw_extended/country_code=vn/dataset=shop_stats/shop_id=1145316676/shop_stats.csv,21,vn,shop_stats,1145316676,4.88,11912.0,119.0,100.0,67.0,16463.0,309.0,216.0,0.0,16988.0,3.0,False,True,False,False
vn,140360136,2026-07-01,4.87,548163,172,100,53,251786,4783,3617,29,false,260186,5,Kinh Do Official Store,true,false,false,data/raw_extended/country_code=vn/dataset=shop_stats/shop_id=140360136/shop_stats.csv,2,vn,shop_stats,140360136,4.87,548163.0,172.0,100.0,53.0,251786.0,4783.0,3617.0,29.0,260186.0,5.0,False,True,False,False
vn,140360136,2026-07-02,4.87,548148,172,100,54,251786,4783,3617,29,false,260186,5,Kinh Do Official Store,true,false,false,data/raw_extended/country_code=vn/dataset=shop_stats/shop_id=140360136/shop_stats.csv,3,vn,shop_stats,140360136,4.87,548148.0,172.0,100.0,54.0,251786.0,4783.0,3617.0,29.0,260186.0,5.0,False,True,False,False
vn,140360136,2026-07-03,4.87,548137,172,100,54,251786,4783,3617,29,false,260186,5,Kinh Do Official Store,true,false,false,data/raw_extended/country_code=vn/dataset=shop_stats/shop_id=140360136/shop_stats.csv,4,vn,shop_stats,140360136,4.87,548137.0,172.0,100.0,54.0,251786.0,4783.0,3617.0,29.0,260186.0,5.0,False,True,False,False
vn,140360136,2026-07-04,4.87,548123,172,100,53,251786,4783,3617,29,false,260186,5,Kinh Do Official Store,true,false,false,data/raw_extended/country_code=vn/dataset=shop_stats/shop_id=140360136/shop_stats.csv,5,vn,shop_stats,140360136,4.87,548123.0,172.0,100.0,53.0,251786.0,4783.0,3617.0,29.0,260186.0,5.0,False,True,False,False
vn,140360136,2026-07-09,4.87,548059,172,100,54,251788,4783,3617,25,false,260188,5,Kinh Do Official Store,true,false,false,data/raw_extended/country_code=vn/dataset=shop_stats/shop_id=140360136/shop_stats.csv,6,vn,shop_stats,140360136,4.87,548059.0,172.0,100.0,54.0,251788.0,4783.0,3617.0,25.0,260188.0,5.0,False,True,False,False
vn,140360136,2026-07-13,4.87,548023,172,100,55,251789,4783,3618,20,false,260190,5,Kinh Do Official Store,true,false,false,data/raw_extended/country_code=vn/dataset=shop_stats/shop_id=140360136/shop_stats.csv,7,vn,shop_stats,140360136,4.87,548023.0,172.0,100.0,55.0,251789.0,4783.0,3618.0,20.0,260190.0,5.0,False,True,False,False
vn,140360136,2026-07-05,4.87,548109,172,100,53,251786,4783,3617,29,false,260186,5,Kinh Do Official Store,true,false,false,data/raw_extended/country_code=vn/dataset=shop_stats/shop_id=140360136/shop_stats.csv,8,vn,shop_stats,140360136,4.87,548109.0,172.0,100.0,53.0,251786.0,4783.0,3617.0,29.0,260186.0,5.0,False,True,False,False
vn,140360136,2026-07-06,4.87,548103,172,100,54,251787,4783,3617,25,false,260187,5,Kinh Do Official Store,true,false,false,data/raw_extended/country_code=vn/dataset=shop_stats/shop_id=140360136/shop_stats.csv,9,vn,shop_stats,140360136,4.87,548103.0,172.0,100.0,54.0,251787.0,4783.0,3617.0,25.0,260187.0,5.0,False,True,False,False
vn,140360136,2026-07-10,4.87,548052,172,100,54,251789,4783,3618,25,false,260190,5,Kinh Do Official Store,true,false,false,data/raw_extended/country_code=vn/dataset=shop_stats/shop_id=140360136/shop_stats.csv,10,vn,shop_stats,140360136,4.87,548052.0,172.0,100.0,54.0,251789.0,4783.0,3618.0,25.0,260190.0,5.0,False,True,False,False
vn,140360136,2026-07-07,4.87,548085,172,100,53,251787,4783,3617,25,false,260187,5,Kinh Do Official Store,true,false,false,data/raw_extended/country_code=vn/dataset=shop_stats/shop_id=140360136/shop_stats.csv,11,vn,shop_stats,140360136,4.87,548085.0,172.0,100.0,53.0,251787.0,4783.0,3617.0,25.0,260187.0,5.0,False,True,False,False
vn,140360136,2026-07-11,4.87,548039,172,100,55,251789,4783,3618,25,false,260190,5,Kinh Do Official Store,true,false,false,data/raw_extended/country_code=vn/dataset=shop_stats/shop_id=140360136/shop_stats.csv,12,vn,shop_stats,140360136,4.87,548039.0,172.0,100.0,55.0,251789.0,4783.0,3618.0,25.0,260190.0,5.0,False,True,False,False
vn,140360136,2026-07-08,4.87,548069,172,100,54,251788,4783,3617,25,false,260188,5,Kinh Do Official Store,true,false,false,data/raw_extended/country_code=vn/dataset=shop_stats/shop_id=140360136/shop_stats.csv,13,vn,shop_stats,140360136,4.87,548069.0,172.0,100.0,54.0,251788.0,4783.0,3617.0,25.0,260188.0,5.0,False,True,False,False
vn,140360136,2026-07-14,4.87,548014,172,100,57,251790,4783,3618,20,false,260191,5,Kinh Do Official Store,true,false,false,data/raw_extended/country_code=vn/dataset=shop_stats/shop_id=140360136/shop_stats.csv,14,vn,shop_stats,140360136,4.87,548014.0,172.0,100.0,57.0,251790.0,4783.0,3618.0,20.0,260191.0,5.0,False,True,False,False
vn,140360136,2026-07-19,4.87,547965,172,100,74,251790,4784,3617,20,false,260191,5,Kinh Do Official Store,true,false,false,data/raw_extended/country_code=vn/dataset=shop_stats/shop_id=140360136/shop_stats.csv,15,vn,shop_stats,140360136,4.87,547965.0,172.0,100.0,74.0,251790.0,4784.0,3617.0,20.0,260191.0,5.0,False,True,False,False
vn,140360136,2026-07-18,4.87,547975,172,100,75,251790,4784,3617,20,false,260191,5,Kinh Do Official Store,true,false,false,data/raw_extended/country_code=vn/dataset=shop_stats/shop_id=140360136/shop_stats.csv,16,vn,shop_stats,140360136,4.87,547975.0,172.0,100.0,75.0,251790.0,4784.0,3617.0,20.0,260191.0,5.0,False,True,False,False
vn,140360136,2026-07-21,4.87,547946,172,100,76,251790,4784,3617,33,false,260191,5,Kinh Do Official Store,true,false,false,data/raw_extended/country_code=vn/dataset=shop_stats/shop_id=140360136/shop_stats.csv,17,vn,shop_stats,140360136,4.87,547946.0,172.0,100.0,76.0,251790.0,4784.0,3617.0,33.0,260191.0,5.0,False,True,False,False
vn,140360136,2026-07-15,4.87,548007,172,100,57,251790,4783,3618,20,false,260191,5,Kinh Do Official Store,true,false,false,data/raw_extended/country_code=vn/dataset=shop_stats/shop_id=140360136/shop_stats.csv,18,vn,shop_stats,140360136,4.87,548007.0,172.0,100.0,57.0,251790.0,4783.0,3618.0,20.0,260191.0,5.0,False,True,False,False
vn,140360136,2026-07-20,4.87,547949,172,100,75,251790,4784,3617,33,false,260191,5,Kinh Do Official Store,true,false,false,data/raw_extended/country_code=vn/dataset=shop_stats/shop_id=140360136/shop_stats.csv,19,vn,shop_stats,140360136,4.87,547949.0,172.0,100.0,75.0,251790.0,4784.0,3617.0,33.0,260191.0,5.0,False,True,False,False
vn,140360136,2026-07-17,4.87,547985,172,100,75,251790,4784,3617,20,false,260191,5,Kinh Do Official Store,true,false,false,data/raw_extended/country_code=vn/dataset=shop_stats/shop_id=140360136/shop_stats.csv,20,vn,shop_stats,140360136,4.87,547985.0,172.0,100.0,75.0,251790.0,4784.0,3617.0,20.0,260191.0,5.0,False,True,False,False
vn,140360136,2026-07-16,4.87,547994,172,100,58,251790,4784,3617,20,false,260191,5,Kinh Do Official Store,true,false,false,data/raw_extended/country_code=vn/dataset=shop_stats/shop_id=140360136/shop_stats.csv,21,vn,shop_stats,140360136,4.87,547994.0,172.0,100.0,58.0,251790.0,4784.0,3617.0,20.0,260191.0,5.0,False,True,False,False
vn,1546895026,2026-07-02,4.94,14982,99,100,262,27368,202,138,0,false,27708,3,Mars Snacking VN,true,false,false,data/raw_extended/country_code=vn/dataset=shop_stats/shop_id=1546895026/shop_stats.csv,2,vn,shop_stats,1546895026,4.94,14982.0,99.0,100.0,262.0,27368.0,202.0,138.0,0.0,27708.0,3.0,False,True,False,False
vn,1546895026,2026-07-05,4.94,15022,99,100,252,27541,203,140,0,false,27884,3,Mars Snacking VN,true,false,false,data/raw_extended/country_code=vn/dataset=shop_stats/shop_id=1546895026/shop_stats.csv,3,vn,shop_stats,1546895026,4.94,15022.0,99.0,100.0,252.0,27541.0,203.0,140.0,0.0,27884.0,3.0,False,True,False,False
vn,1546895026,2026-07-03,4.94,14986,97,100,257,27368,202,138,0,false,27708,3,Mars Snacking VN,true,false,false,data/raw_extended/country_code=vn/dataset=shop_stats/shop_id=1546895026/shop_stats.csv,4,vn,shop_stats,1546895026,4.94,14986.0,97.0,100.0,257.0,27368.0,202.0,138.0,0.0,27708.0,3.0,False,True,False,False
vn,1546895026,2026-07-08,4.94,15084,99,100,253,27767,203,140,0,false,28110,3,Mars Snacking VN,true,false,false,data/raw_extended/country_code=vn/dataset=shop_stats/shop_id=1546895026/shop_stats.csv,5,vn,shop_stats,1546895026,4.94,15084.0,99.0,100.0,253.0,27767.0,203.0,140.0,0.0,28110.0,3.0,False,True,False,False
vn,1546895026,2026-07-06,4.94,15024,99,100,254,27585,203,140,0,false,27928,3,Mars Snacking VN,true,false,false,data/raw_extended/country_code=vn/dataset=shop_stats/shop_id=1546895026/shop_stats.csv,6,vn,shop_stats,1546895026,4.94,15024.0,99.0,100.0,254.0,27585.0,203.0,140.0,0.0,27928.0,3.0,False,True,False,False
vn,1546895026,2026-07-09,4.94,15097,99,100,250,27942,210,141,0,false,28293,3,Mars Snacking VN,true,false,false,data/raw_extended/country_code=vn/dataset=shop_stats/shop_id=1546895026/shop_stats.csv,7,vn,shop_stats,1546895026,4.94,15097.0,99.0,100.0,250.0,27942.0,210.0,141.0,0.0,28293.0,3.0,False,True,False,False
vn,1546895026,2026-07-04,4.94,14997,99,100,250,27451,203,138,0,false,27792,3,Mars Snacking VN,true,false,false,data/raw_extended/country_code=vn/dataset=shop_stats/shop_id=1546895026/shop_stats.csv,8,vn,shop_stats,1546895026,4.94,14997.0,99.0,100.0,250.0,27451.0,203.0,138.0,0.0,27792.0,3.0,False,True,False,False
vn,1546895026,2026-07-07,4.94,15052,99,100,251,27680,203,140,0,false,28023,3,Mars Snacking VN,true,false,false,data/raw_extended/country_code=vn/dataset=shop_stats/shop_id=1546895026/shop_stats.csv,9,vn,shop_stats,1546895026,4.94,15052.0,99.0,100.0,251.0,27680.0,203.0,140.0,0.0,28023.0,3.0,False,True,False,False
vn,1546895026,2026-07-10,4.94,15106,101,100,248,28052,210,143,0,false,28405,3,Mars Snacking VN,true,false,false,data/raw_extended/country_code=vn/dataset=shop_stats/shop_id=1546895026/shop_stats.csv,10,vn,shop_stats,1546895026,4.94,15106.0,101.0,100.0,248.0,28052.0,210.0,143.0,0.0,28405.0,3.0,False,True,False,False
vn,1546895026,2026-07-11,4.94,15122,104,100,255,28195,210,143,0,false,28548,3,Mars Snacking VN,true,false,false,data/raw_extended/country_code=vn/dataset=shop_stats/shop_id=1546895026/shop_stats.csv,11,vn,shop_stats,1546895026,4.94,15122.0,104.0,100.0,255.0,28195.0,210.0,143.0,0.0,28548.0,3.0,False,True,False,False
vn,1546895026,2026-07-13,4.94,15141,104,100,163,28319,210,145,0,false,28674,3,Mars Snacking VN,true,false,false,data/raw_extended/country_code=vn/dataset=shop_stats/shop_id=1546895026/shop_stats.csv,12,vn,shop_stats,1546895026,4.94,15141.0,104.0,100.0,163.0,28319.0,210.0,145.0,0.0,28674.0,3.0,False,True,False,False
vn,1546895026,2026-07-19,4.94,15255,101,100,116,28754,215,147,0,false,29116,3,Mars Snacking VN,true,false,false,data/raw_extended/country_code=vn/dataset=shop_stats/shop_id=1546895026/shop_stats.csv,13,vn,shop_stats,1546895026,4.94,15255.0,101.0,100.0,116.0,28754.0,215.0,147.0,0.0,29116.0,3.0,False,True,False,False
vn,1546895026,2026-07-14,4.94,15154,101,100,164,28371,210,145,0,false,28726,3,Mars Snacking VN,true,false,false,data/raw_extended/country_code=vn/dataset=shop_stats/shop_id=1546895026/shop_stats.csv,14,vn,shop_stats,1546895026,4.94,15154.0,101.0,100.0,164.0,28371.0,210.0,145.0,0.0,28726.0,3.0,False,True,False,False
vn,1546895026,2026-07-15,4.94,15186,101,100,105,28449,211,145,0,false,28805,3,Mars Snacking VN,true,false,false,data/raw_extended/country_code=vn/dataset=shop_stats/shop_id=1546895026/shop_stats.csv,15,vn,shop_stats,1546895026,4.94,15186.0,101.0,100.0,105.0,28449.0,211.0,145.0,0.0,28805.0,3.0,False,True,False,False
vn,1546895026,2026-07-18,4.94,15240,101,100,105,28666,212,146,0,false,29024,3,Mars Snacking VN,true,false,false,data/raw_extended/country_code=vn/dataset=shop_stats/shop_id=1546895026/shop_stats.csv,16,vn,shop_stats,1546895026,4.94,15240.0,101.0,100.0,105.0,28666.0,212.0,146.0,0.0,29024.0,3.0,False,True,False,False
vn,1546895026,2026-07-17,4.94,15227,101,100,105,28589,211,146,0,false,28946,3,Mars Snacking VN,true,false,false,data/raw_extended/country_code=vn/dataset=shop_stats/shop_id=1546895026/shop_stats.csv,17,vn,shop_stats,1546895026,4.94,15227.0,101.0,100.0,105.0,28589.0,211.0,146.0,0.0,28946.0,3.0,False,True,False,False
vn,1546895026,2026-07-16,4.94,15215,101,100,105,28521,211,146,0,false,28878,3,Mars Snacking VN,true,false,false,data/raw_extended/country_code=vn/dataset=shop_stats/shop_id=1546895026/shop_stats.csv,18,vn,shop_stats,1546895026,4.94,15215.0,101.0,100.0,105.0,28521.0,211.0,146.0,0.0,28878.0,3.0,False,True,False,False
vn,1546895026,2026-07-21,4.94,15285,107,100,115,28890,217,147,0,false,29254,3,Mars Snacking VN,true,false,false,data/raw_extended/country_code=vn/dataset=shop_stats/shop_id=1546895026/shop_stats.csv,19,vn,shop_stats,1546895026,4.94,15285.0,107.0,100.0,115.0,28890.0,217.0,147.0,0.0,29254.0,3.0,False,True,False,False
vn,1546895026,2026-07-20,4.94,15267,101,100,116,28818,217,147,0,false,29182,3,Mars Snacking VN,true,false,false,data/raw_extended/country_code=vn/dataset=shop_stats/shop_id=1546895026/shop_stats.csv,20,vn,shop_stats,1546895026,4.94,15267.0,101.0,100.0,116.0,28818.0,217.0,147.0,0.0,29182.0,3.0,False,True,False,False
vn,173513432,2026-07-04,4.92,96133,326,98,10577,113128,1352,788,0,false,115268,8,Richy - Chi Nhánh Miền Bắc,false,true,true,data/raw_extended/country_code=vn/dataset=shop_stats/shop_id=173513432/shop_stats.csv,2,vn,shop_stats,173513432,4.92,96133.0,326.0,98.0,10577.0,113128.0,1352.0,788.0,0.0,115268.0,8.0,False,False,True,True
vn,173513432,2026-07-05,4.92,96170,326,98,10526,113251,1352,788,0,false,115391,8,Richy - Chi Nhánh Miền Bắc,false,true,true,data/raw_extended/country_code=vn/dataset=shop_stats/shop_id=173513432/shop_stats.csv,3,vn,shop_stats,173513432,4.92,96170.0,326.0,98.0,10526.0,113251.0,1352.0,788.0,0.0,115391.0,8.0,False,False,True,True
vn,173513432,2026-07-06,4.92,96189,326,98,10883,113301,1352,788,0,false,115441,8,Richy - Chi Nhánh Miền Bắc,false,true,true,data/raw_extended/country_code=vn/dataset=shop_stats/shop_id=173513432/shop_stats.csv,4,vn,shop_stats,173513432,4.92,96189.0,326.0,98.0,10883.0,113301.0,1352.0,788.0,0.0,115441.0,8.0,False,False,True,True
vn,173513432,2026-07-01,4.92,96048,325,98,10454,113035,1351,788,0,false,115174,8,Richy - Chi Nhánh Miền Bắc,false,true,true,data/raw_extended/country_code=vn/dataset=shop_stats/shop_id=173513432/shop_stats.csv,5,vn,shop_stats,173513432,4.92,96048.0,325.0,98.0,10454.0,113035.0,1351.0,788.0,0.0,115174.0,8.0,False,False,True,True
vn,173513432,2026-07-02,4.92,96058,325,98,10507,113035,1351,788,0,false,115174,8,Richy - Chi Nhánh Miền Bắc,false,true,true,data/raw_extended/country_code=vn/dataset=shop_stats/shop_id=173513432/shop_stats.csv,6,vn,shop_stats,173513432,4.92,96058.0,325.0,98.0,10507.0,113035.0,1351.0,788.0,0.0,115174.0,8.0,False,False,True,True
vn,173513432,2026-07-03,4.92,96105,325,98,10445,113035,1351,788,0,false,115174,8,Richy - Chi Nhánh Miền Bắc,false,true,true,data/raw_extended/country_code=vn/dataset=shop_stats/shop_id=173513432/shop_stats.csv,7,vn,shop_stats,173513432,4.92,96105.0,325.0,98.0,10445.0,113035.0,1351.0,788.0,0.0,115174.0,8.0,False,False,True,True
vn,173513432,2026-07-13,4.92,96555,327,98,10613,114504,1364,794,0,false,116662,8,Richy - Chi Nhánh Miền Bắc,false,true,true,data/raw_extended/country_code=vn/dataset=shop_stats/shop_id=173513432/shop_stats.csv,8,vn,shop_stats,173513432,4.92,96555.0,327.0,98.0,10613.0,114504.0,1364.0,794.0,0.0,116662.0,8.0,False,False,True,True
vn,173513432,2026-07-14,4.92,96574,327,97,10662,114630,1364,797,0,false,116791,8,Richy - Chi Nhánh Miền Bắc,false,true,true,data/raw_extended/country_code=vn/dataset=shop_stats/shop_id=173513432/shop_stats.csv,9,vn,shop_stats,173513432,4.92,96574.0,327.0,97.0,10662.0,114630.0,1364.0,797.0,0.0,116791.0,8.0,False,False,True,True
vn,173513432,2026-07-11,4.92,96514,327,98,10432,114156,1362,793,0,false,116311,8,Richy - Chi Nhánh Miền Bắc,false,true,true,data/raw_extended/country_code=vn/dataset=shop_stats/shop_id=173513432/shop_stats.csv,10,vn,shop_stats,173513432,4.92,96514.0,327.0,98.0,10432.0,114156.0,1362.0,793.0,0.0,116311.0,8.0,False,False,True,True
vn,173513432,2026-07-10,4.92,96470,327,98,10305,113837,1361,791,0,false,115989,8,Richy - Chi Nhánh Miền Bắc,false,true,true,data/raw_extended/country_code=vn/dataset=shop_stats/shop_id=173513432/shop_stats.csv,11,vn,shop_stats,173513432,4.92,96470.0,327.0,98.0,10305.0,113837.0,1361.0,791.0,0.0,115989.0,8.0,False,False,True,True
vn,173513432,2026-07-09,4.92,96404,327,98,10174,113678,1359,790,0,false,115827,8,Richy - Chi Nhánh Miền Bắc,false,true,true,data/raw_extended/country_code=vn/dataset=shop_stats/shop_id=173513432/shop_stats.csv,12,vn,shop_stats,173513432,4.92,96404.0,327.0,98.0,10174.0,113678.0,1359.0,790.0,0.0,115827.0,8.0,False,False,True,True
vn,173513432,2026-07-08,4.92,96292,326,97,10450,113518,1355,790,0,false,115663,8,Richy - Chi Nhánh Miền Bắc,false,true,true,data/raw_extended/country_code=vn/dataset=shop_stats/shop_id=173513432/shop_stats.csv,13,vn,shop_stats,173513432,4.92,96292.0,326.0,97.0,10450.0,113518.0,1355.0,790.0,0.0,115663.0,8.0,False,False,True,True
vn,173513432,2026-07-15,4.92,96636,328,97,10773,114807,1367,796,0,false,116970,8,Richy - Chi Nhánh Miền Bắc,false,true,true,data/raw_extended/country_code=vn/dataset=shop_stats/shop_id=173513432/shop_stats.csv,14,vn,shop_stats,173513432,4.92,96636.0,328.0,97.0,10773.0,114807.0,1367.0,796.0,0.0,116970.0,8.0,False,False,True,True
vn,173513432,2026-07-07,4.92,96239,326,97,10799,113400,1353,789,0,false,115542,8,Richy - Chi Nhánh Miền Bắc,false,true,true,data/raw_extended/country_code=vn/dataset=shop_stats/shop_id=173513432/shop_stats.csv,15,vn,shop_stats,173513432,4.92,96239.0,326.0,97.0,10799.0,113400.0,1353.0,789.0,0.0,115542.0,8.0,False,False,True,True
vn,173513432,2026-07-16,4.92,96673,328,98,10790,114901,1367,796,0,false,117064,8,Richy - Chi Nhánh Miền Bắc,false,true,true,data/raw_extended/country_code=vn/dataset=shop_stats/shop_id=173513432/shop_stats.csv,16,vn,shop_stats,173513432,4.92,96673.0,328.0,98.0,10790.0,114901.0,1367.0,796.0,0.0,117064.0,8.0,False,False,True,True
vn,173513432,2026-07-17,4.92,96692,328,98,10837,115040,1369,797,0,false,117206,8,Richy - Chi Nhánh Miền Bắc,false,true,true,data/raw_extended/country_code=vn/dataset=shop_stats/shop_id=173513432/shop_stats.csv,17,vn,shop_stats,173513432,4.92,96692.0,328.0,98.0,10837.0,115040.0,1369.0,797.0,0.0,117206.0,8.0,False,False,True,True
vn,173513432,2026-07-18,4.92,96705,328,98,10837,115149,1369,797,0,false,117315,8,Richy - Chi Nhánh Miền Bắc,false,true,true,data/raw_extended/country_code=vn/dataset=shop_stats/shop_id=173513432/shop_stats.csv,18,vn,shop_stats,173513432,4.92,96705.0,328.0,98.0,10837.0,115149.0,1369.0,797.0,0.0,117315.0,8.0,False,False,True,True
vn,173513432,2026-07-19,4.92,96728,329,98,11109,115270,1370,799,0,false,117439,8,Richy - Chi Nhánh Miền Bắc,false,true,true,data/raw_extended/country_code=vn/dataset=shop_stats/shop_id=173513432/shop_stats.csv,19,vn,shop_stats,173513432,4.92,96728.0,329.0,98.0,11109.0,115270.0,1370.0,799.0,0.0,117439.0,8.0,False,False,True,True
vn,173513432,2026-07-21,4.92,96781,330,98,11518,115466,1372,801,0,false,117639,8,Richy - Chi Nhánh Miền Bắc,false,true,true,data/raw_extended/country_code=vn/dataset=shop_stats/shop_id=173513432/shop_stats.csv,20,vn,shop_stats,173513432,4.92,96781.0,330.0,98.0,11518.0,115466.0,1372.0,801.0,0.0,117639.0,8.0,False,False,True,True
vn,173513432,2026-07-20,4.92,96731,330,98,11358,115382,1371,800,0,false,117553,8,Richy - Chi Nhánh Miền Bắc,false,true,true,data/raw_extended/country_code=vn/dataset=shop_stats/shop_id=173513432/shop_stats.csv,21,vn,shop_stats,173513432,4.92,96731.0,330.0,98.0,11358.0,115382.0,1371.0,800.0,0.0,117553.0,8.0,False,False,True,True
vn,213989179,2026-07-01,4.90,84657,98,98,7050,46422,746,439,0,false,47607,13,Bibica Official Store,true,false,false,data/raw_extended/country_code=vn/dataset=shop_stats/shop_id=213989179/shop_stats.csv,2,vn,shop_stats,213989179,4.9,84657.0,98.0,98.0,7050.0,46422.0,746.0,439.0,0.0,47607.0,13.0,False,True,False,False
vn,213989179,2026-07-02,4.90,84661,98,98,7330,46422,746,439,0,false,47607,13,Bibica Official Store,true,false,false,data/raw_extended/country_code=vn/dataset=shop_stats/shop_id=213989179/shop_stats.csv,3,vn,shop_stats,213989179,4.9,84661.0,98.0,98.0,7330.0,46422.0,746.0,439.0,0.0,47607.0,13.0,False,True,False,False
vn,213989179,2026-07-03,4.90,84664,98,98,6994,46422,746,439,0,false,47607,13,Bibica Official Store,true,false,false,data/raw_extended/country_code=vn/dataset=shop_stats/shop_id=213989179/shop_stats.csv,4,vn,shop_stats,213989179,4.9,84664.0,98.0,98.0,6994.0,46422.0,746.0,439.0,0.0,47607.0,13.0,False,True,False,False
vn,213989179,2026-07-04,4.90,84674,98,98,6946,46472,746,439,0,false,47657,13,Bibica Official Store,true,false,false,data/raw_extended/country_code=vn/dataset=shop_stats/shop_id=213989179/shop_stats.csv,5,vn,shop_stats,213989179,4.9,84674.0,98.0,98.0,6946.0,46472.0,746.0,439.0,0.0,47657.0,13.0,False,True,False,False
vn,213989179,2026-07-05,4.90,84684,98,98,6871,46493,748,439,0,false,47680,13,Bibica Official Store,true,false,false,data/raw_extended/country_code=vn/dataset=shop_stats/shop_id=213989179/shop_stats.csv,6,vn,shop_stats,213989179,4.9,84684.0,98.0,98.0,6871.0,46493.0,748.0,439.0,0.0,47680.0,13.0,False,True,False,False
vn,213989179,2026-07-09,4.90,84730,97,98,7014,46595,749,441,0,false,47785,13,Bibica Official Store,true,false,false,data/raw_extended/country_code=vn/dataset=shop_stats/shop_id=213989179/shop_stats.csv,7,vn,shop_stats,213989179,4.9,84730.0,97.0,98.0,7014.0,46595.0,749.0,441.0,0.0,47785.0,13.0,False,True,False,False
vn,213989179,2026-07-07,4.90,84712,100,98,7205,46521,748,441,0,false,47710,13,Bibica Official Store,true,false,false,data/raw_extended/country_code=vn/dataset=shop_stats/shop_id=213989179/shop_stats.csv,8,vn,shop_stats,213989179,4.9,84712.0,100.0,98.0,7205.0,46521.0,748.0,441.0,0.0,47710.0,13.0,False,True,False,False
vn,213989179,2026-07-08,4.90,84721,97,98,6826,46549,749,441,0,false,47739,13,Bibica Official Store,true,false,false,data/raw_extended/country_code=vn/dataset=shop_stats/shop_id=213989179/shop_stats.csv,9,vn,shop_stats,213989179,4.9,84721.0,97.0,98.0,6826.0,46549.0,749.0,441.0,0.0,47739.0,13.0,False,True,False,False
vn,213989179,2026-07-10,4.90,84740,97,98,6982,46611,751,441,0,false,47803,13,Bibica Official Store,true,false,false,data/raw_extended/country_code=vn/dataset=shop_stats/shop_id=213989179/shop_stats.csv,10,vn,shop_stats,213989179,4.9,84740.0,97.0,98.0,6982.0,46611.0,751.0,441.0,0.0,47803.0,13.0,False,True,False,False
vn,213989179,2026-07-11,4.90,84753,97,98,6995,46672,753,441,0,false,47866,13,Bibica Official Store,true,false,false,data/raw_extended/country_code=vn/dataset=shop_stats/shop_id=213989179/shop_stats.csv,11,vn,shop_stats,213989179,4.9,84753.0,97.0,98.0,6995.0,46672.0,753.0,441.0,0.0,47866.0,13.0,False,True,False,False
vn,213989179,2026-07-13,4.90,84766,97,98,6964,46717,753,442,0,false,47912,13,Bibica Official Store,true,false,false,data/raw_extended/country_code=vn/dataset=shop_stats/shop_id=213989179/shop_stats.csv,12,vn,shop_stats,213989179,4.9,84766.0,97.0,98.0,6964.0,46717.0,753.0,442.0,0.0,47912.0,13.0,False,True,False,False
vn,213989179,2026-07-14,4.90,84772,97,98,7036,46738,753,442,0,false,47933,13,Bibica Official Store,true,false,false,data/raw_extended/country_code=vn/dataset=shop_stats/shop_id=213989179/shop_stats.csv,13,vn,shop_stats,213989179,4.9,84772.0,97.0,98.0,7036.0,46738.0,753.0,442.0,0.0,47933.0,13.0,False,True,False,False
vn,213989179,2026-07-16,4.90,84804,96,98,6883,46792,753,442,0,false,47987,13,Bibica Official Store,true,false,false,data/raw_extended/country_code=vn/dataset=shop_stats/shop_id=213989179/shop_stats.csv,14,vn,shop_stats,213989179,4.9,84804.0,96.0,98.0,6883.0,46792.0,753.0,442.0,0.0,47987.0,13.0,False,True,False,False
vn,213989179,2026-07-15,4.90,84796,98,98,6885,46776,753,442,0,false,47971,13,Bibica Official Store,true,false,false,data/raw_extended/country_code=vn/dataset=shop_stats/shop_id=213989179/shop_stats.csv,15,vn,shop_stats,213989179,4.9,84796.0,98.0,98.0,6885.0,46776.0,753.0,442.0,0.0,47971.0,13.0,False,True,False,False
vn,213989179,2026-07-18,4.90,84818,95,99,6902,46865,755,443,0,false,48063,13,Bibica Official Store,true,false,false,data/raw_extended/country_code=vn/dataset=shop_stats/shop_id=213989179/shop_stats.csv,16,vn,shop_stats,213989179,4.9,84818.0,95.0,99.0,6902.0,46865.0,755.0,443.0,0.0,48063.0,13.0,False,True,False,False
vn,213989179,2026-07-19,4.90,84823,95,99,6751,46901,757,443,0,false,48101,13,Bibica Official Store,true,false,false,data/raw_extended/country_code=vn/dataset=shop_stats/shop_id=213989179/shop_stats.csv,17,vn,shop_stats,213989179,4.9,84823.0,95.0,99.0,6751.0,46901.0,757.0,443.0,0.0,48101.0,13.0,False,True,False,False
vn,213989179,2026-07-20,4.90,84842,95,99,6412,46932,759,444,0,false,48135,13,Bibica Official Store,true,false,false,data/raw_extended/country_code=vn/dataset=shop_stats/shop_id=213989179/shop_stats.csv,18,vn,shop_stats,213989179,4.9,84842.0,95.0,99.0,6412.0,46932.0,759.0,444.0,0.0,48135.0,13.0,False,True,False,False
vn,213989179,2026-07-21,4.90,84856,95,99,6016,46952,759,444,0,false,48155,13,Bibica Official Store,true,false,false,data/raw_extended/country_code=vn/dataset=shop_stats/shop_id=213989179/shop_stats.csv,19,vn,shop_stats,213989179,4.9,84856.0,95.0,99.0,6016.0,46952.0,759.0,444.0,0.0,48155.0,13.0,False,True,False,False
vn,289646907,2026-07-01,4.91,87384,238,95,8846,72397,861,641,0,false,73899,16,Orion VN Official Store,true,false,false,data/raw_extended/country_code=vn/dataset=shop_stats/shop_id=289646907/shop_stats.csv,2,vn,shop_stats,289646907,4.91,87384.0,238.0,95.0,8846.0,72397.0,861.0,641.0,0.0,73899.0,16.0,False,True,False,False
vn,289646907,2026-07-04,4.91,87537,238,95,8217,72460,862,643,0,false,73965,16,Orion VN Official Store,true,false,false,data/raw_extended/country_code=vn/dataset=shop_stats/shop_id=289646907/shop_stats.csv,3,vn,shop_stats,289646907,4.91,87537.0,238.0,95.0,8217.0,72460.0,862.0,643.0,0.0,73965.0,16.0,False,True,False,False
vn,289646907,2026-07-02,4.91,87437,238,96,8126,72397,861,641,0,false,73899,16,Orion VN Official Store,true,false,false,data/raw_extended/country_code=vn/dataset=shop_stats/shop_id=289646907/shop_stats.csv,4,vn,shop_stats,289646907,4.91,87437.0,238.0,96.0,8126.0,72397.0,861.0,641.0,0.0,73899.0,16.0,False,True,False,False
vn,289646907,2026-07-03,4.91,87482,238,95,8097,72397,861,641,0,false,73899,16,Orion VN Official Store,true,false,false,data/raw_extended/country_code=vn/dataset=shop_stats/shop_id=289646907/shop_stats.csv,5,vn,shop_stats,289646907,4.91,87482.0,238.0,95.0,8097.0,72397.0,861.0,641.0,0.0,73899.0,16.0,False,True,False,False
vn,289646907,2026-07-05,4.91,87626,238,95,8527,72540,863,643,0,false,74046,16,Orion VN Official Store,true,false,false,data/raw_extended/country_code=vn/dataset=shop_stats/shop_id=289646907/shop_stats.csv,6,vn,shop_stats,289646907,4.91,87626.0,238.0,95.0,8527.0,72540.0,863.0,643.0,0.0,74046.0,16.0,False,True,False,False
vn,289646907,2026-07-07,4.91,87841,238,96,8337,72647,863,646,0,false,74156,16,Orion VN Official Store,true,false,false,data/raw_extended/country_code=vn/dataset=shop_stats/shop_id=289646907/shop_stats.csv,7,vn,shop_stats,289646907,4.91,87841.0,238.0,96.0,8337.0,72647.0,863.0,646.0,0.0,74156.0,16.0,False,True,False,False
vn,289646907,2026-07-06,4.91,87679,238,96,8745,72575,863,646,0,false,74084,16,Orion VN Official Store,true,false,false,data/raw_extended/country_code=vn/dataset=shop_stats/shop_id=289646907/shop_stats.csv,8,vn,shop_stats,289646907,4.91,87679.0,238.0,96.0,8745.0,72575.0,863.0,646.0,0.0,74084.0,16.0,False,True,False,False
vn,289646907,2026-07-08,4.91,87972,238,96,7804,72769,865,646,0,false,74280,16,Orion VN Official Store,true,false,false,data/raw_extended/country_code=vn/dataset=shop_stats/shop_id=289646907/shop_stats.csv,9,vn,shop_stats,289646907,4.91,87972.0,238.0,96.0,7804.0,72769.0,865.0,646.0,0.0,74280.0,16.0,False,True,False,False
vn,289646907,2026-07-13,4.91,88502,238,97,8664,73330,878,648,0,false,74856,16,Orion VN Official Store,true,false,false,data/raw_extended/country_code=vn/dataset=shop_stats/shop_id=289646907/shop_stats.csv,10,vn,shop_stats,289646907,4.91,88502.0,238.0,97.0,8664.0,73330.0,878.0,648.0,0.0,74856.0,16.0,False,True,False,False
vn,289646907,2026-07-11,4.91,88319,238,97,8029,73126,872,646,0,false,74644,16,Orion VN Official Store,true,false,false,data/raw_extended/country_code=vn/dataset=shop_stats/shop_id=289646907/shop_stats.csv,11,vn,shop_stats,289646907,4.91,88319.0,238.0,97.0,8029.0,73126.0,872.0,646.0,0.0,74644.0,16.0,False,True,False,False
vn,289646907,2026-07-14,4.91,88594,238,97,8505,73417,879,648,0,false,74944,16,Orion VN Official Store,true,false,false,data/raw_extended/country_code=vn/dataset=shop_stats/shop_id=289646907/shop_stats.csv,12,vn,shop_stats,289646907,4.91,88594.0,238.0,97.0,8505.0,73417.0,879.0,648.0,0.0,74944.0,16.0,False,True,False,False
vn,289646907,2026-07-09,4.91,88094,238,96,7660,72918,871,646,0,false,74435,16,Orion VN Official Store,true,false,false,data/raw_extended/country_code=vn/dataset=shop_stats/shop_id=289646907/shop_stats.csv,13,vn,shop_stats,289646907,4.91,88094.0,238.0,96.0,7660.0,72918.0,871.0,646.0,0.0,74435.0,16.0,False,True,False,False
vn,289646907,2026-07-10,4.91,88197,238,97,7901,73004,872,646,0,false,74522,16,Orion VN Official Store,true,false,false,data/raw_extended/country_code=vn/dataset=shop_stats/shop_id=289646907/shop_stats.csv,14,vn,shop_stats,289646907,4.91,88197.0,238.0,97.0,7901.0,73004.0,872.0,646.0,0.0,74522.0,16.0,False,True,False,False
vn,289646907,2026-07-16,4.91,88902,238,97,7882,73595,880,648,0,false,75123,16,Orion VN Official Store,true,false,false,data/raw_extended/country_code=vn/dataset=shop_stats/shop_id=289646907/shop_stats.csv,15,vn,shop_stats,289646907,4.91,88902.0,238.0,97.0,7882.0,73595.0,880.0,648.0,0.0,75123.0,16.0,False,True,False,False
vn,289646907,2026-07-15,4.91,88791,238,97,8270,73546,880,648,0,false,75074,16,Orion VN Official Store,true,false,false,data/raw_extended/country_code=vn/dataset=shop_stats/shop_id=289646907/shop_stats.csv,16,vn,shop_stats,289646907,4.91,88791.0,238.0,97.0,8270.0,73546.0,880.0,648.0,0.0,75074.0,16.0,False,True,False,False
vn,289646907,2026-07-18,4.91,89030,238,97,8350,73816,881,648,0,false,75345,16,Orion VN Official Store,true,false,false,data/raw_extended/country_code=vn/dataset=shop_stats/shop_id=289646907/shop_stats.csv,17,vn,shop_stats,289646907,4.91,89030.0,238.0,97.0,8350.0,73816.0,881.0,648.0,0.0,75345.0,16.0,False,True,False,False
vn,289646907,2026-07-21,4.91,89238,240,96,8375,74074,884,650,0,false,75608,16,Orion VN Official Store,true,false,false,data/raw_extended/country_code=vn/dataset=shop_stats/shop_id=289646907/shop_stats.csv,18,vn,shop_stats,289646907,4.91,89238.0,240.0,96.0,8375.0,74074.0,884.0,650.0,0.0,75608.0,16.0,False,True,False,False
vn,289646907,2026-07-19,4.91,89113,238,96,8249,73923,883,649,0,false,75455,16,Orion VN Official Store,true,false,false,data/raw_extended/country_code=vn/dataset=shop_stats/shop_id=289646907/shop_stats.csv,19,vn,shop_stats,289646907,4.91,89113.0,238.0,96.0,8249.0,73923.0,883.0,649.0,0.0,75455.0,16.0,False,True,False,False
vn,289646907,2026-07-20,4.91,89193,240,96,8494,74011,884,650,0,false,75545,16,Orion VN Official Store,true,false,false,data/raw_extended/country_code=vn/dataset=shop_stats/shop_id=289646907/shop_stats.csv,20,vn,shop_stats,289646907,4.91,89193.0,240.0,96.0,8494.0,74011.0,884.0,650.0,0.0,75545.0,16.0,False,True,False,False
vn,289646907,2026-07-17,4.91,88977,238,97,8350,73713,880,648,0,false,75241,16,Orion VN Official Store,true,false,false,data/raw_extended/country_code=vn/dataset=shop_stats/shop_id=289646907/shop_stats.csv,21,vn,shop_stats,289646907,4.91,88977.0,238.0,97.0,8350.0,73713.0,880.0,648.0,0.0,75241.0,16.0,False,True,False,False
vn,430972539,2026-07-01,4.93,255289,23,100,51,49047,521,279,0,false,49847,25,Perfetti Van Melle Vietnam,true,false,false,data/raw_extended/country_code=vn/dataset=shop_stats/shop_id=430972539/shop_stats.csv,2,vn,shop_stats,430972539,4.93,255289.0,23.0,100.0,51.0,49047.0,521.0,279.0,0.0,49847.0,25.0,False,True,False,False
vn,430972539,2026-07-03,4.93,255284,23,100,55,49047,521,279,0,false,49847,25,Perfetti Van Melle Vietnam,true,false,false,data/raw_extended/country_code=vn/dataset=shop_stats/shop_id=430972539/shop_stats.csv,3,vn,shop_stats,430972539,4.93,255284.0,23.0,100.0,55.0,49047.0,521.0,279.0,0.0,49847.0,25.0,False,True,False,False
vn,430972539,2026-07-02,4.93,255289,23,100,52,49047,521,279,0,false,49847,25,Perfetti Van Melle Vietnam,true,false,false,data/raw_extended/country_code=vn/dataset=shop_stats/shop_id=430972539/shop_stats.csv,4,vn,shop_stats,430972539,4.93,255289.0,23.0,100.0,52.0,49047.0,521.0,279.0,0.0,49847.0,25.0,False,True,False,False
vn,430972539,2026-07-05,4.93,255282,23,100,53,49074,521,279,0,false,49874,25,Perfetti Van Melle Vietnam,true,false,false,data/raw_extended/country_code=vn/dataset=shop_stats/shop_id=430972539/shop_stats.csv,5,vn,shop_stats,430972539,4.93,255282.0,23.0,100.0,53.0,49074.0,521.0,279.0,0.0,49874.0,25.0,False,True,False,False
vn,430972539,2026-07-07,4.93,255278,23,100,56,49087,521,279,0,false,49887,25,Perfetti Van Melle Vietnam,true,false,false,data/raw_extended/country_code=vn/dataset=shop_stats/shop_id=430972539/shop_stats.csv,6,vn,shop_stats,430972539,4.93,255278.0,23.0,100.0,56.0,49087.0,521.0,279.0,0.0,49887.0,25.0,False,True,False,False
vn,430972539,2026-07-06,4.93,255279,23,100,54,49079,521,279,0,false,49879,25,Perfetti Van Melle Vietnam,true,false,false,data/raw_extended/country_code=vn/dataset=shop_stats/shop_id=430972539/shop_stats.csv,7,vn,shop_stats,430972539,4.93,255279.0,23.0,100.0,54.0,49079.0,521.0,279.0,0.0,49879.0,25.0,False,True,False,False
vn,430972539,2026-07-04,4.93,255282,23,100,52,49062,521,279,0,false,49862,25,Perfetti Van Melle Vietnam,true,false,false,data/raw_extended/country_code=vn/dataset=shop_stats/shop_id=430972539/shop_stats.csv,8,vn,shop_stats,430972539,4.93,255282.0,23.0,100.0,52.0,49062.0,521.0,279.0,0.0,49862.0,25.0,False,True,False,False
vn,430972539,2026-07-09,4.93,255291,23,100,57,49116,521,279,0,false,49916,25,Perfetti Van Melle Vietnam,true,false,false,data/raw_extended/country_code=vn/dataset=shop_stats/shop_id=430972539/shop_stats.csv,9,vn,shop_stats,430972539,4.93,255291.0,23.0,100.0,57.0,49116.0,521.0,279.0,0.0,49916.0,25.0,False,True,False,False
vn,430972539,2026-07-10,4.93,255293,23,100,60,49132,522,279,0,false,49933,25,Perfetti Van Melle Vietnam,true,false,false,data/raw_extended/country_code=vn/dataset=shop_stats/shop_id=430972539/shop_stats.csv,10,vn,shop_stats,430972539,4.93,255293.0,23.0,100.0,60.0,49132.0,522.0,279.0,0.0,49933.0,25.0,False,True,False,False
vn,430972539,2026-07-08,4.93,255294,23,100,55,49097,521,279,0,false,49897,25,Perfetti Van Melle Vietnam,true,false,false,data/raw_extended/country_code=vn/dataset=shop_stats/shop_id=430972539/shop_stats.csv,11,vn,shop_stats,430972539,4.93,255294.0,23.0,100.0,55.0,49097.0,521.0,279.0,0.0,49897.0,25.0,False,True,False,False
vn,430972539,2026-07-11,4.93,255295,24,100,62,49149,522,280,0,false,49951,25,Perfetti Van Melle Vietnam,true,false,false,data/raw_extended/country_code=vn/dataset=shop_stats/shop_id=430972539/shop_stats.csv,12,vn,shop_stats,430972539,4.93,255295.0,24.0,100.0,62.0,49149.0,522.0,280.0,0.0,49951.0,25.0,False,True,False,False
vn,430972539,2026-07-13,4.93,255297,24,100,62,49173,522,280,0,false,49975,25,Perfetti Van Melle Vietnam,true,false,false,data/raw_extended/country_code=vn/dataset=shop_stats/shop_id=430972539/shop_stats.csv,13,vn,shop_stats,430972539,4.93,255297.0,24.0,100.0,62.0,49173.0,522.0,280.0,0.0,49975.0,25.0,False,True,False,False
vn,430972539,2026-07-16,4.93,255326,24,100,45,49191,522,280,0,false,49993,25,Perfetti Van Melle Vietnam,true,false,false,data/raw_extended/country_code=vn/dataset=shop_stats/shop_id=430972539/shop_stats.csv,14,vn,shop_stats,430972539,4.93,255326.0,24.0,100.0,45.0,49191.0,522.0,280.0,0.0,49993.0,25.0,False,True,False,False
vn,430972539,2026-07-19,4.93,255336,24,100,43,49222,522,280,0,false,50024,25,Perfetti Van Melle Vietnam,true,false,false,data/raw_extended/country_code=vn/dataset=shop_stats/shop_id=430972539/shop_stats.csv,15,vn,shop_stats,430972539,4.93,255336.0,24.0,100.0,43.0,49222.0,522.0,280.0,0.0,50024.0,25.0,False,True,False,False
vn,430972539,2026-07-17,4.93,255333,24,100,44,49204,522,280,0,false,50006,25,Perfetti Van Melle Vietnam,true,false,false,data/raw_extended/country_code=vn/dataset=shop_stats/shop_id=430972539/shop_stats.csv,16,vn,shop_stats,430972539,4.93,255333.0,24.0,100.0,44.0,49204.0,522.0,280.0,0.0,50006.0,25.0,False,True,False,False
vn,430972539,2026-07-14,4.93,255298,24,100,60,49180,522,280,0,false,49982,25,Perfetti Van Melle Vietnam,true,false,false,data/raw_extended/country_code=vn/dataset=shop_stats/shop_id=430972539/shop_stats.csv,17,vn,shop_stats,430972539,4.93,255298.0,24.0,100.0,60.0,49180.0,522.0,280.0,0.0,49982.0,25.0,False,True,False,False
vn,430972539,2026-07-15,4.93,255315,24,100,56,49184,522,280,0,false,49986,25,Perfetti Van Melle Vietnam,true,false,false,data/raw_extended/country_code=vn/dataset=shop_stats/shop_id=430972539/shop_stats.csv,18,vn,shop_stats,430972539,4.93,255315.0,24.0,100.0,56.0,49184.0,522.0,280.0,0.0,49986.0,25.0,False,True,False,False
vn,430972539,2026-07-20,4.93,255347,24,100,41,49247,522,280,0,false,50049,25,Perfetti Van Melle Vietnam,true,false,false,data/raw_extended/country_code=vn/dataset=shop_stats/shop_id=430972539/shop_stats.csv,19,vn,shop_stats,430972539,4.93,255347.0,24.0,100.0,41.0,49247.0,522.0,280.0,0.0,50049.0,25.0,False,True,False,False
vn,430972539,2026-07-18,4.93,255337,24,100,44,49209,522,280,0,false,50011,25,Perfetti Van Melle Vietnam,true,false,false,data/raw_extended/country_code=vn/dataset=shop_stats/shop_id=430972539/shop_stats.csv,20,vn,shop_stats,430972539,4.93,255337.0,24.0,100.0,44.0,49209.0,522.0,280.0,0.0,50011.0,25.0,False,True,False,False
vn,430972539,2026-07-21,4.93,255353,24,100,40,49256,522,280,0,false,50058,25,Perfetti Van Melle Vietnam,true,false,false,data/raw_extended/country_code=vn/dataset=shop_stats/shop_id=430972539/shop_stats.csv,21,vn,shop_stats,430972539,4.93,255353.0,24.0,100.0,40.0,49256.0,522.0,280.0,0.0,50058.0,25.0,False,True,False,False
vn,438905996,2026-07-01,4.93,41442,298,99,6351,60250,619,360,0,false,61229,7,Richy - Chi nhánh Miền Nam,false,true,false,data/raw_extended/country_code=vn/dataset=shop_stats/shop_id=438905996/shop_stats.csv,2,vn,shop_stats,438905996,4.93,41442.0,298.0,99.0,6351.0,60250.0,619.0,360.0,0.0,61229.0,7.0,False,False,True,False
vn,438905996,2026-07-02,4.93,41451,298,99,6229,60250,619,360,0,false,61229,7,Richy - Chi nhánh Miền Nam,false,true,false,data/raw_extended/country_code=vn/dataset=shop_stats/shop_id=438905996/shop_stats.csv,3,vn,shop_stats,438905996,4.93,41451.0,298.0,99.0,6229.0,60250.0,619.0,360.0,0.0,61229.0,7.0,False,False,True,False
vn,438905996,2026-07-03,4.93,41472,298,99,6160,60250,619,360,0,false,61229,7,Richy - Chi nhánh Miền Nam,false,true,false,data/raw_extended/country_code=vn/dataset=shop_stats/shop_id=438905996/shop_stats.csv,4,vn,shop_stats,438905996,4.93,41472.0,298.0,99.0,6160.0,60250.0,619.0,360.0,0.0,61229.0,7.0,False,False,True,False
vn,438905996,2026-07-06,4.93,41580,298,99,6132,60505,621,366,0,false,61492,7,Richy - Chi nhánh Miền Nam,false,true,false,data/raw_extended/country_code=vn/dataset=shop_stats/shop_id=438905996/shop_stats.csv,5,vn,shop_stats,438905996,4.93,41580.0,298.0,99.0,6132.0,60505.0,621.0,366.0,0.0,61492.0,7.0,False,False,True,False
vn,438905996,2026-07-04,4.93,41483,298,99,6091,60342,619,363,0,false,61324,7,Richy - Chi nhánh Miền Nam,false,true,false,data/raw_extended/country_code=vn/dataset=shop_stats/shop_id=438905996/shop_stats.csv,6,vn,shop_stats,438905996,4.93,41483.0,298.0,99.0,6091.0,60342.0,619.0,363.0,0.0,61324.0,7.0,False,False,True,False
vn,438905996,2026-07-07,4.93,41624,300,99,6345,60597,622,367,0,false,61586,7,Richy - Chi nhánh Miền Nam,false,true,false,data/raw_extended/country_code=vn/dataset=shop_stats/shop_id=438905996/shop_stats.csv,7,vn,shop_stats,438905996,4.93,41624.0,300.0,99.0,6345.0,60597.0,622.0,367.0,0.0,61586.0,7.0,False,False,True,False
vn,438905996,2026-07-05,4.93,41539,298,99,6178,60456,619,365,0,false,61440,7,Richy - Chi nhánh Miền Nam,false,true,false,data/raw_extended/country_code=vn/dataset=shop_stats/shop_id=438905996/shop_stats.csv,8,vn,shop_stats,438905996,4.93,41539.0,298.0,99.0,6178.0,60456.0,619.0,365.0,0.0,61440.0,7.0,False,False,True,False
vn,438905996,2026-07-08,4.93,41668,300,99,6369,60712,625,369,0,false,61706,7,Richy - Chi nhánh Miền Nam,false,true,false,data/raw_extended/country_code=vn/dataset=shop_stats/shop_id=438905996/shop_stats.csv,9,vn,shop_stats,438905996,4.93,41668.0,300.0,99.0,6369.0,60712.0,625.0,369.0,0.0,61706.0,7.0,False,False,True,False
vn,438905996,2026-07-10,4.93,41773,300,99,6345,61061,629,371,0,false,62061,7,Richy - Chi nhánh Miền Nam,false,true,false,data/raw_extended/country_code=vn/dataset=shop_stats/shop_id=438905996/shop_stats.csv,10,vn,shop_stats,438905996,4.93,41773.0,300.0,99.0,6345.0,61061.0,629.0,371.0,0.0,62061.0,7.0,False,False,True,False
vn,438905996,2026-07-09,4.93,41745,300,99,6294,60919,628,371,0,false,61918,7,Richy - Chi nhánh Miền Nam,false,true,false,data/raw_extended/country_code=vn/dataset=shop_stats/shop_id=438905996/shop_stats.csv,11,vn,shop_stats,438905996,4.93,41745.0,300.0,99.0,6294.0,60919.0,628.0,371.0,0.0,61918.0,7.0,False,False,True,False
vn,438905996,2026-07-13,4.93,41810,300,99,6941,61486,637,383,1,false,62506,7,Richy - Chi nhánh Miền Nam,false,true,false,data/raw_extended/country_code=vn/dataset=shop_stats/shop_id=438905996/shop_stats.csv,12,vn,shop_stats,438905996,4.93,41810.0,300.0,99.0,6941.0,61486.0,637.0,383.0,1.0,62506.0,7.0,False,False,True,False
vn,438905996,2026-07-17,4.93,41972,302,99,7057,62170,657,399,1,false,63226,7,Richy - Chi nhánh Miền Nam,false,true,false,data/raw_extended/country_code=vn/dataset=shop_stats/shop_id=438905996/shop_stats.csv,13,vn,shop_stats,438905996,4.93,41972.0,302.0,99.0,7057.0,62170.0,657.0,399.0,1.0,63226.0,7.0,False,False,True,False
vn,438905996,2026-07-18,4.93,41990,304,99,7057,62333,658,401,1,false,63392,7,Richy - Chi nhánh Miền Nam,false,true,false,data/raw_extended/country_code=vn/dataset=shop_stats/shop_id=438905996/shop_stats.csv,14,vn,shop_stats,438905996,4.93,41990.0,304.0,99.0,7057.0,62333.0,658.0,401.0,1.0,63392.0,7.0,False,False,True,False
vn,438905996,2026-07-16,4.93,41945,302,99,7101,61998,648,391,1,false,63037,7,Richy - Chi nhánh Miền Nam,false,true,false,data/raw_extended/country_code=vn/dataset=shop_stats/shop_id=438905996/shop_stats.csv,15,vn,shop_stats,438905996,4.93,41945.0,302.0,99.0,7101.0,61998.0,648.0,391.0,1.0,63037.0,7.0,False,False,True,False
vn,438905996,2026-07-14,4.93,41859,300,99,6886,61653,643,386,1,false,62682,7,Richy - Chi nhánh Miền Nam,false,true,false,data/raw_extended/country_code=vn/dataset=shop_stats/shop_id=438905996/shop_stats.csv,16,vn,shop_stats,438905996,4.93,41859.0,300.0,99.0,6886.0,61653.0,643.0,386.0,1.0,62682.0,7.0,False,False,True,False
vn,438905996,2026-07-15,4.93,41917,301,99,6961,61852,645,387,1,false,62884,7,Richy - Chi nhánh Miền Nam,false,true,false,data/raw_extended/country_code=vn/dataset=shop_stats/shop_id=438905996/shop_stats.csv,17,vn,shop_stats,438905996,4.93,41917.0,301.0,99.0,6961.0,61852.0,645.0,387.0,1.0,62884.0,7.0,False,False,True,False
vn,438905996,2026-07-19,4.93,42006,304,99,7185,62495,659,403,1,false,63557,7,Richy - Chi nhánh Miền Nam,false,true,false,data/raw_extended/country_code=vn/dataset=shop_stats/shop_id=438905996/shop_stats.csv,18,vn,shop_stats,438905996,4.93,42006.0,304.0,99.0,7185.0,62495.0,659.0,403.0,1.0,63557.0,7.0,False,False,True,False
vn,438905996,2026-07-11,4.93,41791,300,99,6541,61261,633,374,0,false,62268,7,Richy - Chi nhánh Miền Nam,false,true,false,data/raw_extended/country_code=vn/dataset=shop_stats/shop_id=438905996/shop_stats.csv,19,vn,shop_stats,438905996,4.93,41791.0,300.0,99.0,6541.0,61261.0,633.0,374.0,0.0,62268.0,7.0,False,False,True,False
vn,438905996,2026-07-20,4.93,42050,305,99,7578,62667,660,407,0,false,63734,7,Richy - Chi nhánh Miền Nam,false,true,false,data/raw_extended/country_code=vn/dataset=shop_stats/shop_id=438905996/shop_stats.csv,20,vn,shop_stats,438905996,4.93,42050.0,305.0,99.0,7578.0,62667.0,660.0,407.0,0.0,63734.0,7.0,False,False,True,False
vn,438905996,2026-07-21,4.93,42098,305,99,7696,62735,660,408,0,false,63803,7,Richy - Chi nhánh Miền Nam,false,true,false,data/raw_extended/country_code=vn/dataset=shop_stats/shop_id=438905996/shop_stats.csv,21,vn,shop_stats,438905996,4.93,42098.0,305.0,99.0,7696.0,62735.0,660.0,408.0,0.0,63803.0,7.0,False,False,True,False
vn,464391416,2026-07-01,4.95,10921,32,,,2337,22,16,0,false,2375,5,Bánh Kẹo Hải Hà - Chính hãng,false,false,false,data/raw_extended/country_code=vn/dataset=shop_stats/shop_id=464391416/shop_stats.csv,2,vn,shop_stats,464391416,4.95,10921.0,32.0,,,2337.0,22.0,16.0,0.0,2375.0,5.0,False,False,False,False
vn,464391416,2026-07-02,4.95,10921,32,,,2337,22,16,0,false,2375,5,Bánh Kẹo Hải Hà - Chính hãng,false,false,false,data/raw_extended/country_code=vn/dataset=shop_stats/shop_id=464391416/shop_stats.csv,3,vn,shop_stats,464391416,4.95,10921.0,32.0,,,2337.0,22.0,16.0,0.0,2375.0,5.0,False,False,False,False
vn,464391416,2026-07-06,4.95,10920,32,0,,2337,22,16,100,false,2375,5,Bánh Kẹo Hải Hà - Chính hãng,false,false,false,data/raw_extended/country_code=vn/dataset=shop_stats/shop_id=464391416/shop_stats.csv,4,vn,shop_stats,464391416,4.95,10920.0,32.0,0.0,,2337.0,22.0,16.0,100.0,2375.0,5.0,False,False,False,False
vn,464391416,2026-07-04,4.95,10920,32,,,2337,22,16,0,false,2375,5,Bánh Kẹo Hải Hà - Chính hãng,false,false,false,data/raw_extended/country_code=vn/dataset=shop_stats/shop_id=464391416/shop_stats.csv,5,vn,shop_stats,464391416,4.95,10920.0,32.0,,,2337.0,22.0,16.0,0.0,2375.0,5.0,False,False,False,False
vn,464391416,2026-07-03,4.95,10920,32,,,2337,22,16,0,false,2375,5,Bánh Kẹo Hải Hà - Chính hãng,false,false,false,data/raw_extended/country_code=vn/dataset=shop_stats/shop_id=464391416/shop_stats.csv,6,vn,shop_stats,464391416,4.95,10920.0,32.0,,,2337.0,22.0,16.0,0.0,2375.0,5.0,False,False,False,False
vn,464391416,2026-07-05,4.95,10920,32,0,,2337,22,16,0,false,2375,5,Bánh Kẹo Hải Hà - Chính hãng,false,false,false,data/raw_extended/country_code=vn/dataset=shop_stats/shop_id=464391416/shop_stats.csv,7,vn,shop_stats,464391416,4.95,10920.0,32.0,0.0,,2337.0,22.0,16.0,0.0,2375.0,5.0,False,False,False,False
vn,464391416,2026-07-14,4.95,10921,32,0,,2337,22,16,50,false,2375,5,Bánh Kẹo Hải Hà - Chính hãng,false,false,false,data/raw_extended/country_code=vn/dataset=shop_stats/shop_id=464391416/shop_stats.csv,8,vn,shop_stats,464391416,4.95,10921.0,32.0,0.0,,2337.0,22.0,16.0,50.0,2375.0,5.0,False,False,False,False
vn,464391416,2026-07-08,4.95,10918,32,0,,2337,22,16,100,false,2375,5,Bánh Kẹo Hải Hà - Chính hãng,false,false,false,data/raw_extended/country_code=vn/dataset=shop_stats/shop_id=464391416/shop_stats.csv,9,vn,shop_stats,464391416,4.95,10918.0,32.0,0.0,,2337.0,22.0,16.0,100.0,2375.0,5.0,False,False,False,False
vn,464391416,2026-07-09,4.95,10918,32,0,,2337,22,16,100,false,2375,5,Bánh Kẹo Hải Hà - Chính hãng,false,false,false,data/raw_extended/country_code=vn/dataset=shop_stats/shop_id=464391416/shop_stats.csv,10,vn,shop_stats,464391416,4.95,10918.0,32.0,0.0,,2337.0,22.0,16.0,100.0,2375.0,5.0,False,False,False,False
vn,464391416,2026-07-11,4.95,10920,32,0,,2337,22,16,100,false,2375,5,Bánh Kẹo Hải Hà - Chính hãng,false,false,false,data/raw_extended/country_code=vn/dataset=shop_stats/shop_id=464391416/shop_stats.csv,11,vn,shop_stats,464391416,4.95,10920.0,32.0,0.0,,2337.0,22.0,16.0,100.0,2375.0,5.0,False,False,False,False
vn,464391416,2026-07-15,4.95,10921,32,0,,2337,22,16,50,false,2375,5,Bánh Kẹo Hải Hà - Chính hãng,false,false,false,data/raw_extended/country_code=vn/dataset=shop_stats/shop_id=464391416/shop_stats.csv,12,vn,shop_stats,464391416,4.95,10921.0,32.0,0.0,,2337.0,22.0,16.0,50.0,2375.0,5.0,False,False,False,False
vn,464391416,2026-07-13,4.95,10920,32,0,,2337,22,16,50,false,2375,5,Bánh Kẹo Hải Hà - Chính hãng,false,false,false,data/raw_extended/country_code=vn/dataset=shop_stats/shop_id=464391416/shop_stats.csv,13,vn,shop_stats,464391416,4.95,10920.0,32.0,0.0,,2337.0,22.0,16.0,50.0,2375.0,5.0,False,False,False,False
vn,464391416,2026-07-10,4.95,10918,32,0,,2337,22,16,100,false,2375,5,Bánh Kẹo Hải Hà - Chính hãng,false,false,false,data/raw_extended/country_code=vn/dataset=shop_stats/shop_id=464391416/shop_stats.csv,14,vn,shop_stats,464391416,4.95,10918.0,32.0,0.0,,2337.0,22.0,16.0,100.0,2375.0,5.0,False,False,False,False
vn,464391416,2026-07-07,4.95,10918,32,0,,2337,22,16,100,false,2375,5,Bánh Kẹo Hải Hà - Chính hãng,false,false,false,data/raw_extended/country_code=vn/dataset=shop_stats/shop_id=464391416/shop_stats.csv,15,vn,shop_stats,464391416,4.95,10918.0,32.0,0.0,,2337.0,22.0,16.0,100.0,2375.0,5.0,False,False,False,False
vn,464391416,2026-07-16,4.95,10921,32,0,,2337,22,16,50,false,2375,5,Bánh Kẹo Hải Hà - Chính hãng,false,false,false,data/raw_extended/country_code=vn/dataset=shop_stats/shop_id=464391416/shop_stats.csv,16,vn,shop_stats,464391416,4.95,10921.0,32.0,0.0,,2337.0,22.0,16.0,50.0,2375.0,5.0,False,False,False,False
vn,464391416,2026-07-18,4.95,10921,32,0,,2337,22,16,50,false,2375,5,Bánh Kẹo Hải Hà - Chính hãng,false,false,false,data/raw_extended/country_code=vn/dataset=shop_stats/shop_id=464391416/shop_stats.csv,17,vn,shop_stats,464391416,4.95,10921.0,32.0,0.0,,2337.0,22.0,16.0,50.0,2375.0,5.0,False,False,False,False
vn,464391416,2026-07-20,4.95,10922,32,0,,2337,22,16,67,false,2375,5,Bánh Kẹo Hải Hà - Chính hãng,false,false,false,data/raw_extended/country_code=vn/dataset=shop_stats/shop_id=464391416/shop_stats.csv,18,vn,shop_stats,464391416,4.95,10922.0,32.0,0.0,,2337.0,22.0,16.0,67.0,2375.0,5.0,False,False,False,False
vn,464391416,2026-07-17,4.95,10921,32,0,,2337,22,16,50,false,2375,5,Bánh Kẹo Hải Hà - Chính hãng,false,false,false,data/raw_extended/country_code=vn/dataset=shop_stats/shop_id=464391416/shop_stats.csv,19,vn,shop_stats,464391416,4.95,10921.0,32.0,0.0,,2337.0,22.0,16.0,50.0,2375.0,5.0,False,False,False,False
vn,464391416,2026-07-19,4.95,10922,32,0,,2337,22,16,50,false,2375,5,Bánh Kẹo Hải Hà - Chính hãng,false,false,false,data/raw_extended/country_code=vn/dataset=shop_stats/shop_id=464391416/shop_stats.csv,20,vn,shop_stats,464391416,4.95,10922.0,32.0,0.0,,2337.0,22.0,16.0,50.0,2375.0,5.0,False,False,False,False
vn,464391416,2026-07-21,4.95,10922,32,0,,2337,22,16,67,false,2375,5,Bánh Kẹo Hải Hà - Chính hãng,false,false,false,data/raw_extended/country_code=vn/dataset=shop_stats/shop_id=464391416/shop_stats.csv,21,vn,shop_stats,464391416,4.95,10922.0,32.0,0.0,,2337.0,22.0,16.0,67.0,2375.0,5.0,False,False,False,False
