platform,client,key,category_id,parent_category_id,original_category_name,display_category_name,has_children,debug_message,source_file,path_country_code,path_dataset,path_shop_id,country_code,parent_category_id_num,category_id_num,client_num,has_children_bool
Shopee,758395205,get_category,100017,0,Women Clothes,Pakaian Wanita,TRUE,,Dataset/DataRaw/country_code=id/dataset=category_platform/category_platform.csv,id,category_platform,,id,0,100017,758395205,true
Shopee,758395205,get_category,100118,100017,Socks & Stockings,Kaos Kaki & Stoking,TRUE,,Dataset/DataRaw/country_code=id/dataset=category_platform/category_platform.csv,id,category_platform,,id,100017,100118,758395205,true
Shopee,758395205,get_category,100419,100118,Others,Lainnya,FALSE,,Dataset/DataRaw/country_code=id/dataset=category_platform/category_platform.csv,id,category_platform,,id,100118,100419,758395205,false
Shopee,758395205,get_category,100418,100118,Pantyhose,Celana Ketat (Pantyhose),FALSE,,Dataset/DataRaw/country_code=id/dataset=category_platform/category_platform.csv,id,category_platform,,id,100118,100418,758395205,false
Shopee,758395205,get_category,100417,100118,Socks,Kaos Kaki,FALSE,,Dataset/DataRaw/country_code=id/dataset=category_platform/category_platform.csv,id,category_platform,,id,100118,100417,758395205,false
Shopee,758395205,get_category,100117,100017,Fabric,Kain,TRUE,,Dataset/DataRaw/country_code=id/dataset=category_platform/category_platform.csv,id,category_platform,,id,100017,100117,758395205,true
Shopee,758395205,get_category,100416,100117,Others,Lainnya,FALSE,,Dataset/DataRaw/country_code=id/dataset=category_platform/category_platform.csv,id,category_platform,,id,100117,100416,758395205,false
Shopee,758395205,get_category,100413,100117,Canvas,Kanvas,FALSE,,Dataset/DataRaw/country_code=id/dataset=category_platform/category_platform.csv,id,category_platform,,id,100117,100413,758395205,false
Shopee,758395205,get_category,100412,100117,Denim,Denim,FALSE,,Dataset/DataRaw/country_code=id/dataset=category_platform/category_platform.csv,id,category_platform,,id,100117,100412,758395205,false
Shopee,758395205,get_category,100411,100117,Vinyl & Nylon,Vinil & Nilon,FALSE,,Dataset/DataRaw/country_code=id/dataset=category_platform/category_platform.csv,id,category_platform,,id,100117,100411,758395205,false
Shopee,758395205,get_category,100410,100117,Leather,Kulit,FALSE,,Dataset/DataRaw/country_code=id/dataset=category_platform/category_platform.csv,id,category_platform,,id,100117,100410,758395205,false
Shopee,758395205,get_category,100409,100117,"Velvet, Silk & Satin","Beludru, Sutra & Satin",FALSE,,Dataset/DataRaw/country_code=id/dataset=category_platform/category_platform.csv,id,category_platform,,id,100117,100409,758395205,false
Shopee,758395205,get_category,100408,100117,Wool,Wol,FALSE,,Dataset/DataRaw/country_code=id/dataset=category_platform/category_platform.csv,id,category_platform,,id,100117,100408,758395205,false
Shopee,758395205,get_category,100407,100117,Cotton,Katun,FALSE,,Dataset/DataRaw/country_code=id/dataset=category_platform/category_platform.csv,id,category_platform,,id,100117,100407,758395205,false
Shopee,758395205,get_category,100116,100017,Others,Lainnya,FALSE,,Dataset/DataRaw/country_code=id/dataset=category_platform/category_platform.csv,id,category_platform,,id,100017,100116,758395205,false
Shopee,758395205,get_category,100115,100017,Costumes,Kostum,FALSE,,Dataset/DataRaw/country_code=id/dataset=category_platform/category_platform.csv,id,category_platform,,id,100017,100115,758395205,false
Shopee,758395205,get_category,100114,100017,Traditional Wear,Pakaian Tradisional,TRUE,,Dataset/DataRaw/country_code=id/dataset=category_platform/category_platform.csv,id,category_platform,,id,100017,100114,758395205,true
Shopee,758395205,get_category,100404,100114,Others,Lainnya,FALSE,,Dataset/DataRaw/country_code=id/dataset=category_platform/category_platform.csv,id,category_platform,,id,100114,100404,758395205,false
Shopee,758395205,get_category,100403,100114,Dresses,Gaun / Dress,FALSE,,Dataset/DataRaw/country_code=id/dataset=category_platform/category_platform.csv,id,category_platform,,id,100114,100403,758395205,false
Shopee,758395205,get_category,100402,100114,Sets,Setelan,FALSE,,Dataset/DataRaw/country_code=id/dataset=category_platform/category_platform.csv,id,category_platform,,id,100114,100402,758395205,false
Shopee,758395205,get_category,100401,100114,Bottoms,Bawahan,FALSE,,Dataset/DataRaw/country_code=id/dataset=category_platform/category_platform.csv,id,category_platform,,id,100114,100401,758395205,false
Shopee,758395205,get_category,100400,100114,Tops,Atasan,FALSE,,Dataset/DataRaw/country_code=id/dataset=category_platform/category_platform.csv,id,category_platform,,id,100114,100400,758395205,false
Shopee,758395205,get_category,100113,100017,Maternity Wear,Pakaian Hamil,TRUE,,Dataset/DataRaw/country_code=id/dataset=category_platform/category_platform.csv,id,category_platform,,id,100017,100113,758395205,true
Shopee,758395205,get_category,100399,100113,Others,Lainnya,FALSE,,Dataset/DataRaw/country_code=id/dataset=category_platform/category_platform.csv,id,category_platform,,id,100113,100399,758395205,false
Shopee,758395205,get_category,100398,100113,Maternity Bottoms,Maternity Bottoms,FALSE,,Dataset/DataRaw/country_code=id/dataset=category_platform/category_platform.csv,id,category_platform,,id,100113,100398,758395205,false
Shopee,758395205,get_category,100397,100113,Maternity Sets,Maternity Sets,FALSE,,Dataset/DataRaw/country_code=id/dataset=category_platform/category_platform.csv,id,category_platform,,id,100113,100397,758395205,false
Shopee,758395205,get_category,100396,100113,Breastfeeding Wear,Breastfeeding Wear,FALSE,,Dataset/DataRaw/country_code=id/dataset=category_platform/category_platform.csv,id,category_platform,,id,100113,100396,758395205,false
Shopee,758395205,get_category,100395,100113,Maternity Tops,Maternity Tops,FALSE,,Dataset/DataRaw/country_code=id/dataset=category_platform/category_platform.csv,id,category_platform,,id,100113,100395,758395205,false
Shopee,758395205,get_category,100394,100113,Maternity Dresses,Maternity Dresses,FALSE,,Dataset/DataRaw/country_code=id/dataset=category_platform/category_platform.csv,id,category_platform,,id,100113,100394,758395205,false
Shopee,758395205,get_category,100393,100113,Nursing Bras,Nursing Bras,FALSE,,Dataset/DataRaw/country_code=id/dataset=category_platform/category_platform.csv,id,category_platform,,id,100113,100393,758395205,false
Shopee,758395205,get_category,100112,100017,Sleepwear & Pajamas,Sleepwear & Pajamas,TRUE,,Dataset/DataRaw/country_code=id/dataset=category_platform/category_platform.csv,id,category_platform,,id,100017,100112,758395205,true
Shopee,758395205,get_category,100392,100112,Others,Lainnya,FALSE,,Dataset/DataRaw/country_code=id/dataset=category_platform/category_platform.csv,id,category_platform,,id,100112,100392,758395205,false
Shopee,758395205,get_category,100391,100112,Kimonos & Robes,Kimonos & Robes,FALSE,,Dataset/DataRaw/country_code=id/dataset=category_platform/category_platform.csv,id,category_platform,,id,100112,100391,758395205,false
Shopee,758395205,get_category,100390,100112,Night Dresses,Night Dresses,FALSE,,Dataset/DataRaw/country_code=id/dataset=category_platform/category_platform.csv,id,category_platform,,id,100112,100390,758395205,false
Shopee,758395205,get_category,100389,100112,Pajamas,Pajamas,FALSE,,Dataset/DataRaw/country_code=id/dataset=category_platform/category_platform.csv,id,category_platform,,id,100112,100389,758395205,false
Shopee,758395205,get_category,100111,100017,Lingerie & Underwear,Lingerie & Underwear,TRUE,,Dataset/DataRaw/country_code=id/dataset=category_platform/category_platform.csv,id,category_platform,,id,100017,100111,758395205,true
Shopee,758395205,get_category,100388,100111,Others,Lainnya,FALSE,,Dataset/DataRaw/country_code=id/dataset=category_platform/category_platform.csv,id,category_platform,,id,100111,100388,758395205,false
Shopee,758395205,get_category,100387,100111,Sexy Lingerie,Sexy Lingerie,FALSE,,Dataset/DataRaw/country_code=id/dataset=category_platform/category_platform.csv,id,category_platform,,id,100111,100387,758395205,false
Shopee,758395205,get_category,100386,100111,Safety Pants,Safety Pants,FALSE,,Dataset/DataRaw/country_code=id/dataset=category_platform/category_platform.csv,id,category_platform,,id,100111,100386,758395205,false
Shopee,758395205,get_category,100385,100111,Shapewear,Shapewear,FALSE,,Dataset/DataRaw/country_code=id/dataset=category_platform/category_platform.csv,id,category_platform,,id,100111,100385,758395205,false
Shopee,758395205,get_category,100384,100111,Bra Accessories,Bra Accessories,TRUE,,Dataset/DataRaw/country_code=id/dataset=category_platform/category_platform.csv,id,category_platform,,id,100111,100384,758395205,true
Shopee,758395205,get_category,100526,100384,Others,Lainnya,FALSE,,Dataset/DataRaw/country_code=id/dataset=category_platform/category_platform.csv,id,category_platform,,id,100384,100526,758395205,false
Shopee,758395205,get_category,100525,100384,Nipple Stickers,Nipple Stickers,FALSE,,Dataset/DataRaw/country_code=id/dataset=category_platform/category_platform.csv,id,category_platform,,id,100384,100525,758395205,false
Shopee,758395205,get_category,100524,100384,Paddings,Paddings,FALSE,,Dataset/DataRaw/country_code=id/dataset=category_platform/category_platform.csv,id,category_platform,,id,100384,100524,758395205,false
Shopee,758395205,get_category,100523,100384,Straps,Straps,FALSE,,Dataset/DataRaw/country_code=id/dataset=category_platform/category_platform.csv,id,category_platform,,id,100384,100523,758395205,false
Shopee,758395205,get_category,100383,100111,Thermal Innerwear,Thermal Innerwear,FALSE,,Dataset/DataRaw/country_code=id/dataset=category_platform/category_platform.csv,id,category_platform,,id,100111,100383,758395205,false
Shopee,758395205,get_category,100382,100111,Panties,Panties,FALSE,,Dataset/DataRaw/country_code=id/dataset=category_platform/category_platform.csv,id,category_platform,,id,100111,100382,758395205,false
Shopee,758395205,get_category,100381,100111,Bras,Bras,FALSE,,Dataset/DataRaw/country_code=id/dataset=category_platform/category_platform.csv,id,category_platform,,id,100111,100381,758395205,false
Shopee,758395205,get_category,100380,100111,Sets,Setelan,FALSE,,Dataset/DataRaw/country_code=id/dataset=category_platform/category_platform.csv,id,category_platform,,id,100111,100380,758395205,false
Shopee,758395205,get_category,100110,100017,Sets,Setelan,TRUE,,Dataset/DataRaw/country_code=id/dataset=category_platform/category_platform.csv,id,category_platform,,id,100017,100110,758395205,true
Shopee,758395205,get_category,100379,100110,Others,Lainnya,FALSE,,Dataset/DataRaw/country_code=id/dataset=category_platform/category_platform.csv,id,category_platform,,id,100110,100379,758395205,false
Shopee,758395205,get_category,100378,100110,Individual Sets,Individual Sets,FALSE,,Dataset/DataRaw/country_code=id/dataset=category_platform/category_platform.csv,id,category_platform,,id,100110,100378,758395205,false
Shopee,758395205,get_category,100377,100110,Family Sets,Family Sets,FALSE,,Dataset/DataRaw/country_code=id/dataset=category_platform/category_platform.csv,id,category_platform,,id,100110,100377,758395205,false
Shopee,758395205,get_category,100376,100110,Couple Sets,Couple Sets,FALSE,,Dataset/DataRaw/country_code=id/dataset=category_platform/category_platform.csv,id,category_platform,,id,100110,100376,758395205,false
Shopee,758395205,get_category,100109,100017,Hoodies & Sweatshirts,Hoodies & Sweatshirts,TRUE,,Dataset/DataRaw/country_code=id/dataset=category_platform/category_platform.csv,id,category_platform,,id,100017,100109,758395205,true
Shopee,758395205,get_category,100375,100109,Others,Lainnya,FALSE,,Dataset/DataRaw/country_code=id/dataset=category_platform/category_platform.csv,id,category_platform,,id,100109,100375,758395205,false
Shopee,758395205,get_category,100374,100109,Hoodies,Hoodie,FALSE,,Dataset/DataRaw/country_code=id/dataset=category_platform/category_platform.csv,id,category_platform,,id,100109,100374,758395205,false
Shopee,758395205,get_category,100373,100109,Sweatshirts,Sweatshirts,FALSE,,Dataset/DataRaw/country_code=id/dataset=category_platform/category_platform.csv,id,category_platform,,id,100109,100373,758395205,false
Shopee,758395205,get_category,100108,100017,Sweaters & Cardigans,Sweter & Kardigan,FALSE,,Dataset/DataRaw/country_code=id/dataset=category_platform/category_platform.csv,id,category_platform,,id,100017,100108,758395205,false
Shopee,758395205,get_category,100107,100017,"Jackets, Coats & Vests","Jackets, Coats & Vests",TRUE,,Dataset/DataRaw/country_code=id/dataset=category_platform/category_platform.csv,id,category_platform,,id,100017,100107,758395205,true
Shopee,758395205,get_category,100372,100107,Others,Lainnya,FALSE,,Dataset/DataRaw/country_code=id/dataset=category_platform/category_platform.csv,id,category_platform,,id,100107,100372,758395205,false
Shopee,758395205,get_category,100371,100107,Vests,Rompi,FALSE,,Dataset/DataRaw/country_code=id/dataset=category_platform/category_platform.csv,id,category_platform,,id,100107,100371,758395205,false
Shopee,758395205,get_category,100370,100107,Jackets,Jaket,FALSE,,Dataset/DataRaw/country_code=id/dataset=category_platform/category_platform.csv,id,category_platform,,id,100107,100370,758395205,false
Shopee,758395205,get_category,100369,100107,Blazers,Blazer,FALSE,,Dataset/DataRaw/country_code=id/dataset=category_platform/category_platform.csv,id,category_platform,,id,100107,100369,758395205,false
Shopee,758395205,get_category,100368,100107,Capes,Capes,FALSE,,Dataset/DataRaw/country_code=id/dataset=category_platform/category_platform.csv,id,category_platform,,id,100107,100368,758395205,false
Shopee,758395205,get_category,100367,100107,Winter Jackets & Coats,Winter Jackets & Coats,FALSE,,Dataset/DataRaw/country_code=id/dataset=category_platform/category_platform.csv,id,category_platform,,id,100107,100367,758395205,false
Shopee,758395205,get_category,100106,100017,"Jumpsuits, Playsuits & Overalls","Jumpsuit, Playsuit & Overalls",TRUE,,Dataset/DataRaw/country_code=id/dataset=category_platform/category_platform.csv,id,category_platform,,id,100017,100106,758395205,true
Shopee,758395205,get_category,100366,100106,Others,Lainnya,FALSE,,Dataset/DataRaw/country_code=id/dataset=category_platform/category_platform.csv,id,category_platform,,id,100106,100366,758395205,false
Shopee,758395205,get_category,100365,100106,Overalls,Overalls,FALSE,,Dataset/DataRaw/country_code=id/dataset=category_platform/category_platform.csv,id,category_platform,,id,100106,100365,758395205,false
Shopee,758395205,get_category,100364,100106,Playsuits,Playsuits,FALSE,,Dataset/DataRaw/country_code=id/dataset=category_platform/category_platform.csv,id,category_platform,,id,100106,100364,758395205,false
Shopee,758395205,get_category,100363,100106,Jumpsuits,Jumpsuits,FALSE,,Dataset/DataRaw/country_code=id/dataset=category_platform/category_platform.csv,id,category_platform,,id,100106,100363,758395205,false
Shopee,758395205,get_category,100105,100017,Wedding Dresses,Wedding Dresses,FALSE,,Dataset/DataRaw/country_code=id/dataset=category_platform/category_platform.csv,id,category_platform,,id,100017,100105,758395205,false
Shopee,758395205,get_category,100104,100017,Dresses,Gaun / Dress,FALSE,,Dataset/DataRaw/country_code=id/dataset=category_platform/category_platform.csv,id,category_platform,,id,100017,100104,758395205,false
Shopee,758395205,get_category,100103,100017,Jeans,Jeans,FALSE,,Dataset/DataRaw/country_code=id/dataset=category_platform/category_platform.csv,id,category_platform,,id,100017,100103,758395205,false
Shopee,758395205,get_category,100102,100017,Skirts,Rok,FALSE,,Dataset/DataRaw/country_code=id/dataset=category_platform/category_platform.csv,id,category_platform,,id,100017,100102,758395205,false
Shopee,758395205,get_category,100101,100017,Shorts,Celana Pendek,TRUE,,Dataset/DataRaw/country_code=id/dataset=category_platform/category_platform.csv,id,category_platform,,id,100017,100101,758395205,true
Shopee,758395205,get_category,100362,100101,Others,Lainnya,FALSE,,Dataset/DataRaw/country_code=id/dataset=category_platform/category_platform.csv,id,category_platform,,id,100101,100362,758395205,false
Shopee,758395205,get_category,100361,100101,Skorts,Skorts,FALSE,,Dataset/DataRaw/country_code=id/dataset=category_platform/category_platform.csv,id,category_platform,,id,100101,100361,758395205,false
Shopee,758395205,get_category,100360,100101,Shorts,Celana Pendek,FALSE,,Dataset/DataRaw/country_code=id/dataset=category_platform/category_platform.csv,id,category_platform,,id,100101,100360,758395205,false
Shopee,758395205,get_category,100100,100017,Pants & Leggings,Pants & Leggings,TRUE,,Dataset/DataRaw/country_code=id/dataset=category_platform/category_platform.csv,id,category_platform,,id,100017,100100,758395205,true
Shopee,758395205,get_category,100359,100100,Others,Lainnya,FALSE,,Dataset/DataRaw/country_code=id/dataset=category_platform/category_platform.csv,id,category_platform,,id,100100,100359,758395205,false
Shopee,758395205,get_category,100358,100100,Pants,Celana Panjang,FALSE,,Dataset/DataRaw/country_code=id/dataset=category_platform/category_platform.csv,id,category_platform,,id,100100,100358,758395205,false
Shopee,758395205,get_category,100357,100100,Leggings & Treggings,Leggings & Treggings,FALSE,,Dataset/DataRaw/country_code=id/dataset=category_platform/category_platform.csv,id,category_platform,,id,100100,100357,758395205,false
Shopee,758395205,get_category,100099,100017,Tops,Atasan,TRUE,,Dataset/DataRaw/country_code=id/dataset=category_platform/category_platform.csv,id,category_platform,,id,100017,100099,758395205,true
Shopee,758395205,get_category,100356,100099,Others,Lainnya,FALSE,,Dataset/DataRaw/country_code=id/dataset=category_platform/category_platform.csv,id,category_platform,,id,100099,100356,758395205,false
Shopee,758395205,get_category,100355,100099,Bodysuits,Bodysuits,FALSE,,Dataset/DataRaw/country_code=id/dataset=category_platform/category_platform.csv,id,category_platform,,id,100099,100355,758395205,false
Shopee,758395205,get_category,100354,100099,Polo Shirts,Kaus Polo,FALSE,,Dataset/DataRaw/country_code=id/dataset=category_platform/category_platform.csv,id,category_platform,,id,100099,100354,758395205,false
Shopee,758395205,get_category,100353,100099,Shirts & Blouses,Shirts & Blouses,FALSE,,Dataset/DataRaw/country_code=id/dataset=category_platform/category_platform.csv,id,category_platform,,id,100099,100353,758395205,false
Shopee,758395205,get_category,100352,100099,T-shirts,Kaus / T-Shirt,FALSE,,Dataset/DataRaw/country_code=id/dataset=category_platform/category_platform.csv,id,category_platform,,id,100099,100352,758395205,false
Shopee,758395205,get_category,100351,100099,Tube Tops,Tube Tops,FALSE,,Dataset/DataRaw/country_code=id/dataset=category_platform/category_platform.csv,id,category_platform,,id,100099,100351,758395205,false
Shopee,758395205,get_category,100350,100099,Tanks & Camisoles,Tanks & Camisoles,FALSE,,Dataset/DataRaw/country_code=id/dataset=category_platform/category_platform.csv,id,category_platform,,id,100099,100350,758395205,false
Shopee,758395205,get_category,100011,0,Men Clothes,Pakaian Pria,TRUE,,Dataset/DataRaw/country_code=id/dataset=category_platform/category_platform.csv,id,category_platform,,id,0,100011,758395205,true
Shopee,758395205,get_category,100062,100011,Socks,Kaos Kaki,FALSE,,Dataset/DataRaw/country_code=id/dataset=category_platform/category_platform.csv,id,category_platform,,id,100011,100062,758395205,false
Shopee,758395205,get_category,100061,100011,Others,Lainnya,FALSE,,Dataset/DataRaw/country_code=id/dataset=category_platform/category_platform.csv,id,category_platform,,id,100011,100061,758395205,false
Shopee,758395205,get_category,100060,100011,Occupational Attire,Occupational Attire,FALSE,,Dataset/DataRaw/country_code=id/dataset=category_platform/category_platform.csv,id,category_platform,,id,100011,100060,758395205,false
Shopee,758395205,get_category,100059,100011,Costumes,Kostum,FALSE,,Dataset/DataRaw/country_code=id/dataset=category_platform/category_platform.csv,id,category_platform,,id,100011,100059,758395205,false
Shopee,758395205,get_category,100058,100011,Traditional Wear,Pakaian Tradisional,TRUE,,Dataset/DataRaw/country_code=id/dataset=category_platform/category_platform.csv,id,category_platform,,id,100011,100058,758395205,true
Shopee,758395205,get_category,100254,100058,Others,Lainnya,FALSE,,Dataset/DataRaw/country_code=id/dataset=category_platform/category_platform.csv,id,category_platform,,id,100058,100254,758395205,false
Shopee,758395205,get_category,100253,100058,Sets,Setelan,FALSE,,Dataset/DataRaw/country_code=id/dataset=category_platform/category_platform.csv,id,category_platform,,id,100058,100253,758395205,false
Shopee,758395205,get_category,100252,100058,Bottoms,Bawahan,FALSE,,Dataset/DataRaw/country_code=id/dataset=category_platform/category_platform.csv,id,category_platform,,id,100058,100252,758395205,false
Shopee,758395205,get_category,100251,100058,Tops,Atasan,FALSE,,Dataset/DataRaw/country_code=id/dataset=category_platform/category_platform.csv,id,category_platform,,id,100058,100251,758395205,false
Shopee,758395205,get_category,100057,100011,Sets,Setelan,FALSE,,Dataset/DataRaw/country_code=id/dataset=category_platform/category_platform.csv,id,category_platform,,id,100011,100057,758395205,false
Shopee,758395205,get_category,100056,100011,Sleepwear,Pakaian Tidur,FALSE,,Dataset/DataRaw/country_code=id/dataset=category_platform/category_platform.csv,id,category_platform,,id,100011,100056,758395205,false
Shopee,758395205,get_category,100055,100011,Innerwear & Underwear,Innerwear & Underwear,TRUE,,Dataset/DataRaw/country_code=id/dataset=category_platform/category_platform.csv,id,category_platform,,id,100011,100055,758395205,true
Shopee,758395205,get_category,100250,100055,Others,Lainnya,FALSE,,Dataset/DataRaw/country_code=id/dataset=category_platform/category_platform.csv,id,category_platform,,id,100055,100250,758395205,false
Shopee,758395205,get_category,100249,100055,Thermal Innerwear,Thermal Innerwear,FALSE,,Dataset/DataRaw/country_code=id/dataset=category_platform/category_platform.csv,id,category_platform,,id,100055,100249,758395205,false
Shopee,758395205,get_category,100248,100055,Undershirts,Undershirts,FALSE,,Dataset/DataRaw/country_code=id/dataset=category_platform/category_platform.csv,id,category_platform,,id,100055,100248,758395205,false
Shopee,758395205,get_category,100247,100055,Underwear,Pakaian Dalam,FALSE,,Dataset/DataRaw/country_code=id/dataset=category_platform/category_platform.csv,id,category_platform,,id,100055,100247,758395205,false
Shopee,758395205,get_category,100054,100011,Tops,Atasan,TRUE,,Dataset/DataRaw/country_code=id/dataset=category_platform/category_platform.csv,id,category_platform,,id,100011,100054,758395205,true
Shopee,758395205,get_category,100246,100054,Others,Lainnya,FALSE,,Dataset/DataRaw/country_code=id/dataset=category_platform/category_platform.csv,id,category_platform,,id,100054,100246,758395205,false
Shopee,758395205,get_category,100245,100054,Tanks,Tanks,FALSE,,Dataset/DataRaw/country_code=id/dataset=category_platform/category_platform.csv,id,category_platform,,id,100054,100245,758395205,false
Shopee,758395205,get_category,100244,100054,T-Shirts,T-Shirts,FALSE,,Dataset/DataRaw/country_code=id/dataset=category_platform/category_platform.csv,id,category_platform,,id,100054,100244,758395205,false
Shopee,758395205,get_category,100243,100054,Polo Shirts,Kaus Polo,FALSE,,Dataset/DataRaw/country_code=id/dataset=category_platform/category_platform.csv,id,category_platform,,id,100054,100243,758395205,false
Shopee,758395205,get_category,100242,100054,Shirts,Shirts,FALSE,,Dataset/DataRaw/country_code=id/dataset=category_platform/category_platform.csv,id,category_platform,,id,100054,100242,758395205,false
Shopee,758395205,get_category,100053,100011,Shorts,Celana Pendek,FALSE,,Dataset/DataRaw/country_code=id/dataset=category_platform/category_platform.csv,id,category_platform,,id,100011,100053,758395205,false
Shopee,758395205,get_category,100052,100011,Pants,Celana Panjang,TRUE,,Dataset/DataRaw/country_code=id/dataset=category_platform/category_platform.csv,id,category_platform,,id,100011,100052,758395205,true
Shopee,758395205,get_category,100241,100052,Others,Lainnya,FALSE,,Dataset/DataRaw/country_code=id/dataset=category_platform/category_platform.csv,id,category_platform,,id,100052,100241,758395205,false
Shopee,758395205,get_category,100240,100052,Pants,Celana Panjang,FALSE,,Dataset/DataRaw/country_code=id/dataset=category_platform/category_platform.csv,id,category_platform,,id,100052,100240,758395205,false
Shopee,758395205,get_category,100239,100052,Joggers,Joggers,FALSE,,Dataset/DataRaw/country_code=id/dataset=category_platform/category_platform.csv,id,category_platform,,id,100052,100239,758395205,false
Shopee,758395205,get_category,100238,100052,Cargo,Cargo,FALSE,,Dataset/DataRaw/country_code=id/dataset=category_platform/category_platform.csv,id,category_platform,,id,100052,100238,758395205,false
Shopee,758395205,get_category,100051,100011,Suits,Suits,TRUE,,Dataset/DataRaw/country_code=id/dataset=category_platform/category_platform.csv,id,category_platform,,id,100011,100051,758395205,true
Shopee,758395205,get_category,100237,100051,Others,Lainnya,FALSE,,Dataset/DataRaw/country_code=id/dataset=category_platform/category_platform.csv,id,category_platform,,id,100051,100237,758395205,false
Shopee,758395205,get_category,100236,100051,Suit Vests & Waistcoats,Suit Vests & Waistcoats,FALSE,,Dataset/DataRaw/country_code=id/dataset=category_platform/category_platform.csv,id,category_platform,,id,100051,100236,758395205,false
Shopee,758395205,get_category,100235,100051,Suit Pants,Suit Pants,FALSE,,Dataset/DataRaw/country_code=id/dataset=category_platform/category_platform.csv,id,category_platform,,id,100051,100235,758395205,false
Shopee,758395205,get_category,100234,100051,Suit Jackets & Blazers,Suit Jackets & Blazers,FALSE,,Dataset/DataRaw/country_code=id/dataset=category_platform/category_platform.csv,id,category_platform,,id,100051,100234,758395205,false
Shopee,758395205,get_category,100233,100051,Suit Sets,Suit Sets,FALSE,,Dataset/DataRaw/country_code=id/dataset=category_platform/category_platform.csv,id,category_platform,,id,100051,100233,758395205,false
Shopee,758395205,get_category,100050,100011,"Jackets, Coats & Vests","Jackets, Coats & Vests",TRUE,,Dataset/DataRaw/country_code=id/dataset=category_platform/category_platform.csv,id,category_platform,,id,100011,100050,758395205,true
Shopee,758395205,get_category,100232,100050,Others,Lainnya,FALSE,,Dataset/DataRaw/country_code=id/dataset=category_platform/category_platform.csv,id,category_platform,,id,100050,100232,758395205,false
Shopee,758395205,get_category,100231,100050,Vests,Rompi,FALSE,,Dataset/DataRaw/country_code=id/dataset=category_platform/category_platform.csv,id,category_platform,,id,100050,100231,758395205,false
Shopee,758395205,get_category,100230,100050,Jackets,Jaket,FALSE,,Dataset/DataRaw/country_code=id/dataset=category_platform/category_platform.csv,id,category_platform,,id,100050,100230,758395205,false
Shopee,758395205,get_category,100229,100050,Winter Jackets & Coats,Winter Jackets & Coats,FALSE,,Dataset/DataRaw/country_code=id/dataset=category_platform/category_platform.csv,id,category_platform,,id,100050,100229,758395205,false
Shopee,758395205,get_category,100049,100011,Sweaters & Cardigans,Sweter & Kardigan,FALSE,,Dataset/DataRaw/country_code=id/dataset=category_platform/category_platform.csv,id,category_platform,,id,100011,100049,758395205,false
Shopee,758395205,get_category,100048,100011,Hoodies & Sweatshirts,Hoodies & Sweatshirts,TRUE,,Dataset/DataRaw/country_code=id/dataset=category_platform/category_platform.csv,id,category_platform,,id,100011,100048,758395205,true
Shopee,758395205,get_category,100228,100048,Others,Lainnya,FALSE,,Dataset/DataRaw/country_code=id/dataset=category_platform/category_platform.csv,id,category_platform,,id,100048,100228,758395205,false
Shopee,758395205,get_category,100227,100048,Sweatshirts,Sweatshirts,FALSE,,Dataset/DataRaw/country_code=id/dataset=category_platform/category_platform.csv,id,category_platform,,id,100048,100227,758395205,false
Shopee,758395205,get_category,100226,100048,Hoodies,Hoodie,FALSE,,Dataset/DataRaw/country_code=id/dataset=category_platform/category_platform.csv,id,category_platform,,id,100048,100226,758395205,false
Shopee,758395205,get_category,100047,100011,Jeans,Jeans,FALSE,,Dataset/DataRaw/country_code=id/dataset=category_platform/category_platform.csv,id,category_platform,,id,100011,100047,758395205,false
Shopee,758395205,get_category,100630,0,Beauty,Beauty,TRUE,,Dataset/DataRaw/country_code=id/dataset=category_platform/category_platform.csv,id,category_platform,,id,0,100630,758395205,true
Shopee,758395205,get_category,102002,100630,Bath & Body Care,Perawatan Mandi & Tubuh,TRUE,,Dataset/DataRaw/country_code=id/dataset=category_platform/category_platform.csv,id,category_platform,,id,100630,102002,758395205,true
Shopee,758395205,get_category,102013,102002,Others,Lainnya,FALSE,,Dataset/DataRaw/country_code=id/dataset=category_platform/category_platform.csv,id,category_platform,,id,102002,102013,758395205,false
Shopee,758395205,get_category,102012,102002,Breast Care,Breast Care,FALSE,,Dataset/DataRaw/country_code=id/dataset=category_platform/category_platform.csv,id,category_platform,,id,102002,102012,758395205,false
Shopee,758395205,get_category,102011,102002,Sun Care,Sun Care,TRUE,,Dataset/DataRaw/country_code=id/dataset=category_platform/category_platform.csv,id,category_platform,,id,102002,102011,758395205,true
Shopee,758395205,get_category,102016,102011,Others,Lainnya,FALSE,,Dataset/DataRaw/country_code=id/dataset=category_platform/category_platform.csv,id,category_platform,,id,102011,102016,758395205,false
Shopee,758395205,get_category,102015,102011,Tanning Oil & Self Tanners,Tanning Oil & Self Tanners,FALSE,,Dataset/DataRaw/country_code=id/dataset=category_platform/category_platform.csv,id,category_platform,,id,102011,102015,758395205,false
Shopee,758395205,get_category,102014,102011,Body Sunscreen & After Sun,Body Sunscreen & After Sun,FALSE,,Dataset/DataRaw/country_code=id/dataset=category_platform/category_platform.csv,id,category_platform,,id,102011,102014,758395205,false
Shopee,758395205,get_category,102010,102002,Hair Removal Cream & Wax,Hair Removal Cream & Wax,FALSE,,Dataset/DataRaw/country_code=id/dataset=category_platform/category_platform.csv,id,category_platform,,id,102002,102010,758395205,false
Shopee,758395205,get_category,102009,102002,Massage Oil,Massage Oil,FALSE,,Dataset/DataRaw/country_code=id/dataset=category_platform/category_platform.csv,id,category_platform,,id,102002,102009,758395205,false
Shopee,758395205,get_category,102008,102002,Body Deodorants,Body Deodorants,FALSE,,Dataset/DataRaw/country_code=id/dataset=category_platform/category_platform.csv,id,category_platform,,id,102002,102008,758395205,false
Shopee,758395205,get_category,102007,102002,"Body Cream, Lotion & Butter","Body Cream, Lotion & Butter",FALSE,,Dataset/DataRaw/country_code=id/dataset=category_platform/category_platform.csv,id,category_platform,,id,102002,102007,758395205,false
Shopee,758395205,get_category,102006,102002,Body Oil,Body Oil,FALSE,,Dataset/DataRaw/country_code=id/dataset=category_platform/category_platform.csv,id,category_platform,,id,102002,102006,758395205,false
Shopee,758395205,get_category,102005,102002,Body Masks,Body Masks,FALSE,,Dataset/DataRaw/country_code=id/dataset=category_platform/category_platform.csv,id,category_platform,,id,102002,102005,758395205,false
Shopee,758395205,get_category,102004,102002,Body Scrub & Peel,Body Scrub & Peel,FALSE,,Dataset/DataRaw/country_code=id/dataset=category_platform/category_platform.csv,id,category_platform,,id,102002,102004,758395205,false
Shopee,758395205,get_category,102003,102002,Body Wash & Soap,Body Wash & Soap,FALSE,,Dataset/DataRaw/country_code=id/dataset=category_platform/category_platform.csv,id,category_platform,,id,102002,102003,758395205,false
Shopee,758395205,get_category,100666,100630,Others,Lainnya,FALSE,,Dataset/DataRaw/country_code=id/dataset=category_platform/category_platform.csv,id,category_platform,,id,100630,100666,758395205,false
Shopee,758395205,get_category,100665,100630,Beauty Sets & Packages,Beauty Sets & Packages,FALSE,,Dataset/DataRaw/country_code=id/dataset=category_platform/category_platform.csv,id,category_platform,,id,100630,100665,758395205,false
Shopee,758395205,get_category,100664,100630,Skincare,Skincare,TRUE,,Dataset/DataRaw/country_code=id/dataset=category_platform/category_platform.csv,id,category_platform,,id,100630,100664,758395205,true
Shopee,758395205,get_category,100905,100664,Others,Lainnya,FALSE,,Dataset/DataRaw/country_code=id/dataset=category_platform/category_platform.csv,id,category_platform,,id,100664,100905,758395205,false
Shopee,758395205,get_category,100904,100664,Acne Treatment,Acne Treatment,FALSE,,Dataset/DataRaw/country_code=id/dataset=category_platform/category_platform.csv,id,category_platform,,id,100664,100904,758395205,false
Shopee,758395205,get_category,100903,100664,Blotting Paper,Blotting Paper,FALSE,,Dataset/DataRaw/country_code=id/dataset=category_platform/category_platform.csv,id,category_platform,,id,100664,100903,758395205,false
Shopee,758395205,get_category,100902,100664,After Sun Face Care,After Sun Face Care,FALSE,,Dataset/DataRaw/country_code=id/dataset=category_platform/category_platform.csv,id,category_platform,,id,100664,100902,758395205,false
Shopee,758395205,get_category,100901,100664,Face Sunscreen,Face Sunscreen,FALSE,,Dataset/DataRaw/country_code=id/dataset=category_platform/category_platform.csv,id,category_platform,,id,100664,100901,758395205,false
Shopee,758395205,get_category,100900,100664,Lip Treatment,Lip Treatment,TRUE,,Dataset/DataRaw/country_code=id/dataset=category_platform/category_platform.csv,id,category_platform,,id,100664,100900,758395205,true
Shopee,758395205,get_category,101676,100900,Others,Lainnya,FALSE,,Dataset/DataRaw/country_code=id/dataset=category_platform/category_platform.csv,id,category_platform,,id,100900,101676,758395205,false
Shopee,758395205,get_category,101675,100900,Lip Mask,Lip Mask,FALSE,,Dataset/DataRaw/country_code=id/dataset=category_platform/category_platform.csv,id,category_platform,,id,100900,101675,758395205,false
Shopee,758395205,get_category,101674,100900,Lip Scrub & Exfoliator,Lip Scrub & Exfoliator,FALSE,,Dataset/DataRaw/country_code=id/dataset=category_platform/category_platform.csv,id,category_platform,,id,100900,101674,758395205,false
Shopee,758395205,get_category,101673,100900,Lip Balm,Lip Balm,FALSE,,Dataset/DataRaw/country_code=id/dataset=category_platform/category_platform.csv,id,category_platform,,id,100900,101673,758395205,false
Shopee,758395205,get_category,100899,100664,Eye Treatment,Eye Treatment,TRUE,,Dataset/DataRaw/country_code=id/dataset=category_platform/category_platform.csv,id,category_platform,,id,100664,100899,758395205,true
Shopee,758395205,get_category,101672,100899,Others,Lainnya,FALSE,,Dataset/DataRaw/country_code=id/dataset=category_platform/category_platform.csv,id,category_platform,,id,100899,101672,758395205,false
Shopee,758395205,get_category,101671,100899,Eyebrow & Eyelash Serum,Eyebrow & Eyelash Serum,FALSE,,Dataset/DataRaw/country_code=id/dataset=category_platform/category_platform.csv,id,category_platform,,id,100899,101671,758395205,false
Shopee,758395205,get_category,101670,100899,Eye Mask & Packs,Eye Mask & Packs,FALSE,,Dataset/DataRaw/country_code=id/dataset=category_platform/category_platform.csv,id,category_platform,,id,100899,101670,758395205,false
Shopee,758395205,get_category,101669,100899,Eye Cream,Eye Cream,FALSE,,Dataset/DataRaw/country_code=id/dataset=category_platform/category_platform.csv,id,category_platform,,id,100899,101669,758395205,false
Shopee,758395205,get_category,100898,100664,Face Mask & Packs,Face Mask & Packs,FALSE,,Dataset/DataRaw/country_code=id/dataset=category_platform/category_platform.csv,id,category_platform,,id,100664,100898,758395205,false
Shopee,758395205,get_category,100897,100664,Face Scrub & Peel,Face Scrub & Peel,FALSE,,Dataset/DataRaw/country_code=id/dataset=category_platform/category_platform.csv,id,category_platform,,id,100664,100897,758395205,false
Shopee,758395205,get_category,100896,100664,Facial Serum & Essence,Facial Serum & Essence,FALSE,,Dataset/DataRaw/country_code=id/dataset=category_platform/category_platform.csv,id,category_platform,,id,100664,100896,758395205,false
Shopee,758395205,get_category,100895,100664,Facial Mist,Facial Mist,FALSE,,Dataset/DataRaw/country_code=id/dataset=category_platform/category_platform.csv,id,category_platform,,id,100664,100895,758395205,false
Shopee,758395205,get_category,100894,100664,Facial Oil,Facial Oil,FALSE,,Dataset/DataRaw/country_code=id/dataset=category_platform/category_platform.csv,id,category_platform,,id,100664,100894,758395205,false
Shopee,758395205,get_category,100893,100664,Facial Moisturizer,Facial Moisturizer,FALSE,,Dataset/DataRaw/country_code=id/dataset=category_platform/category_platform.csv,id,category_platform,,id,100664,100893,758395205,false
Shopee,758395205,get_category,100892,100664,Toner,Toner,FALSE,,Dataset/DataRaw/country_code=id/dataset=category_platform/category_platform.csv,id,category_platform,,id,100664,100892,758395205,false
Shopee,758395205,get_category,100891,100664,Facial Cleanser,Facial Cleanser,FALSE,,Dataset/DataRaw/country_code=id/dataset=category_platform/category_platform.csv,id,category_platform,,id,100664,100891,758395205,false
Shopee,758395205,get_category,100663,100630,Beauty Tools,Beauty Tools,TRUE,,Dataset/DataRaw/country_code=id/dataset=category_platform/category_platform.csv,id,category_platform,,id,100630,100663,758395205,true
Shopee,758395205,get_category,100890,100663,Others,Lainnya,FALSE,,Dataset/DataRaw/country_code=id/dataset=category_platform/category_platform.csv,id,category_platform,,id,100663,100890,758395205,false
Shopee,758395205,get_category,100889,100663,Hair Tools,Hair Tools,TRUE,,Dataset/DataRaw/country_code=id/dataset=category_platform/category_platform.csv,id,category_platform,,id,100663,100889,758395205,true
Shopee,758395205,get_category,101668,100889,Others,Lainnya,FALSE,,Dataset/DataRaw/country_code=id/dataset=category_platform/category_platform.csv,id,category_platform,,id,100889,101668,758395205,false
Shopee,758395205,get_category,101667,100889,Heatless Styling Tools,Heatless Styling Tools,FALSE,,Dataset/DataRaw/country_code=id/dataset=category_platform/category_platform.csv,id,category_platform,,id,100889,101667,758395205,false
Shopee,758395205,get_category,101666,100889,Hair Styling Appliances,Hair Styling Appliances,FALSE,,Dataset/DataRaw/country_code=id/dataset=category_platform/category_platform.csv,id,category_platform,,id,100889,101666,758395205,false
Shopee,758395205,get_category,101665,100889,Hair Dryers,Hair Dryers,FALSE,,Dataset/DataRaw/country_code=id/dataset=category_platform/category_platform.csv,id,category_platform,,id,100889,101665,758395205,false
Shopee,758395205,get_category,101664,100889,Brushes & Combs,Brushes & Combs,FALSE,,Dataset/DataRaw/country_code=id/dataset=category_platform/category_platform.csv,id,category_platform,,id,100889,101664,758395205,false
Shopee,758395205,get_category,100888,100663,Hair Removal Tools,Hair Removal Tools,FALSE,,Dataset/DataRaw/country_code=id/dataset=category_platform/category_platform.csv,id,category_platform,,id,100663,100888,758395205,false
Shopee,758395205,get_category,100887,100663,Body Slimming Tools,Body Slimming Tools,FALSE,,Dataset/DataRaw/country_code=id/dataset=category_platform/category_platform.csv,id,category_platform,,id,100663,100887,758395205,false
Shopee,758395205,get_category,100886,100663,Facial Care Tools,Facial Care Tools,TRUE,,Dataset/DataRaw/country_code=id/dataset=category_platform/category_platform.csv,id,category_platform,,id,100663,100886,758395205,true
Shopee,758395205,get_category,101663,100886,Others,Lainnya,FALSE,,Dataset/DataRaw/country_code=id/dataset=category_platform/category_platform.csv,id,category_platform,,id,100886,101663,758395205,false
Shopee,758395205,get_category,101662,100886,Facial Cleansing Tools,Facial Cleansing Tools,FALSE,,Dataset/DataRaw/country_code=id/dataset=category_platform/category_platform.csv,id,category_platform,,id,100886,101662,758395205,false
Shopee,758395205,get_category,101661,100886,Facial Slimming & Massage Tools,Facial Slimming & Massage Tools,FALSE,,Dataset/DataRaw/country_code=id/dataset=category_platform/category_platform.csv,id,category_platform,,id,100886,101661,758395205,false
Shopee,758395205,get_category,101660,100886,Facial Steamers,Facial Steamers,FALSE,,Dataset/DataRaw/country_code=id/dataset=category_platform/category_platform.csv,id,category_platform,,id,100886,101660,758395205,false
Shopee,758395205,get_category,100885,100663,Makeup Accessories,Makeup Accessories,TRUE,,Dataset/DataRaw/country_code=id/dataset=category_platform/category_platform.csv,id,category_platform,,id,100663,100885,758395205,true
Shopee,758395205,get_category,101659,100885,Pencil Sharpeners,Pencil Sharpeners,FALSE,,Dataset/DataRaw/country_code=id/dataset=category_platform/category_platform.csv,id,category_platform,,id,100885,101659,758395205,false
Shopee,758395205,get_category,101658,100885,Eyelid Tape & Glue,Eyelid Tape & Glue,FALSE,,Dataset/DataRaw/country_code=id/dataset=category_platform/category_platform.csv,id,category_platform,,id,100885,101658,758395205,false
Shopee,758395205,get_category,101657,100885,False Eyelashes,False Eyelashes,FALSE,,Dataset/DataRaw/country_code=id/dataset=category_platform/category_platform.csv,id,category_platform,,id,100885,101657,758395205,false
Shopee,758395205,get_category,101656,100885,Eyebrow Templates,Eyebrow Templates,FALSE,,Dataset/DataRaw/country_code=id/dataset=category_platform/category_platform.csv,id,category_platform,,id,100885,101656,758395205,false
Shopee,758395205,get_category,101655,100885,Eyelash Curlers,Eyelash Curlers,FALSE,,Dataset/DataRaw/country_code=id/dataset=category_platform/category_platform.csv,id,category_platform,,id,100885,101655,758395205,false
Shopee,758395205,get_category,101654,100885,Sponges & Applicators,Sponges & Applicators,FALSE,,Dataset/DataRaw/country_code=id/dataset=category_platform/category_platform.csv,id,category_platform,,id,100885,101654,758395205,false
Shopee,758395205,get_category,101653,100885,Makeup Brushes,Makeup Brushes,FALSE,,Dataset/DataRaw/country_code=id/dataset=category_platform/category_platform.csv,id,category_platform,,id,100885,101653,758395205,false
Shopee,758395205,get_category,101652,100885,Makeup Brush Cleaners,Makeup Brush Cleaners,FALSE,,Dataset/DataRaw/country_code=id/dataset=category_platform/category_platform.csv,id,category_platform,,id,100885,101652,758395205,false
Shopee,758395205,get_category,101651,100885,Mirrors,Cermin / Spion,FALSE,,Dataset/DataRaw/country_code=id/dataset=category_platform/category_platform.csv,id,category_platform,,id,100885,101651,758395205,false
Shopee,758395205,get_category,101650,100885,Makeup Bags & Organizers,Makeup Bags & Organizers,FALSE,,Dataset/DataRaw/country_code=id/dataset=category_platform/category_platform.csv,id,category_platform,,id,100885,101650,758395205,false
Shopee,758395205,get_category,101649,100885,Cotton Pads and Buds,Cotton Pads and Buds,FALSE,,Dataset/DataRaw/country_code=id/dataset=category_platform/category_platform.csv,id,category_platform,,id,100885,101649,758395205,false
Shopee,758395205,get_category,101648,100885,Others,Lainnya,FALSE,,Dataset/DataRaw/country_code=id/dataset=category_platform/category_platform.csv,id,category_platform,,id,100885,101648,758395205,false
Shopee,758395205,get_category,100662,100630,Makeup,Makeup,TRUE,,Dataset/DataRaw/country_code=id/dataset=category_platform/category_platform.csv,id,category_platform,,id,100630,100662,758395205,true
Shopee,758395205,get_category,100884,100662,Makeup Removers,Makeup Removers,FALSE,,Dataset/DataRaw/country_code=id/dataset=category_platform/category_platform.csv,id,category_platform,,id,100662,100884,758395205,false
Shopee,758395205,get_category,100883,100662,Lips,Lips,TRUE,,Dataset/DataRaw/country_code=id/dataset=category_platform/category_platform.csv,id,category_platform,,id,100662,100883,758395205,true
Shopee,758395205,get_category,101647,100883,Others,Lainnya,FALSE,,Dataset/DataRaw/country_code=id/dataset=category_platform/category_platform.csv,id,category_platform,,id,100883,101647,758395205,false
Shopee,758395205,get_category,101646,100883,Lip Plumper,Lip Plumper,FALSE,,Dataset/DataRaw/country_code=id/dataset=category_platform/category_platform.csv,id,category_platform,,id,100883,101646,758395205,false
Shopee,758395205,get_category,101645,100883,Lip Tint & Stain,Lip Tint & Stain,FALSE,,Dataset/DataRaw/country_code=id/dataset=category_platform/category_platform.csv,id,category_platform,,id,100883,101645,758395205,false
Shopee,758395205,get_category,101644,100883,Lip Liner,Lip Liner,FALSE,,Dataset/DataRaw/country_code=id/dataset=category_platform/category_platform.csv,id,category_platform,,id,100883,101644,758395205,false
Shopee,758395205,get_category,101643,100883,Lip Gloss,Lip Gloss,FALSE,,Dataset/DataRaw/country_code=id/dataset=category_platform/category_platform.csv,id,category_platform,,id,100883,101643,758395205,false
Shopee,758395205,get_category,101642,100883,Lipstick,Lipstick,FALSE,,Dataset/DataRaw/country_code=id/dataset=category_platform/category_platform.csv,id,category_platform,,id,100883,101642,758395205,false
Shopee,758395205,get_category,100882,100662,Eyes,Eyes,TRUE,,Dataset/DataRaw/country_code=id/dataset=category_platform/category_platform.csv,id,category_platform,,id,100662,100882,758395205,true
Shopee,758395205,get_category,101641,100882,Others,Lainnya,FALSE,,Dataset/DataRaw/country_code=id/dataset=category_platform/category_platform.csv,id,category_platform,,id,100882,101641,758395205,false
Shopee,758395205,get_category,101640,100882,Eyebrows,Eyebrows,FALSE,,Dataset/DataRaw/country_code=id/dataset=category_platform/category_platform.csv,id,category_platform,,id,100882,101640,758395205,false
Shopee,758395205,get_category,101639,100882,Mascara,Mascara,FALSE,,Dataset/DataRaw/country_code=id/dataset=category_platform/category_platform.csv,id,category_platform,,id,100882,101639,758395205,false
Shopee,758395205,get_category,101638,100882,Eyeliner,Eyeliner,FALSE,,Dataset/DataRaw/country_code=id/dataset=category_platform/category_platform.csv,id,category_platform,,id,100882,101638,758395205,false
Shopee,758395205,get_category,101637,100882,Eye Primer,Eye Primer,FALSE,,Dataset/DataRaw/country_code=id/dataset=category_platform/category_platform.csv,id,category_platform,,id,100882,101637,758395205,false
Shopee,758395205,get_category,101636,100882,Eyeshadow,Eyeshadow,FALSE,,Dataset/DataRaw/country_code=id/dataset=category_platform/category_platform.csv,id,category_platform,,id,100882,101636,758395205,false
Shopee,758395205,get_category,100881,100662,Face,Face,TRUE,,Dataset/DataRaw/country_code=id/dataset=category_platform/category_platform.csv,id,category_platform,,id,100662,100881,758395205,true
Shopee,758395205,get_category,101635,100881,Others,Lainnya,FALSE,,Dataset/DataRaw/country_code=id/dataset=category_platform/category_platform.csv,id,category_platform,,id,100881,101635,758395205,false
Shopee,758395205,get_category,101634,100881,Blush,Blush,FALSE,,Dataset/DataRaw/country_code=id/dataset=category_platform/category_platform.csv,id,category_platform,,id,100881,101634,758395205,false
Shopee,758395205,get_category,101633,100881,Setting & Finishing Spray,Setting & Finishing Spray,FALSE,,Dataset/DataRaw/country_code=id/dataset=category_platform/category_platform.csv,id,category_platform,,id,100881,101633,758395205,false
Shopee,758395205,get_category,101632,100881,"Bronzer,Contour & Highlighter","Bronzer,Contour & Highlighter",FALSE,,Dataset/DataRaw/country_code=id/dataset=category_platform/category_platform.csv,id,category_platform,,id,100881,101632,758395205,false
Shopee,758395205,get_category,101631,100881,Concealer & Corrector,Concealer & Corrector,FALSE,,Dataset/DataRaw/country_code=id/dataset=category_platform/category_platform.csv,id,category_platform,,id,100881,101631,758395205,false
Shopee,758395205,get_category,101630,100881,Powder,Powder,FALSE,,Dataset/DataRaw/country_code=id/dataset=category_platform/category_platform.csv,id,category_platform,,id,100881,101630,758395205,false
Shopee,758395205,get_category,101629,100881,BB & CC Cream,BB & CC Cream,FALSE,,Dataset/DataRaw/country_code=id/dataset=category_platform/category_platform.csv,id,category_platform,,id,100881,101629,758395205,false
Shopee,758395205,get_category,101628,100881,Foundation,Foundation,FALSE,,Dataset/DataRaw/country_code=id/dataset=category_platform/category_platform.csv,id,category_platform,,id,100881,101628,758395205,false
Shopee,758395205,get_category,101627,100881,Makeup Base & Primer,Makeup Base & Primer,FALSE,,Dataset/DataRaw/country_code=id/dataset=category_platform/category_platform.csv,id,category_platform,,id,100881,101627,758395205,false
Shopee,758395205,get_category,100880,100662,Others,Lainnya,FALSE,,Dataset/DataRaw/country_code=id/dataset=category_platform/category_platform.csv,id,category_platform,,id,100662,100880,758395205,false
Shopee,758395205,get_category,100661,100630,Perfumes & Fragrances,Perfumes & Fragrances,FALSE,,Dataset/DataRaw/country_code=id/dataset=category_platform/category_platform.csv,id,category_platform,,id,100630,100661,758395205,false
Shopee,758395205,get_category,100660,100630,Men's Care,Men's Care,TRUE,,Dataset/DataRaw/country_code=id/dataset=category_platform/category_platform.csv,id,category_platform,,id,100630,100660,758395205,true
Shopee,758395205,get_category,100879,100660,Others,Lainnya,FALSE,,Dataset/DataRaw/country_code=id/dataset=category_platform/category_platform.csv,id,category_platform,,id,100660,100879,758395205,false
Shopee,758395205,get_category,100878,100660,Hair Care,Hair Care,FALSE,,Dataset/DataRaw/country_code=id/dataset=category_platform/category_platform.csv,id,category_platform,,id,100660,100878,758395205,false
Shopee,758395205,get_category,100877,100660,Shaving & Grooming,Shaving & Grooming,TRUE,,Dataset/DataRaw/country_code=id/dataset=category_platform/category_platform.csv,id,category_platform,,id,100660,100877,758395205,true
Shopee,758395205,get_category,101626,100877,Others,Lainnya,FALSE,,Dataset/DataRaw/country_code=id/dataset=category_platform/category_platform.csv,id,category_platform,,id,100877,101626,758395205,false
Shopee,758395205,get_category,101625,100877,Shaving Accessories,Shaving Accessories,FALSE,,Dataset/DataRaw/country_code=id/dataset=category_platform/category_platform.csv,id,category_platform,,id,100877,101625,758395205,false
Shopee,758395205,get_category,101624,100877,"Trimmers, Clippers & Multi-functional Groomers","Trimmers, Clippers & Multi-functional Groomers",FALSE,,Dataset/DataRaw/country_code=id/dataset=category_platform/category_platform.csv,id,category_platform,,id,100877,101624,758395205,false
Shopee,758395205,get_category,101623,100877,Shaving Brushes,Shaving Brushes,FALSE,,Dataset/DataRaw/country_code=id/dataset=category_platform/category_platform.csv,id,category_platform,,id,100877,101623,758395205,false
Shopee,758395205,get_category,101622,100877,Shavers,Shavers,FALSE,,Dataset/DataRaw/country_code=id/dataset=category_platform/category_platform.csv,id,category_platform,,id,100877,101622,758395205,false
Shopee,758395205,get_category,101621,100877,Razors & Blades,Razors & Blades,FALSE,,Dataset/DataRaw/country_code=id/dataset=category_platform/category_platform.csv,id,category_platform,,id,100877,101621,758395205,false
Shopee,758395205,get_category,101620,100877,"Creams, Foams & Gels","Creams, Foams & Gels",FALSE,,Dataset/DataRaw/country_code=id/dataset=category_platform/category_platform.csv,id,category_platform,,id,100877,101620,758395205,false
Shopee,758395205,get_category,101619,100877,Aftershave,Aftershave,FALSE,,Dataset/DataRaw/country_code=id/dataset=category_platform/category_platform.csv,id,category_platform,,id,100877,101619,758395205,false
Shopee,758395205,get_category,100876,100660,Skincare,Skincare,TRUE,,Dataset/DataRaw/country_code=id/dataset=category_platform/category_platform.csv,id,category_platform,,id,100660,100876,758395205,true
Shopee,758395205,get_category,101618,100876,Others,Lainnya,FALSE,,Dataset/DataRaw/country_code=id/dataset=category_platform/category_platform.csv,id,category_platform,,id,100876,101618,758395205,false
Shopee,758395205,get_category,101617,100876,Moisturizer & Treatment,Moisturizer & Treatment,FALSE,,Dataset/DataRaw/country_code=id/dataset=category_platform/category_platform.csv,id,category_platform,,id,100876,101617,758395205,false
Shopee,758395205,get_category,101616,100876,Facial Cleanser,Facial Cleanser,FALSE,,Dataset/DataRaw/country_code=id/dataset=category_platform/category_platform.csv,id,category_platform,,id,100876,101616,758395205,false
Shopee,758395205,get_category,100875,100660,Bath & Body Care,Perawatan Mandi & Tubuh,FALSE,,Dataset/DataRaw/country_code=id/dataset=category_platform/category_platform.csv,id,category_platform,,id,100660,100875,758395205,false
Shopee,758395205,get_category,100659,100630,Hair Care,Hair Care,TRUE,,Dataset/DataRaw/country_code=id/dataset=category_platform/category_platform.csv,id,category_platform,,id,100630,100659,758395205,true
Shopee,758395205,get_category,100874,100659,Others,Lainnya,FALSE,,Dataset/DataRaw/country_code=id/dataset=category_platform/category_platform.csv,id,category_platform,,id,100659,100874,758395205,false
Shopee,758395205,get_category,100873,100659,Hair Styling,Hair Styling,FALSE,,Dataset/DataRaw/country_code=id/dataset=category_platform/category_platform.csv,id,category_platform,,id,100659,100873,758395205,false
Shopee,758395205,get_category,100872,100659,Hair and Scalp Conditioner,Hair and Scalp Conditioner,FALSE,,Dataset/DataRaw/country_code=id/dataset=category_platform/category_platform.csv,id,category_platform,,id,100659,100872,758395205,false
Shopee,758395205,get_category,100871,100659,Hair Treatment,Hair Treatment,FALSE,,Dataset/DataRaw/country_code=id/dataset=category_platform/category_platform.csv,id,category_platform,,id,100659,100871,758395205,false
Shopee,758395205,get_category,100870,100659,Hair Colour,Hair Colour,FALSE,,Dataset/DataRaw/country_code=id/dataset=category_platform/category_platform.csv,id,category_platform,,id,100659,100870,758395205,false
Shopee,758395205,get_category,100869,100659,Shampoo,Sampo,FALSE,,Dataset/DataRaw/country_code=id/dataset=category_platform/category_platform.csv,id,category_platform,,id,100659,100869,758395205,false
Shopee,758395205,get_category,100658,100630,"Hand, Foot & Nail Care","Hand, Foot & Nail Care",TRUE,,Dataset/DataRaw/country_code=id/dataset=category_platform/category_platform.csv,id,category_platform,,id,100630,100658,758395205,true
Shopee,758395205,get_category,100868,100658,Others,Lainnya,FALSE,,Dataset/DataRaw/country_code=id/dataset=category_platform/category_platform.csv,id,category_platform,,id,100658,100868,758395205,false
Shopee,758395205,get_category,100867,100658,Nail Care,Nail Care,TRUE,,Dataset/DataRaw/country_code=id/dataset=category_platform/category_platform.csv,id,category_platform,,id,100658,100867,758395205,true
Shopee,758395205,get_category,102178,100867,Nail Gel,Nail Gel,FALSE,,Dataset/DataRaw/country_code=id/dataset=category_platform/category_platform.csv,id,category_platform,,id,100867,102178,758395205,false
Shopee,758395205,get_category,102035,100867,Others,Lainnya,FALSE,,Dataset/DataRaw/country_code=id/dataset=category_platform/category_platform.csv,id,category_platform,,id,100867,102035,758395205,false
Shopee,758395205,get_category,102034,100867,Manicure Tools & Devices,Manicure Tools & Devices,FALSE,,Dataset/DataRaw/country_code=id/dataset=category_platform/category_platform.csv,id,category_platform,,id,100867,102034,758395205,false
Shopee,758395205,get_category,102033,100867,Nail Art & Sticker,Nail Art & Sticker,FALSE,,Dataset/DataRaw/country_code=id/dataset=category_platform/category_platform.csv,id,category_platform,,id,100867,102033,758395205,false
Shopee,758395205,get_category,102032,100867,Artificial Nail,Artificial Nail,FALSE,,Dataset/DataRaw/country_code=id/dataset=category_platform/category_platform.csv,id,category_platform,,id,100867,102032,758395205,false
Shopee,758395205,get_category,102031,100867,Nail Treatment,Nail Treatment,FALSE,,Dataset/DataRaw/country_code=id/dataset=category_platform/category_platform.csv,id,category_platform,,id,100867,102031,758395205,false
Shopee,758395205,get_category,102030,100867,Nail Polish Remover,Nail Polish Remover,FALSE,,Dataset/DataRaw/country_code=id/dataset=category_platform/category_platform.csv,id,category_platform,,id,100867,102030,758395205,false
Shopee,758395205,get_category,102029,100867,Nail Polish,Nail Polish,FALSE,,Dataset/DataRaw/country_code=id/dataset=category_platform/category_platform.csv,id,category_platform,,id,100867,102029,758395205,false
Shopee,758395205,get_category,101615,100867,Base & Top Coat,Base & Top Coat,FALSE,,Dataset/DataRaw/country_code=id/dataset=category_platform/category_platform.csv,id,category_platform,,id,100867,101615,758395205,false
Shopee,758395205,get_category,100866,100658,Foot Care,Foot Care,TRUE,,Dataset/DataRaw/country_code=id/dataset=category_platform/category_platform.csv,id,category_platform,,id,100658,100866,758395205,true
Shopee,758395205,get_category,101614,100866,Others,Lainnya,FALSE,,Dataset/DataRaw/country_code=id/dataset=category_platform/category_platform.csv,id,category_platform,,id,100866,101614,758395205,false
Shopee,758395205,get_category,101613,100866,"Lotion, Cream & Scrubs","Losion, Krim & Lulur",FALSE,,Dataset/DataRaw/country_code=id/dataset=category_platform/category_platform.csv,id,category_platform,,id,100866,101613,758395205,false
Shopee,758395205,get_category,101612,100866,Foot Masks,Foot Masks,FALSE,,Dataset/DataRaw/country_code=id/dataset=category_platform/category_platform.csv,id,category_platform,,id,100866,101612,758395205,false
Shopee,758395205,get_category,101611,100866,Foot Deodorant,Foot Deodorant,FALSE,,Dataset/DataRaw/country_code=id/dataset=category_platform/category_platform.csv,id,category_platform,,id,100866,101611,758395205,false
Shopee,758395205,get_category,100865,100658,Hand Care,Hand Care,TRUE,,Dataset/DataRaw/country_code=id/dataset=category_platform/category_platform.csv,id,category_platform,,id,100658,100865,758395205,true
Shopee,758395205,get_category,101610,100865,Others,Lainnya,FALSE,,Dataset/DataRaw/country_code=id/dataset=category_platform/category_platform.csv,id,category_platform,,id,100865,101610,758395205,false
Shopee,758395205,get_category,101609,100865,Hand Washes,Hand Washes,FALSE,,Dataset/DataRaw/country_code=id/dataset=category_platform/category_platform.csv,id,category_platform,,id,100865,101609,758395205,false
Shopee,758395205,get_category,101608,100865,"Lotion, Cream & Scrubs","Losion, Krim & Lulur",FALSE,,Dataset/DataRaw/country_code=id/dataset=category_platform/category_platform.csv,id,category_platform,,id,100865,101608,758395205,false
Shopee,758395205,get_category,101607,100865,Hand Masks,Hand Masks,FALSE,,Dataset/DataRaw/country_code=id/dataset=category_platform/category_platform.csv,id,category_platform,,id,100865,101607,758395205,false
Shopee,758395205,get_category,100001,0,Health,Health,TRUE,,Dataset/DataRaw/country_code=id/dataset=category_platform/category_platform.csv,id,category_platform,,id,0,100001,758395205,true
Shopee,758395205,get_category,100020,100001,Sexual Wellness,Sexual Wellness,TRUE,,Dataset/DataRaw/country_code=id/dataset=category_platform/category_platform.csv,id,category_platform,,id,100001,100020,758395205,true
Shopee,758395205,get_category,100144,100020,Others,Lainnya,FALSE,,Dataset/DataRaw/country_code=id/dataset=category_platform/category_platform.csv,id,category_platform,,id,100020,100144,758395205,false
Shopee,758395205,get_category,100143,100020,Performance Enhancement,Performance Enhancement,FALSE,,Dataset/DataRaw/country_code=id/dataset=category_platform/category_platform.csv,id,category_platform,,id,100020,100143,758395205,false
Shopee,758395205,get_category,100141,100020,Lubricants,Lubricants,FALSE,,Dataset/DataRaw/country_code=id/dataset=category_platform/category_platform.csv,id,category_platform,,id,100020,100141,758395205,false
Shopee,758395205,get_category,100140,100020,Condoms,Condoms,FALSE,,Dataset/DataRaw/country_code=id/dataset=category_platform/category_platform.csv,id,category_platform,,id,100020,100140,758395205,false
Shopee,758395205,get_category,100019,100001,Personal Care,Personal Care,TRUE,,Dataset/DataRaw/country_code=id/dataset=category_platform/category_platform.csv,id,category_platform,,id,100001,100019,758395205,true
Shopee,758395205,get_category,100139,100019,Others,Lainnya,FALSE,,Dataset/DataRaw/country_code=id/dataset=category_platform/category_platform.csv,id,category_platform,,id,100019,100139,758395205,false
Shopee,758395205,get_category,100138,100019,Insect Repellents,Insect Repellents,FALSE,,Dataset/DataRaw/country_code=id/dataset=category_platform/category_platform.csv,id,category_platform,,id,100019,100138,758395205,false
Shopee,758395205,get_category,100137,100019,Massage & Therapy Devices,Massage & Therapy Devices,FALSE,,Dataset/DataRaw/country_code=id/dataset=category_platform/category_platform.csv,id,category_platform,,id,100019,100137,758395205,false
Shopee,758395205,get_category,100136,100019,Feminine Care,Feminine Care,TRUE,,Dataset/DataRaw/country_code=id/dataset=category_platform/category_platform.csv,id,category_platform,,id,100019,100136,758395205,true
Shopee,758395205,get_category,100453,100136,Others,Lainnya,FALSE,,Dataset/DataRaw/country_code=id/dataset=category_platform/category_platform.csv,id,category_platform,,id,100136,100453,758395205,false
Shopee,758395205,get_category,100452,100136,Vaginal Cream,Vaginal Cream,FALSE,,Dataset/DataRaw/country_code=id/dataset=category_platform/category_platform.csv,id,category_platform,,id,100136,100452,758395205,false
Shopee,758395205,get_category,100451,100136,Feminine Wash,Feminine Wash,FALSE,,Dataset/DataRaw/country_code=id/dataset=category_platform/category_platform.csv,id,category_platform,,id,100136,100451,758395205,false
Shopee,758395205,get_category,100450,100136,Menstrual Cup,Menstrual Cup,FALSE,,Dataset/DataRaw/country_code=id/dataset=category_platform/category_platform.csv,id,category_platform,,id,100136,100450,758395205,false
Shopee,758395205,get_category,100449,100136,Pregnancy & Fertility Tests,Pregnancy & Fertility Tests,FALSE,,Dataset/DataRaw/country_code=id/dataset=category_platform/category_platform.csv,id,category_platform,,id,100136,100449,758395205,false
Shopee,758395205,get_category,100448,100136,Tampons,Tampons,FALSE,,Dataset/DataRaw/country_code=id/dataset=category_platform/category_platform.csv,id,category_platform,,id,100136,100448,758395205,false
Shopee,758395205,get_category,100447,100136,Sanitary Napkins & Panty Liners,Sanitary Napkins & Panty Liners,FALSE,,Dataset/DataRaw/country_code=id/dataset=category_platform/category_platform.csv,id,category_platform,,id,100136,100447,758395205,false
Shopee,758395205,get_category,100135,100019,Adult Diapers & Incontinence,Adult Diapers & Incontinence,FALSE,,Dataset/DataRaw/country_code=id/dataset=category_platform/category_platform.csv,id,category_platform,,id,100019,100135,758395205,false
Shopee,758395205,get_category,100134,100019,Oral Care,Perawatan Mulut,TRUE,,Dataset/DataRaw/country_code=id/dataset=category_platform/category_platform.csv,id,category_platform,,id,100019,100134,758395205,true
Shopee,758395205,get_category,100446,100134,Others,Lainnya,FALSE,,Dataset/DataRaw/country_code=id/dataset=category_platform/category_platform.csv,id,category_platform,,id,100134,100446,758395205,false
Shopee,758395205,get_category,100445,100134,Orthodontic Accessories,Orthodontic Accessories,FALSE,,Dataset/DataRaw/country_code=id/dataset=category_platform/category_platform.csv,id,category_platform,,id,100134,100445,758395205,false
Shopee,758395205,get_category,100444,100134,Teeth Whitening,Teeth Whitening,FALSE,,Dataset/DataRaw/country_code=id/dataset=category_platform/category_platform.csv,id,category_platform,,id,100134,100444,758395205,false
Shopee,758395205,get_category,100443,100134,Denture Care,Denture Care,FALSE,,Dataset/DataRaw/country_code=id/dataset=category_platform/category_platform.csv,id,category_platform,,id,100134,100443,758395205,false
Shopee,758395205,get_category,100442,100134,Mouth Wash,Mouth Wash,FALSE,,Dataset/DataRaw/country_code=id/dataset=category_platform/category_platform.csv,id,category_platform,,id,100134,100442,758395205,false
Shopee,758395205,get_category,100441,100134,Dental Floss,Dental Floss,FALSE,,Dataset/DataRaw/country_code=id/dataset=category_platform/category_platform.csv,id,category_platform,,id,100134,100441,758395205,false
Shopee,758395205,get_category,100440,100134,Toothpastes,Toothpastes,FALSE,,Dataset/DataRaw/country_code=id/dataset=category_platform/category_platform.csv,id,category_platform,,id,100134,100440,758395205,false
Shopee,758395205,get_category,100439,100134,Electric Toothbrushes & Accessories,Electric Toothbrushes & Accessories,FALSE,,Dataset/DataRaw/country_code=id/dataset=category_platform/category_platform.csv,id,category_platform,,id,100134,100439,758395205,false
Shopee,758395205,get_category,100438,100134,Manual Toothbrushes,Manual Toothbrushes,FALSE,,Dataset/DataRaw/country_code=id/dataset=category_platform/category_platform.csv,id,category_platform,,id,100134,100438,758395205,false
Shopee,758395205,get_category,100133,100019,Ear Care,Ear Care,FALSE,,Dataset/DataRaw/country_code=id/dataset=category_platform/category_platform.csv,id,category_platform,,id,100019,100133,758395205,false
Shopee,758395205,get_category,100132,100019,Eye Care,Eye Care,TRUE,,Dataset/DataRaw/country_code=id/dataset=category_platform/category_platform.csv,id,category_platform,,id,100019,100132,758395205,true
Shopee,758395205,get_category,100437,100132,Others,Lainnya,FALSE,,Dataset/DataRaw/country_code=id/dataset=category_platform/category_platform.csv,id,category_platform,,id,100132,100437,758395205,false
Shopee,758395205,get_category,100436,100132,Lens Solutions & Eyedrops,Lens Solutions & Eyedrops,FALSE,,Dataset/DataRaw/country_code=id/dataset=category_platform/category_platform.csv,id,category_platform,,id,100132,100436,758395205,false
Shopee,758395205,get_category,100435,100132,Contact lens,Contact lens,FALSE,,Dataset/DataRaw/country_code=id/dataset=category_platform/category_platform.csv,id,category_platform,,id,100132,100435,758395205,false
Shopee,758395205,get_category,100131,100019,Hand Sanitizers,Hand Sanitizers,FALSE,,Dataset/DataRaw/country_code=id/dataset=category_platform/category_platform.csv,id,category_platform,,id,100019,100131,758395205,false
Shopee,758395205,get_category,100018,100001,Medical Supplies,Medical Supplies,TRUE,,Dataset/DataRaw/country_code=id/dataset=category_platform/category_platform.csv,id,category_platform,,id,100001,100018,758395205,true
Shopee,758395205,get_category,100130,100018,Others,Lainnya,FALSE,,Dataset/DataRaw/country_code=id/dataset=category_platform/category_platform.csv,id,category_platform,,id,100018,100130,758395205,false
Shopee,758395205,get_category,100129,100018,Injury & Disability Support,Injury & Disability Support,TRUE,,Dataset/DataRaw/country_code=id/dataset=category_platform/category_platform.csv,id,category_platform,,id,100018,100129,758395205,true
Shopee,758395205,get_category,100434,100129,Others,Lainnya,FALSE,,Dataset/DataRaw/country_code=id/dataset=category_platform/category_platform.csv,id,category_platform,,id,100129,100434,758395205,false
Shopee,758395205,get_category,100433,100129,Hearing Aids,Hearing Aids,FALSE,,Dataset/DataRaw/country_code=id/dataset=category_platform/category_platform.csv,id,category_platform,,id,100129,100433,758395205,false
Shopee,758395205,get_category,100432,100129,Braces & Supports,Braces & Supports,FALSE,,Dataset/DataRaw/country_code=id/dataset=category_platform/category_platform.csv,id,category_platform,,id,100129,100432,758395205,false
Shopee,758395205,get_category,100431,100129,Wheelchairs,Wheelchairs,FALSE,,Dataset/DataRaw/country_code=id/dataset=category_platform/category_platform.csv,id,category_platform,,id,100129,100431,758395205,false
Shopee,758395205,get_category,100430,100129,Walking Aids,Walking Aids,FALSE,,Dataset/DataRaw/country_code=id/dataset=category_platform/category_platform.csv,id,category_platform,,id,100129,100430,758395205,false
Shopee,758395205,get_category,100128,100018,Medical Gloves & Masks,Medical Gloves & Masks,FALSE,,Dataset/DataRaw/country_code=id/dataset=category_platform/category_platform.csv,id,category_platform,,id,100018,100128,758395205,false
Shopee,758395205,get_category,100127,100018,Laboratory Tools,Laboratory Tools,FALSE,,Dataset/DataRaw/country_code=id/dataset=category_platform/category_platform.csv,id,category_platform,,id,100018,100127,758395205,false
Shopee,758395205,get_category,100126,100018,Pain Relievers,Pain Relievers,FALSE,,Dataset/DataRaw/country_code=id/dataset=category_platform/category_platform.csv,id,category_platform,,id,100018,100126,758395205,false
Shopee,758395205,get_category,100125,100018,Stethoscopes,Stethoscopes,FALSE,,Dataset/DataRaw/country_code=id/dataset=category_platform/category_platform.csv,id,category_platform,,id,100018,100125,758395205,false
Shopee,758395205,get_category,100124,100018,First Aid Supplies,First Aid Supplies,TRUE,,Dataset/DataRaw/country_code=id/dataset=category_platform/category_platform.csv,id,category_platform,,id,100018,100124,758395205,true
Shopee,758395205,get_category,100429,100124,Others,Lainnya,FALSE,,Dataset/DataRaw/country_code=id/dataset=category_platform/category_platform.csv,id,category_platform,,id,100124,100429,758395205,false
Shopee,758395205,get_category,100428,100124,Medical Antiseptics & Disinfectants,Medical Antiseptics & Disinfectants,FALSE,,Dataset/DataRaw/country_code=id/dataset=category_platform/category_platform.csv,id,category_platform,,id,100124,100428,758395205,false
Shopee,758395205,get_category,100427,100124,Ointments & Creams,Ointments & Creams,FALSE,,Dataset/DataRaw/country_code=id/dataset=category_platform/category_platform.csv,id,category_platform,,id,100124,100427,758395205,false
Shopee,758395205,get_category,100426,100124,First Aid Accessories,First Aid Accessories,FALSE,,Dataset/DataRaw/country_code=id/dataset=category_platform/category_platform.csv,id,category_platform,,id,100124,100426,758395205,false
Shopee,758395205,get_category,100425,100124,Plasters & Bandages,Plasters & Bandages,FALSE,,Dataset/DataRaw/country_code=id/dataset=category_platform/category_platform.csv,id,category_platform,,id,100124,100425,758395205,false
Shopee,758395205,get_category,100123,100018,Nasal Care,Perawatan Hidung,FALSE,,Dataset/DataRaw/country_code=id/dataset=category_platform/category_platform.csv,id,category_platform,,id,100018,100123,758395205,false
Shopee,758395205,get_category,100122,100018,Scale & Body Fat Analyzers,Scale & Body Fat Analyzers,FALSE,,Dataset/DataRaw/country_code=id/dataset=category_platform/category_platform.csv,id,category_platform,,id,100018,100122,758395205,false
Shopee,758395205,get_category,100121,100018,Health Monitors & Tests,Health Monitors & Tests,TRUE,,Dataset/DataRaw/country_code=id/dataset=category_platform/category_platform.csv,id,category_platform,,id,100018,100121,758395205,true
Shopee,758395205,get_category,100424,100121,Others,Lainnya,FALSE,,Dataset/DataRaw/country_code=id/dataset=category_platform/category_platform.csv,id,category_platform,,id,100121,100424,758395205,false
Shopee,758395205,get_category,100423,100121,Thermometers,Thermometers,FALSE,,Dataset/DataRaw/country_code=id/dataset=category_platform/category_platform.csv,id,category_platform,,id,100121,100423,758395205,false
Shopee,758395205,get_category,100422,100121,Pulse Oximeters,Pulse Oximeters,FALSE,,Dataset/DataRaw/country_code=id/dataset=category_platform/category_platform.csv,id,category_platform,,id,100121,100422,758395205,false
Shopee,758395205,get_category,100421,100121,Blood Glucose Monitors,Blood Glucose Monitors,FALSE,,Dataset/DataRaw/country_code=id/dataset=category_platform/category_platform.csv,id,category_platform,,id,100121,100421,758395205,false
Shopee,758395205,get_category,100420,100121,Blood Pressure Monitors,Blood Pressure Monitors,FALSE,,Dataset/DataRaw/country_code=id/dataset=category_platform/category_platform.csv,id,category_platform,,id,100121,100420,758395205,false
Shopee,758395205,get_category,100008,100001,Others,Lainnya,FALSE,,Dataset/DataRaw/country_code=id/dataset=category_platform/category_platform.csv,id,category_platform,,id,100001,100008,758395205,false
Shopee,758395205,get_category,100002,100001,Food Supplement,Food Supplement,TRUE,,Dataset/DataRaw/country_code=id/dataset=category_platform/category_platform.csv,id,category_platform,,id,100001,100002,758395205,true
Shopee,758395205,get_category,100007,100002,Others,Lainnya,FALSE,,Dataset/DataRaw/country_code=id/dataset=category_platform/category_platform.csv,id,category_platform,,id,100002,100007,758395205,false
Shopee,758395205,get_category,100006,100002,Well Being,Well Being,FALSE,,Dataset/DataRaw/country_code=id/dataset=category_platform/category_platform.csv,id,category_platform,,id,100002,100006,758395205,false
Shopee,758395205,get_category,100005,100002,Fitness,Fitness,FALSE,,Dataset/DataRaw/country_code=id/dataset=category_platform/category_platform.csv,id,category_platform,,id,100002,100005,758395205,false
Shopee,758395205,get_category,100004,100002,Beauty Supplements,Beauty Supplements,FALSE,,Dataset/DataRaw/country_code=id/dataset=category_platform/category_platform.csv,id,category_platform,,id,100002,100004,758395205,false
Shopee,758395205,get_category,100003,100002,Weight Management,Weight Management,FALSE,,Dataset/DataRaw/country_code=id/dataset=category_platform/category_platform.csv,id,category_platform,,id,100002,100003,758395205,false
Shopee,758395205,get_category,100009,0,Fashion Accessories,Aksesoris Fashion,TRUE,,Dataset/DataRaw/country_code=id/dataset=category_platform/category_platform.csv,id,category_platform,,id,0,100009,758395205,true
Shopee,758395205,get_category,100036,100009,Others,Lainnya,FALSE,,Dataset/DataRaw/country_code=id/dataset=category_platform/category_platform.csv,id,category_platform,,id,100009,100036,758395205,false
Shopee,758395205,get_category,100035,100009,Accessories Sets & Packages,Accessories Sets & Packages,FALSE,,Dataset/DataRaw/country_code=id/dataset=category_platform/category_platform.csv,id,category_platform,,id,100009,100035,758395205,false
Shopee,758395205,get_category,100034,100009,Additional Accessories,Additional Accessories,TRUE,,Dataset/DataRaw/country_code=id/dataset=category_platform/category_platform.csv,id,category_platform,,id,100009,100034,758395205,true
Shopee,758395205,get_category,100167,100034,Others,Lainnya,FALSE,,Dataset/DataRaw/country_code=id/dataset=category_platform/category_platform.csv,id,category_platform,,id,100034,100167,758395205,false
Shopee,758395205,get_category,100166,100034,Handkerchiefs,Handkerchiefs,FALSE,,Dataset/DataRaw/country_code=id/dataset=category_platform/category_platform.csv,id,category_platform,,id,100034,100166,758395205,false
Shopee,758395205,get_category,100165,100034,Masks,Masks,FALSE,,Dataset/DataRaw/country_code=id/dataset=category_platform/category_platform.csv,id,category_platform,,id,100034,100165,758395205,false
Shopee,758395205,get_category,100164,100034,Tattoos,Tattoos,FALSE,,Dataset/DataRaw/country_code=id/dataset=category_platform/category_platform.csv,id,category_platform,,id,100034,100164,758395205,false
Shopee,758395205,get_category,100163,100034,Cufflinks,Cufflinks,FALSE,,Dataset/DataRaw/country_code=id/dataset=category_platform/category_platform.csv,id,category_platform,,id,100034,100163,758395205,false
Shopee,758395205,get_category,100162,100034,"Charms, Pendants & Ornaments","Charms, Pendants & Ornaments",FALSE,,Dataset/DataRaw/country_code=id/dataset=category_platform/category_platform.csv,id,category_platform,,id,100034,100162,758395205,false
Shopee,758395205,get_category,100161,100034,Patches,Patches,FALSE,,Dataset/DataRaw/country_code=id/dataset=category_platform/category_platform.csv,id,category_platform,,id,100034,100161,758395205,false
Shopee,758395205,get_category,100160,100034,Brooches & Pins,Brooches & Pins,FALSE,,Dataset/DataRaw/country_code=id/dataset=category_platform/category_platform.csv,id,category_platform,,id,100034,100160,758395205,false
Shopee,758395205,get_category,100033,100009,"Neckties, Bow Ties & Cravats","Neckties, Bow Ties & Cravats",FALSE,,Dataset/DataRaw/country_code=id/dataset=category_platform/category_platform.csv,id,category_platform,,id,100009,100033,758395205,false
Shopee,758395205,get_category,100032,100009,Belts,Ikat Pinggang,FALSE,,Dataset/DataRaw/country_code=id/dataset=category_platform/category_platform.csv,id,category_platform,,id,100009,100032,758395205,false
Shopee,758395205,get_category,100031,100009,Investment Precious Metals,Investment Precious Metals,TRUE,,Dataset/DataRaw/country_code=id/dataset=category_platform/category_platform.csv,id,category_platform,,id,100009,100031,758395205,true
Shopee,758395205,get_category,100156,100031,Silver,Silver,FALSE,,Dataset/DataRaw/country_code=id/dataset=category_platform/category_platform.csv,id,category_platform,,id,100031,100156,758395205,false
Shopee,758395205,get_category,100030,100009,Eyewear,Kacamata,TRUE,,Dataset/DataRaw/country_code=id/dataset=category_platform/category_platform.csv,id,category_platform,,id,100009,100030,758395205,true
Shopee,758395205,get_category,100154,100030,Others,Lainnya,FALSE,,Dataset/DataRaw/country_code=id/dataset=category_platform/category_platform.csv,id,category_platform,,id,100030,100154,758395205,false
Shopee,758395205,get_category,100153,100030,Eyewear Cases & Accessories,Eyewear Cases & Accessories,FALSE,,Dataset/DataRaw/country_code=id/dataset=category_platform/category_platform.csv,id,category_platform,,id,100030,100153,758395205,false
Shopee,758395205,get_category,100152,100030,Frames & Glasses,Frames & Glasses,FALSE,,Dataset/DataRaw/country_code=id/dataset=category_platform/category_platform.csv,id,category_platform,,id,100030,100152,758395205,false
Shopee,758395205,get_category,100151,100030,Sunglasses,Sunglasses,FALSE,,Dataset/DataRaw/country_code=id/dataset=category_platform/category_platform.csv,id,category_platform,,id,100030,100151,758395205,false
Shopee,758395205,get_category,100029,100009,Necklaces,Kalung,FALSE,,Dataset/DataRaw/country_code=id/dataset=category_platform/category_platform.csv,id,category_platform,,id,100009,100029,758395205,false
Shopee,758395205,get_category,100028,100009,Hats & Caps,Topi,FALSE,,Dataset/DataRaw/country_code=id/dataset=category_platform/category_platform.csv,id,category_platform,,id,100009,100028,758395205,false
Shopee,758395205,get_category,100027,100009,Anklets,Anklets,FALSE,,Dataset/DataRaw/country_code=id/dataset=category_platform/category_platform.csv,id,category_platform,,id,100009,100027,758395205,false
Shopee,758395205,get_category,100026,100009,Bracelets & Bangles,Bracelets & Bangles,FALSE,,Dataset/DataRaw/country_code=id/dataset=category_platform/category_platform.csv,id,category_platform,,id,100009,100026,758395205,false
Shopee,758395205,get_category,100025,100009,Hair Accessories,Aksesoris Rambut,TRUE,,Dataset/DataRaw/country_code=id/dataset=category_platform/category_platform.csv,id,category_platform,,id,100009,100025,758395205,true
Shopee,758395205,get_category,100150,100025,Others,Lainnya,FALSE,,Dataset/DataRaw/country_code=id/dataset=category_platform/category_platform.csv,id,category_platform,,id,100025,100150,758395205,false
Shopee,758395205,get_category,100149,100025,"Headpieces, Tiaras & Flower Crowns","Headpieces, Tiaras & Flower Crowns",FALSE,,Dataset/DataRaw/country_code=id/dataset=category_platform/category_platform.csv,id,category_platform,,id,100025,100149,758395205,false
Shopee,758395205,get_category,100148,100025,Wigs & Extensions,Wigs & Extensions,FALSE,,Dataset/DataRaw/country_code=id/dataset=category_platform/category_platform.csv,id,category_platform,,id,100025,100148,758395205,false
Shopee,758395205,get_category,100147,100025,Hair Clips & Hair Pins,Hair Clips & Hair Pins,FALSE,,Dataset/DataRaw/country_code=id/dataset=category_platform/category_platform.csv,id,category_platform,,id,100025,100147,758395205,false
Shopee,758395205,get_category,100146,100025,"Hair Ties, Ribbons & Scrunchies","Hair Ties, Ribbons & Scrunchies",FALSE,,Dataset/DataRaw/country_code=id/dataset=category_platform/category_platform.csv,id,category_platform,,id,100025,100146,758395205,false
Shopee,758395205,get_category,100145,100025,Headbands,Headbands,FALSE,,Dataset/DataRaw/country_code=id/dataset=category_platform/category_platform.csv,id,category_platform,,id,100025,100145,758395205,false
Shopee,758395205,get_category,100024,100009,Gloves,Sarung Tangan,FALSE,,Dataset/DataRaw/country_code=id/dataset=category_platform/category_platform.csv,id,category_platform,,id,100009,100024,758395205,false
Shopee,758395205,get_category,100023,100009,Scarves & Shawls,Syal & Selendang,FALSE,,Dataset/DataRaw/country_code=id/dataset=category_platform/category_platform.csv,id,category_platform,,id,100009,100023,758395205,false
Shopee,758395205,get_category,100022,100009,Earrings,Anting,FALSE,,Dataset/DataRaw/country_code=id/dataset=category_platform/category_platform.csv,id,category_platform,,id,100009,100022,758395205,false
Shopee,758395205,get_category,100021,100009,Rings,Cincin,FALSE,,Dataset/DataRaw/country_code=id/dataset=category_platform/category_platform.csv,id,category_platform,,id,100009,100021,758395205,false
Shopee,758395205,get_category,100010,0,Home Appliances,Home Appliances,TRUE,,Dataset/DataRaw/country_code=id/dataset=category_platform/category_platform.csv,id,category_platform,,id,0,100010,758395205,true
Shopee,758395205,get_category,100046,100010,Others,Lainnya,FALSE,,Dataset/DataRaw/country_code=id/dataset=category_platform/category_platform.csv,id,category_platform,,id,100010,100046,758395205,false
Shopee,758395205,get_category,100045,100010,Remote Controls,Remote Controls,FALSE,,Dataset/DataRaw/country_code=id/dataset=category_platform/category_platform.csv,id,category_platform,,id,100010,100045,758395205,false
Shopee,758395205,get_category,100043,100010,Batteries,Baterai,FALSE,,Dataset/DataRaw/country_code=id/dataset=category_platform/category_platform.csv,id,category_platform,,id,100010,100043,758395205,false
Shopee,758395205,get_category,100042,100010,Electrical Circuitry & Parts,Electrical Circuitry & Parts,TRUE,,Dataset/DataRaw/country_code=id/dataset=category_platform/category_platform.csv,id,category_platform,,id,100010,100042,758395205,true
Shopee,758395205,get_category,100220,100042,Others,Lainnya,FALSE,,Dataset/DataRaw/country_code=id/dataset=category_platform/category_platform.csv,id,category_platform,,id,100042,100220,758395205,false
Shopee,758395205,get_category,100219,100042,Lightning Protection,Lightning Protection,FALSE,,Dataset/DataRaw/country_code=id/dataset=category_platform/category_platform.csv,id,category_platform,,id,100042,100219,758395205,false
Shopee,758395205,get_category,100218,100042,House Alarms,House Alarms,FALSE,,Dataset/DataRaw/country_code=id/dataset=category_platform/category_platform.csv,id,category_platform,,id,100042,100218,758395205,false
Shopee,758395205,get_category,100217,100042,Switches,Switches,FALSE,,Dataset/DataRaw/country_code=id/dataset=category_platform/category_platform.csv,id,category_platform,,id,100042,100217,758395205,false
Shopee,758395205,get_category,100216,100042,Doorbells,Doorbells,FALSE,,Dataset/DataRaw/country_code=id/dataset=category_platform/category_platform.csv,id,category_platform,,id,100042,100216,758395205,false
Shopee,758395205,get_category,100214,100042,Electrical Safety,Electrical Safety,FALSE,,Dataset/DataRaw/country_code=id/dataset=category_platform/category_platform.csv,id,category_platform,,id,100042,100214,758395205,false
Shopee,758395205,get_category,100213,100042,Electric Sockets & Extension Cords,Electric Sockets & Extension Cords,FALSE,,Dataset/DataRaw/country_code=id/dataset=category_platform/category_platform.csv,id,category_platform,,id,100042,100213,758395205,false
Shopee,758395205,get_category,100041,100010,Kitchen Appliances,Kitchen Appliances,TRUE,,Dataset/DataRaw/country_code=id/dataset=category_platform/category_platform.csv,id,category_platform,,id,100010,100041,758395205,true
Shopee,758395205,get_category,100212,100041,Others,Lainnya,FALSE,,Dataset/DataRaw/country_code=id/dataset=category_platform/category_platform.csv,id,category_platform,,id,100041,100212,758395205,false
Shopee,758395205,get_category,100211,100041,Hoods,Hoods,FALSE,,Dataset/DataRaw/country_code=id/dataset=category_platform/category_platform.csv,id,category_platform,,id,100041,100211,758395205,false
Shopee,758395205,get_category,100210,100041,Freezers,Freezers,FALSE,,Dataset/DataRaw/country_code=id/dataset=category_platform/category_platform.csv,id,category_platform,,id,100041,100210,758395205,false
Shopee,758395205,get_category,100209,100041,Refrigerators,Refrigerators,FALSE,,Dataset/DataRaw/country_code=id/dataset=category_platform/category_platform.csv,id,category_platform,,id,100041,100209,758395205,false
Shopee,758395205,get_category,100208,100041,Specialty Cookware,Specialty Cookware,TRUE,,Dataset/DataRaw/country_code=id/dataset=category_platform/category_platform.csv,id,category_platform,,id,100041,100208,758395205,true
Shopee,758395205,get_category,100474,100208,Others,Lainnya,FALSE,,Dataset/DataRaw/country_code=id/dataset=category_platform/category_platform.csv,id,category_platform,,id,100208,100474,758395205,false
Shopee,758395205,get_category,100473,100208,Soda Makers,Soda Makers,FALSE,,Dataset/DataRaw/country_code=id/dataset=category_platform/category_platform.csv,id,category_platform,,id,100208,100473,758395205,false
Shopee,758395205,get_category,100472,100208,Dessert Machine,Dessert Machine,FALSE,,Dataset/DataRaw/country_code=id/dataset=category_platform/category_platform.csv,id,category_platform,,id,100208,100472,758395205,false
Shopee,758395205,get_category,100471,100208,Takoyaki Makers,Takoyaki Makers,FALSE,,Dataset/DataRaw/country_code=id/dataset=category_platform/category_platform.csv,id,category_platform,,id,100208,100471,758395205,false
Shopee,758395205,get_category,100470,100208,Bread Makers,Bread Makers,FALSE,,Dataset/DataRaw/country_code=id/dataset=category_platform/category_platform.csv,id,category_platform,,id,100208,100470,758395205,false
Shopee,758395205,get_category,100469,100208,Egg Boilers,Egg Boilers,FALSE,,Dataset/DataRaw/country_code=id/dataset=category_platform/category_platform.csv,id,category_platform,,id,100208,100469,758395205,false
Shopee,758395205,get_category,100468,100208,Waffle & Crepe Makers,Waffle & Crepe Makers,FALSE,,Dataset/DataRaw/country_code=id/dataset=category_platform/category_platform.csv,id,category_platform,,id,100208,100468,758395205,false
Shopee,758395205,get_category,100207,100041,Rice Cookers,Rice Cookers,FALSE,,Dataset/DataRaw/country_code=id/dataset=category_platform/category_platform.csv,id,category_platform,,id,100041,100207,758395205,false
Shopee,758395205,get_category,100206,100041,Slow Cookers & Sous Vide Machines,Slow Cookers & Sous Vide Machines,FALSE,,Dataset/DataRaw/country_code=id/dataset=category_platform/category_platform.csv,id,category_platform,,id,100041,100206,758395205,false
Shopee,758395205,get_category,100205,100041,Pressure Cookers,Pressure Cookers,FALSE,,Dataset/DataRaw/country_code=id/dataset=category_platform/category_platform.csv,id,category_platform,,id,100041,100205,758395205,false
Shopee,758395205,get_category,100204,100041,Multi-function Cookers,Multi-function Cookers,FALSE,,Dataset/DataRaw/country_code=id/dataset=category_platform/category_platform.csv,id,category_platform,,id,100041,100204,758395205,false
Shopee,758395205,get_category,100203,100041,Food Processors & Meat Grinders,Food Processors & Meat Grinders,FALSE,,Dataset/DataRaw/country_code=id/dataset=category_platform/category_platform.csv,id,category_platform,,id,100041,100203,758395205,false
Shopee,758395205,get_category,100202,100041,Toasters,Toasters,FALSE,,Dataset/DataRaw/country_code=id/dataset=category_platform/category_platform.csv,id,category_platform,,id,100041,100202,758395205,false
Shopee,758395205,get_category,100201,100041,Ovens,Ovens,FALSE,,Dataset/DataRaw/country_code=id/dataset=category_platform/category_platform.csv,id,category_platform,,id,100041,100201,758395205,false
Shopee,758395205,get_category,100200,100041,Microwaves,Microwaves,FALSE,,Dataset/DataRaw/country_code=id/dataset=category_platform/category_platform.csv,id,category_platform,,id,100041,100200,758395205,false
Shopee,758395205,get_category,100199,100041,Deep Fryers,Deep Fryers,FALSE,,Dataset/DataRaw/country_code=id/dataset=category_platform/category_platform.csv,id,category_platform,,id,100041,100199,758395205,false
Shopee,758395205,get_category,100198,100041,Air Fryers,Air Fryers,FALSE,,Dataset/DataRaw/country_code=id/dataset=category_platform/category_platform.csv,id,category_platform,,id,100041,100198,758395205,false
Shopee,758395205,get_category,100197,100041,"Stoves, Hobs & Gas Regulators","Stoves, Hobs & Gas Regulators",FALSE,,Dataset/DataRaw/country_code=id/dataset=category_platform/category_platform.csv,id,category_platform,,id,100041,100197,758395205,false
Shopee,758395205,get_category,100196,100041,Dishwashers,Dishwashers,FALSE,,Dataset/DataRaw/country_code=id/dataset=category_platform/category_platform.csv,id,category_platform,,id,100041,100196,758395205,false
Shopee,758395205,get_category,100195,100041,Mixers,Mixers,FALSE,,Dataset/DataRaw/country_code=id/dataset=category_platform/category_platform.csv,id,category_platform,,id,100041,100195,758395205,false
Shopee,758395205,get_category,100194,100041,Coffee Machines & Accessories,Coffee Machines & Accessories,FALSE,,Dataset/DataRaw/country_code=id/dataset=category_platform/category_platform.csv,id,category_platform,,id,100041,100194,758395205,false
Shopee,758395205,get_category,100193,100041,"Juicers, Blenders & Soya Bean Machines","Juicers, Blenders & Soya Bean Machines",FALSE,,Dataset/DataRaw/country_code=id/dataset=category_platform/category_platform.csv,id,category_platform,,id,100041,100193,758395205,false
Shopee,758395205,get_category,100192,100041,Wine Fridges,Wine Fridges,FALSE,,Dataset/DataRaw/country_code=id/dataset=category_platform/category_platform.csv,id,category_platform,,id,100041,100192,758395205,false
Shopee,758395205,get_category,100191,100041,Kettles,Kettles,FALSE,,Dataset/DataRaw/country_code=id/dataset=category_platform/category_platform.csv,id,category_platform,,id,100041,100191,758395205,false
Shopee,758395205,get_category,100190,100041,"Water Filters, Coolers & Dispensers","Water Filters, Coolers & Dispensers",FALSE,,Dataset/DataRaw/country_code=id/dataset=category_platform/category_platform.csv,id,category_platform,,id,100041,100190,758395205,false
Shopee,758395205,get_category,100040,100010,TVs & Accessories,TVs & Accessories,TRUE,,Dataset/DataRaw/country_code=id/dataset=category_platform/category_platform.csv,id,category_platform,,id,100010,100040,758395205,true
Shopee,758395205,get_category,100189,100040,Others,Lainnya,FALSE,,Dataset/DataRaw/country_code=id/dataset=category_platform/category_platform.csv,id,category_platform,,id,100040,100189,758395205,false
Shopee,758395205,get_category,100188,100040,TV Brackets,TV Brackets,FALSE,,Dataset/DataRaw/country_code=id/dataset=category_platform/category_platform.csv,id,category_platform,,id,100040,100188,758395205,false
Shopee,758395205,get_category,100187,100040,TV Boxes & Receivers,TV Boxes & Receivers,FALSE,,Dataset/DataRaw/country_code=id/dataset=category_platform/category_platform.csv,id,category_platform,,id,100040,100187,758395205,false
Shopee,758395205,get_category,100186,100040,TV Antennas,TV Antennas,FALSE,,Dataset/DataRaw/country_code=id/dataset=category_platform/category_platform.csv,id,category_platform,,id,100040,100186,758395205,false
Shopee,758395205,get_category,100185,100040,TVs,TVs,FALSE,,Dataset/DataRaw/country_code=id/dataset=category_platform/category_platform.csv,id,category_platform,,id,100040,100185,758395205,false
Shopee,758395205,get_category,100039,100010,Large Household Appliances,Large Household Appliances,TRUE,,Dataset/DataRaw/country_code=id/dataset=category_platform/category_platform.csv,id,category_platform,,id,100010,100039,758395205,true
Shopee,758395205,get_category,100184,100039,Others,Lainnya,FALSE,,Dataset/DataRaw/country_code=id/dataset=category_platform/category_platform.csv,id,category_platform,,id,100039,100184,758395205,false
Shopee,758395205,get_category,100183,100039,Heaters,Heaters,FALSE,,Dataset/DataRaw/country_code=id/dataset=category_platform/category_platform.csv,id,category_platform,,id,100039,100183,758395205,false
Shopee,758395205,get_category,100182,100039,Futon & Shoe Dryers,Futon & Shoe Dryers,FALSE,,Dataset/DataRaw/country_code=id/dataset=category_platform/category_platform.csv,id,category_platform,,id,100039,100182,758395205,false
Shopee,758395205,get_category,100181,100039,Cooling,Cooling,TRUE,,Dataset/DataRaw/country_code=id/dataset=category_platform/category_platform.csv,id,category_platform,,id,100039,100181,758395205,true
Shopee,758395205,get_category,100467,100181,Others,Lainnya,FALSE,,Dataset/DataRaw/country_code=id/dataset=category_platform/category_platform.csv,id,category_platform,,id,100181,100467,758395205,false
Shopee,758395205,get_category,100466,100181,Fans,Fans,FALSE,,Dataset/DataRaw/country_code=id/dataset=category_platform/category_platform.csv,id,category_platform,,id,100181,100466,758395205,false
Shopee,758395205,get_category,100465,100181,Air Coolers & Portable Aircons,Air Coolers & Portable Aircons,FALSE,,Dataset/DataRaw/country_code=id/dataset=category_platform/category_platform.csv,id,category_platform,,id,100181,100465,758395205,false
Shopee,758395205,get_category,100464,100181,Air-Conditioners,Air-Conditioners,FALSE,,Dataset/DataRaw/country_code=id/dataset=category_platform/category_platform.csv,id,category_platform,,id,100181,100464,758395205,false
Shopee,758395205,get_category,100180,100039,Water Heaters,Water Heaters,FALSE,,Dataset/DataRaw/country_code=id/dataset=category_platform/category_platform.csv,id,category_platform,,id,100039,100180,758395205,false
Shopee,758395205,get_category,100179,100039,Washing Machines & Dryers,Washing Machines & Dryers,TRUE,,Dataset/DataRaw/country_code=id/dataset=category_platform/category_platform.csv,id,category_platform,,id,100039,100179,758395205,true
Shopee,758395205,get_category,100463,100179,Others,Lainnya,FALSE,,Dataset/DataRaw/country_code=id/dataset=category_platform/category_platform.csv,id,category_platform,,id,100179,100463,758395205,false
Shopee,758395205,get_category,100462,100179,Laundry Dryers,Laundry Dryers,FALSE,,Dataset/DataRaw/country_code=id/dataset=category_platform/category_platform.csv,id,category_platform,,id,100179,100462,758395205,false
Shopee,758395205,get_category,100461,100179,Washing Machines,Washing Machines,FALSE,,Dataset/DataRaw/country_code=id/dataset=category_platform/category_platform.csv,id,category_platform,,id,100179,100461,758395205,false
Shopee,758395205,get_category,100038,100010,Small Household Appliances,Small Household Appliances,TRUE,,Dataset/DataRaw/country_code=id/dataset=category_platform/category_platform.csv,id,category_platform,,id,100010,100038,758395205,true
Shopee,758395205,get_category,100178,100038,Others,Lainnya,FALSE,,Dataset/DataRaw/country_code=id/dataset=category_platform/category_platform.csv,id,category_platform,,id,100038,100178,758395205,false
Shopee,758395205,get_category,100177,100038,Vacuum Cleaners & Floor Care Appliances,Vacuum Cleaners & Floor Care Appliances,FALSE,,Dataset/DataRaw/country_code=id/dataset=category_platform/category_platform.csv,id,category_platform,,id,100038,100177,758395205,false
Shopee,758395205,get_category,100176,100038,Air Treatment,Air Treatment,TRUE,,Dataset/DataRaw/country_code=id/dataset=category_platform/category_platform.csv,id,category_platform,,id,100038,100176,758395205,true
Shopee,758395205,get_category,100460,100176,Others,Lainnya,FALSE,,Dataset/DataRaw/country_code=id/dataset=category_platform/category_platform.csv,id,category_platform,,id,100176,100460,758395205,false
Shopee,758395205,get_category,100459,100176,Dehumidifiers,Dehumidifiers,FALSE,,Dataset/DataRaw/country_code=id/dataset=category_platform/category_platform.csv,id,category_platform,,id,100176,100459,758395205,false
Shopee,758395205,get_category,100458,100176,Purifiers,Purifiers,FALSE,,Dataset/DataRaw/country_code=id/dataset=category_platform/category_platform.csv,id,category_platform,,id,100176,100458,758395205,false
Shopee,758395205,get_category,100175,100038,Irons & Steamers,Irons & Steamers,FALSE,,Dataset/DataRaw/country_code=id/dataset=category_platform/category_platform.csv,id,category_platform,,id,100038,100175,758395205,false
Shopee,758395205,get_category,100174,100038,Telephones,Telephones,TRUE,,Dataset/DataRaw/country_code=id/dataset=category_platform/category_platform.csv,id,category_platform,,id,100038,100174,758395205,true
Shopee,758395205,get_category,100457,100174,Others,Lainnya,FALSE,,Dataset/DataRaw/country_code=id/dataset=category_platform/category_platform.csv,id,category_platform,,id,100174,100457,758395205,false
Shopee,758395205,get_category,100456,100174,Fax Machines,Fax Machines,FALSE,,Dataset/DataRaw/country_code=id/dataset=category_platform/category_platform.csv,id,category_platform,,id,100174,100456,758395205,false
Shopee,758395205,get_category,100455,100174,Cordless Phones,Cordless Phones,FALSE,,Dataset/DataRaw/country_code=id/dataset=category_platform/category_platform.csv,id,category_platform,,id,100174,100455,758395205,false
Shopee,758395205,get_category,100454,100174,Corded Phones,Corded Phones,FALSE,,Dataset/DataRaw/country_code=id/dataset=category_platform/category_platform.csv,id,category_platform,,id,100174,100454,758395205,false
Shopee,758395205,get_category,100173,100038,Sewing Machines & Accessories,Sewing Machines & Accessories,FALSE,,Dataset/DataRaw/country_code=id/dataset=category_platform/category_platform.csv,id,category_platform,,id,100038,100173,758395205,false
Shopee,758395205,get_category,100172,100038,Water Flossers,Water Flossers,FALSE,,Dataset/DataRaw/country_code=id/dataset=category_platform/category_platform.csv,id,category_platform,,id,100038,100172,758395205,false
Shopee,758395205,get_category,100171,100038,Foot Baths & Spas,Foot Baths & Spas,FALSE,,Dataset/DataRaw/country_code=id/dataset=category_platform/category_platform.csv,id,category_platform,,id,100038,100171,758395205,false
Shopee,758395205,get_category,100037,100010,Projectors & Accessories,Projectors & Accessories,TRUE,,Dataset/DataRaw/country_code=id/dataset=category_platform/category_platform.csv,id,category_platform,,id,100010,100037,758395205,true
Shopee,758395205,get_category,100170,100037,Others,Lainnya,FALSE,,Dataset/DataRaw/country_code=id/dataset=category_platform/category_platform.csv,id,category_platform,,id,100037,100170,758395205,false
Shopee,758395205,get_category,100169,100037,Pointers,Pointers,FALSE,,Dataset/DataRaw/country_code=id/dataset=category_platform/category_platform.csv,id,category_platform,,id,100037,100169,758395205,false
Shopee,758395205,get_category,100168,100037,Projectors & Projector Screens,Projectors & Projector Screens,FALSE,,Dataset/DataRaw/country_code=id/dataset=category_platform/category_platform.csv,id,category_platform,,id,100037,100168,758395205,false
Shopee,758395205,get_category,100012,0,Men Shoes,Sepatu Pria,TRUE,,Dataset/DataRaw/country_code=id/dataset=category_platform/category_platform.csv,id,category_platform,,id,0,100012,758395205,true
Shopee,758395205,get_category,100070,100012,Others,Lainnya,FALSE,,Dataset/DataRaw/country_code=id/dataset=category_platform/category_platform.csv,id,category_platform,,id,100012,100070,758395205,false
Shopee,758395205,get_category,100069,100012,Shoe Care & Accessories,Perawatan & Aksesoris Sepatu,TRUE,,Dataset/DataRaw/country_code=id/dataset=category_platform/category_platform.csv,id,category_platform,,id,100012,100069,758395205,true
Shopee,758395205,get_category,100269,100069,Others,Lainnya,FALSE,,Dataset/DataRaw/country_code=id/dataset=category_platform/category_platform.csv,id,category_platform,,id,100069,100269,758395205,false
Shopee,758395205,get_category,100268,100069,Shoe Insoles,Shoe Insoles,FALSE,,Dataset/DataRaw/country_code=id/dataset=category_platform/category_platform.csv,id,category_platform,,id,100069,100268,758395205,false
Shopee,758395205,get_category,100267,100069,Shoe Horns & Trees,Sendok Sepatu & Catokan Sepatu,FALSE,,Dataset/DataRaw/country_code=id/dataset=category_platform/category_platform.csv,id,category_platform,,id,100069,100267,758395205,false
Shopee,758395205,get_category,100266,100069,Shoe Laces,Tali Sepatu,FALSE,,Dataset/DataRaw/country_code=id/dataset=category_platform/category_platform.csv,id,category_platform,,id,100069,100266,758395205,false
Shopee,758395205,get_category,100265,100069,Shoe Deodorizers,Shoe Deodorizers,FALSE,,Dataset/DataRaw/country_code=id/dataset=category_platform/category_platform.csv,id,category_platform,,id,100069,100265,758395205,false
Shopee,758395205,get_category,100264,100069,Shoe Care & Cleaning Tools,Shoe Care & Cleaning Tools,FALSE,,Dataset/DataRaw/country_code=id/dataset=category_platform/category_platform.csv,id,category_platform,,id,100069,100264,758395205,false
Shopee,758395205,get_category,100068,100012,Sandals & Flip Flops,Sandals & Flip Flops,TRUE,,Dataset/DataRaw/country_code=id/dataset=category_platform/category_platform.csv,id,category_platform,,id,100012,100068,758395205,true
Shopee,758395205,get_category,100263,100068,Others,Lainnya,FALSE,,Dataset/DataRaw/country_code=id/dataset=category_platform/category_platform.csv,id,category_platform,,id,100068,100263,758395205,false
Shopee,758395205,get_category,100262,100068,Health Slippers,Health Slippers,FALSE,,Dataset/DataRaw/country_code=id/dataset=category_platform/category_platform.csv,id,category_platform,,id,100068,100262,758395205,false
Shopee,758395205,get_category,100261,100068,Indoor Slippers,Indoor Slippers,FALSE,,Dataset/DataRaw/country_code=id/dataset=category_platform/category_platform.csv,id,category_platform,,id,100068,100261,758395205,false
Shopee,758395205,get_category,100260,100068,Sandals,Sandal,FALSE,,Dataset/DataRaw/country_code=id/dataset=category_platform/category_platform.csv,id,category_platform,,id,100068,100260,758395205,false
Shopee,758395205,get_category,100259,100068,Flip Flops,Sandal Jepit,FALSE,,Dataset/DataRaw/country_code=id/dataset=category_platform/category_platform.csv,id,category_platform,,id,100068,100259,758395205,false
Shopee,758395205,get_category,100067,100012,Oxfords & Lace-Ups,Oxfords & Lace-Ups,FALSE,,Dataset/DataRaw/country_code=id/dataset=category_platform/category_platform.csv,id,category_platform,,id,100012,100067,758395205,false
Shopee,758395205,get_category,100066,100012,Loafers & Boat Shoes,Loafers & Boat Shoes,FALSE,,Dataset/DataRaw/country_code=id/dataset=category_platform/category_platform.csv,id,category_platform,,id,100012,100066,758395205,false
Shopee,758395205,get_category,100065,100012,Slip Ons & Mules,Slip Ons & Mules,FALSE,,Dataset/DataRaw/country_code=id/dataset=category_platform/category_platform.csv,id,category_platform,,id,100012,100065,758395205,false
Shopee,758395205,get_category,100064,100012,Sneakers,Sepatu Kets (Sneakers),FALSE,,Dataset/DataRaw/country_code=id/dataset=category_platform/category_platform.csv,id,category_platform,,id,100012,100064,758395205,false
Shopee,758395205,get_category,100063,100012,Boots,Sepatu Bot,TRUE,,Dataset/DataRaw/country_code=id/dataset=category_platform/category_platform.csv,id,category_platform,,id,100012,100063,758395205,true
Shopee,758395205,get_category,100258,100063,Others,Lainnya,FALSE,,Dataset/DataRaw/country_code=id/dataset=category_platform/category_platform.csv,id,category_platform,,id,100063,100258,758395205,false
Shopee,758395205,get_category,100257,100063,Safety Boots,Safety Boots,FALSE,,Dataset/DataRaw/country_code=id/dataset=category_platform/category_platform.csv,id,category_platform,,id,100063,100257,758395205,false
Shopee,758395205,get_category,100256,100063,Rain Boots,Sepatu Bot Hujan,FALSE,,Dataset/DataRaw/country_code=id/dataset=category_platform/category_platform.csv,id,category_platform,,id,100063,100256,758395205,false
Shopee,758395205,get_category,100255,100063,Fashion Boots,Fashion Boots,FALSE,,Dataset/DataRaw/country_code=id/dataset=category_platform/category_platform.csv,id,category_platform,,id,100063,100255,758395205,false
Shopee,758395205,get_category,100013,0,Mobile & Gadgets,Mobile & Gadgets,TRUE,,Dataset/DataRaw/country_code=id/dataset=category_platform/category_platform.csv,id,category_platform,,id,0,100013,758395205,true
Shopee,758395205,get_category,100077,100013,Others,Lainnya,FALSE,,Dataset/DataRaw/country_code=id/dataset=category_platform/category_platform.csv,id,category_platform,,id,100013,100077,758395205,false
Shopee,758395205,get_category,100076,100013,Walkie Talkies,Walkie Talkies,FALSE,,Dataset/DataRaw/country_code=id/dataset=category_platform/category_platform.csv,id,category_platform,,id,100013,100076,758395205,false
Shopee,758395205,get_category,100075,100013,Accessories,Accessories,TRUE,,Dataset/DataRaw/country_code=id/dataset=category_platform/category_platform.csv,id,category_platform,,id,100013,100075,758395205,true
Shopee,758395205,get_category,100291,100075,Others,Lainnya,FALSE,,Dataset/DataRaw/country_code=id/dataset=category_platform/category_platform.csv,id,category_platform,,id,100075,100291,758395205,false
Shopee,758395205,get_category,100290,100075,"Cases, Covers, & Skins","Cases, Covers, & Skins",TRUE,,Dataset/DataRaw/country_code=id/dataset=category_platform/category_platform.csv,id,category_platform,,id,100075,100290,758395205,true
Shopee,758395205,get_category,100491,100290,Others,Lainnya,FALSE,,Dataset/DataRaw/country_code=id/dataset=category_platform/category_platform.csv,id,category_platform,,id,100290,100491,758395205,false
Shopee,758395205,get_category,100490,100290,"Phone Cases, Covers, & Skins","Phone Cases, Covers, & Skins",FALSE,,Dataset/DataRaw/country_code=id/dataset=category_platform/category_platform.csv,id,category_platform,,id,100290,100490,758395205,false
Shopee,758395205,get_category,100489,100290,"Tablet Cases, Covers, & Skins","Tablet Cases, Covers, & Skins",FALSE,,Dataset/DataRaw/country_code=id/dataset=category_platform/category_platform.csv,id,category_platform,,id,100290,100489,758395205,false
Shopee,758395205,get_category,100289,100075,Screen Protectors,Screen Protectors,FALSE,,Dataset/DataRaw/country_code=id/dataset=category_platform/category_platform.csv,id,category_platform,,id,100075,100289,758395205,false
Shopee,758395205,get_category,100288,100075,Wearable Accessories,Wearable Accessories,FALSE,,Dataset/DataRaw/country_code=id/dataset=category_platform/category_platform.csv,id,category_platform,,id,100075,100288,758395205,false
Shopee,758395205,get_category,100287,100075,Powerbanks & Batteries,Powerbanks & Batteries,TRUE,,Dataset/DataRaw/country_code=id/dataset=category_platform/category_platform.csv,id,category_platform,,id,100075,100287,758395205,true
Shopee,758395205,get_category,100488,100287,Others,Lainnya,FALSE,,Dataset/DataRaw/country_code=id/dataset=category_platform/category_platform.csv,id,category_platform,,id,100287,100488,758395205,false
Shopee,758395205,get_category,100487,100287,Powercases,Powercases,FALSE,,Dataset/DataRaw/country_code=id/dataset=category_platform/category_platform.csv,id,category_platform,,id,100287,100487,758395205,false
Shopee,758395205,get_category,100486,100287,Powerbanks,Powerbanks,FALSE,,Dataset/DataRaw/country_code=id/dataset=category_platform/category_platform.csv,id,category_platform,,id,100287,100486,758395205,false
Shopee,758395205,get_category,100485,100287,Batteries,Baterai,FALSE,,Dataset/DataRaw/country_code=id/dataset=category_platform/category_platform.csv,id,category_platform,,id,100287,100485,758395205,false
Shopee,758395205,get_category,100286,100075,Pocket Wifi,Pocket Wifi,FALSE,,Dataset/DataRaw/country_code=id/dataset=category_platform/category_platform.csv,id,category_platform,,id,100075,100286,758395205,false
Shopee,758395205,get_category,100285,100075,USB & Mobile Lights,USB & Mobile Lights,FALSE,,Dataset/DataRaw/country_code=id/dataset=category_platform/category_platform.csv,id,category_platform,,id,100075,100285,758395205,false
Shopee,758395205,get_category,100284,100075,"Cables, Chargers & Converters","Cables, Chargers & Converters",TRUE,,Dataset/DataRaw/country_code=id/dataset=category_platform/category_platform.csv,id,category_platform,,id,100075,100284,758395205,true
Shopee,758395205,get_category,100484,100284,Others,Lainnya,FALSE,,Dataset/DataRaw/country_code=id/dataset=category_platform/category_platform.csv,id,category_platform,,id,100284,100484,758395205,false
Shopee,758395205,get_category,100483,100284,Docks & Stands,Docks & Stands,FALSE,,Dataset/DataRaw/country_code=id/dataset=category_platform/category_platform.csv,id,category_platform,,id,100284,100483,758395205,false
Shopee,758395205,get_category,100482,100284,Chargers,Chargers,FALSE,,Dataset/DataRaw/country_code=id/dataset=category_platform/category_platform.csv,id,category_platform,,id,100284,100482,758395205,false
Shopee,758395205,get_category,100481,100284,Mobile Cables & Converters,Mobile Cables & Converters,FALSE,,Dataset/DataRaw/country_code=id/dataset=category_platform/category_platform.csv,id,category_platform,,id,100284,100481,758395205,false
Shopee,758395205,get_category,100480,100284,Travel Adaptors,Travel Adaptors,FALSE,,Dataset/DataRaw/country_code=id/dataset=category_platform/category_platform.csv,id,category_platform,,id,100284,100480,758395205,false
Shopee,758395205,get_category,100479,100284,"Cable Cases, Protectors, & Winders","Cable Cases, Protectors, & Winders",FALSE,,Dataset/DataRaw/country_code=id/dataset=category_platform/category_platform.csv,id,category_platform,,id,100284,100479,758395205,false
Shopee,758395205,get_category,100283,100075,Mobile Pouches,Mobile Pouches,FALSE,,Dataset/DataRaw/country_code=id/dataset=category_platform/category_platform.csv,id,category_platform,,id,100075,100283,758395205,false
Shopee,758395205,get_category,100282,100075,Casting Devices,Casting Devices,FALSE,,Dataset/DataRaw/country_code=id/dataset=category_platform/category_platform.csv,id,category_platform,,id,100075,100282,758395205,false
Shopee,758395205,get_category,100281,100075,Memory Cards,Memory Cards,FALSE,,Dataset/DataRaw/country_code=id/dataset=category_platform/category_platform.csv,id,category_platform,,id,100075,100281,758395205,false
Shopee,758395205,get_category,100280,100075,Phone Straps & Keychains,Phone Straps & Keychains,FALSE,,Dataset/DataRaw/country_code=id/dataset=category_platform/category_platform.csv,id,category_platform,,id,100075,100280,758395205,false
Shopee,758395205,get_category,100279,100075,Phone Grips,Phone Grips,FALSE,,Dataset/DataRaw/country_code=id/dataset=category_platform/category_platform.csv,id,category_platform,,id,100075,100279,758395205,false
Shopee,758395205,get_category,100278,100075,Stylus,Stylus,FALSE,,Dataset/DataRaw/country_code=id/dataset=category_platform/category_platform.csv,id,category_platform,,id,100075,100278,758395205,false
Shopee,758395205,get_category,100277,100075,USB & Mobile Fans,USB & Mobile Fans,FALSE,,Dataset/DataRaw/country_code=id/dataset=category_platform/category_platform.csv,id,category_platform,,id,100075,100277,758395205,false
Shopee,758395205,get_category,100276,100075,Mobile Flashes & Selfie Lights,Mobile Flashes & Selfie Lights,FALSE,,Dataset/DataRaw/country_code=id/dataset=category_platform/category_platform.csv,id,category_platform,,id,100075,100276,758395205,false
Shopee,758395205,get_category,100275,100075,Mobile Lens,Mobile Lens,FALSE,,Dataset/DataRaw/country_code=id/dataset=category_platform/category_platform.csv,id,category_platform,,id,100075,100275,758395205,false
Shopee,758395205,get_category,100274,100075,Selfie Accessories,Selfie Accessories,TRUE,,Dataset/DataRaw/country_code=id/dataset=category_platform/category_platform.csv,id,category_platform,,id,100075,100274,758395205,true
Shopee,758395205,get_category,100478,100274,Others,Lainnya,FALSE,,Dataset/DataRaw/country_code=id/dataset=category_platform/category_platform.csv,id,category_platform,,id,100274,100478,758395205,false
Shopee,758395205,get_category,100477,100274,Remote Shutters,Remote Shutters,FALSE,,Dataset/DataRaw/country_code=id/dataset=category_platform/category_platform.csv,id,category_platform,,id,100274,100477,758395205,false
Shopee,758395205,get_category,100476,100274,Lazypods,Lazypods,FALSE,,Dataset/DataRaw/country_code=id/dataset=category_platform/category_platform.csv,id,category_platform,,id,100274,100476,758395205,false
Shopee,758395205,get_category,100475,100274,Selfie Sticks,Selfie Sticks,FALSE,,Dataset/DataRaw/country_code=id/dataset=category_platform/category_platform.csv,id,category_platform,,id,100274,100475,758395205,false
Shopee,758395205,get_category,100074,100013,Wearable Devices,Wearable Devices,TRUE,,Dataset/DataRaw/country_code=id/dataset=category_platform/category_platform.csv,id,category_platform,,id,100013,100074,758395205,true
Shopee,758395205,get_category,100273,100074,Others,Lainnya,FALSE,,Dataset/DataRaw/country_code=id/dataset=category_platform/category_platform.csv,id,category_platform,,id,100074,100273,758395205,false
Shopee,758395205,get_category,100272,100074,GPS Trackers,GPS Trackers,FALSE,,Dataset/DataRaw/country_code=id/dataset=category_platform/category_platform.csv,id,category_platform,,id,100074,100272,758395205,false
Shopee,758395205,get_category,100271,100074,VR Devices,VR Devices,FALSE,,Dataset/DataRaw/country_code=id/dataset=category_platform/category_platform.csv,id,category_platform,,id,100074,100271,758395205,false
Shopee,758395205,get_category,100270,100074,Smartwatches & Fitness Trackers,Smartwatches & Fitness Trackers,FALSE,,Dataset/DataRaw/country_code=id/dataset=category_platform/category_platform.csv,id,category_platform,,id,100074,100270,758395205,false
Shopee,758395205,get_category,100073,100013,Mobile Phones,Mobile Phones,FALSE,,Dataset/DataRaw/country_code=id/dataset=category_platform/category_platform.csv,id,category_platform,,id,100013,100073,758395205,false
Shopee,758395205,get_category,100072,100013,Tablets,Tablets,FALSE,,Dataset/DataRaw/country_code=id/dataset=category_platform/category_platform.csv,id,category_platform,,id,100013,100072,758395205,false
Shopee,758395205,get_category,100071,100013,Sim Cards,Sim Cards,FALSE,,Dataset/DataRaw/country_code=id/dataset=category_platform/category_platform.csv,id,category_platform,,id,100013,100071,758395205,false
Shopee,758395205,get_category,100015,0,Travel & Luggage,Travel & Luggage,TRUE,,Dataset/DataRaw/country_code=id/dataset=category_platform/category_platform.csv,id,category_platform,,id,0,100015,758395205,true
Shopee,758395205,get_category,100088,100015,Others,Lainnya,FALSE,,Dataset/DataRaw/country_code=id/dataset=category_platform/category_platform.csv,id,category_platform,,id,100015,100088,758395205,false
Shopee,758395205,get_category,100087,100015,Travel Accessories,Travel Accessories,TRUE,,Dataset/DataRaw/country_code=id/dataset=category_platform/category_platform.csv,id,category_platform,,id,100015,100087,758395205,true
Shopee,758395205,get_category,100333,100087,Others,Lainnya,FALSE,,Dataset/DataRaw/country_code=id/dataset=category_platform/category_platform.csv,id,category_platform,,id,100087,100333,758395205,false
Shopee,758395205,get_category,100332,100087,Travel Size Bottles & Containers,Travel Size Bottles & Containers,FALSE,,Dataset/DataRaw/country_code=id/dataset=category_platform/category_platform.csv,id,category_platform,,id,100087,100332,758395205,false
Shopee,758395205,get_category,100331,100087,Travel Pillows & Eye Covers,Travel Pillows & Eye Covers,FALSE,,Dataset/DataRaw/country_code=id/dataset=category_platform/category_platform.csv,id,category_platform,,id,100087,100331,758395205,false
Shopee,758395205,get_category,100330,100087,Luggage Scales,Luggage Scales,FALSE,,Dataset/DataRaw/country_code=id/dataset=category_platform/category_platform.csv,id,category_platform,,id,100087,100330,758395205,false
Shopee,758395205,get_category,100329,100087,Luggage Locks,Luggage Locks,FALSE,,Dataset/DataRaw/country_code=id/dataset=category_platform/category_platform.csv,id,category_platform,,id,100087,100329,758395205,false
Shopee,758395205,get_category,100328,100087,Luggage Straps,Luggage Straps,FALSE,,Dataset/DataRaw/country_code=id/dataset=category_platform/category_platform.csv,id,category_platform,,id,100087,100328,758395205,false
Shopee,758395205,get_category,100327,100087,Luggage Tags,Luggage Tags,FALSE,,Dataset/DataRaw/country_code=id/dataset=category_platform/category_platform.csv,id,category_platform,,id,100087,100327,758395205,false
Shopee,758395205,get_category,100326,100087,Luggage Protectors & Covers,Luggage Protectors & Covers,FALSE,,Dataset/DataRaw/country_code=id/dataset=category_platform/category_platform.csv,id,category_platform,,id,100087,100326,758395205,false
Shopee,758395205,get_category,100325,100087,Travel Organizers,Travel Organizers,FALSE,,Dataset/DataRaw/country_code=id/dataset=category_platform/category_platform.csv,id,category_platform,,id,100087,100325,758395205,false
Shopee,758395205,get_category,100324,100087,Passport Holders & Covers,Passport Holders & Covers,FALSE,,Dataset/DataRaw/country_code=id/dataset=category_platform/category_platform.csv,id,category_platform,,id,100087,100324,758395205,false
Shopee,758395205,get_category,100086,100015,Travel Bags,Travel Bags,TRUE,,Dataset/DataRaw/country_code=id/dataset=category_platform/category_platform.csv,id,category_platform,,id,100015,100086,758395205,true
Shopee,758395205,get_category,100323,100086,Others,Lainnya,FALSE,,Dataset/DataRaw/country_code=id/dataset=category_platform/category_platform.csv,id,category_platform,,id,100086,100323,758395205,false
Shopee,758395205,get_category,100322,100086,Drawstring Bags,Drawstring Bags,FALSE,,Dataset/DataRaw/country_code=id/dataset=category_platform/category_platform.csv,id,category_platform,,id,100086,100322,758395205,false
Shopee,758395205,get_category,100321,100086,Foldable Bags,Foldable Bags,FALSE,,Dataset/DataRaw/country_code=id/dataset=category_platform/category_platform.csv,id,category_platform,,id,100086,100321,758395205,false
Shopee,758395205,get_category,100320,100086,Duffel & Weekender Bags,Duffel & Weekender Bags,FALSE,,Dataset/DataRaw/country_code=id/dataset=category_platform/category_platform.csv,id,category_platform,,id,100086,100320,758395205,false
Shopee,758395205,get_category,100085,100015,Luggage,Koper,FALSE,,Dataset/DataRaw/country_code=id/dataset=category_platform/category_platform.csv,id,category_platform,,id,100015,100085,758395205,false
Shopee,758395205,get_category,100016,0,Women Bags,Women Bags,TRUE,,Dataset/DataRaw/country_code=id/dataset=category_platform/category_platform.csv,id,category_platform,,id,0,100016,758395205,true
Shopee,758395205,get_category,100098,100016,Others,Lainnya,FALSE,,Dataset/DataRaw/country_code=id/dataset=category_platform/category_platform.csv,id,category_platform,,id,100016,100098,758395205,false
Shopee,758395205,get_category,100097,100016,Bag Accessories,Bag Accessories,TRUE,,Dataset/DataRaw/country_code=id/dataset=category_platform/category_platform.csv,id,category_platform,,id,100016,100097,758395205,true
Shopee,758395205,get_category,100349,100097,Others,Lainnya,FALSE,,Dataset/DataRaw/country_code=id/dataset=category_platform/category_platform.csv,id,category_platform,,id,100097,100349,758395205,false
Shopee,758395205,get_category,100348,100097,Cleaning & Care Equipment,Cleaning & Care Equipment,FALSE,,Dataset/DataRaw/country_code=id/dataset=category_platform/category_platform.csv,id,category_platform,,id,100097,100348,758395205,false
Shopee,758395205,get_category,100347,100097,Bag Organizers,Bag Organizers,FALSE,,Dataset/DataRaw/country_code=id/dataset=category_platform/category_platform.csv,id,category_platform,,id,100097,100347,758395205,false
Shopee,758395205,get_category,100346,100097,Charms & Twillies,Charms & Twillies,FALSE,,Dataset/DataRaw/country_code=id/dataset=category_platform/category_platform.csv,id,category_platform,,id,100097,100346,758395205,false
Shopee,758395205,get_category,100345,100097,Bag Holders,Bag Holders,FALSE,,Dataset/DataRaw/country_code=id/dataset=category_platform/category_platform.csv,id,category_platform,,id,100097,100345,758395205,false
Shopee,758395205,get_category,100344,100097,Bag Straps,Bag Straps,FALSE,,Dataset/DataRaw/country_code=id/dataset=category_platform/category_platform.csv,id,category_platform,,id,100097,100344,758395205,false
Shopee,758395205,get_category,100096,100016,Wallets,Dompet,TRUE,,Dataset/DataRaw/country_code=id/dataset=category_platform/category_platform.csv,id,category_platform,,id,100016,100096,758395205,true
Shopee,758395205,get_category,100343,100096,Others,Lainnya,FALSE,,Dataset/DataRaw/country_code=id/dataset=category_platform/category_platform.csv,id,category_platform,,id,100096,100343,758395205,false
Shopee,758395205,get_category,100342,100096,Long Wallets,Long Wallets,FALSE,,Dataset/DataRaw/country_code=id/dataset=category_platform/category_platform.csv,id,category_platform,,id,100096,100342,758395205,false
Shopee,758395205,get_category,100341,100096,Bifold & Trifold Wallets,Dompet Lipat Dua & Tiga,FALSE,,Dataset/DataRaw/country_code=id/dataset=category_platform/category_platform.csv,id,category_platform,,id,100096,100341,758395205,false
Shopee,758395205,get_category,100340,100096,Phone & Key Wallets,Phone & Key Wallets,FALSE,,Dataset/DataRaw/country_code=id/dataset=category_platform/category_platform.csv,id,category_platform,,id,100096,100340,758395205,false
Shopee,758395205,get_category,100339,100096,Coin Holders & Purses,Coin Holders & Purses,FALSE,,Dataset/DataRaw/country_code=id/dataset=category_platform/category_platform.csv,id,category_platform,,id,100096,100339,758395205,false
Shopee,758395205,get_category,100338,100096,Card Holders,Card Holders,FALSE,,Dataset/DataRaw/country_code=id/dataset=category_platform/category_platform.csv,id,category_platform,,id,100096,100338,758395205,false
Shopee,758395205,get_category,100095,100016,Crossbody & Shoulder Bags,Tas Selempang & Bahu,FALSE,,Dataset/DataRaw/country_code=id/dataset=category_platform/category_platform.csv,id,category_platform,,id,100016,100095,758395205,false
Shopee,758395205,get_category,100094,100016,Top-handle Bags,Top-handle Bags,FALSE,,Dataset/DataRaw/country_code=id/dataset=category_platform/category_platform.csv,id,category_platform,,id,100016,100094,758395205,false
Shopee,758395205,get_category,100093,100016,Tote Bags,Tote Bags,FALSE,,Dataset/DataRaw/country_code=id/dataset=category_platform/category_platform.csv,id,category_platform,,id,100016,100093,758395205,false
Shopee,758395205,get_category,100092,100016,Waist Bags & Chest Bags,Waist Bags & Chest Bags,FALSE,,Dataset/DataRaw/country_code=id/dataset=category_platform/category_platform.csv,id,category_platform,,id,100016,100092,758395205,false
Shopee,758395205,get_category,100091,100016,Clutches & Wristlets,Clutches & Wristlets,FALSE,,Dataset/DataRaw/country_code=id/dataset=category_platform/category_platform.csv,id,category_platform,,id,100016,100091,758395205,false
Shopee,758395205,get_category,100090,100016,Laptop Bags,Laptop Bags,TRUE,,Dataset/DataRaw/country_code=id/dataset=category_platform/category_platform.csv,id,category_platform,,id,100016,100090,758395205,true
Shopee,758395205,get_category,100337,100090,Others,Lainnya,FALSE,,Dataset/DataRaw/country_code=id/dataset=category_platform/category_platform.csv,id,category_platform,,id,100090,100337,758395205,false
Shopee,758395205,get_category,100336,100090,Laptop Backpacks,Laptop Backpacks,FALSE,,Dataset/DataRaw/country_code=id/dataset=category_platform/category_platform.csv,id,category_platform,,id,100090,100336,758395205,false
Shopee,758395205,get_category,100335,100090,Laptop Sleeves,Tas Laptop (Sleeve),FALSE,,Dataset/DataRaw/country_code=id/dataset=category_platform/category_platform.csv,id,category_platform,,id,100090,100335,758395205,false
Shopee,758395205,get_category,100334,100090,Laptop Bags & Cases,Laptop Bags & Cases,FALSE,,Dataset/DataRaw/country_code=id/dataset=category_platform/category_platform.csv,id,category_platform,,id,100090,100334,758395205,false
Shopee,758395205,get_category,100089,100016,Backpacks,Ransel,FALSE,,Dataset/DataRaw/country_code=id/dataset=category_platform/category_platform.csv,id,category_platform,,id,100016,100089,758395205,false
Shopee,758395205,get_category,100532,0,Women Shoes,Sepatu Wanita,TRUE,,Dataset/DataRaw/country_code=id/dataset=category_platform/category_platform.csv,id,category_platform,,id,0,100532,758395205,true
Shopee,758395205,get_category,100563,100532,Others,Lainnya,FALSE,,Dataset/DataRaw/country_code=id/dataset=category_platform/category_platform.csv,id,category_platform,,id,100532,100563,758395205,false
Shopee,758395205,get_category,100562,100532,Shoe Care & Accessories,Perawatan & Aksesoris Sepatu,TRUE,,Dataset/DataRaw/country_code=id/dataset=category_platform/category_platform.csv,id,category_platform,,id,100532,100562,758395205,true
Shopee,758395205,get_category,100603,100562,Others,Lainnya,FALSE,,Dataset/DataRaw/country_code=id/dataset=category_platform/category_platform.csv,id,category_platform,,id,100562,100603,758395205,false
Shopee,758395205,get_category,100602,100562,Shoe Laces,Tali Sepatu,FALSE,,Dataset/DataRaw/country_code=id/dataset=category_platform/category_platform.csv,id,category_platform,,id,100562,100602,758395205,false
Shopee,758395205,get_category,100601,100562,Shoe Care & Cleaning Tools,Shoe Care & Cleaning Tools,FALSE,,Dataset/DataRaw/country_code=id/dataset=category_platform/category_platform.csv,id,category_platform,,id,100562,100601,758395205,false
Shopee,758395205,get_category,100600,100562,Shoe Horns & Trees,Sendok Sepatu & Catokan Sepatu,FALSE,,Dataset/DataRaw/country_code=id/dataset=category_platform/category_platform.csv,id,category_platform,,id,100562,100600,758395205,false
Shopee,758395205,get_category,100599,100562,Insoles & Heel Liners,Insoles & Heel Liners,FALSE,,Dataset/DataRaw/country_code=id/dataset=category_platform/category_platform.csv,id,category_platform,,id,100562,100599,758395205,false
Shopee,758395205,get_category,100598,100562,Shoe Deodorizers,Shoe Deodorizers,FALSE,,Dataset/DataRaw/country_code=id/dataset=category_platform/category_platform.csv,id,category_platform,,id,100562,100598,758395205,false
Shopee,758395205,get_category,100561,100532,Flat Sandals & Flip Flops,Flat Sandals & Flip Flops,TRUE,,Dataset/DataRaw/country_code=id/dataset=category_platform/category_platform.csv,id,category_platform,,id,100532,100561,758395205,true
Shopee,758395205,get_category,100597,100561,Others,Lainnya,FALSE,,Dataset/DataRaw/country_code=id/dataset=category_platform/category_platform.csv,id,category_platform,,id,100561,100597,758395205,false
Shopee,758395205,get_category,100596,100561,Indoor Slippers,Indoor Slippers,FALSE,,Dataset/DataRaw/country_code=id/dataset=category_platform/category_platform.csv,id,category_platform,,id,100561,100596,758395205,false
Shopee,758395205,get_category,100595,100561,Health Slippers,Health Slippers,FALSE,,Dataset/DataRaw/country_code=id/dataset=category_platform/category_platform.csv,id,category_platform,,id,100561,100595,758395205,false
Shopee,758395205,get_category,100594,100561,Flip Flops,Sandal Jepit,FALSE,,Dataset/DataRaw/country_code=id/dataset=category_platform/category_platform.csv,id,category_platform,,id,100561,100594,758395205,false
Shopee,758395205,get_category,100593,100561,Flat Sandals,Flat Sandals,FALSE,,Dataset/DataRaw/country_code=id/dataset=category_platform/category_platform.csv,id,category_platform,,id,100561,100593,758395205,false
Shopee,758395205,get_category,100560,100532,Wedges,Wedges,FALSE,,Dataset/DataRaw/country_code=id/dataset=category_platform/category_platform.csv,id,category_platform,,id,100532,100560,758395205,false
Shopee,758395205,get_category,100559,100532,Heels,Sepatu Hak Tinggi (Heels),FALSE,,Dataset/DataRaw/country_code=id/dataset=category_platform/category_platform.csv,id,category_platform,,id,100532,100559,758395205,false
Shopee,758395205,get_category,100558,100532,Flats,Sepatu Teplek (Flats),TRUE,,Dataset/DataRaw/country_code=id/dataset=category_platform/category_platform.csv,id,category_platform,,id,100532,100558,758395205,true
Shopee,758395205,get_category,100592,100558,Others,Lainnya,FALSE,,Dataset/DataRaw/country_code=id/dataset=category_platform/category_platform.csv,id,category_platform,,id,100558,100592,758395205,false
Shopee,758395205,get_category,100591,100558,"Slip Ons, Mary Janes & Mules","Slip Ons, Mary Janes & Mules",FALSE,,Dataset/DataRaw/country_code=id/dataset=category_platform/category_platform.csv,id,category_platform,,id,100558,100591,758395205,false
Shopee,758395205,get_category,100590,100558,Oxfords & Lace-Ups,Oxfords & Lace-Ups,FALSE,,Dataset/DataRaw/country_code=id/dataset=category_platform/category_platform.csv,id,category_platform,,id,100558,100590,758395205,false
Shopee,758395205,get_category,100589,100558,Loafers & Boat Shoes,Loafers & Boat Shoes,FALSE,,Dataset/DataRaw/country_code=id/dataset=category_platform/category_platform.csv,id,category_platform,,id,100558,100589,758395205,false
Shopee,758395205,get_category,100588,100558,Ballet Flats,Ballet Flats,FALSE,,Dataset/DataRaw/country_code=id/dataset=category_platform/category_platform.csv,id,category_platform,,id,100558,100588,758395205,false
Shopee,758395205,get_category,100557,100532,Sneakers,Sepatu Kets (Sneakers),FALSE,,Dataset/DataRaw/country_code=id/dataset=category_platform/category_platform.csv,id,category_platform,,id,100532,100557,758395205,false
Shopee,758395205,get_category,100556,100532,Boots,Sepatu Bot,TRUE,,Dataset/DataRaw/country_code=id/dataset=category_platform/category_platform.csv,id,category_platform,,id,100532,100556,758395205,true
Shopee,758395205,get_category,100587,100556,Others,Lainnya,FALSE,,Dataset/DataRaw/country_code=id/dataset=category_platform/category_platform.csv,id,category_platform,,id,100556,100587,758395205,false
Shopee,758395205,get_category,100586,100556,Fashion Boots,Fashion Boots,FALSE,,Dataset/DataRaw/country_code=id/dataset=category_platform/category_platform.csv,id,category_platform,,id,100556,100586,758395205,false
Shopee,758395205,get_category,100585,100556,Rain Boots,Sepatu Bot Hujan,FALSE,,Dataset/DataRaw/country_code=id/dataset=category_platform/category_platform.csv,id,category_platform,,id,100556,100585,758395205,false
Shopee,758395205,get_category,100533,0,Men Bags,Men Bags,TRUE,,Dataset/DataRaw/country_code=id/dataset=category_platform/category_platform.csv,id,category_platform,,id,0,100533,758395205,true
Shopee,758395205,get_category,100572,100533,Others,Lainnya,FALSE,,Dataset/DataRaw/country_code=id/dataset=category_platform/category_platform.csv,id,category_platform,,id,100533,100572,758395205,false
Shopee,758395205,get_category,100571,100533,Wallets,Dompet,TRUE,,Dataset/DataRaw/country_code=id/dataset=category_platform/category_platform.csv,id,category_platform,,id,100533,100571,758395205,true
Shopee,758395205,get_category,100613,100571,Others,Lainnya,FALSE,,Dataset/DataRaw/country_code=id/dataset=category_platform/category_platform.csv,id,category_platform,,id,100571,100613,758395205,false
Shopee,758395205,get_category,100612,100571,Long Wallets,Long Wallets,FALSE,,Dataset/DataRaw/country_code=id/dataset=category_platform/category_platform.csv,id,category_platform,,id,100571,100612,758395205,false
Shopee,758395205,get_category,100611,100571,Bifold & Trifold Wallets,Dompet Lipat Dua & Tiga,FALSE,,Dataset/DataRaw/country_code=id/dataset=category_platform/category_platform.csv,id,category_platform,,id,100571,100611,758395205,false
Shopee,758395205,get_category,100610,100571,Phone & Key Wallets,Phone & Key Wallets,FALSE,,Dataset/DataRaw/country_code=id/dataset=category_platform/category_platform.csv,id,category_platform,,id,100571,100610,758395205,false
Shopee,758395205,get_category,100609,100571,Coin Holders & Purses,Coin Holders & Purses,FALSE,,Dataset/DataRaw/country_code=id/dataset=category_platform/category_platform.csv,id,category_platform,,id,100571,100609,758395205,false
Shopee,758395205,get_category,100608,100571,Card Holders,Card Holders,FALSE,,Dataset/DataRaw/country_code=id/dataset=category_platform/category_platform.csv,id,category_platform,,id,100571,100608,758395205,false
Shopee,758395205,get_category,100570,100533,Crossbody & Shoulder Bags,Tas Selempang & Bahu,FALSE,,Dataset/DataRaw/country_code=id/dataset=category_platform/category_platform.csv,id,category_platform,,id,100533,100570,758395205,false
Shopee,758395205,get_category,100569,100533,Waist Bags & Chest Bags,Waist Bags & Chest Bags,FALSE,,Dataset/DataRaw/country_code=id/dataset=category_platform/category_platform.csv,id,category_platform,,id,100533,100569,758395205,false
Shopee,758395205,get_category,100568,100533,Clutches,Tas Tangan (Clutch),FALSE,,Dataset/DataRaw/country_code=id/dataset=category_platform/category_platform.csv,id,category_platform,,id,100533,100568,758395205,false
Shopee,758395205,get_category,100567,100533,Briefcases,Tas Kerja,FALSE,,Dataset/DataRaw/country_code=id/dataset=category_platform/category_platform.csv,id,category_platform,,id,100533,100567,758395205,false
Shopee,758395205,get_category,100566,100533,Tote Bags,Tote Bags,FALSE,,Dataset/DataRaw/country_code=id/dataset=category_platform/category_platform.csv,id,category_platform,,id,100533,100566,758395205,false
Shopee,758395205,get_category,100565,100533,Laptop Bags,Laptop Bags,TRUE,,Dataset/DataRaw/country_code=id/dataset=category_platform/category_platform.csv,id,category_platform,,id,100533,100565,758395205,true
Shopee,758395205,get_category,100607,100565,Others,Lainnya,FALSE,,Dataset/DataRaw/country_code=id/dataset=category_platform/category_platform.csv,id,category_platform,,id,100565,100607,758395205,false
Shopee,758395205,get_category,100606,100565,Laptop Backpacks,Laptop Backpacks,FALSE,,Dataset/DataRaw/country_code=id/dataset=category_platform/category_platform.csv,id,category_platform,,id,100565,100606,758395205,false
Shopee,758395205,get_category,100605,100565,Laptop Sleeves,Tas Laptop (Sleeve),FALSE,,Dataset/DataRaw/country_code=id/dataset=category_platform/category_platform.csv,id,category_platform,,id,100565,100605,758395205,false
Shopee,758395205,get_category,100604,100565,Laptop Bags & Cases,Laptop Bags & Cases,FALSE,,Dataset/DataRaw/country_code=id/dataset=category_platform/category_platform.csv,id,category_platform,,id,100565,100604,758395205,false
Shopee,758395205,get_category,100564,100533,Backpacks,Ransel,FALSE,,Dataset/DataRaw/country_code=id/dataset=category_platform/category_platform.csv,id,category_platform,,id,100533,100564,758395205,false
Shopee,758395205,get_category,100534,0,Watches,Jam Tangan,TRUE,,Dataset/DataRaw/country_code=id/dataset=category_platform/category_platform.csv,id,category_platform,,id,0,100534,758395205,true
Shopee,758395205,get_category,100577,100534,Others,Lainnya,FALSE,,Dataset/DataRaw/country_code=id/dataset=category_platform/category_platform.csv,id,category_platform,,id,100534,100577,758395205,false
Shopee,758395205,get_category,100576,100534,Watches Accessories,Watches Accessories,TRUE,,Dataset/DataRaw/country_code=id/dataset=category_platform/category_platform.csv,id,category_platform,,id,100534,100576,758395205,true
Shopee,758395205,get_category,100619,100576,Others,Lainnya,FALSE,,Dataset/DataRaw/country_code=id/dataset=category_platform/category_platform.csv,id,category_platform,,id,100576,100619,758395205,false
Shopee,758395205,get_category,100618,100576,Boxes,Boxes,FALSE,,Dataset/DataRaw/country_code=id/dataset=category_platform/category_platform.csv,id,category_platform,,id,100576,100618,758395205,false
Shopee,758395205,get_category,100617,100576,Batteries,Baterai,FALSE,,Dataset/DataRaw/country_code=id/dataset=category_platform/category_platform.csv,id,category_platform,,id,100576,100617,758395205,false
Shopee,758395205,get_category,100616,100576,Buckles,Buckles,FALSE,,Dataset/DataRaw/country_code=id/dataset=category_platform/category_platform.csv,id,category_platform,,id,100576,100616,758395205,false
Shopee,758395205,get_category,100615,100576,Service Tools,Service Tools,FALSE,,Dataset/DataRaw/country_code=id/dataset=category_platform/category_platform.csv,id,category_platform,,id,100576,100615,758395205,false
Shopee,758395205,get_category,100614,100576,Straps,Straps,FALSE,,Dataset/DataRaw/country_code=id/dataset=category_platform/category_platform.csv,id,category_platform,,id,100576,100614,758395205,false
Shopee,758395205,get_category,100575,100534,Set & Couple Watches,Set & Couple Watches,FALSE,,Dataset/DataRaw/country_code=id/dataset=category_platform/category_platform.csv,id,category_platform,,id,100534,100575,758395205,false
Shopee,758395205,get_category,100574,100534,Men Watches,Men Watches,FALSE,,Dataset/DataRaw/country_code=id/dataset=category_platform/category_platform.csv,id,category_platform,,id,100534,100574,758395205,false
Shopee,758395205,get_category,100573,100534,Women Watches,Women Watches,FALSE,,Dataset/DataRaw/country_code=id/dataset=category_platform/category_platform.csv,id,category_platform,,id,100534,100573,758395205,false
Shopee,758395205,get_category,100535,0,Audio,Audio,TRUE,,Dataset/DataRaw/country_code=id/dataset=category_platform/category_platform.csv,id,category_platform,,id,0,100535,758395205,true
Shopee,758395205,get_category,100584,100535,Others,Lainnya,FALSE,,Dataset/DataRaw/country_code=id/dataset=category_platform/category_platform.csv,id,category_platform,,id,100535,100584,758395205,false
Shopee,758395205,get_category,100583,100535,Audio & Video Cables & Converters,Audio & Video Cables & Converters,FALSE,,Dataset/DataRaw/country_code=id/dataset=category_platform/category_platform.csv,id,category_platform,,id,100535,100583,758395205,false
Shopee,758395205,get_category,100582,100535,Home Audio & Speakers,Home Audio & Speakers,TRUE,,Dataset/DataRaw/country_code=id/dataset=category_platform/category_platform.csv,id,category_platform,,id,100535,100582,758395205,true
Shopee,758395205,get_category,100628,100582,Others,Lainnya,FALSE,,Dataset/DataRaw/country_code=id/dataset=category_platform/category_platform.csv,id,category_platform,,id,100582,100628,758395205,false
Shopee,758395205,get_category,100627,100582,AV Receivers,AV Receivers,FALSE,,Dataset/DataRaw/country_code=id/dataset=category_platform/category_platform.csv,id,category_platform,,id,100582,100627,758395205,false
Shopee,758395205,get_category,100626,100582,Home Theater Systems,Home Theater Systems,FALSE,,Dataset/DataRaw/country_code=id/dataset=category_platform/category_platform.csv,id,category_platform,,id,100582,100626,758395205,false
Shopee,758395205,get_category,100625,100582,Speakers,Speaker,FALSE,,Dataset/DataRaw/country_code=id/dataset=category_platform/category_platform.csv,id,category_platform,,id,100582,100625,758395205,false
Shopee,758395205,get_category,100581,100535,Amplifiers & Mixers,Amplifiers & Mixers,FALSE,,Dataset/DataRaw/country_code=id/dataset=category_platform/category_platform.csv,id,category_platform,,id,100535,100581,758395205,false
Shopee,758395205,get_category,100580,100535,Microphones,Microphones,FALSE,,Dataset/DataRaw/country_code=id/dataset=category_platform/category_platform.csv,id,category_platform,,id,100535,100580,758395205,false
Shopee,758395205,get_category,100579,100535,Media Players,Media Players,TRUE,,Dataset/DataRaw/country_code=id/dataset=category_platform/category_platform.csv,id,category_platform,,id,100535,100579,758395205,true
Shopee,758395205,get_category,100624,100579,Others,Lainnya,FALSE,,Dataset/DataRaw/country_code=id/dataset=category_platform/category_platform.csv,id,category_platform,,id,100579,100624,758395205,false
Shopee,758395205,get_category,100623,100579,Radio & Cassette Players,Radio & Cassette Players,FALSE,,Dataset/DataRaw/country_code=id/dataset=category_platform/category_platform.csv,id,category_platform,,id,100579,100623,758395205,false
Shopee,758395205,get_category,100622,100579,Voice Recorders,Voice Recorders,FALSE,,Dataset/DataRaw/country_code=id/dataset=category_platform/category_platform.csv,id,category_platform,,id,100579,100622,758395205,false
Shopee,758395205,get_category,100621,100579,"CD, DVD, & Blu-ray Players","CD, DVD, & Blu-ray Players",FALSE,,Dataset/DataRaw/country_code=id/dataset=category_platform/category_platform.csv,id,category_platform,,id,100579,100621,758395205,false
Shopee,758395205,get_category,100620,100579,MP3 & MP4 Players,MP3 & MP4 Players,FALSE,,Dataset/DataRaw/country_code=id/dataset=category_platform/category_platform.csv,id,category_platform,,id,100579,100620,758395205,false
Shopee,758395205,get_category,100578,100535,"Earphones, Headphones & Headsets","Earphones, Headphones & Headsets",FALSE,,Dataset/DataRaw/country_code=id/dataset=category_platform/category_platform.csv,id,category_platform,,id,100535,100578,758395205,false
Shopee,758395205,get_category,100629,0,Food & Beverages,Food & Beverages,TRUE,,Dataset/DataRaw/country_code=id/dataset=category_platform/category_platform.csv,id,category_platform,,id,0,100629,758395205,true
Shopee,758395205,get_category,100657,100629,Others,Lainnya,FALSE,,Dataset/DataRaw/country_code=id/dataset=category_platform/category_platform.csv,id,category_platform,,id,100629,100657,758395205,false
Shopee,758395205,get_category,100656,100629,Gift Set & Hampers,Gift Set & Hampers,FALSE,,Dataset/DataRaw/country_code=id/dataset=category_platform/category_platform.csv,id,category_platform,,id,100629,100656,758395205,false
Shopee,758395205,get_category,100655,100629,Alcoholic Beverages,Alcoholic Beverages,TRUE,,Dataset/DataRaw/country_code=id/dataset=category_platform/category_platform.csv,id,category_platform,,id,100629,100655,758395205,true
Shopee,758395205,get_category,100864,100655,Others,Lainnya,FALSE,,Dataset/DataRaw/country_code=id/dataset=category_platform/category_platform.csv,id,category_platform,,id,100655,100864,758395205,false
Shopee,758395205,get_category,100863,100655,"Sake, Soju & Umeshu","Sake, Soju & Umeshu",FALSE,,Dataset/DataRaw/country_code=id/dataset=category_platform/category_platform.csv,id,category_platform,,id,100655,100863,758395205,false
Shopee,758395205,get_category,100862,100655,Liquor & Spirits,Liquor & Spirits,FALSE,,Dataset/DataRaw/country_code=id/dataset=category_platform/category_platform.csv,id,category_platform,,id,100655,100862,758395205,false
Shopee,758395205,get_category,100861,100655,Wine & Champagne,Wine & Champagne,FALSE,,Dataset/DataRaw/country_code=id/dataset=category_platform/category_platform.csv,id,category_platform,,id,100655,100861,758395205,false
Shopee,758395205,get_category,100860,100655,Beer & Cider,Beer & Cider,FALSE,,Dataset/DataRaw/country_code=id/dataset=category_platform/category_platform.csv,id,category_platform,,id,100655,100860,758395205,false
Shopee,758395205,get_category,100654,100629,Bakery,Bakery,TRUE,,Dataset/DataRaw/country_code=id/dataset=category_platform/category_platform.csv,id,category_platform,,id,100629,100654,758395205,true
Shopee,758395205,get_category,100859,100654,Others,Lainnya,FALSE,,Dataset/DataRaw/country_code=id/dataset=category_platform/category_platform.csv,id,category_platform,,id,100654,100859,758395205,false
Shopee,758395205,get_category,100858,100654,Pastry,Pastry,FALSE,,Dataset/DataRaw/country_code=id/dataset=category_platform/category_platform.csv,id,category_platform,,id,100654,100858,758395205,false
Shopee,758395205,get_category,100857,100654,Cakes & Pies,Cakes & Pies,FALSE,,Dataset/DataRaw/country_code=id/dataset=category_platform/category_platform.csv,id,category_platform,,id,100654,100857,758395205,false
Shopee,758395205,get_category,100856,100654,Breads,Breads,FALSE,,Dataset/DataRaw/country_code=id/dataset=category_platform/category_platform.csv,id,category_platform,,id,100654,100856,758395205,false
Shopee,758395205,get_category,100653,100629,Fresh & Frozen Food,Fresh & Frozen Food,TRUE,,Dataset/DataRaw/country_code=id/dataset=category_platform/category_platform.csv,id,category_platform,,id,100629,100653,758395205,true
Shopee,758395205,get_category,100855,100653,Processed Meat & Seafood,Processed Meat & Seafood,FALSE,,Dataset/DataRaw/country_code=id/dataset=category_platform/category_platform.csv,id,category_platform,,id,100653,100855,758395205,false
Shopee,758395205,get_category,100854,100653,Frozen Processed Food,Frozen Processed Food,FALSE,,Dataset/DataRaw/country_code=id/dataset=category_platform/category_platform.csv,id,category_platform,,id,100653,100854,758395205,false
Shopee,758395205,get_category,100853,100653,Mushroom,Mushroom,FALSE,,Dataset/DataRaw/country_code=id/dataset=category_platform/category_platform.csv,id,category_platform,,id,100653,100853,758395205,false
Shopee,758395205,get_category,100852,100653,Fruits,Fruits,TRUE,,Dataset/DataRaw/country_code=id/dataset=category_platform/category_platform.csv,id,category_platform,,id,100653,100852,758395205,true
Shopee,758395205,get_category,102093,100852,Others,Lainnya,FALSE,,Dataset/DataRaw/country_code=id/dataset=category_platform/category_platform.csv,id,category_platform,,id,100852,102093,758395205,false
Shopee,758395205,get_category,102092,100852,Pre-cut & Assorted Fruit Set,Pre-cut & Assorted Fruit Set,FALSE,,Dataset/DataRaw/country_code=id/dataset=category_platform/category_platform.csv,id,category_platform,,id,100852,102092,758395205,false
Shopee,758395205,get_category,102091,100852,Tropical & Exotic Fruits,Tropical & Exotic Fruits,FALSE,,Dataset/DataRaw/country_code=id/dataset=category_platform/category_platform.csv,id,category_platform,,id,100852,102091,758395205,false
Shopee,758395205,get_category,102090,100852,Stonefruits,Stonefruits,FALSE,,Dataset/DataRaw/country_code=id/dataset=category_platform/category_platform.csv,id,category_platform,,id,100852,102090,758395205,false
Shopee,758395205,get_category,102089,100852,Melons,Melons,FALSE,,Dataset/DataRaw/country_code=id/dataset=category_platform/category_platform.csv,id,category_platform,,id,100852,102089,758395205,false
Shopee,758395205,get_category,102088,100852,Grapes,Grapes,FALSE,,Dataset/DataRaw/country_code=id/dataset=category_platform/category_platform.csv,id,category_platform,,id,100852,102088,758395205,false
Shopee,758395205,get_category,102087,100852,Citrus,Citrus,FALSE,,Dataset/DataRaw/country_code=id/dataset=category_platform/category_platform.csv,id,category_platform,,id,100852,102087,758395205,false
Shopee,758395205,get_category,102086,100852,Berries,Berries,FALSE,,Dataset/DataRaw/country_code=id/dataset=category_platform/category_platform.csv,id,category_platform,,id,100852,102086,758395205,false
Shopee,758395205,get_category,102085,100852,Bananas,Bananas,FALSE,,Dataset/DataRaw/country_code=id/dataset=category_platform/category_platform.csv,id,category_platform,,id,100852,102085,758395205,false
Shopee,758395205,get_category,102084,100852,Apples & Pears,Apples & Pears,FALSE,,Dataset/DataRaw/country_code=id/dataset=category_platform/category_platform.csv,id,category_platform,,id,100852,102084,758395205,false
Shopee,758395205,get_category,100851,100653,Vegetables,Vegetables,TRUE,,Dataset/DataRaw/country_code=id/dataset=category_platform/category_platform.csv,id,category_platform,,id,100653,100851,758395205,true
Shopee,758395205,get_category,102083,100851,Others,Lainnya,FALSE,,Dataset/DataRaw/country_code=id/dataset=category_platform/category_platform.csv,id,category_platform,,id,100851,102083,758395205,false
Shopee,758395205,get_category,102082,100851,Pre-cut & Assorted Vegetable Set,Pre-cut & Assorted Vegetable Set,FALSE,,Dataset/DataRaw/country_code=id/dataset=category_platform/category_platform.csv,id,category_platform,,id,100851,102082,758395205,false
Shopee,758395205,get_category,102081,100851,Salads Vegetables,Salads Vegetables,FALSE,,Dataset/DataRaw/country_code=id/dataset=category_platform/category_platform.csv,id,category_platform,,id,100851,102081,758395205,false
Shopee,758395205,get_category,102080,100851,Sprouts,Sprouts,FALSE,,Dataset/DataRaw/country_code=id/dataset=category_platform/category_platform.csv,id,category_platform,,id,100851,102080,758395205,false
Shopee,758395205,get_category,102079,100851,Root & Stem Vegetables,Root & Stem Vegetables,FALSE,,Dataset/DataRaw/country_code=id/dataset=category_platform/category_platform.csv,id,category_platform,,id,100851,102079,758395205,false
Shopee,758395205,get_category,102078,100851,"Peas, Beans, Nuts & Corn","Peas, Beans, Nuts & Corn",FALSE,,Dataset/DataRaw/country_code=id/dataset=category_platform/category_platform.csv,id,category_platform,,id,100851,102078,758395205,false
Shopee,758395205,get_category,102077,100851,"Garlic, Ginger & Onion","Garlic, Ginger & Onion",FALSE,,Dataset/DataRaw/country_code=id/dataset=category_platform/category_platform.csv,id,category_platform,,id,100851,102077,758395205,false
Shopee,758395205,get_category,102076,100851,Chilli & Capsicum,Chilli & Capsicum,FALSE,,Dataset/DataRaw/country_code=id/dataset=category_platform/category_platform.csv,id,category_platform,,id,100851,102076,758395205,false
Shopee,758395205,get_category,102075,100851,Broccoli & Cauliflowers,Broccoli & Cauliflowers,FALSE,,Dataset/DataRaw/country_code=id/dataset=category_platform/category_platform.csv,id,category_platform,,id,100851,102075,758395205,false
Shopee,758395205,get_category,102074,100851,"Brinjals, Gourds & Squashes","Brinjals, Gourds & Squashes",FALSE,,Dataset/DataRaw/country_code=id/dataset=category_platform/category_platform.csv,id,category_platform,,id,100851,102074,758395205,false
Shopee,758395205,get_category,102073,100851,Leafy Vegetables,Leafy Vegetables,FALSE,,Dataset/DataRaw/country_code=id/dataset=category_platform/category_platform.csv,id,category_platform,,id,100851,102073,758395205,false
Shopee,758395205,get_category,102072,100851,Fresh Herbs,Fresh Herbs,FALSE,,Dataset/DataRaw/country_code=id/dataset=category_platform/category_platform.csv,id,category_platform,,id,100851,102072,758395205,false
Shopee,758395205,get_category,102071,100851,Cabbage & Brussel Sprouts,Cabbage & Brussel Sprouts,FALSE,,Dataset/DataRaw/country_code=id/dataset=category_platform/category_platform.csv,id,category_platform,,id,100851,102071,758395205,false
Shopee,758395205,get_category,100850,100653,Others,Lainnya,FALSE,,Dataset/DataRaw/country_code=id/dataset=category_platform/category_platform.csv,id,category_platform,,id,100653,100850,758395205,false
Shopee,758395205,get_category,100849,100653,Vegetarian Meat,Vegetarian Meat,FALSE,,Dataset/DataRaw/country_code=id/dataset=category_platform/category_platform.csv,id,category_platform,,id,100653,100849,758395205,false
Shopee,758395205,get_category,100848,100653,Seafood,Seafood,TRUE,,Dataset/DataRaw/country_code=id/dataset=category_platform/category_platform.csv,id,category_platform,,id,100653,100848,758395205,true
Shopee,758395205,get_category,101606,100848,Others,Lainnya,FALSE,,Dataset/DataRaw/country_code=id/dataset=category_platform/category_platform.csv,id,category_platform,,id,100848,101606,758395205,false
Shopee,758395205,get_category,101605,100848,Crab,Crab,FALSE,,Dataset/DataRaw/country_code=id/dataset=category_platform/category_platform.csv,id,category_platform,,id,100848,101605,758395205,false
Shopee,758395205,get_category,101604,100848,Prawn,Prawn,FALSE,,Dataset/DataRaw/country_code=id/dataset=category_platform/category_platform.csv,id,category_platform,,id,100848,101604,758395205,false
Shopee,758395205,get_category,101603,100848,Fish,Fish,FALSE,,Dataset/DataRaw/country_code=id/dataset=category_platform/category_platform.csv,id,category_platform,,id,100848,101603,758395205,false
Shopee,758395205,get_category,100847,100653,Meat,Meat,TRUE,,Dataset/DataRaw/country_code=id/dataset=category_platform/category_platform.csv,id,category_platform,,id,100653,100847,758395205,true
Shopee,758395205,get_category,101602,100847,Others,Lainnya,FALSE,,Dataset/DataRaw/country_code=id/dataset=category_platform/category_platform.csv,id,category_platform,,id,100847,101602,758395205,false
Shopee,758395205,get_category,101601,100847,Lamb,Lamb,FALSE,,Dataset/DataRaw/country_code=id/dataset=category_platform/category_platform.csv,id,category_platform,,id,100847,101601,758395205,false
Shopee,758395205,get_category,101600,100847,Pork,Pork,FALSE,,Dataset/DataRaw/country_code=id/dataset=category_platform/category_platform.csv,id,category_platform,,id,100847,101600,758395205,false
Shopee,758395205,get_category,101599,100847,Poultry,Poultry,FALSE,,Dataset/DataRaw/country_code=id/dataset=category_platform/category_platform.csv,id,category_platform,,id,100847,101599,758395205,false
Shopee,758395205,get_category,101598,100847,Beef,Beef,FALSE,,Dataset/DataRaw/country_code=id/dataset=category_platform/category_platform.csv,id,category_platform,,id,100847,101598,758395205,false
Shopee,758395205,get_category,100652,100629,Dairy & Eggs,Dairy & Eggs,TRUE,,Dataset/DataRaw/country_code=id/dataset=category_platform/category_platform.csv,id,category_platform,,id,100629,100652,758395205,true
Shopee,758395205,get_category,100846,100652,Others,Lainnya,FALSE,,Dataset/DataRaw/country_code=id/dataset=category_platform/category_platform.csv,id,category_platform,,id,100652,100846,758395205,false
Shopee,758395205,get_category,100845,100652,Beancurd,Beancurd,FALSE,,Dataset/DataRaw/country_code=id/dataset=category_platform/category_platform.csv,id,category_platform,,id,100652,100845,758395205,false
Shopee,758395205,get_category,100844,100652,Eggs,Eggs,FALSE,,Dataset/DataRaw/country_code=id/dataset=category_platform/category_platform.csv,id,category_platform,,id,100652,100844,758395205,false
Shopee,758395205,get_category,100843,100652,Ice cream,Ice cream,FALSE,,Dataset/DataRaw/country_code=id/dataset=category_platform/category_platform.csv,id,category_platform,,id,100652,100843,758395205,false
Shopee,758395205,get_category,100842,100652,Cheese & Cheese Powder,Cheese & Cheese Powder,FALSE,,Dataset/DataRaw/country_code=id/dataset=category_platform/category_platform.csv,id,category_platform,,id,100652,100842,758395205,false
Shopee,758395205,get_category,100841,100652,Butter & Margarine,Butter & Margarine,FALSE,,Dataset/DataRaw/country_code=id/dataset=category_platform/category_platform.csv,id,category_platform,,id,100652,100841,758395205,false
Shopee,758395205,get_category,100840,100652,Creamers,Creamers,FALSE,,Dataset/DataRaw/country_code=id/dataset=category_platform/category_platform.csv,id,category_platform,,id,100652,100840,758395205,false
Shopee,758395205,get_category,100839,100652,Yogurt & Cultured Milk,Yogurt & Cultured Milk,FALSE,,Dataset/DataRaw/country_code=id/dataset=category_platform/category_platform.csv,id,category_platform,,id,100652,100839,758395205,false
Shopee,758395205,get_category,100838,100652,Milk,Milk,TRUE,,Dataset/DataRaw/country_code=id/dataset=category_platform/category_platform.csv,id,category_platform,,id,100652,100838,758395205,true
Shopee,758395205,get_category,101597,100838,Others,Lainnya,FALSE,,Dataset/DataRaw/country_code=id/dataset=category_platform/category_platform.csv,id,category_platform,,id,100838,101597,758395205,false
Shopee,758395205,get_category,101596,100838,Powdered Milk,Powdered Milk,FALSE,,Dataset/DataRaw/country_code=id/dataset=category_platform/category_platform.csv,id,category_platform,,id,100838,101596,758395205,false
Shopee,758395205,get_category,101595,100838,Condensed & Evaporated Milk,Condensed & Evaporated Milk,FALSE,,Dataset/DataRaw/country_code=id/dataset=category_platform/category_platform.csv,id,category_platform,,id,100838,101595,758395205,false
Shopee,758395205,get_category,101594,100838,UHT Milk,UHT Milk,FALSE,,Dataset/DataRaw/country_code=id/dataset=category_platform/category_platform.csv,id,category_platform,,id,100838,101594,758395205,false
Shopee,758395205,get_category,101593,100838,Fresh Milk,Fresh Milk,FALSE,,Dataset/DataRaw/country_code=id/dataset=category_platform/category_platform.csv,id,category_platform,,id,100838,101593,758395205,false
Shopee,758395205,get_category,100651,100629,Beverages,Beverages,TRUE,,Dataset/DataRaw/country_code=id/dataset=category_platform/category_platform.csv,id,category_platform,,id,100629,100651,758395205,true
Shopee,758395205,get_category,100837,100651,Others,Lainnya,FALSE,,Dataset/DataRaw/country_code=id/dataset=category_platform/category_platform.csv,id,category_platform,,id,100651,100837,758395205,false
Shopee,758395205,get_category,100836,100651,Non-dairy Milk,Non-dairy Milk,FALSE,,Dataset/DataRaw/country_code=id/dataset=category_platform/category_platform.csv,id,category_platform,,id,100651,100836,758395205,false
Shopee,758395205,get_category,100835,100651,Drink Toppings,Drink Toppings,FALSE,,Dataset/DataRaw/country_code=id/dataset=category_platform/category_platform.csv,id,category_platform,,id,100651,100835,758395205,false
Shopee,758395205,get_category,100834,100651,Traditional & Herbal Drinks,Traditional & Herbal Drinks,FALSE,,Dataset/DataRaw/country_code=id/dataset=category_platform/category_platform.csv,id,category_platform,,id,100651,100834,758395205,false
Shopee,758395205,get_category,100833,100651,Dessert Drink,Dessert Drink,FALSE,,Dataset/DataRaw/country_code=id/dataset=category_platform/category_platform.csv,id,category_platform,,id,100651,100833,758395205,false
Shopee,758395205,get_category,100832,100651,Powdered Drink Mixes,Powdered Drink Mixes,FALSE,,Dataset/DataRaw/country_code=id/dataset=category_platform/category_platform.csv,id,category_platform,,id,100651,100832,758395205,false
Shopee,758395205,get_category,100831,100651,Carbonated Drinks & Tonics,Carbonated Drinks & Tonics,FALSE,,Dataset/DataRaw/country_code=id/dataset=category_platform/category_platform.csv,id,category_platform,,id,100651,100831,758395205,false
Shopee,758395205,get_category,100830,100651,Cordial & Syrups,Cordial & Syrups,FALSE,,Dataset/DataRaw/country_code=id/dataset=category_platform/category_platform.csv,id,category_platform,,id,100651,100830,758395205,false
Shopee,758395205,get_category,100829,100651,Juice & Juice Vinegar,Juice & Juice Vinegar,FALSE,,Dataset/DataRaw/country_code=id/dataset=category_platform/category_platform.csv,id,category_platform,,id,100651,100829,758395205,false
Shopee,758395205,get_category,100828,100651,Water,Water,FALSE,,Dataset/DataRaw/country_code=id/dataset=category_platform/category_platform.csv,id,category_platform,,id,100651,100828,758395205,false
Shopee,758395205,get_category,100827,100651,Energy & Isotonic Drinks,Energy & Isotonic Drinks,FALSE,,Dataset/DataRaw/country_code=id/dataset=category_platform/category_platform.csv,id,category_platform,,id,100651,100827,758395205,false
Shopee,758395205,get_category,100826,100651,Chocolate Drinks,Chocolate Drinks,FALSE,,Dataset/DataRaw/country_code=id/dataset=category_platform/category_platform.csv,id,category_platform,,id,100651,100826,758395205,false
Shopee,758395205,get_category,100825,100651,Tea & Tea Bags,Tea & Tea Bags,FALSE,,Dataset/DataRaw/country_code=id/dataset=category_platform/category_platform.csv,id,category_platform,,id,100651,100825,758395205,false
Shopee,758395205,get_category,100824,100651,Coffee,Coffee,FALSE,,Dataset/DataRaw/country_code=id/dataset=category_platform/category_platform.csv,id,category_platform,,id,100651,100824,758395205,false
Shopee,758395205,get_category,100650,100629,Breakfast Cereals & Spread,Breakfast Cereals & Spread,TRUE,,Dataset/DataRaw/country_code=id/dataset=category_platform/category_platform.csv,id,category_platform,,id,100629,100650,758395205,true
Shopee,758395205,get_category,100823,100650,Others,Lainnya,FALSE,,Dataset/DataRaw/country_code=id/dataset=category_platform/category_platform.csv,id,category_platform,,id,100650,100823,758395205,false
Shopee,758395205,get_category,100822,100650,Breakfast Bar,Breakfast Bar,FALSE,,Dataset/DataRaw/country_code=id/dataset=category_platform/category_platform.csv,id,category_platform,,id,100650,100822,758395205,false
Shopee,758395205,get_category,100821,100650,"Cereal, Granola & Oats","Cereal, Granola & Oats",FALSE,,Dataset/DataRaw/country_code=id/dataset=category_platform/category_platform.csv,id,category_platform,,id,100650,100821,758395205,false
Shopee,758395205,get_category,100820,100650,Jam & Spread,Jam & Spread,FALSE,,Dataset/DataRaw/country_code=id/dataset=category_platform/category_platform.csv,id,category_platform,,id,100650,100820,758395205,false
Shopee,758395205,get_category,100819,100650,Honey & Maple Syrups,Honey & Maple Syrups,FALSE,,Dataset/DataRaw/country_code=id/dataset=category_platform/category_platform.csv,id,category_platform,,id,100650,100819,758395205,false
Shopee,758395205,get_category,100649,100629,Baking Needs,Baking Needs,TRUE,,Dataset/DataRaw/country_code=id/dataset=category_platform/category_platform.csv,id,category_platform,,id,100629,100649,758395205,true
Shopee,758395205,get_category,100818,100649,Others,Lainnya,FALSE,,Dataset/DataRaw/country_code=id/dataset=category_platform/category_platform.csv,id,category_platform,,id,100649,100818,758395205,false
Shopee,758395205,get_category,100817,100649,Baking Decoration,Baking Decoration,FALSE,,Dataset/DataRaw/country_code=id/dataset=category_platform/category_platform.csv,id,category_platform,,id,100649,100817,758395205,false
Shopee,758395205,get_category,100816,100649,Food Coloring,Food Coloring,FALSE,,Dataset/DataRaw/country_code=id/dataset=category_platform/category_platform.csv,id,category_platform,,id,100649,100816,758395205,false
Shopee,758395205,get_category,100815,100649,Flour,Flour,FALSE,,Dataset/DataRaw/country_code=id/dataset=category_platform/category_platform.csv,id,category_platform,,id,100649,100815,758395205,false
Shopee,758395205,get_category,100814,100649,Baking Premix Flour,Baking Premix Flour,FALSE,,Dataset/DataRaw/country_code=id/dataset=category_platform/category_platform.csv,id,category_platform,,id,100649,100814,758395205,false
Shopee,758395205,get_category,100813,100649,Baking Powder & Soda,Baking Powder & Soda,FALSE,,Dataset/DataRaw/country_code=id/dataset=category_platform/category_platform.csv,id,category_platform,,id,100649,100813,758395205,false
Shopee,758395205,get_category,100812,100649,Baking Flavoring,Baking Flavoring,FALSE,,Dataset/DataRaw/country_code=id/dataset=category_platform/category_platform.csv,id,category_platform,,id,100649,100812,758395205,false
Shopee,758395205,get_category,100648,100629,Cooking Essentials,Cooking Essentials,TRUE,,Dataset/DataRaw/country_code=id/dataset=category_platform/category_platform.csv,id,category_platform,,id,100629,100648,758395205,true
Shopee,758395205,get_category,100811,100648,Others,Lainnya,FALSE,,Dataset/DataRaw/country_code=id/dataset=category_platform/category_platform.csv,id,category_platform,,id,100648,100811,758395205,false
Shopee,758395205,get_category,100810,100648,Flour Coating,Flour Coating,FALSE,,Dataset/DataRaw/country_code=id/dataset=category_platform/category_platform.csv,id,category_platform,,id,100648,100810,758395205,false
Shopee,758395205,get_category,100809,100648,Flavour Enhancers,Flavour Enhancers,FALSE,,Dataset/DataRaw/country_code=id/dataset=category_platform/category_platform.csv,id,category_platform,,id,100648,100809,758395205,false
Shopee,758395205,get_category,100808,100648,Cooking Paste & Kit,Cooking Paste & Kit,FALSE,,Dataset/DataRaw/country_code=id/dataset=category_platform/category_platform.csv,id,category_platform,,id,100648,100808,758395205,false
Shopee,758395205,get_category,100807,100648,"Stock, Gravy & Instant Soup","Stock, Gravy & Instant Soup",FALSE,,Dataset/DataRaw/country_code=id/dataset=category_platform/category_platform.csv,id,category_platform,,id,100648,100807,758395205,false
Shopee,758395205,get_category,100806,100648,Sweetener,Sweetener,FALSE,,Dataset/DataRaw/country_code=id/dataset=category_platform/category_platform.csv,id,category_platform,,id,100648,100806,758395205,false
Shopee,758395205,get_category,100805,100648,Sugar,Sugar,FALSE,,Dataset/DataRaw/country_code=id/dataset=category_platform/category_platform.csv,id,category_platform,,id,100648,100805,758395205,false
Shopee,758395205,get_category,100804,100648,Seasonings & Condiments,Seasonings & Condiments,TRUE,,Dataset/DataRaw/country_code=id/dataset=category_platform/category_platform.csv,id,category_platform,,id,100648,100804,758395205,true
Shopee,758395205,get_category,101592,100804,Others,Lainnya,FALSE,,Dataset/DataRaw/country_code=id/dataset=category_platform/category_platform.csv,id,category_platform,,id,100804,101592,758395205,false
Shopee,758395205,get_category,101591,100804,Dressing,Dressing,FALSE,,Dataset/DataRaw/country_code=id/dataset=category_platform/category_platform.csv,id,category_platform,,id,100804,101591,758395205,false
Shopee,758395205,get_category,101590,100804,Cooking Wine,Cooking Wine,FALSE,,Dataset/DataRaw/country_code=id/dataset=category_platform/category_platform.csv,id,category_platform,,id,100804,101590,758395205,false
Shopee,758395205,get_category,101589,100804,Vinegar,Vinegar,FALSE,,Dataset/DataRaw/country_code=id/dataset=category_platform/category_platform.csv,id,category_platform,,id,100804,101589,758395205,false
Shopee,758395205,get_category,101588,100804,Chilli & Sambal,Chilli & Sambal,FALSE,,Dataset/DataRaw/country_code=id/dataset=category_platform/category_platform.csv,id,category_platform,,id,100804,101588,758395205,false
Shopee,758395205,get_category,101587,100804,Sauce,Sauce,FALSE,,Dataset/DataRaw/country_code=id/dataset=category_platform/category_platform.csv,id,category_platform,,id,100804,101587,758395205,false
Shopee,758395205,get_category,101586,100804,Herbs & Spices,Herbs & Spices,FALSE,,Dataset/DataRaw/country_code=id/dataset=category_platform/category_platform.csv,id,category_platform,,id,100804,101586,758395205,false
Shopee,758395205,get_category,101585,100804,Salt,Salt,FALSE,,Dataset/DataRaw/country_code=id/dataset=category_platform/category_platform.csv,id,category_platform,,id,100804,101585,758395205,false
Shopee,758395205,get_category,101584,100804,Pepper,Pepper,FALSE,,Dataset/DataRaw/country_code=id/dataset=category_platform/category_platform.csv,id,category_platform,,id,100804,101584,758395205,false
Shopee,758395205,get_category,100803,100648,Oil,Oil,FALSE,,Dataset/DataRaw/country_code=id/dataset=category_platform/category_platform.csv,id,category_platform,,id,100648,100803,758395205,false
Shopee,758395205,get_category,100647,100629,Food Staples,Food Staples,TRUE,,Dataset/DataRaw/country_code=id/dataset=category_platform/category_platform.csv,id,category_platform,,id,100629,100647,758395205,true
Shopee,758395205,get_category,100802,100647,Preserved Vegetables,Preserved Vegetables,FALSE,,Dataset/DataRaw/country_code=id/dataset=category_platform/category_platform.csv,id,category_platform,,id,100647,100802,758395205,false
Shopee,758395205,get_category,100801,100647,Canned Food,Canned Food,TRUE,,Dataset/DataRaw/country_code=id/dataset=category_platform/category_platform.csv,id,category_platform,,id,100647,100801,758395205,true
Shopee,758395205,get_category,102028,100801,Others,Lainnya,FALSE,,Dataset/DataRaw/country_code=id/dataset=category_platform/category_platform.csv,id,category_platform,,id,100801,102028,758395205,false
Shopee,758395205,get_category,102027,100801,Canned Soup,Canned Soup,FALSE,,Dataset/DataRaw/country_code=id/dataset=category_platform/category_platform.csv,id,category_platform,,id,100801,102027,758395205,false
Shopee,758395205,get_category,102026,100801,Canned Vegetables,Canned Vegetables,FALSE,,Dataset/DataRaw/country_code=id/dataset=category_platform/category_platform.csv,id,category_platform,,id,100801,102026,758395205,false
Shopee,758395205,get_category,102025,100801,Canned Seafood,Canned Seafood,FALSE,,Dataset/DataRaw/country_code=id/dataset=category_platform/category_platform.csv,id,category_platform,,id,100801,102025,758395205,false
Shopee,758395205,get_category,102024,100801,Canned Meat,Canned Meat,FALSE,,Dataset/DataRaw/country_code=id/dataset=category_platform/category_platform.csv,id,category_platform,,id,100801,102024,758395205,false
Shopee,758395205,get_category,101583,100801,Canned Fruits,Canned Fruits,FALSE,,Dataset/DataRaw/country_code=id/dataset=category_platform/category_platform.csv,id,category_platform,,id,100801,101583,758395205,false
Shopee,758395205,get_category,100800,100647,Others,Lainnya,FALSE,,Dataset/DataRaw/country_code=id/dataset=category_platform/category_platform.csv,id,category_platform,,id,100647,100800,758395205,false
Shopee,758395205,get_category,100799,100647,Pasta,Pasta,FALSE,,Dataset/DataRaw/country_code=id/dataset=category_platform/category_platform.csv,id,category_platform,,id,100647,100799,758395205,false
Shopee,758395205,get_category,100798,100647,Rice,Rice,FALSE,,Dataset/DataRaw/country_code=id/dataset=category_platform/category_platform.csv,id,category_platform,,id,100647,100798,758395205,false
Shopee,758395205,get_category,100797,100647,Noodles,Noodles,FALSE,,Dataset/DataRaw/country_code=id/dataset=category_platform/category_platform.csv,id,category_platform,,id,100647,100797,758395205,false
Shopee,758395205,get_category,100796,100647,Dried Goods,Dried Goods,TRUE,,Dataset/DataRaw/country_code=id/dataset=category_platform/category_platform.csv,id,category_platform,,id,100647,100796,758395205,true
Shopee,758395205,get_category,101582,100796,Others,Lainnya,FALSE,,Dataset/DataRaw/country_code=id/dataset=category_platform/category_platform.csv,id,category_platform,,id,100796,101582,758395205,false
Shopee,758395205,get_category,101581,100796,Traditional Herbs,Traditional Herbs,FALSE,,Dataset/DataRaw/country_code=id/dataset=category_platform/category_platform.csv,id,category_platform,,id,100796,101581,758395205,false
Shopee,758395205,get_category,101580,100796,Dried Seafood,Dried Seafood,FALSE,,Dataset/DataRaw/country_code=id/dataset=category_platform/category_platform.csv,id,category_platform,,id,100796,101580,758395205,false
Shopee,758395205,get_category,101579,100796,Beans & Grains,Beans & Grains,FALSE,,Dataset/DataRaw/country_code=id/dataset=category_platform/category_platform.csv,id,category_platform,,id,100796,101579,758395205,false
Shopee,758395205,get_category,100646,100629,Snacks,Snacks,TRUE,,Dataset/DataRaw/country_code=id/dataset=category_platform/category_platform.csv,id,category_platform,,id,100629,100646,758395205,true
Shopee,758395205,get_category,100795,100646,Dried Snacks,Dried Snacks,TRUE,,Dataset/DataRaw/country_code=id/dataset=category_platform/category_platform.csv,id,category_platform,,id,100646,100795,758395205,true
Shopee,758395205,get_category,101578,100795,Others,Lainnya,FALSE,,Dataset/DataRaw/country_code=id/dataset=category_platform/category_platform.csv,id,category_platform,,id,100795,101578,758395205,false
Shopee,758395205,get_category,101577,100795,Dried Seafood Snacks,Dried Seafood Snacks,FALSE,,Dataset/DataRaw/country_code=id/dataset=category_platform/category_platform.csv,id,category_platform,,id,100795,101577,758395205,false
Shopee,758395205,get_category,101576,100795,Meat Floss,Meat Floss,FALSE,,Dataset/DataRaw/country_code=id/dataset=category_platform/category_platform.csv,id,category_platform,,id,100795,101576,758395205,false
Shopee,758395205,get_category,101575,100795,Dried Fruits,Dried Fruits,FALSE,,Dataset/DataRaw/country_code=id/dataset=category_platform/category_platform.csv,id,category_platform,,id,100795,101575,758395205,false
Shopee,758395205,get_category,101574,100795,Meat Jerky and Bakkwa,Meat Jerky and Bakkwa,FALSE,,Dataset/DataRaw/country_code=id/dataset=category_platform/category_platform.csv,id,category_platform,,id,100795,101574,758395205,false
Shopee,758395205,get_category,100794,100646,"Pudding, Jellies & Marshmallow","Pudding, Jellies & Marshmallow",FALSE,,Dataset/DataRaw/country_code=id/dataset=category_platform/category_platform.csv,id,category_platform,,id,100646,100794,758395205,false
Shopee,758395205,get_category,100793,100646,Others,Lainnya,FALSE,,Dataset/DataRaw/country_code=id/dataset=category_platform/category_platform.csv,id,category_platform,,id,100646,100793,758395205,false
Shopee,758395205,get_category,100792,100646,Nuts,Nuts,FALSE,,Dataset/DataRaw/country_code=id/dataset=category_platform/category_platform.csv,id,category_platform,,id,100646,100792,758395205,false
Shopee,758395205,get_category,100791,100646,Seaweed,Seaweed,FALSE,,Dataset/DataRaw/country_code=id/dataset=category_platform/category_platform.csv,id,category_platform,,id,100646,100791,758395205,false
Shopee,758395205,get_category,100790,100646,Popcorn,Popcorn,FALSE,,Dataset/DataRaw/country_code=id/dataset=category_platform/category_platform.csv,id,category_platform,,id,100646,100790,758395205,false
Shopee,758395205,get_category,100789,100646,Seeds,Seeds,FALSE,,Dataset/DataRaw/country_code=id/dataset=category_platform/category_platform.csv,id,category_platform,,id,100646,100789,758395205,false
Shopee,758395205,get_category,100788,100646,Chips & Crisps,Chips & Crisps,FALSE,,Dataset/DataRaw/country_code=id/dataset=category_platform/category_platform.csv,id,category_platform,,id,100646,100788,758395205,false
Shopee,758395205,get_category,100787,100646,"Biscuits, Cookies & Wafers","Biscuits, Cookies & Wafers",FALSE,,Dataset/DataRaw/country_code=id/dataset=category_platform/category_platform.csv,id,category_platform,,id,100646,100787,758395205,false
Shopee,758395205,get_category,100786,100646,Chocolate,Chocolate,FALSE,,Dataset/DataRaw/country_code=id/dataset=category_platform/category_platform.csv,id,category_platform,,id,100646,100786,758395205,false
Shopee,758395205,get_category,100785,100646,Sweets & Candy,Sweets & Candy,FALSE,,Dataset/DataRaw/country_code=id/dataset=category_platform/category_platform.csv,id,category_platform,,id,100646,100785,758395205,false
Shopee,758395205,get_category,100645,100629,Convenience / Ready-to-eat,Convenience / Ready-to-eat,TRUE,,Dataset/DataRaw/country_code=id/dataset=category_platform/category_platform.csv,id,category_platform,,id,100629,100645,758395205,true
Shopee,758395205,get_category,100784,100645,Instant Noodles,Instant Noodles,FALSE,,Dataset/DataRaw/country_code=id/dataset=category_platform/category_platform.csv,id,category_platform,,id,100645,100784,758395205,false
Shopee,758395205,get_category,100783,100645,Instant Hotpot,Instant Hotpot,FALSE,,Dataset/DataRaw/country_code=id/dataset=category_platform/category_platform.csv,id,category_platform,,id,100645,100783,758395205,false
Shopee,758395205,get_category,100782,100645,Instant Rice & Porridge,Instant Rice & Porridge,FALSE,,Dataset/DataRaw/country_code=id/dataset=category_platform/category_platform.csv,id,category_platform,,id,100645,100782,758395205,false
Shopee,758395205,get_category,100781,100645,Others,Lainnya,FALSE,,Dataset/DataRaw/country_code=id/dataset=category_platform/category_platform.csv,id,category_platform,,id,100645,100781,758395205,false
Shopee,758395205,get_category,100780,100645,Cooked Food,Cooked Food,FALSE,,Dataset/DataRaw/country_code=id/dataset=category_platform/category_platform.csv,id,category_platform,,id,100645,100780,758395205,false
Shopee,758395205,get_category,100631,0,Pets,Pets,TRUE,,Dataset/DataRaw/country_code=id/dataset=category_platform/category_platform.csv,id,category_platform,,id,0,100631,758395205,true
Shopee,758395205,get_category,100673,100631,Others,Lainnya,FALSE,,Dataset/DataRaw/country_code=id/dataset=category_platform/category_platform.csv,id,category_platform,,id,100631,100673,758395205,false
Shopee,758395205,get_category,100672,100631,Pet Healthcare,Pet Healthcare,TRUE,,Dataset/DataRaw/country_code=id/dataset=category_platform/category_platform.csv,id,category_platform,,id,100631,100672,758395205,true
Shopee,758395205,get_category,100944,100672,Vitamins & Supplements,Vitamins & Supplements,FALSE,,Dataset/DataRaw/country_code=id/dataset=category_platform/category_platform.csv,id,category_platform,,id,100672,100944,758395205,false
Shopee,758395205,get_category,100943,100672,Others,Lainnya,FALSE,,Dataset/DataRaw/country_code=id/dataset=category_platform/category_platform.csv,id,category_platform,,id,100672,100943,758395205,false
Shopee,758395205,get_category,100671,100631,Pet Clothing & Accessories,Pet Clothing & Accessories,TRUE,,Dataset/DataRaw/country_code=id/dataset=category_platform/category_platform.csv,id,category_platform,,id,100631,100671,758395205,true
Shopee,758395205,get_category,100940,100671,Others,Lainnya,FALSE,,Dataset/DataRaw/country_code=id/dataset=category_platform/category_platform.csv,id,category_platform,,id,100671,100940,758395205,false
Shopee,758395205,get_category,100939,100671,Hats,Hats,FALSE,,Dataset/DataRaw/country_code=id/dataset=category_platform/category_platform.csv,id,category_platform,,id,100671,100939,758395205,false
Shopee,758395205,get_category,100938,100671,Hair Accessories,Aksesoris Rambut,FALSE,,Dataset/DataRaw/country_code=id/dataset=category_platform/category_platform.csv,id,category_platform,,id,100671,100938,758395205,false
Shopee,758395205,get_category,100937,100671,Eyewear,Kacamata,FALSE,,Dataset/DataRaw/country_code=id/dataset=category_platform/category_platform.csv,id,category_platform,,id,100671,100937,758395205,false
Shopee,758395205,get_category,100936,100671,Neck Accessories,Neck Accessories,FALSE,,Dataset/DataRaw/country_code=id/dataset=category_platform/category_platform.csv,id,category_platform,,id,100671,100936,758395205,false
Shopee,758395205,get_category,100935,100671,"Boots, Socks & Paw Protectors","Boots, Socks & Paw Protectors",FALSE,,Dataset/DataRaw/country_code=id/dataset=category_platform/category_platform.csv,id,category_platform,,id,100671,100935,758395205,false
Shopee,758395205,get_category,100934,100671,Wet Weather Gear,Wet Weather Gear,FALSE,,Dataset/DataRaw/country_code=id/dataset=category_platform/category_platform.csv,id,category_platform,,id,100671,100934,758395205,false
Shopee,758395205,get_category,100933,100671,Pet Clothing,Pet Clothing,FALSE,,Dataset/DataRaw/country_code=id/dataset=category_platform/category_platform.csv,id,category_platform,,id,100671,100933,758395205,false
Shopee,758395205,get_category,100670,100631,Pet Grooming,Pet Grooming,TRUE,,Dataset/DataRaw/country_code=id/dataset=category_platform/category_platform.csv,id,category_platform,,id,100631,100670,758395205,true
Shopee,758395205,get_category,100932,100670,Others,Lainnya,FALSE,,Dataset/DataRaw/country_code=id/dataset=category_platform/category_platform.csv,id,category_platform,,id,100670,100932,758395205,false
Shopee,758395205,get_category,100931,100670,Claw Care,Claw Care,FALSE,,Dataset/DataRaw/country_code=id/dataset=category_platform/category_platform.csv,id,category_platform,,id,100670,100931,758395205,false
Shopee,758395205,get_category,100930,100670,Oral Care,Perawatan Mulut,FALSE,,Dataset/DataRaw/country_code=id/dataset=category_platform/category_platform.csv,id,category_platform,,id,100670,100930,758395205,false
Shopee,758395205,get_category,100929,100670,Hair Care,Hair Care,FALSE,,Dataset/DataRaw/country_code=id/dataset=category_platform/category_platform.csv,id,category_platform,,id,100670,100929,758395205,false
Shopee,758395205,get_category,100669,100631,Litter & Toilet,Litter & Toilet,TRUE,,Dataset/DataRaw/country_code=id/dataset=category_platform/category_platform.csv,id,category_platform,,id,100631,100669,758395205,true
Shopee,758395205,get_category,100928,100669,Others,Lainnya,FALSE,,Dataset/DataRaw/country_code=id/dataset=category_platform/category_platform.csv,id,category_platform,,id,100669,100928,758395205,false
Shopee,758395205,get_category,100927,100669,Poop Bags & Scoopers,Poop Bags & Scoopers,FALSE,,Dataset/DataRaw/country_code=id/dataset=category_platform/category_platform.csv,id,category_platform,,id,100669,100927,758395205,false
Shopee,758395205,get_category,100926,100669,Dog Training Pads & Trays,Dog Training Pads & Trays,FALSE,,Dataset/DataRaw/country_code=id/dataset=category_platform/category_platform.csv,id,category_platform,,id,100669,100926,758395205,false
Shopee,758395205,get_category,100925,100669,Diapers,Diapers,FALSE,,Dataset/DataRaw/country_code=id/dataset=category_platform/category_platform.csv,id,category_platform,,id,100669,100925,758395205,false
Shopee,758395205,get_category,100924,100669,Small Pet Bedding & Litter,Small Pet Bedding & Litter,FALSE,,Dataset/DataRaw/country_code=id/dataset=category_platform/category_platform.csv,id,category_platform,,id,100669,100924,758395205,false
Shopee,758395205,get_category,100923,100669,Cat Litter & Boxes,Cat Litter & Boxes,FALSE,,Dataset/DataRaw/country_code=id/dataset=category_platform/category_platform.csv,id,category_platform,,id,100669,100923,758395205,false
Shopee,758395205,get_category,100668,100631,Pet Accessories,Pet Accessories,TRUE,,Dataset/DataRaw/country_code=id/dataset=category_platform/category_platform.csv,id,category_platform,,id,100631,100668,758395205,true
Shopee,758395205,get_category,100922,100668,Others,Lainnya,FALSE,,Dataset/DataRaw/country_code=id/dataset=category_platform/category_platform.csv,id,category_platform,,id,100668,100922,758395205,false
Shopee,758395205,get_category,100921,100668,Aquarium Needs,Aquarium Needs,FALSE,,Dataset/DataRaw/country_code=id/dataset=category_platform/category_platform.csv,id,category_platform,,id,100668,100921,758395205,false
Shopee,758395205,get_category,100920,100668,Pet Furniture,Pet Furniture,TRUE,,Dataset/DataRaw/country_code=id/dataset=category_platform/category_platform.csv,id,category_platform,,id,100668,100920,758395205,true
Shopee,758395205,get_category,101686,100920,Others,Lainnya,FALSE,,Dataset/DataRaw/country_code=id/dataset=category_platform/category_platform.csv,id,category_platform,,id,100920,101686,758395205,false
Shopee,758395205,get_category,101685,100920,Scratching Pads & Posts,Scratching Pads & Posts,FALSE,,Dataset/DataRaw/country_code=id/dataset=category_platform/category_platform.csv,id,category_platform,,id,100920,101685,758395205,false
Shopee,758395205,get_category,101684,100920,Cages & Crates,Cages & Crates,FALSE,,Dataset/DataRaw/country_code=id/dataset=category_platform/category_platform.csv,id,category_platform,,id,100920,101684,758395205,false
Shopee,758395205,get_category,101683,100920,Habitats & Accessories,Habitats & Accessories,FALSE,,Dataset/DataRaw/country_code=id/dataset=category_platform/category_platform.csv,id,category_platform,,id,100920,101683,758395205,false
Shopee,758395205,get_category,101682,100920,Houses,Houses,FALSE,,Dataset/DataRaw/country_code=id/dataset=category_platform/category_platform.csv,id,category_platform,,id,100920,101682,758395205,false
Shopee,758395205,get_category,101681,100920,Beds & Mats,Beds & Mats,FALSE,,Dataset/DataRaw/country_code=id/dataset=category_platform/category_platform.csv,id,category_platform,,id,100920,101681,758395205,false
Shopee,758395205,get_category,100919,100668,Toys,Mainan,TRUE,,Dataset/DataRaw/country_code=id/dataset=category_platform/category_platform.csv,id,category_platform,,id,100668,100919,758395205,true
Shopee,758395205,get_category,101680,100919,Others,Lainnya,FALSE,,Dataset/DataRaw/country_code=id/dataset=category_platform/category_platform.csv,id,category_platform,,id,100919,101680,758395205,false
Shopee,758395205,get_category,101679,100919,Bird Toys,Bird Toys,FALSE,,Dataset/DataRaw/country_code=id/dataset=category_platform/category_platform.csv,id,category_platform,,id,100919,101679,758395205,false
Shopee,758395205,get_category,101678,100919,Small Pet Toys,Small Pet Toys,FALSE,,Dataset/DataRaw/country_code=id/dataset=category_platform/category_platform.csv,id,category_platform,,id,100919,101678,758395205,false
Shopee,758395205,get_category,101677,100919,Dog & Cat Toys,Dog & Cat Toys,TRUE,,Dataset/DataRaw/country_code=id/dataset=category_platform/category_platform.csv,id,category_platform,,id,100919,101677,758395205,true
Shopee,758395205,get_category,101928,101677,Others,Lainnya,FALSE,,Dataset/DataRaw/country_code=id/dataset=category_platform/category_platform.csv,id,category_platform,,id,101677,101928,758395205,false
Shopee,758395205,get_category,101927,101677,Frisbees,Frisbees,FALSE,,Dataset/DataRaw/country_code=id/dataset=category_platform/category_platform.csv,id,category_platform,,id,101677,101927,758395205,false
Shopee,758395205,get_category,101926,101677,"Chew, Bones & Balls","Chew, Bones & Balls",FALSE,,Dataset/DataRaw/country_code=id/dataset=category_platform/category_platform.csv,id,category_platform,,id,101677,101926,758395205,false
Shopee,758395205,get_category,101925,101677,Sticks & Chasers,Sticks & Chasers,FALSE,,Dataset/DataRaw/country_code=id/dataset=category_platform/category_platform.csv,id,category_platform,,id,101677,101925,758395205,false
Shopee,758395205,get_category,100918,100668,"Leashes, Collars, Harnesses & Muzzles","Leashes, Collars, Harnesses & Muzzles",FALSE,,Dataset/DataRaw/country_code=id/dataset=category_platform/category_platform.csv,id,category_platform,,id,100668,100918,758395205,false
Shopee,758395205,get_category,100917,100668,Travel Essentials,Travel Essentials,FALSE,,Dataset/DataRaw/country_code=id/dataset=category_platform/category_platform.csv,id,category_platform,,id,100668,100917,758395205,false
Shopee,758395205,get_category,100916,100668,Bowls & Feeders,Bowls & Feeders,FALSE,,Dataset/DataRaw/country_code=id/dataset=category_platform/category_platform.csv,id,category_platform,,id,100668,100916,758395205,false
Shopee,758395205,get_category,100667,100631,Pet Food,Pet Food,TRUE,,Dataset/DataRaw/country_code=id/dataset=category_platform/category_platform.csv,id,category_platform,,id,100631,100667,758395205,true
Shopee,758395205,get_category,100915,100667,Others,Lainnya,FALSE,,Dataset/DataRaw/country_code=id/dataset=category_platform/category_platform.csv,id,category_platform,,id,100667,100915,758395205,false
Shopee,758395205,get_category,100914,100667,Reptile Food,Reptile Food,FALSE,,Dataset/DataRaw/country_code=id/dataset=category_platform/category_platform.csv,id,category_platform,,id,100667,100914,758395205,false
Shopee,758395205,get_category,100913,100667,Bird Feed,Bird Feed,FALSE,,Dataset/DataRaw/country_code=id/dataset=category_platform/category_platform.csv,id,category_platform,,id,100667,100913,758395205,false
Shopee,758395205,get_category,100912,100667,Aquarium Pet Food,Aquarium Pet Food,FALSE,,Dataset/DataRaw/country_code=id/dataset=category_platform/category_platform.csv,id,category_platform,,id,100667,100912,758395205,false
Shopee,758395205,get_category,100911,100667,Small Pet Treats,Small Pet Treats,FALSE,,Dataset/DataRaw/country_code=id/dataset=category_platform/category_platform.csv,id,category_platform,,id,100667,100911,758395205,false
Shopee,758395205,get_category,100910,100667,Small Pet Food,Small Pet Food,FALSE,,Dataset/DataRaw/country_code=id/dataset=category_platform/category_platform.csv,id,category_platform,,id,100667,100910,758395205,false
Shopee,758395205,get_category,100909,100667,Cat Treats,Cat Treats,FALSE,,Dataset/DataRaw/country_code=id/dataset=category_platform/category_platform.csv,id,category_platform,,id,100667,100909,758395205,false
Shopee,758395205,get_category,100908,100667,Cat Food,Cat Food,FALSE,,Dataset/DataRaw/country_code=id/dataset=category_platform/category_platform.csv,id,category_platform,,id,100667,100908,758395205,false
Shopee,758395205,get_category,100907,100667,Dog Treats,Dog Treats,FALSE,,Dataset/DataRaw/country_code=id/dataset=category_platform/category_platform.csv,id,category_platform,,id,100667,100907,758395205,false
Shopee,758395205,get_category,100906,100667,Dog Food,Dog Food,FALSE,,Dataset/DataRaw/country_code=id/dataset=category_platform/category_platform.csv,id,category_platform,,id,100667,100906,758395205,false
Shopee,758395205,get_category,100632,0,Mom & Baby,Mom & Baby,TRUE,,Dataset/DataRaw/country_code=id/dataset=category_platform/category_platform.csv,id,category_platform,,id,0,100632,758395205,true
Shopee,758395205,get_category,100686,100632,Others,Lainnya,FALSE,,Dataset/DataRaw/country_code=id/dataset=category_platform/category_platform.csv,id,category_platform,,id,100632,100686,758395205,false
Shopee,758395205,get_category,100685,100632,Gift Sets & Packages,Gift Sets & Packages,FALSE,,Dataset/DataRaw/country_code=id/dataset=category_platform/category_platform.csv,id,category_platform,,id,100632,100685,758395205,false
Shopee,758395205,get_category,100684,100632,Toys,Mainan,TRUE,,Dataset/DataRaw/country_code=id/dataset=category_platform/category_platform.csv,id,category_platform,,id,100632,100684,758395205,true
Shopee,758395205,get_category,101015,100684,Others,Lainnya,FALSE,,Dataset/DataRaw/country_code=id/dataset=category_platform/category_platform.csv,id,category_platform,,id,100684,101015,758395205,false
Shopee,758395205,get_category,101014,100684,Slime & Squishy Toys,Slime & Squishy Toys,FALSE,,Dataset/DataRaw/country_code=id/dataset=category_platform/category_platform.csv,id,category_platform,,id,100684,101014,758395205,false
Shopee,758395205,get_category,101013,100684,Robot Toys,Robot Toys,FALSE,,Dataset/DataRaw/country_code=id/dataset=category_platform/category_platform.csv,id,category_platform,,id,100684,101013,758395205,false
Shopee,758395205,get_category,101012,100684,Educational Toys,Educational Toys,TRUE,,Dataset/DataRaw/country_code=id/dataset=category_platform/category_platform.csv,id,category_platform,,id,100684,101012,758395205,true
Shopee,758395205,get_category,101739,101012,Others,Lainnya,FALSE,,Dataset/DataRaw/country_code=id/dataset=category_platform/category_platform.csv,id,category_platform,,id,101012,101739,758395205,false
Shopee,758395205,get_category,101738,101012,Toy Tablets & Computers,Toy Tablets & Computers,FALSE,,Dataset/DataRaw/country_code=id/dataset=category_platform/category_platform.csv,id,category_platform,,id,101012,101738,758395205,false
Shopee,758395205,get_category,101737,101012,Musical Toys,Musical Toys,FALSE,,Dataset/DataRaw/country_code=id/dataset=category_platform/category_platform.csv,id,category_platform,,id,101012,101737,758395205,false
Shopee,758395205,get_category,101736,101012,Puzzles,Puzzles,FALSE,,Dataset/DataRaw/country_code=id/dataset=category_platform/category_platform.csv,id,category_platform,,id,101012,101736,758395205,false
Shopee,758395205,get_category,101735,101012,Shape Sorters,Shape Sorters,FALSE,,Dataset/DataRaw/country_code=id/dataset=category_platform/category_platform.csv,id,category_platform,,id,101012,101735,758395205,false
Shopee,758395205,get_category,101734,101012,Science & Tech Toys,Science & Tech Toys,FALSE,,Dataset/DataRaw/country_code=id/dataset=category_platform/category_platform.csv,id,category_platform,,id,101012,101734,758395205,false
Shopee,758395205,get_category,101733,101012,Math Toys,Math Toys,FALSE,,Dataset/DataRaw/country_code=id/dataset=category_platform/category_platform.csv,id,category_platform,,id,101012,101733,758395205,false
Shopee,758395205,get_category,101732,101012,Arts & Crafts,Arts & Crafts,FALSE,,Dataset/DataRaw/country_code=id/dataset=category_platform/category_platform.csv,id,category_platform,,id,101012,101732,758395205,false
Shopee,758395205,get_category,101011,100684,Sports & Outdoor Play,Sports & Outdoor Play,TRUE,,Dataset/DataRaw/country_code=id/dataset=category_platform/category_platform.csv,id,category_platform,,id,100684,101011,758395205,true
Shopee,758395205,get_category,101731,101011,Others,Lainnya,FALSE,,Dataset/DataRaw/country_code=id/dataset=category_platform/category_platform.csv,id,category_platform,,id,101011,101731,758395205,false
Shopee,758395205,get_category,101730,101011,"Flying Toys, Kites & Wind Spinners","Flying Toys, Kites & Wind Spinners",FALSE,,Dataset/DataRaw/country_code=id/dataset=category_platform/category_platform.csv,id,category_platform,,id,101011,101730,758395205,false
Shopee,758395205,get_category,101729,101011,Sports Toys,Sports Toys,FALSE,,Dataset/DataRaw/country_code=id/dataset=category_platform/category_platform.csv,id,category_platform,,id,101011,101729,758395205,false
Shopee,758395205,get_category,101728,101011,Blasters & Toy Guns,Blasters & Toy Guns,FALSE,,Dataset/DataRaw/country_code=id/dataset=category_platform/category_platform.csv,id,category_platform,,id,101011,101728,758395205,false
Shopee,758395205,get_category,101727,101011,"Pool, Water & Sand Toys","Pool, Water & Sand Toys",FALSE,,Dataset/DataRaw/country_code=id/dataset=category_platform/category_platform.csv,id,category_platform,,id,101011,101727,758395205,false
Shopee,758395205,get_category,101726,101011,"Play Tents, Tunnels & Ball Pits","Play Tents, Tunnels & Ball Pits",FALSE,,Dataset/DataRaw/country_code=id/dataset=category_platform/category_platform.csv,id,category_platform,,id,101011,101726,758395205,false
Shopee,758395205,get_category,101725,101011,Inflatables & Slides,Inflatables & Slides,FALSE,,Dataset/DataRaw/country_code=id/dataset=category_platform/category_platform.csv,id,category_platform,,id,101011,101725,758395205,false
Shopee,758395205,get_category,101724,101011,"Bicycles, Scooters & Ride-ons","Bicycles, Scooters & Ride-ons",FALSE,,Dataset/DataRaw/country_code=id/dataset=category_platform/category_platform.csv,id,category_platform,,id,101011,101724,758395205,false
Shopee,758395205,get_category,101010,100684,Toy Vehicles,Toy Vehicles,FALSE,,Dataset/DataRaw/country_code=id/dataset=category_platform/category_platform.csv,id,category_platform,,id,100684,101010,758395205,false
Shopee,758395205,get_category,101009,100684,Pretend Play,Pretend Play,FALSE,,Dataset/DataRaw/country_code=id/dataset=category_platform/category_platform.csv,id,category_platform,,id,100684,101009,758395205,false
Shopee,758395205,get_category,101008,100684,Dolls & Stuffed Toys,Dolls & Stuffed Toys,TRUE,,Dataset/DataRaw/country_code=id/dataset=category_platform/category_platform.csv,id,category_platform,,id,100684,101008,758395205,true
Shopee,758395205,get_category,101723,101008,Others,Lainnya,FALSE,,Dataset/DataRaw/country_code=id/dataset=category_platform/category_platform.csv,id,category_platform,,id,101008,101723,758395205,false
Shopee,758395205,get_category,101722,101008,Stuffed Toys,Stuffed Toys,FALSE,,Dataset/DataRaw/country_code=id/dataset=category_platform/category_platform.csv,id,category_platform,,id,101008,101722,758395205,false
Shopee,758395205,get_category,101721,101008,Doll Houses & Accessories,Doll Houses & Accessories,FALSE,,Dataset/DataRaw/country_code=id/dataset=category_platform/category_platform.csv,id,category_platform,,id,101008,101721,758395205,false
Shopee,758395205,get_category,101720,101008,Dolls & Accessories,Dolls & Accessories,FALSE,,Dataset/DataRaw/country_code=id/dataset=category_platform/category_platform.csv,id,category_platform,,id,101008,101720,758395205,false
Shopee,758395205,get_category,101007,100684,Block Toys,Block Toys,FALSE,,Dataset/DataRaw/country_code=id/dataset=category_platform/category_platform.csv,id,category_platform,,id,100684,101007,758395205,false
Shopee,758395205,get_category,101006,100684,Baby & Toddler Toys,Baby & Toddler Toys,TRUE,,Dataset/DataRaw/country_code=id/dataset=category_platform/category_platform.csv,id,category_platform,,id,100684,101006,758395205,true
Shopee,758395205,get_category,101719,101006,Others,Lainnya,FALSE,,Dataset/DataRaw/country_code=id/dataset=category_platform/category_platform.csv,id,category_platform,,id,101006,101719,758395205,false
Shopee,758395205,get_category,101718,101006,Teethers,Teethers,FALSE,,Dataset/DataRaw/country_code=id/dataset=category_platform/category_platform.csv,id,category_platform,,id,101006,101718,758395205,false
Shopee,758395205,get_category,101717,101006,Crib Mobiles & Rattles,Crib Mobiles & Rattles,FALSE,,Dataset/DataRaw/country_code=id/dataset=category_platform/category_platform.csv,id,category_platform,,id,101006,101717,758395205,false
Shopee,758395205,get_category,101716,101006,Bath Toys,Bath Toys,FALSE,,Dataset/DataRaw/country_code=id/dataset=category_platform/category_platform.csv,id,category_platform,,id,101006,101716,758395205,false
Shopee,758395205,get_category,101715,101006,Playards & Playpens,Playards & Playpens,FALSE,,Dataset/DataRaw/country_code=id/dataset=category_platform/category_platform.csv,id,category_platform,,id,101006,101715,758395205,false
Shopee,758395205,get_category,101714,101006,Playgym & Playmats,Playgym & Playmats,FALSE,,Dataset/DataRaw/country_code=id/dataset=category_platform/category_platform.csv,id,category_platform,,id,101006,101714,758395205,false
Shopee,758395205,get_category,100683,100632,Diapering & Potty,Diapering & Potty,TRUE,,Dataset/DataRaw/country_code=id/dataset=category_platform/category_platform.csv,id,category_platform,,id,100632,100683,758395205,true
Shopee,758395205,get_category,101005,100683,Others,Lainnya,FALSE,,Dataset/DataRaw/country_code=id/dataset=category_platform/category_platform.csv,id,category_platform,,id,100683,101005,758395205,false
Shopee,758395205,get_category,101004,100683,Cloth Diapers & Accessories,Cloth Diapers & Accessories,FALSE,,Dataset/DataRaw/country_code=id/dataset=category_platform/category_platform.csv,id,category_platform,,id,100683,101004,758395205,false
Shopee,758395205,get_category,101003,100683,Disposable Diapers,Disposable Diapers,FALSE,,Dataset/DataRaw/country_code=id/dataset=category_platform/category_platform.csv,id,category_platform,,id,100683,101003,758395205,false
Shopee,758395205,get_category,101002,100683,Potty Training & Commode Chairs,Potty Training & Commode Chairs,FALSE,,Dataset/DataRaw/country_code=id/dataset=category_platform/category_platform.csv,id,category_platform,,id,100683,101002,758395205,false
Shopee,758395205,get_category,101001,100683,Changing Pads & Kits,Changing Pads & Kits,FALSE,,Dataset/DataRaw/country_code=id/dataset=category_platform/category_platform.csv,id,category_platform,,id,100683,101001,758395205,false
Shopee,758395205,get_category,100682,100632,Baby Healthcare,Baby Healthcare,TRUE,,Dataset/DataRaw/country_code=id/dataset=category_platform/category_platform.csv,id,category_platform,,id,100632,100682,758395205,true
Shopee,758395205,get_category,101000,100682,Others,Lainnya,FALSE,,Dataset/DataRaw/country_code=id/dataset=category_platform/category_platform.csv,id,category_platform,,id,100682,101000,758395205,false
Shopee,758395205,get_category,100999,100682,Sun Care,Sun Care,FALSE,,Dataset/DataRaw/country_code=id/dataset=category_platform/category_platform.csv,id,category_platform,,id,100682,100999,758395205,false
Shopee,758395205,get_category,100998,100682,Baby Oral Care,Baby Oral Care,FALSE,,Dataset/DataRaw/country_code=id/dataset=category_platform/category_platform.csv,id,category_platform,,id,100682,100998,758395205,false
Shopee,758395205,get_category,100997,100682,Baby Skincare,Baby Skincare,TRUE,,Dataset/DataRaw/country_code=id/dataset=category_platform/category_platform.csv,id,category_platform,,id,100682,100997,758395205,true
Shopee,758395205,get_category,101713,100997,Others,Lainnya,FALSE,,Dataset/DataRaw/country_code=id/dataset=category_platform/category_platform.csv,id,category_platform,,id,100997,101713,758395205,false
Shopee,758395205,get_category,101712,100997,Powders,Powders,FALSE,,Dataset/DataRaw/country_code=id/dataset=category_platform/category_platform.csv,id,category_platform,,id,100997,101712,758395205,false
Shopee,758395205,get_category,101711,100997,Oils,Oli / Minyak,FALSE,,Dataset/DataRaw/country_code=id/dataset=category_platform/category_platform.csv,id,category_platform,,id,100997,101711,758395205,false
Shopee,758395205,get_category,101710,100997,Lotion & Creams,Lotion & Creams,FALSE,,Dataset/DataRaw/country_code=id/dataset=category_platform/category_platform.csv,id,category_platform,,id,100997,101710,758395205,false
Shopee,758395205,get_category,100996,100682,Nasal Care,Perawatan Hidung,FALSE,,Dataset/DataRaw/country_code=id/dataset=category_platform/category_platform.csv,id,category_platform,,id,100682,100996,758395205,false
Shopee,758395205,get_category,100995,100682,Baby Vitamins & Supplements,Baby Vitamins & Supplements,FALSE,,Dataset/DataRaw/country_code=id/dataset=category_platform/category_platform.csv,id,category_platform,,id,100682,100995,758395205,false
Shopee,758395205,get_category,100681,100632,Milk Formula & Baby Food,Milk Formula & Baby Food,TRUE,,Dataset/DataRaw/country_code=id/dataset=category_platform/category_platform.csv,id,category_platform,,id,100632,100681,758395205,true
Shopee,758395205,get_category,102070,100681,Ready-to-Drink Milk,Ready-to-Drink Milk,FALSE,,Dataset/DataRaw/country_code=id/dataset=category_platform/category_platform.csv,id,category_platform,,id,100681,102070,758395205,false
Shopee,758395205,get_category,100994,100681,Others,Lainnya,FALSE,,Dataset/DataRaw/country_code=id/dataset=category_platform/category_platform.csv,id,category_platform,,id,100681,100994,758395205,false
Shopee,758395205,get_category,100993,100681,Baby Snack,Baby Snack,FALSE,,Dataset/DataRaw/country_code=id/dataset=category_platform/category_platform.csv,id,category_platform,,id,100681,100993,758395205,false
Shopee,758395205,get_category,100992,100681,"Baby Porridge, Puree & Cereal","Baby Porridge, Puree & Cereal",FALSE,,Dataset/DataRaw/country_code=id/dataset=category_platform/category_platform.csv,id,category_platform,,id,100681,100992,758395205,false
Shopee,758395205,get_category,100991,100681,Milk Formula,Milk Formula,FALSE,,Dataset/DataRaw/country_code=id/dataset=category_platform/category_platform.csv,id,category_platform,,id,100681,100991,758395205,false
Shopee,758395205,get_category,100680,100632,Baby Safety,Baby Safety,TRUE,,Dataset/DataRaw/country_code=id/dataset=category_platform/category_platform.csv,id,category_platform,,id,100632,100680,758395205,true
Shopee,758395205,get_category,100990,100680,Others,Lainnya,FALSE,,Dataset/DataRaw/country_code=id/dataset=category_platform/category_platform.csv,id,category_platform,,id,100680,100990,758395205,false
Shopee,758395205,get_category,100989,100680,Safety Locks & Straps,Safety Locks & Straps,FALSE,,Dataset/DataRaw/country_code=id/dataset=category_platform/category_platform.csv,id,category_platform,,id,100680,100989,758395205,false
Shopee,758395205,get_category,100988,100680,Baby Gates & Doorways,Baby Gates & Doorways,FALSE,,Dataset/DataRaw/country_code=id/dataset=category_platform/category_platform.csv,id,category_platform,,id,100680,100988,758395205,false
Shopee,758395205,get_category,100987,100680,Edge & Corner Guards,Edge & Corner Guards,FALSE,,Dataset/DataRaw/country_code=id/dataset=category_platform/category_platform.csv,id,category_platform,,id,100680,100987,758395205,false
Shopee,758395205,get_category,100986,100680,"Bumpers, Rails & Guards","Bumpers, Rails & Guards",FALSE,,Dataset/DataRaw/country_code=id/dataset=category_platform/category_platform.csv,id,category_platform,,id,100680,100986,758395205,false
Shopee,758395205,get_category,100985,100680,Mosquito Netting,Mosquito Netting,FALSE,,Dataset/DataRaw/country_code=id/dataset=category_platform/category_platform.csv,id,category_platform,,id,100680,100985,758395205,false
Shopee,758395205,get_category,100984,100680,Monitors,Monitor,FALSE,,Dataset/DataRaw/country_code=id/dataset=category_platform/category_platform.csv,id,category_platform,,id,100680,100984,758395205,false
Shopee,758395205,get_category,100679,100632,Nursery,Nursery,TRUE,,Dataset/DataRaw/country_code=id/dataset=category_platform/category_platform.csv,id,category_platform,,id,100632,100679,758395205,true
Shopee,758395205,get_category,100983,100679,Others,Lainnya,FALSE,,Dataset/DataRaw/country_code=id/dataset=category_platform/category_platform.csv,id,category_platform,,id,100679,100983,758395205,false
Shopee,758395205,get_category,100982,100679,Storage & Organization,Storage & Organization,FALSE,,Dataset/DataRaw/country_code=id/dataset=category_platform/category_platform.csv,id,category_platform,,id,100679,100982,758395205,false
Shopee,758395205,get_category,100981,100679,Mattresses & Bedding,Mattresses & Bedding,TRUE,,Dataset/DataRaw/country_code=id/dataset=category_platform/category_platform.csv,id,category_platform,,id,100679,100981,758395205,true
Shopee,758395205,get_category,101709,100981,Others,Lainnya,FALSE,,Dataset/DataRaw/country_code=id/dataset=category_platform/category_platform.csv,id,category_platform,,id,100981,101709,758395205,false
Shopee,758395205,get_category,101708,100981,Bedsheets,Bedsheets,FALSE,,Dataset/DataRaw/country_code=id/dataset=category_platform/category_platform.csv,id,category_platform,,id,100981,101708,758395205,false
Shopee,758395205,get_category,101707,100981,Pillows & Bolsters,Pillows & Bolsters,FALSE,,Dataset/DataRaw/country_code=id/dataset=category_platform/category_platform.csv,id,category_platform,,id,100981,101707,758395205,false
Shopee,758395205,get_category,101706,100981,Blankets & Wrappers,Blankets & Wrappers,FALSE,,Dataset/DataRaw/country_code=id/dataset=category_platform/category_platform.csv,id,category_platform,,id,100981,101706,758395205,false
Shopee,758395205,get_category,100980,100679,Walkers,Walkers,FALSE,,Dataset/DataRaw/country_code=id/dataset=category_platform/category_platform.csv,id,category_platform,,id,100679,100980,758395205,false
Shopee,758395205,get_category,100979,100679,"Bouncers, Rockers & Jumpers","Bouncers, Rockers & Jumpers",FALSE,,Dataset/DataRaw/country_code=id/dataset=category_platform/category_platform.csv,id,category_platform,,id,100679,100979,758395205,false
Shopee,758395205,get_category,100978,100679,Cribs & Cradles & Beds,Cribs & Cradles & Beds,FALSE,,Dataset/DataRaw/country_code=id/dataset=category_platform/category_platform.csv,id,category_platform,,id,100679,100978,758395205,false
Shopee,758395205,get_category,100678,100632,Bath & Body Care,Perawatan Mandi & Tubuh,TRUE,,Dataset/DataRaw/country_code=id/dataset=category_platform/category_platform.csv,id,category_platform,,id,100632,100678,758395205,true
Shopee,758395205,get_category,100977,100678,Others,Lainnya,FALSE,,Dataset/DataRaw/country_code=id/dataset=category_platform/category_platform.csv,id,category_platform,,id,100678,100977,758395205,false
Shopee,758395205,get_category,100976,100678,Baby Laundry Detergent,Baby Laundry Detergent,FALSE,,Dataset/DataRaw/country_code=id/dataset=category_platform/category_platform.csv,id,category_platform,,id,100678,100976,758395205,false
Shopee,758395205,get_category,100975,100678,Wipes,Wipes,FALSE,,Dataset/DataRaw/country_code=id/dataset=category_platform/category_platform.csv,id,category_platform,,id,100678,100975,758395205,false
Shopee,758395205,get_category,100974,100678,Baby Grooming Tools,Baby Grooming Tools,FALSE,,Dataset/DataRaw/country_code=id/dataset=category_platform/category_platform.csv,id,category_platform,,id,100678,100974,758395205,false
Shopee,758395205,get_category,100973,100678,Baby Colognes & Fragrances,Baby Colognes & Fragrances,FALSE,,Dataset/DataRaw/country_code=id/dataset=category_platform/category_platform.csv,id,category_platform,,id,100678,100973,758395205,false
Shopee,758395205,get_category,100972,100678,Hair Care & Body Wash,Hair Care & Body Wash,FALSE,,Dataset/DataRaw/country_code=id/dataset=category_platform/category_platform.csv,id,category_platform,,id,100678,100972,758395205,false
Shopee,758395205,get_category,100971,100678,Bathing Tools & Accessories,Bathing Tools & Accessories,FALSE,,Dataset/DataRaw/country_code=id/dataset=category_platform/category_platform.csv,id,category_platform,,id,100678,100971,758395205,false
Shopee,758395205,get_category,100970,100678,Shower Caps,Penutup Rambut Mandi,FALSE,,Dataset/DataRaw/country_code=id/dataset=category_platform/category_platform.csv,id,category_platform,,id,100678,100970,758395205,false
Shopee,758395205,get_category,100969,100678,"Bath Robes, Towels & Wash Cloths","Bath Robes, Towels & Wash Cloths",FALSE,,Dataset/DataRaw/country_code=id/dataset=category_platform/category_platform.csv,id,category_platform,,id,100678,100969,758395205,false
Shopee,758395205,get_category,100968,100678,Bathing Tubs & Seats,Bathing Tubs & Seats,FALSE,,Dataset/DataRaw/country_code=id/dataset=category_platform/category_platform.csv,id,category_platform,,id,100678,100968,758395205,false
Shopee,758395205,get_category,100677,100632,Maternity Healthcare,Maternity Healthcare,TRUE,,Dataset/DataRaw/country_code=id/dataset=category_platform/category_platform.csv,id,category_platform,,id,100632,100677,758395205,true
Shopee,758395205,get_category,100967,100677,Others,Lainnya,FALSE,,Dataset/DataRaw/country_code=id/dataset=category_platform/category_platform.csv,id,category_platform,,id,100677,100967,758395205,false
Shopee,758395205,get_category,100966,100677,Moisturizers & Creams,Moisturizers & Creams,FALSE,,Dataset/DataRaw/country_code=id/dataset=category_platform/category_platform.csv,id,category_platform,,id,100677,100966,758395205,false
Shopee,758395205,get_category,100965,100677,Maternity Vitamins & Supplement,Maternity Vitamins & Supplement,FALSE,,Dataset/DataRaw/country_code=id/dataset=category_platform/category_platform.csv,id,category_platform,,id,100677,100965,758395205,false
Shopee,758395205,get_category,100964,100677,Maternity Milk,Maternity Milk,FALSE,,Dataset/DataRaw/country_code=id/dataset=category_platform/category_platform.csv,id,category_platform,,id,100677,100964,758395205,false
Shopee,758395205,get_category,100676,100632,Maternity Accessories,Maternity Accessories,TRUE,,Dataset/DataRaw/country_code=id/dataset=category_platform/category_platform.csv,id,category_platform,,id,100632,100676,758395205,true
Shopee,758395205,get_category,100963,100676,Others,Lainnya,FALSE,,Dataset/DataRaw/country_code=id/dataset=category_platform/category_platform.csv,id,category_platform,,id,100676,100963,758395205,false
Shopee,758395205,get_category,100962,100676,Maternity Pillows,Maternity Pillows,FALSE,,Dataset/DataRaw/country_code=id/dataset=category_platform/category_platform.csv,id,category_platform,,id,100676,100962,758395205,false
Shopee,758395205,get_category,100961,100676,Supporting Belts,Supporting Belts,FALSE,,Dataset/DataRaw/country_code=id/dataset=category_platform/category_platform.csv,id,category_platform,,id,100676,100961,758395205,false
Shopee,758395205,get_category,100675,100632,Feeding Essentials,Feeding Essentials,TRUE,,Dataset/DataRaw/country_code=id/dataset=category_platform/category_platform.csv,id,category_platform,,id,100632,100675,758395205,true
Shopee,758395205,get_category,100960,100675,Others,Lainnya,FALSE,,Dataset/DataRaw/country_code=id/dataset=category_platform/category_platform.csv,id,category_platform,,id,100675,100960,758395205,false
Shopee,758395205,get_category,100959,100675,Food Processors,Food Processors,FALSE,,Dataset/DataRaw/country_code=id/dataset=category_platform/category_platform.csv,id,category_platform,,id,100675,100959,758395205,false
Shopee,758395205,get_category,100958,100675,Pacifiers,Pacifiers,FALSE,,Dataset/DataRaw/country_code=id/dataset=category_platform/category_platform.csv,id,category_platform,,id,100675,100958,758395205,false
Shopee,758395205,get_category,100957,100675,Bibs,Bibs,FALSE,,Dataset/DataRaw/country_code=id/dataset=category_platform/category_platform.csv,id,category_platform,,id,100675,100957,758395205,false
Shopee,758395205,get_category,100956,100675,Utensils,Utensils,TRUE,,Dataset/DataRaw/country_code=id/dataset=category_platform/category_platform.csv,id,category_platform,,id,100675,100956,758395205,true
Shopee,758395205,get_category,101705,100956,Others,Lainnya,FALSE,,Dataset/DataRaw/country_code=id/dataset=category_platform/category_platform.csv,id,category_platform,,id,100956,101705,758395205,false
Shopee,758395205,get_category,101704,100956,Baby Food Containers,Baby Food Containers,FALSE,,Dataset/DataRaw/country_code=id/dataset=category_platform/category_platform.csv,id,category_platform,,id,100956,101704,758395205,false
Shopee,758395205,get_category,101703,100956,Baby Tableware,Baby Tableware,FALSE,,Dataset/DataRaw/country_code=id/dataset=category_platform/category_platform.csv,id,category_platform,,id,100956,101703,758395205,false
Shopee,758395205,get_category,101702,100956,Baby Cups,Baby Cups,FALSE,,Dataset/DataRaw/country_code=id/dataset=category_platform/category_platform.csv,id,category_platform,,id,100956,101702,758395205,false
Shopee,758395205,get_category,100955,100675,Highchairs & Booster Seats,Highchairs & Booster Seats,FALSE,,Dataset/DataRaw/country_code=id/dataset=category_platform/category_platform.csv,id,category_platform,,id,100675,100955,758395205,false
Shopee,758395205,get_category,100954,100675,Breastfeeding,Breastfeeding,TRUE,,Dataset/DataRaw/country_code=id/dataset=category_platform/category_platform.csv,id,category_platform,,id,100675,100954,758395205,true
Shopee,758395205,get_category,101701,100954,Others,Lainnya,FALSE,,Dataset/DataRaw/country_code=id/dataset=category_platform/category_platform.csv,id,category_platform,,id,100954,101701,758395205,false
Shopee,758395205,get_category,101700,100954,Breastmilk Storage Bags,Breastmilk Storage Bags,FALSE,,Dataset/DataRaw/country_code=id/dataset=category_platform/category_platform.csv,id,category_platform,,id,100954,101700,758395205,false
Shopee,758395205,get_category,101699,100954,Nursing Covers,Nursing Covers,FALSE,,Dataset/DataRaw/country_code=id/dataset=category_platform/category_platform.csv,id,category_platform,,id,100954,101699,758395205,false
Shopee,758395205,get_category,101698,100954,"Breast Pads, Shells & Shields","Breast Pads, Shells & Shields",FALSE,,Dataset/DataRaw/country_code=id/dataset=category_platform/category_platform.csv,id,category_platform,,id,100954,101698,758395205,false
Shopee,758395205,get_category,101697,100954,Breast Pump & Accessories,Breast Pump & Accessories,FALSE,,Dataset/DataRaw/country_code=id/dataset=category_platform/category_platform.csv,id,category_platform,,id,100954,101697,758395205,false
Shopee,758395205,get_category,100953,100675,Bottle-feeding,Bottle-feeding,TRUE,,Dataset/DataRaw/country_code=id/dataset=category_platform/category_platform.csv,id,category_platform,,id,100675,100953,758395205,true
Shopee,758395205,get_category,101696,100953,Others,Lainnya,FALSE,,Dataset/DataRaw/country_code=id/dataset=category_platform/category_platform.csv,id,category_platform,,id,100953,101696,758395205,false
Shopee,758395205,get_category,101695,100953,Sterilizers,Sterilizers,FALSE,,Dataset/DataRaw/country_code=id/dataset=category_platform/category_platform.csv,id,category_platform,,id,100953,101695,758395205,false
Shopee,758395205,get_category,101694,100953,Warmers,Warmers,FALSE,,Dataset/DataRaw/country_code=id/dataset=category_platform/category_platform.csv,id,category_platform,,id,100953,101694,758395205,false
Shopee,758395205,get_category,101693,100953,Bottle Cleansing,Bottle Cleansing,FALSE,,Dataset/DataRaw/country_code=id/dataset=category_platform/category_platform.csv,id,category_platform,,id,100953,101693,758395205,false
Shopee,758395205,get_category,101692,100953,Bottles & Bottle accessories,Bottles & Bottle accessories,FALSE,,Dataset/DataRaw/country_code=id/dataset=category_platform/category_platform.csv,id,category_platform,,id,100953,101692,758395205,false
Shopee,758395205,get_category,101691,100953,Bottle Cooler Bag,Bottle Cooler Bag,FALSE,,Dataset/DataRaw/country_code=id/dataset=category_platform/category_platform.csv,id,category_platform,,id,100953,101691,758395205,false
Shopee,758395205,get_category,100674,100632,Baby Travel Essentials,Baby Travel Essentials,TRUE,,Dataset/DataRaw/country_code=id/dataset=category_platform/category_platform.csv,id,category_platform,,id,100632,100674,758395205,true
Shopee,758395205,get_category,100952,100674,Others,Lainnya,FALSE,,Dataset/DataRaw/country_code=id/dataset=category_platform/category_platform.csv,id,category_platform,,id,100674,100952,758395205,false
Shopee,758395205,get_category,100951,100674,Child Harnesses & Leashes,Child Harnesses & Leashes,FALSE,,Dataset/DataRaw/country_code=id/dataset=category_platform/category_platform.csv,id,category_platform,,id,100674,100951,758395205,false
Shopee,758395205,get_category,100950,100674,Diaper Bags,Diaper Bags,FALSE,,Dataset/DataRaw/country_code=id/dataset=category_platform/category_platform.csv,id,category_platform,,id,100674,100950,758395205,false
Shopee,758395205,get_category,100949,100674,Car & Motorbike Seats Accessories,Car & Motorbike Seats Accessories,FALSE,,Dataset/DataRaw/country_code=id/dataset=category_platform/category_platform.csv,id,category_platform,,id,100674,100949,758395205,false
Shopee,758395205,get_category,100948,100674,Car & Motorbike Seats,Car & Motorbike Seats,FALSE,,Dataset/DataRaw/country_code=id/dataset=category_platform/category_platform.csv,id,category_platform,,id,100674,100948,758395205,false
Shopee,758395205,get_category,100947,100674,Stroller Accessories,Stroller Accessories,FALSE,,Dataset/DataRaw/country_code=id/dataset=category_platform/category_platform.csv,id,category_platform,,id,100674,100947,758395205,false
Shopee,758395205,get_category,100946,100674,Strollers & Travel Systems,Strollers & Travel Systems,FALSE,,Dataset/DataRaw/country_code=id/dataset=category_platform/category_platform.csv,id,category_platform,,id,100674,100946,758395205,false
Shopee,758395205,get_category,100945,100674,Baby Carrier,Baby Carrier,FALSE,,Dataset/DataRaw/country_code=id/dataset=category_platform/category_platform.csv,id,category_platform,,id,100674,100945,758395205,false
Shopee,758395205,get_category,100633,0,Baby & Kids Fashion,Baby & Kids Fashion,TRUE,,Dataset/DataRaw/country_code=id/dataset=category_platform/category_platform.csv,id,category_platform,,id,0,100633,758395205,true
Shopee,758395205,get_category,100694,100633,Others,Lainnya,FALSE,,Dataset/DataRaw/country_code=id/dataset=category_platform/category_platform.csv,id,category_platform,,id,100633,100694,758395205,false
Shopee,758395205,get_category,100693,100633,Girl Shoes,Girl Shoes,TRUE,,Dataset/DataRaw/country_code=id/dataset=category_platform/category_platform.csv,id,category_platform,,id,100633,100693,758395205,true
Shopee,758395205,get_category,101072,100693,Others,Lainnya,FALSE,,Dataset/DataRaw/country_code=id/dataset=category_platform/category_platform.csv,id,category_platform,,id,100693,101072,758395205,false
Shopee,758395205,get_category,101071,100693,Flats,Sepatu Teplek (Flats),FALSE,,Dataset/DataRaw/country_code=id/dataset=category_platform/category_platform.csv,id,category_platform,,id,100693,101071,758395205,false
Shopee,758395205,get_category,101070,100693,Flip Flops,Sandal Jepit,FALSE,,Dataset/DataRaw/country_code=id/dataset=category_platform/category_platform.csv,id,category_platform,,id,100693,101070,758395205,false
Shopee,758395205,get_category,101069,100693,Loafers,Sepatu Loafers,FALSE,,Dataset/DataRaw/country_code=id/dataset=category_platform/category_platform.csv,id,category_platform,,id,100693,101069,758395205,false
Shopee,758395205,get_category,101068,100693,Sneakers,Sepatu Kets (Sneakers),FALSE,,Dataset/DataRaw/country_code=id/dataset=category_platform/category_platform.csv,id,category_platform,,id,100693,101068,758395205,false
Shopee,758395205,get_category,101067,100693,Sandals,Sandal,FALSE,,Dataset/DataRaw/country_code=id/dataset=category_platform/category_platform.csv,id,category_platform,,id,100693,101067,758395205,false
Shopee,758395205,get_category,101066,100693,Boots,Sepatu Bot,FALSE,,Dataset/DataRaw/country_code=id/dataset=category_platform/category_platform.csv,id,category_platform,,id,100693,101066,758395205,false
Shopee,758395205,get_category,100692,100633,Boy Shoes,Boy Shoes,TRUE,,Dataset/DataRaw/country_code=id/dataset=category_platform/category_platform.csv,id,category_platform,,id,100633,100692,758395205,true
Shopee,758395205,get_category,101065,100692,Others,Lainnya,FALSE,,Dataset/DataRaw/country_code=id/dataset=category_platform/category_platform.csv,id,category_platform,,id,100692,101065,758395205,false
Shopee,758395205,get_category,101064,100692,Loafers,Sepatu Loafers,FALSE,,Dataset/DataRaw/country_code=id/dataset=category_platform/category_platform.csv,id,category_platform,,id,100692,101064,758395205,false
Shopee,758395205,get_category,101063,100692,Formal Shoes,Formal Shoes,FALSE,,Dataset/DataRaw/country_code=id/dataset=category_platform/category_platform.csv,id,category_platform,,id,100692,101063,758395205,false
Shopee,758395205,get_category,101062,100692,Flip Flops,Sandal Jepit,FALSE,,Dataset/DataRaw/country_code=id/dataset=category_platform/category_platform.csv,id,category_platform,,id,100692,101062,758395205,false
Shopee,758395205,get_category,101061,100692,Sneakers,Sepatu Kets (Sneakers),FALSE,,Dataset/DataRaw/country_code=id/dataset=category_platform/category_platform.csv,id,category_platform,,id,100692,101061,758395205,false
Shopee,758395205,get_category,101060,100692,Sandals,Sandal,FALSE,,Dataset/DataRaw/country_code=id/dataset=category_platform/category_platform.csv,id,category_platform,,id,100692,101060,758395205,false
Shopee,758395205,get_category,101059,100692,Boots,Sepatu Bot,FALSE,,Dataset/DataRaw/country_code=id/dataset=category_platform/category_platform.csv,id,category_platform,,id,100692,101059,758395205,false
Shopee,758395205,get_category,100691,100633,Girl Clothes,Girl Clothes,TRUE,,Dataset/DataRaw/country_code=id/dataset=category_platform/category_platform.csv,id,category_platform,,id,100633,100691,758395205,true
Shopee,758395205,get_category,101058,100691,Others,Lainnya,FALSE,,Dataset/DataRaw/country_code=id/dataset=category_platform/category_platform.csv,id,category_platform,,id,100691,101058,758395205,false
Shopee,758395205,get_category,101057,100691,Suits & Sets,Jas & Setelan,FALSE,,Dataset/DataRaw/country_code=id/dataset=category_platform/category_platform.csv,id,category_platform,,id,100691,101057,758395205,false
Shopee,758395205,get_category,101056,100691,Dresses,Gaun / Dress,FALSE,,Dataset/DataRaw/country_code=id/dataset=category_platform/category_platform.csv,id,category_platform,,id,100691,101056,758395205,false
Shopee,758395205,get_category,101055,100691,"Rompers, Jumpsuits & Overalls","Rompers, Jumpsuits & Overalls",FALSE,,Dataset/DataRaw/country_code=id/dataset=category_platform/category_platform.csv,id,category_platform,,id,100691,101055,758395205,false
Shopee,758395205,get_category,101054,100691,Bottoms,Bawahan,TRUE,,Dataset/DataRaw/country_code=id/dataset=category_platform/category_platform.csv,id,category_platform,,id,100691,101054,758395205,true
Shopee,758395205,get_category,101789,101054,Others,Lainnya,FALSE,,Dataset/DataRaw/country_code=id/dataset=category_platform/category_platform.csv,id,category_platform,,id,101054,101789,758395205,false
Shopee,758395205,get_category,101788,101054,Leggings,Legging,FALSE,,Dataset/DataRaw/country_code=id/dataset=category_platform/category_platform.csv,id,category_platform,,id,101054,101788,758395205,false
Shopee,758395205,get_category,101787,101054,Skirts,Rok,FALSE,,Dataset/DataRaw/country_code=id/dataset=category_platform/category_platform.csv,id,category_platform,,id,101054,101787,758395205,false
Shopee,758395205,get_category,101786,101054,Shorts,Celana Pendek,FALSE,,Dataset/DataRaw/country_code=id/dataset=category_platform/category_platform.csv,id,category_platform,,id,101054,101786,758395205,false
Shopee,758395205,get_category,101785,101054,Pants,Celana Panjang,FALSE,,Dataset/DataRaw/country_code=id/dataset=category_platform/category_platform.csv,id,category_platform,,id,101054,101785,758395205,false
Shopee,758395205,get_category,101784,101054,Jeans,Jeans,FALSE,,Dataset/DataRaw/country_code=id/dataset=category_platform/category_platform.csv,id,category_platform,,id,101054,101784,758395205,false
Shopee,758395205,get_category,101053,100691,Outerwear,Pakaian Luar (Outerwear),TRUE,,Dataset/DataRaw/country_code=id/dataset=category_platform/category_platform.csv,id,category_platform,,id,100691,101053,758395205,true
Shopee,758395205,get_category,101783,101053,Others,Lainnya,FALSE,,Dataset/DataRaw/country_code=id/dataset=category_platform/category_platform.csv,id,category_platform,,id,101053,101783,758395205,false
Shopee,758395205,get_category,101782,101053,Hoodies,Hoodie,FALSE,,Dataset/DataRaw/country_code=id/dataset=category_platform/category_platform.csv,id,category_platform,,id,101053,101782,758395205,false
Shopee,758395205,get_category,101781,101053,Blazers,Blazer,FALSE,,Dataset/DataRaw/country_code=id/dataset=category_platform/category_platform.csv,id,category_platform,,id,101053,101781,758395205,false
Shopee,758395205,get_category,101780,101053,Sweaters & Cardigans,Sweter & Kardigan,FALSE,,Dataset/DataRaw/country_code=id/dataset=category_platform/category_platform.csv,id,category_platform,,id,101053,101780,758395205,false
Shopee,758395205,get_category,101779,101053,Vests,Rompi,FALSE,,Dataset/DataRaw/country_code=id/dataset=category_platform/category_platform.csv,id,category_platform,,id,101053,101779,758395205,false
Shopee,758395205,get_category,101778,101053,Winter Outerwear,Pakaian Luar Musim Dingin,FALSE,,Dataset/DataRaw/country_code=id/dataset=category_platform/category_platform.csv,id,category_platform,,id,101053,101778,758395205,false
Shopee,758395205,get_category,101777,101053,Regular Jackets & Coats,Jaket & Mantel Biasa,FALSE,,Dataset/DataRaw/country_code=id/dataset=category_platform/category_platform.csv,id,category_platform,,id,101053,101777,758395205,false
Shopee,758395205,get_category,101052,100691,Tops,Atasan,TRUE,,Dataset/DataRaw/country_code=id/dataset=category_platform/category_platform.csv,id,category_platform,,id,100691,101052,758395205,true
Shopee,758395205,get_category,101776,101052,Others,Lainnya,FALSE,,Dataset/DataRaw/country_code=id/dataset=category_platform/category_platform.csv,id,category_platform,,id,101052,101776,758395205,false
Shopee,758395205,get_category,101775,101052,Shirts & Blouses,Shirts & Blouses,FALSE,,Dataset/DataRaw/country_code=id/dataset=category_platform/category_platform.csv,id,category_platform,,id,101052,101775,758395205,false
Shopee,758395205,get_category,101774,101052,Polo Shirts,Kaus Polo,FALSE,,Dataset/DataRaw/country_code=id/dataset=category_platform/category_platform.csv,id,category_platform,,id,101052,101774,758395205,false
Shopee,758395205,get_category,101773,101052,T-shirts,Kaus / T-Shirt,FALSE,,Dataset/DataRaw/country_code=id/dataset=category_platform/category_platform.csv,id,category_platform,,id,101052,101773,758395205,false
Shopee,758395205,get_category,101051,100691,Swimwear,Pakaian Renang,FALSE,,Dataset/DataRaw/country_code=id/dataset=category_platform/category_platform.csv,id,category_platform,,id,100691,101051,758395205,false
Shopee,758395205,get_category,101050,100691,Sleepwear,Pakaian Tidur,FALSE,,Dataset/DataRaw/country_code=id/dataset=category_platform/category_platform.csv,id,category_platform,,id,100691,101050,758395205,false
Shopee,758395205,get_category,101049,100691,Underwear & Innerwear,Underwear & Innerwear,FALSE,,Dataset/DataRaw/country_code=id/dataset=category_platform/category_platform.csv,id,category_platform,,id,100691,101049,758395205,false
Shopee,758395205,get_category,101048,100691,Costumes,Kostum,FALSE,,Dataset/DataRaw/country_code=id/dataset=category_platform/category_platform.csv,id,category_platform,,id,100691,101048,758395205,false
Shopee,758395205,get_category,100690,100633,Boy Clothes,Boy Clothes,TRUE,,Dataset/DataRaw/country_code=id/dataset=category_platform/category_platform.csv,id,category_platform,,id,100633,100690,758395205,true
Shopee,758395205,get_category,101047,100690,Others,Lainnya,FALSE,,Dataset/DataRaw/country_code=id/dataset=category_platform/category_platform.csv,id,category_platform,,id,100690,101047,758395205,false
Shopee,758395205,get_category,101046,100690,Suits & Sets,Jas & Setelan,FALSE,,Dataset/DataRaw/country_code=id/dataset=category_platform/category_platform.csv,id,category_platform,,id,100690,101046,758395205,false
Shopee,758395205,get_category,101045,100690,Bottoms,Bawahan,TRUE,,Dataset/DataRaw/country_code=id/dataset=category_platform/category_platform.csv,id,category_platform,,id,100690,101045,758395205,true
Shopee,758395205,get_category,101772,101045,Others,Lainnya,FALSE,,Dataset/DataRaw/country_code=id/dataset=category_platform/category_platform.csv,id,category_platform,,id,101045,101772,758395205,false
Shopee,758395205,get_category,101771,101045,Overalls,Overalls,FALSE,,Dataset/DataRaw/country_code=id/dataset=category_platform/category_platform.csv,id,category_platform,,id,101045,101771,758395205,false
Shopee,758395205,get_category,101770,101045,Shorts,Celana Pendek,FALSE,,Dataset/DataRaw/country_code=id/dataset=category_platform/category_platform.csv,id,category_platform,,id,101045,101770,758395205,false
Shopee,758395205,get_category,101769,101045,Pants,Celana Panjang,FALSE,,Dataset/DataRaw/country_code=id/dataset=category_platform/category_platform.csv,id,category_platform,,id,101045,101769,758395205,false
Shopee,758395205,get_category,101768,101045,Jeans,Jeans,FALSE,,Dataset/DataRaw/country_code=id/dataset=category_platform/category_platform.csv,id,category_platform,,id,101045,101768,758395205,false
Shopee,758395205,get_category,101044,100690,Outerwear,Pakaian Luar (Outerwear),TRUE,,Dataset/DataRaw/country_code=id/dataset=category_platform/category_platform.csv,id,category_platform,,id,100690,101044,758395205,true
Shopee,758395205,get_category,101767,101044,Others,Lainnya,FALSE,,Dataset/DataRaw/country_code=id/dataset=category_platform/category_platform.csv,id,category_platform,,id,101044,101767,758395205,false
Shopee,758395205,get_category,101766,101044,Hoodies,Hoodie,FALSE,,Dataset/DataRaw/country_code=id/dataset=category_platform/category_platform.csv,id,category_platform,,id,101044,101766,758395205,false
Shopee,758395205,get_category,101765,101044,Blazers,Blazer,FALSE,,Dataset/DataRaw/country_code=id/dataset=category_platform/category_platform.csv,id,category_platform,,id,101044,101765,758395205,false
Shopee,758395205,get_category,101764,101044,Sweaters & Cardigans,Sweter & Kardigan,FALSE,,Dataset/DataRaw/country_code=id/dataset=category_platform/category_platform.csv,id,category_platform,,id,101044,101764,758395205,false
Shopee,758395205,get_category,101763,101044,Vests,Rompi,FALSE,,Dataset/DataRaw/country_code=id/dataset=category_platform/category_platform.csv,id,category_platform,,id,101044,101763,758395205,false
Shopee,758395205,get_category,101762,101044,Winter Outerwear,Pakaian Luar Musim Dingin,FALSE,,Dataset/DataRaw/country_code=id/dataset=category_platform/category_platform.csv,id,category_platform,,id,101044,101762,758395205,false
Shopee,758395205,get_category,101761,101044,Regular Jackets & Coats,Jaket & Mantel Biasa,FALSE,,Dataset/DataRaw/country_code=id/dataset=category_platform/category_platform.csv,id,category_platform,,id,101044,101761,758395205,false
Shopee,758395205,get_category,101043,100690,Tops,Atasan,TRUE,,Dataset/DataRaw/country_code=id/dataset=category_platform/category_platform.csv,id,category_platform,,id,100690,101043,758395205,true
Shopee,758395205,get_category,101760,101043,Others,Lainnya,FALSE,,Dataset/DataRaw/country_code=id/dataset=category_platform/category_platform.csv,id,category_platform,,id,101043,101760,758395205,false
Shopee,758395205,get_category,101759,101043,Shirts,Shirts,FALSE,,Dataset/DataRaw/country_code=id/dataset=category_platform/category_platform.csv,id,category_platform,,id,101043,101759,758395205,false
Shopee,758395205,get_category,101758,101043,Polo Shirts,Kaus Polo,FALSE,,Dataset/DataRaw/country_code=id/dataset=category_platform/category_platform.csv,id,category_platform,,id,101043,101758,758395205,false
Shopee,758395205,get_category,101757,101043,T-shirts,Kaus / T-Shirt,FALSE,,Dataset/DataRaw/country_code=id/dataset=category_platform/category_platform.csv,id,category_platform,,id,101043,101757,758395205,false
Shopee,758395205,get_category,101042,100690,Swimwear,Pakaian Renang,FALSE,,Dataset/DataRaw/country_code=id/dataset=category_platform/category_platform.csv,id,category_platform,,id,100690,101042,758395205,false
Shopee,758395205,get_category,101041,100690,Sleepwear,Pakaian Tidur,FALSE,,Dataset/DataRaw/country_code=id/dataset=category_platform/category_platform.csv,id,category_platform,,id,100690,101041,758395205,false
Shopee,758395205,get_category,101040,100690,Underwear & Innerwear,Underwear & Innerwear,FALSE,,Dataset/DataRaw/country_code=id/dataset=category_platform/category_platform.csv,id,category_platform,,id,100690,101040,758395205,false
Shopee,758395205,get_category,101039,100690,Costumes,Kostum,FALSE,,Dataset/DataRaw/country_code=id/dataset=category_platform/category_platform.csv,id,category_platform,,id,100690,101039,758395205,false
Shopee,758395205,get_category,100689,100633,Baby & Kids Accessories,Baby & Kids Accessories,TRUE,,Dataset/DataRaw/country_code=id/dataset=category_platform/category_platform.csv,id,category_platform,,id,100633,100689,758395205,true
Shopee,758395205,get_category,101038,100689,Others,Lainnya,FALSE,,Dataset/DataRaw/country_code=id/dataset=category_platform/category_platform.csv,id,category_platform,,id,100689,101038,758395205,false
Shopee,758395205,get_category,101037,100689,Earmuffs,Earmuffs,FALSE,,Dataset/DataRaw/country_code=id/dataset=category_platform/category_platform.csv,id,category_platform,,id,100689,101037,758395205,false
Shopee,758395205,get_category,101036,100689,Rain Gear,Rain Gear,TRUE,,Dataset/DataRaw/country_code=id/dataset=category_platform/category_platform.csv,id,category_platform,,id,100689,101036,758395205,true
Shopee,758395205,get_category,101756,101036,Others,Lainnya,FALSE,,Dataset/DataRaw/country_code=id/dataset=category_platform/category_platform.csv,id,category_platform,,id,101036,101756,758395205,false
Shopee,758395205,get_category,101755,101036,Rain Boots,Sepatu Bot Hujan,FALSE,,Dataset/DataRaw/country_code=id/dataset=category_platform/category_platform.csv,id,category_platform,,id,101036,101755,758395205,false
Shopee,758395205,get_category,101754,101036,Raincoats,Raincoats,FALSE,,Dataset/DataRaw/country_code=id/dataset=category_platform/category_platform.csv,id,category_platform,,id,101036,101754,758395205,false
Shopee,758395205,get_category,101035,100689,Jewelry,Perhiasan,TRUE,,Dataset/DataRaw/country_code=id/dataset=category_platform/category_platform.csv,id,category_platform,,id,100689,101035,758395205,true
Shopee,758395205,get_category,101753,101035,Others,Lainnya,FALSE,,Dataset/DataRaw/country_code=id/dataset=category_platform/category_platform.csv,id,category_platform,,id,101035,101753,758395205,false
Shopee,758395205,get_category,101752,101035,Rings,Cincin,FALSE,,Dataset/DataRaw/country_code=id/dataset=category_platform/category_platform.csv,id,category_platform,,id,101035,101752,758395205,false
Shopee,758395205,get_category,101751,101035,Necklaces,Kalung,FALSE,,Dataset/DataRaw/country_code=id/dataset=category_platform/category_platform.csv,id,category_platform,,id,101035,101751,758395205,false
Shopee,758395205,get_category,101750,101035,Earrings,Anting,FALSE,,Dataset/DataRaw/country_code=id/dataset=category_platform/category_platform.csv,id,category_platform,,id,101035,101750,758395205,false
Shopee,758395205,get_category,101749,101035,Bracelets,Gelang,FALSE,,Dataset/DataRaw/country_code=id/dataset=category_platform/category_platform.csv,id,category_platform,,id,101035,101749,758395205,false
Shopee,758395205,get_category,101034,100689,Watches,Jam Tangan,FALSE,,Dataset/DataRaw/country_code=id/dataset=category_platform/category_platform.csv,id,category_platform,,id,100689,101034,758395205,false
Shopee,758395205,get_category,101033,100689,Scarves,Scarves,FALSE,,Dataset/DataRaw/country_code=id/dataset=category_platform/category_platform.csv,id,category_platform,,id,100689,101033,758395205,false
Shopee,758395205,get_category,101032,100689,Socks,Kaos Kaki,FALSE,,Dataset/DataRaw/country_code=id/dataset=category_platform/category_platform.csv,id,category_platform,,id,100689,101032,758395205,false
Shopee,758395205,get_category,101031,100689,Belts,Ikat Pinggang,FALSE,,Dataset/DataRaw/country_code=id/dataset=category_platform/category_platform.csv,id,category_platform,,id,100689,101031,758395205,false
Shopee,758395205,get_category,101030,100689,Gloves,Sarung Tangan,FALSE,,Dataset/DataRaw/country_code=id/dataset=category_platform/category_platform.csv,id,category_platform,,id,100689,101030,758395205,false
Shopee,758395205,get_category,101029,100689,Hair Accessories,Aksesoris Rambut,FALSE,,Dataset/DataRaw/country_code=id/dataset=category_platform/category_platform.csv,id,category_platform,,id,100689,101029,758395205,false
Shopee,758395205,get_category,101028,100689,Eyewear,Kacamata,FALSE,,Dataset/DataRaw/country_code=id/dataset=category_platform/category_platform.csv,id,category_platform,,id,100689,101028,758395205,false
Shopee,758395205,get_category,101027,100689,Hats & Caps,Topi,FALSE,,Dataset/DataRaw/country_code=id/dataset=category_platform/category_platform.csv,id,category_platform,,id,100689,101027,758395205,false
Shopee,758395205,get_category,101026,100689,Bags & Luggage,Bags & Luggage,TRUE,,Dataset/DataRaw/country_code=id/dataset=category_platform/category_platform.csv,id,category_platform,,id,100689,101026,758395205,true
Shopee,758395205,get_category,101748,101026,Others,Lainnya,FALSE,,Dataset/DataRaw/country_code=id/dataset=category_platform/category_platform.csv,id,category_platform,,id,101026,101748,758395205,false
Shopee,758395205,get_category,101747,101026,Wallets,Dompet,FALSE,,Dataset/DataRaw/country_code=id/dataset=category_platform/category_platform.csv,id,category_platform,,id,101026,101747,758395205,false
Shopee,758395205,get_category,101746,101026,Luggage & Trolley Bags,Luggage & Trolley Bags,FALSE,,Dataset/DataRaw/country_code=id/dataset=category_platform/category_platform.csv,id,category_platform,,id,101026,101746,758395205,false
Shopee,758395205,get_category,101745,101026,Crossbody & Shoulder Bags,Tas Selempang & Bahu,FALSE,,Dataset/DataRaw/country_code=id/dataset=category_platform/category_platform.csv,id,category_platform,,id,101026,101745,758395205,false
Shopee,758395205,get_category,101744,101026,Backpacks,Ransel,FALSE,,Dataset/DataRaw/country_code=id/dataset=category_platform/category_platform.csv,id,category_platform,,id,101026,101744,758395205,false
Shopee,758395205,get_category,100688,100633,Baby Mittens & Footwear,Baby Mittens & Footwear,FALSE,,Dataset/DataRaw/country_code=id/dataset=category_platform/category_platform.csv,id,category_platform,,id,100633,100688,758395205,false
Shopee,758395205,get_category,100687,100633,Baby Clothes,Baby Clothes,TRUE,,Dataset/DataRaw/country_code=id/dataset=category_platform/category_platform.csv,id,category_platform,,id,100633,100687,758395205,true
Shopee,758395205,get_category,101025,100687,Others,Lainnya,FALSE,,Dataset/DataRaw/country_code=id/dataset=category_platform/category_platform.csv,id,category_platform,,id,100687,101025,758395205,false
Shopee,758395205,get_category,101024,100687,Swimwear,Pakaian Renang,FALSE,,Dataset/DataRaw/country_code=id/dataset=category_platform/category_platform.csv,id,category_platform,,id,100687,101024,758395205,false
Shopee,758395205,get_category,101023,100687,Sets,Setelan,FALSE,,Dataset/DataRaw/country_code=id/dataset=category_platform/category_platform.csv,id,category_platform,,id,100687,101023,758395205,false
Shopee,758395205,get_category,101022,100687,Bodysuits & Jumpsuits,Bodysuits & Jumpsuits,FALSE,,Dataset/DataRaw/country_code=id/dataset=category_platform/category_platform.csv,id,category_platform,,id,100687,101022,758395205,false
Shopee,758395205,get_category,101021,100687,Tops,Atasan,FALSE,,Dataset/DataRaw/country_code=id/dataset=category_platform/category_platform.csv,id,category_platform,,id,100687,101021,758395205,false
Shopee,758395205,get_category,101020,100687,Sleepwear,Pakaian Tidur,FALSE,,Dataset/DataRaw/country_code=id/dataset=category_platform/category_platform.csv,id,category_platform,,id,100687,101020,758395205,false
Shopee,758395205,get_category,101019,100687,Bottoms,Bawahan,TRUE,,Dataset/DataRaw/country_code=id/dataset=category_platform/category_platform.csv,id,category_platform,,id,100687,101019,758395205,true
Shopee,758395205,get_category,101743,101019,Others,Lainnya,FALSE,,Dataset/DataRaw/country_code=id/dataset=category_platform/category_platform.csv,id,category_platform,,id,101019,101743,758395205,false
Shopee,758395205,get_category,101742,101019,Skirts,Rok,FALSE,,Dataset/DataRaw/country_code=id/dataset=category_platform/category_platform.csv,id,category_platform,,id,101019,101742,758395205,false
Shopee,758395205,get_category,101741,101019,Shorts,Celana Pendek,FALSE,,Dataset/DataRaw/country_code=id/dataset=category_platform/category_platform.csv,id,category_platform,,id,101019,101741,758395205,false
Shopee,758395205,get_category,101740,101019,Pants & Leggings,Pants & Leggings,FALSE,,Dataset/DataRaw/country_code=id/dataset=category_platform/category_platform.csv,id,category_platform,,id,101019,101740,758395205,false
Shopee,758395205,get_category,101018,100687,Dresses,Gaun / Dress,FALSE,,Dataset/DataRaw/country_code=id/dataset=category_platform/category_platform.csv,id,category_platform,,id,100687,101018,758395205,false
Shopee,758395205,get_category,101017,100687,Winter Outerwear,Pakaian Luar Musim Dingin,FALSE,,Dataset/DataRaw/country_code=id/dataset=category_platform/category_platform.csv,id,category_platform,,id,100687,101017,758395205,false
Shopee,758395205,get_category,101016,100687,Regular Outerwear,Regular Outerwear,FALSE,,Dataset/DataRaw/country_code=id/dataset=category_platform/category_platform.csv,id,category_platform,,id,100687,101016,758395205,false
Shopee,758395205,get_category,100634,0,Gaming & Consoles,Gaming & Consoles,TRUE,,Dataset/DataRaw/country_code=id/dataset=category_platform/category_platform.csv,id,category_platform,,id,0,100634,758395205,true
Shopee,758395205,get_category,100698,100634,Others,Lainnya,FALSE,,Dataset/DataRaw/country_code=id/dataset=category_platform/category_platform.csv,id,category_platform,,id,100634,100698,758395205,false
Shopee,758395205,get_category,100697,100634,Video Games,Video Games,TRUE,,Dataset/DataRaw/country_code=id/dataset=category_platform/category_platform.csv,id,category_platform,,id,100634,100697,758395205,true
Shopee,758395205,get_category,101091,100697,Others,Lainnya,FALSE,,Dataset/DataRaw/country_code=id/dataset=category_platform/category_platform.csv,id,category_platform,,id,100697,101091,758395205,false
Shopee,758395205,get_category,101090,100697,PC Game,PC Game,FALSE,,Dataset/DataRaw/country_code=id/dataset=category_platform/category_platform.csv,id,category_platform,,id,100697,101090,758395205,false
Shopee,758395205,get_category,101089,100697,PSP,PSP,FALSE,,Dataset/DataRaw/country_code=id/dataset=category_platform/category_platform.csv,id,category_platform,,id,100697,101089,758395205,false
Shopee,758395205,get_category,101088,100697,PS Vita,PS Vita,FALSE,,Dataset/DataRaw/country_code=id/dataset=category_platform/category_platform.csv,id,category_platform,,id,100697,101088,758395205,false
Shopee,758395205,get_category,101087,100697,Switch,Switch,FALSE,,Dataset/DataRaw/country_code=id/dataset=category_platform/category_platform.csv,id,category_platform,,id,100697,101087,758395205,false
Shopee,758395205,get_category,101086,100697,Gameboy,Gameboy,FALSE,,Dataset/DataRaw/country_code=id/dataset=category_platform/category_platform.csv,id,category_platform,,id,100697,101086,758395205,false
Shopee,758395205,get_category,101085,100697,Nintendo DS,Nintendo DS,FALSE,,Dataset/DataRaw/country_code=id/dataset=category_platform/category_platform.csv,id,category_platform,,id,100697,101085,758395205,false
Shopee,758395205,get_category,101084,100697,Wii,Wii,FALSE,,Dataset/DataRaw/country_code=id/dataset=category_platform/category_platform.csv,id,category_platform,,id,100697,101084,758395205,false
Shopee,758395205,get_category,101083,100697,Xbox,Xbox,FALSE,,Dataset/DataRaw/country_code=id/dataset=category_platform/category_platform.csv,id,category_platform,,id,100697,101083,758395205,false
Shopee,758395205,get_category,101082,100697,Playstation,Playstation,FALSE,,Dataset/DataRaw/country_code=id/dataset=category_platform/category_platform.csv,id,category_platform,,id,100697,101082,758395205,false
Shopee,758395205,get_category,100696,100634,Console Accessories,Console Accessories,FALSE,,Dataset/DataRaw/country_code=id/dataset=category_platform/category_platform.csv,id,category_platform,,id,100634,100696,758395205,false
Shopee,758395205,get_category,100695,100634,Console Machines,Console Machines,TRUE,,Dataset/DataRaw/country_code=id/dataset=category_platform/category_platform.csv,id,category_platform,,id,100634,100695,758395205,true
Shopee,758395205,get_category,101081,100695,Others,Lainnya,FALSE,,Dataset/DataRaw/country_code=id/dataset=category_platform/category_platform.csv,id,category_platform,,id,100695,101081,758395205,false
Shopee,758395205,get_category,101080,100695,PSP,PSP,FALSE,,Dataset/DataRaw/country_code=id/dataset=category_platform/category_platform.csv,id,category_platform,,id,100695,101080,758395205,false
Shopee,758395205,get_category,101079,100695,PS Vita,PS Vita,FALSE,,Dataset/DataRaw/country_code=id/dataset=category_platform/category_platform.csv,id,category_platform,,id,100695,101079,758395205,false
Shopee,758395205,get_category,101078,100695,Switch,Switch,FALSE,,Dataset/DataRaw/country_code=id/dataset=category_platform/category_platform.csv,id,category_platform,,id,100695,101078,758395205,false
Shopee,758395205,get_category,101077,100695,Gameboy,Gameboy,FALSE,,Dataset/DataRaw/country_code=id/dataset=category_platform/category_platform.csv,id,category_platform,,id,100695,101077,758395205,false
Shopee,758395205,get_category,101076,100695,Nintendo DS,Nintendo DS,FALSE,,Dataset/DataRaw/country_code=id/dataset=category_platform/category_platform.csv,id,category_platform,,id,100695,101076,758395205,false
Shopee,758395205,get_category,101075,100695,Wii,Wii,FALSE,,Dataset/DataRaw/country_code=id/dataset=category_platform/category_platform.csv,id,category_platform,,id,100695,101075,758395205,false
Shopee,758395205,get_category,101074,100695,Xbox,Xbox,FALSE,,Dataset/DataRaw/country_code=id/dataset=category_platform/category_platform.csv,id,category_platform,,id,100695,101074,758395205,false
Shopee,758395205,get_category,101073,100695,Playstation,Playstation,FALSE,,Dataset/DataRaw/country_code=id/dataset=category_platform/category_platform.csv,id,category_platform,,id,100695,101073,758395205,false
Shopee,758395205,get_category,100635,0,Cameras & Drones,Cameras & Drones,TRUE,,Dataset/DataRaw/country_code=id/dataset=category_platform/category_platform.csv,id,category_platform,,id,0,100635,758395205,true
Shopee,758395205,get_category,100707,100635,Others,Lainnya,FALSE,,Dataset/DataRaw/country_code=id/dataset=category_platform/category_platform.csv,id,category_platform,,id,100635,100707,758395205,false
Shopee,758395205,get_category,100706,100635,Drone Accessories,Drone Accessories,FALSE,,Dataset/DataRaw/country_code=id/dataset=category_platform/category_platform.csv,id,category_platform,,id,100635,100706,758395205,false
Shopee,758395205,get_category,100705,100635,Drones,Drones,FALSE,,Dataset/DataRaw/country_code=id/dataset=category_platform/category_platform.csv,id,category_platform,,id,100635,100705,758395205,false
Shopee,758395205,get_category,100704,100635,Camera Care,Camera Care,TRUE,,Dataset/DataRaw/country_code=id/dataset=category_platform/category_platform.csv,id,category_platform,,id,100635,100704,758395205,true
Shopee,758395205,get_category,101126,100704,Others,Lainnya,FALSE,,Dataset/DataRaw/country_code=id/dataset=category_platform/category_platform.csv,id,category_platform,,id,100704,101126,758395205,false
Shopee,758395205,get_category,101125,100704,Lenspens & Brushes,Lenspens & Brushes,FALSE,,Dataset/DataRaw/country_code=id/dataset=category_platform/category_platform.csv,id,category_platform,,id,100704,101125,758395205,false
Shopee,758395205,get_category,101124,100704,Blowers,Blowers,FALSE,,Dataset/DataRaw/country_code=id/dataset=category_platform/category_platform.csv,id,category_platform,,id,100704,101124,758395205,false
Shopee,758395205,get_category,101123,100704,Silica Gel,Silica Gel,FALSE,,Dataset/DataRaw/country_code=id/dataset=category_platform/category_platform.csv,id,category_platform,,id,100704,101123,758395205,false
Shopee,758395205,get_category,101122,100704,Cleaning Kit,Cleaning Kit,FALSE,,Dataset/DataRaw/country_code=id/dataset=category_platform/category_platform.csv,id,category_platform,,id,100704,101122,758395205,false
Shopee,758395205,get_category,101121,100704,Dry Boxes & Cabinets,Dry Boxes & Cabinets,FALSE,,Dataset/DataRaw/country_code=id/dataset=category_platform/category_platform.csv,id,category_platform,,id,100704,101121,758395205,false
Shopee,758395205,get_category,100703,100635,Camera Accessories,Camera Accessories,TRUE,,Dataset/DataRaw/country_code=id/dataset=category_platform/category_platform.csv,id,category_platform,,id,100635,100703,758395205,true
Shopee,758395205,get_category,101120,100703,Others,Lainnya,FALSE,,Dataset/DataRaw/country_code=id/dataset=category_platform/category_platform.csv,id,category_platform,,id,100703,101120,758395205,false
Shopee,758395205,get_category,101119,100703,"Tripods, Monopods, & Accessories","Tripods, Monopods, & Accessories",FALSE,,Dataset/DataRaw/country_code=id/dataset=category_platform/category_platform.csv,id,category_platform,,id,100703,101119,758395205,false
Shopee,758395205,get_category,101118,100703,Batteries & Battery Grips,Batteries & Battery Grips,FALSE,,Dataset/DataRaw/country_code=id/dataset=category_platform/category_platform.csv,id,category_platform,,id,100703,101118,758395205,false
Shopee,758395205,get_category,101117,100703,Battery Chargers,Battery Chargers,FALSE,,Dataset/DataRaw/country_code=id/dataset=category_platform/category_platform.csv,id,category_platform,,id,100703,101117,758395205,false
Shopee,758395205,get_category,101116,100703,Camera Cases & Bags,Camera Cases & Bags,FALSE,,Dataset/DataRaw/country_code=id/dataset=category_platform/category_platform.csv,id,category_platform,,id,100703,101116,758395205,false
Shopee,758395205,get_category,101115,100703,Photo Printers,Photo Printers,FALSE,,Dataset/DataRaw/country_code=id/dataset=category_platform/category_platform.csv,id,category_platform,,id,100703,101115,758395205,false
Shopee,758395205,get_category,101114,100703,Photo Films & Papers,Photo Films & Papers,FALSE,,Dataset/DataRaw/country_code=id/dataset=category_platform/category_platform.csv,id,category_platform,,id,100703,101114,758395205,false
Shopee,758395205,get_category,101113,100703,Lighting & Studio Equipments,Lighting & Studio Equipments,FALSE,,Dataset/DataRaw/country_code=id/dataset=category_platform/category_platform.csv,id,category_platform,,id,100703,101113,758395205,false
Shopee,758395205,get_category,101112,100703,Gimbals & Stabilizers,Gimbals & Stabilizers,FALSE,,Dataset/DataRaw/country_code=id/dataset=category_platform/category_platform.csv,id,category_platform,,id,100703,101112,758395205,false
Shopee,758395205,get_category,101111,100703,Flash Accessories,Flash Accessories,TRUE,,Dataset/DataRaw/country_code=id/dataset=category_platform/category_platform.csv,id,category_platform,,id,100703,101111,758395205,true
Shopee,758395205,get_category,102023,101111,Others,Lainnya,FALSE,,Dataset/DataRaw/country_code=id/dataset=category_platform/category_platform.csv,id,category_platform,,id,101111,102023,758395205,false
Shopee,758395205,get_category,102022,101111,Flash Diffusers,Flash Diffusers,FALSE,,Dataset/DataRaw/country_code=id/dataset=category_platform/category_platform.csv,id,category_platform,,id,101111,102022,758395205,false
Shopee,758395205,get_category,102021,101111,Flash Triggers,Flash Triggers,FALSE,,Dataset/DataRaw/country_code=id/dataset=category_platform/category_platform.csv,id,category_platform,,id,101111,102021,758395205,false
Shopee,758395205,get_category,101110,100703,Flashes,Flashes,FALSE,,Dataset/DataRaw/country_code=id/dataset=category_platform/category_platform.csv,id,category_platform,,id,100703,101110,758395205,false
Shopee,758395205,get_category,100702,100635,Lens Accessories,Lens Accessories,TRUE,,Dataset/DataRaw/country_code=id/dataset=category_platform/category_platform.csv,id,category_platform,,id,100635,100702,758395205,true
Shopee,758395205,get_category,101109,100702,Others,Lainnya,FALSE,,Dataset/DataRaw/country_code=id/dataset=category_platform/category_platform.csv,id,category_platform,,id,100702,101109,758395205,false
Shopee,758395205,get_category,101108,100702,Lens Hoods,Lens Hoods,FALSE,,Dataset/DataRaw/country_code=id/dataset=category_platform/category_platform.csv,id,category_platform,,id,100702,101108,758395205,false
Shopee,758395205,get_category,101107,100702,Filters,Filter,FALSE,,Dataset/DataRaw/country_code=id/dataset=category_platform/category_platform.csv,id,category_platform,,id,100702,101107,758395205,false
Shopee,758395205,get_category,101106,100702,Lens Caps,Lens Caps,FALSE,,Dataset/DataRaw/country_code=id/dataset=category_platform/category_platform.csv,id,category_platform,,id,100702,101106,758395205,false
Shopee,758395205,get_category,101105,100702,Lens Mount & Adaptors,Lens Mount & Adaptors,FALSE,,Dataset/DataRaw/country_code=id/dataset=category_platform/category_platform.csv,id,category_platform,,id,100702,101105,758395205,false
Shopee,758395205,get_category,100701,100635,Lenses,Lenses,FALSE,,Dataset/DataRaw/country_code=id/dataset=category_platform/category_platform.csv,id,category_platform,,id,100635,100701,758395205,false
Shopee,758395205,get_category,100700,100635,Security Cameras & Systems,Security Cameras & Systems,TRUE,,Dataset/DataRaw/country_code=id/dataset=category_platform/category_platform.csv,id,category_platform,,id,100635,100700,758395205,true
Shopee,758395205,get_category,101104,100700,Others,Lainnya,FALSE,,Dataset/DataRaw/country_code=id/dataset=category_platform/category_platform.csv,id,category_platform,,id,100700,101104,758395205,false
Shopee,758395205,get_category,101102,100700,Dummy Cameras,Dummy Cameras,FALSE,,Dataset/DataRaw/country_code=id/dataset=category_platform/category_platform.csv,id,category_platform,,id,100700,101102,758395205,false
Shopee,758395205,get_category,101101,100700,DVRs,DVRs,FALSE,,Dataset/DataRaw/country_code=id/dataset=category_platform/category_platform.csv,id,category_platform,,id,100700,101101,758395205,false
Shopee,758395205,get_category,101100,100700,CCTV Security Cameras,CCTV Security Cameras,FALSE,,Dataset/DataRaw/country_code=id/dataset=category_platform/category_platform.csv,id,category_platform,,id,100700,101100,758395205,false
Shopee,758395205,get_category,100699,100635,Cameras,Cameras,TRUE,,Dataset/DataRaw/country_code=id/dataset=category_platform/category_platform.csv,id,category_platform,,id,100635,100699,758395205,true
Shopee,758395205,get_category,101099,100699,Others,Lainnya,FALSE,,Dataset/DataRaw/country_code=id/dataset=category_platform/category_platform.csv,id,category_platform,,id,100699,101099,758395205,false
Shopee,758395205,get_category,101098,100699,DSLRs,DSLRs,FALSE,,Dataset/DataRaw/country_code=id/dataset=category_platform/category_platform.csv,id,category_platform,,id,100699,101098,758395205,false
Shopee,758395205,get_category,101097,100699,Analog Cameras,Analog Cameras,FALSE,,Dataset/DataRaw/country_code=id/dataset=category_platform/category_platform.csv,id,category_platform,,id,100699,101097,758395205,false
Shopee,758395205,get_category,101096,100699,Instant Cameras,Instant Cameras,FALSE,,Dataset/DataRaw/country_code=id/dataset=category_platform/category_platform.csv,id,category_platform,,id,100699,101096,758395205,false
Shopee,758395205,get_category,101095,100699,Video Camcorders,Video Camcorders,FALSE,,Dataset/DataRaw/country_code=id/dataset=category_platform/category_platform.csv,id,category_platform,,id,100699,101095,758395205,false
Shopee,758395205,get_category,101094,100699,Action Cameras,Action Cameras,FALSE,,Dataset/DataRaw/country_code=id/dataset=category_platform/category_platform.csv,id,category_platform,,id,100699,101094,758395205,false
Shopee,758395205,get_category,101093,100699,Mirrorless Cameras,Mirrorless Cameras,FALSE,,Dataset/DataRaw/country_code=id/dataset=category_platform/category_platform.csv,id,category_platform,,id,100699,101093,758395205,false
Shopee,758395205,get_category,101092,100699,Point & Shoot,Point & Shoot,FALSE,,Dataset/DataRaw/country_code=id/dataset=category_platform/category_platform.csv,id,category_platform,,id,100699,101092,758395205,false
Shopee,758395205,get_category,100636,0,Home & Living,Home & Living,TRUE,,Dataset/DataRaw/country_code=id/dataset=category_platform/category_platform.csv,id,category_platform,,id,0,100636,758395205,true
Shopee,758395205,get_category,100724,100636,Others,Lainnya,FALSE,,Dataset/DataRaw/country_code=id/dataset=category_platform/category_platform.csv,id,category_platform,,id,100636,100724,758395205,false
Shopee,758395205,get_category,100723,100636,Fengshui & Religious Supplies,Fengshui & Religious Supplies,FALSE,,Dataset/DataRaw/country_code=id/dataset=category_platform/category_platform.csv,id,category_platform,,id,100636,100723,758395205,false
Shopee,758395205,get_category,100722,100636,Party Supplies,Party Supplies,TRUE,,Dataset/DataRaw/country_code=id/dataset=category_platform/category_platform.csv,id,category_platform,,id,100636,100722,758395205,true
Shopee,758395205,get_category,101270,100722,Others,Lainnya,FALSE,,Dataset/DataRaw/country_code=id/dataset=category_platform/category_platform.csv,id,category_platform,,id,100722,101270,758395205,false
Shopee,758395205,get_category,101269,100722,Sashes,Sashes,FALSE,,Dataset/DataRaw/country_code=id/dataset=category_platform/category_platform.csv,id,category_platform,,id,100722,101269,758395205,false
Shopee,758395205,get_category,101268,100722,Party Hats & Masks,Party Hats & Masks,FALSE,,Dataset/DataRaw/country_code=id/dataset=category_platform/category_platform.csv,id,category_platform,,id,100722,101268,758395205,false
Shopee,758395205,get_category,101267,100722,Disposable Tableware,Disposable Tableware,FALSE,,Dataset/DataRaw/country_code=id/dataset=category_platform/category_platform.csv,id,category_platform,,id,100722,101267,758395205,false
Shopee,758395205,get_category,101266,100722,Cards,Cards,FALSE,,Dataset/DataRaw/country_code=id/dataset=category_platform/category_platform.csv,id,category_platform,,id,100722,101266,758395205,false
Shopee,758395205,get_category,101265,100722,Backdrops & Banners,Backdrops & Banners,FALSE,,Dataset/DataRaw/country_code=id/dataset=category_platform/category_platform.csv,id,category_platform,,id,100722,101265,758395205,false
Shopee,758395205,get_category,101264,100722,Wooden Clips,Wooden Clips,FALSE,,Dataset/DataRaw/country_code=id/dataset=category_platform/category_platform.csv,id,category_platform,,id,100722,101264,758395205,false
Shopee,758395205,get_category,101263,100722,Balloons,Balloons,FALSE,,Dataset/DataRaw/country_code=id/dataset=category_platform/category_platform.csv,id,category_platform,,id,100722,101263,758395205,false
Shopee,758395205,get_category,100721,100636,Home Organizers,Home Organizers,TRUE,,Dataset/DataRaw/country_code=id/dataset=category_platform/category_platform.csv,id,category_platform,,id,100636,100721,758395205,true
Shopee,758395205,get_category,101262,100721,Others,Lainnya,FALSE,,Dataset/DataRaw/country_code=id/dataset=category_platform/category_platform.csv,id,category_platform,,id,100721,101262,758395205,false
Shopee,758395205,get_category,101261,100721,Tissue Holders,Tissue Holders,FALSE,,Dataset/DataRaw/country_code=id/dataset=category_platform/category_platform.csv,id,category_platform,,id,100721,101261,758395205,false
Shopee,758395205,get_category,101260,100721,Jewelry Organizers,Jewelry Organizers,FALSE,,Dataset/DataRaw/country_code=id/dataset=category_platform/category_platform.csv,id,category_platform,,id,100721,101260,758395205,false
Shopee,758395205,get_category,101259,100721,Wardrobe Organizers,Wardrobe Organizers,FALSE,,Dataset/DataRaw/country_code=id/dataset=category_platform/category_platform.csv,id,category_platform,,id,100721,101259,758395205,false
Shopee,758395205,get_category,101258,100721,Desk Organizers,Desk Organizers,FALSE,,Dataset/DataRaw/country_code=id/dataset=category_platform/category_platform.csv,id,category_platform,,id,100721,101258,758395205,false
Shopee,758395205,get_category,101257,100721,Laundry Bags & Baskets,Laundry Bags & Baskets,FALSE,,Dataset/DataRaw/country_code=id/dataset=category_platform/category_platform.csv,id,category_platform,,id,100721,101257,758395205,false
Shopee,758395205,get_category,101256,100721,Hooks,Hooks,FALSE,,Dataset/DataRaw/country_code=id/dataset=category_platform/category_platform.csv,id,category_platform,,id,100721,101256,758395205,false
Shopee,758395205,get_category,101255,100721,Shoe Storage Boxes,Shoe Storage Boxes,FALSE,,Dataset/DataRaw/country_code=id/dataset=category_platform/category_platform.csv,id,category_platform,,id,100721,101255,758395205,false
Shopee,758395205,get_category,101254,100721,"Storage Boxes, Bags & Baskets","Storage Boxes, Bags & Baskets",FALSE,,Dataset/DataRaw/country_code=id/dataset=category_platform/category_platform.csv,id,category_platform,,id,100721,101254,758395205,false
Shopee,758395205,get_category,101253,100721,Hangers & Pegs,Hangers & Pegs,FALSE,,Dataset/DataRaw/country_code=id/dataset=category_platform/category_platform.csv,id,category_platform,,id,100721,101253,758395205,false
Shopee,758395205,get_category,100720,100636,Safety & Security,Safety & Security,TRUE,,Dataset/DataRaw/country_code=id/dataset=category_platform/category_platform.csv,id,category_platform,,id,100636,100720,758395205,true
Shopee,758395205,get_category,101252,100720,Others,Lainnya,FALSE,,Dataset/DataRaw/country_code=id/dataset=category_platform/category_platform.csv,id,category_platform,,id,100720,101252,758395205,false
Shopee,758395205,get_category,101251,100720,Door Hardware & Locks,Door Hardware & Locks,FALSE,,Dataset/DataRaw/country_code=id/dataset=category_platform/category_platform.csv,id,category_platform,,id,100720,101251,758395205,false
Shopee,758395205,get_category,101250,100720,Fire Fighting Equipments,Fire Fighting Equipments,FALSE,,Dataset/DataRaw/country_code=id/dataset=category_platform/category_platform.csv,id,category_platform,,id,100720,101250,758395205,false
Shopee,758395205,get_category,101249,100720,Safes,Safes,FALSE,,Dataset/DataRaw/country_code=id/dataset=category_platform/category_platform.csv,id,category_platform,,id,100720,101249,758395205,false
Shopee,758395205,get_category,100719,100636,Lighting,Pencahayaan,FALSE,,Dataset/DataRaw/country_code=id/dataset=category_platform/category_platform.csv,id,category_platform,,id,100636,100719,758395205,false
Shopee,758395205,get_category,100718,100636,Dinnerware,Dinnerware,TRUE,,Dataset/DataRaw/country_code=id/dataset=category_platform/category_platform.csv,id,category_platform,,id,100636,100718,758395205,true
Shopee,758395205,get_category,101248,100718,Others,Lainnya,FALSE,,Dataset/DataRaw/country_code=id/dataset=category_platform/category_platform.csv,id,category_platform,,id,100718,101248,758395205,false
Shopee,758395205,get_category,101247,100718,Placemats & Coasters,Placemats & Coasters,FALSE,,Dataset/DataRaw/country_code=id/dataset=category_platform/category_platform.csv,id,category_platform,,id,100718,101247,758395205,false
Shopee,758395205,get_category,101246,100718,Food Covers,Food Covers,FALSE,,Dataset/DataRaw/country_code=id/dataset=category_platform/category_platform.csv,id,category_platform,,id,100718,101246,758395205,false
Shopee,758395205,get_category,101245,100718,Straws,Straws,FALSE,,Dataset/DataRaw/country_code=id/dataset=category_platform/category_platform.csv,id,category_platform,,id,100718,101245,758395205,false
Shopee,758395205,get_category,101244,100718,Cutleries,Cutleries,FALSE,,Dataset/DataRaw/country_code=id/dataset=category_platform/category_platform.csv,id,category_platform,,id,100718,101244,758395205,false
Shopee,758395205,get_category,101243,100718,Plates,Plates,FALSE,,Dataset/DataRaw/country_code=id/dataset=category_platform/category_platform.csv,id,category_platform,,id,100718,101243,758395205,false
Shopee,758395205,get_category,101242,100718,Bowls,Bowls,FALSE,,Dataset/DataRaw/country_code=id/dataset=category_platform/category_platform.csv,id,category_platform,,id,100718,101242,758395205,false
Shopee,758395205,get_category,101241,100718,Water Bottles & Accessories,Water Bottles & Accessories,FALSE,,Dataset/DataRaw/country_code=id/dataset=category_platform/category_platform.csv,id,category_platform,,id,100718,101241,758395205,false
Shopee,758395205,get_category,101240,100718,"Cups, Mugs & Glasses","Cups, Mugs & Glasses",FALSE,,Dataset/DataRaw/country_code=id/dataset=category_platform/category_platform.csv,id,category_platform,,id,100718,101240,758395205,false
Shopee,758395205,get_category,101239,100718,Tea Pots & Sets,Tea Pots & Sets,FALSE,,Dataset/DataRaw/country_code=id/dataset=category_platform/category_platform.csv,id,category_platform,,id,100718,101239,758395205,false
Shopee,758395205,get_category,101238,100718,"Jugs, Pitchers & Accessories","Jugs, Pitchers & Accessories",FALSE,,Dataset/DataRaw/country_code=id/dataset=category_platform/category_platform.csv,id,category_platform,,id,100718,101238,758395205,false
Shopee,758395205,get_category,100717,100636,Kitchenware,Kitchenware,TRUE,,Dataset/DataRaw/country_code=id/dataset=category_platform/category_platform.csv,id,category_platform,,id,100636,100717,758395205,true
Shopee,758395205,get_category,101237,100717,Others,Lainnya,FALSE,,Dataset/DataRaw/country_code=id/dataset=category_platform/category_platform.csv,id,category_platform,,id,100717,101237,758395205,false
Shopee,758395205,get_category,101235,100717,Sealers,Sealers,FALSE,,Dataset/DataRaw/country_code=id/dataset=category_platform/category_platform.csv,id,category_platform,,id,100717,101235,758395205,false
Shopee,758395205,get_category,101234,100717,Kitchen Weighing Scales,Kitchen Weighing Scales,FALSE,,Dataset/DataRaw/country_code=id/dataset=category_platform/category_platform.csv,id,category_platform,,id,100717,101234,758395205,false
Shopee,758395205,get_category,101233,100717,"Graters, Peelers & Cutters","Graters, Peelers & Cutters",FALSE,,Dataset/DataRaw/country_code=id/dataset=category_platform/category_platform.csv,id,category_platform,,id,100717,101233,758395205,false
Shopee,758395205,get_category,101232,100717,Strainers,Strainers,FALSE,,Dataset/DataRaw/country_code=id/dataset=category_platform/category_platform.csv,id,category_platform,,id,100717,101232,758395205,false
Shopee,758395205,get_category,101231,100717,Measuring Glasses & Spoons,Measuring Glasses & Spoons,FALSE,,Dataset/DataRaw/country_code=id/dataset=category_platform/category_platform.csv,id,category_platform,,id,100717,101231,758395205,false
Shopee,758395205,get_category,101230,100717,Can & Bottle Openers,Can & Bottle Openers,FALSE,,Dataset/DataRaw/country_code=id/dataset=category_platform/category_platform.csv,id,category_platform,,id,100717,101230,758395205,false
Shopee,758395205,get_category,101229,100717,Whisks & Beaters,Whisks & Beaters,FALSE,,Dataset/DataRaw/country_code=id/dataset=category_platform/category_platform.csv,id,category_platform,,id,100717,101229,758395205,false
Shopee,758395205,get_category,101228,100717,Knives & Kitchen Scissors,Knives & Kitchen Scissors,FALSE,,Dataset/DataRaw/country_code=id/dataset=category_platform/category_platform.csv,id,category_platform,,id,100717,101228,758395205,false
Shopee,758395205,get_category,101227,100717,Chopping Boards,Chopping Boards,FALSE,,Dataset/DataRaw/country_code=id/dataset=category_platform/category_platform.csv,id,category_platform,,id,100717,101227,758395205,false
Shopee,758395205,get_category,101226,100717,Spatulas & Cooking Tweezers,Spatulas & Cooking Tweezers,FALSE,,Dataset/DataRaw/country_code=id/dataset=category_platform/category_platform.csv,id,category_platform,,id,100717,101226,758395205,false
Shopee,758395205,get_category,101225,100717,Aprons & Kitchen Gloves,Aprons & Kitchen Gloves,FALSE,,Dataset/DataRaw/country_code=id/dataset=category_platform/category_platform.csv,id,category_platform,,id,100717,101225,758395205,false
Shopee,758395205,get_category,101224,100717,Kitchen Racks,Kitchen Racks,FALSE,,Dataset/DataRaw/country_code=id/dataset=category_platform/category_platform.csv,id,category_platform,,id,100717,101224,758395205,false
Shopee,758395205,get_category,101223,100717,"Tea, Coffee & Bartending Equipments","Tea, Coffee & Bartending Equipments",FALSE,,Dataset/DataRaw/country_code=id/dataset=category_platform/category_platform.csv,id,category_platform,,id,100717,101223,758395205,false
Shopee,758395205,get_category,101222,100717,Aluminium Foil,Aluminium Foil,FALSE,,Dataset/DataRaw/country_code=id/dataset=category_platform/category_platform.csv,id,category_platform,,id,100717,101222,758395205,false
Shopee,758395205,get_category,101221,100717,Cling Wrap,Cling Wrap,FALSE,,Dataset/DataRaw/country_code=id/dataset=category_platform/category_platform.csv,id,category_platform,,id,100717,101221,758395205,false
Shopee,758395205,get_category,101220,100717,Food Storage,Food Storage,FALSE,,Dataset/DataRaw/country_code=id/dataset=category_platform/category_platform.csv,id,category_platform,,id,100717,101220,758395205,false
Shopee,758395205,get_category,101219,100717,Pots,Pots,FALSE,,Dataset/DataRaw/country_code=id/dataset=category_platform/category_platform.csv,id,category_platform,,id,100717,101219,758395205,false
Shopee,758395205,get_category,101218,100717,Pans,Pans,FALSE,,Dataset/DataRaw/country_code=id/dataset=category_platform/category_platform.csv,id,category_platform,,id,100717,101218,758395205,false
Shopee,758395205,get_category,101217,100717,Bakewares & Decorations,Bakewares & Decorations,FALSE,,Dataset/DataRaw/country_code=id/dataset=category_platform/category_platform.csv,id,category_platform,,id,100717,101217,758395205,false
Shopee,758395205,get_category,101216,100717,Grills & Accessories,Grills & Accessories,FALSE,,Dataset/DataRaw/country_code=id/dataset=category_platform/category_platform.csv,id,category_platform,,id,100717,101216,758395205,false
Shopee,758395205,get_category,100716,100636,Home Care Supplies,Home Care Supplies,TRUE,,Dataset/DataRaw/country_code=id/dataset=category_platform/category_platform.csv,id,category_platform,,id,100636,100716,758395205,true
Shopee,758395205,get_category,101215,100716,Others,Lainnya,FALSE,,Dataset/DataRaw/country_code=id/dataset=category_platform/category_platform.csv,id,category_platform,,id,100716,101215,758395205,false
Shopee,758395205,get_category,101214,100716,Laundry Care,Laundry Care,TRUE,,Dataset/DataRaw/country_code=id/dataset=category_platform/category_platform.csv,id,category_platform,,id,100716,101214,758395205,true
Shopee,758395205,get_category,101815,101214,Others,Lainnya,FALSE,,Dataset/DataRaw/country_code=id/dataset=category_platform/category_platform.csv,id,category_platform,,id,101214,101815,758395205,false
Shopee,758395205,get_category,101814,101214,Detergents,Detergents,FALSE,,Dataset/DataRaw/country_code=id/dataset=category_platform/category_platform.csv,id,category_platform,,id,101214,101814,758395205,false
Shopee,758395205,get_category,101813,101214,Fabric Conditioners & Softeners,Fabric Conditioners & Softeners,FALSE,,Dataset/DataRaw/country_code=id/dataset=category_platform/category_platform.csv,id,category_platform,,id,101214,101813,758395205,false
Shopee,758395205,get_category,101812,101214,Fabric Fragrances,Fabric Fragrances,FALSE,,Dataset/DataRaw/country_code=id/dataset=category_platform/category_platform.csv,id,category_platform,,id,101214,101812,758395205,false
Shopee,758395205,get_category,101213,100716,Cleaning Agents,Cleaning Agents,FALSE,,Dataset/DataRaw/country_code=id/dataset=category_platform/category_platform.csv,id,category_platform,,id,100716,101213,758395205,false
Shopee,758395205,get_category,101212,100716,Toilet Paper,Toilet Paper,FALSE,,Dataset/DataRaw/country_code=id/dataset=category_platform/category_platform.csv,id,category_platform,,id,100716,101212,758395205,false
Shopee,758395205,get_category,101211,100716,Tissue & Paper Towels,Tissue & Paper Towels,FALSE,,Dataset/DataRaw/country_code=id/dataset=category_platform/category_platform.csv,id,category_platform,,id,100716,101211,758395205,false
Shopee,758395205,get_category,101210,100716,Pest & Weed Control,Pest & Weed Control,FALSE,,Dataset/DataRaw/country_code=id/dataset=category_platform/category_platform.csv,id,category_platform,,id,100716,101210,758395205,false
Shopee,758395205,get_category,101209,100716,Cleaning Cloths,Cleaning Cloths,FALSE,,Dataset/DataRaw/country_code=id/dataset=category_platform/category_platform.csv,id,category_platform,,id,100716,101209,758395205,false
Shopee,758395205,get_category,101208,100716,Plastic Bags & Trash Bags,Plastic Bags & Trash Bags,FALSE,,Dataset/DataRaw/country_code=id/dataset=category_platform/category_platform.csv,id,category_platform,,id,100716,101208,758395205,false
Shopee,758395205,get_category,101207,100716,Trash & Recycling Bins,Trash & Recycling Bins,FALSE,,Dataset/DataRaw/country_code=id/dataset=category_platform/category_platform.csv,id,category_platform,,id,100716,101207,758395205,false
Shopee,758395205,get_category,101206,100716,Sponges & Scouring Pads,Sponges & Scouring Pads,FALSE,,Dataset/DataRaw/country_code=id/dataset=category_platform/category_platform.csv,id,category_platform,,id,100716,101206,758395205,false
Shopee,758395205,get_category,101205,100716,"Basins, Buckets & Water Dippers","Basins, Buckets & Water Dippers",FALSE,,Dataset/DataRaw/country_code=id/dataset=category_platform/category_platform.csv,id,category_platform,,id,100716,101205,758395205,false
Shopee,758395205,get_category,101204,100716,Mops,Mops,FALSE,,Dataset/DataRaw/country_code=id/dataset=category_platform/category_platform.csv,id,category_platform,,id,100716,101204,758395205,false
Shopee,758395205,get_category,101203,100716,Dusters,Dusters,FALSE,,Dataset/DataRaw/country_code=id/dataset=category_platform/category_platform.csv,id,category_platform,,id,100716,101203,758395205,false
Shopee,758395205,get_category,101202,100716,Brooms,Brooms,FALSE,,Dataset/DataRaw/country_code=id/dataset=category_platform/category_platform.csv,id,category_platform,,id,100716,101202,758395205,false
Shopee,758395205,get_category,101201,100716,Cleaning Brushes,Cleaning Brushes,FALSE,,Dataset/DataRaw/country_code=id/dataset=category_platform/category_platform.csv,id,category_platform,,id,100716,101201,758395205,false
Shopee,758395205,get_category,101200,100716,Clotheslines & Drying Racks,Clotheslines & Drying Racks,FALSE,,Dataset/DataRaw/country_code=id/dataset=category_platform/category_platform.csv,id,category_platform,,id,100716,101200,758395205,false
Shopee,758395205,get_category,100715,100636,Tools & Home Improvement,Tools & Home Improvement,TRUE,,Dataset/DataRaw/country_code=id/dataset=category_platform/category_platform.csv,id,category_platform,,id,100636,100715,758395205,true
Shopee,758395205,get_category,101199,100715,Others,Lainnya,FALSE,,Dataset/DataRaw/country_code=id/dataset=category_platform/category_platform.csv,id,category_platform,,id,100715,101199,758395205,false
Shopee,758395205,get_category,101198,100715,Doors & Windows,Doors & Windows,FALSE,,Dataset/DataRaw/country_code=id/dataset=category_platform/category_platform.csv,id,category_platform,,id,100715,101198,758395205,false
Shopee,758395205,get_category,101197,100715,Construction Materials,Construction Materials,FALSE,,Dataset/DataRaw/country_code=id/dataset=category_platform/category_platform.csv,id,category_platform,,id,100715,101197,758395205,false
Shopee,758395205,get_category,101196,100715,"Shades, Awnings & Tarpaulins","Shades, Awnings & Tarpaulins",FALSE,,Dataset/DataRaw/country_code=id/dataset=category_platform/category_platform.csv,id,category_platform,,id,100715,101196,758395205,false
Shopee,758395205,get_category,101195,100715,Trollies,Trollies,FALSE,,Dataset/DataRaw/country_code=id/dataset=category_platform/category_platform.csv,id,category_platform,,id,100715,101195,758395205,false
Shopee,758395205,get_category,101194,100715,Ladders,Ladders,FALSE,,Dataset/DataRaw/country_code=id/dataset=category_platform/category_platform.csv,id,category_platform,,id,100715,101194,758395205,false
Shopee,758395205,get_category,101193,100715,"Air Pumps, Parts & Accessories","Air Pumps, Parts & Accessories",FALSE,,Dataset/DataRaw/country_code=id/dataset=category_platform/category_platform.csv,id,category_platform,,id,100715,101193,758395205,false
Shopee,758395205,get_category,101192,100715,"Water Pumps, Parts & Accessories","Water Pumps, Parts & Accessories",FALSE,,Dataset/DataRaw/country_code=id/dataset=category_platform/category_platform.csv,id,category_platform,,id,100715,101192,758395205,false
Shopee,758395205,get_category,101191,100715,Tools,Tools,TRUE,,Dataset/DataRaw/country_code=id/dataset=category_platform/category_platform.csv,id,category_platform,,id,100715,101191,758395205,true
Shopee,758395205,get_category,101811,101191,Others,Lainnya,FALSE,,Dataset/DataRaw/country_code=id/dataset=category_platform/category_platform.csv,id,category_platform,,id,101191,101811,758395205,false
Shopee,758395205,get_category,101810,101191,Blowers,Blowers,FALSE,,Dataset/DataRaw/country_code=id/dataset=category_platform/category_platform.csv,id,category_platform,,id,101191,101810,758395205,false
Shopee,758395205,get_category,101809,101191,Power Welding Tools,Power Welding Tools,FALSE,,Dataset/DataRaw/country_code=id/dataset=category_platform/category_platform.csv,id,category_platform,,id,101191,101809,758395205,false
Shopee,758395205,get_category,101808,101191,"Sandpaper, Power Sanders & Accessories","Sandpaper, Power Sanders & Accessories",FALSE,,Dataset/DataRaw/country_code=id/dataset=category_platform/category_platform.csv,id,category_platform,,id,101191,101808,758395205,false
Shopee,758395205,get_category,101807,101191,Air Compressors,Air Compressors,FALSE,,Dataset/DataRaw/country_code=id/dataset=category_platform/category_platform.csv,id,category_platform,,id,101191,101807,758395205,false
Shopee,758395205,get_category,101806,101191,Rangefinders,Rangefinders,FALSE,,Dataset/DataRaw/country_code=id/dataset=category_platform/category_platform.csv,id,category_platform,,id,101191,101806,758395205,false
Shopee,758395205,get_category,101805,101191,Levels & Measuring Wheels,Levels & Measuring Wheels,FALSE,,Dataset/DataRaw/country_code=id/dataset=category_platform/category_platform.csv,id,category_platform,,id,101191,101805,758395205,false
Shopee,758395205,get_category,101804,101191,Electrical Testers & Multimeters,Electrical Testers & Multimeters,FALSE,,Dataset/DataRaw/country_code=id/dataset=category_platform/category_platform.csv,id,category_platform,,id,101191,101804,758395205,false
Shopee,758395205,get_category,101803,101191,Power Generators,Power Generators,FALSE,,Dataset/DataRaw/country_code=id/dataset=category_platform/category_platform.csv,id,category_platform,,id,101191,101803,758395205,false
Shopee,758395205,get_category,101802,101191,Pressure Washers,Pressure Washers,FALSE,,Dataset/DataRaw/country_code=id/dataset=category_platform/category_platform.csv,id,category_platform,,id,101191,101802,758395205,false
Shopee,758395205,get_category,101801,101191,"Saws, Cut-off Machines & Grinders","Saws, Cut-off Machines & Grinders",FALSE,,Dataset/DataRaw/country_code=id/dataset=category_platform/category_platform.csv,id,category_platform,,id,101191,101801,758395205,false
Shopee,758395205,get_category,101800,101191,"Drills, Screwdrivers & Accessories","Drills, Screwdrivers & Accessories",FALSE,,Dataset/DataRaw/country_code=id/dataset=category_platform/category_platform.csv,id,category_platform,,id,101191,101800,758395205,false
Shopee,758395205,get_category,101799,101191,"Nails, Screws & Fasteners","Nails, Screws & Fasteners",FALSE,,Dataset/DataRaw/country_code=id/dataset=category_platform/category_platform.csv,id,category_platform,,id,101191,101799,758395205,false
Shopee,758395205,get_category,101798,101191,Pliers,Pliers,FALSE,,Dataset/DataRaw/country_code=id/dataset=category_platform/category_platform.csv,id,category_platform,,id,101191,101798,758395205,false
Shopee,758395205,get_category,101797,101191,Hammers,Hammers,FALSE,,Dataset/DataRaw/country_code=id/dataset=category_platform/category_platform.csv,id,category_platform,,id,101191,101797,758395205,false
Shopee,758395205,get_category,101796,101191,Spanner Sets,Spanner Sets,FALSE,,Dataset/DataRaw/country_code=id/dataset=category_platform/category_platform.csv,id,category_platform,,id,101191,101796,758395205,false
Shopee,758395205,get_category,101795,101191,Measuring Tapes,Measuring Tapes,FALSE,,Dataset/DataRaw/country_code=id/dataset=category_platform/category_platform.csv,id,category_platform,,id,101191,101795,758395205,false
Shopee,758395205,get_category,101794,101191,Tool Boxes,Tool Boxes,FALSE,,Dataset/DataRaw/country_code=id/dataset=category_platform/category_platform.csv,id,category_platform,,id,101191,101794,758395205,false
Shopee,758395205,get_category,101190,100715,Wall Paints & Coatings,Wall Paints & Coatings,FALSE,,Dataset/DataRaw/country_code=id/dataset=category_platform/category_platform.csv,id,category_platform,,id,100715,101190,758395205,false
Shopee,758395205,get_category,101189,100715,Roofing & Flooring,Roofing & Flooring,FALSE,,Dataset/DataRaw/country_code=id/dataset=category_platform/category_platform.csv,id,category_platform,,id,100715,101189,758395205,false
Shopee,758395205,get_category,101188,100715,Sinks & Water Taps,Sinks & Water Taps,FALSE,,Dataset/DataRaw/country_code=id/dataset=category_platform/category_platform.csv,id,category_platform,,id,100715,101188,758395205,false
Shopee,758395205,get_category,101187,100715,"Protective Gloves, Goggles & Masks","Protective Gloves, Goggles & Masks",FALSE,,Dataset/DataRaw/country_code=id/dataset=category_platform/category_platform.csv,id,category_platform,,id,100715,101187,758395205,false
Shopee,758395205,get_category,101186,100715,Industrial Adhesives & Tapes,Industrial Adhesives & Tapes,FALSE,,Dataset/DataRaw/country_code=id/dataset=category_platform/category_platform.csv,id,category_platform,,id,100715,101186,758395205,false
Shopee,758395205,get_category,100714,100636,Gardening,Gardening,TRUE,,Dataset/DataRaw/country_code=id/dataset=category_platform/category_platform.csv,id,category_platform,,id,100636,100714,758395205,true
Shopee,758395205,get_category,101185,100714,Lawn Mowers,Lawn Mowers,FALSE,,Dataset/DataRaw/country_code=id/dataset=category_platform/category_platform.csv,id,category_platform,,id,100714,101185,758395205,false
Shopee,758395205,get_category,101184,100714,Others,Lainnya,FALSE,,Dataset/DataRaw/country_code=id/dataset=category_platform/category_platform.csv,id,category_platform,,id,100714,101184,758395205,false
Shopee,758395205,get_category,101183,100714,Gardening Tools,Gardening Tools,FALSE,,Dataset/DataRaw/country_code=id/dataset=category_platform/category_platform.csv,id,category_platform,,id,100714,101183,758395205,false
Shopee,758395205,get_category,101182,100714,Irrigation Systems,Irrigation Systems,FALSE,,Dataset/DataRaw/country_code=id/dataset=category_platform/category_platform.csv,id,category_platform,,id,100714,101182,758395205,false
Shopee,758395205,get_category,101181,100714,Pots & Planters,Pots & Planters,FALSE,,Dataset/DataRaw/country_code=id/dataset=category_platform/category_platform.csv,id,category_platform,,id,100714,101181,758395205,false
Shopee,758395205,get_category,101180,100714,Seeds & Bulbs,Seeds & Bulbs,FALSE,,Dataset/DataRaw/country_code=id/dataset=category_platform/category_platform.csv,id,category_platform,,id,100714,101180,758395205,false
Shopee,758395205,get_category,101179,100714,Fertilizer,Fertilizer,FALSE,,Dataset/DataRaw/country_code=id/dataset=category_platform/category_platform.csv,id,category_platform,,id,100714,101179,758395205,false
Shopee,758395205,get_category,101178,100714,Garden Soils & Growing Media,Garden Soils & Growing Media,FALSE,,Dataset/DataRaw/country_code=id/dataset=category_platform/category_platform.csv,id,category_platform,,id,100714,101178,758395205,false
Shopee,758395205,get_category,101177,100714,Garden Decorations,Garden Decorations,FALSE,,Dataset/DataRaw/country_code=id/dataset=category_platform/category_platform.csv,id,category_platform,,id,100714,101177,758395205,false
Shopee,758395205,get_category,101176,100714,Plants,Plants,FALSE,,Dataset/DataRaw/country_code=id/dataset=category_platform/category_platform.csv,id,category_platform,,id,100714,101176,758395205,false
Shopee,758395205,get_category,100713,100636,Furniture,Furniture,TRUE,,Dataset/DataRaw/country_code=id/dataset=category_platform/category_platform.csv,id,category_platform,,id,100636,100713,758395205,true
Shopee,758395205,get_category,101175,100713,Others,Lainnya,FALSE,,Dataset/DataRaw/country_code=id/dataset=category_platform/category_platform.csv,id,category_platform,,id,100713,101175,758395205,false
Shopee,758395205,get_category,101174,100713,Shelves & Racks,Shelves & Racks,FALSE,,Dataset/DataRaw/country_code=id/dataset=category_platform/category_platform.csv,id,category_platform,,id,100713,101174,758395205,false
Shopee,758395205,get_category,101173,100713,Cupboards & Cabinets,Cupboards & Cabinets,FALSE,,Dataset/DataRaw/country_code=id/dataset=category_platform/category_platform.csv,id,category_platform,,id,100713,101173,758395205,false
Shopee,758395205,get_category,101172,100713,Sofas,Sofas,FALSE,,Dataset/DataRaw/country_code=id/dataset=category_platform/category_platform.csv,id,category_platform,,id,100713,101172,758395205,false
Shopee,758395205,get_category,101171,100713,"Benches, Chairs & Stools","Benches, Chairs & Stools",FALSE,,Dataset/DataRaw/country_code=id/dataset=category_platform/category_platform.csv,id,category_platform,,id,100713,101171,758395205,false
Shopee,758395205,get_category,101170,100713,Wardrobes,Wardrobes,FALSE,,Dataset/DataRaw/country_code=id/dataset=category_platform/category_platform.csv,id,category_platform,,id,100713,101170,758395205,false
Shopee,758395205,get_category,101169,100713,Desks & Tables,Desks & Tables,FALSE,,Dataset/DataRaw/country_code=id/dataset=category_platform/category_platform.csv,id,category_platform,,id,100713,101169,758395205,false
Shopee,758395205,get_category,101168,100713,Bed Frames & Headboards,Bed Frames & Headboards,FALSE,,Dataset/DataRaw/country_code=id/dataset=category_platform/category_platform.csv,id,category_platform,,id,100713,101168,758395205,false
Shopee,758395205,get_category,101167,100713,Doorstoppers,Doorstoppers,FALSE,,Dataset/DataRaw/country_code=id/dataset=category_platform/category_platform.csv,id,category_platform,,id,100713,101167,758395205,false
Shopee,758395205,get_category,101166,100713,Cushions,Cushions,FALSE,,Dataset/DataRaw/country_code=id/dataset=category_platform/category_platform.csv,id,category_platform,,id,100713,101166,758395205,false
Shopee,758395205,get_category,100712,100636,"Hand Warmers, Hot Water Bags & Ice Bags","Hand Warmers, Hot Water Bags & Ice Bags",FALSE,,Dataset/DataRaw/country_code=id/dataset=category_platform/category_platform.csv,id,category_platform,,id,100636,100712,758395205,false
Shopee,758395205,get_category,100711,100636,Decoration,Decoration,TRUE,,Dataset/DataRaw/country_code=id/dataset=category_platform/category_platform.csv,id,category_platform,,id,100636,100711,758395205,true
Shopee,758395205,get_category,101165,100711,Others,Lainnya,FALSE,,Dataset/DataRaw/country_code=id/dataset=category_platform/category_platform.csv,id,category_platform,,id,100711,101165,758395205,false
Shopee,758395205,get_category,101164,100711,Table Cloths,Table Cloths,FALSE,,Dataset/DataRaw/country_code=id/dataset=category_platform/category_platform.csv,id,category_platform,,id,100711,101164,758395205,false
Shopee,758395205,get_category,101163,100711,Mirrors,Cermin / Spion,FALSE,,Dataset/DataRaw/country_code=id/dataset=category_platform/category_platform.csv,id,category_platform,,id,100711,101163,758395205,false
Shopee,758395205,get_category,101162,100711,Candles & Candleholders,Candles & Candleholders,FALSE,,Dataset/DataRaw/country_code=id/dataset=category_platform/category_platform.csv,id,category_platform,,id,100711,101162,758395205,false
Shopee,758395205,get_category,101161,100711,Vases & Vessels,Vases & Vessels,FALSE,,Dataset/DataRaw/country_code=id/dataset=category_platform/category_platform.csv,id,category_platform,,id,100711,101161,758395205,false
Shopee,758395205,get_category,101160,100711,Carpets & Rugs,Carpets & Rugs,FALSE,,Dataset/DataRaw/country_code=id/dataset=category_platform/category_platform.csv,id,category_platform,,id,100711,101160,758395205,false
Shopee,758395205,get_category,101159,100711,Floor Mats,Floor Mats,FALSE,,Dataset/DataRaw/country_code=id/dataset=category_platform/category_platform.csv,id,category_platform,,id,100711,101159,758395205,false
Shopee,758395205,get_category,101158,100711,Clocks,Clocks,FALSE,,Dataset/DataRaw/country_code=id/dataset=category_platform/category_platform.csv,id,category_platform,,id,100711,101158,758395205,false
Shopee,758395205,get_category,101157,100711,Wallpapers & Wall Stickers,Wallpapers & Wall Stickers,FALSE,,Dataset/DataRaw/country_code=id/dataset=category_platform/category_platform.csv,id,category_platform,,id,100711,101157,758395205,false
Shopee,758395205,get_category,101156,100711,Photo Frames & Wall Decoration,Photo Frames & Wall Decoration,FALSE,,Dataset/DataRaw/country_code=id/dataset=category_platform/category_platform.csv,id,category_platform,,id,100711,101156,758395205,false
Shopee,758395205,get_category,101155,100711,Curtains & Blinds,Curtains & Blinds,FALSE,,Dataset/DataRaw/country_code=id/dataset=category_platform/category_platform.csv,id,category_platform,,id,100711,101155,758395205,false
Shopee,758395205,get_category,101154,100711,Furniture & Appliance Covers,Furniture & Appliance Covers,FALSE,,Dataset/DataRaw/country_code=id/dataset=category_platform/category_platform.csv,id,category_platform,,id,100711,101154,758395205,false
Shopee,758395205,get_category,101153,100711,Flowers,Flowers,FALSE,,Dataset/DataRaw/country_code=id/dataset=category_platform/category_platform.csv,id,category_platform,,id,100711,101153,758395205,false
Shopee,758395205,get_category,100710,100636,Bedding,Bedding,TRUE,,Dataset/DataRaw/country_code=id/dataset=category_platform/category_platform.csv,id,category_platform,,id,100636,100710,758395205,true
Shopee,758395205,get_category,101152,100710,Others,Lainnya,FALSE,,Dataset/DataRaw/country_code=id/dataset=category_platform/category_platform.csv,id,category_platform,,id,100710,101152,758395205,false
Shopee,758395205,get_category,101151,100710,Bolsters,Bolsters,FALSE,,Dataset/DataRaw/country_code=id/dataset=category_platform/category_platform.csv,id,category_platform,,id,100710,101151,758395205,false
Shopee,758395205,get_category,101150,100710,Mosquito Nets,Mosquito Nets,FALSE,,Dataset/DataRaw/country_code=id/dataset=category_platform/category_platform.csv,id,category_platform,,id,100710,101150,758395205,false
Shopee,758395205,get_category,101149,100710,Mattresses,Mattresses,FALSE,,Dataset/DataRaw/country_code=id/dataset=category_platform/category_platform.csv,id,category_platform,,id,100710,101149,758395205,false
Shopee,758395205,get_category,101148,100710,"Bedsheets, Pillowcases & Bolster Cases","Bedsheets, Pillowcases & Bolster Cases",FALSE,,Dataset/DataRaw/country_code=id/dataset=category_platform/category_platform.csv,id,category_platform,,id,100710,101148,758395205,false
Shopee,758395205,get_category,101147,100710,Pillows,Pillows,FALSE,,Dataset/DataRaw/country_code=id/dataset=category_platform/category_platform.csv,id,category_platform,,id,100710,101147,758395205,false
Shopee,758395205,get_category,101146,100710,"Blankets, Comforters & Quilts","Blankets, Comforters & Quilts",FALSE,,Dataset/DataRaw/country_code=id/dataset=category_platform/category_platform.csv,id,category_platform,,id,100710,101146,758395205,false
Shopee,758395205,get_category,101145,100710,Mattress Protectors & Toppers,Mattress Protectors & Toppers,FALSE,,Dataset/DataRaw/country_code=id/dataset=category_platform/category_platform.csv,id,category_platform,,id,100710,101145,758395205,false
Shopee,758395205,get_category,101144,100710,Cooling Mats,Cooling Mats,FALSE,,Dataset/DataRaw/country_code=id/dataset=category_platform/category_platform.csv,id,category_platform,,id,100710,101144,758395205,false
Shopee,758395205,get_category,100709,100636,Bathrooms,Bathrooms,TRUE,,Dataset/DataRaw/country_code=id/dataset=category_platform/category_platform.csv,id,category_platform,,id,100636,100709,758395205,true
Shopee,758395205,get_category,101143,100709,Others,Lainnya,FALSE,,Dataset/DataRaw/country_code=id/dataset=category_platform/category_platform.csv,id,category_platform,,id,100709,101143,758395205,false
Shopee,758395205,get_category,101142,100709,Shower Caps,Penutup Rambut Mandi,FALSE,,Dataset/DataRaw/country_code=id/dataset=category_platform/category_platform.csv,id,category_platform,,id,100709,101142,758395205,false
Shopee,758395205,get_category,101141,100709,Safety Handles,Safety Handles,FALSE,,Dataset/DataRaw/country_code=id/dataset=category_platform/category_platform.csv,id,category_platform,,id,100709,101141,758395205,false
Shopee,758395205,get_category,101140,100709,Shower Seats & Commodes,Shower Seats & Commodes,FALSE,,Dataset/DataRaw/country_code=id/dataset=category_platform/category_platform.csv,id,category_platform,,id,100709,101140,758395205,false
Shopee,758395205,get_category,101139,100709,Shower Curtains,Shower Curtains,FALSE,,Dataset/DataRaw/country_code=id/dataset=category_platform/category_platform.csv,id,category_platform,,id,100709,101139,758395205,false
Shopee,758395205,get_category,101138,100709,Bath Brushes & Loofahs,Bath Brushes & Loofahs,FALSE,,Dataset/DataRaw/country_code=id/dataset=category_platform/category_platform.csv,id,category_platform,,id,100709,101138,758395205,false
Shopee,758395205,get_category,101137,100709,Showerheads & Bidet Sprays,Showerheads & Bidet Sprays,FALSE,,Dataset/DataRaw/country_code=id/dataset=category_platform/category_platform.csv,id,category_platform,,id,100709,101137,758395205,false
Shopee,758395205,get_category,101136,100709,Towels & Bathrobes,Towels & Bathrobes,TRUE,,Dataset/DataRaw/country_code=id/dataset=category_platform/category_platform.csv,id,category_platform,,id,100709,101136,758395205,true
Shopee,758395205,get_category,101793,101136,Others,Lainnya,FALSE,,Dataset/DataRaw/country_code=id/dataset=category_platform/category_platform.csv,id,category_platform,,id,101136,101793,758395205,false
Shopee,758395205,get_category,101792,101136,Bath Robes,Bath Robes,FALSE,,Dataset/DataRaw/country_code=id/dataset=category_platform/category_platform.csv,id,category_platform,,id,101136,101792,758395205,false
Shopee,758395205,get_category,101791,101136,Face & Hand Towels,Face & Hand Towels,FALSE,,Dataset/DataRaw/country_code=id/dataset=category_platform/category_platform.csv,id,category_platform,,id,101136,101791,758395205,false
Shopee,758395205,get_category,101790,101136,Bath Towels,Bath Towels,FALSE,,Dataset/DataRaw/country_code=id/dataset=category_platform/category_platform.csv,id,category_platform,,id,101136,101790,758395205,false
Shopee,758395205,get_category,101135,100709,Bathtubs,Bathtubs,FALSE,,Dataset/DataRaw/country_code=id/dataset=category_platform/category_platform.csv,id,category_platform,,id,100709,101135,758395205,false
Shopee,758395205,get_category,101134,100709,Bathroom Racks & Cabinets,Bathroom Racks & Cabinets,FALSE,,Dataset/DataRaw/country_code=id/dataset=category_platform/category_platform.csv,id,category_platform,,id,100709,101134,758395205,false
Shopee,758395205,get_category,101133,100709,"Soap Dispensers, Holders & Boxes","Soap Dispensers, Holders & Boxes",FALSE,,Dataset/DataRaw/country_code=id/dataset=category_platform/category_platform.csv,id,category_platform,,id,100709,101133,758395205,false
Shopee,758395205,get_category,101132,100709,Toothbrush Holders & Toothpaste Dispensers,Toothbrush Holders & Toothpaste Dispensers,FALSE,,Dataset/DataRaw/country_code=id/dataset=category_platform/category_platform.csv,id,category_platform,,id,100709,101132,758395205,false
Shopee,758395205,get_category,101131,100709,"Toilet Bowls, Seats & Covers","Toilet Bowls, Seats & Covers",FALSE,,Dataset/DataRaw/country_code=id/dataset=category_platform/category_platform.csv,id,category_platform,,id,100709,101131,758395205,false
Shopee,758395205,get_category,100708,100636,Home Fragrance & Aromatherapy,Home Fragrance & Aromatherapy,TRUE,,Dataset/DataRaw/country_code=id/dataset=category_platform/category_platform.csv,id,category_platform,,id,100636,100708,758395205,true
Shopee,758395205,get_category,101130,100708,Others,Lainnya,FALSE,,Dataset/DataRaw/country_code=id/dataset=category_platform/category_platform.csv,id,category_platform,,id,100708,101130,758395205,false
Shopee,758395205,get_category,101129,100708,"Diffusers, Humidifiers & Oil Burners","Diffusers, Humidifiers & Oil Burners",FALSE,,Dataset/DataRaw/country_code=id/dataset=category_platform/category_platform.csv,id,category_platform,,id,100708,101129,758395205,false
Shopee,758395205,get_category,101128,100708,Essential Oils,Essential Oils,FALSE,,Dataset/DataRaw/country_code=id/dataset=category_platform/category_platform.csv,id,category_platform,,id,100708,101128,758395205,false
Shopee,758395205,get_category,101127,100708,Air Fresheners & Home Fragrance,Air Fresheners & Home Fragrance,FALSE,,Dataset/DataRaw/country_code=id/dataset=category_platform/category_platform.csv,id,category_platform,,id,100708,101127,758395205,false
Shopee,758395205,get_category,100637,0,Sports & Outdoors,Sports & Outdoors,TRUE,,Dataset/DataRaw/country_code=id/dataset=category_platform/category_platform.csv,id,category_platform,,id,0,100637,758395205,true
Shopee,758395205,get_category,100729,100637,Others,Lainnya,FALSE,,Dataset/DataRaw/country_code=id/dataset=category_platform/category_platform.csv,id,category_platform,,id,100637,100729,758395205,false
Shopee,758395205,get_category,100728,100637,Sports & Outdoor Accessories,Sports & Outdoor Accessories,TRUE,,Dataset/DataRaw/country_code=id/dataset=category_platform/category_platform.csv,id,category_platform,,id,100637,100728,758395205,true
Shopee,758395205,get_category,101329,100728,Others,Lainnya,FALSE,,Dataset/DataRaw/country_code=id/dataset=category_platform/category_platform.csv,id,category_platform,,id,100728,101329,758395205,false
Shopee,758395205,get_category,101328,100728,Gym Protective Gears,Gym Protective Gears,FALSE,,Dataset/DataRaw/country_code=id/dataset=category_platform/category_platform.csv,id,category_platform,,id,100728,101328,758395205,false
Shopee,758395205,get_category,101327,100728,Training Equipments,Training Equipments,FALSE,,Dataset/DataRaw/country_code=id/dataset=category_platform/category_platform.csv,id,category_platform,,id,100728,101327,758395205,false
Shopee,758395205,get_category,101326,100728,Mouthguards & Sport Tapes,Mouthguards & Sport Tapes,FALSE,,Dataset/DataRaw/country_code=id/dataset=category_platform/category_platform.csv,id,category_platform,,id,100728,101326,758395205,false
Shopee,758395205,get_category,101325,100728,Umbrellas,Umbrellas,FALSE,,Dataset/DataRaw/country_code=id/dataset=category_platform/category_platform.csv,id,category_platform,,id,100728,101325,758395205,false
Shopee,758395205,get_category,101324,100728,Rain Coats,Rain Coats,FALSE,,Dataset/DataRaw/country_code=id/dataset=category_platform/category_platform.csv,id,category_platform,,id,100728,101324,758395205,false
Shopee,758395205,get_category,101323,100728,Dry Bags,Dry Bags,FALSE,,Dataset/DataRaw/country_code=id/dataset=category_platform/category_platform.csv,id,category_platform,,id,100728,101323,758395205,false
Shopee,758395205,get_category,101322,100728,Sports & Outdoor Hats,Sports & Outdoor Hats,FALSE,,Dataset/DataRaw/country_code=id/dataset=category_platform/category_platform.csv,id,category_platform,,id,100728,101322,758395205,false
Shopee,758395205,get_category,101321,100728,Sports Headbands,Sports Headbands,FALSE,,Dataset/DataRaw/country_code=id/dataset=category_platform/category_platform.csv,id,category_platform,,id,100728,101321,758395205,false
Shopee,758395205,get_category,101320,100728,Sports Wristbands,Sports Wristbands,FALSE,,Dataset/DataRaw/country_code=id/dataset=category_platform/category_platform.csv,id,category_platform,,id,100728,101320,758395205,false
Shopee,758395205,get_category,101319,100728,Shoe Bags,Shoe Bags,FALSE,,Dataset/DataRaw/country_code=id/dataset=category_platform/category_platform.csv,id,category_platform,,id,100728,101319,758395205,false
Shopee,758395205,get_category,101318,100728,Stopwatches & Pedometers,Stopwatches & Pedometers,FALSE,,Dataset/DataRaw/country_code=id/dataset=category_platform/category_platform.csv,id,category_platform,,id,100728,101318,758395205,false
Shopee,758395205,get_category,100727,100637,Sports & Outdoor Apparels,Sports & Outdoor Apparels,TRUE,,Dataset/DataRaw/country_code=id/dataset=category_platform/category_platform.csv,id,category_platform,,id,100637,100727,758395205,true
Shopee,758395205,get_category,101317,100727,Others,Lainnya,FALSE,,Dataset/DataRaw/country_code=id/dataset=category_platform/category_platform.csv,id,category_platform,,id,100727,101317,758395205,false
Shopee,758395205,get_category,101316,100727,Kid's Sports Apparel,Kid's Sports Apparel,FALSE,,Dataset/DataRaw/country_code=id/dataset=category_platform/category_platform.csv,id,category_platform,,id,100727,101316,758395205,false
Shopee,758395205,get_category,101315,100727,Sports Bras,Sports Bras,FALSE,,Dataset/DataRaw/country_code=id/dataset=category_platform/category_platform.csv,id,category_platform,,id,100727,101315,758395205,false
Shopee,758395205,get_category,101314,100727,Swimming Attire,Swimming Attire,TRUE,,Dataset/DataRaw/country_code=id/dataset=category_platform/category_platform.csv,id,category_platform,,id,100727,101314,758395205,true
Shopee,758395205,get_category,101901,101314,Others,Lainnya,FALSE,,Dataset/DataRaw/country_code=id/dataset=category_platform/category_platform.csv,id,category_platform,,id,101314,101901,758395205,false
Shopee,758395205,get_category,101900,101314,Rash Guards,Rash Guards,FALSE,,Dataset/DataRaw/country_code=id/dataset=category_platform/category_platform.csv,id,category_platform,,id,101314,101900,758395205,false
Shopee,758395205,get_category,101899,101314,One-Piece Swimsuits,One-Piece Swimsuits,FALSE,,Dataset/DataRaw/country_code=id/dataset=category_platform/category_platform.csv,id,category_platform,,id,101314,101899,758395205,false
Shopee,758395205,get_category,101898,101314,Bikini Sets,Bikini Sets,FALSE,,Dataset/DataRaw/country_code=id/dataset=category_platform/category_platform.csv,id,category_platform,,id,101314,101898,758395205,false
Shopee,758395205,get_category,101897,101314,Swimming Trunks,Swimming Trunks,FALSE,,Dataset/DataRaw/country_code=id/dataset=category_platform/category_platform.csv,id,category_platform,,id,101314,101897,758395205,false
Shopee,758395205,get_category,101313,100727,Bottoms,Bawahan,FALSE,,Dataset/DataRaw/country_code=id/dataset=category_platform/category_platform.csv,id,category_platform,,id,100727,101313,758395205,false
Shopee,758395205,get_category,101312,100727,Jerseys,Jerseys,FALSE,,Dataset/DataRaw/country_code=id/dataset=category_platform/category_platform.csv,id,category_platform,,id,100727,101312,758395205,false
Shopee,758395205,get_category,101311,100727,T-shirts,Kaus / T-Shirt,FALSE,,Dataset/DataRaw/country_code=id/dataset=category_platform/category_platform.csv,id,category_platform,,id,100727,101311,758395205,false
Shopee,758395205,get_category,101310,100727,Jackets,Jaket,FALSE,,Dataset/DataRaw/country_code=id/dataset=category_platform/category_platform.csv,id,category_platform,,id,100727,101310,758395205,false
Shopee,758395205,get_category,101309,100727,Sets,Setelan,FALSE,,Dataset/DataRaw/country_code=id/dataset=category_platform/category_platform.csv,id,category_platform,,id,100727,101309,758395205,false
Shopee,758395205,get_category,100726,100637,Sports Footwear,Sports Footwear,TRUE,,Dataset/DataRaw/country_code=id/dataset=category_platform/category_platform.csv,id,category_platform,,id,100637,100726,758395205,true
Shopee,758395205,get_category,101308,100726,Others,Lainnya,FALSE,,Dataset/DataRaw/country_code=id/dataset=category_platform/category_platform.csv,id,category_platform,,id,100726,101308,758395205,false
Shopee,758395205,get_category,101307,100726,Kid's Sport Shoes,Kid's Sport Shoes,FALSE,,Dataset/DataRaw/country_code=id/dataset=category_platform/category_platform.csv,id,category_platform,,id,100726,101307,758395205,false
Shopee,758395205,get_category,101306,100726,Soccer Shoes,Soccer Shoes,FALSE,,Dataset/DataRaw/country_code=id/dataset=category_platform/category_platform.csv,id,category_platform,,id,100726,101306,758395205,false
Shopee,758395205,get_category,101305,100726,Hiking Shoes,Hiking Shoes,FALSE,,Dataset/DataRaw/country_code=id/dataset=category_platform/category_platform.csv,id,category_platform,,id,100726,101305,758395205,false
Shopee,758395205,get_category,101304,100726,Futsal Shoes,Futsal Shoes,FALSE,,Dataset/DataRaw/country_code=id/dataset=category_platform/category_platform.csv,id,category_platform,,id,100726,101304,758395205,false
Shopee,758395205,get_category,101303,100726,Badminton Shoes,Badminton Shoes,FALSE,,Dataset/DataRaw/country_code=id/dataset=category_platform/category_platform.csv,id,category_platform,,id,100726,101303,758395205,false
Shopee,758395205,get_category,101302,100726,Volleyball Shoes,Volleyball Shoes,FALSE,,Dataset/DataRaw/country_code=id/dataset=category_platform/category_platform.csv,id,category_platform,,id,100726,101302,758395205,false
Shopee,758395205,get_category,101301,100726,Tennis Shoes,Tennis Shoes,FALSE,,Dataset/DataRaw/country_code=id/dataset=category_platform/category_platform.csv,id,category_platform,,id,100726,101301,758395205,false
Shopee,758395205,get_category,101300,100726,Training Shoes,Training Shoes,FALSE,,Dataset/DataRaw/country_code=id/dataset=category_platform/category_platform.csv,id,category_platform,,id,100726,101300,758395205,false
Shopee,758395205,get_category,101299,100726,Running Shoes,Running Shoes,FALSE,,Dataset/DataRaw/country_code=id/dataset=category_platform/category_platform.csv,id,category_platform,,id,100726,101299,758395205,false
Shopee,758395205,get_category,101298,100726,Basketball Shoes,Basketball Shoes,FALSE,,Dataset/DataRaw/country_code=id/dataset=category_platform/category_platform.csv,id,category_platform,,id,100726,101298,758395205,false
Shopee,758395205,get_category,100725,100637,Sports & Outdoor Recreation Equipments,Sports & Outdoor Recreation Equipments,TRUE,,Dataset/DataRaw/country_code=id/dataset=category_platform/category_platform.csv,id,category_platform,,id,100637,100725,758395205,true
Shopee,758395205,get_category,101297,100725,Others,Lainnya,FALSE,,Dataset/DataRaw/country_code=id/dataset=category_platform/category_platform.csv,id,category_platform,,id,100725,101297,758395205,false
Shopee,758395205,get_category,101296,100725,Darts,Darts,FALSE,,Dataset/DataRaw/country_code=id/dataset=category_platform/category_platform.csv,id,category_platform,,id,100725,101296,758395205,false
Shopee,758395205,get_category,101295,100725,Fitness Equipment,Fitness Equipment,TRUE,,Dataset/DataRaw/country_code=id/dataset=category_platform/category_platform.csv,id,category_platform,,id,100725,101295,758395205,true
Shopee,758395205,get_category,101896,101295,Others,Lainnya,FALSE,,Dataset/DataRaw/country_code=id/dataset=category_platform/category_platform.csv,id,category_platform,,id,101295,101896,758395205,false
Shopee,758395205,get_category,101895,101295,Pull Up & Push Up Bars,Pull Up & Push Up Bars,FALSE,,Dataset/DataRaw/country_code=id/dataset=category_platform/category_platform.csv,id,category_platform,,id,101295,101895,758395205,false
Shopee,758395205,get_category,101894,101295,Ab Rollers,Ab Rollers,FALSE,,Dataset/DataRaw/country_code=id/dataset=category_platform/category_platform.csv,id,category_platform,,id,101295,101894,758395205,false
Shopee,758395205,get_category,101893,101295,Fitness Machines,Fitness Machines,FALSE,,Dataset/DataRaw/country_code=id/dataset=category_platform/category_platform.csv,id,category_platform,,id,101295,101893,758395205,false
Shopee,758395205,get_category,101892,101295,Gym Balls,Gym Balls,FALSE,,Dataset/DataRaw/country_code=id/dataset=category_platform/category_platform.csv,id,category_platform,,id,101295,101892,758395205,false
Shopee,758395205,get_category,101891,101295,Skipping Ropes,Skipping Ropes,FALSE,,Dataset/DataRaw/country_code=id/dataset=category_platform/category_platform.csv,id,category_platform,,id,101295,101891,758395205,false
Shopee,758395205,get_category,101890,101295,Weight Training,Weight Training,FALSE,,Dataset/DataRaw/country_code=id/dataset=category_platform/category_platform.csv,id,category_platform,,id,101295,101890,758395205,false
Shopee,758395205,get_category,101294,100725,Yoga & Pilates,Yoga & Pilates,TRUE,,Dataset/DataRaw/country_code=id/dataset=category_platform/category_platform.csv,id,category_platform,,id,100725,101294,758395205,true
Shopee,758395205,get_category,101889,101294,Others,Lainnya,FALSE,,Dataset/DataRaw/country_code=id/dataset=category_platform/category_platform.csv,id,category_platform,,id,101294,101889,758395205,false
Shopee,758395205,get_category,101888,101294,Resistance Bands,Resistance Bands,FALSE,,Dataset/DataRaw/country_code=id/dataset=category_platform/category_platform.csv,id,category_platform,,id,101294,101888,758395205,false
Shopee,758395205,get_category,101887,101294,"Yoga Blocks, Rings & Foam Rollers","Yoga Blocks, Rings & Foam Rollers",FALSE,,Dataset/DataRaw/country_code=id/dataset=category_platform/category_platform.csv,id,category_platform,,id,101294,101887,758395205,false
Shopee,758395205,get_category,101886,101294,Yoga Mats,Yoga Mats,FALSE,,Dataset/DataRaw/country_code=id/dataset=category_platform/category_platform.csv,id,category_platform,,id,101294,101886,758395205,false
Shopee,758395205,get_category,101293,100725,Boating,Boating,FALSE,,Dataset/DataRaw/country_code=id/dataset=category_platform/category_platform.csv,id,category_platform,,id,100725,101293,758395205,false
Shopee,758395205,get_category,101292,100725,Swimming & Diving,Swimming & Diving,TRUE,,Dataset/DataRaw/country_code=id/dataset=category_platform/category_platform.csv,id,category_platform,,id,100725,101292,758395205,true
Shopee,758395205,get_category,101885,101292,Others,Lainnya,FALSE,,Dataset/DataRaw/country_code=id/dataset=category_platform/category_platform.csv,id,category_platform,,id,101292,101885,758395205,false
Shopee,758395205,get_category,101884,101292,Life Jackets,Life Jackets,FALSE,,Dataset/DataRaw/country_code=id/dataset=category_platform/category_platform.csv,id,category_platform,,id,101292,101884,758395205,false
Shopee,758395205,get_category,101883,101292,Flippers,Flippers,FALSE,,Dataset/DataRaw/country_code=id/dataset=category_platform/category_platform.csv,id,category_platform,,id,101292,101883,758395205,false
Shopee,758395205,get_category,101882,101292,Diving Masks,Diving Masks,FALSE,,Dataset/DataRaw/country_code=id/dataset=category_platform/category_platform.csv,id,category_platform,,id,101292,101882,758395205,false
Shopee,758395205,get_category,101881,101292,Diving Flashlights,Diving Flashlights,FALSE,,Dataset/DataRaw/country_code=id/dataset=category_platform/category_platform.csv,id,category_platform,,id,101292,101881,758395205,false
Shopee,758395205,get_category,101880,101292,Swimming Boards,Swimming Boards,FALSE,,Dataset/DataRaw/country_code=id/dataset=category_platform/category_platform.csv,id,category_platform,,id,101292,101880,758395205,false
Shopee,758395205,get_category,101879,101292,Swimming Goggles,Swimming Goggles,FALSE,,Dataset/DataRaw/country_code=id/dataset=category_platform/category_platform.csv,id,category_platform,,id,101292,101879,758395205,false
Shopee,758395205,get_category,101878,101292,Swimming Caps,Swimming Caps,FALSE,,Dataset/DataRaw/country_code=id/dataset=category_platform/category_platform.csv,id,category_platform,,id,101292,101878,758395205,false
Shopee,758395205,get_category,101291,100725,Ice Skating & Winter Sports,Ice Skating & Winter Sports,FALSE,,Dataset/DataRaw/country_code=id/dataset=category_platform/category_platform.csv,id,category_platform,,id,100725,101291,758395205,false
Shopee,758395205,get_category,101290,100725,Surfing & Wakeboarding,Surfing & Wakeboarding,FALSE,,Dataset/DataRaw/country_code=id/dataset=category_platform/category_platform.csv,id,category_platform,,id,100725,101290,758395205,false
Shopee,758395205,get_category,101289,100725,Billiards,Billiards,FALSE,,Dataset/DataRaw/country_code=id/dataset=category_platform/category_platform.csv,id,category_platform,,id,100725,101289,758395205,false
Shopee,758395205,get_category,101288,100725,Rugby,Rugby,FALSE,,Dataset/DataRaw/country_code=id/dataset=category_platform/category_platform.csv,id,category_platform,,id,100725,101288,758395205,false
Shopee,758395205,get_category,101287,100725,Shooting & Survival Games,Shooting & Survival Games,FALSE,,Dataset/DataRaw/country_code=id/dataset=category_platform/category_platform.csv,id,category_platform,,id,100725,101287,758395205,false
Shopee,758395205,get_category,101286,100725,Squash,Squash,FALSE,,Dataset/DataRaw/country_code=id/dataset=category_platform/category_platform.csv,id,category_platform,,id,100725,101286,758395205,false
Shopee,758395205,get_category,101285,100725,Baseball & Softball,Baseball & Softball,FALSE,,Dataset/DataRaw/country_code=id/dataset=category_platform/category_platform.csv,id,category_platform,,id,100725,101285,758395205,false
Shopee,758395205,get_category,101284,100725,Golf,Golf,TRUE,,Dataset/DataRaw/country_code=id/dataset=category_platform/category_platform.csv,id,category_platform,,id,100725,101284,758395205,true
Shopee,758395205,get_category,101877,101284,Others,Lainnya,FALSE,,Dataset/DataRaw/country_code=id/dataset=category_platform/category_platform.csv,id,category_platform,,id,101284,101877,758395205,false
Shopee,758395205,get_category,101876,101284,Golf Bags & Organizers,Golf Bags & Organizers,FALSE,,Dataset/DataRaw/country_code=id/dataset=category_platform/category_platform.csv,id,category_platform,,id,101284,101876,758395205,false
Shopee,758395205,get_category,101875,101284,Gears &Training Equipment,Gears &Training Equipment,FALSE,,Dataset/DataRaw/country_code=id/dataset=category_platform/category_platform.csv,id,category_platform,,id,101284,101875,758395205,false
Shopee,758395205,get_category,101874,101284,Golf Clubs,Golf Clubs,FALSE,,Dataset/DataRaw/country_code=id/dataset=category_platform/category_platform.csv,id,category_platform,,id,101284,101874,758395205,false
Shopee,758395205,get_category,101873,101284,Golf Balls,Golf Balls,FALSE,,Dataset/DataRaw/country_code=id/dataset=category_platform/category_platform.csv,id,category_platform,,id,101284,101873,758395205,false
Shopee,758395205,get_category,101283,100725,Boxing & Martial Arts,Boxing & Martial Arts,TRUE,,Dataset/DataRaw/country_code=id/dataset=category_platform/category_platform.csv,id,category_platform,,id,100725,101283,758395205,true
Shopee,758395205,get_category,101872,101283,Others,Lainnya,FALSE,,Dataset/DataRaw/country_code=id/dataset=category_platform/category_platform.csv,id,category_platform,,id,101283,101872,758395205,false
Shopee,758395205,get_category,101871,101283,"Gloves, Wraps & Helmets","Gloves, Wraps & Helmets",FALSE,,Dataset/DataRaw/country_code=id/dataset=category_platform/category_platform.csv,id,category_platform,,id,101283,101871,758395205,false
Shopee,758395205,get_category,101870,101283,Martial Arts Belts,Martial Arts Belts,FALSE,,Dataset/DataRaw/country_code=id/dataset=category_platform/category_platform.csv,id,category_platform,,id,101283,101870,758395205,false
Shopee,758395205,get_category,101869,101283,Punching Bags & Paddings,Punching Bags & Paddings,FALSE,,Dataset/DataRaw/country_code=id/dataset=category_platform/category_platform.csv,id,category_platform,,id,101283,101869,758395205,false
Shopee,758395205,get_category,101282,100725,Table Tennis,Table Tennis,TRUE,,Dataset/DataRaw/country_code=id/dataset=category_platform/category_platform.csv,id,category_platform,,id,100725,101282,758395205,true
Shopee,758395205,get_category,101868,101282,Others,Lainnya,FALSE,,Dataset/DataRaw/country_code=id/dataset=category_platform/category_platform.csv,id,category_platform,,id,101282,101868,758395205,false
Shopee,758395205,get_category,101867,101282,Table Tennis Nets,Table Tennis Nets,FALSE,,Dataset/DataRaw/country_code=id/dataset=category_platform/category_platform.csv,id,category_platform,,id,101282,101867,758395205,false
Shopee,758395205,get_category,101866,101282,Table Tennis Bats,Table Tennis Bats,FALSE,,Dataset/DataRaw/country_code=id/dataset=category_platform/category_platform.csv,id,category_platform,,id,101282,101866,758395205,false
Shopee,758395205,get_category,101865,101282,Table Tennis Balls,Table Tennis Balls,FALSE,,Dataset/DataRaw/country_code=id/dataset=category_platform/category_platform.csv,id,category_platform,,id,101282,101865,758395205,false
Shopee,758395205,get_category,101281,100725,Tennis,Tennis,TRUE,,Dataset/DataRaw/country_code=id/dataset=category_platform/category_platform.csv,id,category_platform,,id,100725,101281,758395205,true
Shopee,758395205,get_category,101864,101281,Others,Lainnya,FALSE,,Dataset/DataRaw/country_code=id/dataset=category_platform/category_platform.csv,id,category_platform,,id,101281,101864,758395205,false
Shopee,758395205,get_category,101863,101281,Tennis Nets,Tennis Nets,FALSE,,Dataset/DataRaw/country_code=id/dataset=category_platform/category_platform.csv,id,category_platform,,id,101281,101863,758395205,false
Shopee,758395205,get_category,101862,101281,Tennis Balls,Tennis Balls,FALSE,,Dataset/DataRaw/country_code=id/dataset=category_platform/category_platform.csv,id,category_platform,,id,101281,101862,758395205,false
Shopee,758395205,get_category,101861,101281,Tennis Rackets,Tennis Rackets,FALSE,,Dataset/DataRaw/country_code=id/dataset=category_platform/category_platform.csv,id,category_platform,,id,101281,101861,758395205,false
Shopee,758395205,get_category,101280,100725,Badminton,Badminton,TRUE,,Dataset/DataRaw/country_code=id/dataset=category_platform/category_platform.csv,id,category_platform,,id,100725,101280,758395205,true
Shopee,758395205,get_category,101860,101280,Others,Lainnya,FALSE,,Dataset/DataRaw/country_code=id/dataset=category_platform/category_platform.csv,id,category_platform,,id,101280,101860,758395205,false
Shopee,758395205,get_category,101859,101280,Badminton Nets,Badminton Nets,FALSE,,Dataset/DataRaw/country_code=id/dataset=category_platform/category_platform.csv,id,category_platform,,id,101280,101859,758395205,false
Shopee,758395205,get_category,101858,101280,Shuttlecocks,Shuttlecocks,FALSE,,Dataset/DataRaw/country_code=id/dataset=category_platform/category_platform.csv,id,category_platform,,id,101280,101858,758395205,false
Shopee,758395205,get_category,101857,101280,Badminton Rackets,Badminton Rackets,FALSE,,Dataset/DataRaw/country_code=id/dataset=category_platform/category_platform.csv,id,category_platform,,id,101280,101857,758395205,false
Shopee,758395205,get_category,101279,100725,Volleyball,Volleyball,TRUE,,Dataset/DataRaw/country_code=id/dataset=category_platform/category_platform.csv,id,category_platform,,id,100725,101279,758395205,true
Shopee,758395205,get_category,101856,101279,Others,Lainnya,FALSE,,Dataset/DataRaw/country_code=id/dataset=category_platform/category_platform.csv,id,category_platform,,id,101279,101856,758395205,false
Shopee,758395205,get_category,101855,101279,Volley Nets,Volley Nets,FALSE,,Dataset/DataRaw/country_code=id/dataset=category_platform/category_platform.csv,id,category_platform,,id,101279,101855,758395205,false
Shopee,758395205,get_category,101854,101279,Volley Balls,Volley Balls,FALSE,,Dataset/DataRaw/country_code=id/dataset=category_platform/category_platform.csv,id,category_platform,,id,101279,101854,758395205,false
Shopee,758395205,get_category,101278,100725,Basketball,Basketball,TRUE,,Dataset/DataRaw/country_code=id/dataset=category_platform/category_platform.csv,id,category_platform,,id,100725,101278,758395205,true
Shopee,758395205,get_category,101853,101278,Others,Lainnya,FALSE,,Dataset/DataRaw/country_code=id/dataset=category_platform/category_platform.csv,id,category_platform,,id,101278,101853,758395205,false
Shopee,758395205,get_category,101852,101278,Basketball Rings,Basketball Rings,FALSE,,Dataset/DataRaw/country_code=id/dataset=category_platform/category_platform.csv,id,category_platform,,id,101278,101852,758395205,false
Shopee,758395205,get_category,101851,101278,Basket Balls,Basket Balls,FALSE,,Dataset/DataRaw/country_code=id/dataset=category_platform/category_platform.csv,id,category_platform,,id,101278,101851,758395205,false
Shopee,758395205,get_category,101277,100725,"Soccer, Futsal & Sepak Takraw","Soccer, Futsal & Sepak Takraw",TRUE,,Dataset/DataRaw/country_code=id/dataset=category_platform/category_platform.csv,id,category_platform,,id,100725,101277,758395205,true
Shopee,758395205,get_category,101850,101277,Others,Lainnya,FALSE,,Dataset/DataRaw/country_code=id/dataset=category_platform/category_platform.csv,id,category_platform,,id,101277,101850,758395205,false
Shopee,758395205,get_category,101849,101277,Goal Posts & Nets,Goal Posts & Nets,FALSE,,Dataset/DataRaw/country_code=id/dataset=category_platform/category_platform.csv,id,category_platform,,id,101277,101849,758395205,false
Shopee,758395205,get_category,101848,101277,Goalkeeper Gloves & Shin Guards,Goalkeeper Gloves & Shin Guards,FALSE,,Dataset/DataRaw/country_code=id/dataset=category_platform/category_platform.csv,id,category_platform,,id,101277,101848,758395205,false
Shopee,758395205,get_category,101847,101277,Balls,Balls,FALSE,,Dataset/DataRaw/country_code=id/dataset=category_platform/category_platform.csv,id,category_platform,,id,101277,101847,758395205,false
Shopee,758395205,get_category,101275,100725,Boardsports,Boardsports,TRUE,,Dataset/DataRaw/country_code=id/dataset=category_platform/category_platform.csv,id,category_platform,,id,100725,101275,758395205,true
Shopee,758395205,get_category,101843,101275,Others,Lainnya,FALSE,,Dataset/DataRaw/country_code=id/dataset=category_platform/category_platform.csv,id,category_platform,,id,101275,101843,758395205,false
Shopee,758395205,get_category,101842,101275,Helmets & Protective Gears,Helmets & Protective Gears,FALSE,,Dataset/DataRaw/country_code=id/dataset=category_platform/category_platform.csv,id,category_platform,,id,101275,101842,758395205,false
Shopee,758395205,get_category,101841,101275,Segways & Hoverboards,Segways & Hoverboards,FALSE,,Dataset/DataRaw/country_code=id/dataset=category_platform/category_platform.csv,id,category_platform,,id,101275,101841,758395205,false
Shopee,758395205,get_category,101840,101275,Scooters & Unicycles,Scooters & Unicycles,FALSE,,Dataset/DataRaw/country_code=id/dataset=category_platform/category_platform.csv,id,category_platform,,id,101275,101840,758395205,false
Shopee,758395205,get_category,101839,101275,Skateboards & Roller Blades,Skateboards & Roller Blades,FALSE,,Dataset/DataRaw/country_code=id/dataset=category_platform/category_platform.csv,id,category_platform,,id,101275,101839,758395205,false
Shopee,758395205,get_category,101274,100725,Rock Climbing,Rock Climbing,FALSE,,Dataset/DataRaw/country_code=id/dataset=category_platform/category_platform.csv,id,category_platform,,id,100725,101274,758395205,false
Shopee,758395205,get_category,101273,100725,Camping & Hiking,Camping & Hiking,TRUE,,Dataset/DataRaw/country_code=id/dataset=category_platform/category_platform.csv,id,category_platform,,id,100725,101273,758395205,true
Shopee,758395205,get_category,101838,101273,Others,Lainnya,FALSE,,Dataset/DataRaw/country_code=id/dataset=category_platform/category_platform.csv,id,category_platform,,id,101273,101838,758395205,false
Shopee,758395205,get_category,101837,101273,Picnic Mats & Baskets,Picnic Mats & Baskets,FALSE,,Dataset/DataRaw/country_code=id/dataset=category_platform/category_platform.csv,id,category_platform,,id,101273,101837,758395205,false
Shopee,758395205,get_category,101836,101273,Hiking Sticks,Hiking Sticks,FALSE,,Dataset/DataRaw/country_code=id/dataset=category_platform/category_platform.csv,id,category_platform,,id,101273,101836,758395205,false
Shopee,758395205,get_category,101835,101273,Hammocks,Hammocks,FALSE,,Dataset/DataRaw/country_code=id/dataset=category_platform/category_platform.csv,id,category_platform,,id,101273,101835,758395205,false
Shopee,758395205,get_category,101834,101273,Camping Knives & Survival Kits,Camping Knives & Survival Kits,FALSE,,Dataset/DataRaw/country_code=id/dataset=category_platform/category_platform.csv,id,category_platform,,id,101273,101834,758395205,false
Shopee,758395205,get_category,101833,101273,Compasses,Compasses,FALSE,,Dataset/DataRaw/country_code=id/dataset=category_platform/category_platform.csv,id,category_platform,,id,101273,101833,758395205,false
Shopee,758395205,get_category,101832,101273,"Binoculars, Monoculars & Telescopes","Binoculars, Monoculars & Telescopes",FALSE,,Dataset/DataRaw/country_code=id/dataset=category_platform/category_platform.csv,id,category_platform,,id,101273,101832,758395205,false
Shopee,758395205,get_category,101831,101273,Sleeping Bags,Sleeping Bags,FALSE,,Dataset/DataRaw/country_code=id/dataset=category_platform/category_platform.csv,id,category_platform,,id,101273,101831,758395205,false
Shopee,758395205,get_category,101830,101273,Tents & Tent Accessories,Tents & Tent Accessories,FALSE,,Dataset/DataRaw/country_code=id/dataset=category_platform/category_platform.csv,id,category_platform,,id,101273,101830,758395205,false
Shopee,758395205,get_category,101829,101273,Camping Lamps & Flashlights,Camping Lamps & Flashlights,FALSE,,Dataset/DataRaw/country_code=id/dataset=category_platform/category_platform.csv,id,category_platform,,id,101273,101829,758395205,false
Shopee,758395205,get_category,101828,101273,Camping Cookware,Camping Cookware,FALSE,,Dataset/DataRaw/country_code=id/dataset=category_platform/category_platform.csv,id,category_platform,,id,101273,101828,758395205,false
Shopee,758395205,get_category,101272,100725,Cycling,Cycling,TRUE,,Dataset/DataRaw/country_code=id/dataset=category_platform/category_platform.csv,id,category_platform,,id,100725,101272,758395205,true
Shopee,758395205,get_category,101827,101272,Others,Lainnya,FALSE,,Dataset/DataRaw/country_code=id/dataset=category_platform/category_platform.csv,id,category_platform,,id,101272,101827,758395205,false
Shopee,758395205,get_category,101826,101272,Cycling Helmets,Cycling Helmets,FALSE,,Dataset/DataRaw/country_code=id/dataset=category_platform/category_platform.csv,id,category_platform,,id,101272,101826,758395205,false
Shopee,758395205,get_category,101825,101272,Bicycle Parts & Accessories,Bicycle Parts & Accessories,FALSE,,Dataset/DataRaw/country_code=id/dataset=category_platform/category_platform.csv,id,category_platform,,id,101272,101825,758395205,false
Shopee,758395205,get_category,101824,101272,Bicycles,Bicycles,FALSE,,Dataset/DataRaw/country_code=id/dataset=category_platform/category_platform.csv,id,category_platform,,id,101272,101824,758395205,false
Shopee,758395205,get_category,101271,100725,Fishing,Fishing,TRUE,,Dataset/DataRaw/country_code=id/dataset=category_platform/category_platform.csv,id,category_platform,,id,100725,101271,758395205,true
Shopee,758395205,get_category,101823,101271,Others,Lainnya,FALSE,,Dataset/DataRaw/country_code=id/dataset=category_platform/category_platform.csv,id,category_platform,,id,101271,101823,758395205,false
Shopee,758395205,get_category,101822,101271,Fishing Nets,Fishing Nets,FALSE,,Dataset/DataRaw/country_code=id/dataset=category_platform/category_platform.csv,id,category_platform,,id,101271,101822,758395205,false
Shopee,758395205,get_category,101821,101271,Fishing Bags,Fishing Bags,FALSE,,Dataset/DataRaw/country_code=id/dataset=category_platform/category_platform.csv,id,category_platform,,id,101271,101821,758395205,false
Shopee,758395205,get_category,101820,101271,Lures & Baits,Lures & Baits,FALSE,,Dataset/DataRaw/country_code=id/dataset=category_platform/category_platform.csv,id,category_platform,,id,101271,101820,758395205,false
Shopee,758395205,get_category,101819,101271,Fishing Lines,Fishing Lines,FALSE,,Dataset/DataRaw/country_code=id/dataset=category_platform/category_platform.csv,id,category_platform,,id,101271,101819,758395205,false
Shopee,758395205,get_category,101818,101271,Fish Finders,Fish Finders,FALSE,,Dataset/DataRaw/country_code=id/dataset=category_platform/category_platform.csv,id,category_platform,,id,101271,101818,758395205,false
Shopee,758395205,get_category,101817,101271,Fishing Rods & Reels,Fishing Rods & Reels,FALSE,,Dataset/DataRaw/country_code=id/dataset=category_platform/category_platform.csv,id,category_platform,,id,101271,101817,758395205,false
Shopee,758395205,get_category,101816,101271,Fishing Hooks,Fishing Hooks,FALSE,,Dataset/DataRaw/country_code=id/dataset=category_platform/category_platform.csv,id,category_platform,,id,101271,101816,758395205,false
Shopee,758395205,get_category,100638,0,Stationery,Stationery,TRUE,,Dataset/DataRaw/country_code=id/dataset=category_platform/category_platform.csv,id,category_platform,,id,0,100638,758395205,true
Shopee,758395205,get_category,100736,100638,Others,Lainnya,FALSE,,Dataset/DataRaw/country_code=id/dataset=category_platform/category_platform.csv,id,category_platform,,id,100638,100736,758395205,false
Shopee,758395205,get_category,100735,100638,Letters & Envelopes,Letters & Envelopes,TRUE,,Dataset/DataRaw/country_code=id/dataset=category_platform/category_platform.csv,id,category_platform,,id,100638,100735,758395205,true
Shopee,758395205,get_category,101384,100735,Others,Lainnya,FALSE,,Dataset/DataRaw/country_code=id/dataset=category_platform/category_platform.csv,id,category_platform,,id,100735,101384,758395205,false
Shopee,758395205,get_category,101383,100735,Postage Stamps & Duty Stamps,Postage Stamps & Duty Stamps,FALSE,,Dataset/DataRaw/country_code=id/dataset=category_platform/category_platform.csv,id,category_platform,,id,100735,101383,758395205,false
Shopee,758395205,get_category,101382,100735,Post Cards,Post Cards,FALSE,,Dataset/DataRaw/country_code=id/dataset=category_platform/category_platform.csv,id,category_platform,,id,100735,101382,758395205,false
Shopee,758395205,get_category,101381,100735,Envelopes & Angpao,Envelopes & Angpao,FALSE,,Dataset/DataRaw/country_code=id/dataset=category_platform/category_platform.csv,id,category_platform,,id,100735,101381,758395205,false
Shopee,758395205,get_category,100734,100638,Notebooks & Papers,Notebooks & Papers,TRUE,,Dataset/DataRaw/country_code=id/dataset=category_platform/category_platform.csv,id,category_platform,,id,100638,100734,758395205,true
Shopee,758395205,get_category,101380,100734,Others,Lainnya,FALSE,,Dataset/DataRaw/country_code=id/dataset=category_platform/category_platform.csv,id,category_platform,,id,100734,101380,758395205,false
Shopee,758395205,get_category,101379,100734,Labels & Stickers,Labels & Stickers,FALSE,,Dataset/DataRaw/country_code=id/dataset=category_platform/category_platform.csv,id,category_platform,,id,100734,101379,758395205,false
Shopee,758395205,get_category,101378,100734,Notebooks & Notepads,Notebooks & Notepads,FALSE,,Dataset/DataRaw/country_code=id/dataset=category_platform/category_platform.csv,id,category_platform,,id,100734,101378,758395205,false
Shopee,758395205,get_category,101377,100734,Art Paper & Boards,Art Paper & Boards,FALSE,,Dataset/DataRaw/country_code=id/dataset=category_platform/category_platform.csv,id,category_platform,,id,100734,101377,758395205,false
Shopee,758395205,get_category,101376,100734,Memo & Sticky Notes,Memo & Sticky Notes,FALSE,,Dataset/DataRaw/country_code=id/dataset=category_platform/category_platform.csv,id,category_platform,,id,100734,101376,758395205,false
Shopee,758395205,get_category,101375,100734,Loose Leaf,Loose Leaf,FALSE,,Dataset/DataRaw/country_code=id/dataset=category_platform/category_platform.csv,id,category_platform,,id,100734,101375,758395205,false
Shopee,758395205,get_category,101374,100734,Printing & Photocopy Paper,Printing & Photocopy Paper,FALSE,,Dataset/DataRaw/country_code=id/dataset=category_platform/category_platform.csv,id,category_platform,,id,100734,101374,758395205,false
Shopee,758395205,get_category,101373,100734,Thermal Paper & Continuous Paper,Thermal Paper & Continuous Paper,FALSE,,Dataset/DataRaw/country_code=id/dataset=category_platform/category_platform.csv,id,category_platform,,id,100734,101373,758395205,false
Shopee,758395205,get_category,101372,100734,Book Covers,Book Covers,FALSE,,Dataset/DataRaw/country_code=id/dataset=category_platform/category_platform.csv,id,category_platform,,id,100734,101372,758395205,false
Shopee,758395205,get_category,101371,100734,Bookmarks,Bookmarks,FALSE,,Dataset/DataRaw/country_code=id/dataset=category_platform/category_platform.csv,id,category_platform,,id,100734,101371,758395205,false
Shopee,758395205,get_category,100733,100638,Art Supplies,Art Supplies,TRUE,,Dataset/DataRaw/country_code=id/dataset=category_platform/category_platform.csv,id,category_platform,,id,100638,100733,758395205,true
Shopee,758395205,get_category,101370,100733,Others,Lainnya,FALSE,,Dataset/DataRaw/country_code=id/dataset=category_platform/category_platform.csv,id,category_platform,,id,100733,101370,758395205,false
Shopee,758395205,get_category,101369,100733,Sketch Books,Sketch Books,FALSE,,Dataset/DataRaw/country_code=id/dataset=category_platform/category_platform.csv,id,category_platform,,id,100733,101369,758395205,false
Shopee,758395205,get_category,101368,100733,Canvases & Easels,Canvases & Easels,FALSE,,Dataset/DataRaw/country_code=id/dataset=category_platform/category_platform.csv,id,category_platform,,id,100733,101368,758395205,false
Shopee,758395205,get_category,101367,100733,Paint Palettes,Paint Palettes,FALSE,,Dataset/DataRaw/country_code=id/dataset=category_platform/category_platform.csv,id,category_platform,,id,100733,101367,758395205,false
Shopee,758395205,get_category,101366,100733,Paint Brushes,Paint Brushes,FALSE,,Dataset/DataRaw/country_code=id/dataset=category_platform/category_platform.csv,id,category_platform,,id,100733,101366,758395205,false
Shopee,758395205,get_category,101365,100733,Acrylic Paint,Acrylic Paint,FALSE,,Dataset/DataRaw/country_code=id/dataset=category_platform/category_platform.csv,id,category_platform,,id,100733,101365,758395205,false
Shopee,758395205,get_category,101364,100733,Oil Paint,Oil Paint,FALSE,,Dataset/DataRaw/country_code=id/dataset=category_platform/category_platform.csv,id,category_platform,,id,100733,101364,758395205,false
Shopee,758395205,get_category,101363,100733,Water & Poster Colours,Water & Poster Colours,FALSE,,Dataset/DataRaw/country_code=id/dataset=category_platform/category_platform.csv,id,category_platform,,id,100733,101363,758395205,false
Shopee,758395205,get_category,101362,100733,Crayons & Pastels,Crayons & Pastels,FALSE,,Dataset/DataRaw/country_code=id/dataset=category_platform/category_platform.csv,id,category_platform,,id,100733,101362,758395205,false
Shopee,758395205,get_category,101361,100733,Color Pencils,Color Pencils,FALSE,,Dataset/DataRaw/country_code=id/dataset=category_platform/category_platform.csv,id,category_platform,,id,100733,101361,758395205,false
Shopee,758395205,get_category,100732,100638,School & Office Equipment,School & Office Equipment,TRUE,,Dataset/DataRaw/country_code=id/dataset=category_platform/category_platform.csv,id,category_platform,,id,100638,100732,758395205,true
Shopee,758395205,get_category,101360,100732,Others,Lainnya,FALSE,,Dataset/DataRaw/country_code=id/dataset=category_platform/category_platform.csv,id,category_platform,,id,100732,101360,758395205,false
Shopee,758395205,get_category,101359,100732,Pencil Cases,Pencil Cases,FALSE,,Dataset/DataRaw/country_code=id/dataset=category_platform/category_platform.csv,id,category_platform,,id,100732,101359,758395205,false
Shopee,758395205,get_category,101358,100732,Sharpeners,Sharpeners,FALSE,,Dataset/DataRaw/country_code=id/dataset=category_platform/category_platform.csv,id,category_platform,,id,100732,101358,758395205,false
Shopee,758395205,get_category,101357,100732,"Rulers, Protractors & Stencils","Rulers, Protractors & Stencils",FALSE,,Dataset/DataRaw/country_code=id/dataset=category_platform/category_platform.csv,id,category_platform,,id,100732,101357,758395205,false
Shopee,758395205,get_category,101356,100732,"Folders, Paper Organizers & Accessories","Folders, Paper Organizers & Accessories",FALSE,,Dataset/DataRaw/country_code=id/dataset=category_platform/category_platform.csv,id,category_platform,,id,100732,101356,758395205,false
Shopee,758395205,get_category,101355,100732,Calendars,Calendars,FALSE,,Dataset/DataRaw/country_code=id/dataset=category_platform/category_platform.csv,id,category_platform,,id,100732,101355,758395205,false
Shopee,758395205,get_category,101354,100732,Staplers & Staples,Staplers & Staples,FALSE,,Dataset/DataRaw/country_code=id/dataset=category_platform/category_platform.csv,id,category_platform,,id,100732,101354,758395205,false
Shopee,758395205,get_category,101353,100732,Ink Stamps & Pads,Ink Stamps & Pads,FALSE,,Dataset/DataRaw/country_code=id/dataset=category_platform/category_platform.csv,id,category_platform,,id,100732,101353,758395205,false
Shopee,758395205,get_category,101352,100732,Scissors,Scissors,FALSE,,Dataset/DataRaw/country_code=id/dataset=category_platform/category_platform.csv,id,category_platform,,id,100732,101352,758395205,false
Shopee,758395205,get_category,101351,100732,Hole Punchers,Hole Punchers,FALSE,,Dataset/DataRaw/country_code=id/dataset=category_platform/category_platform.csv,id,category_platform,,id,100732,101351,758395205,false
Shopee,758395205,get_category,101350,100732,"Clips, Pins & Tacks","Clips, Pins & Tacks",FALSE,,Dataset/DataRaw/country_code=id/dataset=category_platform/category_platform.csv,id,category_platform,,id,100732,101350,758395205,false
Shopee,758395205,get_category,101349,100732,Lanyards & Name Tags,Lanyards & Name Tags,FALSE,,Dataset/DataRaw/country_code=id/dataset=category_platform/category_platform.csv,id,category_platform,,id,100732,101349,758395205,false
Shopee,758395205,get_category,101348,100732,Label Printers,Label Printers,FALSE,,Dataset/DataRaw/country_code=id/dataset=category_platform/category_platform.csv,id,category_platform,,id,100732,101348,758395205,false
Shopee,758395205,get_category,101347,100732,Glues,Glues,FALSE,,Dataset/DataRaw/country_code=id/dataset=category_platform/category_platform.csv,id,category_platform,,id,100732,101347,758395205,false
Shopee,758395205,get_category,101346,100732,Strings & Tapes,Strings & Tapes,FALSE,,Dataset/DataRaw/country_code=id/dataset=category_platform/category_platform.csv,id,category_platform,,id,100732,101346,758395205,false
Shopee,758395205,get_category,101345,100732,Pen Knives & Paper Cutters,Pen Knives & Paper Cutters,FALSE,,Dataset/DataRaw/country_code=id/dataset=category_platform/category_platform.csv,id,category_platform,,id,100732,101345,758395205,false
Shopee,758395205,get_category,101344,100732,Calculators,Calculators,FALSE,,Dataset/DataRaw/country_code=id/dataset=category_platform/category_platform.csv,id,category_platform,,id,100732,101344,758395205,false
Shopee,758395205,get_category,101343,100732,Writing Boards & Board Stands,Writing Boards & Board Stands,FALSE,,Dataset/DataRaw/country_code=id/dataset=category_platform/category_platform.csv,id,category_platform,,id,100732,101343,758395205,false
Shopee,758395205,get_category,100731,100638,Writing & Correction,Writing & Correction,TRUE,,Dataset/DataRaw/country_code=id/dataset=category_platform/category_platform.csv,id,category_platform,,id,100638,100731,758395205,true
Shopee,758395205,get_category,101342,100731,Others,Lainnya,FALSE,,Dataset/DataRaw/country_code=id/dataset=category_platform/category_platform.csv,id,category_platform,,id,100731,101342,758395205,false
Shopee,758395205,get_category,101341,100731,Highlighters,Highlighters,FALSE,,Dataset/DataRaw/country_code=id/dataset=category_platform/category_platform.csv,id,category_platform,,id,100731,101341,758395205,false
Shopee,758395205,get_category,101340,100731,Markers,Markers,FALSE,,Dataset/DataRaw/country_code=id/dataset=category_platform/category_platform.csv,id,category_platform,,id,100731,101340,758395205,false
Shopee,758395205,get_category,101339,100731,Eraser & Correction Supplies,Eraser & Correction Supplies,FALSE,,Dataset/DataRaw/country_code=id/dataset=category_platform/category_platform.csv,id,category_platform,,id,100731,101339,758395205,false
Shopee,758395205,get_category,101338,100731,Pencils,Pencils,FALSE,,Dataset/DataRaw/country_code=id/dataset=category_platform/category_platform.csv,id,category_platform,,id,100731,101338,758395205,false
Shopee,758395205,get_category,101337,100731,Pens & Inks,Pens & Inks,FALSE,,Dataset/DataRaw/country_code=id/dataset=category_platform/category_platform.csv,id,category_platform,,id,100731,101337,758395205,false
Shopee,758395205,get_category,100730,100638,Gift & Wrapping,Gift & Wrapping,TRUE,,Dataset/DataRaw/country_code=id/dataset=category_platform/category_platform.csv,id,category_platform,,id,100638,100730,758395205,true
Shopee,758395205,get_category,101336,100730,Others,Lainnya,FALSE,,Dataset/DataRaw/country_code=id/dataset=category_platform/category_platform.csv,id,category_platform,,id,100730,101336,758395205,false
Shopee,758395205,get_category,101335,100730,Carton Boxes,Carton Boxes,FALSE,,Dataset/DataRaw/country_code=id/dataset=category_platform/category_platform.csv,id,category_platform,,id,100730,101335,758395205,false
Shopee,758395205,get_category,101334,100730,Bubble Wraps,Bubble Wraps,FALSE,,Dataset/DataRaw/country_code=id/dataset=category_platform/category_platform.csv,id,category_platform,,id,100730,101334,758395205,false
Shopee,758395205,get_category,101333,100730,Ribbons,Ribbons,FALSE,,Dataset/DataRaw/country_code=id/dataset=category_platform/category_platform.csv,id,category_platform,,id,100730,101333,758395205,false
Shopee,758395205,get_category,101332,100730,Gift Bags,Gift Bags,FALSE,,Dataset/DataRaw/country_code=id/dataset=category_platform/category_platform.csv,id,category_platform,,id,100730,101332,758395205,false
Shopee,758395205,get_category,101331,100730,Gift Boxes,Gift Boxes,FALSE,,Dataset/DataRaw/country_code=id/dataset=category_platform/category_platform.csv,id,category_platform,,id,100730,101331,758395205,false
Shopee,758395205,get_category,101330,100730,Gift Wrappers,Gift Wrappers,FALSE,,Dataset/DataRaw/country_code=id/dataset=category_platform/category_platform.csv,id,category_platform,,id,100730,101330,758395205,false
Shopee,758395205,get_category,100639,0,Hobbies & Collections,Hobbies & Collections,TRUE,,Dataset/DataRaw/country_code=id/dataset=category_platform/category_platform.csv,id,category_platform,,id,0,100639,758395205,true
Shopee,758395205,get_category,100745,100639,Others,Lainnya,FALSE,,Dataset/DataRaw/country_code=id/dataset=category_platform/category_platform.csv,id,category_platform,,id,100639,100745,758395205,false
Shopee,758395205,get_category,100744,100639,Needlework,Needlework,FALSE,,Dataset/DataRaw/country_code=id/dataset=category_platform/category_platform.csv,id,category_platform,,id,100639,100744,758395205,false
Shopee,758395205,get_category,100743,100639,Photo Albums,Photo Albums,FALSE,,Dataset/DataRaw/country_code=id/dataset=category_platform/category_platform.csv,id,category_platform,,id,100639,100743,758395205,false
Shopee,758395205,get_category,100742,100639,Vinyl Records,Vinyl Records,FALSE,,Dataset/DataRaw/country_code=id/dataset=category_platform/category_platform.csv,id,category_platform,,id,100639,100742,758395205,false
Shopee,758395205,get_category,100741,100639,Musical Instruments & Accessories,Musical Instruments & Accessories,TRUE,,Dataset/DataRaw/country_code=id/dataset=category_platform/category_platform.csv,id,category_platform,,id,100639,100741,758395205,true
Shopee,758395205,get_category,102017,100741,String Instruments,String Instruments,TRUE,,Dataset/DataRaw/country_code=id/dataset=category_platform/category_platform.csv,id,category_platform,,id,100741,102017,758395205,true
Shopee,758395205,get_category,102020,102017,Others,Lainnya,FALSE,,Dataset/DataRaw/country_code=id/dataset=category_platform/category_platform.csv,id,category_platform,,id,102017,102020,758395205,false
Shopee,758395205,get_category,102019,102017,Guitars & Bass Guitars,Guitars & Bass Guitars,FALSE,,Dataset/DataRaw/country_code=id/dataset=category_platform/category_platform.csv,id,category_platform,,id,102017,102019,758395205,false
Shopee,758395205,get_category,102018,102017,Ukuleles,Ukuleles,FALSE,,Dataset/DataRaw/country_code=id/dataset=category_platform/category_platform.csv,id,category_platform,,id,102017,102018,758395205,false
Shopee,758395205,get_category,101414,100741,Others,Lainnya,FALSE,,Dataset/DataRaw/country_code=id/dataset=category_platform/category_platform.csv,id,category_platform,,id,100741,101414,758395205,false
Shopee,758395205,get_category,101413,100741,Music Accessories,Music Accessories,FALSE,,Dataset/DataRaw/country_code=id/dataset=category_platform/category_platform.csv,id,category_platform,,id,100741,101413,758395205,false
Shopee,758395205,get_category,101412,100741,Wind Instruments,Wind Instruments,FALSE,,Dataset/DataRaw/country_code=id/dataset=category_platform/category_platform.csv,id,category_platform,,id,100741,101412,758395205,false
Shopee,758395205,get_category,101411,100741,Percussion Instruments,Percussion Instruments,FALSE,,Dataset/DataRaw/country_code=id/dataset=category_platform/category_platform.csv,id,category_platform,,id,100741,101411,758395205,false
Shopee,758395205,get_category,101410,100741,Keyboards & Pianos,Keyboards & Pianos,FALSE,,Dataset/DataRaw/country_code=id/dataset=category_platform/category_platform.csv,id,category_platform,,id,100741,101410,758395205,false
Shopee,758395205,get_category,100740,100639,"CD, DVD & Bluray","CD, DVD & Bluray",FALSE,,Dataset/DataRaw/country_code=id/dataset=category_platform/category_platform.csv,id,category_platform,,id,100639,100740,758395205,false
Shopee,758395205,get_category,100739,100639,Toys & Games,Toys & Games,TRUE,,Dataset/DataRaw/country_code=id/dataset=category_platform/category_platform.csv,id,category_platform,,id,100639,100739,758395205,true
Shopee,758395205,get_category,101409,100739,Others,Lainnya,FALSE,,Dataset/DataRaw/country_code=id/dataset=category_platform/category_platform.csv,id,category_platform,,id,100739,101409,758395205,false
Shopee,758395205,get_category,101408,100739,Capsule Toys,Capsule Toys,FALSE,,Dataset/DataRaw/country_code=id/dataset=category_platform/category_platform.csv,id,category_platform,,id,100739,101408,758395205,false
Shopee,758395205,get_category,101407,100739,Remote Control Toys & Accessories,Remote Control Toys & Accessories,FALSE,,Dataset/DataRaw/country_code=id/dataset=category_platform/category_platform.csv,id,category_platform,,id,100739,101407,758395205,false
Shopee,758395205,get_category,101406,100739,Yo-yos,Yo-yos,FALSE,,Dataset/DataRaw/country_code=id/dataset=category_platform/category_platform.csv,id,category_platform,,id,100739,101406,758395205,false
Shopee,758395205,get_category,101405,100739,Kendamas,Kendamas,FALSE,,Dataset/DataRaw/country_code=id/dataset=category_platform/category_platform.csv,id,category_platform,,id,100739,101405,758395205,false
Shopee,758395205,get_category,101404,100739,Spinning Tops,Spinning Tops,FALSE,,Dataset/DataRaw/country_code=id/dataset=category_platform/category_platform.csv,id,category_platform,,id,100739,101404,758395205,false
Shopee,758395205,get_category,101403,100739,Rubik's Cubes,Rubik's Cubes,FALSE,,Dataset/DataRaw/country_code=id/dataset=category_platform/category_platform.csv,id,category_platform,,id,100739,101403,758395205,false
Shopee,758395205,get_category,101402,100739,Prank Toys,Prank Toys,FALSE,,Dataset/DataRaw/country_code=id/dataset=category_platform/category_platform.csv,id,category_platform,,id,100739,101402,758395205,false
Shopee,758395205,get_category,101401,100739,Magic Toys,Magic Toys,FALSE,,Dataset/DataRaw/country_code=id/dataset=category_platform/category_platform.csv,id,category_platform,,id,100739,101401,758395205,false
Shopee,758395205,get_category,101400,100739,"Dice, Board & Card Games","Dice, Board & Card Games",FALSE,,Dataset/DataRaw/country_code=id/dataset=category_platform/category_platform.csv,id,category_platform,,id,100739,101400,758395205,false
Shopee,758395205,get_category,100738,100639,Souvenirs,Souvenirs,TRUE,,Dataset/DataRaw/country_code=id/dataset=category_platform/category_platform.csv,id,category_platform,,id,100639,100738,758395205,true
Shopee,758395205,get_category,101399,100738,Others,Lainnya,FALSE,,Dataset/DataRaw/country_code=id/dataset=category_platform/category_platform.csv,id,category_platform,,id,100738,101399,758395205,false
Shopee,758395205,get_category,101398,100738,Fridge Magnets,Fridge Magnets,FALSE,,Dataset/DataRaw/country_code=id/dataset=category_platform/category_platform.csv,id,category_platform,,id,100738,101398,758395205,false
Shopee,758395205,get_category,101397,100738,Coin Banks,Coin Banks,FALSE,,Dataset/DataRaw/country_code=id/dataset=category_platform/category_platform.csv,id,category_platform,,id,100738,101397,758395205,false
Shopee,758395205,get_category,101396,100738,Keychains,Keychains,FALSE,,Dataset/DataRaw/country_code=id/dataset=category_platform/category_platform.csv,id,category_platform,,id,100738,101396,758395205,false
Shopee,758395205,get_category,101395,100738,Hand Fans,Hand Fans,FALSE,,Dataset/DataRaw/country_code=id/dataset=category_platform/category_platform.csv,id,category_platform,,id,100738,101395,758395205,false
Shopee,758395205,get_category,100737,100639,Collectible Items,Collectible Items,TRUE,,Dataset/DataRaw/country_code=id/dataset=category_platform/category_platform.csv,id,category_platform,,id,100639,100737,758395205,true
Shopee,758395205,get_category,101394,100737,Others,Lainnya,FALSE,,Dataset/DataRaw/country_code=id/dataset=category_platform/category_platform.csv,id,category_platform,,id,100737,101394,758395205,false
Shopee,758395205,get_category,101393,100737,Coins,Coins,FALSE,,Dataset/DataRaw/country_code=id/dataset=category_platform/category_platform.csv,id,category_platform,,id,100737,101393,758395205,false
Shopee,758395205,get_category,101392,100737,Anime & Manga Collectibles,Anime & Manga Collectibles,FALSE,,Dataset/DataRaw/country_code=id/dataset=category_platform/category_platform.csv,id,category_platform,,id,100737,101392,758395205,false
Shopee,758395205,get_category,101391,100737,Sports Collectibles,Sports Collectibles,FALSE,,Dataset/DataRaw/country_code=id/dataset=category_platform/category_platform.csv,id,category_platform,,id,100737,101391,758395205,false
Shopee,758395205,get_category,101390,100737,Idol Collectibles,Idol Collectibles,FALSE,,Dataset/DataRaw/country_code=id/dataset=category_platform/category_platform.csv,id,category_platform,,id,100737,101390,758395205,false
Shopee,758395205,get_category,101388,100737,Vehicle Models & Diecast,Vehicle Models & Diecast,FALSE,,Dataset/DataRaw/country_code=id/dataset=category_platform/category_platform.csv,id,category_platform,,id,100737,101388,758395205,false
Shopee,758395205,get_category,101387,100737,Mecha Models & Diecast,Mecha Models & Diecast,FALSE,,Dataset/DataRaw/country_code=id/dataset=category_platform/category_platform.csv,id,category_platform,,id,100737,101387,758395205,false
Shopee,758395205,get_category,101386,100737,Statues & Sculptures,Statues & Sculptures,FALSE,,Dataset/DataRaw/country_code=id/dataset=category_platform/category_platform.csv,id,category_platform,,id,100737,101386,758395205,false
Shopee,758395205,get_category,101385,100737,Action Figurines,Action Figurines,FALSE,,Dataset/DataRaw/country_code=id/dataset=category_platform/category_platform.csv,id,category_platform,,id,100737,101385,758395205,false
Shopee,758395205,get_category,100640,0,Automobiles,Automobiles,TRUE,,Dataset/DataRaw/country_code=id/dataset=category_platform/category_platform.csv,id,category_platform,,id,0,100640,758395205,true
Shopee,758395205,get_category,100753,100640,Automotive Keychains & Key Covers,Automotive Keychains & Key Covers,FALSE,,Dataset/DataRaw/country_code=id/dataset=category_platform/category_platform.csv,id,category_platform,,id,100640,100753,758395205,false
Shopee,758395205,get_category,100752,100640,Automotive Oils & Lubes,Automotive Oils & Lubes,TRUE,,Dataset/DataRaw/country_code=id/dataset=category_platform/category_platform.csv,id,category_platform,,id,100640,100752,758395205,true
Shopee,758395205,get_category,101472,100752,Others,Lainnya,FALSE,,Dataset/DataRaw/country_code=id/dataset=category_platform/category_platform.csv,id,category_platform,,id,100752,101472,758395205,false
Shopee,758395205,get_category,101471,100752,Automotive Fluids,Automotive Fluids,TRUE,,Dataset/DataRaw/country_code=id/dataset=category_platform/category_platform.csv,id,category_platform,,id,100752,101471,758395205,true
Shopee,758395205,get_category,101912,101471,Others,Lainnya,FALSE,,Dataset/DataRaw/country_code=id/dataset=category_platform/category_platform.csv,id,category_platform,,id,101471,101912,758395205,false
Shopee,758395205,get_category,101911,101471,Transmissions Fluids,Transmissions Fluids,FALSE,,Dataset/DataRaw/country_code=id/dataset=category_platform/category_platform.csv,id,category_platform,,id,101471,101911,758395205,false
Shopee,758395205,get_category,101910,101471,Brake Fluids,Brake Fluids,FALSE,,Dataset/DataRaw/country_code=id/dataset=category_platform/category_platform.csv,id,category_platform,,id,101471,101910,758395205,false
Shopee,758395205,get_category,101470,100752,Antifreezes & Coolants,Antifreezes & Coolants,FALSE,,Dataset/DataRaw/country_code=id/dataset=category_platform/category_platform.csv,id,category_platform,,id,100752,101470,758395205,false
Shopee,758395205,get_category,101469,100752,Greases & Lubricants,Greases & Lubricants,FALSE,,Dataset/DataRaw/country_code=id/dataset=category_platform/category_platform.csv,id,category_platform,,id,100752,101469,758395205,false
Shopee,758395205,get_category,101468,100752,Fuel Additives & Savers,Fuel Additives & Savers,FALSE,,Dataset/DataRaw/country_code=id/dataset=category_platform/category_platform.csv,id,category_platform,,id,100752,101468,758395205,false
Shopee,758395205,get_category,101467,100752,Oils,Oli / Minyak,FALSE,,Dataset/DataRaw/country_code=id/dataset=category_platform/category_platform.csv,id,category_platform,,id,100752,101467,758395205,false
Shopee,758395205,get_category,100751,100640,Automotive Care,Automotive Care,TRUE,,Dataset/DataRaw/country_code=id/dataset=category_platform/category_platform.csv,id,category_platform,,id,100640,100751,758395205,true
Shopee,758395205,get_category,101466,100751,Others,Lainnya,FALSE,,Dataset/DataRaw/country_code=id/dataset=category_platform/category_platform.csv,id,category_platform,,id,100751,101466,758395205,false
Shopee,758395205,get_category,101465,100751,"Polish, Coating & Sealants","Polish, Coating & Sealants",FALSE,,Dataset/DataRaw/country_code=id/dataset=category_platform/category_platform.csv,id,category_platform,,id,100751,101465,758395205,false
Shopee,758395205,get_category,101464,100751,Tire & Wheel Care,Tire & Wheel Care,FALSE,,Dataset/DataRaw/country_code=id/dataset=category_platform/category_platform.csv,id,category_platform,,id,100751,101464,758395205,false
Shopee,758395205,get_category,101463,100751,Interior Care,Interior Care,FALSE,,Dataset/DataRaw/country_code=id/dataset=category_platform/category_platform.csv,id,category_platform,,id,100751,101463,758395205,false
Shopee,758395205,get_category,101462,100751,Glass Care & Water Repellents,Glass Care & Water Repellents,FALSE,,Dataset/DataRaw/country_code=id/dataset=category_platform/category_platform.csv,id,category_platform,,id,100751,101462,758395205,false
Shopee,758395205,get_category,101461,100751,Wash & Waxes,Wash & Waxes,FALSE,,Dataset/DataRaw/country_code=id/dataset=category_platform/category_platform.csv,id,category_platform,,id,100751,101461,758395205,false
Shopee,758395205,get_category,100750,100640,Automotive Tools,Automotive Tools,TRUE,,Dataset/DataRaw/country_code=id/dataset=category_platform/category_platform.csv,id,category_platform,,id,100640,100750,758395205,true
Shopee,758395205,get_category,101460,100750,Others,Lainnya,FALSE,,Dataset/DataRaw/country_code=id/dataset=category_platform/category_platform.csv,id,category_platform,,id,100750,101460,758395205,false
Shopee,758395205,get_category,101459,100750,Tire Pressure Detectors,Tire Pressure Detectors,FALSE,,Dataset/DataRaw/country_code=id/dataset=category_platform/category_platform.csv,id,category_platform,,id,100750,101459,758395205,false
Shopee,758395205,get_category,101458,100750,"Test, Diagnostic & Repair Tools","Test, Diagnostic & Repair Tools",FALSE,,Dataset/DataRaw/country_code=id/dataset=category_platform/category_platform.csv,id,category_platform,,id,100750,101458,758395205,false
Shopee,758395205,get_category,100749,100640,Automobile Spare Parts,Automobile Spare Parts,TRUE,,Dataset/DataRaw/country_code=id/dataset=category_platform/category_platform.csv,id,category_platform,,id,100640,100749,758395205,true
Shopee,758395205,get_category,101457,100749,Others,Lainnya,FALSE,,Dataset/DataRaw/country_code=id/dataset=category_platform/category_platform.csv,id,category_platform,,id,100749,101457,758395205,false
Shopee,758395205,get_category,101456,100749,Fuel System,Fuel System,FALSE,,Dataset/DataRaw/country_code=id/dataset=category_platform/category_platform.csv,id,category_platform,,id,100749,101456,758395205,false
Shopee,758395205,get_category,101455,100749,Electronics,Electronics,TRUE,,Dataset/DataRaw/country_code=id/dataset=category_platform/category_platform.csv,id,category_platform,,id,100749,101455,758395205,true
Shopee,758395205,get_category,101909,101455,Others,Lainnya,FALSE,,Dataset/DataRaw/country_code=id/dataset=category_platform/category_platform.csv,id,category_platform,,id,101455,101909,758395205,false
Shopee,758395205,get_category,101908,101455,Lighting,Pencahayaan,FALSE,,Dataset/DataRaw/country_code=id/dataset=category_platform/category_platform.csv,id,category_platform,,id,101455,101908,758395205,false
Shopee,758395205,get_category,101907,101455,Batteries & Accessories,Baterai & Aksesoris,FALSE,,Dataset/DataRaw/country_code=id/dataset=category_platform/category_platform.csv,id,category_platform,,id,101455,101907,758395205,false
Shopee,758395205,get_category,101906,101455,Ignition,Pengapian,TRUE,,Dataset/DataRaw/country_code=id/dataset=category_platform/category_platform.csv,id,category_platform,,id,101455,101906,758395205,true
Shopee,758395205,get_category,101931,101906,Others,Lainnya,FALSE,,Dataset/DataRaw/country_code=id/dataset=category_platform/category_platform.csv,id,category_platform,,id,101906,101931,758395205,false
Shopee,758395205,get_category,101930,101906,Spark Plugs,Busi,FALSE,,Dataset/DataRaw/country_code=id/dataset=category_platform/category_platform.csv,id,category_platform,,id,101906,101930,758395205,false
Shopee,758395205,get_category,101929,101906,Ignition Coils,Koil Pengapian,FALSE,,Dataset/DataRaw/country_code=id/dataset=category_platform/category_platform.csv,id,category_platform,,id,101906,101929,758395205,false
Shopee,758395205,get_category,101454,100749,"Belts, Hoses & Pulleys","Belts, Hoses & Pulleys",FALSE,,Dataset/DataRaw/country_code=id/dataset=category_platform/category_platform.csv,id,category_platform,,id,100749,101454,758395205,false
Shopee,758395205,get_category,101453,100749,Brake System,Sistem Rem,FALSE,,Dataset/DataRaw/country_code=id/dataset=category_platform/category_platform.csv,id,category_platform,,id,100749,101453,758395205,false
Shopee,758395205,get_category,101452,100749,Engine Parts,Engine Parts,TRUE,,Dataset/DataRaw/country_code=id/dataset=category_platform/category_platform.csv,id,category_platform,,id,100749,101452,758395205,true
Shopee,758395205,get_category,101905,101452,Others,Lainnya,FALSE,,Dataset/DataRaw/country_code=id/dataset=category_platform/category_platform.csv,id,category_platform,,id,101452,101905,758395205,false
Shopee,758395205,get_category,101904,101452,Oil Filters,Filter Oli,FALSE,,Dataset/DataRaw/country_code=id/dataset=category_platform/category_platform.csv,id,category_platform,,id,101452,101904,758395205,false
Shopee,758395205,get_category,101903,101452,Air Filters,Filter Udara,FALSE,,Dataset/DataRaw/country_code=id/dataset=category_platform/category_platform.csv,id,category_platform,,id,101452,101903,758395205,false
Shopee,758395205,get_category,101902,101452,Pistons,Piston,FALSE,,Dataset/DataRaw/country_code=id/dataset=category_platform/category_platform.csv,id,category_platform,,id,101452,101902,758395205,false
Shopee,758395205,get_category,101451,100749,Bearing & Seals,Bearing & Seals,FALSE,,Dataset/DataRaw/country_code=id/dataset=category_platform/category_platform.csv,id,category_platform,,id,100749,101451,758395205,false
Shopee,758395205,get_category,101450,100749,"Drivetrain, Transmission & Clutches","Drivetrain, Transmisi & Kopling",FALSE,,Dataset/DataRaw/country_code=id/dataset=category_platform/category_platform.csv,id,category_platform,,id,100749,101450,758395205,false
Shopee,758395205,get_category,101449,100749,"Radiators, Engine Cooling & Climate Control","Radiators, Engine Cooling & Climate Control",FALSE,,Dataset/DataRaw/country_code=id/dataset=category_platform/category_platform.csv,id,category_platform,,id,100749,101449,758395205,false
Shopee,758395205,get_category,101448,100749,"Shocks, Struts & Suspension",Shockbreaker & Suspensi,FALSE,,Dataset/DataRaw/country_code=id/dataset=category_platform/category_platform.csv,id,category_platform,,id,100749,101448,758395205,false
Shopee,758395205,get_category,101447,100749,Tires & Accessories,Ban & Aksesoris,FALSE,,Dataset/DataRaw/country_code=id/dataset=category_platform/category_platform.csv,id,category_platform,,id,100749,101447,758395205,false
Shopee,758395205,get_category,101446,100749,"Wheels, Rims & Accessories","Roda, Velg & Aksesoris",FALSE,,Dataset/DataRaw/country_code=id/dataset=category_platform/category_platform.csv,id,category_platform,,id,100749,101446,758395205,false
Shopee,758395205,get_category,101445,100749,Exhaust & Emissions,Knalpot & Emisi,FALSE,,Dataset/DataRaw/country_code=id/dataset=category_platform/category_platform.csv,id,category_platform,,id,100749,101445,758395205,false
Shopee,758395205,get_category,101444,100749,Windshield Wipers & Washers,Windshield Wipers & Washers,FALSE,,Dataset/DataRaw/country_code=id/dataset=category_platform/category_platform.csv,id,category_platform,,id,100749,101444,758395205,false
Shopee,758395205,get_category,101443,100749,"Body, Frame & Bumpers","Body, Frame & Bumpers",FALSE,,Dataset/DataRaw/country_code=id/dataset=category_platform/category_platform.csv,id,category_platform,,id,100749,101443,758395205,false
Shopee,758395205,get_category,100748,100640,Automobile Exterior Accessories,Automobile Exterior Accessories,TRUE,,Dataset/DataRaw/country_code=id/dataset=category_platform/category_platform.csv,id,category_platform,,id,100640,100748,758395205,true
Shopee,758395205,get_category,101442,100748,Others,Lainnya,FALSE,,Dataset/DataRaw/country_code=id/dataset=category_platform/category_platform.csv,id,category_platform,,id,100748,101442,758395205,false
Shopee,758395205,get_category,101441,100748,License Plate Accessories,License Plate Accessories,FALSE,,Dataset/DataRaw/country_code=id/dataset=category_platform/category_platform.csv,id,category_platform,,id,100748,101441,758395205,false
Shopee,758395205,get_category,101440,100748,Mirrors & Accessories,Spion & Aksesoris,FALSE,,Dataset/DataRaw/country_code=id/dataset=category_platform/category_platform.csv,id,category_platform,,id,100748,101440,758395205,false
Shopee,758395205,get_category,101439,100748,Horns & Accessories,Klakson & Aksesoris,FALSE,,Dataset/DataRaw/country_code=id/dataset=category_platform/category_platform.csv,id,category_platform,,id,100748,101439,758395205,false
Shopee,758395205,get_category,101438,100748,Gutters,Gutters,FALSE,,Dataset/DataRaw/country_code=id/dataset=category_platform/category_platform.csv,id,category_platform,,id,100748,101438,758395205,false
Shopee,758395205,get_category,101437,100748,Sill Plates,Sill Plates,FALSE,,Dataset/DataRaw/country_code=id/dataset=category_platform/category_platform.csv,id,category_platform,,id,100748,101437,758395205,false
Shopee,758395205,get_category,101436,100748,Mud Flaps & Splash Guards,Tahanan Lumpur,FALSE,,Dataset/DataRaw/country_code=id/dataset=category_platform/category_platform.csv,id,category_platform,,id,100748,101436,758395205,false
Shopee,758395205,get_category,101435,100748,"Stickers, Logos & Emblems","Stiker, Logo & Lambang",FALSE,,Dataset/DataRaw/country_code=id/dataset=category_platform/category_platform.csv,id,category_platform,,id,100748,101435,758395205,false
Shopee,758395205,get_category,101434,100748,Covers,Sarung / Cover,FALSE,,Dataset/DataRaw/country_code=id/dataset=category_platform/category_platform.csv,id,category_platform,,id,100748,101434,758395205,false
Shopee,758395205,get_category,101433,100748,Antennas,Antena,FALSE,,Dataset/DataRaw/country_code=id/dataset=category_platform/category_platform.csv,id,category_platform,,id,100748,101433,758395205,false
Shopee,758395205,get_category,101432,100748,Garnish,Garnish,FALSE,,Dataset/DataRaw/country_code=id/dataset=category_platform/category_platform.csv,id,category_platform,,id,100748,101432,758395205,false
Shopee,758395205,get_category,100747,100640,Automobile Interior Accessories,Automobile Interior Accessories,TRUE,,Dataset/DataRaw/country_code=id/dataset=category_platform/category_platform.csv,id,category_platform,,id,100640,100747,758395205,true
Shopee,758395205,get_category,101431,100747,Others,Lainnya,FALSE,,Dataset/DataRaw/country_code=id/dataset=category_platform/category_platform.csv,id,category_platform,,id,100747,101431,758395205,false
Shopee,758395205,get_category,101430,100747,"HUD, Speedometers & Gauges","HUD, Speedometers & Gauges",FALSE,,Dataset/DataRaw/country_code=id/dataset=category_platform/category_platform.csv,id,category_platform,,id,100747,101430,758395205,false
Shopee,758395205,get_category,101429,100747,Camcorders & Parking Cameras,Camcorders & Parking Cameras,FALSE,,Dataset/DataRaw/country_code=id/dataset=category_platform/category_platform.csv,id,category_platform,,id,100747,101429,758395205,false
Shopee,758395205,get_category,101428,100747,Locks & Security,Locks & Security,FALSE,,Dataset/DataRaw/country_code=id/dataset=category_platform/category_platform.csv,id,category_platform,,id,100747,101428,758395205,false
Shopee,758395205,get_category,101427,100747,Sun Shields & Dash Covers,Sun Shields & Dash Covers,FALSE,,Dataset/DataRaw/country_code=id/dataset=category_platform/category_platform.csv,id,category_platform,,id,100747,101427,758395205,false
Shopee,758395205,get_category,101426,100747,Pedals & Gear Sticks,Pedals & Gear Sticks,FALSE,,Dataset/DataRaw/country_code=id/dataset=category_platform/category_platform.csv,id,category_platform,,id,100747,101426,758395205,false
Shopee,758395205,get_category,101425,100747,"USB Chargers, FM & Bluetooth Transmitters","USB Chargers, FM & Bluetooth Transmitters",FALSE,,Dataset/DataRaw/country_code=id/dataset=category_platform/category_platform.csv,id,category_platform,,id,100747,101425,758395205,false
Shopee,758395205,get_category,101424,100747,Phone Holders,Dudukan Ponsel,FALSE,,Dataset/DataRaw/country_code=id/dataset=category_platform/category_platform.csv,id,category_platform,,id,100747,101424,758395205,false
Shopee,758395205,get_category,101423,100747,Seats & Seat Covers,Seats & Seat Covers,FALSE,,Dataset/DataRaw/country_code=id/dataset=category_platform/category_platform.csv,id,category_platform,,id,100747,101423,758395205,false
Shopee,758395205,get_category,101422,100747,Steering Wheels & Covers,Steering Wheels & Covers,FALSE,,Dataset/DataRaw/country_code=id/dataset=category_platform/category_platform.csv,id,category_platform,,id,100747,101422,758395205,false
Shopee,758395205,get_category,101421,100747,Car Mattresses,Car Mattresses,FALSE,,Dataset/DataRaw/country_code=id/dataset=category_platform/category_platform.csv,id,category_platform,,id,100747,101421,758395205,false
Shopee,758395205,get_category,101420,100747,Seat Headrests & Back Supports,Seat Headrests & Back Supports,FALSE,,Dataset/DataRaw/country_code=id/dataset=category_platform/category_platform.csv,id,category_platform,,id,100747,101420,758395205,false
Shopee,758395205,get_category,101419,100747,Carpets & Mats,Carpets & Mats,FALSE,,Dataset/DataRaw/country_code=id/dataset=category_platform/category_platform.csv,id,category_platform,,id,100747,101419,758395205,false
Shopee,758395205,get_category,101418,100747,"Perfumes, Air Fresheners & Purifiers","Perfumes, Air Fresheners & Purifiers",FALSE,,Dataset/DataRaw/country_code=id/dataset=category_platform/category_platform.csv,id,category_platform,,id,100747,101418,758395205,false
Shopee,758395205,get_category,101417,100747,Organizers & Compartments,Organizers & Compartments,FALSE,,Dataset/DataRaw/country_code=id/dataset=category_platform/category_platform.csv,id,category_platform,,id,100747,101417,758395205,false
Shopee,758395205,get_category,101416,100747,"Amplifiers, Speakers & Subwoofers","Amplifiers, Speakers & Subwoofers",FALSE,,Dataset/DataRaw/country_code=id/dataset=category_platform/category_platform.csv,id,category_platform,,id,100747,101416,758395205,false
Shopee,758395205,get_category,101415,100747,Navigation & AV Receivers,Navigation & AV Receivers,FALSE,,Dataset/DataRaw/country_code=id/dataset=category_platform/category_platform.csv,id,category_platform,,id,100747,101415,758395205,false
Shopee,758395205,get_category,100641,0,Motorcycles,Motorcycles,TRUE,,Dataset/DataRaw/country_code=id/dataset=category_platform/category_platform.csv,id,category_platform,,id,0,100641,758395205,true
Shopee,758395205,get_category,100758,100641,Motorcycle Helmets & Accessories,Motorcycle Helmets & Accessories,FALSE,,Dataset/DataRaw/country_code=id/dataset=category_platform/category_platform.csv,id,category_platform,,id,100641,100758,758395205,false
Shopee,758395205,get_category,100757,100641,Motorcycle Spare Parts,Motorcycle Spare Parts,TRUE,,Dataset/DataRaw/country_code=id/dataset=category_platform/category_platform.csv,id,category_platform,,id,100641,100757,758395205,true
Shopee,758395205,get_category,101497,100757,Others,Lainnya,FALSE,,Dataset/DataRaw/country_code=id/dataset=category_platform/category_platform.csv,id,category_platform,,id,100757,101497,758395205,false
Shopee,758395205,get_category,101496,100757,Lighting,Pencahayaan,FALSE,,Dataset/DataRaw/country_code=id/dataset=category_platform/category_platform.csv,id,category_platform,,id,100757,101496,758395205,false
Shopee,758395205,get_category,101495,100757,Tires & Accessories,Ban & Aksesoris,FALSE,,Dataset/DataRaw/country_code=id/dataset=category_platform/category_platform.csv,id,category_platform,,id,100757,101495,758395205,false
Shopee,758395205,get_category,101494,100757,"Wheels, Rims & Accessories","Roda, Velg & Aksesoris",FALSE,,Dataset/DataRaw/country_code=id/dataset=category_platform/category_platform.csv,id,category_platform,,id,100757,101494,758395205,false
Shopee,758395205,get_category,101493,100757,Exhaust & Emissions,Knalpot & Emisi,FALSE,,Dataset/DataRaw/country_code=id/dataset=category_platform/category_platform.csv,id,category_platform,,id,100757,101493,758395205,false
Shopee,758395205,get_category,101492,100757,Body & Frame,Body & Frame,FALSE,,Dataset/DataRaw/country_code=id/dataset=category_platform/category_platform.csv,id,category_platform,,id,100757,101492,758395205,false
Shopee,758395205,get_category,101491,100757,Cables & Tubes,Cables & Tubes,FALSE,,Dataset/DataRaw/country_code=id/dataset=category_platform/category_platform.csv,id,category_platform,,id,100757,101491,758395205,false
Shopee,758395205,get_category,101490,100757,Horns & Accessories,Klakson & Aksesoris,FALSE,,Dataset/DataRaw/country_code=id/dataset=category_platform/category_platform.csv,id,category_platform,,id,100757,101490,758395205,false
Shopee,758395205,get_category,101489,100757,Batteries & Accessories,Baterai & Aksesoris,FALSE,,Dataset/DataRaw/country_code=id/dataset=category_platform/category_platform.csv,id,category_platform,,id,100757,101489,758395205,false
Shopee,758395205,get_category,101488,100757,"Drivetrain, Transmission & Clutches","Drivetrain, Transmisi & Kopling",TRUE,,Dataset/DataRaw/country_code=id/dataset=category_platform/category_platform.csv,id,category_platform,,id,100757,101488,758395205,true
Shopee,758395205,get_category,101924,101488,Others,Lainnya,FALSE,,Dataset/DataRaw/country_code=id/dataset=category_platform/category_platform.csv,id,category_platform,,id,101488,101924,758395205,false
Shopee,758395205,get_category,101923,101488,Bearings,Bearings,FALSE,,Dataset/DataRaw/country_code=id/dataset=category_platform/category_platform.csv,id,category_platform,,id,101488,101923,758395205,false
Shopee,758395205,get_category,101922,101488,Clutches,Tas Tangan (Clutch),FALSE,,Dataset/DataRaw/country_code=id/dataset=category_platform/category_platform.csv,id,category_platform,,id,101488,101922,758395205,false
Shopee,758395205,get_category,101921,101488,Chains & Gears,Chains & Gears,FALSE,,Dataset/DataRaw/country_code=id/dataset=category_platform/category_platform.csv,id,category_platform,,id,101488,101921,758395205,false
Shopee,758395205,get_category,101487,100757,"Shocks, Struts & Suspension",Shockbreaker & Suspensi,FALSE,,Dataset/DataRaw/country_code=id/dataset=category_platform/category_platform.csv,id,category_platform,,id,100757,101487,758395205,false
Shopee,758395205,get_category,101486,100757,Brake System,Sistem Rem,FALSE,,Dataset/DataRaw/country_code=id/dataset=category_platform/category_platform.csv,id,category_platform,,id,100757,101486,758395205,false
Shopee,758395205,get_category,101485,100757,Fuel System,Fuel System,FALSE,,Dataset/DataRaw/country_code=id/dataset=category_platform/category_platform.csv,id,category_platform,,id,100757,101485,758395205,false
Shopee,758395205,get_category,101484,100757,Ignition & Engine Parts,Ignition & Engine Parts,TRUE,,Dataset/DataRaw/country_code=id/dataset=category_platform/category_platform.csv,id,category_platform,,id,100757,101484,758395205,true
Shopee,758395205,get_category,101920,101484,Others,Lainnya,FALSE,,Dataset/DataRaw/country_code=id/dataset=category_platform/category_platform.csv,id,category_platform,,id,101484,101920,758395205,false
Shopee,758395205,get_category,101919,101484,Air Filters,Filter Udara,FALSE,,Dataset/DataRaw/country_code=id/dataset=category_platform/category_platform.csv,id,category_platform,,id,101484,101919,758395205,false
Shopee,758395205,get_category,101918,101484,V-Belts,V-Belts,FALSE,,Dataset/DataRaw/country_code=id/dataset=category_platform/category_platform.csv,id,category_platform,,id,101484,101918,758395205,false
Shopee,758395205,get_category,101917,101484,Ignition Coils,Koil Pengapian,FALSE,,Dataset/DataRaw/country_code=id/dataset=category_platform/category_platform.csv,id,category_platform,,id,101484,101917,758395205,false
Shopee,758395205,get_category,101916,101484,Spark Plugs,Busi,FALSE,,Dataset/DataRaw/country_code=id/dataset=category_platform/category_platform.csv,id,category_platform,,id,101484,101916,758395205,false
Shopee,758395205,get_category,101915,101484,CDI & ECU,CDI & ECU,FALSE,,Dataset/DataRaw/country_code=id/dataset=category_platform/category_platform.csv,id,category_platform,,id,101484,101915,758395205,false
Shopee,758395205,get_category,101914,101484,Pistons,Piston,FALSE,,Dataset/DataRaw/country_code=id/dataset=category_platform/category_platform.csv,id,category_platform,,id,101484,101914,758395205,false
Shopee,758395205,get_category,101913,101484,Radiators,Radiators,FALSE,,Dataset/DataRaw/country_code=id/dataset=category_platform/category_platform.csv,id,category_platform,,id,101484,101913,758395205,false
Shopee,758395205,get_category,100756,100641,Motorcycle Accessories,Motorcycle Accessories,TRUE,,Dataset/DataRaw/country_code=id/dataset=category_platform/category_platform.csv,id,category_platform,,id,100641,100756,758395205,true
Shopee,758395205,get_category,101483,100756,Others,Lainnya,FALSE,,Dataset/DataRaw/country_code=id/dataset=category_platform/category_platform.csv,id,category_platform,,id,100756,101483,758395205,false
Shopee,758395205,get_category,101482,100756,Mud Flaps & Splash Guards,Tahanan Lumpur,FALSE,,Dataset/DataRaw/country_code=id/dataset=category_platform/category_platform.csv,id,category_platform,,id,100756,101482,758395205,false
Shopee,758395205,get_category,101481,100756,Phone Holders,Dudukan Ponsel,FALSE,,Dataset/DataRaw/country_code=id/dataset=category_platform/category_platform.csv,id,category_platform,,id,100756,101481,758395205,false
Shopee,758395205,get_category,101480,100756,Boxes & Cases,Boxes & Cases,FALSE,,Dataset/DataRaw/country_code=id/dataset=category_platform/category_platform.csv,id,category_platform,,id,100756,101480,758395205,false
Shopee,758395205,get_category,101479,100756,Locks & Security,Locks & Security,FALSE,,Dataset/DataRaw/country_code=id/dataset=category_platform/category_platform.csv,id,category_platform,,id,100756,101479,758395205,false
Shopee,758395205,get_category,101478,100756,Mirrors & Accessories,Spion & Aksesoris,FALSE,,Dataset/DataRaw/country_code=id/dataset=category_platform/category_platform.csv,id,category_platform,,id,100756,101478,758395205,false
Shopee,758395205,get_category,101477,100756,Seats & Seat Covers,Seats & Seat Covers,FALSE,,Dataset/DataRaw/country_code=id/dataset=category_platform/category_platform.csv,id,category_platform,,id,100756,101477,758395205,false
Shopee,758395205,get_category,101476,100756,"Stickers, Logos & Emblems","Stiker, Logo & Lambang",FALSE,,Dataset/DataRaw/country_code=id/dataset=category_platform/category_platform.csv,id,category_platform,,id,100756,101476,758395205,false
Shopee,758395205,get_category,101475,100756,Covers,Sarung / Cover,FALSE,,Dataset/DataRaw/country_code=id/dataset=category_platform/category_platform.csv,id,category_platform,,id,100756,101475,758395205,false
Shopee,758395205,get_category,101474,100756,"Speedometers, Odometers & Gauges","Speedometers, Odometers & Gauges",FALSE,,Dataset/DataRaw/country_code=id/dataset=category_platform/category_platform.csv,id,category_platform,,id,100756,101474,758395205,false
Shopee,758395205,get_category,101473,100756,Carpets,Carpets,FALSE,,Dataset/DataRaw/country_code=id/dataset=category_platform/category_platform.csv,id,category_platform,,id,100756,101473,758395205,false
Shopee,758395205,get_category,100643,0,Books & Magazines,Books & Magazines,TRUE,,Dataset/DataRaw/country_code=id/dataset=category_platform/category_platform.csv,id,category_platform,,id,0,100643,758395205,true
Shopee,758395205,get_category,100778,100643,E-Books,E-Books,FALSE,,Dataset/DataRaw/country_code=id/dataset=category_platform/category_platform.csv,id,category_platform,,id,100643,100778,758395205,false
Shopee,758395205,get_category,100777,100643,Books,Books,TRUE,,Dataset/DataRaw/country_code=id/dataset=category_platform/category_platform.csv,id,category_platform,,id,100643,100777,758395205,true
Shopee,758395205,get_category,101572,100777,Audio Books,Audio Books,FALSE,,Dataset/DataRaw/country_code=id/dataset=category_platform/category_platform.csv,id,category_platform,,id,100777,101572,758395205,false
Shopee,758395205,get_category,101571,100777,Baby & Soft Books,Baby & Soft Books,FALSE,,Dataset/DataRaw/country_code=id/dataset=category_platform/category_platform.csv,id,category_platform,,id,100777,101571,758395205,false
Shopee,758395205,get_category,100644,0,Computers & Accessories,Computers & Accessories,TRUE,,Dataset/DataRaw/country_code=id/dataset=category_platform/category_platform.csv,id,category_platform,,id,0,100644,758395205,true
Shopee,758395205,get_category,101943,100644,Others,Lainnya,FALSE,,Dataset/DataRaw/country_code=id/dataset=category_platform/category_platform.csv,id,category_platform,,id,100644,101943,758395205,false
Shopee,758395205,get_category,101942,100644,Laptops,Laptops,FALSE,,Dataset/DataRaw/country_code=id/dataset=category_platform/category_platform.csv,id,category_platform,,id,100644,101942,758395205,false
Shopee,758395205,get_category,101941,100644,Keyboards & Mice,Keyboards & Mice,TRUE,,Dataset/DataRaw/country_code=id/dataset=category_platform/category_platform.csv,id,category_platform,,id,100644,101941,758395205,true
Shopee,758395205,get_category,102001,101941,Others,Lainnya,FALSE,,Dataset/DataRaw/country_code=id/dataset=category_platform/category_platform.csv,id,category_platform,,id,101941,102001,758395205,false
Shopee,758395205,get_category,102000,101941,Drawing Tablets,Drawing Tablets,FALSE,,Dataset/DataRaw/country_code=id/dataset=category_platform/category_platform.csv,id,category_platform,,id,101941,102000,758395205,false
Shopee,758395205,get_category,101999,101941,Keyboards,Keyboards,FALSE,,Dataset/DataRaw/country_code=id/dataset=category_platform/category_platform.csv,id,category_platform,,id,101941,101999,758395205,false
Shopee,758395205,get_category,101998,101941,Mice,Mice,FALSE,,Dataset/DataRaw/country_code=id/dataset=category_platform/category_platform.csv,id,category_platform,,id,101941,101998,758395205,false
Shopee,758395205,get_category,101940,100644,Peripherals & Accessories,Peripherals & Accessories,TRUE,,Dataset/DataRaw/country_code=id/dataset=category_platform/category_platform.csv,id,category_platform,,id,100644,101940,758395205,true
Shopee,758395205,get_category,101997,101940,Others,Lainnya,FALSE,,Dataset/DataRaw/country_code=id/dataset=category_platform/category_platform.csv,id,category_platform,,id,101940,101997,758395205,false
Shopee,758395205,get_category,101996,101940,Mouse Pads,Mouse Pads,FALSE,,Dataset/DataRaw/country_code=id/dataset=category_platform/category_platform.csv,id,category_platform,,id,101940,101996,758395205,false
Shopee,758395205,get_category,101995,101940,Video Conference Devices,Video Conference Devices,FALSE,,Dataset/DataRaw/country_code=id/dataset=category_platform/category_platform.csv,id,category_platform,,id,101940,101995,758395205,false
Shopee,758395205,get_category,101994,101940,Laptop Chargers & Adaptors,Laptop Chargers & Adaptors,FALSE,,Dataset/DataRaw/country_code=id/dataset=category_platform/category_platform.csv,id,category_platform,,id,101940,101994,758395205,false
Shopee,758395205,get_category,101993,101940,Laptop Batteries,Laptop Batteries,FALSE,,Dataset/DataRaw/country_code=id/dataset=category_platform/category_platform.csv,id,category_platform,,id,101940,101993,758395205,false
Shopee,758395205,get_category,101992,101940,Keyboard & Trackpad Covers,Keyboard & Trackpad Covers,FALSE,,Dataset/DataRaw/country_code=id/dataset=category_platform/category_platform.csv,id,category_platform,,id,101940,101992,758395205,false
Shopee,758395205,get_category,101991,101940,Laptop Stands & Foldable Laptop Desks,Laptop Stands & Foldable Laptop Desks,FALSE,,Dataset/DataRaw/country_code=id/dataset=category_platform/category_platform.csv,id,category_platform,,id,101940,101991,758395205,false
Shopee,758395205,get_category,101990,101940,Cooling Pads,Cooling Pads,FALSE,,Dataset/DataRaw/country_code=id/dataset=category_platform/category_platform.csv,id,category_platform,,id,101940,101990,758395205,false
Shopee,758395205,get_category,101989,101940,Laptop Skins & Covers,Laptop Skins & Covers,FALSE,,Dataset/DataRaw/country_code=id/dataset=category_platform/category_platform.csv,id,category_platform,,id,101940,101989,758395205,false
Shopee,758395205,get_category,101988,101940,Webcams,Webcams,FALSE,,Dataset/DataRaw/country_code=id/dataset=category_platform/category_platform.csv,id,category_platform,,id,101940,101988,758395205,false
Shopee,758395205,get_category,101987,101940,USB Hubs & Card Readers,USB Hubs & Card Readers,FALSE,,Dataset/DataRaw/country_code=id/dataset=category_platform/category_platform.csv,id,category_platform,,id,101940,101987,758395205,false
Shopee,758395205,get_category,101939,100644,Printers & Scanners,Printers & Scanners,TRUE,,Dataset/DataRaw/country_code=id/dataset=category_platform/category_platform.csv,id,category_platform,,id,100644,101939,758395205,true
Shopee,758395205,get_category,101986,101939,Others,Lainnya,FALSE,,Dataset/DataRaw/country_code=id/dataset=category_platform/category_platform.csv,id,category_platform,,id,101939,101986,758395205,false
Shopee,758395205,get_category,101985,101939,3D Printers,3D Printers,FALSE,,Dataset/DataRaw/country_code=id/dataset=category_platform/category_platform.csv,id,category_platform,,id,101939,101985,758395205,false
Shopee,758395205,get_category,101984,101939,Inks & Toners,Inks & Toners,FALSE,,Dataset/DataRaw/country_code=id/dataset=category_platform/category_platform.csv,id,category_platform,,id,101939,101984,758395205,false
Shopee,758395205,get_category,101983,101939,Thermal & Barcode Printers,Thermal & Barcode Printers,FALSE,,Dataset/DataRaw/country_code=id/dataset=category_platform/category_platform.csv,id,category_platform,,id,101939,101983,758395205,false
Shopee,758395205,get_category,101982,101939,"Printers, Scanners & Photocopy Machines","Printers, Scanners & Photocopy Machines",FALSE,,Dataset/DataRaw/country_code=id/dataset=category_platform/category_platform.csv,id,category_platform,,id,101939,101982,758395205,false
Shopee,758395205,get_category,101938,100644,Office Equipment,Office Equipment,TRUE,,Dataset/DataRaw/country_code=id/dataset=category_platform/category_platform.csv,id,category_platform,,id,100644,101938,758395205,true
Shopee,758395205,get_category,101981,101938,Others,Lainnya,FALSE,,Dataset/DataRaw/country_code=id/dataset=category_platform/category_platform.csv,id,category_platform,,id,101938,101981,758395205,false
Shopee,758395205,get_category,101980,101938,Money Counters,Money Counters,FALSE,,Dataset/DataRaw/country_code=id/dataset=category_platform/category_platform.csv,id,category_platform,,id,101938,101980,758395205,false
Shopee,758395205,get_category,101979,101938,Paper Shredders,Paper Shredders,FALSE,,Dataset/DataRaw/country_code=id/dataset=category_platform/category_platform.csv,id,category_platform,,id,101938,101979,758395205,false
Shopee,758395205,get_category,101978,101938,Absence Machines,Absence Machines,FALSE,,Dataset/DataRaw/country_code=id/dataset=category_platform/category_platform.csv,id,category_platform,,id,101938,101978,758395205,false
Shopee,758395205,get_category,101977,101938,Typewriters,Typewriters,FALSE,,Dataset/DataRaw/country_code=id/dataset=category_platform/category_platform.csv,id,category_platform,,id,101938,101977,758395205,false
Shopee,758395205,get_category,101937,100644,Softwares,Softwares,FALSE,,Dataset/DataRaw/country_code=id/dataset=category_platform/category_platform.csv,id,category_platform,,id,100644,101937,758395205,false
Shopee,758395205,get_category,101936,100644,Network Components,Network Components,TRUE,,Dataset/DataRaw/country_code=id/dataset=category_platform/category_platform.csv,id,category_platform,,id,100644,101936,758395205,true
Shopee,758395205,get_category,101976,101936,Others,Lainnya,FALSE,,Dataset/DataRaw/country_code=id/dataset=category_platform/category_platform.csv,id,category_platform,,id,101936,101976,758395205,false
Shopee,758395205,get_category,101975,101936,Print Servers,Print Servers,FALSE,,Dataset/DataRaw/country_code=id/dataset=category_platform/category_platform.csv,id,category_platform,,id,101936,101975,758395205,false
Shopee,758395205,get_category,101974,101936,KVM Switches,KVM Switches,FALSE,,Dataset/DataRaw/country_code=id/dataset=category_platform/category_platform.csv,id,category_platform,,id,101936,101974,758395205,false
Shopee,758395205,get_category,101973,101936,Network Cables & Connectors,Network Cables & Connectors,FALSE,,Dataset/DataRaw/country_code=id/dataset=category_platform/category_platform.csv,id,category_platform,,id,101936,101973,758395205,false
Shopee,758395205,get_category,101972,101936,Network Switches & PoE,Network Switches & PoE,FALSE,,Dataset/DataRaw/country_code=id/dataset=category_platform/category_platform.csv,id,category_platform,,id,101936,101972,758395205,false
Shopee,758395205,get_category,101971,101936,Powerline Adapters,Powerline Adapters,FALSE,,Dataset/DataRaw/country_code=id/dataset=category_platform/category_platform.csv,id,category_platform,,id,101936,101971,758395205,false
Shopee,758395205,get_category,101970,101936,Wireless Adapters & Network Cards,Wireless Adapters & Network Cards,FALSE,,Dataset/DataRaw/country_code=id/dataset=category_platform/category_platform.csv,id,category_platform,,id,101936,101970,758395205,false
Shopee,758395205,get_category,101969,101936,Repeaters,Repeaters,FALSE,,Dataset/DataRaw/country_code=id/dataset=category_platform/category_platform.csv,id,category_platform,,id,101936,101969,758395205,false
Shopee,758395205,get_category,101968,101936,Modems & Wireless Routers,Modems & Wireless Routers,FALSE,,Dataset/DataRaw/country_code=id/dataset=category_platform/category_platform.csv,id,category_platform,,id,101936,101968,758395205,false
Shopee,758395205,get_category,101935,100644,Data Storage,Data Storage,TRUE,,Dataset/DataRaw/country_code=id/dataset=category_platform/category_platform.csv,id,category_platform,,id,100644,101935,758395205,true
Shopee,758395205,get_category,101967,101935,Others,Lainnya,FALSE,,Dataset/DataRaw/country_code=id/dataset=category_platform/category_platform.csv,id,category_platform,,id,101935,101967,758395205,false
Shopee,758395205,get_category,101966,101935,Compact Discs,Compact Discs,FALSE,,Dataset/DataRaw/country_code=id/dataset=category_platform/category_platform.csv,id,category_platform,,id,101935,101966,758395205,false
Shopee,758395205,get_category,101965,101935,Hard Disk Casings & Dockings,Hard Disk Casings & Dockings,FALSE,,Dataset/DataRaw/country_code=id/dataset=category_platform/category_platform.csv,id,category_platform,,id,101935,101965,758395205,false
Shopee,758395205,get_category,101964,101935,Flash Drives & OTG,Flash Drives & OTG,FALSE,,Dataset/DataRaw/country_code=id/dataset=category_platform/category_platform.csv,id,category_platform,,id,101935,101964,758395205,false
Shopee,758395205,get_category,101963,101935,Network Attached Storage (NAS),Network Attached Storage (NAS),FALSE,,Dataset/DataRaw/country_code=id/dataset=category_platform/category_platform.csv,id,category_platform,,id,101935,101963,758395205,false
Shopee,758395205,get_category,101962,101935,SSD,SSD,FALSE,,Dataset/DataRaw/country_code=id/dataset=category_platform/category_platform.csv,id,category_platform,,id,101935,101962,758395205,false
Shopee,758395205,get_category,101961,101935,Hard Drives,Hard Drives,FALSE,,Dataset/DataRaw/country_code=id/dataset=category_platform/category_platform.csv,id,category_platform,,id,101935,101961,758395205,false
Shopee,758395205,get_category,101934,100644,Desktop & Laptop Components,Desktop & Laptop Components,TRUE,,Dataset/DataRaw/country_code=id/dataset=category_platform/category_platform.csv,id,category_platform,,id,100644,101934,758395205,true
Shopee,758395205,get_category,101960,101934,Others,Lainnya,FALSE,,Dataset/DataRaw/country_code=id/dataset=category_platform/category_platform.csv,id,category_platform,,id,101934,101960,758395205,false
Shopee,758395205,get_category,101959,101934,Sound Cards,Sound Cards,FALSE,,Dataset/DataRaw/country_code=id/dataset=category_platform/category_platform.csv,id,category_platform,,id,101934,101959,758395205,false
Shopee,758395205,get_category,101958,101934,Optical Drives,Optical Drives,FALSE,,Dataset/DataRaw/country_code=id/dataset=category_platform/category_platform.csv,id,category_platform,,id,101934,101958,758395205,false
Shopee,758395205,get_category,101957,101934,PC Cases,PC Cases,FALSE,,Dataset/DataRaw/country_code=id/dataset=category_platform/category_platform.csv,id,category_platform,,id,101934,101957,758395205,false
Shopee,758395205,get_category,101956,101934,UPS & Stabilizers,UPS & Stabilizers,FALSE,,Dataset/DataRaw/country_code=id/dataset=category_platform/category_platform.csv,id,category_platform,,id,101934,101956,758395205,false
Shopee,758395205,get_category,101955,101934,RAM,RAM,FALSE,,Dataset/DataRaw/country_code=id/dataset=category_platform/category_platform.csv,id,category_platform,,id,101934,101955,758395205,false
Shopee,758395205,get_category,101954,101934,Power Supply Units,Power Supply Units,FALSE,,Dataset/DataRaw/country_code=id/dataset=category_platform/category_platform.csv,id,category_platform,,id,101934,101954,758395205,false
Shopee,758395205,get_category,101953,101934,Thermal Paste,Thermal Paste,FALSE,,Dataset/DataRaw/country_code=id/dataset=category_platform/category_platform.csv,id,category_platform,,id,101934,101953,758395205,false
Shopee,758395205,get_category,101952,101934,Graphics Cards,Graphics Cards,FALSE,,Dataset/DataRaw/country_code=id/dataset=category_platform/category_platform.csv,id,category_platform,,id,101934,101952,758395205,false
Shopee,758395205,get_category,101951,101934,Motherboards,Motherboards,FALSE,,Dataset/DataRaw/country_code=id/dataset=category_platform/category_platform.csv,id,category_platform,,id,101934,101951,758395205,false
Shopee,758395205,get_category,101950,101934,Processors,Processors,FALSE,,Dataset/DataRaw/country_code=id/dataset=category_platform/category_platform.csv,id,category_platform,,id,101934,101950,758395205,false
Shopee,758395205,get_category,101949,101934,Fans & Heatsinks,Fans & Heatsinks,FALSE,,Dataset/DataRaw/country_code=id/dataset=category_platform/category_platform.csv,id,category_platform,,id,101934,101949,758395205,false
Shopee,758395205,get_category,101933,100644,Monitors,Monitor,FALSE,,Dataset/DataRaw/country_code=id/dataset=category_platform/category_platform.csv,id,category_platform,,id,100644,101933,758395205,false
Shopee,758395205,get_category,101932,100644,Desktop Computers,Desktop Computers,TRUE,,Dataset/DataRaw/country_code=id/dataset=category_platform/category_platform.csv,id,category_platform,,id,100644,101932,758395205,true
Shopee,758395205,get_category,101948,101932,Others,Lainnya,FALSE,,Dataset/DataRaw/country_code=id/dataset=category_platform/category_platform.csv,id,category_platform,,id,101932,101948,758395205,false
Shopee,758395205,get_category,101947,101932,All-in-One Desktops,All-in-One Desktops,FALSE,,Dataset/DataRaw/country_code=id/dataset=category_platform/category_platform.csv,id,category_platform,,id,101932,101947,758395205,false
Shopee,758395205,get_category,101946,101932,Server PC,Server PC,FALSE,,Dataset/DataRaw/country_code=id/dataset=category_platform/category_platform.csv,id,category_platform,,id,101932,101946,758395205,false
Shopee,758395205,get_category,101945,101932,Mini PC,Mini PC,FALSE,,Dataset/DataRaw/country_code=id/dataset=category_platform/category_platform.csv,id,category_platform,,id,101932,101945,758395205,false
Shopee,758395205,get_category,101944,101932,Desktop PC,Desktop PC,FALSE,,Dataset/DataRaw/country_code=id/dataset=category_platform/category_platform.csv,id,category_platform,,id,101932,101944,758395205,false
Shopee,758395205,get_category,102187,0,Spare Parts and Accessories for Vehicles,Spare Parts and Accessories for Vehicles,TRUE,,Dataset/DataRaw/country_code=id/dataset=category_platform/category_platform.csv,id,category_platform,,id,0,102187,758395205,true
Shopee,758395205,get_category,102607,102187,Motorcycles,Motorcycles,FALSE,,Dataset/DataRaw/country_code=id/dataset=category_platform/category_platform.csv,id,category_platform,,id,102187,102607,758395205,false
Shopee,758395205,get_category,102606,102187,Automobiles,Automobiles,FALSE,,Dataset/DataRaw/country_code=id/dataset=category_platform/category_platform.csv,id,category_platform,,id,102187,102606,758395205,false
Shopee,758395205,get_category,102601,102187,Others,Lainnya,FALSE,,Dataset/DataRaw/country_code=id/dataset=category_platform/category_platform.csv,id,category_platform,,id,102187,102601,758395205,false
Shopee,758395205,get_category,102272,102187,Vehicular Care,Vehicular Care,TRUE,,Dataset/DataRaw/country_code=id/dataset=category_platform/category_platform.csv,id,category_platform,,id,102187,102272,758395205,true
Shopee,758395205,get_category,102612,102272,Other tire & wheel care,Other tire & wheel care,FALSE,,Dataset/DataRaw/country_code=id/dataset=category_platform/category_platform.csv,id,category_platform,,id,102272,102612,758395205,false
Shopee,758395205,get_category,102578,102272,Others,Lainnya,FALSE,,Dataset/DataRaw/country_code=id/dataset=category_platform/category_platform.csv,id,category_platform,,id,102272,102578,758395205,false
Shopee,758395205,get_category,102577,102272,Vacuum Cleaner,Vacuum Cleaner,FALSE,,Dataset/DataRaw/country_code=id/dataset=category_platform/category_platform.csv,id,category_platform,,id,102272,102577,758395205,false
Shopee,758395205,get_category,102576,102272,Polisher,Polisher,FALSE,,Dataset/DataRaw/country_code=id/dataset=category_platform/category_platform.csv,id,category_platform,,id,102272,102576,758395205,false
Shopee,758395205,get_category,102575,102272,Towels,Towels,FALSE,,Dataset/DataRaw/country_code=id/dataset=category_platform/category_platform.csv,id,category_platform,,id,102272,102575,758395205,false
Shopee,758395205,get_category,102574,102272,Pads,Pads,FALSE,,Dataset/DataRaw/country_code=id/dataset=category_platform/category_platform.csv,id,category_platform,,id,102272,102574,758395205,false
Shopee,758395205,get_category,102573,102272,Brighteners,Brighteners,FALSE,,Dataset/DataRaw/country_code=id/dataset=category_platform/category_platform.csv,id,category_platform,,id,102272,102573,758395205,false
Shopee,758395205,get_category,102572,102272,Fragrances,Fragrances,FALSE,,Dataset/DataRaw/country_code=id/dataset=category_platform/category_platform.csv,id,category_platform,,id,102272,102572,758395205,false
Shopee,758395205,get_category,102571,102272,Degreasers,Degreasers,FALSE,,Dataset/DataRaw/country_code=id/dataset=category_platform/category_platform.csv,id,category_platform,,id,102272,102571,758395205,false
Shopee,758395205,get_category,102570,102272,Treatments,Treatments,FALSE,,Dataset/DataRaw/country_code=id/dataset=category_platform/category_platform.csv,id,category_platform,,id,102272,102570,758395205,false
Shopee,758395205,get_category,102569,102272,Shampoo,Sampo,FALSE,,Dataset/DataRaw/country_code=id/dataset=category_platform/category_platform.csv,id,category_platform,,id,102272,102569,758395205,false
Shopee,758395205,get_category,102568,102272,Wax,Wax,FALSE,,Dataset/DataRaw/country_code=id/dataset=category_platform/category_platform.csv,id,category_platform,,id,102272,102568,758395205,false
Shopee,758395205,get_category,102271,102187,Vehicular Safety,Vehicular Safety,TRUE,,Dataset/DataRaw/country_code=id/dataset=category_platform/category_platform.csv,id,category_platform,,id,102187,102271,758395205,true
Shopee,758395205,get_category,102584,102271,Others,Lainnya,FALSE,,Dataset/DataRaw/country_code=id/dataset=category_platform/category_platform.csv,id,category_platform,,id,102271,102584,758395205,false
Shopee,758395205,get_category,102583,102271,Remote Control Keys,Remote Control Keys,FALSE,,Dataset/DataRaw/country_code=id/dataset=category_platform/category_platform.csv,id,category_platform,,id,102271,102583,758395205,false
Shopee,758395205,get_category,102582,102271,Power Locks,Power Locks,FALSE,,Dataset/DataRaw/country_code=id/dataset=category_platform/category_platform.csv,id,category_platform,,id,102271,102582,758395205,false
Shopee,758395205,get_category,102581,102271,Locks,Locks,FALSE,,Dataset/DataRaw/country_code=id/dataset=category_platform/category_platform.csv,id,category_platform,,id,102271,102581,758395205,false
Shopee,758395205,get_category,102580,102271,Wheel Nuts,Wheel Nuts,FALSE,,Dataset/DataRaw/country_code=id/dataset=category_platform/category_platform.csv,id,category_platform,,id,102271,102580,758395205,false
Shopee,758395205,get_category,102579,102271,Alarms and Accessories,Alarms and Accessories,FALSE,,Dataset/DataRaw/country_code=id/dataset=category_platform/category_platform.csv,id,category_platform,,id,102271,102579,758395205,false
Shopee,758395205,get_category,102265,102187,Vehicular Tools,Vehicular Tools,TRUE,,Dataset/DataRaw/country_code=id/dataset=category_platform/category_platform.csv,id,category_platform,,id,102187,102265,758395205,true
Shopee,758395205,get_category,102567,102265,Others,Lainnya,FALSE,,Dataset/DataRaw/country_code=id/dataset=category_platform/category_platform.csv,id,category_platform,,id,102265,102567,758395205,false
Shopee,758395205,get_category,102566,102265,Winch,Winch,FALSE,,Dataset/DataRaw/country_code=id/dataset=category_platform/category_platform.csv,id,category_platform,,id,102265,102566,758395205,false
Shopee,758395205,get_category,102565,102265,Tire Changer Machine,Tire Changer Machine,FALSE,,Dataset/DataRaw/country_code=id/dataset=category_platform/category_platform.csv,id,category_platform,,id,102265,102565,758395205,false
Shopee,758395205,get_category,102564,102265,Air Compressors,Air Compressors,FALSE,,Dataset/DataRaw/country_code=id/dataset=category_platform/category_platform.csv,id,category_platform,,id,102265,102564,758395205,false
Shopee,758395205,get_category,102270,102265,Wrench,Kunci Pas,TRUE,,Dataset/DataRaw/country_code=id/dataset=category_platform/category_platform.csv,id,category_platform,,id,102265,102270,758395205,true
Shopee,758395205,get_category,102517,102270,Others,Lainnya,FALSE,,Dataset/DataRaw/country_code=id/dataset=category_platform/category_platform.csv,id,category_platform,,id,102270,102517,758395205,false
Shopee,758395205,get_category,102516,102270,Combination Wrench,Combination Wrench,FALSE,,Dataset/DataRaw/country_code=id/dataset=category_platform/category_platform.csv,id,category_platform,,id,102270,102516,758395205,false
Shopee,758395205,get_category,102515,102270,Tire Iron,Tire Iron,FALSE,,Dataset/DataRaw/country_code=id/dataset=category_platform/category_platform.csv,id,category_platform,,id,102270,102515,758395205,false
Shopee,758395205,get_category,102269,102265,Measurement,Measurement,TRUE,,Dataset/DataRaw/country_code=id/dataset=category_platform/category_platform.csv,id,category_platform,,id,102265,102269,758395205,true
Shopee,758395205,get_category,102514,102269,Others,Lainnya,FALSE,,Dataset/DataRaw/country_code=id/dataset=category_platform/category_platform.csv,id,category_platform,,id,102269,102514,758395205,false
Shopee,758395205,get_category,102513,102269,Pressure Gauges,Pressure Gauges,FALSE,,Dataset/DataRaw/country_code=id/dataset=category_platform/category_platform.csv,id,category_platform,,id,102269,102513,758395205,false
Shopee,758395205,get_category,102268,102265,Scanning,Scanning,TRUE,,Dataset/DataRaw/country_code=id/dataset=category_platform/category_platform.csv,id,category_platform,,id,102265,102268,758395205,true
Shopee,758395205,get_category,102512,102268,Others,Lainnya,FALSE,,Dataset/DataRaw/country_code=id/dataset=category_platform/category_platform.csv,id,category_platform,,id,102268,102512,758395205,false
Shopee,758395205,get_category,102511,102268,Scanners,Scanners,FALSE,,Dataset/DataRaw/country_code=id/dataset=category_platform/category_platform.csv,id,category_platform,,id,102268,102511,758395205,false
Shopee,758395205,get_category,102267,102265,Battery Tools,Battery Tools,TRUE,,Dataset/DataRaw/country_code=id/dataset=category_platform/category_platform.csv,id,category_platform,,id,102265,102267,758395205,true
Shopee,758395205,get_category,102510,102267,Others,Lainnya,FALSE,,Dataset/DataRaw/country_code=id/dataset=category_platform/category_platform.csv,id,category_platform,,id,102267,102510,758395205,false
Shopee,758395205,get_category,102509,102267,Battery Testers,Battery Testers,FALSE,,Dataset/DataRaw/country_code=id/dataset=category_platform/category_platform.csv,id,category_platform,,id,102267,102509,758395205,false
Shopee,758395205,get_category,102508,102267,Battery Chargers,Battery Chargers,FALSE,,Dataset/DataRaw/country_code=id/dataset=category_platform/category_platform.csv,id,category_platform,,id,102267,102508,758395205,false
Shopee,758395205,get_category,102266,102265,Lift,Lift,TRUE,,Dataset/DataRaw/country_code=id/dataset=category_platform/category_platform.csv,id,category_platform,,id,102265,102266,758395205,true
Shopee,758395205,get_category,102507,102266,Others,Lainnya,FALSE,,Dataset/DataRaw/country_code=id/dataset=category_platform/category_platform.csv,id,category_platform,,id,102266,102507,758395205,false
Shopee,758395205,get_category,102506,102266,Automotive Lifts,Automotive Lifts,FALSE,,Dataset/DataRaw/country_code=id/dataset=category_platform/category_platform.csv,id,category_platform,,id,102266,102506,758395205,false
Shopee,758395205,get_category,102505,102266,Jack Stands,Jack Stands,FALSE,,Dataset/DataRaw/country_code=id/dataset=category_platform/category_platform.csv,id,category_platform,,id,102266,102505,758395205,false
Shopee,758395205,get_category,102504,102266,Jacks,Jacks,FALSE,,Dataset/DataRaw/country_code=id/dataset=category_platform/category_platform.csv,id,category_platform,,id,102266,102504,758395205,false
Shopee,758395205,get_category,102264,102187,Tires and Wheels,Tires and Wheels,TRUE,,Dataset/DataRaw/country_code=id/dataset=category_platform/category_platform.csv,id,category_platform,,id,102187,102264,758395205,true
Shopee,758395205,get_category,102563,102264,Others,Lainnya,FALSE,,Dataset/DataRaw/country_code=id/dataset=category_platform/category_platform.csv,id,category_platform,,id,102264,102563,758395205,false
Shopee,758395205,get_category,102562,102264,Truck Wheels,Truck Wheels,FALSE,,Dataset/DataRaw/country_code=id/dataset=category_platform/category_platform.csv,id,category_platform,,id,102264,102562,758395205,false
Shopee,758395205,get_category,102561,102264,Motorcycle Wheels,Motorcycle Wheels,FALSE,,Dataset/DataRaw/country_code=id/dataset=category_platform/category_platform.csv,id,category_platform,,id,102264,102561,758395205,false
Shopee,758395205,get_category,102560,102264,Automobile Wheels,Automobile Wheels,FALSE,,Dataset/DataRaw/country_code=id/dataset=category_platform/category_platform.csv,id,category_platform,,id,102264,102560,758395205,false
Shopee,758395205,get_category,102559,102264,Industrial Tires,Industrial Tires,FALSE,,Dataset/DataRaw/country_code=id/dataset=category_platform/category_platform.csv,id,category_platform,,id,102264,102559,758395205,false
Shopee,758395205,get_category,102558,102264,Bike Tires,Bike Tires,FALSE,,Dataset/DataRaw/country_code=id/dataset=category_platform/category_platform.csv,id,category_platform,,id,102264,102558,758395205,false
Shopee,758395205,get_category,102557,102264,Quad Bike Tires,Quad Bike Tires,FALSE,,Dataset/DataRaw/country_code=id/dataset=category_platform/category_platform.csv,id,category_platform,,id,102264,102557,758395205,false
Shopee,758395205,get_category,102556,102264,Agriculture Tires,Agriculture Tires,FALSE,,Dataset/DataRaw/country_code=id/dataset=category_platform/category_platform.csv,id,category_platform,,id,102264,102556,758395205,false
Shopee,758395205,get_category,102555,102264,Inner Tubes for Tires,Inner Tubes for Tires,FALSE,,Dataset/DataRaw/country_code=id/dataset=category_platform/category_platform.csv,id,category_platform,,id,102264,102555,758395205,false
Shopee,758395205,get_category,102554,102264,Truck Tires,Truck Tires,FALSE,,Dataset/DataRaw/country_code=id/dataset=category_platform/category_platform.csv,id,category_platform,,id,102264,102554,758395205,false
Shopee,758395205,get_category,102553,102264,Motorcycle Tires,Motorcycle Tires,FALSE,,Dataset/DataRaw/country_code=id/dataset=category_platform/category_platform.csv,id,category_platform,,id,102264,102553,758395205,false
Shopee,758395205,get_category,102552,102264,Automobile Tires,Automobile Tires,FALSE,,Dataset/DataRaw/country_code=id/dataset=category_platform/category_platform.csv,id,category_platform,,id,102264,102552,758395205,false
Shopee,758395205,get_category,102260,102187,Accessories for Motorcycles,Accessories for Motorcycles,TRUE,,Dataset/DataRaw/country_code=id/dataset=category_platform/category_platform.csv,id,category_platform,,id,102187,102260,758395205,true
Shopee,758395205,get_category,102611,102260,Motorcycle Helmet Camera,Motorcycle Helmet Camera,FALSE,,Dataset/DataRaw/country_code=id/dataset=category_platform/category_platform.csv,id,category_platform,,id,102260,102611,758395205,false
Shopee,758395205,get_category,102610,102260,Phone Holders,Dudukan Ponsel,FALSE,,Dataset/DataRaw/country_code=id/dataset=category_platform/category_platform.csv,id,category_platform,,id,102260,102610,758395205,false
Shopee,758395205,get_category,102551,102260,Others,Lainnya,FALSE,,Dataset/DataRaw/country_code=id/dataset=category_platform/category_platform.csv,id,category_platform,,id,102260,102551,758395205,false
Shopee,758395205,get_category,102550,102260,Stickers and Emblems,Stickers and Emblems,FALSE,,Dataset/DataRaw/country_code=id/dataset=category_platform/category_platform.csv,id,category_platform,,id,102260,102550,758395205,false
Shopee,758395205,get_category,102549,102260,Backpacks,Ransel,FALSE,,Dataset/DataRaw/country_code=id/dataset=category_platform/category_platform.csv,id,category_platform,,id,102260,102549,758395205,false
Shopee,758395205,get_category,102548,102260,Hand Guards,Hand Guards,FALSE,,Dataset/DataRaw/country_code=id/dataset=category_platform/category_platform.csv,id,category_platform,,id,102260,102548,758395205,false
Shopee,758395205,get_category,102547,102260,Saddlebags,Saddlebags,FALSE,,Dataset/DataRaw/country_code=id/dataset=category_platform/category_platform.csv,id,category_platform,,id,102260,102547,758395205,false
Shopee,758395205,get_category,102546,102260,Frame Sliders,Frame Sliders,FALSE,,Dataset/DataRaw/country_code=id/dataset=category_platform/category_platform.csv,id,category_platform,,id,102260,102546,758395205,false
Shopee,758395205,get_category,102545,102260,Windshield,Kaca Depan,FALSE,,Dataset/DataRaw/country_code=id/dataset=category_platform/category_platform.csv,id,category_platform,,id,102260,102545,758395205,false
Shopee,758395205,get_category,102544,102260,Helmet Visor Shields,Helmet Visor Shields,FALSE,,Dataset/DataRaw/country_code=id/dataset=category_platform/category_platform.csv,id,category_platform,,id,102260,102544,758395205,false
Shopee,758395205,get_category,102543,102260,Intercom,Intercom,FALSE,,Dataset/DataRaw/country_code=id/dataset=category_platform/category_platform.csv,id,category_platform,,id,102260,102543,758395205,false
Shopee,758395205,get_category,102542,102260,Panel and Speedometer,Panel and Speedometer,FALSE,,Dataset/DataRaw/country_code=id/dataset=category_platform/category_platform.csv,id,category_platform,,id,102260,102542,758395205,false
Shopee,758395205,get_category,102541,102260,Helmets,Helmets,FALSE,,Dataset/DataRaw/country_code=id/dataset=category_platform/category_platform.csv,id,category_platform,,id,102260,102541,758395205,false
Shopee,758395205,get_category,102540,102260,Engine Protector,Engine Protector,FALSE,,Dataset/DataRaw/country_code=id/dataset=category_platform/category_platform.csv,id,category_platform,,id,102260,102540,758395205,false
Shopee,758395205,get_category,102263,102260,Covers,Sarung / Cover,TRUE,,Dataset/DataRaw/country_code=id/dataset=category_platform/category_platform.csv,id,category_platform,,id,102260,102263,758395205,true
Shopee,758395205,get_category,102503,102263,Others,Lainnya,FALSE,,Dataset/DataRaw/country_code=id/dataset=category_platform/category_platform.csv,id,category_platform,,id,102263,102503,758395205,false
Shopee,758395205,get_category,102502,102263,Seat Covers,Seat Covers,FALSE,,Dataset/DataRaw/country_code=id/dataset=category_platform/category_platform.csv,id,category_platform,,id,102263,102502,758395205,false
Shopee,758395205,get_category,102501,102263,Motorcycles Covers,Motorcycles Covers,FALSE,,Dataset/DataRaw/country_code=id/dataset=category_platform/category_platform.csv,id,category_platform,,id,102263,102501,758395205,false
Shopee,758395205,get_category,102262,102260,Cases,Cases,TRUE,,Dataset/DataRaw/country_code=id/dataset=category_platform/category_platform.csv,id,category_platform,,id,102260,102262,758395205,true
Shopee,758395205,get_category,102500,102262,Others,Lainnya,FALSE,,Dataset/DataRaw/country_code=id/dataset=category_platform/category_platform.csv,id,category_platform,,id,102262,102500,758395205,false
Shopee,758395205,get_category,102499,102262,Side Cases,Side Cases,FALSE,,Dataset/DataRaw/country_code=id/dataset=category_platform/category_platform.csv,id,category_platform,,id,102262,102499,758395205,false
Shopee,758395205,get_category,102498,102262,Luggage Racks,Luggage Racks,FALSE,,Dataset/DataRaw/country_code=id/dataset=category_platform/category_platform.csv,id,category_platform,,id,102262,102498,758395205,false
Shopee,758395205,get_category,102497,102262,Back Top Cases,Back Top Cases,FALSE,,Dataset/DataRaw/country_code=id/dataset=category_platform/category_platform.csv,id,category_platform,,id,102262,102497,758395205,false
Shopee,758395205,get_category,102261,102260,Clothing and Boots,Clothing and Boots,TRUE,,Dataset/DataRaw/country_code=id/dataset=category_platform/category_platform.csv,id,category_platform,,id,102260,102261,758395205,true
Shopee,758395205,get_category,102496,102261,Others,Lainnya,FALSE,,Dataset/DataRaw/country_code=id/dataset=category_platform/category_platform.csv,id,category_platform,,id,102261,102496,758395205,false
Shopee,758395205,get_category,102495,102261,Protection Gear,Protection Gear,FALSE,,Dataset/DataRaw/country_code=id/dataset=category_platform/category_platform.csv,id,category_platform,,id,102261,102495,758395205,false
Shopee,758395205,get_category,102494,102261,Accessories,Accessories,FALSE,,Dataset/DataRaw/country_code=id/dataset=category_platform/category_platform.csv,id,category_platform,,id,102261,102494,758395205,false
Shopee,758395205,get_category,102493,102261,Boots,Sepatu Bot,FALSE,,Dataset/DataRaw/country_code=id/dataset=category_platform/category_platform.csv,id,category_platform,,id,102261,102493,758395205,false
Shopee,758395205,get_category,102492,102261,Jackets,Jaket,FALSE,,Dataset/DataRaw/country_code=id/dataset=category_platform/category_platform.csv,id,category_platform,,id,102261,102492,758395205,false
Shopee,758395205,get_category,102491,102261,Rain Suit,Rain Suit,FALSE,,Dataset/DataRaw/country_code=id/dataset=category_platform/category_platform.csv,id,category_platform,,id,102261,102491,758395205,false
Shopee,758395205,get_category,102251,102187,Spare Parts for Motorcycles,Spare Parts for Motorcycles,TRUE,,Dataset/DataRaw/country_code=id/dataset=category_platform/category_platform.csv,id,category_platform,,id,102187,102251,758395205,true
Shopee,758395205,get_category,102539,102251,Others,Lainnya,FALSE,,Dataset/DataRaw/country_code=id/dataset=category_platform/category_platform.csv,id,category_platform,,id,102251,102539,758395205,false
Shopee,758395205,get_category,102538,102251,Batteries,Baterai,FALSE,,Dataset/DataRaw/country_code=id/dataset=category_platform/category_platform.csv,id,category_platform,,id,102251,102538,758395205,false
Shopee,758395205,get_category,102537,102251,Side Mirrors,Spion Samping,FALSE,,Dataset/DataRaw/country_code=id/dataset=category_platform/category_platform.csv,id,category_platform,,id,102251,102537,758395205,false
Shopee,758395205,get_category,102259,102251,Additive and Lubricant,Aditif & Pelumas,TRUE,,Dataset/DataRaw/country_code=id/dataset=category_platform/category_platform.csv,id,category_platform,,id,102251,102259,758395205,true
Shopee,758395205,get_category,102490,102259,Engine Oil,Engine Oil,FALSE,,Dataset/DataRaw/country_code=id/dataset=category_platform/category_platform.csv,id,category_platform,,id,102259,102490,758395205,false
Shopee,758395205,get_category,102258,102251,Filters,Filter,TRUE,,Dataset/DataRaw/country_code=id/dataset=category_platform/category_platform.csv,id,category_platform,,id,102251,102258,758395205,true
Shopee,758395205,get_category,102489,102258,Others,Lainnya,FALSE,,Dataset/DataRaw/country_code=id/dataset=category_platform/category_platform.csv,id,category_platform,,id,102258,102489,758395205,false
Shopee,758395205,get_category,102488,102258,Filters Kit,Filters Kit,FALSE,,Dataset/DataRaw/country_code=id/dataset=category_platform/category_platform.csv,id,category_platform,,id,102258,102488,758395205,false
Shopee,758395205,get_category,102487,102258,Oil Filters,Filter Oli,FALSE,,Dataset/DataRaw/country_code=id/dataset=category_platform/category_platform.csv,id,category_platform,,id,102258,102487,758395205,false
Shopee,758395205,get_category,102486,102258,Air Filters,Filter Udara,FALSE,,Dataset/DataRaw/country_code=id/dataset=category_platform/category_platform.csv,id,category_platform,,id,102258,102486,758395205,false
Shopee,758395205,get_category,102257,102251,Ignition,Pengapian,TRUE,,Dataset/DataRaw/country_code=id/dataset=category_platform/category_platform.csv,id,category_platform,,id,102251,102257,758395205,true
Shopee,758395205,get_category,102485,102257,Others,Lainnya,FALSE,,Dataset/DataRaw/country_code=id/dataset=category_platform/category_platform.csv,id,category_platform,,id,102257,102485,758395205,false
Shopee,758395205,get_category,102484,102257,Ignition Coil,Koil Pengapian,FALSE,,Dataset/DataRaw/country_code=id/dataset=category_platform/category_platform.csv,id,category_platform,,id,102257,102484,758395205,false
Shopee,758395205,get_category,102483,102257,Spark Plugs,Busi,FALSE,,Dataset/DataRaw/country_code=id/dataset=category_platform/category_platform.csv,id,category_platform,,id,102257,102483,758395205,false
Shopee,758395205,get_category,102482,102257,Ignition Switches,Ignition Switches,FALSE,,Dataset/DataRaw/country_code=id/dataset=category_platform/category_platform.csv,id,category_platform,,id,102257,102482,758395205,false
Shopee,758395205,get_category,102481,102257,CDI,CDI,FALSE,,Dataset/DataRaw/country_code=id/dataset=category_platform/category_platform.csv,id,category_platform,,id,102257,102481,758395205,false
Shopee,758395205,get_category,102256,102251,Lighting,Pencahayaan,TRUE,,Dataset/DataRaw/country_code=id/dataset=category_platform/category_platform.csv,id,category_platform,,id,102251,102256,758395205,true
Shopee,758395205,get_category,102480,102256,Others,Lainnya,FALSE,,Dataset/DataRaw/country_code=id/dataset=category_platform/category_platform.csv,id,category_platform,,id,102256,102480,758395205,false
Shopee,758395205,get_category,102479,102256,Low Beam Headlights,Low Beam Headlights,FALSE,,Dataset/DataRaw/country_code=id/dataset=category_platform/category_platform.csv,id,category_platform,,id,102256,102479,758395205,false
Shopee,758395205,get_category,102478,102256,Headlights,Headlights,FALSE,,Dataset/DataRaw/country_code=id/dataset=category_platform/category_platform.csv,id,category_platform,,id,102256,102478,758395205,false
Shopee,758395205,get_category,102477,102256,Turn Signal Lights,Turn Signal Lights,FALSE,,Dataset/DataRaw/country_code=id/dataset=category_platform/category_platform.csv,id,category_platform,,id,102256,102477,758395205,false
Shopee,758395205,get_category,102255,102251,Exhaust and Muffler,Exhaust and Muffler,TRUE,,Dataset/DataRaw/country_code=id/dataset=category_platform/category_platform.csv,id,category_platform,,id,102251,102255,758395205,true
Shopee,758395205,get_category,102476,102255,Others,Lainnya,FALSE,,Dataset/DataRaw/country_code=id/dataset=category_platform/category_platform.csv,id,category_platform,,id,102255,102476,758395205,false
Shopee,758395205,get_category,102475,102255,Muffler,Muffler,FALSE,,Dataset/DataRaw/country_code=id/dataset=category_platform/category_platform.csv,id,category_platform,,id,102255,102475,758395205,false
Shopee,758395205,get_category,102474,102255,Exhaust,Knalpot,FALSE,,Dataset/DataRaw/country_code=id/dataset=category_platform/category_platform.csv,id,category_platform,,id,102255,102474,758395205,false
Shopee,758395205,get_category,102254,102251,Transmission,Transmisi,TRUE,,Dataset/DataRaw/country_code=id/dataset=category_platform/category_platform.csv,id,category_platform,,id,102251,102254,758395205,true
Shopee,758395205,get_category,102473,102254,Others,Lainnya,FALSE,,Dataset/DataRaw/country_code=id/dataset=category_platform/category_platform.csv,id,category_platform,,id,102254,102473,758395205,false
Shopee,758395205,get_category,102472,102254,Drive Belts,Drive Belts,FALSE,,Dataset/DataRaw/country_code=id/dataset=category_platform/category_platform.csv,id,category_platform,,id,102254,102472,758395205,false
Shopee,758395205,get_category,102471,102254,Gear Shaft,Gear Shaft,FALSE,,Dataset/DataRaw/country_code=id/dataset=category_platform/category_platform.csv,id,category_platform,,id,102254,102471,758395205,false
Shopee,758395205,get_category,102470,102254,Gear Box,Gear Box,FALSE,,Dataset/DataRaw/country_code=id/dataset=category_platform/category_platform.csv,id,category_platform,,id,102254,102470,758395205,false
Shopee,758395205,get_category,102469,102254,Sprockets,Sprockets,FALSE,,Dataset/DataRaw/country_code=id/dataset=category_platform/category_platform.csv,id,category_platform,,id,102254,102469,758395205,false
Shopee,758395205,get_category,102468,102254,Clutches,Tas Tangan (Clutch),FALSE,,Dataset/DataRaw/country_code=id/dataset=category_platform/category_platform.csv,id,category_platform,,id,102254,102468,758395205,false
Shopee,758395205,get_category,102467,102254,Transmission Kit,Transmission Kit,FALSE,,Dataset/DataRaw/country_code=id/dataset=category_platform/category_platform.csv,id,category_platform,,id,102254,102467,758395205,false
Shopee,758395205,get_category,102253,102251,Engine,Mesin,TRUE,,Dataset/DataRaw/country_code=id/dataset=category_platform/category_platform.csv,id,category_platform,,id,102251,102253,758395205,true
Shopee,758395205,get_category,102466,102253,Others,Lainnya,FALSE,,Dataset/DataRaw/country_code=id/dataset=category_platform/category_platform.csv,id,category_platform,,id,102253,102466,758395205,false
Shopee,758395205,get_category,102465,102253,Oil Pump,Oil Pump,FALSE,,Dataset/DataRaw/country_code=id/dataset=category_platform/category_platform.csv,id,category_platform,,id,102253,102465,758395205,false
Shopee,758395205,get_category,102464,102253,Timing Chain Tensioner,Timing Chain Tensioner,FALSE,,Dataset/DataRaw/country_code=id/dataset=category_platform/category_platform.csv,id,category_platform,,id,102253,102464,758395205,false
Shopee,758395205,get_category,102463,102253,Regulator Rectifier,Regulator Rectifier,FALSE,,Dataset/DataRaw/country_code=id/dataset=category_platform/category_platform.csv,id,category_platform,,id,102253,102463,758395205,false
Shopee,758395205,get_category,102462,102253,Connecting Rod,Connecting Rod,FALSE,,Dataset/DataRaw/country_code=id/dataset=category_platform/category_platform.csv,id,category_platform,,id,102253,102462,758395205,false
Shopee,758395205,get_category,102461,102253,Camshafts,Camshafts,FALSE,,Dataset/DataRaw/country_code=id/dataset=category_platform/category_platform.csv,id,category_platform,,id,102253,102461,758395205,false
Shopee,758395205,get_category,102460,102253,Stators,Stators,FALSE,,Dataset/DataRaw/country_code=id/dataset=category_platform/category_platform.csv,id,category_platform,,id,102253,102460,758395205,false
Shopee,758395205,get_category,102459,102253,Drive Chains,Drive Chains,FALSE,,Dataset/DataRaw/country_code=id/dataset=category_platform/category_platform.csv,id,category_platform,,id,102253,102459,758395205,false
Shopee,758395205,get_category,102458,102253,Pistons,Piston,FALSE,,Dataset/DataRaw/country_code=id/dataset=category_platform/category_platform.csv,id,category_platform,,id,102253,102458,758395205,false
Shopee,758395205,get_category,102457,102253,Starter Motor Spare Parts,Starter Motor Spare Parts,FALSE,,Dataset/DataRaw/country_code=id/dataset=category_platform/category_platform.csv,id,category_platform,,id,102253,102457,758395205,false
Shopee,758395205,get_category,102456,102253,Cylinder Head,Cylinder Head,FALSE,,Dataset/DataRaw/country_code=id/dataset=category_platform/category_platform.csv,id,category_platform,,id,102253,102456,758395205,false
Shopee,758395205,get_category,102455,102253,Carburetors,Karburator,FALSE,,Dataset/DataRaw/country_code=id/dataset=category_platform/category_platform.csv,id,category_platform,,id,102253,102455,758395205,false
Shopee,758395205,get_category,102454,102253,Cylinders,Cylinders,FALSE,,Dataset/DataRaw/country_code=id/dataset=category_platform/category_platform.csv,id,category_platform,,id,102253,102454,758395205,false
Shopee,758395205,get_category,102252,102251,Chassis,Chassis,TRUE,,Dataset/DataRaw/country_code=id/dataset=category_platform/category_platform.csv,id,category_platform,,id,102251,102252,758395205,true
Shopee,758395205,get_category,102453,102252,Others,Lainnya,FALSE,,Dataset/DataRaw/country_code=id/dataset=category_platform/category_platform.csv,id,category_platform,,id,102252,102453,758395205,false
Shopee,758395205,get_category,102452,102252,Fuel Tank,Tangki Bahan Bakar,FALSE,,Dataset/DataRaw/country_code=id/dataset=category_platform/category_platform.csv,id,category_platform,,id,102252,102452,758395205,false
Shopee,758395205,get_category,102451,102252,Seat Handles,Seat Handles,FALSE,,Dataset/DataRaw/country_code=id/dataset=category_platform/category_platform.csv,id,category_platform,,id,102252,102451,758395205,false
Shopee,758395205,get_category,102450,102252,Engine Guards,Engine Guards,FALSE,,Dataset/DataRaw/country_code=id/dataset=category_platform/category_platform.csv,id,category_platform,,id,102252,102450,758395205,false
Shopee,758395205,get_category,102449,102252,Handlebar Grips,Handlebar Grips,FALSE,,Dataset/DataRaw/country_code=id/dataset=category_platform/category_platform.csv,id,category_platform,,id,102252,102449,758395205,false
Shopee,758395205,get_category,102448,102252,Foot Pegs,Foot Pegs,FALSE,,Dataset/DataRaw/country_code=id/dataset=category_platform/category_platform.csv,id,category_platform,,id,102252,102448,758395205,false
Shopee,758395205,get_category,102447,102252,Spokes,Spokes,FALSE,,Dataset/DataRaw/country_code=id/dataset=category_platform/category_platform.csv,id,category_platform,,id,102252,102447,758395205,false
Shopee,758395205,get_category,102446,102252,Wheel Hub,Hub Roda,FALSE,,Dataset/DataRaw/country_code=id/dataset=category_platform/category_platform.csv,id,category_platform,,id,102252,102446,758395205,false
Shopee,758395205,get_category,102445,102252,Fuel Tank Cap,Fuel Tank Cap,FALSE,,Dataset/DataRaw/country_code=id/dataset=category_platform/category_platform.csv,id,category_platform,,id,102252,102445,758395205,false
Shopee,758395205,get_category,102444,102252,License Plate Mount,License Plate Mount,FALSE,,Dataset/DataRaw/country_code=id/dataset=category_platform/category_platform.csv,id,category_platform,,id,102252,102444,758395205,false
Shopee,758395205,get_category,102443,102252,Seats,Seats,FALSE,,Dataset/DataRaw/country_code=id/dataset=category_platform/category_platform.csv,id,category_platform,,id,102252,102443,758395205,false
Shopee,758395205,get_category,102442,102252,Wires,Kabel,FALSE,,Dataset/DataRaw/country_code=id/dataset=category_platform/category_platform.csv,id,category_platform,,id,102252,102442,758395205,false
Shopee,758395205,get_category,102441,102252,Handles,Handles,FALSE,,Dataset/DataRaw/country_code=id/dataset=category_platform/category_platform.csv,id,category_platform,,id,102252,102441,758395205,false
Shopee,758395205,get_category,102440,102252,Wrench,Kunci Pas,FALSE,,Dataset/DataRaw/country_code=id/dataset=category_platform/category_platform.csv,id,category_platform,,id,102252,102440,758395205,false
Shopee,758395205,get_category,102439,102252,Fork Tubes,Fork Tubes,FALSE,,Dataset/DataRaw/country_code=id/dataset=category_platform/category_platform.csv,id,category_platform,,id,102252,102439,758395205,false
Shopee,758395205,get_category,102438,102252,Stands,Stands,FALSE,,Dataset/DataRaw/country_code=id/dataset=category_platform/category_platform.csv,id,category_platform,,id,102252,102438,758395205,false
Shopee,758395205,get_category,102437,102252,Fenders,Spakbor (Fender),FALSE,,Dataset/DataRaw/country_code=id/dataset=category_platform/category_platform.csv,id,category_platform,,id,102252,102437,758395205,false
Shopee,758395205,get_category,102436,102252,Handlebars and Components,Handlebars and Components,FALSE,,Dataset/DataRaw/country_code=id/dataset=category_platform/category_platform.csv,id,category_platform,,id,102252,102436,758395205,false
Shopee,758395205,get_category,102435,102252,Brakes,Rem,FALSE,,Dataset/DataRaw/country_code=id/dataset=category_platform/category_platform.csv,id,category_platform,,id,102252,102435,758395205,false
Shopee,758395205,get_category,102434,102252,Shock Absorbers,Peredam Kejut (Shockbreaker),FALSE,,Dataset/DataRaw/country_code=id/dataset=category_platform/category_platform.csv,id,category_platform,,id,102252,102434,758395205,false
Shopee,758395205,get_category,102433,102252,Plastics Kit,Plastics Kit,FALSE,,Dataset/DataRaw/country_code=id/dataset=category_platform/category_platform.csv,id,category_platform,,id,102252,102433,758395205,false
Shopee,758395205,get_category,102249,102187,Internal Accessories for Automobiles,Internal Accessories for Automobiles,TRUE,,Dataset/DataRaw/country_code=id/dataset=category_platform/category_platform.csv,id,category_platform,,id,102187,102249,758395205,true
Shopee,758395205,get_category,102528,102249,Others,Lainnya,FALSE,,Dataset/DataRaw/country_code=id/dataset=category_platform/category_platform.csv,id,category_platform,,id,102249,102528,758395205,false
Shopee,758395205,get_category,102527,102249,GPS Navigators,GPS Navigators,FALSE,,Dataset/DataRaw/country_code=id/dataset=category_platform/category_platform.csv,id,category_platform,,id,102249,102527,758395205,false
Shopee,758395205,get_category,102526,102249,Car Cameras,Car Cameras,FALSE,,Dataset/DataRaw/country_code=id/dataset=category_platform/category_platform.csv,id,category_platform,,id,102249,102526,758395205,false
Shopee,758395205,get_category,102525,102249,Bluetooth Transmitters,Bluetooth Transmitters,FALSE,,Dataset/DataRaw/country_code=id/dataset=category_platform/category_platform.csv,id,category_platform,,id,102249,102525,758395205,false
Shopee,758395205,get_category,102524,102249,Phone Chargers and Holders,Phone Chargers and Holders,FALSE,,Dataset/DataRaw/country_code=id/dataset=category_platform/category_platform.csv,id,category_platform,,id,102249,102524,758395205,false
Shopee,758395205,get_category,102523,102249,Keychain and Key Covers,Keychain and Key Covers,FALSE,,Dataset/DataRaw/country_code=id/dataset=category_platform/category_platform.csv,id,category_platform,,id,102249,102523,758395205,false
Shopee,758395205,get_category,102522,102249,Steering Wheel Cover,Steering Wheel Cover,FALSE,,Dataset/DataRaw/country_code=id/dataset=category_platform/category_platform.csv,id,category_platform,,id,102249,102522,758395205,false
Shopee,758395205,get_category,102521,102249,Sun Shade,Sun Shade,FALSE,,Dataset/DataRaw/country_code=id/dataset=category_platform/category_platform.csv,id,category_platform,,id,102249,102521,758395205,false
Shopee,758395205,get_category,102520,102249,Cup Holder and Organizers,Cup Holder and Organizers,FALSE,,Dataset/DataRaw/country_code=id/dataset=category_platform/category_platform.csv,id,category_platform,,id,102249,102520,758395205,false
Shopee,758395205,get_category,102519,102249,Seat Cover,Seat Cover,FALSE,,Dataset/DataRaw/country_code=id/dataset=category_platform/category_platform.csv,id,category_platform,,id,102249,102519,758395205,false
Shopee,758395205,get_category,102518,102249,Car Mat,Car Mat,FALSE,,Dataset/DataRaw/country_code=id/dataset=category_platform/category_platform.csv,id,category_platform,,id,102249,102518,758395205,false
Shopee,758395205,get_category,102250,102249,Car Audio System,Car Audio System,TRUE,,Dataset/DataRaw/country_code=id/dataset=category_platform/category_platform.csv,id,category_platform,,id,102249,102250,758395205,true
Shopee,758395205,get_category,102595,102250,Speakers & Boxes,Speakers & Boxes,FALSE,,Dataset/DataRaw/country_code=id/dataset=category_platform/category_platform.csv,id,category_platform,,id,102250,102595,758395205,false
Shopee,758395205,get_category,102414,102250,Others,Lainnya,FALSE,,Dataset/DataRaw/country_code=id/dataset=category_platform/category_platform.csv,id,category_platform,,id,102250,102414,758395205,false
Shopee,758395205,get_category,102413,102250,Remote Control,Remote Control,FALSE,,Dataset/DataRaw/country_code=id/dataset=category_platform/category_platform.csv,id,category_platform,,id,102250,102413,758395205,false
Shopee,758395205,get_category,102412,102250,Antennas,Antena,FALSE,,Dataset/DataRaw/country_code=id/dataset=category_platform/category_platform.csv,id,category_platform,,id,102250,102412,758395205,false
Shopee,758395205,get_category,102411,102250,Drivers,Drivers,FALSE,,Dataset/DataRaw/country_code=id/dataset=category_platform/category_platform.csv,id,category_platform,,id,102250,102411,758395205,false
Shopee,758395205,get_category,102410,102250,Speakers,Speaker,FALSE,,Dataset/DataRaw/country_code=id/dataset=category_platform/category_platform.csv,id,category_platform,,id,102250,102410,758395205,false
Shopee,758395205,get_category,102409,102250,Amplifier Modules,Amplifier Modules,FALSE,,Dataset/DataRaw/country_code=id/dataset=category_platform/category_platform.csv,id,category_platform,,id,102250,102409,758395205,false
Shopee,758395205,get_category,102408,102250,Players,Players,FALSE,,Dataset/DataRaw/country_code=id/dataset=category_platform/category_platform.csv,id,category_platform,,id,102250,102408,758395205,false
Shopee,758395205,get_category,102243,102187,External Accessories for Automobiles,External Accessories for Automobiles,TRUE,,Dataset/DataRaw/country_code=id/dataset=category_platform/category_platform.csv,id,category_platform,,id,102187,102243,758395205,true
Shopee,758395205,get_category,102536,102243,Others,Lainnya,FALSE,,Dataset/DataRaw/country_code=id/dataset=category_platform/category_platform.csv,id,category_platform,,id,102243,102536,758395205,false
Shopee,758395205,get_category,102535,102243,Parking Cameras and Sensors,Parking Cameras and Sensors,FALSE,,Dataset/DataRaw/country_code=id/dataset=category_platform/category_platform.csv,id,category_platform,,id,102243,102535,758395205,false
Shopee,758395205,get_category,102534,102243,Wheel Spacer,Wheel Spacer,FALSE,,Dataset/DataRaw/country_code=id/dataset=category_platform/category_platform.csv,id,category_platform,,id,102243,102534,758395205,false
Shopee,758395205,get_category,102533,102243,Mud Flaps,Mud Flaps,FALSE,,Dataset/DataRaw/country_code=id/dataset=category_platform/category_platform.csv,id,category_platform,,id,102243,102533,758395205,false
Shopee,758395205,get_category,102532,102243,Fender Flares,Fender Flares,FALSE,,Dataset/DataRaw/country_code=id/dataset=category_platform/category_platform.csv,id,category_platform,,id,102243,102532,758395205,false
Shopee,758395205,get_category,102531,102243,Deflectors,Deflectors,FALSE,,Dataset/DataRaw/country_code=id/dataset=category_platform/category_platform.csv,id,category_platform,,id,102243,102531,758395205,false
Shopee,758395205,get_category,102530,102243,Running Boards,Running Boards,FALSE,,Dataset/DataRaw/country_code=id/dataset=category_platform/category_platform.csv,id,category_platform,,id,102243,102530,758395205,false
Shopee,758395205,get_category,102529,102243,Wheel Cover,Wheel Cover,FALSE,,Dataset/DataRaw/country_code=id/dataset=category_platform/category_platform.csv,id,category_platform,,id,102243,102529,758395205,false
Shopee,758395205,get_category,102248,102243,Tuning,Tuning,TRUE,,Dataset/DataRaw/country_code=id/dataset=category_platform/category_platform.csv,id,category_platform,,id,102243,102248,758395205,true
Shopee,758395205,get_category,102432,102248,Others,Lainnya,FALSE,,Dataset/DataRaw/country_code=id/dataset=category_platform/category_platform.csv,id,category_platform,,id,102248,102432,758395205,false
Shopee,758395205,get_category,102431,102248,Internal Tuning,Internal Tuning,FALSE,,Dataset/DataRaw/country_code=id/dataset=category_platform/category_platform.csv,id,category_platform,,id,102248,102431,758395205,false
Shopee,758395205,get_category,102430,102248,Paints,Paints,FALSE,,Dataset/DataRaw/country_code=id/dataset=category_platform/category_platform.csv,id,category_platform,,id,102248,102430,758395205,false
Shopee,758395205,get_category,102429,102248,Stickers,Stickers,FALSE,,Dataset/DataRaw/country_code=id/dataset=category_platform/category_platform.csv,id,category_platform,,id,102248,102429,758395205,false
Shopee,758395205,get_category,102428,102248,Lighting,Pencahayaan,FALSE,,Dataset/DataRaw/country_code=id/dataset=category_platform/category_platform.csv,id,category_platform,,id,102248,102428,758395205,false
Shopee,758395205,get_category,102247,102243,Racks and Cargo Carrier,Racks and Cargo Carrier,TRUE,,Dataset/DataRaw/country_code=id/dataset=category_platform/category_platform.csv,id,category_platform,,id,102243,102247,758395205,true
Shopee,758395205,get_category,102427,102247,Others,Lainnya,FALSE,,Dataset/DataRaw/country_code=id/dataset=category_platform/category_platform.csv,id,category_platform,,id,102247,102427,758395205,false
Shopee,758395205,get_category,102426,102247,Cargo Carriers,Cargo Carriers,FALSE,,Dataset/DataRaw/country_code=id/dataset=category_platform/category_platform.csv,id,category_platform,,id,102247,102426,758395205,false
Shopee,758395205,get_category,102425,102247,Racks and Crossbars,Racks and Crossbars,FALSE,,Dataset/DataRaw/country_code=id/dataset=category_platform/category_platform.csv,id,category_platform,,id,102247,102425,758395205,false
Shopee,758395205,get_category,102246,102243,Covers,Sarung / Cover,TRUE,,Dataset/DataRaw/country_code=id/dataset=category_platform/category_platform.csv,id,category_platform,,id,102243,102246,758395205,true
Shopee,758395205,get_category,102424,102246,Others,Lainnya,FALSE,,Dataset/DataRaw/country_code=id/dataset=category_platform/category_platform.csv,id,category_platform,,id,102246,102424,758395205,false
Shopee,758395205,get_category,102423,102246,Front End Covers,Front End Covers,FALSE,,Dataset/DataRaw/country_code=id/dataset=category_platform/category_platform.csv,id,category_platform,,id,102246,102423,758395205,false
Shopee,758395205,get_category,102422,102246,Car Covers,Car Covers,FALSE,,Dataset/DataRaw/country_code=id/dataset=category_platform/category_platform.csv,id,category_platform,,id,102246,102422,758395205,false
Shopee,758395205,get_category,102245,102243,Hitch,Hitch,TRUE,,Dataset/DataRaw/country_code=id/dataset=category_platform/category_platform.csv,id,category_platform,,id,102243,102245,758395205,true
Shopee,758395205,get_category,102421,102245,Others,Lainnya,FALSE,,Dataset/DataRaw/country_code=id/dataset=category_platform/category_platform.csv,id,category_platform,,id,102245,102421,758395205,false
Shopee,758395205,get_category,102420,102245,Hitch Ball,Hitch Ball,FALSE,,Dataset/DataRaw/country_code=id/dataset=category_platform/category_platform.csv,id,category_platform,,id,102245,102420,758395205,false
Shopee,758395205,get_category,102419,102245,Hitch Latch,Hitch Latch,FALSE,,Dataset/DataRaw/country_code=id/dataset=category_platform/category_platform.csv,id,category_platform,,id,102245,102419,758395205,false
Shopee,758395205,get_category,102418,102245,Hitch Kits,Hitch Kits,FALSE,,Dataset/DataRaw/country_code=id/dataset=category_platform/category_platform.csv,id,category_platform,,id,102245,102418,758395205,false
Shopee,758395205,get_category,102244,102243,Tailgate Accessories,Tailgate Accessories,TRUE,,Dataset/DataRaw/country_code=id/dataset=category_platform/category_platform.csv,id,category_platform,,id,102243,102244,758395205,true
Shopee,758395205,get_category,102417,102244,Others,Lainnya,FALSE,,Dataset/DataRaw/country_code=id/dataset=category_platform/category_platform.csv,id,category_platform,,id,102244,102417,758395205,false
Shopee,758395205,get_category,102416,102244,Roll Bar,Roll Bar,FALSE,,Dataset/DataRaw/country_code=id/dataset=category_platform/category_platform.csv,id,category_platform,,id,102244,102416,758395205,false
Shopee,758395205,get_category,102415,102244,Bed Tonneau Cover,Bed Tonneau Cover,FALSE,,Dataset/DataRaw/country_code=id/dataset=category_platform/category_platform.csv,id,category_platform,,id,102244,102415,758395205,false
Shopee,758395205,get_category,102224,102187,Spare Parts for Automobiles,Spare Parts for Automobiles,TRUE,,Dataset/DataRaw/country_code=id/dataset=category_platform/category_platform.csv,id,category_platform,,id,102187,102224,758395205,true
Shopee,758395205,get_category,102242,102224,Others,Lainnya,FALSE,,Dataset/DataRaw/country_code=id/dataset=category_platform/category_platform.csv,id,category_platform,,id,102224,102242,758395205,false
Shopee,758395205,get_category,102241,102224,CNG,CNG,TRUE,,Dataset/DataRaw/country_code=id/dataset=category_platform/category_platform.csv,id,category_platform,,id,102224,102241,758395205,true
Shopee,758395205,get_category,102407,102241,Others,Lainnya,FALSE,,Dataset/DataRaw/country_code=id/dataset=category_platform/category_platform.csv,id,category_platform,,id,102241,102407,758395205,false
Shopee,758395205,get_category,102406,102241,Gas Kit,Gas Kit,FALSE,,Dataset/DataRaw/country_code=id/dataset=category_platform/category_platform.csv,id,category_platform,,id,102241,102406,758395205,false
Shopee,758395205,get_category,102405,102241,Spare Parts,Spare Parts,FALSE,,Dataset/DataRaw/country_code=id/dataset=category_platform/category_platform.csv,id,category_platform,,id,102241,102405,758395205,false
Shopee,758395205,get_category,102240,102224,External Parts,External Parts,TRUE,,Dataset/DataRaw/country_code=id/dataset=category_platform/category_platform.csv,id,category_platform,,id,102224,102240,758395205,true
Shopee,758395205,get_category,102404,102240,Others,Lainnya,FALSE,,Dataset/DataRaw/country_code=id/dataset=category_platform/category_platform.csv,id,category_platform,,id,102240,102404,758395205,false
Shopee,758395205,get_category,102403,102240,Wiper Fluid Reservoir,Wiper Fluid Reservoir,FALSE,,Dataset/DataRaw/country_code=id/dataset=category_platform/category_platform.csv,id,category_platform,,id,102240,102403,758395205,false
Shopee,758395205,get_category,102402,102240,Nut Covers,Nut Covers,FALSE,,Dataset/DataRaw/country_code=id/dataset=category_platform/category_platform.csv,id,category_platform,,id,102240,102402,758395205,false
Shopee,758395205,get_category,102401,102240,Wiper Arms,Wiper Arms,FALSE,,Dataset/DataRaw/country_code=id/dataset=category_platform/category_platform.csv,id,category_platform,,id,102240,102401,758395205,false
Shopee,758395205,get_category,102400,102240,Wiper Motor,Wiper Motor,FALSE,,Dataset/DataRaw/country_code=id/dataset=category_platform/category_platform.csv,id,category_platform,,id,102240,102400,758395205,false
Shopee,758395205,get_category,102399,102240,Horns,Horns,FALSE,,Dataset/DataRaw/country_code=id/dataset=category_platform/category_platform.csv,id,category_platform,,id,102240,102399,758395205,false
Shopee,758395205,get_category,102398,102240,Gas Struts,Gas Struts,FALSE,,Dataset/DataRaw/country_code=id/dataset=category_platform/category_platform.csv,id,category_platform,,id,102240,102398,758395205,false
Shopee,758395205,get_category,102397,102240,Emblems,Emblems,FALSE,,Dataset/DataRaw/country_code=id/dataset=category_platform/category_platform.csv,id,category_platform,,id,102240,102397,758395205,false
Shopee,758395205,get_category,102396,102240,Wiper Blades,Wiper Blades,FALSE,,Dataset/DataRaw/country_code=id/dataset=category_platform/category_platform.csv,id,category_platform,,id,102240,102396,758395205,false
Shopee,758395205,get_category,102395,102240,Rubbers,Rubbers,FALSE,,Dataset/DataRaw/country_code=id/dataset=category_platform/category_platform.csv,id,category_platform,,id,102240,102395,758395205,false
Shopee,758395205,get_category,102239,102224,Internal Parts,Internal Parts,TRUE,,Dataset/DataRaw/country_code=id/dataset=category_platform/category_platform.csv,id,category_platform,,id,102224,102239,758395205,true
Shopee,758395205,get_category,102394,102239,Others,Lainnya,FALSE,,Dataset/DataRaw/country_code=id/dataset=category_platform/category_platform.csv,id,category_platform,,id,102239,102394,758395205,false
Shopee,758395205,get_category,102393,102239,Pedals,Pedals,FALSE,,Dataset/DataRaw/country_code=id/dataset=category_platform/category_platform.csv,id,category_platform,,id,102239,102393,758395205,false
Shopee,758395205,get_category,102392,102239,Rear View Mirror,Rear View Mirror,FALSE,,Dataset/DataRaw/country_code=id/dataset=category_platform/category_platform.csv,id,category_platform,,id,102239,102392,758395205,false
Shopee,758395205,get_category,102391,102239,Glove Compartment,Glove Compartment,FALSE,,Dataset/DataRaw/country_code=id/dataset=category_platform/category_platform.csv,id,category_platform,,id,102239,102391,758395205,false
Shopee,758395205,get_category,102390,102239,Interior Lights,Interior Lights,FALSE,,Dataset/DataRaw/country_code=id/dataset=category_platform/category_platform.csv,id,category_platform,,id,102239,102390,758395205,false
Shopee,758395205,get_category,102389,102239,Gear Boot Cover,Gear Boot Cover,FALSE,,Dataset/DataRaw/country_code=id/dataset=category_platform/category_platform.csv,id,category_platform,,id,102239,102389,758395205,false
Shopee,758395205,get_category,102388,102239,Stick Shift,Tuas Transmisi,FALSE,,Dataset/DataRaw/country_code=id/dataset=category_platform/category_platform.csv,id,category_platform,,id,102239,102388,758395205,false
Shopee,758395205,get_category,102387,102239,Wires,Kabel,FALSE,,Dataset/DataRaw/country_code=id/dataset=category_platform/category_platform.csv,id,category_platform,,id,102239,102387,758395205,false
Shopee,758395205,get_category,102386,102239,Handbrake Lever,Handbrake Lever,FALSE,,Dataset/DataRaw/country_code=id/dataset=category_platform/category_platform.csv,id,category_platform,,id,102239,102386,758395205,false
Shopee,758395205,get_category,102385,102239,Levers and Handles,Levers and Handles,FALSE,,Dataset/DataRaw/country_code=id/dataset=category_platform/category_platform.csv,id,category_platform,,id,102239,102385,758395205,false
Shopee,758395205,get_category,102384,102239,Door Panel,Door Panel,FALSE,,Dataset/DataRaw/country_code=id/dataset=category_platform/category_platform.csv,id,category_platform,,id,102239,102384,758395205,false
Shopee,758395205,get_category,102383,102239,Trunk Interior Cover,Trunk Interior Cover,FALSE,,Dataset/DataRaw/country_code=id/dataset=category_platform/category_platform.csv,id,category_platform,,id,102239,102383,758395205,false
Shopee,758395205,get_category,102382,102239,Shift Knobs,Shift Knobs,FALSE,,Dataset/DataRaw/country_code=id/dataset=category_platform/category_platform.csv,id,category_platform,,id,102239,102382,758395205,false
Shopee,758395205,get_category,102381,102239,Air Vents,Air Vents,FALSE,,Dataset/DataRaw/country_code=id/dataset=category_platform/category_platform.csv,id,category_platform,,id,102239,102381,758395205,false
Shopee,758395205,get_category,102380,102239,Arm Rest,Arm Rest,FALSE,,Dataset/DataRaw/country_code=id/dataset=category_platform/category_platform.csv,id,category_platform,,id,102239,102380,758395205,false
Shopee,758395205,get_category,102379,102239,Steering Wheel,Steering Wheel,FALSE,,Dataset/DataRaw/country_code=id/dataset=category_platform/category_platform.csv,id,category_platform,,id,102239,102379,758395205,false
Shopee,758395205,get_category,102378,102239,Switches and Buttons,Switches and Buttons,FALSE,,Dataset/DataRaw/country_code=id/dataset=category_platform/category_platform.csv,id,category_platform,,id,102239,102378,758395205,false
Shopee,758395205,get_category,102238,102224,Additive and Lubricant,Aditif & Pelumas,TRUE,,Dataset/DataRaw/country_code=id/dataset=category_platform/category_platform.csv,id,category_platform,,id,102224,102238,758395205,true
Shopee,758395205,get_category,102377,102238,Others,Lainnya,FALSE,,Dataset/DataRaw/country_code=id/dataset=category_platform/category_platform.csv,id,category_platform,,id,102238,102377,758395205,false
Shopee,758395205,get_category,102376,102238,Lubricant,Lubricant,FALSE,,Dataset/DataRaw/country_code=id/dataset=category_platform/category_platform.csv,id,category_platform,,id,102238,102376,758395205,false
Shopee,758395205,get_category,102375,102238,Additive,Additive,FALSE,,Dataset/DataRaw/country_code=id/dataset=category_platform/category_platform.csv,id,category_platform,,id,102238,102375,758395205,false
Shopee,758395205,get_category,102237,102224,Glass,Glass,TRUE,,Dataset/DataRaw/country_code=id/dataset=category_platform/category_platform.csv,id,category_platform,,id,102224,102237,758395205,true
Shopee,758395205,get_category,102374,102237,Others,Lainnya,FALSE,,Dataset/DataRaw/country_code=id/dataset=category_platform/category_platform.csv,id,category_platform,,id,102237,102374,758395205,false
Shopee,758395205,get_category,102373,102237,Windshield,Kaca Depan,FALSE,,Dataset/DataRaw/country_code=id/dataset=category_platform/category_platform.csv,id,category_platform,,id,102237,102373,758395205,false
Shopee,758395205,get_category,102372,102237,Rear Windshield,Rear Windshield,FALSE,,Dataset/DataRaw/country_code=id/dataset=category_platform/category_platform.csv,id,category_platform,,id,102237,102372,758395205,false
Shopee,758395205,get_category,102371,102237,Door Glass,Door Glass,FALSE,,Dataset/DataRaw/country_code=id/dataset=category_platform/category_platform.csv,id,category_platform,,id,102237,102371,758395205,false
Shopee,758395205,get_category,102370,102237,Electric Power Window Roll-up,Electric Power Window Roll-up,FALSE,,Dataset/DataRaw/country_code=id/dataset=category_platform/category_platform.csv,id,category_platform,,id,102237,102370,758395205,false
Shopee,758395205,get_category,102236,102224,Transmission,Transmisi,TRUE,,Dataset/DataRaw/country_code=id/dataset=category_platform/category_platform.csv,id,category_platform,,id,102224,102236,758395205,true
Shopee,758395205,get_category,102369,102236,Others,Lainnya,FALSE,,Dataset/DataRaw/country_code=id/dataset=category_platform/category_platform.csv,id,category_platform,,id,102236,102369,758395205,false
Shopee,758395205,get_category,102368,102236,Tripod Joint,Tripod Joint,FALSE,,Dataset/DataRaw/country_code=id/dataset=category_platform/category_platform.csv,id,category_platform,,id,102236,102368,758395205,false
Shopee,758395205,get_category,102367,102236,Bearings and Half-axles,Bearings and Half-axles,FALSE,,Dataset/DataRaw/country_code=id/dataset=category_platform/category_platform.csv,id,category_platform,,id,102236,102367,758395205,false
Shopee,758395205,get_category,102366,102236,Bearing Retainer,Bearing Retainer,FALSE,,Dataset/DataRaw/country_code=id/dataset=category_platform/category_platform.csv,id,category_platform,,id,102236,102366,758395205,false
Shopee,758395205,get_category,102365,102236,Selector Valve and Wires,Selector Valve and Wires,FALSE,,Dataset/DataRaw/country_code=id/dataset=category_platform/category_platform.csv,id,category_platform,,id,102236,102365,758395205,false
Shopee,758395205,get_category,102364,102236,Stick Shift,Tuas Transmisi,FALSE,,Dataset/DataRaw/country_code=id/dataset=category_platform/category_platform.csv,id,category_platform,,id,102236,102364,758395205,false
Shopee,758395205,get_category,102363,102236,Clutches,Tas Tangan (Clutch),FALSE,,Dataset/DataRaw/country_code=id/dataset=category_platform/category_platform.csv,id,category_platform,,id,102236,102363,758395205,false
Shopee,758395205,get_category,102235,102224,Air Conditioning,Air Conditioning,TRUE,,Dataset/DataRaw/country_code=id/dataset=category_platform/category_platform.csv,id,category_platform,,id,102224,102235,758395205,true
Shopee,758395205,get_category,102362,102235,Others,Lainnya,FALSE,,Dataset/DataRaw/country_code=id/dataset=category_platform/category_platform.csv,id,category_platform,,id,102235,102362,758395205,false
Shopee,758395205,get_category,102361,102235,Heating,Heating,FALSE,,Dataset/DataRaw/country_code=id/dataset=category_platform/category_platform.csv,id,category_platform,,id,102235,102361,758395205,false
Shopee,758395205,get_category,102360,102235,Air Conditioner,Air Conditioner,FALSE,,Dataset/DataRaw/country_code=id/dataset=category_platform/category_platform.csv,id,category_platform,,id,102235,102360,758395205,false
Shopee,758395205,get_category,102234,102224,Filters,Filter,TRUE,,Dataset/DataRaw/country_code=id/dataset=category_platform/category_platform.csv,id,category_platform,,id,102224,102234,758395205,true
Shopee,758395205,get_category,102359,102234,Others,Lainnya,FALSE,,Dataset/DataRaw/country_code=id/dataset=category_platform/category_platform.csv,id,category_platform,,id,102234,102359,758395205,false
Shopee,758395205,get_category,102358,102234,Oil Filters,Filter Oli,FALSE,,Dataset/DataRaw/country_code=id/dataset=category_platform/category_platform.csv,id,category_platform,,id,102234,102358,758395205,false
Shopee,758395205,get_category,102357,102234,Fuel Filters,Fuel Filters,FALSE,,Dataset/DataRaw/country_code=id/dataset=category_platform/category_platform.csv,id,category_platform,,id,102234,102357,758395205,false
Shopee,758395205,get_category,102356,102234,Air Filters,Filter Udara,FALSE,,Dataset/DataRaw/country_code=id/dataset=category_platform/category_platform.csv,id,category_platform,,id,102234,102356,758395205,false
Shopee,758395205,get_category,102355,102234,Filters Kit,Filters Kit,FALSE,,Dataset/DataRaw/country_code=id/dataset=category_platform/category_platform.csv,id,category_platform,,id,102234,102355,758395205,false
Shopee,758395205,get_category,102233,102224,Exhaust,Knalpot,TRUE,,Dataset/DataRaw/country_code=id/dataset=category_platform/category_platform.csv,id,category_platform,,id,102224,102233,758395205,true
Shopee,758395205,get_category,102354,102233,Others,Lainnya,FALSE,,Dataset/DataRaw/country_code=id/dataset=category_platform/category_platform.csv,id,category_platform,,id,102233,102354,758395205,false
Shopee,758395205,get_category,102353,102233,Exhaust Tip,Exhaust Tip,FALSE,,Dataset/DataRaw/country_code=id/dataset=category_platform/category_platform.csv,id,category_platform,,id,102233,102353,758395205,false
Shopee,758395205,get_category,102352,102233,Catalytic Converter,Catalytic Converter,FALSE,,Dataset/DataRaw/country_code=id/dataset=category_platform/category_platform.csv,id,category_platform,,id,102233,102352,758395205,false
Shopee,758395205,get_category,102232,102224,Ignition,Pengapian,TRUE,,Dataset/DataRaw/country_code=id/dataset=category_platform/category_platform.csv,id,category_platform,,id,102224,102232,758395205,true
Shopee,758395205,get_category,102351,102232,Others,Lainnya,FALSE,,Dataset/DataRaw/country_code=id/dataset=category_platform/category_platform.csv,id,category_platform,,id,102232,102351,758395205,false
Shopee,758395205,get_category,102350,102232,Distributors,Distributors,FALSE,,Dataset/DataRaw/country_code=id/dataset=category_platform/category_platform.csv,id,category_platform,,id,102232,102350,758395205,false
Shopee,758395205,get_category,102349,102232,Spark Plugs Wires,Spark Plugs Wires,FALSE,,Dataset/DataRaw/country_code=id/dataset=category_platform/category_platform.csv,id,category_platform,,id,102232,102349,758395205,false
Shopee,758395205,get_category,102348,102232,Spark Plugs,Busi,FALSE,,Dataset/DataRaw/country_code=id/dataset=category_platform/category_platform.csv,id,category_platform,,id,102232,102348,758395205,false
Shopee,758395205,get_category,102347,102232,Starter Motor,Starter Motor,FALSE,,Dataset/DataRaw/country_code=id/dataset=category_platform/category_platform.csv,id,category_platform,,id,102232,102347,758395205,false
Shopee,758395205,get_category,102346,102232,Alternators,Alternators,FALSE,,Dataset/DataRaw/country_code=id/dataset=category_platform/category_platform.csv,id,category_platform,,id,102232,102346,758395205,false
Shopee,758395205,get_category,102345,102232,Ignition Coil,Koil Pengapian,FALSE,,Dataset/DataRaw/country_code=id/dataset=category_platform/category_platform.csv,id,category_platform,,id,102232,102345,758395205,false
Shopee,758395205,get_category,102231,102224,Injection,Injection,TRUE,,Dataset/DataRaw/country_code=id/dataset=category_platform/category_platform.csv,id,category_platform,,id,102224,102231,758395205,true
Shopee,758395205,get_category,102344,102231,Others,Lainnya,FALSE,,Dataset/DataRaw/country_code=id/dataset=category_platform/category_platform.csv,id,category_platform,,id,102231,102344,758395205,false
Shopee,758395205,get_category,102343,102231,Idle Air Control Actuator,Idle Air Control Actuator,FALSE,,Dataset/DataRaw/country_code=id/dataset=category_platform/category_platform.csv,id,category_platform,,id,102231,102343,758395205,false
Shopee,758395205,get_category,102342,102231,EGR Valve,EGR Valve,FALSE,,Dataset/DataRaw/country_code=id/dataset=category_platform/category_platform.csv,id,category_platform,,id,102231,102342,758395205,false
Shopee,758395205,get_category,102341,102231,Pressure Regulator,Pressure Regulator,FALSE,,Dataset/DataRaw/country_code=id/dataset=category_platform/category_platform.csv,id,category_platform,,id,102231,102341,758395205,false
Shopee,758395205,get_category,102340,102231,Lambda Sensor,Lambda Sensor,FALSE,,Dataset/DataRaw/country_code=id/dataset=category_platform/category_platform.csv,id,category_platform,,id,102231,102340,758395205,false
Shopee,758395205,get_category,102339,102231,Throttle Body,Throttle Body,FALSE,,Dataset/DataRaw/country_code=id/dataset=category_platform/category_platform.csv,id,category_platform,,id,102231,102339,758395205,false
Shopee,758395205,get_category,102338,102231,Injection Control Module,Injection Control Module,FALSE,,Dataset/DataRaw/country_code=id/dataset=category_platform/category_platform.csv,id,category_platform,,id,102231,102338,758395205,false
Shopee,758395205,get_category,102337,102231,Sensors,Sensors,FALSE,,Dataset/DataRaw/country_code=id/dataset=category_platform/category_platform.csv,id,category_platform,,id,102231,102337,758395205,false
Shopee,758395205,get_category,102336,102231,Fuel Injectors,Fuel Injectors,FALSE,,Dataset/DataRaw/country_code=id/dataset=category_platform/category_platform.csv,id,category_platform,,id,102231,102336,758395205,false
Shopee,758395205,get_category,102230,102224,Suspension and Steering,Suspension and Steering,TRUE,,Dataset/DataRaw/country_code=id/dataset=category_platform/category_platform.csv,id,category_platform,,id,102224,102230,758395205,true
Shopee,758395205,get_category,102335,102230,Others,Lainnya,FALSE,,Dataset/DataRaw/country_code=id/dataset=category_platform/category_platform.csv,id,category_platform,,id,102230,102335,758395205,false
Shopee,758395205,get_category,102334,102230,Tie Rod End,Tie Rod End,FALSE,,Dataset/DataRaw/country_code=id/dataset=category_platform/category_platform.csv,id,category_platform,,id,102230,102334,758395205,false
Shopee,758395205,get_category,102333,102230,Sway Bars,Sway Bars,FALSE,,Dataset/DataRaw/country_code=id/dataset=category_platform/category_platform.csv,id,category_platform,,id,102230,102333,758395205,false
Shopee,758395205,get_category,102332,102230,Stabilizer Links,Stabilizer Links,FALSE,,Dataset/DataRaw/country_code=id/dataset=category_platform/category_platform.csv,id,category_platform,,id,102230,102332,758395205,false
Shopee,758395205,get_category,102331,102230,Bearings,Bearings,FALSE,,Dataset/DataRaw/country_code=id/dataset=category_platform/category_platform.csv,id,category_platform,,id,102230,102331,758395205,false
Shopee,758395205,get_category,102330,102230,Rubber-metal Buffer,Rubber-metal Buffer,FALSE,,Dataset/DataRaw/country_code=id/dataset=category_platform/category_platform.csv,id,category_platform,,id,102230,102330,758395205,false
Shopee,758395205,get_category,102329,102230,Wheel Hub,Hub Roda,FALSE,,Dataset/DataRaw/country_code=id/dataset=category_platform/category_platform.csv,id,category_platform,,id,102230,102329,758395205,false
Shopee,758395205,get_category,102328,102230,Ball Joint,Ball Joint,FALSE,,Dataset/DataRaw/country_code=id/dataset=category_platform/category_platform.csv,id,category_platform,,id,102230,102328,758395205,false
Shopee,758395205,get_category,102327,102230,Hydraulic Pump,Hydraulic Pump,FALSE,,Dataset/DataRaw/country_code=id/dataset=category_platform/category_platform.csv,id,category_platform,,id,102230,102327,758395205,false
Shopee,758395205,get_category,102326,102230,Springs,Springs,FALSE,,Dataset/DataRaw/country_code=id/dataset=category_platform/category_platform.csv,id,category_platform,,id,102230,102326,758395205,false
Shopee,758395205,get_category,102325,102230,Drive shafts,Drive shafts,FALSE,,Dataset/DataRaw/country_code=id/dataset=category_platform/category_platform.csv,id,category_platform,,id,102230,102325,758395205,false
Shopee,758395205,get_category,102324,102230,Suspension Mounts,Suspension Mounts,FALSE,,Dataset/DataRaw/country_code=id/dataset=category_platform/category_platform.csv,id,category_platform,,id,102230,102324,758395205,false
Shopee,758395205,get_category,102323,102230,Control and Suspension Arms,Control and Suspension Arms,FALSE,,Dataset/DataRaw/country_code=id/dataset=category_platform/category_platform.csv,id,category_platform,,id,102230,102323,758395205,false
Shopee,758395205,get_category,102322,102230,Bushes,Bushes,FALSE,,Dataset/DataRaw/country_code=id/dataset=category_platform/category_platform.csv,id,category_platform,,id,102230,102322,758395205,false
Shopee,758395205,get_category,102321,102230,Steering Gear,Steering Gear,FALSE,,Dataset/DataRaw/country_code=id/dataset=category_platform/category_platform.csv,id,category_platform,,id,102230,102321,758395205,false
Shopee,758395205,get_category,102320,102230,Shock Absorbers,Peredam Kejut (Shockbreaker),FALSE,,Dataset/DataRaw/country_code=id/dataset=category_platform/category_platform.csv,id,category_platform,,id,102230,102320,758395205,false
Shopee,758395205,get_category,102229,102224,Brakes,Rem,TRUE,,Dataset/DataRaw/country_code=id/dataset=category_platform/category_platform.csv,id,category_platform,,id,102224,102229,758395205,true
Shopee,758395205,get_category,102319,102229,Others,Lainnya,FALSE,,Dataset/DataRaw/country_code=id/dataset=category_platform/category_platform.csv,id,category_platform,,id,102229,102319,758395205,false
Shopee,758395205,get_category,102318,102229,Brake Pumps,Brake Pumps,FALSE,,Dataset/DataRaw/country_code=id/dataset=category_platform/category_platform.csv,id,category_platform,,id,102229,102318,758395205,false
Shopee,758395205,get_category,102317,102229,Brake Hoses,Brake Hoses,FALSE,,Dataset/DataRaw/country_code=id/dataset=category_platform/category_platform.csv,id,category_platform,,id,102229,102317,758395205,false
Shopee,758395205,get_category,102316,102229,Brake Drum,Brake Drum,FALSE,,Dataset/DataRaw/country_code=id/dataset=category_platform/category_platform.csv,id,category_platform,,id,102229,102316,758395205,false
Shopee,758395205,get_category,102315,102229,Brake Kit,Brake Kit,FALSE,,Dataset/DataRaw/country_code=id/dataset=category_platform/category_platform.csv,id,category_platform,,id,102229,102315,758395205,false
Shopee,758395205,get_category,102314,102229,Brake Calipers,Brake Calipers,FALSE,,Dataset/DataRaw/country_code=id/dataset=category_platform/category_platform.csv,id,category_platform,,id,102229,102314,758395205,false
Shopee,758395205,get_category,102313,102229,Handbrake Cable,Handbrake Cable,FALSE,,Dataset/DataRaw/country_code=id/dataset=category_platform/category_platform.csv,id,category_platform,,id,102229,102313,758395205,false
Shopee,758395205,get_category,102312,102229,Brake Shoe,Brake Shoe,FALSE,,Dataset/DataRaw/country_code=id/dataset=category_platform/category_platform.csv,id,category_platform,,id,102229,102312,758395205,false
Shopee,758395205,get_category,102311,102229,Brake Servo,Brake Servo,FALSE,,Dataset/DataRaw/country_code=id/dataset=category_platform/category_platform.csv,id,category_platform,,id,102229,102311,758395205,false
Shopee,758395205,get_category,102310,102229,ABS Sensor,ABS Sensor,FALSE,,Dataset/DataRaw/country_code=id/dataset=category_platform/category_platform.csv,id,category_platform,,id,102229,102310,758395205,false
Shopee,758395205,get_category,102309,102229,Brake Discs,Brake Discs,FALSE,,Dataset/DataRaw/country_code=id/dataset=category_platform/category_platform.csv,id,category_platform,,id,102229,102309,758395205,false
Shopee,758395205,get_category,102308,102229,Brake Cylinders,Brake Cylinders,FALSE,,Dataset/DataRaw/country_code=id/dataset=category_platform/category_platform.csv,id,category_platform,,id,102229,102308,758395205,false
Shopee,758395205,get_category,102307,102229,Brake Pads,Brake Pads,FALSE,,Dataset/DataRaw/country_code=id/dataset=category_platform/category_platform.csv,id,category_platform,,id,102229,102307,758395205,false
Shopee,758395205,get_category,102228,102224,Electrical System,Electrical System,TRUE,,Dataset/DataRaw/country_code=id/dataset=category_platform/category_platform.csv,id,category_platform,,id,102224,102228,758395205,true
Shopee,758395205,get_category,102306,102228,Others,Lainnya,FALSE,,Dataset/DataRaw/country_code=id/dataset=category_platform/category_platform.csv,id,category_platform,,id,102228,102306,758395205,false
Shopee,758395205,get_category,102305,102228,Batteries,Baterai,FALSE,,Dataset/DataRaw/country_code=id/dataset=category_platform/category_platform.csv,id,category_platform,,id,102228,102305,758395205,false
Shopee,758395205,get_category,102304,102228,Fuses,Fuses,FALSE,,Dataset/DataRaw/country_code=id/dataset=category_platform/category_platform.csv,id,category_platform,,id,102228,102304,758395205,false
Shopee,758395205,get_category,102303,102228,Electrical System,Electrical System,FALSE,,Dataset/DataRaw/country_code=id/dataset=category_platform/category_platform.csv,id,category_platform,,id,102228,102303,758395205,false
Shopee,758395205,get_category,102227,102224,Lighting,Pencahayaan,TRUE,,Dataset/DataRaw/country_code=id/dataset=category_platform/category_platform.csv,id,category_platform,,id,102224,102227,758395205,true
Shopee,758395205,get_category,102302,102227,Others,Lainnya,FALSE,,Dataset/DataRaw/country_code=id/dataset=category_platform/category_platform.csv,id,category_platform,,id,102227,102302,758395205,false
Shopee,758395205,get_category,102301,102227,Bulbs,Bulbs,FALSE,,Dataset/DataRaw/country_code=id/dataset=category_platform/category_platform.csv,id,category_platform,,id,102227,102301,758395205,false
Shopee,758395205,get_category,102300,102227,Lenses,Lenses,FALSE,,Dataset/DataRaw/country_code=id/dataset=category_platform/category_platform.csv,id,category_platform,,id,102227,102300,758395205,false
Shopee,758395205,get_category,102299,102227,Fog Lights,Fog Lights,FALSE,,Dataset/DataRaw/country_code=id/dataset=category_platform/category_platform.csv,id,category_platform,,id,102227,102299,758395205,false
Shopee,758395205,get_category,102298,102227,Taillights,Taillights,FALSE,,Dataset/DataRaw/country_code=id/dataset=category_platform/category_platform.csv,id,category_platform,,id,102227,102298,758395205,false
Shopee,758395205,get_category,102297,102227,Headlights and Front Kit,Headlights and Front Kit,FALSE,,Dataset/DataRaw/country_code=id/dataset=category_platform/category_platform.csv,id,category_platform,,id,102227,102297,758395205,false
Shopee,758395205,get_category,102226,102224,Body,Body,TRUE,,Dataset/DataRaw/country_code=id/dataset=category_platform/category_platform.csv,id,category_platform,,id,102224,102226,758395205,true
Shopee,758395205,get_category,102296,102226,Others,Lainnya,FALSE,,Dataset/DataRaw/country_code=id/dataset=category_platform/category_platform.csv,id,category_platform,,id,102226,102296,758395205,false
Shopee,758395205,get_category,102295,102226,Fog Light Covers,Fog Light Covers,FALSE,,Dataset/DataRaw/country_code=id/dataset=category_platform/category_platform.csv,id,category_platform,,id,102226,102295,758395205,false
Shopee,758395205,get_category,102294,102226,Body Side Molding,Body Side Molding,FALSE,,Dataset/DataRaw/country_code=id/dataset=category_platform/category_platform.csv,id,category_platform,,id,102226,102294,758395205,false
Shopee,758395205,get_category,102293,102226,Fenders,Spakbor (Fender),FALSE,,Dataset/DataRaw/country_code=id/dataset=category_platform/category_platform.csv,id,category_platform,,id,102226,102293,758395205,false
Shopee,758395205,get_category,102292,102226,Fuel Tank,Tangki Bahan Bakar,FALSE,,Dataset/DataRaw/country_code=id/dataset=category_platform/category_platform.csv,id,category_platform,,id,102226,102292,758395205,false
Shopee,758395205,get_category,102291,102226,Car Door Handle,Car Door Handle,FALSE,,Dataset/DataRaw/country_code=id/dataset=category_platform/category_platform.csv,id,category_platform,,id,102226,102291,758395205,false
Shopee,758395205,get_category,102290,102226,Door and Dashboard,Door and Dashboard,FALSE,,Dataset/DataRaw/country_code=id/dataset=category_platform/category_platform.csv,id,category_platform,,id,102226,102290,758395205,false
Shopee,758395205,get_category,102289,102226,Bumper Racks,Bumper Racks,FALSE,,Dataset/DataRaw/country_code=id/dataset=category_platform/category_platform.csv,id,category_platform,,id,102226,102289,758395205,false
Shopee,758395205,get_category,102288,102226,Bumper Support Brackets,Bumper Support Brackets,FALSE,,Dataset/DataRaw/country_code=id/dataset=category_platform/category_platform.csv,id,category_platform,,id,102226,102288,758395205,false
Shopee,758395205,get_category,102287,102226,Bumper Grilles,Bumper Grilles,FALSE,,Dataset/DataRaw/country_code=id/dataset=category_platform/category_platform.csv,id,category_platform,,id,102226,102287,758395205,false
Shopee,758395205,get_category,102286,102226,Bumpers,Bumpers,FALSE,,Dataset/DataRaw/country_code=id/dataset=category_platform/category_platform.csv,id,category_platform,,id,102226,102286,758395205,false
Shopee,758395205,get_category,102285,102226,Side Mirrors,Spion Samping,FALSE,,Dataset/DataRaw/country_code=id/dataset=category_platform/category_platform.csv,id,category_platform,,id,102226,102285,758395205,false
Shopee,758395205,get_category,102225,102224,Engine,Mesin,TRUE,,Dataset/DataRaw/country_code=id/dataset=category_platform/category_platform.csv,id,category_platform,,id,102224,102225,758395205,true
Shopee,758395205,get_category,102284,102225,Others,Lainnya,FALSE,,Dataset/DataRaw/country_code=id/dataset=category_platform/category_platform.csv,id,category_platform,,id,102225,102284,758395205,false
Shopee,758395205,get_category,102283,102225,Pistons,Piston,FALSE,,Dataset/DataRaw/country_code=id/dataset=category_platform/category_platform.csv,id,category_platform,,id,102225,102283,758395205,false
Shopee,758395205,get_category,102282,102225,Carburetors,Karburator,FALSE,,Dataset/DataRaw/country_code=id/dataset=category_platform/category_platform.csv,id,category_platform,,id,102225,102282,758395205,false
Shopee,758395205,get_category,102281,102225,Turbines,Turbines,FALSE,,Dataset/DataRaw/country_code=id/dataset=category_platform/category_platform.csv,id,category_platform,,id,102225,102281,758395205,false
Shopee,758395205,get_category,102280,102225,Engine Mounts,Engine Mounts,FALSE,,Dataset/DataRaw/country_code=id/dataset=category_platform/category_platform.csv,id,category_platform,,id,102225,102280,758395205,false
Shopee,758395205,get_category,102279,102225,Hoses,Hoses,FALSE,,Dataset/DataRaw/country_code=id/dataset=category_platform/category_platform.csv,id,category_platform,,id,102225,102279,758395205,false
Shopee,758395205,get_category,102278,102225,Distribution and Belts,Distribution and Belts,FALSE,,Dataset/DataRaw/country_code=id/dataset=category_platform/category_platform.csv,id,category_platform,,id,102225,102278,758395205,false
Shopee,758395205,get_category,102277,102225,Gasket Sets,Gasket Sets,FALSE,,Dataset/DataRaw/country_code=id/dataset=category_platform/category_platform.csv,id,category_platform,,id,102225,102277,758395205,false
Shopee,758395205,get_category,102276,102225,Pumps,Pumps,FALSE,,Dataset/DataRaw/country_code=id/dataset=category_platform/category_platform.csv,id,category_platform,,id,102225,102276,758395205,false
Shopee,758395205,get_category,102275,102225,Thermatic Fans,Thermatic Fans,FALSE,,Dataset/DataRaw/country_code=id/dataset=category_platform/category_platform.csv,id,category_platform,,id,102225,102275,758395205,false
Shopee,758395205,get_category,102274,102225,Radiators,Radiators,FALSE,,Dataset/DataRaw/country_code=id/dataset=category_platform/category_platform.csv,id,category_platform,,id,102225,102274,758395205,false
Shopee,758395205,get_category,102273,102225,Engine Components,Engine Components,FALSE,,Dataset/DataRaw/country_code=id/dataset=category_platform/category_platform.csv,id,category_platform,,id,102225,102273,758395205,false
Shopee,758395205,get_category,102188,102187,Heavy Duty and Boats,Heavy Duty and Boats,TRUE,,Dataset/DataRaw/country_code=id/dataset=category_platform/category_platform.csv,id,category_platform,,id,102187,102188,758395205,true
Shopee,758395205,get_category,102211,102188,Accessories for Boats,Accessories for Boats,TRUE,,Dataset/DataRaw/country_code=id/dataset=category_platform/category_platform.csv,id,category_platform,,id,102188,102211,758395205,true
Shopee,758395205,get_category,102221,102211,Others,Lainnya,FALSE,,Dataset/DataRaw/country_code=id/dataset=category_platform/category_platform.csv,id,category_platform,,id,102211,102221,758395205,false
Shopee,758395205,get_category,102220,102211,Cleaning and Maintenance,Cleaning and Maintenance,FALSE,,Dataset/DataRaw/country_code=id/dataset=category_platform/category_platform.csv,id,category_platform,,id,102211,102220,758395205,false
Shopee,758395205,get_category,102219,102211,Safety and Rescue,Safety and Rescue,FALSE,,Dataset/DataRaw/country_code=id/dataset=category_platform/category_platform.csv,id,category_platform,,id,102211,102219,758395205,false
Shopee,758395205,get_category,102218,102211,Navigation Systems,Navigation Systems,FALSE,,Dataset/DataRaw/country_code=id/dataset=category_platform/category_platform.csv,id,category_platform,,id,102211,102218,758395205,false
Shopee,758395205,get_category,102217,102211,Cabin Interior,Cabin Interior,FALSE,,Dataset/DataRaw/country_code=id/dataset=category_platform/category_platform.csv,id,category_platform,,id,102211,102217,758395205,false
Shopee,758395205,get_category,102216,102211,Protection and Transport,Protection and Transport,FALSE,,Dataset/DataRaw/country_code=id/dataset=category_platform/category_platform.csv,id,category_platform,,id,102211,102216,758395205,false
Shopee,758395205,get_category,102215,102211,Lighting,Pencahayaan,FALSE,,Dataset/DataRaw/country_code=id/dataset=category_platform/category_platform.csv,id,category_platform,,id,102211,102215,758395205,false
Shopee,758395205,get_category,102214,102211,Anchoring and Mooring,Anchoring and Mooring,FALSE,,Dataset/DataRaw/country_code=id/dataset=category_platform/category_platform.csv,id,category_platform,,id,102211,102214,758395205,false
Shopee,758395205,get_category,102212,102211,Water Pumps and Filters,Water Pumps and Filters,FALSE,,Dataset/DataRaw/country_code=id/dataset=category_platform/category_platform.csv,id,category_platform,,id,102211,102212,758395205,false
Shopee,758395205,get_category,102204,102188,Spare Parts for Boats,Spare Parts for Boats,TRUE,,Dataset/DataRaw/country_code=id/dataset=category_platform/category_platform.csv,id,category_platform,,id,102188,102204,758395205,true
Shopee,758395205,get_category,102603,102204,Sailing,Sailing,FALSE,,Dataset/DataRaw/country_code=id/dataset=category_platform/category_platform.csv,id,category_platform,,id,102204,102603,758395205,false
Shopee,758395205,get_category,102210,102204,Others,Lainnya,FALSE,,Dataset/DataRaw/country_code=id/dataset=category_platform/category_platform.csv,id,category_platform,,id,102204,102210,758395205,false
Shopee,758395205,get_category,102209,102204,Hardware and Fasteners,Hardware and Fasteners,FALSE,,Dataset/DataRaw/country_code=id/dataset=category_platform/category_platform.csv,id,category_platform,,id,102204,102209,758395205,false
Shopee,758395205,get_category,102207,102204,Control and Navigation,Control and Navigation,FALSE,,Dataset/DataRaw/country_code=id/dataset=category_platform/category_platform.csv,id,category_platform,,id,102204,102207,758395205,false
Shopee,758395205,get_category,102206,102204,Deck and Cabin,Deck and Cabin,FALSE,,Dataset/DataRaw/country_code=id/dataset=category_platform/category_platform.csv,id,category_platform,,id,102204,102206,758395205,false
Shopee,758395205,get_category,102205,102204,Engine and Spare Parts,Engine and Spare Parts,FALSE,,Dataset/DataRaw/country_code=id/dataset=category_platform/category_platform.csv,id,category_platform,,id,102204,102205,758395205,false
Shopee,758395205,get_category,102200,102188,Accessories for Heavy Duty Vehicles,Accessories for Heavy Duty Vehicles,TRUE,,Dataset/DataRaw/country_code=id/dataset=category_platform/category_platform.csv,id,category_platform,,id,102188,102200,758395205,true
Shopee,758395205,get_category,102203,102200,Others,Lainnya,FALSE,,Dataset/DataRaw/country_code=id/dataset=category_platform/category_platform.csv,id,category_platform,,id,102200,102203,758395205,false
Shopee,758395205,get_category,102202,102200,Cabin Exterior,Cabin Exterior,FALSE,,Dataset/DataRaw/country_code=id/dataset=category_platform/category_platform.csv,id,category_platform,,id,102200,102202,758395205,false
Shopee,758395205,get_category,102201,102200,Cabin Interior,Cabin Interior,FALSE,,Dataset/DataRaw/country_code=id/dataset=category_platform/category_platform.csv,id,category_platform,,id,102200,102201,758395205,false
Shopee,758395205,get_category,102189,102188,Spare Parts for Heavy Duty Vehicles,Spare Parts for Heavy Duty Vehicles,TRUE,,Dataset/DataRaw/country_code=id/dataset=category_platform/category_platform.csv,id,category_platform,,id,102188,102189,758395205,true
Shopee,758395205,get_category,102199,102189,Others,Lainnya,FALSE,,Dataset/DataRaw/country_code=id/dataset=category_platform/category_platform.csv,id,category_platform,,id,102189,102199,758395205,false
Shopee,758395205,get_category,102198,102189,Body,Body,FALSE,,Dataset/DataRaw/country_code=id/dataset=category_platform/category_platform.csv,id,category_platform,,id,102189,102198,758395205,false
Shopee,758395205,get_category,102197,102189,Filters,Filter,FALSE,,Dataset/DataRaw/country_code=id/dataset=category_platform/category_platform.csv,id,category_platform,,id,102189,102197,758395205,false
Shopee,758395205,get_category,102196,102189,Cooling System,Cooling System,FALSE,,Dataset/DataRaw/country_code=id/dataset=category_platform/category_platform.csv,id,category_platform,,id,102189,102196,758395205,false
Shopee,758395205,get_category,102195,102189,Engine,Mesin,FALSE,,Dataset/DataRaw/country_code=id/dataset=category_platform/category_platform.csv,id,category_platform,,id,102189,102195,758395205,false
Shopee,758395205,get_category,102194,102189,Brakes,Rem,FALSE,,Dataset/DataRaw/country_code=id/dataset=category_platform/category_platform.csv,id,category_platform,,id,102189,102194,758395205,false
Shopee,758395205,get_category,102192,102189,Suspension and Steering,Suspension and Steering,FALSE,,Dataset/DataRaw/country_code=id/dataset=category_platform/category_platform.csv,id,category_platform,,id,102189,102192,758395205,false
Shopee,758395205,get_category,102191,102189,Lighting,Pencahayaan,FALSE,,Dataset/DataRaw/country_code=id/dataset=category_platform/category_platform.csv,id,category_platform,,id,102189,102191,758395205,false
Shopee,758395205,get_category,102190,102189,Exterior Parts,Exterior Parts,FALSE,,Dataset/DataRaw/country_code=id/dataset=category_platform/category_platform.csv,id,category_platform,,id,102189,102190,758395205,false
Shopee,758395205,get_category,100017,0,Women Clothes,Thời Trang Nữ,True,,Dataset/DataRaw/country_code=vn/dataset=category_platform/category_platform.csv,vn,category_platform,,vn,0,100017,758395205,true
Shopee,758395205,get_category,100118,100017,Socks & Stockings,Vớ/ Tất,True,,Dataset/DataRaw/country_code=vn/dataset=category_platform/category_platform.csv,vn,category_platform,,vn,100017,100118,758395205,true
Shopee,758395205,get_category,100419,100118,Others,Khác,False,,Dataset/DataRaw/country_code=vn/dataset=category_platform/category_platform.csv,vn,category_platform,,vn,100118,100419,758395205,false
Shopee,758395205,get_category,100418,100118,Pantyhose,Quần tất,False,,Dataset/DataRaw/country_code=vn/dataset=category_platform/category_platform.csv,vn,category_platform,,vn,100118,100418,758395205,false
Shopee,758395205,get_category,100417,100118,Socks,Tất,False,,Dataset/DataRaw/country_code=vn/dataset=category_platform/category_platform.csv,vn,category_platform,,vn,100118,100417,758395205,false
Shopee,758395205,get_category,100117,100017,Fabric,Vải,True,,Dataset/DataRaw/country_code=vn/dataset=category_platform/category_platform.csv,vn,category_platform,,vn,100017,100117,758395205,true
Shopee,758395205,get_category,100416,100117,Others,Khác,False,,Dataset/DataRaw/country_code=vn/dataset=category_platform/category_platform.csv,vn,category_platform,,vn,100117,100416,758395205,false
Shopee,758395205,get_category,100413,100117,Canvas,Vải canvas,False,,Dataset/DataRaw/country_code=vn/dataset=category_platform/category_platform.csv,vn,category_platform,,vn,100117,100413,758395205,false
Shopee,758395205,get_category,100412,100117,Denim,Vải denim,False,,Dataset/DataRaw/country_code=vn/dataset=category_platform/category_platform.csv,vn,category_platform,,vn,100117,100412,758395205,false
Shopee,758395205,get_category,100411,100117,Vinyl & Nylon,Vải nylon,False,,Dataset/DataRaw/country_code=vn/dataset=category_platform/category_platform.csv,vn,category_platform,,vn,100117,100411,758395205,false
Shopee,758395205,get_category,100410,100117,Leather,Vải da,False,,Dataset/DataRaw/country_code=vn/dataset=category_platform/category_platform.csv,vn,category_platform,,vn,100117,100410,758395205,false
Shopee,758395205,get_category,100409,100117,"Velvet, Silk & Satin","Vải nhung, lụa, satin",False,,Dataset/DataRaw/country_code=vn/dataset=category_platform/category_platform.csv,vn,category_platform,,vn,100117,100409,758395205,false
Shopee,758395205,get_category,100408,100117,Wool,Vải len,False,,Dataset/DataRaw/country_code=vn/dataset=category_platform/category_platform.csv,vn,category_platform,,vn,100117,100408,758395205,false
Shopee,758395205,get_category,100407,100117,Cotton,Vải cotton,False,,Dataset/DataRaw/country_code=vn/dataset=category_platform/category_platform.csv,vn,category_platform,,vn,100117,100407,758395205,false
Shopee,758395205,get_category,100116,100017,Others,Khác,False,,Dataset/DataRaw/country_code=vn/dataset=category_platform/category_platform.csv,vn,category_platform,,vn,100017,100116,758395205,false
Shopee,758395205,get_category,100115,100017,Costumes,Đồ hóa trang,False,,Dataset/DataRaw/country_code=vn/dataset=category_platform/category_platform.csv,vn,category_platform,,vn,100017,100115,758395205,false
Shopee,758395205,get_category,100114,100017,Traditional Wear,Đồ truyền thống,True,,Dataset/DataRaw/country_code=vn/dataset=category_platform/category_platform.csv,vn,category_platform,,vn,100017,100114,758395205,true
Shopee,758395205,get_category,100404,100114,Others,Khác,False,,Dataset/DataRaw/country_code=vn/dataset=category_platform/category_platform.csv,vn,category_platform,,vn,100114,100404,758395205,false
Shopee,758395205,get_category,100403,100114,Dresses,Đầm,False,,Dataset/DataRaw/country_code=vn/dataset=category_platform/category_platform.csv,vn,category_platform,,vn,100114,100403,758395205,false
Shopee,758395205,get_category,100402,100114,Sets,Bộ,False,,Dataset/DataRaw/country_code=vn/dataset=category_platform/category_platform.csv,vn,category_platform,,vn,100114,100402,758395205,false
Shopee,758395205,get_category,100401,100114,Bottoms,Quần và chân váy,False,,Dataset/DataRaw/country_code=vn/dataset=category_platform/category_platform.csv,vn,category_platform,,vn,100114,100401,758395205,false
Shopee,758395205,get_category,100400,100114,Tops,Áo,False,,Dataset/DataRaw/country_code=vn/dataset=category_platform/category_platform.csv,vn,category_platform,,vn,100114,100400,758395205,false
Shopee,758395205,get_category,100113,100017,Maternity Wear,Đồ Bầu,True,,Dataset/DataRaw/country_code=vn/dataset=category_platform/category_platform.csv,vn,category_platform,,vn,100017,100113,758395205,true
Shopee,758395205,get_category,100399,100113,Others,Khác,False,,Dataset/DataRaw/country_code=vn/dataset=category_platform/category_platform.csv,vn,category_platform,,vn,100113,100399,758395205,false
Shopee,758395205,get_category,100398,100113,Maternity Bottoms,"Quần bầu, Váy bầu",False,,Dataset/DataRaw/country_code=vn/dataset=category_platform/category_platform.csv,vn,category_platform,,vn,100113,100398,758395205,false
Shopee,758395205,get_category,100397,100113,Maternity Sets,Bộ đồ bầu,False,,Dataset/DataRaw/country_code=vn/dataset=category_platform/category_platform.csv,vn,category_platform,,vn,100113,100397,758395205,false
Shopee,758395205,get_category,100396,100113,Breastfeeding Wear,Đồ mặc cho con bú,False,,Dataset/DataRaw/country_code=vn/dataset=category_platform/category_platform.csv,vn,category_platform,,vn,100113,100396,758395205,false
Shopee,758395205,get_category,100395,100113,Maternity Tops,Áo bầu,False,,Dataset/DataRaw/country_code=vn/dataset=category_platform/category_platform.csv,vn,category_platform,,vn,100113,100395,758395205,false
Shopee,758395205,get_category,100394,100113,Maternity Dresses,Đầm bầu,False,,Dataset/DataRaw/country_code=vn/dataset=category_platform/category_platform.csv,vn,category_platform,,vn,100113,100394,758395205,false
Shopee,758395205,get_category,100393,100113,Nursing Bras,Áo ngực cho con bú,False,,Dataset/DataRaw/country_code=vn/dataset=category_platform/category_platform.csv,vn,category_platform,,vn,100113,100393,758395205,false
Shopee,758395205,get_category,100112,100017,Sleepwear & Pajamas,Đồ ngủ,True,,Dataset/DataRaw/country_code=vn/dataset=category_platform/category_platform.csv,vn,category_platform,,vn,100017,100112,758395205,true
Shopee,758395205,get_category,100392,100112,Others,Khác,False,,Dataset/DataRaw/country_code=vn/dataset=category_platform/category_platform.csv,vn,category_platform,,vn,100112,100392,758395205,false
Shopee,758395205,get_category,100391,100112,Kimonos & Robes,"Áo choàng ngủ, Áo khoác kimono",False,,Dataset/DataRaw/country_code=vn/dataset=category_platform/category_platform.csv,vn,category_platform,,vn,100112,100391,758395205,false
Shopee,758395205,get_category,100390,100112,Night Dresses,Váy ngủ,False,,Dataset/DataRaw/country_code=vn/dataset=category_platform/category_platform.csv,vn,category_platform,,vn,100112,100390,758395205,false
Shopee,758395205,get_category,100389,100112,Pajamas,Pyjama,False,,Dataset/DataRaw/country_code=vn/dataset=category_platform/category_platform.csv,vn,category_platform,,vn,100112,100389,758395205,false
Shopee,758395205,get_category,100111,100017,Lingerie & Underwear,Đồ lót,True,,Dataset/DataRaw/country_code=vn/dataset=category_platform/category_platform.csv,vn,category_platform,,vn,100017,100111,758395205,true
Shopee,758395205,get_category,100388,100111,Others,Khác,False,,Dataset/DataRaw/country_code=vn/dataset=category_platform/category_platform.csv,vn,category_platform,,vn,100111,100388,758395205,false
Shopee,758395205,get_category,100387,100111,Sexy Lingerie,Đồ lót gợi cảm,False,,Dataset/DataRaw/country_code=vn/dataset=category_platform/category_platform.csv,vn,category_platform,,vn,100111,100387,758395205,false
Shopee,758395205,get_category,100386,100111,Safety Pants,Đồ lót bảo hộ,False,,Dataset/DataRaw/country_code=vn/dataset=category_platform/category_platform.csv,vn,category_platform,,vn,100111,100386,758395205,false
Shopee,758395205,get_category,100385,100111,Shapewear,Đồ định hình,False,,Dataset/DataRaw/country_code=vn/dataset=category_platform/category_platform.csv,vn,category_platform,,vn,100111,100385,758395205,false
Shopee,758395205,get_category,100384,100111,Bra Accessories,Phụ kiện đồ lót,True,,Dataset/DataRaw/country_code=vn/dataset=category_platform/category_platform.csv,vn,category_platform,,vn,100111,100384,758395205,true
Shopee,758395205,get_category,100526,100384,Others,Khác,False,,Dataset/DataRaw/country_code=vn/dataset=category_platform/category_platform.csv,vn,category_platform,,vn,100384,100526,758395205,false
Shopee,758395205,get_category,100525,100384,Nipple Stickers,Miếng dán ngực,False,,Dataset/DataRaw/country_code=vn/dataset=category_platform/category_platform.csv,vn,category_platform,,vn,100384,100525,758395205,false
Shopee,758395205,get_category,100524,100384,Paddings,Miếng mút rời,False,,Dataset/DataRaw/country_code=vn/dataset=category_platform/category_platform.csv,vn,category_platform,,vn,100384,100524,758395205,false
Shopee,758395205,get_category,100523,100384,Straps,Dây áo lót,False,,Dataset/DataRaw/country_code=vn/dataset=category_platform/category_platform.csv,vn,category_platform,,vn,100384,100523,758395205,false
Shopee,758395205,get_category,100383,100111,Thermal Innerwear,Đồ lót giữ nhiệt,False,,Dataset/DataRaw/country_code=vn/dataset=category_platform/category_platform.csv,vn,category_platform,,vn,100111,100383,758395205,false
Shopee,758395205,get_category,100382,100111,Panties,Quần lót,False,,Dataset/DataRaw/country_code=vn/dataset=category_platform/category_platform.csv,vn,category_platform,,vn,100111,100382,758395205,false
Shopee,758395205,get_category,100381,100111,Bras,Áo ngực,False,,Dataset/DataRaw/country_code=vn/dataset=category_platform/category_platform.csv,vn,category_platform,,vn,100111,100381,758395205,false
Shopee,758395205,get_category,100380,100111,Sets,Bộ đồ lót,False,,Dataset/DataRaw/country_code=vn/dataset=category_platform/category_platform.csv,vn,category_platform,,vn,100111,100380,758395205,false
Shopee,758395205,get_category,100110,100017,Sets,Bộ,True,,Dataset/DataRaw/country_code=vn/dataset=category_platform/category_platform.csv,vn,category_platform,,vn,100017,100110,758395205,true
Shopee,758395205,get_category,100379,100110,Others,Khác,False,,Dataset/DataRaw/country_code=vn/dataset=category_platform/category_platform.csv,vn,category_platform,,vn,100110,100379,758395205,false
Shopee,758395205,get_category,100378,100110,Individual Sets,Đồ lẻ,False,,Dataset/DataRaw/country_code=vn/dataset=category_platform/category_platform.csv,vn,category_platform,,vn,100110,100378,758395205,false
Shopee,758395205,get_category,100377,100110,Family Sets,Bộ đồ gia đình,False,,Dataset/DataRaw/country_code=vn/dataset=category_platform/category_platform.csv,vn,category_platform,,vn,100110,100377,758395205,false
Shopee,758395205,get_category,100376,100110,Couple Sets,Bộ đồ đôi,False,,Dataset/DataRaw/country_code=vn/dataset=category_platform/category_platform.csv,vn,category_platform,,vn,100110,100376,758395205,false
Shopee,758395205,get_category,100109,100017,Hoodies & Sweatshirts,Hoodie và Áo nỉ,True,,Dataset/DataRaw/country_code=vn/dataset=category_platform/category_platform.csv,vn,category_platform,,vn,100017,100109,758395205,true
Shopee,758395205,get_category,100375,100109,Others,Khác,False,,Dataset/DataRaw/country_code=vn/dataset=category_platform/category_platform.csv,vn,category_platform,,vn,100109,100375,758395205,false
Shopee,758395205,get_category,100374,100109,Hoodies,Áo hoodies,False,,Dataset/DataRaw/country_code=vn/dataset=category_platform/category_platform.csv,vn,category_platform,,vn,100109,100374,758395205,false
Shopee,758395205,get_category,100373,100109,Sweatshirts,Áo khoác nỉ,False,,Dataset/DataRaw/country_code=vn/dataset=category_platform/category_platform.csv,vn,category_platform,,vn,100109,100373,758395205,false
Shopee,758395205,get_category,100108,100017,Sweaters & Cardigans,Áo len,False,,Dataset/DataRaw/country_code=vn/dataset=category_platform/category_platform.csv,vn,category_platform,,vn,100017,100108,758395205,false
Shopee,758395205,get_category,100107,100017,"Jackets, Coats & Vests",Áo khoác,True,,Dataset/DataRaw/country_code=vn/dataset=category_platform/category_platform.csv,vn,category_platform,,vn,100017,100107,758395205,true
Shopee,758395205,get_category,100372,100107,Others,Khác,False,,Dataset/DataRaw/country_code=vn/dataset=category_platform/category_platform.csv,vn,category_platform,,vn,100107,100372,758395205,false
Shopee,758395205,get_category,100371,100107,Vests,Áo vest,False,,Dataset/DataRaw/country_code=vn/dataset=category_platform/category_platform.csv,vn,category_platform,,vn,100107,100371,758395205,false
Shopee,758395205,get_category,100370,100107,Jackets,Áo khoác ngoài,False,,Dataset/DataRaw/country_code=vn/dataset=category_platform/category_platform.csv,vn,category_platform,,vn,100107,100370,758395205,false
Shopee,758395205,get_category,100369,100107,Blazers,Áo blazer,False,,Dataset/DataRaw/country_code=vn/dataset=category_platform/category_platform.csv,vn,category_platform,,vn,100107,100369,758395205,false
Shopee,758395205,get_category,100368,100107,Capes,Áo choàng,False,,Dataset/DataRaw/country_code=vn/dataset=category_platform/category_platform.csv,vn,category_platform,,vn,100107,100368,758395205,false
Shopee,758395205,get_category,100367,100107,Winter Jackets & Coats,Áo khoác mùa đông,False,,Dataset/DataRaw/country_code=vn/dataset=category_platform/category_platform.csv,vn,category_platform,,vn,100107,100367,758395205,false
Shopee,758395205,get_category,100106,100017,"Jumpsuits, Playsuits & Overalls",Đồ liền thân,True,,Dataset/DataRaw/country_code=vn/dataset=category_platform/category_platform.csv,vn,category_platform,,vn,100017,100106,758395205,true
Shopee,758395205,get_category,100366,100106,Others,Khác,False,,Dataset/DataRaw/country_code=vn/dataset=category_platform/category_platform.csv,vn,category_platform,,vn,100106,100366,758395205,false
Shopee,758395205,get_category,100365,100106,Overalls,Quần yếm,False,,Dataset/DataRaw/country_code=vn/dataset=category_platform/category_platform.csv,vn,category_platform,,vn,100106,100365,758395205,false
Shopee,758395205,get_category,100364,100106,Playsuits,Đồ bay ngắn (playsuits),False,,Dataset/DataRaw/country_code=vn/dataset=category_platform/category_platform.csv,vn,category_platform,,vn,100106,100364,758395205,false
Shopee,758395205,get_category,100363,100106,Jumpsuits,Đồ bay (Jumpsuits),False,,Dataset/DataRaw/country_code=vn/dataset=category_platform/category_platform.csv,vn,category_platform,,vn,100106,100363,758395205,false
Shopee,758395205,get_category,100105,100017,Wedding Dresses,Váy cưới,False,,Dataset/DataRaw/country_code=vn/dataset=category_platform/category_platform.csv,vn,category_platform,,vn,100017,100105,758395205,false
Shopee,758395205,get_category,100104,100017,Dresses,Đầm,False,,Dataset/DataRaw/country_code=vn/dataset=category_platform/category_platform.csv,vn,category_platform,,vn,100017,100104,758395205,false
Shopee,758395205,get_category,100103,100017,Jeans,Quần jeans,False,,Dataset/DataRaw/country_code=vn/dataset=category_platform/category_platform.csv,vn,category_platform,,vn,100017,100103,758395205,false
Shopee,758395205,get_category,100102,100017,Skirts,Váy,False,,Dataset/DataRaw/country_code=vn/dataset=category_platform/category_platform.csv,vn,category_platform,,vn,100017,100102,758395205,false
Shopee,758395205,get_category,100101,100017,Shorts,Quần đùi,True,,Dataset/DataRaw/country_code=vn/dataset=category_platform/category_platform.csv,vn,category_platform,,vn,100017,100101,758395205,true
Shopee,758395205,get_category,100362,100101,Others,Khác,False,,Dataset/DataRaw/country_code=vn/dataset=category_platform/category_platform.csv,vn,category_platform,,vn,100101,100362,758395205,false
Shopee,758395205,get_category,100361,100101,Skorts,Quần váy,False,,Dataset/DataRaw/country_code=vn/dataset=category_platform/category_platform.csv,vn,category_platform,,vn,100101,100361,758395205,false
Shopee,758395205,get_category,100360,100101,Shorts,Quần đùi,False,,Dataset/DataRaw/country_code=vn/dataset=category_platform/category_platform.csv,vn,category_platform,,vn,100101,100360,758395205,false
Shopee,758395205,get_category,100100,100017,Pants & Leggings,Quần,True,,Dataset/DataRaw/country_code=vn/dataset=category_platform/category_platform.csv,vn,category_platform,,vn,100017,100100,758395205,true
Shopee,758395205,get_category,100359,100100,Others,Khác,False,,Dataset/DataRaw/country_code=vn/dataset=category_platform/category_platform.csv,vn,category_platform,,vn,100100,100359,758395205,false
Shopee,758395205,get_category,100358,100100,Pants,Quần dài,False,,Dataset/DataRaw/country_code=vn/dataset=category_platform/category_platform.csv,vn,category_platform,,vn,100100,100358,758395205,false
Shopee,758395205,get_category,100357,100100,Leggings & Treggings,Quần legging,False,,Dataset/DataRaw/country_code=vn/dataset=category_platform/category_platform.csv,vn,category_platform,,vn,100100,100357,758395205,false
Shopee,758395205,get_category,100099,100017,Tops,Áo,True,,Dataset/DataRaw/country_code=vn/dataset=category_platform/category_platform.csv,vn,category_platform,,vn,100017,100099,758395205,true
Shopee,758395205,get_category,100356,100099,Others,Khác,False,,Dataset/DataRaw/country_code=vn/dataset=category_platform/category_platform.csv,vn,category_platform,,vn,100099,100356,758395205,false
Shopee,758395205,get_category,100355,100099,Bodysuits,Áo liền thân,False,,Dataset/DataRaw/country_code=vn/dataset=category_platform/category_platform.csv,vn,category_platform,,vn,100099,100355,758395205,false
Shopee,758395205,get_category,100354,100099,Polo Shirts,Áo polo,False,,Dataset/DataRaw/country_code=vn/dataset=category_platform/category_platform.csv,vn,category_platform,,vn,100099,100354,758395205,false
Shopee,758395205,get_category,100353,100099,Shirts & Blouses,Áo sơ mi,False,,Dataset/DataRaw/country_code=vn/dataset=category_platform/category_platform.csv,vn,category_platform,,vn,100099,100353,758395205,false
Shopee,758395205,get_category,100352,100099,T-shirts,Áo thun,False,,Dataset/DataRaw/country_code=vn/dataset=category_platform/category_platform.csv,vn,category_platform,,vn,100099,100352,758395205,false
Shopee,758395205,get_category,100351,100099,Tube Tops,Áo ống,False,,Dataset/DataRaw/country_code=vn/dataset=category_platform/category_platform.csv,vn,category_platform,,vn,100099,100351,758395205,false
Shopee,758395205,get_category,100350,100099,Tanks & Camisoles,Áo hai dây và ba lỗ,False,,Dataset/DataRaw/country_code=vn/dataset=category_platform/category_platform.csv,vn,category_platform,,vn,100099,100350,758395205,false
Shopee,758395205,get_category,100011,0,Men Clothes,Thời Trang Nam,True,,Dataset/DataRaw/country_code=vn/dataset=category_platform/category_platform.csv,vn,category_platform,,vn,0,100011,758395205,true
Shopee,758395205,get_category,100062,100011,Socks,Vớ/ Tất,False,,Dataset/DataRaw/country_code=vn/dataset=category_platform/category_platform.csv,vn,category_platform,,vn,100011,100062,758395205,false
Shopee,758395205,get_category,100061,100011,Others,Khác,False,,Dataset/DataRaw/country_code=vn/dataset=category_platform/category_platform.csv,vn,category_platform,,vn,100011,100061,758395205,false
Shopee,758395205,get_category,100060,100011,Occupational Attire,Trang phục ngành nghề,False,,Dataset/DataRaw/country_code=vn/dataset=category_platform/category_platform.csv,vn,category_platform,,vn,100011,100060,758395205,false
Shopee,758395205,get_category,100059,100011,Costumes,Đồ hóa trang,False,,Dataset/DataRaw/country_code=vn/dataset=category_platform/category_platform.csv,vn,category_platform,,vn,100011,100059,758395205,false
Shopee,758395205,get_category,100058,100011,Traditional Wear,Trang phục truyền thống,True,,Dataset/DataRaw/country_code=vn/dataset=category_platform/category_platform.csv,vn,category_platform,,vn,100011,100058,758395205,true
Shopee,758395205,get_category,100254,100058,Others,Khác,False,,Dataset/DataRaw/country_code=vn/dataset=category_platform/category_platform.csv,vn,category_platform,,vn,100058,100254,758395205,false
Shopee,758395205,get_category,100253,100058,Sets,Bộ,False,,Dataset/DataRaw/country_code=vn/dataset=category_platform/category_platform.csv,vn,category_platform,,vn,100058,100253,758395205,false
Shopee,758395205,get_category,100252,100058,Bottoms,Quần,False,,Dataset/DataRaw/country_code=vn/dataset=category_platform/category_platform.csv,vn,category_platform,,vn,100058,100252,758395205,false
Shopee,758395205,get_category,100251,100058,Tops,Áo,False,,Dataset/DataRaw/country_code=vn/dataset=category_platform/category_platform.csv,vn,category_platform,,vn,100058,100251,758395205,false
Shopee,758395205,get_category,100057,100011,Sets,Bộ,False,,Dataset/DataRaw/country_code=vn/dataset=category_platform/category_platform.csv,vn,category_platform,,vn,100011,100057,758395205,false
Shopee,758395205,get_category,100056,100011,Sleepwear,Đồ ngủ,False,,Dataset/DataRaw/country_code=vn/dataset=category_platform/category_platform.csv,vn,category_platform,,vn,100011,100056,758395205,false
Shopee,758395205,get_category,100055,100011,Innerwear & Underwear,Đồ lót,True,,Dataset/DataRaw/country_code=vn/dataset=category_platform/category_platform.csv,vn,category_platform,,vn,100011,100055,758395205,true
Shopee,758395205,get_category,100250,100055,Others,Khác,False,,Dataset/DataRaw/country_code=vn/dataset=category_platform/category_platform.csv,vn,category_platform,,vn,100055,100250,758395205,false
Shopee,758395205,get_category,100249,100055,Thermal Innerwear,Đồ lót giữ nhiệt,False,,Dataset/DataRaw/country_code=vn/dataset=category_platform/category_platform.csv,vn,category_platform,,vn,100055,100249,758395205,false
Shopee,758395205,get_category,100248,100055,Undershirts,Áo lót,False,,Dataset/DataRaw/country_code=vn/dataset=category_platform/category_platform.csv,vn,category_platform,,vn,100055,100248,758395205,false
Shopee,758395205,get_category,100247,100055,Underwear,Quần lót,False,,Dataset/DataRaw/country_code=vn/dataset=category_platform/category_platform.csv,vn,category_platform,,vn,100055,100247,758395205,false
Shopee,758395205,get_category,100054,100011,Tops,Áo,True,,Dataset/DataRaw/country_code=vn/dataset=category_platform/category_platform.csv,vn,category_platform,,vn,100011,100054,758395205,true
Shopee,758395205,get_category,100246,100054,Others,Khác,False,,Dataset/DataRaw/country_code=vn/dataset=category_platform/category_platform.csv,vn,category_platform,,vn,100054,100246,758395205,false
Shopee,758395205,get_category,100245,100054,Tanks,Áo ba lỗ,False,,Dataset/DataRaw/country_code=vn/dataset=category_platform/category_platform.csv,vn,category_platform,,vn,100054,100245,758395205,false
Shopee,758395205,get_category,100244,100054,T-Shirts,Áo thun,False,,Dataset/DataRaw/country_code=vn/dataset=category_platform/category_platform.csv,vn,category_platform,,vn,100054,100244,758395205,false
Shopee,758395205,get_category,100243,100054,Polo Shirts,Áo polo,False,,Dataset/DataRaw/country_code=vn/dataset=category_platform/category_platform.csv,vn,category_platform,,vn,100054,100243,758395205,false
Shopee,758395205,get_category,100242,100054,Shirts,Áo sơ mi,False,,Dataset/DataRaw/country_code=vn/dataset=category_platform/category_platform.csv,vn,category_platform,,vn,100054,100242,758395205,false
Shopee,758395205,get_category,100053,100011,Shorts,Quần đùi,False,,Dataset/DataRaw/country_code=vn/dataset=category_platform/category_platform.csv,vn,category_platform,,vn,100011,100053,758395205,false
Shopee,758395205,get_category,100052,100011,Pants,Quần dài,True,,Dataset/DataRaw/country_code=vn/dataset=category_platform/category_platform.csv,vn,category_platform,,vn,100011,100052,758395205,true
Shopee,758395205,get_category,100241,100052,Others,Khác,False,,Dataset/DataRaw/country_code=vn/dataset=category_platform/category_platform.csv,vn,category_platform,,vn,100052,100241,758395205,false
Shopee,758395205,get_category,100240,100052,Pants,Quần dài,False,,Dataset/DataRaw/country_code=vn/dataset=category_platform/category_platform.csv,vn,category_platform,,vn,100052,100240,758395205,false
Shopee,758395205,get_category,100239,100052,Joggers,Quần jogger,False,,Dataset/DataRaw/country_code=vn/dataset=category_platform/category_platform.csv,vn,category_platform,,vn,100052,100239,758395205,false
Shopee,758395205,get_category,100238,100052,Cargo,Quần túi hộp,False,,Dataset/DataRaw/country_code=vn/dataset=category_platform/category_platform.csv,vn,category_platform,,vn,100052,100238,758395205,false
Shopee,758395205,get_category,100051,100011,Suits,Com lê,True,,Dataset/DataRaw/country_code=vn/dataset=category_platform/category_platform.csv,vn,category_platform,,vn,100011,100051,758395205,true
Shopee,758395205,get_category,100237,100051,Others,Khác,False,,Dataset/DataRaw/country_code=vn/dataset=category_platform/category_platform.csv,vn,category_platform,,vn,100051,100237,758395205,false
Shopee,758395205,get_category,100236,100051,Suit Vests & Waistcoats,Áo vest & Gi lê,False,,Dataset/DataRaw/country_code=vn/dataset=category_platform/category_platform.csv,vn,category_platform,,vn,100051,100236,758395205,false
Shopee,758395205,get_category,100235,100051,Suit Pants,Quần âu,False,,Dataset/DataRaw/country_code=vn/dataset=category_platform/category_platform.csv,vn,category_platform,,vn,100051,100235,758395205,false
Shopee,758395205,get_category,100234,100051,Suit Jackets & Blazers,Áo Khoác & Blazer,False,,Dataset/DataRaw/country_code=vn/dataset=category_platform/category_platform.csv,vn,category_platform,,vn,100051,100234,758395205,false
Shopee,758395205,get_category,100233,100051,Suit Sets,Bộ Com lê,False,,Dataset/DataRaw/country_code=vn/dataset=category_platform/category_platform.csv,vn,category_platform,,vn,100051,100233,758395205,false
Shopee,758395205,get_category,100050,100011,"Jackets, Coats & Vests",Áo khoác,True,,Dataset/DataRaw/country_code=vn/dataset=category_platform/category_platform.csv,vn,category_platform,,vn,100011,100050,758395205,true
Shopee,758395205,get_category,100232,100050,Others,Khác,False,,Dataset/DataRaw/country_code=vn/dataset=category_platform/category_platform.csv,vn,category_platform,,vn,100050,100232,758395205,false
Shopee,758395205,get_category,100231,100050,Vests,Áo khoác vest,False,,Dataset/DataRaw/country_code=vn/dataset=category_platform/category_platform.csv,vn,category_platform,,vn,100050,100231,758395205,false
Shopee,758395205,get_category,100230,100050,Jackets,Áo khoác,False,,Dataset/DataRaw/country_code=vn/dataset=category_platform/category_platform.csv,vn,category_platform,,vn,100050,100230,758395205,false
Shopee,758395205,get_category,100229,100050,Winter Jackets & Coats,Áo khoác mùa đông & Áo choàng,False,,Dataset/DataRaw/country_code=vn/dataset=category_platform/category_platform.csv,vn,category_platform,,vn,100050,100229,758395205,false
Shopee,758395205,get_category,100049,100011,Sweaters & Cardigans,Áo len,False,,Dataset/DataRaw/country_code=vn/dataset=category_platform/category_platform.csv,vn,category_platform,,vn,100011,100049,758395205,false
Shopee,758395205,get_category,100048,100011,Hoodies & Sweatshirts,Hoodie & Áo nỉ,True,,Dataset/DataRaw/country_code=vn/dataset=category_platform/category_platform.csv,vn,category_platform,,vn,100011,100048,758395205,true
Shopee,758395205,get_category,100228,100048,Others,Khác,False,,Dataset/DataRaw/country_code=vn/dataset=category_platform/category_platform.csv,vn,category_platform,,vn,100048,100228,758395205,false
Shopee,758395205,get_category,100227,100048,Sweatshirts,Áo nỉ,False,,Dataset/DataRaw/country_code=vn/dataset=category_platform/category_platform.csv,vn,category_platform,,vn,100048,100227,758395205,false
Shopee,758395205,get_category,100226,100048,Hoodies,Áo hoodie,False,,Dataset/DataRaw/country_code=vn/dataset=category_platform/category_platform.csv,vn,category_platform,,vn,100048,100226,758395205,false
Shopee,758395205,get_category,100047,100011,Jeans,Quần jean,False,,Dataset/DataRaw/country_code=vn/dataset=category_platform/category_platform.csv,vn,category_platform,,vn,100011,100047,758395205,false
Shopee,758395205,get_category,100630,0,Beauty,Sắc Đẹp,True,,Dataset/DataRaw/country_code=vn/dataset=category_platform/category_platform.csv,vn,category_platform,,vn,0,100630,758395205,true
Shopee,758395205,get_category,102002,100630,Bath & Body Care,Tắm & chăm sóc cơ thể,True,,Dataset/DataRaw/country_code=vn/dataset=category_platform/category_platform.csv,vn,category_platform,,vn,100630,102002,758395205,true
Shopee,758395205,get_category,102013,102002,Others,Khác,False,,Dataset/DataRaw/country_code=vn/dataset=category_platform/category_platform.csv,vn,category_platform,,vn,102002,102013,758395205,false
Shopee,758395205,get_category,102012,102002,Breast Care,Chăm sóc ngực,False,,Dataset/DataRaw/country_code=vn/dataset=category_platform/category_platform.csv,vn,category_platform,,vn,102002,102012,758395205,false
Shopee,758395205,get_category,102011,102002,Sun Care,Chống nắng,True,,Dataset/DataRaw/country_code=vn/dataset=category_platform/category_platform.csv,vn,category_platform,,vn,102002,102011,758395205,true
Shopee,758395205,get_category,102016,102011,Others,Khác,False,,Dataset/DataRaw/country_code=vn/dataset=category_platform/category_platform.csv,vn,category_platform,,vn,102011,102016,758395205,false
Shopee,758395205,get_category,102015,102011,Tanning Oil & Self Tanners,Thuốc nhuộm da,False,,Dataset/DataRaw/country_code=vn/dataset=category_platform/category_platform.csv,vn,category_platform,,vn,102011,102015,758395205,false
Shopee,758395205,get_category,102014,102011,Body Sunscreen & After Sun,Chống nắng & chăm sóc sau đi nắng,False,,Dataset/DataRaw/country_code=vn/dataset=category_platform/category_platform.csv,vn,category_platform,,vn,102011,102014,758395205,false
Shopee,758395205,get_category,102010,102002,Hair Removal Cream & Wax,Kem tẩy lông & wax lông,False,,Dataset/DataRaw/country_code=vn/dataset=category_platform/category_platform.csv,vn,category_platform,,vn,102002,102010,758395205,false
Shopee,758395205,get_category,102009,102002,Massage Oil,Dầu massage,False,,Dataset/DataRaw/country_code=vn/dataset=category_platform/category_platform.csv,vn,category_platform,,vn,102002,102009,758395205,false
Shopee,758395205,get_category,102008,102002,Body Deodorants,Khử mùi cơ thể,False,,Dataset/DataRaw/country_code=vn/dataset=category_platform/category_platform.csv,vn,category_platform,,vn,102002,102008,758395205,false
Shopee,758395205,get_category,102007,102002,"Body Cream, Lotion & Butter",Kem & sữa dưỡng thể,False,,Dataset/DataRaw/country_code=vn/dataset=category_platform/category_platform.csv,vn,category_platform,,vn,102002,102007,758395205,false
Shopee,758395205,get_category,102006,102002,Body Oil,Dầu dưỡng da,False,,Dataset/DataRaw/country_code=vn/dataset=category_platform/category_platform.csv,vn,category_platform,,vn,102002,102006,758395205,false
Shopee,758395205,get_category,102005,102002,Body Masks,Mặt nạ ủ cơ thể,False,,Dataset/DataRaw/country_code=vn/dataset=category_platform/category_platform.csv,vn,category_platform,,vn,102002,102005,758395205,false
Shopee,758395205,get_category,102004,102002,Body Scrub & Peel,Tẩy tế bào chết cơ thể,False,,Dataset/DataRaw/country_code=vn/dataset=category_platform/category_platform.csv,vn,category_platform,,vn,102002,102004,758395205,false
Shopee,758395205,get_category,102003,102002,Body Wash & Soap,Xà phòng & sữa tắm,False,,Dataset/DataRaw/country_code=vn/dataset=category_platform/category_platform.csv,vn,category_platform,,vn,102002,102003,758395205,false
Shopee,758395205,get_category,100666,100630,Others,Khác,False,,Dataset/DataRaw/country_code=vn/dataset=category_platform/category_platform.csv,vn,category_platform,,vn,100630,100666,758395205,false
Shopee,758395205,get_category,100665,100630,Beauty Sets & Packages,Bộ sản phẩm làm đẹp,False,,Dataset/DataRaw/country_code=vn/dataset=category_platform/category_platform.csv,vn,category_platform,,vn,100630,100665,758395205,false
Shopee,758395205,get_category,100664,100630,Skincare,Chăm sóc da mặt,True,,Dataset/DataRaw/country_code=vn/dataset=category_platform/category_platform.csv,vn,category_platform,,vn,100630,100664,758395205,true
Shopee,758395205,get_category,100905,100664,Others,Khác,False,,Dataset/DataRaw/country_code=vn/dataset=category_platform/category_platform.csv,vn,category_platform,,vn,100664,100905,758395205,false
Shopee,758395205,get_category,100904,100664,Acne Treatment,Sản phẩm trị mụn,False,,Dataset/DataRaw/country_code=vn/dataset=category_platform/category_platform.csv,vn,category_platform,,vn,100664,100904,758395205,false
Shopee,758395205,get_category,100903,100664,Blotting Paper,Giấy thấm dầu,False,,Dataset/DataRaw/country_code=vn/dataset=category_platform/category_platform.csv,vn,category_platform,,vn,100664,100903,758395205,false
Shopee,758395205,get_category,100902,100664,After Sun Face Care,Kem dưỡng sau chống nắng,False,,Dataset/DataRaw/country_code=vn/dataset=category_platform/category_platform.csv,vn,category_platform,,vn,100664,100902,758395205,false
Shopee,758395205,get_category,100901,100664,Face Sunscreen,Kem chống nắng cho mặt,False,,Dataset/DataRaw/country_code=vn/dataset=category_platform/category_platform.csv,vn,category_platform,,vn,100664,100901,758395205,false
Shopee,758395205,get_category,100900,100664,Lip Treatment,Sản phẩm dưỡng môi,True,,Dataset/DataRaw/country_code=vn/dataset=category_platform/category_platform.csv,vn,category_platform,,vn,100664,100900,758395205,true
Shopee,758395205,get_category,101676,100900,Others,Khác,False,,Dataset/DataRaw/country_code=vn/dataset=category_platform/category_platform.csv,vn,category_platform,,vn,100900,101676,758395205,false
Shopee,758395205,get_category,101675,100900,Lip Mask,Mặt nạ cho môi,False,,Dataset/DataRaw/country_code=vn/dataset=category_platform/category_platform.csv,vn,category_platform,,vn,100900,101675,758395205,false
Shopee,758395205,get_category,101674,100900,Lip Scrub & Exfoliator,Tẩy tế bào chết môi,False,,Dataset/DataRaw/country_code=vn/dataset=category_platform/category_platform.csv,vn,category_platform,,vn,100900,101674,758395205,false
Shopee,758395205,get_category,101673,100900,Lip Balm,Son dưỡng môi,False,,Dataset/DataRaw/country_code=vn/dataset=category_platform/category_platform.csv,vn,category_platform,,vn,100900,101673,758395205,false
Shopee,758395205,get_category,100899,100664,Eye Treatment,Sản phẩm dưỡng mắt,True,,Dataset/DataRaw/country_code=vn/dataset=category_platform/category_platform.csv,vn,category_platform,,vn,100664,100899,758395205,true
Shopee,758395205,get_category,101672,100899,Others,Khác,False,,Dataset/DataRaw/country_code=vn/dataset=category_platform/category_platform.csv,vn,category_platform,,vn,100899,101672,758395205,false
Shopee,758395205,get_category,101671,100899,Eyebrow & Eyelash Serum,Tinh chất dưỡng mày & mi,False,,Dataset/DataRaw/country_code=vn/dataset=category_platform/category_platform.csv,vn,category_platform,,vn,100899,101671,758395205,false
Shopee,758395205,get_category,101670,100899,Eye Mask & Packs,Mặt nạ cho mắt,False,,Dataset/DataRaw/country_code=vn/dataset=category_platform/category_platform.csv,vn,category_platform,,vn,100899,101670,758395205,false
Shopee,758395205,get_category,101669,100899,Eye Cream,Kem dưỡng mắt,False,,Dataset/DataRaw/country_code=vn/dataset=category_platform/category_platform.csv,vn,category_platform,,vn,100899,101669,758395205,false
Shopee,758395205,get_category,100898,100664,Face Mask & Packs,Mặt nạ,False,,Dataset/DataRaw/country_code=vn/dataset=category_platform/category_platform.csv,vn,category_platform,,vn,100664,100898,758395205,false
Shopee,758395205,get_category,100897,100664,Face Scrub & Peel,Tẩy tế bào chết,False,,Dataset/DataRaw/country_code=vn/dataset=category_platform/category_platform.csv,vn,category_platform,,vn,100664,100897,758395205,false
Shopee,758395205,get_category,100896,100664,Facial Serum & Essence,Tinh chất dưỡng,False,,Dataset/DataRaw/country_code=vn/dataset=category_platform/category_platform.csv,vn,category_platform,,vn,100664,100896,758395205,false
Shopee,758395205,get_category,100895,100664,Facial Mist,Xịt khoáng,False,,Dataset/DataRaw/country_code=vn/dataset=category_platform/category_platform.csv,vn,category_platform,,vn,100664,100895,758395205,false
Shopee,758395205,get_category,100894,100664,Facial Oil,Dầu dưỡng ẩm,False,,Dataset/DataRaw/country_code=vn/dataset=category_platform/category_platform.csv,vn,category_platform,,vn,100664,100894,758395205,false
Shopee,758395205,get_category,100893,100664,Facial Moisturizer,Kem dưỡng ẩm,False,,Dataset/DataRaw/country_code=vn/dataset=category_platform/category_platform.csv,vn,category_platform,,vn,100664,100893,758395205,false
Shopee,758395205,get_category,100892,100664,Toner,Nước cân bằng da,False,,Dataset/DataRaw/country_code=vn/dataset=category_platform/category_platform.csv,vn,category_platform,,vn,100664,100892,758395205,false
Shopee,758395205,get_category,100891,100664,Facial Cleanser,Sữa rửa mặt,False,,Dataset/DataRaw/country_code=vn/dataset=category_platform/category_platform.csv,vn,category_platform,,vn,100664,100891,758395205,false
Shopee,758395205,get_category,100663,100630,Beauty Tools,Dụng cụ làm đẹp,True,,Dataset/DataRaw/country_code=vn/dataset=category_platform/category_platform.csv,vn,category_platform,,vn,100630,100663,758395205,true
Shopee,758395205,get_category,100890,100663,Others,Khác,False,,Dataset/DataRaw/country_code=vn/dataset=category_platform/category_platform.csv,vn,category_platform,,vn,100663,100890,758395205,false
Shopee,758395205,get_category,100889,100663,Hair Tools,Dụng cụ chăm sóc tóc,True,,Dataset/DataRaw/country_code=vn/dataset=category_platform/category_platform.csv,vn,category_platform,,vn,100663,100889,758395205,true
Shopee,758395205,get_category,101668,100889,Others,Khác,False,,Dataset/DataRaw/country_code=vn/dataset=category_platform/category_platform.csv,vn,category_platform,,vn,100889,101668,758395205,false
Shopee,758395205,get_category,101667,100889,Heatless Styling Tools,Dụng cụ tạo kiểu không nhiệt,False,,Dataset/DataRaw/country_code=vn/dataset=category_platform/category_platform.csv,vn,category_platform,,vn,100889,101667,758395205,false
Shopee,758395205,get_category,101666,100889,Hair Styling Appliances,Máy tạo kiểu tóc,False,,Dataset/DataRaw/country_code=vn/dataset=category_platform/category_platform.csv,vn,category_platform,,vn,100889,101666,758395205,false
Shopee,758395205,get_category,101665,100889,Hair Dryers,Máy sấy tóc,False,,Dataset/DataRaw/country_code=vn/dataset=category_platform/category_platform.csv,vn,category_platform,,vn,100889,101665,758395205,false
Shopee,758395205,get_category,101664,100889,Brushes & Combs,Lược chải,False,,Dataset/DataRaw/country_code=vn/dataset=category_platform/category_platform.csv,vn,category_platform,,vn,100889,101664,758395205,false
Shopee,758395205,get_category,100888,100663,Hair Removal Tools,Dụng cụ tẩy lông,False,,Dataset/DataRaw/country_code=vn/dataset=category_platform/category_platform.csv,vn,category_platform,,vn,100663,100888,758395205,false
Shopee,758395205,get_category,100887,100663,Body Slimming Tools,Dụng cụ làm thon gọn cơ thể,False,,Dataset/DataRaw/country_code=vn/dataset=category_platform/category_platform.csv,vn,category_platform,,vn,100663,100887,758395205,false
Shopee,758395205,get_category,100886,100663,Facial Care Tools,Dụng cụ chăm sóc da mặt,True,,Dataset/DataRaw/country_code=vn/dataset=category_platform/category_platform.csv,vn,category_platform,,vn,100663,100886,758395205,true
Shopee,758395205,get_category,101663,100886,Others,Khác,False,,Dataset/DataRaw/country_code=vn/dataset=category_platform/category_platform.csv,vn,category_platform,,vn,100886,101663,758395205,false
Shopee,758395205,get_category,101662,100886,Facial Cleansing Tools,Dụng cụ rửa mặt,False,,Dataset/DataRaw/country_code=vn/dataset=category_platform/category_platform.csv,vn,category_platform,,vn,100886,101662,758395205,false
Shopee,758395205,get_category,101661,100886,Facial Slimming & Massage Tools,Dụng cụ làm thon gọn & mát xa mặt,False,,Dataset/DataRaw/country_code=vn/dataset=category_platform/category_platform.csv,vn,category_platform,,vn,100886,101661,758395205,false
Shopee,758395205,get_category,101660,100886,Facial Steamers,Máy xông mặt,False,,Dataset/DataRaw/country_code=vn/dataset=category_platform/category_platform.csv,vn,category_platform,,vn,100886,101660,758395205,false
Shopee,758395205,get_category,100885,100663,Makeup Accessories,Dụng cụ trang điểm,True,,Dataset/DataRaw/country_code=vn/dataset=category_platform/category_platform.csv,vn,category_platform,,vn,100663,100885,758395205,true
Shopee,758395205,get_category,101659,100885,Pencil Sharpeners,Chuốt chì kẻ mày,False,,Dataset/DataRaw/country_code=vn/dataset=category_platform/category_platform.csv,vn,category_platform,,vn,100885,101659,758395205,false
Shopee,758395205,get_category,101658,100885,Eyelid Tape & Glue,Miếng dán mí & keo dán mí,False,,Dataset/DataRaw/country_code=vn/dataset=category_platform/category_platform.csv,vn,category_platform,,vn,100885,101658,758395205,false
Shopee,758395205,get_category,101657,100885,False Eyelashes,Mi giả,False,,Dataset/DataRaw/country_code=vn/dataset=category_platform/category_platform.csv,vn,category_platform,,vn,100885,101657,758395205,false
Shopee,758395205,get_category,101656,100885,Eyebrow Templates,Khuôn kẻ chân mày,False,,Dataset/DataRaw/country_code=vn/dataset=category_platform/category_platform.csv,vn,category_platform,,vn,100885,101656,758395205,false
Shopee,758395205,get_category,101655,100885,Eyelash Curlers,Kẹp bấm mi,False,,Dataset/DataRaw/country_code=vn/dataset=category_platform/category_platform.csv,vn,category_platform,,vn,100885,101655,758395205,false
Shopee,758395205,get_category,101654,100885,Sponges & Applicators,Bông mút trang điểm,False,,Dataset/DataRaw/country_code=vn/dataset=category_platform/category_platform.csv,vn,category_platform,,vn,100885,101654,758395205,false
Shopee,758395205,get_category,101653,100885,Makeup Brushes,Cọ trang điểm,False,,Dataset/DataRaw/country_code=vn/dataset=category_platform/category_platform.csv,vn,category_platform,,vn,100885,101653,758395205,false
Shopee,758395205,get_category,101652,100885,Makeup Brush Cleaners,Dung dịch làm sạch cọ trang điểm,False,,Dataset/DataRaw/country_code=vn/dataset=category_platform/category_platform.csv,vn,category_platform,,vn,100885,101652,758395205,false
Shopee,758395205,get_category,101651,100885,Mirrors,Gương,False,,Dataset/DataRaw/country_code=vn/dataset=category_platform/category_platform.csv,vn,category_platform,,vn,100885,101651,758395205,false
Shopee,758395205,get_category,101650,100885,Makeup Bags & Organizers,Túi đựng đồ trang điểm,False,,Dataset/DataRaw/country_code=vn/dataset=category_platform/category_platform.csv,vn,category_platform,,vn,100885,101650,758395205,false
Shopee,758395205,get_category,101649,100885,Cotton Pads and Buds,Bông tẩy trang,False,,Dataset/DataRaw/country_code=vn/dataset=category_platform/category_platform.csv,vn,category_platform,,vn,100885,101649,758395205,false
Shopee,758395205,get_category,101648,100885,Others,Khác,False,,Dataset/DataRaw/country_code=vn/dataset=category_platform/category_platform.csv,vn,category_platform,,vn,100885,101648,758395205,false
Shopee,758395205,get_category,100662,100630,Makeup,Trang điểm,True,,Dataset/DataRaw/country_code=vn/dataset=category_platform/category_platform.csv,vn,category_platform,,vn,100630,100662,758395205,true
Shopee,758395205,get_category,100884,100662,Makeup Removers,Tẩy trang,False,,Dataset/DataRaw/country_code=vn/dataset=category_platform/category_platform.csv,vn,category_platform,,vn,100662,100884,758395205,false
Shopee,758395205,get_category,100883,100662,Lips,Trang điểm môi,True,,Dataset/DataRaw/country_code=vn/dataset=category_platform/category_platform.csv,vn,category_platform,,vn,100662,100883,758395205,true
Shopee,758395205,get_category,101647,100883,Others,Khác,False,,Dataset/DataRaw/country_code=vn/dataset=category_platform/category_platform.csv,vn,category_platform,,vn,100883,101647,758395205,false
Shopee,758395205,get_category,101646,100883,Lip Plumper,Son làm căng môi,False,,Dataset/DataRaw/country_code=vn/dataset=category_platform/category_platform.csv,vn,category_platform,,vn,100883,101646,758395205,false
Shopee,758395205,get_category,101645,100883,Lip Tint & Stain,Son tint,False,,Dataset/DataRaw/country_code=vn/dataset=category_platform/category_platform.csv,vn,category_platform,,vn,100883,101645,758395205,false
Shopee,758395205,get_category,101644,100883,Lip Liner,Viền môi,False,,Dataset/DataRaw/country_code=vn/dataset=category_platform/category_platform.csv,vn,category_platform,,vn,100883,101644,758395205,false
Shopee,758395205,get_category,101643,100883,Lip Gloss,Son bóng,False,,Dataset/DataRaw/country_code=vn/dataset=category_platform/category_platform.csv,vn,category_platform,,vn,100883,101643,758395205,false
Shopee,758395205,get_category,101642,100883,Lipstick,Son môi,False,,Dataset/DataRaw/country_code=vn/dataset=category_platform/category_platform.csv,vn,category_platform,,vn,100883,101642,758395205,false
Shopee,758395205,get_category,100882,100662,Eyes,Trang điểm mắt,True,,Dataset/DataRaw/country_code=vn/dataset=category_platform/category_platform.csv,vn,category_platform,,vn,100662,100882,758395205,true
Shopee,758395205,get_category,101641,100882,Others,Khác,False,,Dataset/DataRaw/country_code=vn/dataset=category_platform/category_platform.csv,vn,category_platform,,vn,100882,101641,758395205,false
Shopee,758395205,get_category,101640,100882,Eyebrows,Kẻ mày,False,,Dataset/DataRaw/country_code=vn/dataset=category_platform/category_platform.csv,vn,category_platform,,vn,100882,101640,758395205,false
Shopee,758395205,get_category,101639,100882,Mascara,Mascara,False,,Dataset/DataRaw/country_code=vn/dataset=category_platform/category_platform.csv,vn,category_platform,,vn,100882,101639,758395205,false
Shopee,758395205,get_category,101638,100882,Eyeliner,Bút kẻ mắt,False,,Dataset/DataRaw/country_code=vn/dataset=category_platform/category_platform.csv,vn,category_platform,,vn,100882,101638,758395205,false
Shopee,758395205,get_category,101637,100882,Eye Primer,Kem lót mắt,False,,Dataset/DataRaw/country_code=vn/dataset=category_platform/category_platform.csv,vn,category_platform,,vn,100882,101637,758395205,false
Shopee,758395205,get_category,101636,100882,Eyeshadow,Phấn mắt,False,,Dataset/DataRaw/country_code=vn/dataset=category_platform/category_platform.csv,vn,category_platform,,vn,100882,101636,758395205,false
Shopee,758395205,get_category,100881,100662,Face,Trang điểm mặt,True,,Dataset/DataRaw/country_code=vn/dataset=category_platform/category_platform.csv,vn,category_platform,,vn,100662,100881,758395205,true
Shopee,758395205,get_category,101635,100881,Others,Khác,False,,Dataset/DataRaw/country_code=vn/dataset=category_platform/category_platform.csv,vn,category_platform,,vn,100881,101635,758395205,false
Shopee,758395205,get_category,101634,100881,Blush,Má hồng,False,,Dataset/DataRaw/country_code=vn/dataset=category_platform/category_platform.csv,vn,category_platform,,vn,100881,101634,758395205,false
Shopee,758395205,get_category,101633,100881,Setting & Finishing Spray,Xịt giữ makeup,False,,Dataset/DataRaw/country_code=vn/dataset=category_platform/category_platform.csv,vn,category_platform,,vn,100881,101633,758395205,false
Shopee,758395205,get_category,101632,100881,"Bronzer,Contour & Highlighter",Tạo khối & bắt sáng,False,,Dataset/DataRaw/country_code=vn/dataset=category_platform/category_platform.csv,vn,category_platform,,vn,100881,101632,758395205,false
Shopee,758395205,get_category,101631,100881,Concealer & Corrector,Che khuyết điểm,False,,Dataset/DataRaw/country_code=vn/dataset=category_platform/category_platform.csv,vn,category_platform,,vn,100881,101631,758395205,false
Shopee,758395205,get_category,101630,100881,Powder,Phấn phủ,False,,Dataset/DataRaw/country_code=vn/dataset=category_platform/category_platform.csv,vn,category_platform,,vn,100881,101630,758395205,false
Shopee,758395205,get_category,101629,100881,BB & CC Cream,Kem BB & CC,False,,Dataset/DataRaw/country_code=vn/dataset=category_platform/category_platform.csv,vn,category_platform,,vn,100881,101629,758395205,false
Shopee,758395205,get_category,101628,100881,Foundation,Kem nền,False,,Dataset/DataRaw/country_code=vn/dataset=category_platform/category_platform.csv,vn,category_platform,,vn,100881,101628,758395205,false
Shopee,758395205,get_category,101627,100881,Makeup Base & Primer,Kem lót,False,,Dataset/DataRaw/country_code=vn/dataset=category_platform/category_platform.csv,vn,category_platform,,vn,100881,101627,758395205,false
Shopee,758395205,get_category,100880,100662,Others,Khác,False,,Dataset/DataRaw/country_code=vn/dataset=category_platform/category_platform.csv,vn,category_platform,,vn,100662,100880,758395205,false
Shopee,758395205,get_category,100661,100630,Perfumes & Fragrances,Nước hoa,False,,Dataset/DataRaw/country_code=vn/dataset=category_platform/category_platform.csv,vn,category_platform,,vn,100630,100661,758395205,false
Shopee,758395205,get_category,100660,100630,Men's Care,Chăm sóc nam giới,True,,Dataset/DataRaw/country_code=vn/dataset=category_platform/category_platform.csv,vn,category_platform,,vn,100630,100660,758395205,true
Shopee,758395205,get_category,100879,100660,Others,Khác,False,,Dataset/DataRaw/country_code=vn/dataset=category_platform/category_platform.csv,vn,category_platform,,vn,100660,100879,758395205,false
Shopee,758395205,get_category,100878,100660,Hair Care,Chăm sóc tóc,False,,Dataset/DataRaw/country_code=vn/dataset=category_platform/category_platform.csv,vn,category_platform,,vn,100660,100878,758395205,false
Shopee,758395205,get_category,100877,100660,Shaving & Grooming,Sản phẩm cạo râu & hớt tóc,True,,Dataset/DataRaw/country_code=vn/dataset=category_platform/category_platform.csv,vn,category_platform,,vn,100660,100877,758395205,true
Shopee,758395205,get_category,101626,100877,Others,Khác,False,,Dataset/DataRaw/country_code=vn/dataset=category_platform/category_platform.csv,vn,category_platform,,vn,100877,101626,758395205,false
Shopee,758395205,get_category,101625,100877,Shaving Accessories,Phụ kiện hỗ trợ cạo râu,False,,Dataset/DataRaw/country_code=vn/dataset=category_platform/category_platform.csv,vn,category_platform,,vn,100877,101625,758395205,false
Shopee,758395205,get_category,101624,100877,"Trimmers, Clippers & Multi-functional Groomers",Máy cạo râu đa chức năng,False,,Dataset/DataRaw/country_code=vn/dataset=category_platform/category_platform.csv,vn,category_platform,,vn,100877,101624,758395205,false
Shopee,758395205,get_category,101623,100877,Shaving Brushes,Cọ cạo râu,False,,Dataset/DataRaw/country_code=vn/dataset=category_platform/category_platform.csv,vn,category_platform,,vn,100877,101623,758395205,false
Shopee,758395205,get_category,101622,100877,Shavers,Máy cạo râu,False,,Dataset/DataRaw/country_code=vn/dataset=category_platform/category_platform.csv,vn,category_platform,,vn,100877,101622,758395205,false
Shopee,758395205,get_category,101621,100877,Razors & Blades,Dao cạo râu,False,,Dataset/DataRaw/country_code=vn/dataset=category_platform/category_platform.csv,vn,category_platform,,vn,100877,101621,758395205,false
Shopee,758395205,get_category,101620,100877,"Creams, Foams & Gels","Kem dưỡng, kem tạo bọt & gel",False,,Dataset/DataRaw/country_code=vn/dataset=category_platform/category_platform.csv,vn,category_platform,,vn,100877,101620,758395205,false
Shopee,758395205,get_category,101619,100877,Aftershave,Dưỡng da sau cạo râu,False,,Dataset/DataRaw/country_code=vn/dataset=category_platform/category_platform.csv,vn,category_platform,,vn,100877,101619,758395205,false
Shopee,758395205,get_category,100876,100660,Skincare,Chăm sóc da,True,,Dataset/DataRaw/country_code=vn/dataset=category_platform/category_platform.csv,vn,category_platform,,vn,100660,100876,758395205,true
Shopee,758395205,get_category,101618,100876,Others,Khác,False,,Dataset/DataRaw/country_code=vn/dataset=category_platform/category_platform.csv,vn,category_platform,,vn,100876,101618,758395205,false
Shopee,758395205,get_category,101617,100876,Moisturizer & Treatment,Kem dưỡng ẩm & dưỡng da,False,,Dataset/DataRaw/country_code=vn/dataset=category_platform/category_platform.csv,vn,category_platform,,vn,100876,101617,758395205,false
Shopee,758395205,get_category,101616,100876,Facial Cleanser,Sữa rửa mặt,False,,Dataset/DataRaw/country_code=vn/dataset=category_platform/category_platform.csv,vn,category_platform,,vn,100876,101616,758395205,false
Shopee,758395205,get_category,100875,100660,Bath & Body Care,Sữa tắm & chăm sóc cơ thể,False,,Dataset/DataRaw/country_code=vn/dataset=category_platform/category_platform.csv,vn,category_platform,,vn,100660,100875,758395205,false
Shopee,758395205,get_category,100659,100630,Hair Care,Chăm sóc tóc,True,,Dataset/DataRaw/country_code=vn/dataset=category_platform/category_platform.csv,vn,category_platform,,vn,100630,100659,758395205,true
Shopee,758395205,get_category,100874,100659,Others,Khác,False,,Dataset/DataRaw/country_code=vn/dataset=category_platform/category_platform.csv,vn,category_platform,,vn,100659,100874,758395205,false
Shopee,758395205,get_category,100873,100659,Hair Styling,Sản phẩm tạo kiểu tóc,False,,Dataset/DataRaw/country_code=vn/dataset=category_platform/category_platform.csv,vn,category_platform,,vn,100659,100873,758395205,false
Shopee,758395205,get_category,100872,100659,Hair and Scalp Conditioner,Dầu xả,False,,Dataset/DataRaw/country_code=vn/dataset=category_platform/category_platform.csv,vn,category_platform,,vn,100659,100872,758395205,false
Shopee,758395205,get_category,100871,100659,Hair Treatment,Sản phẩm dưỡng tóc,False,,Dataset/DataRaw/country_code=vn/dataset=category_platform/category_platform.csv,vn,category_platform,,vn,100659,100871,758395205,false
Shopee,758395205,get_category,100870,100659,Hair Colour,Thuốc nhuộm tóc,False,,Dataset/DataRaw/country_code=vn/dataset=category_platform/category_platform.csv,vn,category_platform,,vn,100659,100870,758395205,false
Shopee,758395205,get_category,100869,100659,Shampoo,Dầu gội,False,,Dataset/DataRaw/country_code=vn/dataset=category_platform/category_platform.csv,vn,category_platform,,vn,100659,100869,758395205,false
Shopee,758395205,get_category,100658,100630,"Hand, Foot & Nail Care","Chăm sóc tay, chân & móng",True,,Dataset/DataRaw/country_code=vn/dataset=category_platform/category_platform.csv,vn,category_platform,,vn,100630,100658,758395205,true
Shopee,758395205,get_category,100868,100658,Others,Khác,False,,Dataset/DataRaw/country_code=vn/dataset=category_platform/category_platform.csv,vn,category_platform,,vn,100658,100868,758395205,false
Shopee,758395205,get_category,100867,100658,Nail Care,Chăm sóc móng,True,,Dataset/DataRaw/country_code=vn/dataset=category_platform/category_platform.csv,vn,category_platform,,vn,100658,100867,758395205,true
Shopee,758395205,get_category,102178,100867,Nail Gel,Nail Gel,False,,Dataset/DataRaw/country_code=vn/dataset=category_platform/category_platform.csv,vn,category_platform,,vn,100867,102178,758395205,false
Shopee,758395205,get_category,102035,100867,Others,Khác,False,,Dataset/DataRaw/country_code=vn/dataset=category_platform/category_platform.csv,vn,category_platform,,vn,100867,102035,758395205,false
Shopee,758395205,get_category,102034,100867,Manicure Tools & Devices,Dụng cụ & thiết bị làm móng,False,,Dataset/DataRaw/country_code=vn/dataset=category_platform/category_platform.csv,vn,category_platform,,vn,100867,102034,758395205,false
Shopee,758395205,get_category,102033,100867,Nail Art & Sticker,Hình dán móng,False,,Dataset/DataRaw/country_code=vn/dataset=category_platform/category_platform.csv,vn,category_platform,,vn,100867,102033,758395205,false
Shopee,758395205,get_category,102032,100867,Artificial Nail,Móng giả,False,,Dataset/DataRaw/country_code=vn/dataset=category_platform/category_platform.csv,vn,category_platform,,vn,100867,102032,758395205,false
Shopee,758395205,get_category,102031,100867,Nail Treatment,Dưỡng móng,False,,Dataset/DataRaw/country_code=vn/dataset=category_platform/category_platform.csv,vn,category_platform,,vn,100867,102031,758395205,false
Shopee,758395205,get_category,102030,100867,Nail Polish Remover,Dụng cụ tẩy sơn móng,False,,Dataset/DataRaw/country_code=vn/dataset=category_platform/category_platform.csv,vn,category_platform,,vn,100867,102030,758395205,false
Shopee,758395205,get_category,102029,100867,Nail Polish,Sơn móng,False,,Dataset/DataRaw/country_code=vn/dataset=category_platform/category_platform.csv,vn,category_platform,,vn,100867,102029,758395205,false
Shopee,758395205,get_category,101615,100867,Base & Top Coat,Sơn nền & sơn bóng,False,,Dataset/DataRaw/country_code=vn/dataset=category_platform/category_platform.csv,vn,category_platform,,vn,100867,101615,758395205,false
Shopee,758395205,get_category,100866,100658,Foot Care,Chăm sóc chân,True,,Dataset/DataRaw/country_code=vn/dataset=category_platform/category_platform.csv,vn,category_platform,,vn,100658,100866,758395205,true
Shopee,758395205,get_category,101614,100866,Others,Khác,False,,Dataset/DataRaw/country_code=vn/dataset=category_platform/category_platform.csv,vn,category_platform,,vn,100866,101614,758395205,false
Shopee,758395205,get_category,101613,100866,"Lotion, Cream & Scrubs","Kem dưỡng, dầu dưỡng & sữa dưỡng",False,,Dataset/DataRaw/country_code=vn/dataset=category_platform/category_platform.csv,vn,category_platform,,vn,100866,101613,758395205,false
Shopee,758395205,get_category,101612,100866,Foot Masks,Mặt nạ cho chân,False,,Dataset/DataRaw/country_code=vn/dataset=category_platform/category_platform.csv,vn,category_platform,,vn,100866,101612,758395205,false
Shopee,758395205,get_category,101611,100866,Foot Deodorant,Khử mùi hôi chân,False,,Dataset/DataRaw/country_code=vn/dataset=category_platform/category_platform.csv,vn,category_platform,,vn,100866,101611,758395205,false
Shopee,758395205,get_category,100865,100658,Hand Care,Chăm sóc tay,True,,Dataset/DataRaw/country_code=vn/dataset=category_platform/category_platform.csv,vn,category_platform,,vn,100658,100865,758395205,true
Shopee,758395205,get_category,101610,100865,Others,Khác,False,,Dataset/DataRaw/country_code=vn/dataset=category_platform/category_platform.csv,vn,category_platform,,vn,100865,101610,758395205,false
Shopee,758395205,get_category,101609,100865,Hand Washes,Xà phòng rửa tay,False,,Dataset/DataRaw/country_code=vn/dataset=category_platform/category_platform.csv,vn,category_platform,,vn,100865,101609,758395205,false
Shopee,758395205,get_category,101608,100865,"Lotion, Cream & Scrubs","Kem dưỡng, dầu dưỡng & sữa dưỡng",False,,Dataset/DataRaw/country_code=vn/dataset=category_platform/category_platform.csv,vn,category_platform,,vn,100865,101608,758395205,false
Shopee,758395205,get_category,101607,100865,Hand Masks,Mặt nạ cho tay,False,,Dataset/DataRaw/country_code=vn/dataset=category_platform/category_platform.csv,vn,category_platform,,vn,100865,101607,758395205,false
Shopee,758395205,get_category,100001,0,Health,Sức Khỏe,True,,Dataset/DataRaw/country_code=vn/dataset=category_platform/category_platform.csv,vn,category_platform,,vn,0,100001,758395205,true
Shopee,758395205,get_category,100020,100001,Sexual Wellness,Hỗ trợ tình dục,True,,Dataset/DataRaw/country_code=vn/dataset=category_platform/category_platform.csv,vn,category_platform,,vn,100001,100020,758395205,true
Shopee,758395205,get_category,100144,100020,Others,Khác,False,,Dataset/DataRaw/country_code=vn/dataset=category_platform/category_platform.csv,vn,category_platform,,vn,100020,100144,758395205,false
Shopee,758395205,get_category,100143,100020,Performance Enhancement,Tăng cường sinh lý,False,,Dataset/DataRaw/country_code=vn/dataset=category_platform/category_platform.csv,vn,category_platform,,vn,100020,100143,758395205,false
Shopee,758395205,get_category,100141,100020,Lubricants,Bôi trơn,False,,Dataset/DataRaw/country_code=vn/dataset=category_platform/category_platform.csv,vn,category_platform,,vn,100020,100141,758395205,false
Shopee,758395205,get_category,100140,100020,Condoms,Bao cao su,False,,Dataset/DataRaw/country_code=vn/dataset=category_platform/category_platform.csv,vn,category_platform,,vn,100020,100140,758395205,false
Shopee,758395205,get_category,100019,100001,Personal Care,Chăm sóc cá nhân,True,,Dataset/DataRaw/country_code=vn/dataset=category_platform/category_platform.csv,vn,category_platform,,vn,100001,100019,758395205,true
Shopee,758395205,get_category,100139,100019,Others,Khác,False,,Dataset/DataRaw/country_code=vn/dataset=category_platform/category_platform.csv,vn,category_platform,,vn,100019,100139,758395205,false
Shopee,758395205,get_category,100138,100019,Insect Repellents,Chống muỗi & xua đuổi côn trùng,False,,Dataset/DataRaw/country_code=vn/dataset=category_platform/category_platform.csv,vn,category_platform,,vn,100019,100138,758395205,false
Shopee,758395205,get_category,100137,100019,Massage & Therapy Devices,Dụng cụ massage và trị liệu,False,,Dataset/DataRaw/country_code=vn/dataset=category_platform/category_platform.csv,vn,category_platform,,vn,100019,100137,758395205,false
Shopee,758395205,get_category,100136,100019,Feminine Care,Chăm sóc phụ nữ,True,,Dataset/DataRaw/country_code=vn/dataset=category_platform/category_platform.csv,vn,category_platform,,vn,100019,100136,758395205,true
Shopee,758395205,get_category,100453,100136,Others,Khác,False,,Dataset/DataRaw/country_code=vn/dataset=category_platform/category_platform.csv,vn,category_platform,,vn,100136,100453,758395205,false
Shopee,758395205,get_category,100452,100136,Vaginal Cream,Kem dưỡng vùng kín,False,,Dataset/DataRaw/country_code=vn/dataset=category_platform/category_platform.csv,vn,category_platform,,vn,100136,100452,758395205,false
Shopee,758395205,get_category,100451,100136,Feminine Wash,Dung dịch vệ sinh phụ nữ,False,,Dataset/DataRaw/country_code=vn/dataset=category_platform/category_platform.csv,vn,category_platform,,vn,100136,100451,758395205,false
Shopee,758395205,get_category,100450,100136,Menstrual Cup,Cốc nguyệt san,False,,Dataset/DataRaw/country_code=vn/dataset=category_platform/category_platform.csv,vn,category_platform,,vn,100136,100450,758395205,false
Shopee,758395205,get_category,100449,100136,Pregnancy & Fertility Tests,Que thử thai,False,,Dataset/DataRaw/country_code=vn/dataset=category_platform/category_platform.csv,vn,category_platform,,vn,100136,100449,758395205,false
Shopee,758395205,get_category,100448,100136,Tampons,Tampon,False,,Dataset/DataRaw/country_code=vn/dataset=category_platform/category_platform.csv,vn,category_platform,,vn,100136,100448,758395205,false
Shopee,758395205,get_category,100447,100136,Sanitary Napkins & Panty Liners,Băng vệ sinh có cánh & không cánh,False,,Dataset/DataRaw/country_code=vn/dataset=category_platform/category_platform.csv,vn,category_platform,,vn,100136,100447,758395205,false
Shopee,758395205,get_category,100135,100019,Adult Diapers & Incontinence,Tã người lớn,False,,Dataset/DataRaw/country_code=vn/dataset=category_platform/category_platform.csv,vn,category_platform,,vn,100019,100135,758395205,false
Shopee,758395205,get_category,100134,100019,Oral Care,Vệ sinh răng miệng,True,,Dataset/DataRaw/country_code=vn/dataset=category_platform/category_platform.csv,vn,category_platform,,vn,100019,100134,758395205,true
Shopee,758395205,get_category,100446,100134,Others,Khác,False,,Dataset/DataRaw/country_code=vn/dataset=category_platform/category_platform.csv,vn,category_platform,,vn,100134,100446,758395205,false
Shopee,758395205,get_category,100445,100134,Orthodontic Accessories,Dụng cụ hỗ trợ chỉnh nha,False,,Dataset/DataRaw/country_code=vn/dataset=category_platform/category_platform.csv,vn,category_platform,,vn,100134,100445,758395205,false
Shopee,758395205,get_category,100444,100134,Teeth Whitening,Hỗ trợ trắng răng,False,,Dataset/DataRaw/country_code=vn/dataset=category_platform/category_platform.csv,vn,category_platform,,vn,100134,100444,758395205,false
Shopee,758395205,get_category,100443,100134,Denture Care,Răng giả và phụ kiện,False,,Dataset/DataRaw/country_code=vn/dataset=category_platform/category_platform.csv,vn,category_platform,,vn,100134,100443,758395205,false
Shopee,758395205,get_category,100442,100134,Mouth Wash,Nước súc miệng,False,,Dataset/DataRaw/country_code=vn/dataset=category_platform/category_platform.csv,vn,category_platform,,vn,100134,100442,758395205,false
Shopee,758395205,get_category,100441,100134,Dental Floss,Chỉ nha khoa,False,,Dataset/DataRaw/country_code=vn/dataset=category_platform/category_platform.csv,vn,category_platform,,vn,100134,100441,758395205,false
Shopee,758395205,get_category,100440,100134,Toothpastes,Kem đánh răng,False,,Dataset/DataRaw/country_code=vn/dataset=category_platform/category_platform.csv,vn,category_platform,,vn,100134,100440,758395205,false
Shopee,758395205,get_category,100439,100134,Electric Toothbrushes & Accessories,Bàn chải điện & phụ kiện,False,,Dataset/DataRaw/country_code=vn/dataset=category_platform/category_platform.csv,vn,category_platform,,vn,100134,100439,758395205,false
Shopee,758395205,get_category,100438,100134,Manual Toothbrushes,Bàn chải đánh răng,False,,Dataset/DataRaw/country_code=vn/dataset=category_platform/category_platform.csv,vn,category_platform,,vn,100134,100438,758395205,false
Shopee,758395205,get_category,100133,100019,Ear Care,Chăm sóc tai,False,,Dataset/DataRaw/country_code=vn/dataset=category_platform/category_platform.csv,vn,category_platform,,vn,100019,100133,758395205,false
Shopee,758395205,get_category,100132,100019,Eye Care,Chăm sóc mắt,True,,Dataset/DataRaw/country_code=vn/dataset=category_platform/category_platform.csv,vn,category_platform,,vn,100019,100132,758395205,true
Shopee,758395205,get_category,100437,100132,Others,Khác,False,,Dataset/DataRaw/country_code=vn/dataset=category_platform/category_platform.csv,vn,category_platform,,vn,100132,100437,758395205,false
Shopee,758395205,get_category,100436,100132,Lens Solutions & Eyedrops,Thuốc nhỏ mắt và ngâm áp tròng,False,,Dataset/DataRaw/country_code=vn/dataset=category_platform/category_platform.csv,vn,category_platform,,vn,100132,100436,758395205,false
Shopee,758395205,get_category,100435,100132,Contact lens,Kính áp tròng,False,,Dataset/DataRaw/country_code=vn/dataset=category_platform/category_platform.csv,vn,category_platform,,vn,100132,100435,758395205,false
Shopee,758395205,get_category,100131,100019,Hand Sanitizers,Dung dịch sát khuẩn tay,False,,Dataset/DataRaw/country_code=vn/dataset=category_platform/category_platform.csv,vn,category_platform,,vn,100019,100131,758395205,false
Shopee,758395205,get_category,100018,100001,Medical Supplies,Vật tư y tế,True,,Dataset/DataRaw/country_code=vn/dataset=category_platform/category_platform.csv,vn,category_platform,,vn,100001,100018,758395205,true
Shopee,758395205,get_category,100130,100018,Others,Khác,False,,Dataset/DataRaw/country_code=vn/dataset=category_platform/category_platform.csv,vn,category_platform,,vn,100018,100130,758395205,false
Shopee,758395205,get_category,100129,100018,Injury & Disability Support,Hỗ trợ chấn thương và khuyết tật,True,,Dataset/DataRaw/country_code=vn/dataset=category_platform/category_platform.csv,vn,category_platform,,vn,100018,100129,758395205,true
Shopee,758395205,get_category,100434,100129,Others,Khác,False,,Dataset/DataRaw/country_code=vn/dataset=category_platform/category_platform.csv,vn,category_platform,,vn,100129,100434,758395205,false
Shopee,758395205,get_category,100433,100129,Hearing Aids,Trợ thính,False,,Dataset/DataRaw/country_code=vn/dataset=category_platform/category_platform.csv,vn,category_platform,,vn,100129,100433,758395205,false
Shopee,758395205,get_category,100432,100129,Braces & Supports,Dụng cụ nẹp và hỗ trợ khớp,False,,Dataset/DataRaw/country_code=vn/dataset=category_platform/category_platform.csv,vn,category_platform,,vn,100129,100432,758395205,false
Shopee,758395205,get_category,100431,100129,Wheelchairs,Xe lăn,False,,Dataset/DataRaw/country_code=vn/dataset=category_platform/category_platform.csv,vn,category_platform,,vn,100129,100431,758395205,false
Shopee,758395205,get_category,100430,100129,Walking Aids,Nạng chống,False,,Dataset/DataRaw/country_code=vn/dataset=category_platform/category_platform.csv,vn,category_platform,,vn,100129,100430,758395205,false
Shopee,758395205,get_category,100128,100018,Medical Gloves & Masks,Bao tay và khẩu trang y tế,False,,Dataset/DataRaw/country_code=vn/dataset=category_platform/category_platform.csv,vn,category_platform,,vn,100018,100128,758395205,false
Shopee,758395205,get_category,100127,100018,Laboratory Tools,Dụng cụ thí nghiệm,False,,Dataset/DataRaw/country_code=vn/dataset=category_platform/category_platform.csv,vn,category_platform,,vn,100018,100127,758395205,false
Shopee,758395205,get_category,100126,100018,Pain Relievers,Sản phẩm giảm đau dùng ngoài da,False,,Dataset/DataRaw/country_code=vn/dataset=category_platform/category_platform.csv,vn,category_platform,,vn,100018,100126,758395205,false
Shopee,758395205,get_category,100125,100018,Stethoscopes,Ống nghe y tế,False,,Dataset/DataRaw/country_code=vn/dataset=category_platform/category_platform.csv,vn,category_platform,,vn,100018,100125,758395205,false
Shopee,758395205,get_category,100124,100018,First Aid Supplies,Dụng cụ sơ cứu,True,,Dataset/DataRaw/country_code=vn/dataset=category_platform/category_platform.csv,vn,category_platform,,vn,100018,100124,758395205,true
Shopee,758395205,get_category,100429,100124,Others,Khác,False,,Dataset/DataRaw/country_code=vn/dataset=category_platform/category_platform.csv,vn,category_platform,,vn,100124,100429,758395205,false
Shopee,758395205,get_category,100428,100124,Medical Antiseptics & Disinfectants,Thuốc sát trùng & khử trùng y tế,False,,Dataset/DataRaw/country_code=vn/dataset=category_platform/category_platform.csv,vn,category_platform,,vn,100124,100428,758395205,false
Shopee,758395205,get_category,100427,100124,Ointments & Creams,Kem và thuốc mỡ,False,,Dataset/DataRaw/country_code=vn/dataset=category_platform/category_platform.csv,vn,category_platform,,vn,100124,100427,758395205,false
Shopee,758395205,get_category,100426,100124,First Aid Accessories,Phụ kiện sơ cấp cứu,False,,Dataset/DataRaw/country_code=vn/dataset=category_platform/category_platform.csv,vn,category_platform,,vn,100124,100426,758395205,false
Shopee,758395205,get_category,100425,100124,Plasters & Bandages,Băng gạc y tế,False,,Dataset/DataRaw/country_code=vn/dataset=category_platform/category_platform.csv,vn,category_platform,,vn,100124,100425,758395205,false
Shopee,758395205,get_category,100123,100018,Nasal Care,Chăm sóc mũi,False,,Dataset/DataRaw/country_code=vn/dataset=category_platform/category_platform.csv,vn,category_platform,,vn,100018,100123,758395205,false
Shopee,758395205,get_category,100122,100018,Scale & Body Fat Analyzers,Cân sức khỏe và phân tích cơ thể,False,,Dataset/DataRaw/country_code=vn/dataset=category_platform/category_platform.csv,vn,category_platform,,vn,100018,100122,758395205,false
Shopee,758395205,get_category,100121,100018,Health Monitors & Tests,Kiểm tra và theo dõi sức khỏe,True,,Dataset/DataRaw/country_code=vn/dataset=category_platform/category_platform.csv,vn,category_platform,,vn,100018,100121,758395205,true
Shopee,758395205,get_category,100424,100121,Others,Khác,False,,Dataset/DataRaw/country_code=vn/dataset=category_platform/category_platform.csv,vn,category_platform,,vn,100121,100424,758395205,false
Shopee,758395205,get_category,100423,100121,Thermometers,Nhiệt kế,False,,Dataset/DataRaw/country_code=vn/dataset=category_platform/category_platform.csv,vn,category_platform,,vn,100121,100423,758395205,false
Shopee,758395205,get_category,100422,100121,Pulse Oximeters,Máy đo nồng độ oxy trong máu,False,,Dataset/DataRaw/country_code=vn/dataset=category_platform/category_platform.csv,vn,category_platform,,vn,100121,100422,758395205,false
Shopee,758395205,get_category,100421,100121,Blood Glucose Monitors,Máy đo lượng đường trong máu,False,,Dataset/DataRaw/country_code=vn/dataset=category_platform/category_platform.csv,vn,category_platform,,vn,100121,100421,758395205,false
Shopee,758395205,get_category,100420,100121,Blood Pressure Monitors,Máy đo huyết áp,False,,Dataset/DataRaw/country_code=vn/dataset=category_platform/category_platform.csv,vn,category_platform,,vn,100121,100420,758395205,false
Shopee,758395205,get_category,100008,100001,Others,Khác,False,,Dataset/DataRaw/country_code=vn/dataset=category_platform/category_platform.csv,vn,category_platform,,vn,100001,100008,758395205,false
Shopee,758395205,get_category,100002,100001,Food Supplement,Thực phẩm chức năng,True,,Dataset/DataRaw/country_code=vn/dataset=category_platform/category_platform.csv,vn,category_platform,,vn,100001,100002,758395205,true
Shopee,758395205,get_category,100007,100002,Others,Khác,False,,Dataset/DataRaw/country_code=vn/dataset=category_platform/category_platform.csv,vn,category_platform,,vn,100002,100007,758395205,false
Shopee,758395205,get_category,100006,100002,Well Being,Hỗ trợ sức khỏe,False,,Dataset/DataRaw/country_code=vn/dataset=category_platform/category_platform.csv,vn,category_platform,,vn,100002,100006,758395205,false
Shopee,758395205,get_category,100005,100002,Fitness,Hỗ trợ tăng cơ,False,,Dataset/DataRaw/country_code=vn/dataset=category_platform/category_platform.csv,vn,category_platform,,vn,100002,100005,758395205,false
Shopee,758395205,get_category,100004,100002,Beauty Supplements,Hỗ trợ làm đẹp,False,,Dataset/DataRaw/country_code=vn/dataset=category_platform/category_platform.csv,vn,category_platform,,vn,100002,100004,758395205,false
Shopee,758395205,get_category,100003,100002,Weight Management,Hỗ trợ kiểm soát cân nặng,False,,Dataset/DataRaw/country_code=vn/dataset=category_platform/category_platform.csv,vn,category_platform,,vn,100002,100003,758395205,false
Shopee,758395205,get_category,100009,0,Fashion Accessories,Phụ Kiện Thời Trang,True,,Dataset/DataRaw/country_code=vn/dataset=category_platform/category_platform.csv,vn,category_platform,,vn,0,100009,758395205,true
Shopee,758395205,get_category,100036,100009,Others,Khác,False,,Dataset/DataRaw/country_code=vn/dataset=category_platform/category_platform.csv,vn,category_platform,,vn,100009,100036,758395205,false
Shopee,758395205,get_category,100035,100009,Accessories Sets & Packages,Bộ phụ kiện,False,,Dataset/DataRaw/country_code=vn/dataset=category_platform/category_platform.csv,vn,category_platform,,vn,100009,100035,758395205,false
Shopee,758395205,get_category,100034,100009,Additional Accessories,Phụ kiện thêm,True,,Dataset/DataRaw/country_code=vn/dataset=category_platform/category_platform.csv,vn,category_platform,,vn,100009,100034,758395205,true
Shopee,758395205,get_category,100167,100034,Others,Khác,False,,Dataset/DataRaw/country_code=vn/dataset=category_platform/category_platform.csv,vn,category_platform,,vn,100034,100167,758395205,false
Shopee,758395205,get_category,100166,100034,Handkerchiefs,Khăn tay,False,,Dataset/DataRaw/country_code=vn/dataset=category_platform/category_platform.csv,vn,category_platform,,vn,100034,100166,758395205,false
Shopee,758395205,get_category,100165,100034,Masks,Khẩu trang thời trang,False,,Dataset/DataRaw/country_code=vn/dataset=category_platform/category_platform.csv,vn,category_platform,,vn,100034,100165,758395205,false
Shopee,758395205,get_category,100164,100034,Tattoos,Hình xăm dán,False,,Dataset/DataRaw/country_code=vn/dataset=category_platform/category_platform.csv,vn,category_platform,,vn,100034,100164,758395205,false
Shopee,758395205,get_category,100163,100034,Cufflinks,Măng sét nam,False,,Dataset/DataRaw/country_code=vn/dataset=category_platform/category_platform.csv,vn,category_platform,,vn,100034,100163,758395205,false
Shopee,758395205,get_category,100162,100034,"Charms, Pendants & Ornaments",Mặt dây chuyền và Charm,False,,Dataset/DataRaw/country_code=vn/dataset=category_platform/category_platform.csv,vn,category_platform,,vn,100034,100162,758395205,false
Shopee,758395205,get_category,100161,100034,Patches,Miếng vá áo,False,,Dataset/DataRaw/country_code=vn/dataset=category_platform/category_platform.csv,vn,category_platform,,vn,100034,100161,758395205,false
Shopee,758395205,get_category,100160,100034,Brooches & Pins,Trâm & Ghim cài áo,False,,Dataset/DataRaw/country_code=vn/dataset=category_platform/category_platform.csv,vn,category_platform,,vn,100034,100160,758395205,false
Shopee,758395205,get_category,100033,100009,"Neckties, Bow Ties & Cravats",Cà vạt & Nơ cổ,False,,Dataset/DataRaw/country_code=vn/dataset=category_platform/category_platform.csv,vn,category_platform,,vn,100009,100033,758395205,false
Shopee,758395205,get_category,100032,100009,Belts,Thắt lưng,False,,Dataset/DataRaw/country_code=vn/dataset=category_platform/category_platform.csv,vn,category_platform,,vn,100009,100032,758395205,false
Shopee,758395205,get_category,100031,100009,Investment Precious Metals,Kim loại quý,True,,Dataset/DataRaw/country_code=vn/dataset=category_platform/category_platform.csv,vn,category_platform,,vn,100009,100031,758395205,true
Shopee,758395205,get_category,100156,100031,Silver,Bạc,False,,Dataset/DataRaw/country_code=vn/dataset=category_platform/category_platform.csv,vn,category_platform,,vn,100031,100156,758395205,false
Shopee,758395205,get_category,100030,100009,Eyewear,Kính mắt,True,,Dataset/DataRaw/country_code=vn/dataset=category_platform/category_platform.csv,vn,category_platform,,vn,100009,100030,758395205,true
Shopee,758395205,get_category,100154,100030,Others,Khác,False,,Dataset/DataRaw/country_code=vn/dataset=category_platform/category_platform.csv,vn,category_platform,,vn,100030,100154,758395205,false
Shopee,758395205,get_category,100153,100030,Eyewear Cases & Accessories,Hộp kính và phụ kiện,False,,Dataset/DataRaw/country_code=vn/dataset=category_platform/category_platform.csv,vn,category_platform,,vn,100030,100153,758395205,false
Shopee,758395205,get_category,100152,100030,Frames & Glasses,Gọng kính,False,,Dataset/DataRaw/country_code=vn/dataset=category_platform/category_platform.csv,vn,category_platform,,vn,100030,100152,758395205,false
Shopee,758395205,get_category,100151,100030,Sunglasses,Kính mát,False,,Dataset/DataRaw/country_code=vn/dataset=category_platform/category_platform.csv,vn,category_platform,,vn,100030,100151,758395205,false
Shopee,758395205,get_category,100029,100009,Necklaces,Dây chuyền,False,,Dataset/DataRaw/country_code=vn/dataset=category_platform/category_platform.csv,vn,category_platform,,vn,100009,100029,758395205,false
Shopee,758395205,get_category,100028,100009,Hats & Caps,Mũ,False,,Dataset/DataRaw/country_code=vn/dataset=category_platform/category_platform.csv,vn,category_platform,,vn,100009,100028,758395205,false
Shopee,758395205,get_category,100027,100009,Anklets,Lắc chân,False,,Dataset/DataRaw/country_code=vn/dataset=category_platform/category_platform.csv,vn,category_platform,,vn,100009,100027,758395205,false
Shopee,758395205,get_category,100026,100009,Bracelets & Bangles,Vòng tay & Lắc tay,False,,Dataset/DataRaw/country_code=vn/dataset=category_platform/category_platform.csv,vn,category_platform,,vn,100009,100026,758395205,false
Shopee,758395205,get_category,100025,100009,Hair Accessories,Phụ kiện tóc,True,,Dataset/DataRaw/country_code=vn/dataset=category_platform/category_platform.csv,vn,category_platform,,vn,100009,100025,758395205,true
Shopee,758395205,get_category,100150,100025,Others,Khác,False,,Dataset/DataRaw/country_code=vn/dataset=category_platform/category_platform.csv,vn,category_platform,,vn,100025,100150,758395205,false
Shopee,758395205,get_category,100149,100025,"Headpieces, Tiaras & Flower Crowns","Cài tóc, vương miện cài tóc",False,,Dataset/DataRaw/country_code=vn/dataset=category_platform/category_platform.csv,vn,category_platform,,vn,100025,100149,758395205,false
Shopee,758395205,get_category,100148,100025,Wigs & Extensions,Tóc giả & Tóc nối,False,,Dataset/DataRaw/country_code=vn/dataset=category_platform/category_platform.csv,vn,category_platform,,vn,100025,100148,758395205,false
Shopee,758395205,get_category,100147,100025,Hair Clips & Hair Pins,Kẹp tóc,False,,Dataset/DataRaw/country_code=vn/dataset=category_platform/category_platform.csv,vn,category_platform,,vn,100025,100147,758395205,false
Shopee,758395205,get_category,100146,100025,"Hair Ties, Ribbons & Scrunchies",Đồ buộc tóc & Nơ,False,,Dataset/DataRaw/country_code=vn/dataset=category_platform/category_platform.csv,vn,category_platform,,vn,100025,100146,758395205,false
Shopee,758395205,get_category,100145,100025,Headbands,Băng đô tóc,False,,Dataset/DataRaw/country_code=vn/dataset=category_platform/category_platform.csv,vn,category_platform,,vn,100025,100145,758395205,false
Shopee,758395205,get_category,100024,100009,Gloves,Găng tay,False,,Dataset/DataRaw/country_code=vn/dataset=category_platform/category_platform.csv,vn,category_platform,,vn,100009,100024,758395205,false
Shopee,758395205,get_category,100023,100009,Scarves & Shawls,Khăn choàng,False,,Dataset/DataRaw/country_code=vn/dataset=category_platform/category_platform.csv,vn,category_platform,,vn,100009,100023,758395205,false
Shopee,758395205,get_category,100022,100009,Earrings,Bông tai,False,,Dataset/DataRaw/country_code=vn/dataset=category_platform/category_platform.csv,vn,category_platform,,vn,100009,100022,758395205,false
Shopee,758395205,get_category,100021,100009,Rings,Nhẫn,False,,Dataset/DataRaw/country_code=vn/dataset=category_platform/category_platform.csv,vn,category_platform,,vn,100009,100021,758395205,false
Shopee,758395205,get_category,100010,0,Home Appliances,Thiết Bị Điện Gia Dụng,True,,Dataset/DataRaw/country_code=vn/dataset=category_platform/category_platform.csv,vn,category_platform,,vn,0,100010,758395205,true
Shopee,758395205,get_category,100046,100010,Others,Khác,False,,Dataset/DataRaw/country_code=vn/dataset=category_platform/category_platform.csv,vn,category_platform,,vn,100010,100046,758395205,false
Shopee,758395205,get_category,100045,100010,Remote Controls,Thiết bị điều khiển từ xa,False,,Dataset/DataRaw/country_code=vn/dataset=category_platform/category_platform.csv,vn,category_platform,,vn,100010,100045,758395205,false
Shopee,758395205,get_category,100043,100010,Batteries,Pin,False,,Dataset/DataRaw/country_code=vn/dataset=category_platform/category_platform.csv,vn,category_platform,,vn,100010,100043,758395205,false
Shopee,758395205,get_category,100042,100010,Electrical Circuitry & Parts,Mạch điện & Phụ tùng,True,,Dataset/DataRaw/country_code=vn/dataset=category_platform/category_platform.csv,vn,category_platform,,vn,100010,100042,758395205,true
Shopee,758395205,get_category,100220,100042,Others,Khác,False,,Dataset/DataRaw/country_code=vn/dataset=category_platform/category_platform.csv,vn,category_platform,,vn,100042,100220,758395205,false
Shopee,758395205,get_category,100219,100042,Lightning Protection,Thiết bị chống sấm sét,False,,Dataset/DataRaw/country_code=vn/dataset=category_platform/category_platform.csv,vn,category_platform,,vn,100042,100219,758395205,false
Shopee,758395205,get_category,100218,100042,House Alarms,Thiết bị báo động nhà ở,False,,Dataset/DataRaw/country_code=vn/dataset=category_platform/category_platform.csv,vn,category_platform,,vn,100042,100218,758395205,false
Shopee,758395205,get_category,100217,100042,Switches,Công tắc,False,,Dataset/DataRaw/country_code=vn/dataset=category_platform/category_platform.csv,vn,category_platform,,vn,100042,100217,758395205,false
Shopee,758395205,get_category,100216,100042,Doorbells,Chuông cửa,False,,Dataset/DataRaw/country_code=vn/dataset=category_platform/category_platform.csv,vn,category_platform,,vn,100042,100216,758395205,false
Shopee,758395205,get_category,100214,100042,Electrical Safety,Thiết bị an toàn điện tử,False,,Dataset/DataRaw/country_code=vn/dataset=category_platform/category_platform.csv,vn,category_platform,,vn,100042,100214,758395205,false
Shopee,758395205,get_category,100213,100042,Electric Sockets & Extension Cords,Ổ cắm điện & Dây nối,False,,Dataset/DataRaw/country_code=vn/dataset=category_platform/category_platform.csv,vn,category_platform,,vn,100042,100213,758395205,false
Shopee,758395205,get_category,100041,100010,Kitchen Appliances,Đồ gia dụng nhà bếp,True,,Dataset/DataRaw/country_code=vn/dataset=category_platform/category_platform.csv,vn,category_platform,,vn,100010,100041,758395205,true
Shopee,758395205,get_category,100212,100041,Others,Khác,False,,Dataset/DataRaw/country_code=vn/dataset=category_platform/category_platform.csv,vn,category_platform,,vn,100041,100212,758395205,false
Shopee,758395205,get_category,100211,100041,Hoods,Máy hút khói,False,,Dataset/DataRaw/country_code=vn/dataset=category_platform/category_platform.csv,vn,category_platform,,vn,100041,100211,758395205,false
Shopee,758395205,get_category,100210,100041,Freezers,Tủ đông,False,,Dataset/DataRaw/country_code=vn/dataset=category_platform/category_platform.csv,vn,category_platform,,vn,100041,100210,758395205,false
Shopee,758395205,get_category,100209,100041,Refrigerators,Tủ lạnh,False,,Dataset/DataRaw/country_code=vn/dataset=category_platform/category_platform.csv,vn,category_platform,,vn,100041,100209,758395205,false
Shopee,758395205,get_category,100208,100041,Specialty Cookware,Dụng cụ nấu đặc biệt,True,,Dataset/DataRaw/country_code=vn/dataset=category_platform/category_platform.csv,vn,category_platform,,vn,100041,100208,758395205,true
Shopee,758395205,get_category,100474,100208,Others,Khác,False,,Dataset/DataRaw/country_code=vn/dataset=category_platform/category_platform.csv,vn,category_platform,,vn,100208,100474,758395205,false
Shopee,758395205,get_category,100473,100208,Soda Makers,Máy làm soda,False,,Dataset/DataRaw/country_code=vn/dataset=category_platform/category_platform.csv,vn,category_platform,,vn,100208,100473,758395205,false
Shopee,758395205,get_category,100472,100208,Dessert Machine,Máy làm món tráng miệng,False,,Dataset/DataRaw/country_code=vn/dataset=category_platform/category_platform.csv,vn,category_platform,,vn,100208,100472,758395205,false
Shopee,758395205,get_category,100471,100208,Takoyaki Makers,Máy làm bánh Takoyaki,False,,Dataset/DataRaw/country_code=vn/dataset=category_platform/category_platform.csv,vn,category_platform,,vn,100208,100471,758395205,false
Shopee,758395205,get_category,100470,100208,Bread Makers,Máy làm bánh mì,False,,Dataset/DataRaw/country_code=vn/dataset=category_platform/category_platform.csv,vn,category_platform,,vn,100208,100470,758395205,false
Shopee,758395205,get_category,100469,100208,Egg Boilers,Máy luộc trứng,False,,Dataset/DataRaw/country_code=vn/dataset=category_platform/category_platform.csv,vn,category_platform,,vn,100208,100469,758395205,false
Shopee,758395205,get_category,100468,100208,Waffle & Crepe Makers,Máy làm bánh Waffle & Crepe,False,,Dataset/DataRaw/country_code=vn/dataset=category_platform/category_platform.csv,vn,category_platform,,vn,100208,100468,758395205,false
Shopee,758395205,get_category,100207,100041,Rice Cookers,Nồi cơm điện,False,,Dataset/DataRaw/country_code=vn/dataset=category_platform/category_platform.csv,vn,category_platform,,vn,100041,100207,758395205,false
Shopee,758395205,get_category,100206,100041,Slow Cookers & Sous Vide Machines,Nồi nấu chậm & Dụng cụ nấu chân không,False,,Dataset/DataRaw/country_code=vn/dataset=category_platform/category_platform.csv,vn,category_platform,,vn,100041,100206,758395205,false
Shopee,758395205,get_category,100205,100041,Pressure Cookers,Nồi áp suất,False,,Dataset/DataRaw/country_code=vn/dataset=category_platform/category_platform.csv,vn,category_platform,,vn,100041,100205,758395205,false
Shopee,758395205,get_category,100204,100041,Multi-function Cookers,Nồi nấu đa năng,False,,Dataset/DataRaw/country_code=vn/dataset=category_platform/category_platform.csv,vn,category_platform,,vn,100041,100204,758395205,false
Shopee,758395205,get_category,100203,100041,Food Processors & Meat Grinders,Máy chế biến thực phẩm & Xay thịt,False,,Dataset/DataRaw/country_code=vn/dataset=category_platform/category_platform.csv,vn,category_platform,,vn,100041,100203,758395205,false
Shopee,758395205,get_category,100202,100041,Toasters,Máy nướng bánh,False,,Dataset/DataRaw/country_code=vn/dataset=category_platform/category_platform.csv,vn,category_platform,,vn,100041,100202,758395205,false
Shopee,758395205,get_category,100201,100041,Ovens,Lò nướng,False,,Dataset/DataRaw/country_code=vn/dataset=category_platform/category_platform.csv,vn,category_platform,,vn,100041,100201,758395205,false
Shopee,758395205,get_category,100200,100041,Microwaves,Lò vi sóng,False,,Dataset/DataRaw/country_code=vn/dataset=category_platform/category_platform.csv,vn,category_platform,,vn,100041,100200,758395205,false
Shopee,758395205,get_category,100199,100041,Deep Fryers,Nồi chiên ngập dầu,False,,Dataset/DataRaw/country_code=vn/dataset=category_platform/category_platform.csv,vn,category_platform,,vn,100041,100199,758395205,false
Shopee,758395205,get_category,100198,100041,Air Fryers,Nồi chiên không dầu,False,,Dataset/DataRaw/country_code=vn/dataset=category_platform/category_platform.csv,vn,category_platform,,vn,100041,100198,758395205,false
Shopee,758395205,get_category,100197,100041,"Stoves, Hobs & Gas Regulators","Lò sưởi, Bếp từ & Bộ điều chỉnh gas",False,,Dataset/DataRaw/country_code=vn/dataset=category_platform/category_platform.csv,vn,category_platform,,vn,100041,100197,758395205,false
Shopee,758395205,get_category,100196,100041,Dishwashers,Máy rửa bát đĩa,False,,Dataset/DataRaw/country_code=vn/dataset=category_platform/category_platform.csv,vn,category_platform,,vn,100041,100196,758395205,false
Shopee,758395205,get_category,100195,100041,Mixers,Máy trộn thực phẩm,False,,Dataset/DataRaw/country_code=vn/dataset=category_platform/category_platform.csv,vn,category_platform,,vn,100041,100195,758395205,false
Shopee,758395205,get_category,100194,100041,Coffee Machines & Accessories,Máy pha cà phê & Phụ kiện,False,,Dataset/DataRaw/country_code=vn/dataset=category_platform/category_platform.csv,vn,category_platform,,vn,100041,100194,758395205,false
Shopee,758395205,get_category,100193,100041,"Juicers, Blenders & Soya Bean Machines","Máy ép, Xay sinh tố & Máy làm sữa đậu nành",False,,Dataset/DataRaw/country_code=vn/dataset=category_platform/category_platform.csv,vn,category_platform,,vn,100041,100193,758395205,false
Shopee,758395205,get_category,100192,100041,Wine Fridges,Tủ ủ rượu,False,,Dataset/DataRaw/country_code=vn/dataset=category_platform/category_platform.csv,vn,category_platform,,vn,100041,100192,758395205,false
Shopee,758395205,get_category,100191,100041,Kettles,Ấm đun siêu tốc,False,,Dataset/DataRaw/country_code=vn/dataset=category_platform/category_platform.csv,vn,category_platform,,vn,100041,100191,758395205,false
Shopee,758395205,get_category,100190,100041,"Water Filters, Coolers & Dispensers",Máy lọc nước,False,,Dataset/DataRaw/country_code=vn/dataset=category_platform/category_platform.csv,vn,category_platform,,vn,100041,100190,758395205,false
Shopee,758395205,get_category,100040,100010,TVs & Accessories,Tivi & Phụ kiện,True,,Dataset/DataRaw/country_code=vn/dataset=category_platform/category_platform.csv,vn,category_platform,,vn,100010,100040,758395205,true
Shopee,758395205,get_category,100189,100040,Others,Khác,False,,Dataset/DataRaw/country_code=vn/dataset=category_platform/category_platform.csv,vn,category_platform,,vn,100040,100189,758395205,false
Shopee,758395205,get_category,100188,100040,TV Brackets,Giá treo tivi,False,,Dataset/DataRaw/country_code=vn/dataset=category_platform/category_platform.csv,vn,category_platform,,vn,100040,100188,758395205,false
Shopee,758395205,get_category,100187,100040,TV Boxes & Receivers,Tivi box & Đầu thu kỹ thuật số,False,,Dataset/DataRaw/country_code=vn/dataset=category_platform/category_platform.csv,vn,category_platform,,vn,100040,100187,758395205,false
Shopee,758395205,get_category,100186,100040,TV Antennas,Ăng ten Tivi,False,,Dataset/DataRaw/country_code=vn/dataset=category_platform/category_platform.csv,vn,category_platform,,vn,100040,100186,758395205,false
Shopee,758395205,get_category,100185,100040,TVs,Tivi,False,,Dataset/DataRaw/country_code=vn/dataset=category_platform/category_platform.csv,vn,category_platform,,vn,100040,100185,758395205,false
Shopee,758395205,get_category,100039,100010,Large Household Appliances,Thiết bị điện gia dụng lớn,True,,Dataset/DataRaw/country_code=vn/dataset=category_platform/category_platform.csv,vn,category_platform,,vn,100010,100039,758395205,true
Shopee,758395205,get_category,100184,100039,Others,Khác,False,,Dataset/DataRaw/country_code=vn/dataset=category_platform/category_platform.csv,vn,category_platform,,vn,100039,100184,758395205,false
Shopee,758395205,get_category,100183,100039,Heaters,Máy sưởi,False,,Dataset/DataRaw/country_code=vn/dataset=category_platform/category_platform.csv,vn,category_platform,,vn,100039,100183,758395205,false
Shopee,758395205,get_category,100182,100039,Futon & Shoe Dryers,Thiết bị sấy khô nệm & Giày,False,,Dataset/DataRaw/country_code=vn/dataset=category_platform/category_platform.csv,vn,category_platform,,vn,100039,100182,758395205,false
Shopee,758395205,get_category,100181,100039,Cooling,Thiết bị làm mát,True,,Dataset/DataRaw/country_code=vn/dataset=category_platform/category_platform.csv,vn,category_platform,,vn,100039,100181,758395205,true
Shopee,758395205,get_category,100467,100181,Others,Khác,False,,Dataset/DataRaw/country_code=vn/dataset=category_platform/category_platform.csv,vn,category_platform,,vn,100181,100467,758395205,false
Shopee,758395205,get_category,100466,100181,Fans,Quạt,False,,Dataset/DataRaw/country_code=vn/dataset=category_platform/category_platform.csv,vn,category_platform,,vn,100181,100466,758395205,false
Shopee,758395205,get_category,100465,100181,Air Coolers & Portable Aircons,Máy làm mát không khí & Điều hoà cầm tay,False,,Dataset/DataRaw/country_code=vn/dataset=category_platform/category_platform.csv,vn,category_platform,,vn,100181,100465,758395205,false
Shopee,758395205,get_category,100464,100181,Air-Conditioners,Điều hòa,False,,Dataset/DataRaw/country_code=vn/dataset=category_platform/category_platform.csv,vn,category_platform,,vn,100181,100464,758395205,false
Shopee,758395205,get_category,100180,100039,Water Heaters,Máy nước nóng,False,,Dataset/DataRaw/country_code=vn/dataset=category_platform/category_platform.csv,vn,category_platform,,vn,100039,100180,758395205,false
Shopee,758395205,get_category,100179,100039,Washing Machines & Dryers,Máy giặt & Máy sấy,True,,Dataset/DataRaw/country_code=vn/dataset=category_platform/category_platform.csv,vn,category_platform,,vn,100039,100179,758395205,true
Shopee,758395205,get_category,100463,100179,Others,Khác,False,,Dataset/DataRaw/country_code=vn/dataset=category_platform/category_platform.csv,vn,category_platform,,vn,100179,100463,758395205,false
Shopee,758395205,get_category,100462,100179,Laundry Dryers,Máy sấy quần áo,False,,Dataset/DataRaw/country_code=vn/dataset=category_platform/category_platform.csv,vn,category_platform,,vn,100179,100462,758395205,false
Shopee,758395205,get_category,100461,100179,Washing Machines,Máy giặt,False,,Dataset/DataRaw/country_code=vn/dataset=category_platform/category_platform.csv,vn,category_platform,,vn,100179,100461,758395205,false
Shopee,758395205,get_category,100038,100010,Small Household Appliances,Thiết bị điện gia dụng nhỏ,True,,Dataset/DataRaw/country_code=vn/dataset=category_platform/category_platform.csv,vn,category_platform,,vn,100010,100038,758395205,true
Shopee,758395205,get_category,100178,100038,Others,Khác,False,,Dataset/DataRaw/country_code=vn/dataset=category_platform/category_platform.csv,vn,category_platform,,vn,100038,100178,758395205,false
Shopee,758395205,get_category,100177,100038,Vacuum Cleaners & Floor Care Appliances,Máy hút bụi & Thiết bị làm sạch sàn,False,,Dataset/DataRaw/country_code=vn/dataset=category_platform/category_platform.csv,vn,category_platform,,vn,100038,100177,758395205,false
Shopee,758395205,get_category,100176,100038,Air Treatment,Thiết bị xử lý không khí,True,,Dataset/DataRaw/country_code=vn/dataset=category_platform/category_platform.csv,vn,category_platform,,vn,100038,100176,758395205,true
Shopee,758395205,get_category,100460,100176,Others,Khác,False,,Dataset/DataRaw/country_code=vn/dataset=category_platform/category_platform.csv,vn,category_platform,,vn,100176,100460,758395205,false
Shopee,758395205,get_category,100459,100176,Dehumidifiers,Máy hút ẩm,False,,Dataset/DataRaw/country_code=vn/dataset=category_platform/category_platform.csv,vn,category_platform,,vn,100176,100459,758395205,false
Shopee,758395205,get_category,100458,100176,Purifiers,Máy lọc không khí,False,,Dataset/DataRaw/country_code=vn/dataset=category_platform/category_platform.csv,vn,category_platform,,vn,100176,100458,758395205,false
Shopee,758395205,get_category,100175,100038,Irons & Steamers,Bàn là khô & Hơi nước,False,,Dataset/DataRaw/country_code=vn/dataset=category_platform/category_platform.csv,vn,category_platform,,vn,100038,100175,758395205,false
Shopee,758395205,get_category,100174,100038,Telephones,Điện thoại,True,,Dataset/DataRaw/country_code=vn/dataset=category_platform/category_platform.csv,vn,category_platform,,vn,100038,100174,758395205,true
Shopee,758395205,get_category,100457,100174,Others,Khác,False,,Dataset/DataRaw/country_code=vn/dataset=category_platform/category_platform.csv,vn,category_platform,,vn,100174,100457,758395205,false
Shopee,758395205,get_category,100456,100174,Fax Machines,Máy fax,False,,Dataset/DataRaw/country_code=vn/dataset=category_platform/category_platform.csv,vn,category_platform,,vn,100174,100456,758395205,false
Shopee,758395205,get_category,100455,100174,Cordless Phones,Điện thoại không dây,False,,Dataset/DataRaw/country_code=vn/dataset=category_platform/category_platform.csv,vn,category_platform,,vn,100174,100455,758395205,false
Shopee,758395205,get_category,100454,100174,Corded Phones,Điện thoại có dây,False,,Dataset/DataRaw/country_code=vn/dataset=category_platform/category_platform.csv,vn,category_platform,,vn,100174,100454,758395205,false
Shopee,758395205,get_category,100173,100038,Sewing Machines & Accessories,Máy may & Phụ kiện,False,,Dataset/DataRaw/country_code=vn/dataset=category_platform/category_platform.csv,vn,category_platform,,vn,100038,100173,758395205,false
Shopee,758395205,get_category,100172,100038,Water Flossers,Máy tăm nước,False,,Dataset/DataRaw/country_code=vn/dataset=category_platform/category_platform.csv,vn,category_platform,,vn,100038,100172,758395205,false
Shopee,758395205,get_category,100171,100038,Foot Baths & Spas,Thiết bị vệ sinh chân & Thư giãn,False,,Dataset/DataRaw/country_code=vn/dataset=category_platform/category_platform.csv,vn,category_platform,,vn,100038,100171,758395205,false
Shopee,758395205,get_category,100037,100010,Projectors & Accessories,Máy chiếu & Phụ kiện,True,,Dataset/DataRaw/country_code=vn/dataset=category_platform/category_platform.csv,vn,category_platform,,vn,100010,100037,758395205,true
Shopee,758395205,get_category,100170,100037,Others,Khác,False,,Dataset/DataRaw/country_code=vn/dataset=category_platform/category_platform.csv,vn,category_platform,,vn,100037,100170,758395205,false
Shopee,758395205,get_category,100169,100037,Pointers,Bút trình chiếu,False,,Dataset/DataRaw/country_code=vn/dataset=category_platform/category_platform.csv,vn,category_platform,,vn,100037,100169,758395205,false
Shopee,758395205,get_category,100168,100037,Projectors & Projector Screens,Máy chiếu & Màn hình chiếu,False,,Dataset/DataRaw/country_code=vn/dataset=category_platform/category_platform.csv,vn,category_platform,,vn,100037,100168,758395205,false
Shopee,758395205,get_category,100012,0,Men Shoes,Giày Dép Nam,True,,Dataset/DataRaw/country_code=vn/dataset=category_platform/category_platform.csv,vn,category_platform,,vn,0,100012,758395205,true
Shopee,758395205,get_category,100070,100012,Others,Khác,False,,Dataset/DataRaw/country_code=vn/dataset=category_platform/category_platform.csv,vn,category_platform,,vn,100012,100070,758395205,false
Shopee,758395205,get_category,100069,100012,Shoe Care & Accessories,Phụ kiện giày dép,True,,Dataset/DataRaw/country_code=vn/dataset=category_platform/category_platform.csv,vn,category_platform,,vn,100012,100069,758395205,true
Shopee,758395205,get_category,100269,100069,Others,Khác,False,,Dataset/DataRaw/country_code=vn/dataset=category_platform/category_platform.csv,vn,category_platform,,vn,100069,100269,758395205,false
Shopee,758395205,get_category,100268,100069,Shoe Insoles,Lót giày,False,,Dataset/DataRaw/country_code=vn/dataset=category_platform/category_platform.csv,vn,category_platform,,vn,100069,100268,758395205,false
Shopee,758395205,get_category,100267,100069,Shoe Horns & Trees,Cây đón gót & Giữ form giày,False,,Dataset/DataRaw/country_code=vn/dataset=category_platform/category_platform.csv,vn,category_platform,,vn,100069,100267,758395205,false
Shopee,758395205,get_category,100266,100069,Shoe Laces,Dây giày,False,,Dataset/DataRaw/country_code=vn/dataset=category_platform/category_platform.csv,vn,category_platform,,vn,100069,100266,758395205,false
Shopee,758395205,get_category,100265,100069,Shoe Deodorizers,Khử mùi giày dép,False,,Dataset/DataRaw/country_code=vn/dataset=category_platform/category_platform.csv,vn,category_platform,,vn,100069,100265,758395205,false
Shopee,758395205,get_category,100264,100069,Shoe Care & Cleaning Tools,Dụng cụ chăm sóc & Vệ sinh giày,False,,Dataset/DataRaw/country_code=vn/dataset=category_platform/category_platform.csv,vn,category_platform,,vn,100069,100264,758395205,false
Shopee,758395205,get_category,100068,100012,Sandals & Flip Flops,Xăng-đan & Dép,True,,Dataset/DataRaw/country_code=vn/dataset=category_platform/category_platform.csv,vn,category_platform,,vn,100012,100068,758395205,true
Shopee,758395205,get_category,100263,100068,Others,Khác,False,,Dataset/DataRaw/country_code=vn/dataset=category_platform/category_platform.csv,vn,category_platform,,vn,100068,100263,758395205,false
Shopee,758395205,get_category,100262,100068,Health Slippers,Dép mát-xa,False,,Dataset/DataRaw/country_code=vn/dataset=category_platform/category_platform.csv,vn,category_platform,,vn,100068,100262,758395205,false
Shopee,758395205,get_category,100261,100068,Indoor Slippers,Dép đi trong nhà,False,,Dataset/DataRaw/country_code=vn/dataset=category_platform/category_platform.csv,vn,category_platform,,vn,100068,100261,758395205,false
Shopee,758395205,get_category,100260,100068,Sandals,Xăng-đan,False,,Dataset/DataRaw/country_code=vn/dataset=category_platform/category_platform.csv,vn,category_platform,,vn,100068,100260,758395205,false
Shopee,758395205,get_category,100259,100068,Flip Flops,Dép xỏ ngón,False,,Dataset/DataRaw/country_code=vn/dataset=category_platform/category_platform.csv,vn,category_platform,,vn,100068,100259,758395205,false
Shopee,758395205,get_category,100067,100012,Oxfords & Lace-Ups,Giày Oxfords & Giày buộc dây,False,,Dataset/DataRaw/country_code=vn/dataset=category_platform/category_platform.csv,vn,category_platform,,vn,100012,100067,758395205,false
Shopee,758395205,get_category,100066,100012,Loafers & Boat Shoes,Giày tây lười,False,,Dataset/DataRaw/country_code=vn/dataset=category_platform/category_platform.csv,vn,category_platform,,vn,100012,100066,758395205,false
Shopee,758395205,get_category,100065,100012,Slip Ons & Mules,Giày sục,False,,Dataset/DataRaw/country_code=vn/dataset=category_platform/category_platform.csv,vn,category_platform,,vn,100012,100065,758395205,false
Shopee,758395205,get_category,100064,100012,Sneakers,Giày thể thao/ Sneakers,False,,Dataset/DataRaw/country_code=vn/dataset=category_platform/category_platform.csv,vn,category_platform,,vn,100012,100064,758395205,false
Shopee,758395205,get_category,100063,100012,Boots,Bốt,True,,Dataset/DataRaw/country_code=vn/dataset=category_platform/category_platform.csv,vn,category_platform,,vn,100012,100063,758395205,true
Shopee,758395205,get_category,100258,100063,Others,Khác,False,,Dataset/DataRaw/country_code=vn/dataset=category_platform/category_platform.csv,vn,category_platform,,vn,100063,100258,758395205,false
Shopee,758395205,get_category,100257,100063,Safety Boots,Bốt bảo hộ,False,,Dataset/DataRaw/country_code=vn/dataset=category_platform/category_platform.csv,vn,category_platform,,vn,100063,100257,758395205,false
Shopee,758395205,get_category,100256,100063,Rain Boots,Bốt đi mưa,False,,Dataset/DataRaw/country_code=vn/dataset=category_platform/category_platform.csv,vn,category_platform,,vn,100063,100256,758395205,false
Shopee,758395205,get_category,100255,100063,Fashion Boots,Bốt thời trang,False,,Dataset/DataRaw/country_code=vn/dataset=category_platform/category_platform.csv,vn,category_platform,,vn,100063,100255,758395205,false
Shopee,758395205,get_category,100013,0,Mobile & Gadgets,Điện Thoại & Phụ Kiện,True,,Dataset/DataRaw/country_code=vn/dataset=category_platform/category_platform.csv,vn,category_platform,,vn,0,100013,758395205,true
Shopee,758395205,get_category,100077,100013,Others,Khác,False,,Dataset/DataRaw/country_code=vn/dataset=category_platform/category_platform.csv,vn,category_platform,,vn,100013,100077,758395205,false
Shopee,758395205,get_category,100076,100013,Walkie Talkies,Bộ đàm,False,,Dataset/DataRaw/country_code=vn/dataset=category_platform/category_platform.csv,vn,category_platform,,vn,100013,100076,758395205,false
Shopee,758395205,get_category,100075,100013,Accessories,Phụ kiện,True,,Dataset/DataRaw/country_code=vn/dataset=category_platform/category_platform.csv,vn,category_platform,,vn,100013,100075,758395205,true
Shopee,758395205,get_category,100291,100075,Others,Khác,False,,Dataset/DataRaw/country_code=vn/dataset=category_platform/category_platform.csv,vn,category_platform,,vn,100075,100291,758395205,false
Shopee,758395205,get_category,100290,100075,"Cases, Covers, & Skins","Vỏ bao, Ốp lưng & Miếng dán",True,,Dataset/DataRaw/country_code=vn/dataset=category_platform/category_platform.csv,vn,category_platform,,vn,100075,100290,758395205,true
Shopee,758395205,get_category,100491,100290,Others,Khác,False,,Dataset/DataRaw/country_code=vn/dataset=category_platform/category_platform.csv,vn,category_platform,,vn,100290,100491,758395205,false
Shopee,758395205,get_category,100490,100290,"Phone Cases, Covers, & Skins","Vỏ bao, Ốp lưng & Miếng dán điện thoại",False,,Dataset/DataRaw/country_code=vn/dataset=category_platform/category_platform.csv,vn,category_platform,,vn,100290,100490,758395205,false
Shopee,758395205,get_category,100489,100290,"Tablet Cases, Covers, & Skins","Vỏ bao, Ốp lưng & Miếng dán máy tính bảng",False,,Dataset/DataRaw/country_code=vn/dataset=category_platform/category_platform.csv,vn,category_platform,,vn,100290,100489,758395205,false
Shopee,758395205,get_category,100289,100075,Screen Protectors,Miếng dán màn hình,False,,Dataset/DataRaw/country_code=vn/dataset=category_platform/category_platform.csv,vn,category_platform,,vn,100075,100289,758395205,false
Shopee,758395205,get_category,100288,100075,Wearable Accessories,Phụ kiện cho đồng hồ thông minh,False,,Dataset/DataRaw/country_code=vn/dataset=category_platform/category_platform.csv,vn,category_platform,,vn,100075,100288,758395205,false
Shopee,758395205,get_category,100287,100075,Powerbanks & Batteries,Sạc dự phòng & Pin,True,,Dataset/DataRaw/country_code=vn/dataset=category_platform/category_platform.csv,vn,category_platform,,vn,100075,100287,758395205,true
Shopee,758395205,get_category,100488,100287,Others,Khác,False,,Dataset/DataRaw/country_code=vn/dataset=category_platform/category_platform.csv,vn,category_platform,,vn,100287,100488,758395205,false
Shopee,758395205,get_category,100487,100287,Powercases,Vỏ sạc dự phòng,False,,Dataset/DataRaw/country_code=vn/dataset=category_platform/category_platform.csv,vn,category_platform,,vn,100287,100487,758395205,false
Shopee,758395205,get_category,100486,100287,Powerbanks,Sạc dự phòng,False,,Dataset/DataRaw/country_code=vn/dataset=category_platform/category_platform.csv,vn,category_platform,,vn,100287,100486,758395205,false
Shopee,758395205,get_category,100485,100287,Batteries,Pin,False,,Dataset/DataRaw/country_code=vn/dataset=category_platform/category_platform.csv,vn,category_platform,,vn,100287,100485,758395205,false
Shopee,758395205,get_category,100286,100075,Pocket Wifi,Bộ phát Wifi bỏ túi,False,,Dataset/DataRaw/country_code=vn/dataset=category_platform/category_platform.csv,vn,category_platform,,vn,100075,100286,758395205,false
Shopee,758395205,get_category,100285,100075,USB & Mobile Lights,Đèn USB & Đèn điện thoại,False,,Dataset/DataRaw/country_code=vn/dataset=category_platform/category_platform.csv,vn,category_platform,,vn,100075,100285,758395205,false
Shopee,758395205,get_category,100284,100075,"Cables, Chargers & Converters","Cáp, sạc & bộ chuyển đổi",True,,Dataset/DataRaw/country_code=vn/dataset=category_platform/category_platform.csv,vn,category_platform,,vn,100075,100284,758395205,true
Shopee,758395205,get_category,100484,100284,Others,Khác,False,,Dataset/DataRaw/country_code=vn/dataset=category_platform/category_platform.csv,vn,category_platform,,vn,100284,100484,758395205,false
Shopee,758395205,get_category,100483,100284,Docks & Stands,Đế sạc đứng,False,,Dataset/DataRaw/country_code=vn/dataset=category_platform/category_platform.csv,vn,category_platform,,vn,100284,100483,758395205,false
Shopee,758395205,get_category,100482,100284,Chargers,Bộ sạc,False,,Dataset/DataRaw/country_code=vn/dataset=category_platform/category_platform.csv,vn,category_platform,,vn,100284,100482,758395205,false
Shopee,758395205,get_category,100481,100284,Mobile Cables & Converters,Cáp & Bộ chuyển đổi di động,False,,Dataset/DataRaw/country_code=vn/dataset=category_platform/category_platform.csv,vn,category_platform,,vn,100284,100481,758395205,false
Shopee,758395205,get_category,100480,100284,Travel Adaptors,Bộ sạc du lịch,False,,Dataset/DataRaw/country_code=vn/dataset=category_platform/category_platform.csv,vn,category_platform,,vn,100284,100480,758395205,false
Shopee,758395205,get_category,100479,100284,"Cable Cases, Protectors, & Winders","Bao đựng cáp, Bảo vệ cáp & Cuộn dây",False,,Dataset/DataRaw/country_code=vn/dataset=category_platform/category_platform.csv,vn,category_platform,,vn,100284,100479,758395205,false
Shopee,758395205,get_category,100283,100075,Mobile Pouches,Túi đựng điện thoại,False,,Dataset/DataRaw/country_code=vn/dataset=category_platform/category_platform.csv,vn,category_platform,,vn,100075,100283,758395205,false
Shopee,758395205,get_category,100282,100075,Casting Devices,Thiết bị trình chiếu,False,,Dataset/DataRaw/country_code=vn/dataset=category_platform/category_platform.csv,vn,category_platform,,vn,100075,100282,758395205,false
Shopee,758395205,get_category,100281,100075,Memory Cards,Thẻ nhớ,False,,Dataset/DataRaw/country_code=vn/dataset=category_platform/category_platform.csv,vn,category_platform,,vn,100075,100281,758395205,false
Shopee,758395205,get_category,100280,100075,Phone Straps & Keychains,Dây đeo điện thoại & Móc khóa,False,,Dataset/DataRaw/country_code=vn/dataset=category_platform/category_platform.csv,vn,category_platform,,vn,100075,100280,758395205,false
Shopee,758395205,get_category,100279,100075,Phone Grips,Kẹp điện thoại,False,,Dataset/DataRaw/country_code=vn/dataset=category_platform/category_platform.csv,vn,category_platform,,vn,100075,100279,758395205,false
Shopee,758395205,get_category,100278,100075,Stylus,Bút cảm ứng,False,,Dataset/DataRaw/country_code=vn/dataset=category_platform/category_platform.csv,vn,category_platform,,vn,100075,100278,758395205,false
Shopee,758395205,get_category,100277,100075,USB & Mobile Fans,Quạt USB & Quạt điện thoại,False,,Dataset/DataRaw/country_code=vn/dataset=category_platform/category_platform.csv,vn,category_platform,,vn,100075,100277,758395205,false
Shopee,758395205,get_category,100276,100075,Mobile Flashes & Selfie Lights,Đèn flash điện thoại & Đèn selfie,False,,Dataset/DataRaw/country_code=vn/dataset=category_platform/category_platform.csv,vn,category_platform,,vn,100075,100276,758395205,false
Shopee,758395205,get_category,100275,100075,Mobile Lens,Ống kính điện thoại,False,,Dataset/DataRaw/country_code=vn/dataset=category_platform/category_platform.csv,vn,category_platform,,vn,100075,100275,758395205,false
Shopee,758395205,get_category,100274,100075,Selfie Accessories,Phụ kiện selfie,True,,Dataset/DataRaw/country_code=vn/dataset=category_platform/category_platform.csv,vn,category_platform,,vn,100075,100274,758395205,true
Shopee,758395205,get_category,100478,100274,Others,Khác,False,,Dataset/DataRaw/country_code=vn/dataset=category_platform/category_platform.csv,vn,category_platform,,vn,100274,100478,758395205,false
Shopee,758395205,get_category,100477,100274,Remote Shutters,Điều khiển chụp hình,False,,Dataset/DataRaw/country_code=vn/dataset=category_platform/category_platform.csv,vn,category_platform,,vn,100274,100477,758395205,false
Shopee,758395205,get_category,100476,100274,Lazypods,Giá đỡ,False,,Dataset/DataRaw/country_code=vn/dataset=category_platform/category_platform.csv,vn,category_platform,,vn,100274,100476,758395205,false
Shopee,758395205,get_category,100475,100274,Selfie Sticks,Gậy selfie,False,,Dataset/DataRaw/country_code=vn/dataset=category_platform/category_platform.csv,vn,category_platform,,vn,100274,100475,758395205,false
Shopee,758395205,get_category,100074,100013,Wearable Devices,Thiết bị đeo thông minh,True,,Dataset/DataRaw/country_code=vn/dataset=category_platform/category_platform.csv,vn,category_platform,,vn,100013,100074,758395205,true
Shopee,758395205,get_category,100273,100074,Others,Khác,False,,Dataset/DataRaw/country_code=vn/dataset=category_platform/category_platform.csv,vn,category_platform,,vn,100074,100273,758395205,false
Shopee,758395205,get_category,100272,100074,GPS Trackers,Thiết bị định vị GPS,False,,Dataset/DataRaw/country_code=vn/dataset=category_platform/category_platform.csv,vn,category_platform,,vn,100074,100272,758395205,false
Shopee,758395205,get_category,100271,100074,VR Devices,Thiết bị thực tế ảo,False,,Dataset/DataRaw/country_code=vn/dataset=category_platform/category_platform.csv,vn,category_platform,,vn,100074,100271,758395205,false
Shopee,758395205,get_category,100270,100074,Smartwatches & Fitness Trackers,Đồng hồ thông minh & Vòng đeo tay sức khỏe,False,,Dataset/DataRaw/country_code=vn/dataset=category_platform/category_platform.csv,vn,category_platform,,vn,100074,100270,758395205,false
Shopee,758395205,get_category,100073,100013,Mobile Phones,Điện thoại,False,,Dataset/DataRaw/country_code=vn/dataset=category_platform/category_platform.csv,vn,category_platform,,vn,100013,100073,758395205,false
Shopee,758395205,get_category,100072,100013,Tablets,Máy tính bảng,False,,Dataset/DataRaw/country_code=vn/dataset=category_platform/category_platform.csv,vn,category_platform,,vn,100013,100072,758395205,false
Shopee,758395205,get_category,100071,100013,Sim Cards,Thẻ sim,False,,Dataset/DataRaw/country_code=vn/dataset=category_platform/category_platform.csv,vn,category_platform,,vn,100013,100071,758395205,false
Shopee,758395205,get_category,100015,0,Travel & Luggage,Du lịch & Hành lý,True,,Dataset/DataRaw/country_code=vn/dataset=category_platform/category_platform.csv,vn,category_platform,,vn,0,100015,758395205,true
Shopee,758395205,get_category,100088,100015,Others,Khác,False,,Dataset/DataRaw/country_code=vn/dataset=category_platform/category_platform.csv,vn,category_platform,,vn,100015,100088,758395205,false
Shopee,758395205,get_category,100087,100015,Travel Accessories,Phụ kiện du lịch,True,,Dataset/DataRaw/country_code=vn/dataset=category_platform/category_platform.csv,vn,category_platform,,vn,100015,100087,758395205,true
Shopee,758395205,get_category,100333,100087,Others,Phụ kiện khác,False,,Dataset/DataRaw/country_code=vn/dataset=category_platform/category_platform.csv,vn,category_platform,,vn,100087,100333,758395205,false
Shopee,758395205,get_category,100332,100087,Travel Size Bottles & Containers,Bộ chiết mỹ phẩm,False,,Dataset/DataRaw/country_code=vn/dataset=category_platform/category_platform.csv,vn,category_platform,,vn,100087,100332,758395205,false
Shopee,758395205,get_category,100331,100087,Travel Pillows & Eye Covers,Gối & Bịt mắt,False,,Dataset/DataRaw/country_code=vn/dataset=category_platform/category_platform.csv,vn,category_platform,,vn,100087,100331,758395205,false
Shopee,758395205,get_category,100330,100087,Luggage Scales,Cân hành lý,False,,Dataset/DataRaw/country_code=vn/dataset=category_platform/category_platform.csv,vn,category_platform,,vn,100087,100330,758395205,false
Shopee,758395205,get_category,100329,100087,Luggage Locks,Khóa vali,False,,Dataset/DataRaw/country_code=vn/dataset=category_platform/category_platform.csv,vn,category_platform,,vn,100087,100329,758395205,false
Shopee,758395205,get_category,100328,100087,Luggage Straps,Dây đai vali,False,,Dataset/DataRaw/country_code=vn/dataset=category_platform/category_platform.csv,vn,category_platform,,vn,100087,100328,758395205,false
Shopee,758395205,get_category,100327,100087,Luggage Tags,Thẻ hành lý,False,,Dataset/DataRaw/country_code=vn/dataset=category_platform/category_platform.csv,vn,category_platform,,vn,100087,100327,758395205,false
Shopee,758395205,get_category,100326,100087,Luggage Protectors & Covers,Áo trùm vali,False,,Dataset/DataRaw/country_code=vn/dataset=category_platform/category_platform.csv,vn,category_platform,,vn,100087,100326,758395205,false
Shopee,758395205,get_category,100325,100087,Travel Organizers,Túi du lịch nhiều ngăn,False,,Dataset/DataRaw/country_code=vn/dataset=category_platform/category_platform.csv,vn,category_platform,,vn,100087,100325,758395205,false
Shopee,758395205,get_category,100324,100087,Passport Holders & Covers,Ví hộ chiếu,False,,Dataset/DataRaw/country_code=vn/dataset=category_platform/category_platform.csv,vn,category_platform,,vn,100087,100324,758395205,false
Shopee,758395205,get_category,100086,100015,Travel Bags,Túi du lịch,True,,Dataset/DataRaw/country_code=vn/dataset=category_platform/category_platform.csv,vn,category_platform,,vn,100015,100086,758395205,true
Shopee,758395205,get_category,100323,100086,Others,Túi khác,False,,Dataset/DataRaw/country_code=vn/dataset=category_platform/category_platform.csv,vn,category_platform,,vn,100086,100323,758395205,false
Shopee,758395205,get_category,100322,100086,Drawstring Bags,Túi dây rút,False,,Dataset/DataRaw/country_code=vn/dataset=category_platform/category_platform.csv,vn,category_platform,,vn,100086,100322,758395205,false
Shopee,758395205,get_category,100321,100086,Foldable Bags,Túi gấp gọn,False,,Dataset/DataRaw/country_code=vn/dataset=category_platform/category_platform.csv,vn,category_platform,,vn,100086,100321,758395205,false
Shopee,758395205,get_category,100320,100086,Duffel & Weekender Bags,Túi trống,False,,Dataset/DataRaw/country_code=vn/dataset=category_platform/category_platform.csv,vn,category_platform,,vn,100086,100320,758395205,false
Shopee,758395205,get_category,100085,100015,Luggage,Vali,False,,Dataset/DataRaw/country_code=vn/dataset=category_platform/category_platform.csv,vn,category_platform,,vn,100015,100085,758395205,false
Shopee,758395205,get_category,100016,0,Women Bags,Túi Ví Nữ,True,,Dataset/DataRaw/country_code=vn/dataset=category_platform/category_platform.csv,vn,category_platform,,vn,0,100016,758395205,true
Shopee,758395205,get_category,100098,100016,Others,Khác,False,,Dataset/DataRaw/country_code=vn/dataset=category_platform/category_platform.csv,vn,category_platform,,vn,100016,100098,758395205,false
Shopee,758395205,get_category,100097,100016,Bag Accessories,Phụ kiện túi,True,,Dataset/DataRaw/country_code=vn/dataset=category_platform/category_platform.csv,vn,category_platform,,vn,100016,100097,758395205,true
Shopee,758395205,get_category,100349,100097,Others,Phụ kiện khác,False,,Dataset/DataRaw/country_code=vn/dataset=category_platform/category_platform.csv,vn,category_platform,,vn,100097,100349,758395205,false
Shopee,758395205,get_category,100348,100097,Cleaning & Care Equipment,Dụng cụ vệ sinh và chăm sóc túi,False,,Dataset/DataRaw/country_code=vn/dataset=category_platform/category_platform.csv,vn,category_platform,,vn,100097,100348,758395205,false
Shopee,758395205,get_category,100347,100097,Bag Organizers,Túi đa ngăn tiện ích,False,,Dataset/DataRaw/country_code=vn/dataset=category_platform/category_platform.csv,vn,category_platform,,vn,100097,100347,758395205,false
Shopee,758395205,get_category,100346,100097,Charms & Twillies,Charm và phụ kiện gắn túi,False,,Dataset/DataRaw/country_code=vn/dataset=category_platform/category_platform.csv,vn,category_platform,,vn,100097,100346,758395205,false
Shopee,758395205,get_category,100345,100097,Bag Holders,Dụng cụ treo/đựng túi,False,,Dataset/DataRaw/country_code=vn/dataset=category_platform/category_platform.csv,vn,category_platform,,vn,100097,100345,758395205,false
Shopee,758395205,get_category,100344,100097,Bag Straps,Dây đeo túi,False,,Dataset/DataRaw/country_code=vn/dataset=category_platform/category_platform.csv,vn,category_platform,,vn,100097,100344,758395205,false
Shopee,758395205,get_category,100096,100016,Wallets,Ví,True,,Dataset/DataRaw/country_code=vn/dataset=category_platform/category_platform.csv,vn,category_platform,,vn,100016,100096,758395205,true
Shopee,758395205,get_category,100343,100096,Others,Ví khác,False,,Dataset/DataRaw/country_code=vn/dataset=category_platform/category_platform.csv,vn,category_platform,,vn,100096,100343,758395205,false
Shopee,758395205,get_category,100342,100096,Long Wallets,Ví dài,False,,Dataset/DataRaw/country_code=vn/dataset=category_platform/category_platform.csv,vn,category_platform,,vn,100096,100342,758395205,false
Shopee,758395205,get_category,100341,100096,Bifold & Trifold Wallets,Ví gập,False,,Dataset/DataRaw/country_code=vn/dataset=category_platform/category_platform.csv,vn,category_platform,,vn,100096,100341,758395205,false
Shopee,758395205,get_category,100340,100096,Phone & Key Wallets,Ví đựng điện thoại & chìa khóa,False,,Dataset/DataRaw/country_code=vn/dataset=category_platform/category_platform.csv,vn,category_platform,,vn,100096,100340,758395205,false
Shopee,758395205,get_category,100339,100096,Coin Holders & Purses,Ví mini đựng tiền,False,,Dataset/DataRaw/country_code=vn/dataset=category_platform/category_platform.csv,vn,category_platform,,vn,100096,100339,758395205,false
Shopee,758395205,get_category,100338,100096,Card Holders,Ví đựng thẻ,False,,Dataset/DataRaw/country_code=vn/dataset=category_platform/category_platform.csv,vn,category_platform,,vn,100096,100338,758395205,false
Shopee,758395205,get_category,100095,100016,Crossbody & Shoulder Bags,Túi đeo chéo & Túi đeo vai,False,,Dataset/DataRaw/country_code=vn/dataset=category_platform/category_platform.csv,vn,category_platform,,vn,100016,100095,758395205,false
Shopee,758395205,get_category,100094,100016,Top-handle Bags,Túi quai xách,False,,Dataset/DataRaw/country_code=vn/dataset=category_platform/category_platform.csv,vn,category_platform,,vn,100016,100094,758395205,false
Shopee,758395205,get_category,100093,100016,Tote Bags,Túi tote,False,,Dataset/DataRaw/country_code=vn/dataset=category_platform/category_platform.csv,vn,category_platform,,vn,100016,100093,758395205,false
Shopee,758395205,get_category,100092,100016,Waist Bags & Chest Bags,Túi đeo hông & Túi đeo ngực,False,,Dataset/DataRaw/country_code=vn/dataset=category_platform/category_platform.csv,vn,category_platform,,vn,100016,100092,758395205,false
Shopee,758395205,get_category,100091,100016,Clutches & Wristlets,Ví dự tiệc & Ví cầm tay,False,,Dataset/DataRaw/country_code=vn/dataset=category_platform/category_platform.csv,vn,category_platform,,vn,100016,100091,758395205,false
Shopee,758395205,get_category,100090,100016,Laptop Bags,Cặp laptop,True,,Dataset/DataRaw/country_code=vn/dataset=category_platform/category_platform.csv,vn,category_platform,,vn,100016,100090,758395205,true
Shopee,758395205,get_category,100337,100090,Others,Khác,False,,Dataset/DataRaw/country_code=vn/dataset=category_platform/category_platform.csv,vn,category_platform,,vn,100090,100337,758395205,false
Shopee,758395205,get_category,100336,100090,Laptop Backpacks,Ba lô laptop,False,,Dataset/DataRaw/country_code=vn/dataset=category_platform/category_platform.csv,vn,category_platform,,vn,100090,100336,758395205,false
Shopee,758395205,get_category,100335,100090,Laptop Sleeves,Túi chống sốc laptop,False,,Dataset/DataRaw/country_code=vn/dataset=category_platform/category_platform.csv,vn,category_platform,,vn,100090,100335,758395205,false
Shopee,758395205,get_category,100334,100090,Laptop Bags & Cases,Túi & cặp đứng laptop,False,,Dataset/DataRaw/country_code=vn/dataset=category_platform/category_platform.csv,vn,category_platform,,vn,100090,100334,758395205,false
Shopee,758395205,get_category,100089,100016,Backpacks,Ba lô,False,,Dataset/DataRaw/country_code=vn/dataset=category_platform/category_platform.csv,vn,category_platform,,vn,100016,100089,758395205,false
Shopee,758395205,get_category,100532,0,Women Shoes,Giày Dép Nữ,True,,Dataset/DataRaw/country_code=vn/dataset=category_platform/category_platform.csv,vn,category_platform,,vn,0,100532,758395205,true
Shopee,758395205,get_category,100563,100532,Others,Khác,False,,Dataset/DataRaw/country_code=vn/dataset=category_platform/category_platform.csv,vn,category_platform,,vn,100532,100563,758395205,false
Shopee,758395205,get_category,100562,100532,Shoe Care & Accessories,Phụ kiện & chăm sóc giày,True,,Dataset/DataRaw/country_code=vn/dataset=category_platform/category_platform.csv,vn,category_platform,,vn,100532,100562,758395205,true
Shopee,758395205,get_category,100603,100562,Others,Khác,False,,Dataset/DataRaw/country_code=vn/dataset=category_platform/category_platform.csv,vn,category_platform,,vn,100562,100603,758395205,false
Shopee,758395205,get_category,100602,100562,Shoe Laces,Dây giày,False,,Dataset/DataRaw/country_code=vn/dataset=category_platform/category_platform.csv,vn,category_platform,,vn,100562,100602,758395205,false
Shopee,758395205,get_category,100601,100562,Shoe Care & Cleaning Tools,Đồ chăm sóc và làm sạch giày,False,,Dataset/DataRaw/country_code=vn/dataset=category_platform/category_platform.csv,vn,category_platform,,vn,100562,100601,758395205,false
Shopee,758395205,get_category,100600,100562,Shoe Horns & Trees,Cây đón gót & Giữ form giày,False,,Dataset/DataRaw/country_code=vn/dataset=category_platform/category_platform.csv,vn,category_platform,,vn,100562,100600,758395205,false
Shopee,758395205,get_category,100599,100562,Insoles & Heel Liners,Miếng lót giày,False,,Dataset/DataRaw/country_code=vn/dataset=category_platform/category_platform.csv,vn,category_platform,,vn,100562,100599,758395205,false
Shopee,758395205,get_category,100598,100562,Shoe Deodorizers,Đồ khử mùi giày,False,,Dataset/DataRaw/country_code=vn/dataset=category_platform/category_platform.csv,vn,category_platform,,vn,100562,100598,758395205,false
Shopee,758395205,get_category,100561,100532,Flat Sandals & Flip Flops,Xăng-đan và dép,True,,Dataset/DataRaw/country_code=vn/dataset=category_platform/category_platform.csv,vn,category_platform,,vn,100532,100561,758395205,true
Shopee,758395205,get_category,100597,100561,Others,Khác,False,,Dataset/DataRaw/country_code=vn/dataset=category_platform/category_platform.csv,vn,category_platform,,vn,100561,100597,758395205,false
Shopee,758395205,get_category,100596,100561,Indoor Slippers,Dép đi trong nhà,False,,Dataset/DataRaw/country_code=vn/dataset=category_platform/category_platform.csv,vn,category_platform,,vn,100561,100596,758395205,false
Shopee,758395205,get_category,100595,100561,Health Slippers,Dép mát-xa,False,,Dataset/DataRaw/country_code=vn/dataset=category_platform/category_platform.csv,vn,category_platform,,vn,100561,100595,758395205,false
Shopee,758395205,get_category,100594,100561,Flip Flops,Dép kẹp/ dép xỏ ngón,False,,Dataset/DataRaw/country_code=vn/dataset=category_platform/category_platform.csv,vn,category_platform,,vn,100561,100594,758395205,false
Shopee,758395205,get_category,100593,100561,Flat Sandals,Xăng-đan đế bằng,False,,Dataset/DataRaw/country_code=vn/dataset=category_platform/category_platform.csv,vn,category_platform,,vn,100561,100593,758395205,false
Shopee,758395205,get_category,100560,100532,Wedges,Giày đế xuồng,False,,Dataset/DataRaw/country_code=vn/dataset=category_platform/category_platform.csv,vn,category_platform,,vn,100532,100560,758395205,false
Shopee,758395205,get_category,100559,100532,Heels,Giày cao gót,False,,Dataset/DataRaw/country_code=vn/dataset=category_platform/category_platform.csv,vn,category_platform,,vn,100532,100559,758395205,false
Shopee,758395205,get_category,100558,100532,Flats,Giày đế bằng,True,,Dataset/DataRaw/country_code=vn/dataset=category_platform/category_platform.csv,vn,category_platform,,vn,100532,100558,758395205,true
Shopee,758395205,get_category,100592,100558,Others,Khác,False,,Dataset/DataRaw/country_code=vn/dataset=category_platform/category_platform.csv,vn,category_platform,,vn,100558,100592,758395205,false
Shopee,758395205,get_category,100591,100558,"Slip Ons, Mary Janes & Mules",Giày sục & Giày búp bê,False,,Dataset/DataRaw/country_code=vn/dataset=category_platform/category_platform.csv,vn,category_platform,,vn,100558,100591,758395205,false
Shopee,758395205,get_category,100590,100558,Oxfords & Lace-Ups,Giày Oxford & Giày buộc dây,False,,Dataset/DataRaw/country_code=vn/dataset=category_platform/category_platform.csv,vn,category_platform,,vn,100558,100590,758395205,false
Shopee,758395205,get_category,100589,100558,Loafers & Boat Shoes,Giày lười,False,,Dataset/DataRaw/country_code=vn/dataset=category_platform/category_platform.csv,vn,category_platform,,vn,100558,100589,758395205,false
Shopee,758395205,get_category,100588,100558,Ballet Flats,Giày bale,False,,Dataset/DataRaw/country_code=vn/dataset=category_platform/category_platform.csv,vn,category_platform,,vn,100558,100588,758395205,false
Shopee,758395205,get_category,100557,100532,Sneakers,Giày thể thao/ sneaker,False,,Dataset/DataRaw/country_code=vn/dataset=category_platform/category_platform.csv,vn,category_platform,,vn,100532,100557,758395205,false
Shopee,758395205,get_category,100556,100532,Boots,Bốt,True,,Dataset/DataRaw/country_code=vn/dataset=category_platform/category_platform.csv,vn,category_platform,,vn,100532,100556,758395205,true
Shopee,758395205,get_category,100587,100556,Others,Khác,False,,Dataset/DataRaw/country_code=vn/dataset=category_platform/category_platform.csv,vn,category_platform,,vn,100556,100587,758395205,false
Shopee,758395205,get_category,100586,100556,Fashion Boots,Bốt thời trang,False,,Dataset/DataRaw/country_code=vn/dataset=category_platform/category_platform.csv,vn,category_platform,,vn,100556,100586,758395205,false
Shopee,758395205,get_category,100585,100556,Rain Boots,Bốt đi mưa,False,,Dataset/DataRaw/country_code=vn/dataset=category_platform/category_platform.csv,vn,category_platform,,vn,100556,100585,758395205,false
Shopee,758395205,get_category,100533,0,Men Bags,Túi Ví Nam,True,,Dataset/DataRaw/country_code=vn/dataset=category_platform/category_platform.csv,vn,category_platform,,vn,0,100533,758395205,true
Shopee,758395205,get_category,100572,100533,Others,Khác,False,,Dataset/DataRaw/country_code=vn/dataset=category_platform/category_platform.csv,vn,category_platform,,vn,100533,100572,758395205,false
Shopee,758395205,get_category,100571,100533,Wallets,Bóp/ Ví,True,,Dataset/DataRaw/country_code=vn/dataset=category_platform/category_platform.csv,vn,category_platform,,vn,100533,100571,758395205,true
Shopee,758395205,get_category,100613,100571,Others,Ví khác,False,,Dataset/DataRaw/country_code=vn/dataset=category_platform/category_platform.csv,vn,category_platform,,vn,100571,100613,758395205,false
Shopee,758395205,get_category,100612,100571,Long Wallets,Ví dài,False,,Dataset/DataRaw/country_code=vn/dataset=category_platform/category_platform.csv,vn,category_platform,,vn,100571,100612,758395205,false
Shopee,758395205,get_category,100611,100571,Bifold & Trifold Wallets,Ví gập đôi & gập ba,False,,Dataset/DataRaw/country_code=vn/dataset=category_platform/category_platform.csv,vn,category_platform,,vn,100571,100611,758395205,false
Shopee,758395205,get_category,100610,100571,Phone & Key Wallets,Ví đựng điện thoại & chìa khóa,False,,Dataset/DataRaw/country_code=vn/dataset=category_platform/category_platform.csv,vn,category_platform,,vn,100571,100610,758395205,false
Shopee,758395205,get_category,100609,100571,Coin Holders & Purses,Ví đựng tiền xu,False,,Dataset/DataRaw/country_code=vn/dataset=category_platform/category_platform.csv,vn,category_platform,,vn,100571,100609,758395205,false
Shopee,758395205,get_category,100608,100571,Card Holders,Ví đựng thẻ,False,,Dataset/DataRaw/country_code=vn/dataset=category_platform/category_platform.csv,vn,category_platform,,vn,100571,100608,758395205,false
Shopee,758395205,get_category,100570,100533,Crossbody & Shoulder Bags,Túi đeo chéo,False,,Dataset/DataRaw/country_code=vn/dataset=category_platform/category_platform.csv,vn,category_platform,,vn,100533,100570,758395205,false
Shopee,758395205,get_category,100569,100533,Waist Bags & Chest Bags,Túi đeo hông & Túi đeo ngực,False,,Dataset/DataRaw/country_code=vn/dataset=category_platform/category_platform.csv,vn,category_platform,,vn,100533,100569,758395205,false
Shopee,758395205,get_category,100568,100533,Clutches,Ví cầm tay,False,,Dataset/DataRaw/country_code=vn/dataset=category_platform/category_platform.csv,vn,category_platform,,vn,100533,100568,758395205,false
Shopee,758395205,get_category,100567,100533,Briefcases,Cặp xách công sở,False,,Dataset/DataRaw/country_code=vn/dataset=category_platform/category_platform.csv,vn,category_platform,,vn,100533,100567,758395205,false
Shopee,758395205,get_category,100566,100533,Tote Bags,Túi tote,False,,Dataset/DataRaw/country_code=vn/dataset=category_platform/category_platform.csv,vn,category_platform,,vn,100533,100566,758395205,false
Shopee,758395205,get_category,100565,100533,Laptop Bags,Cặp laptop,True,,Dataset/DataRaw/country_code=vn/dataset=category_platform/category_platform.csv,vn,category_platform,,vn,100533,100565,758395205,true
Shopee,758395205,get_category,100607,100565,Others,Khác,False,,Dataset/DataRaw/country_code=vn/dataset=category_platform/category_platform.csv,vn,category_platform,,vn,100565,100607,758395205,false
Shopee,758395205,get_category,100606,100565,Laptop Backpacks,Ba lô laptop,False,,Dataset/DataRaw/country_code=vn/dataset=category_platform/category_platform.csv,vn,category_platform,,vn,100565,100606,758395205,false
Shopee,758395205,get_category,100605,100565,Laptop Sleeves,Túi chống sốc laptop,False,,Dataset/DataRaw/country_code=vn/dataset=category_platform/category_platform.csv,vn,category_platform,,vn,100565,100605,758395205,false
Shopee,758395205,get_category,100604,100565,Laptop Bags & Cases,Túi & cặp đựng laptop,False,,Dataset/DataRaw/country_code=vn/dataset=category_platform/category_platform.csv,vn,category_platform,,vn,100565,100604,758395205,false
Shopee,758395205,get_category,100564,100533,Backpacks,Ba lô,False,,Dataset/DataRaw/country_code=vn/dataset=category_platform/category_platform.csv,vn,category_platform,,vn,100533,100564,758395205,false
Shopee,758395205,get_category,100534,0,Watches,Đồng Hồ,True,,Dataset/DataRaw/country_code=vn/dataset=category_platform/category_platform.csv,vn,category_platform,,vn,0,100534,758395205,true
Shopee,758395205,get_category,100577,100534,Others,Khác,False,,Dataset/DataRaw/country_code=vn/dataset=category_platform/category_platform.csv,vn,category_platform,,vn,100534,100577,758395205,false
Shopee,758395205,get_category,100576,100534,Watches Accessories,Phụ kiện đồng hồ,True,,Dataset/DataRaw/country_code=vn/dataset=category_platform/category_platform.csv,vn,category_platform,,vn,100534,100576,758395205,true
Shopee,758395205,get_category,100619,100576,Others,Khác,False,,Dataset/DataRaw/country_code=vn/dataset=category_platform/category_platform.csv,vn,category_platform,,vn,100576,100619,758395205,false
Shopee,758395205,get_category,100618,100576,Boxes,Hộp đựng đồng hồ,False,,Dataset/DataRaw/country_code=vn/dataset=category_platform/category_platform.csv,vn,category_platform,,vn,100576,100618,758395205,false
Shopee,758395205,get_category,100617,100576,Batteries,Pin đồng hồ,False,,Dataset/DataRaw/country_code=vn/dataset=category_platform/category_platform.csv,vn,category_platform,,vn,100576,100617,758395205,false
Shopee,758395205,get_category,100616,100576,Buckles,Khóa đồng hồ,False,,Dataset/DataRaw/country_code=vn/dataset=category_platform/category_platform.csv,vn,category_platform,,vn,100576,100616,758395205,false
Shopee,758395205,get_category,100615,100576,Service Tools,Dụng cụ sửa chữa,False,,Dataset/DataRaw/country_code=vn/dataset=category_platform/category_platform.csv,vn,category_platform,,vn,100576,100615,758395205,false
Shopee,758395205,get_category,100614,100576,Straps,Dây đồng hồ,False,,Dataset/DataRaw/country_code=vn/dataset=category_platform/category_platform.csv,vn,category_platform,,vn,100576,100614,758395205,false
Shopee,758395205,get_category,100575,100534,Set & Couple Watches,Bộ đồng hồ & Đồng hồ cặp,False,,Dataset/DataRaw/country_code=vn/dataset=category_platform/category_platform.csv,vn,category_platform,,vn,100534,100575,758395205,false
Shopee,758395205,get_category,100574,100534,Men Watches,Đồng hồ nam,False,,Dataset/DataRaw/country_code=vn/dataset=category_platform/category_platform.csv,vn,category_platform,,vn,100534,100574,758395205,false
Shopee,758395205,get_category,100573,100534,Women Watches,Đồng hồ nữ,False,,Dataset/DataRaw/country_code=vn/dataset=category_platform/category_platform.csv,vn,category_platform,,vn,100534,100573,758395205,false
Shopee,758395205,get_category,100535,0,Audio,Thiết Bị Âm Thanh,True,,Dataset/DataRaw/country_code=vn/dataset=category_platform/category_platform.csv,vn,category_platform,,vn,0,100535,758395205,true
Shopee,758395205,get_category,100584,100535,Others,Khác,False,,Dataset/DataRaw/country_code=vn/dataset=category_platform/category_platform.csv,vn,category_platform,,vn,100535,100584,758395205,false
Shopee,758395205,get_category,100583,100535,Audio & Video Cables & Converters,Cáp âm thanh/ video & Đầu chuyển,False,,Dataset/DataRaw/country_code=vn/dataset=category_platform/category_platform.csv,vn,category_platform,,vn,100535,100583,758395205,false
Shopee,758395205,get_category,100582,100535,Home Audio & Speakers,Dàn âm thanh,True,,Dataset/DataRaw/country_code=vn/dataset=category_platform/category_platform.csv,vn,category_platform,,vn,100535,100582,758395205,true
Shopee,758395205,get_category,100628,100582,Others,Khác,False,,Dataset/DataRaw/country_code=vn/dataset=category_platform/category_platform.csv,vn,category_platform,,vn,100582,100628,758395205,false
Shopee,758395205,get_category,100627,100582,AV Receivers,Thu sóng AV,False,,Dataset/DataRaw/country_code=vn/dataset=category_platform/category_platform.csv,vn,category_platform,,vn,100582,100627,758395205,false
Shopee,758395205,get_category,100626,100582,Home Theater Systems,Hệ thống âm thanh giải trí tại gia,False,,Dataset/DataRaw/country_code=vn/dataset=category_platform/category_platform.csv,vn,category_platform,,vn,100582,100626,758395205,false
Shopee,758395205,get_category,100625,100582,Speakers,Loa,False,,Dataset/DataRaw/country_code=vn/dataset=category_platform/category_platform.csv,vn,category_platform,,vn,100582,100625,758395205,false
Shopee,758395205,get_category,100581,100535,Amplifiers & Mixers,Amply và đầu chỉnh âm,False,,Dataset/DataRaw/country_code=vn/dataset=category_platform/category_platform.csv,vn,category_platform,,vn,100535,100581,758395205,false
Shopee,758395205,get_category,100580,100535,Microphones,Micro thu âm,False,,Dataset/DataRaw/country_code=vn/dataset=category_platform/category_platform.csv,vn,category_platform,,vn,100535,100580,758395205,false
Shopee,758395205,get_category,100579,100535,Media Players,Máy nghe nhạc,True,,Dataset/DataRaw/country_code=vn/dataset=category_platform/category_platform.csv,vn,category_platform,,vn,100535,100579,758395205,true
Shopee,758395205,get_category,100624,100579,Others,Khác,False,,Dataset/DataRaw/country_code=vn/dataset=category_platform/category_platform.csv,vn,category_platform,,vn,100579,100624,758395205,false
Shopee,758395205,get_category,100623,100579,Radio & Cassette Players,Radio & Cát-sét,False,,Dataset/DataRaw/country_code=vn/dataset=category_platform/category_platform.csv,vn,category_platform,,vn,100579,100623,758395205,false
Shopee,758395205,get_category,100622,100579,Voice Recorders,Máy ghi âm,False,,Dataset/DataRaw/country_code=vn/dataset=category_platform/category_platform.csv,vn,category_platform,,vn,100579,100622,758395205,false
Shopee,758395205,get_category,100621,100579,"CD, DVD, & Blu-ray Players","CD, DVD & Bluray",False,,Dataset/DataRaw/country_code=vn/dataset=category_platform/category_platform.csv,vn,category_platform,,vn,100579,100621,758395205,false
Shopee,758395205,get_category,100620,100579,MP3 & MP4 Players,MP3 & MP4,False,,Dataset/DataRaw/country_code=vn/dataset=category_platform/category_platform.csv,vn,category_platform,,vn,100579,100620,758395205,false
Shopee,758395205,get_category,100578,100535,"Earphones, Headphones & Headsets",Tai nghe nhét tai & chụp tai,False,,Dataset/DataRaw/country_code=vn/dataset=category_platform/category_platform.csv,vn,category_platform,,vn,100535,100578,758395205,false
Shopee,758395205,get_category,100629,0,Food & Beverages,Thực phẩm và đồ uống,True,,Dataset/DataRaw/country_code=vn/dataset=category_platform/category_platform.csv,vn,category_platform,,vn,0,100629,758395205,true
Shopee,758395205,get_category,100657,100629,Others,Khác,False,,Dataset/DataRaw/country_code=vn/dataset=category_platform/category_platform.csv,vn,category_platform,,vn,100629,100657,758395205,false
Shopee,758395205,get_category,100656,100629,Gift Set & Hampers,Bộ quà tặng,False,,Dataset/DataRaw/country_code=vn/dataset=category_platform/category_platform.csv,vn,category_platform,,vn,100629,100656,758395205,false
Shopee,758395205,get_category,100655,100629,Alcoholic Beverages,Đồ uống có cồn,True,,Dataset/DataRaw/country_code=vn/dataset=category_platform/category_platform.csv,vn,category_platform,,vn,100629,100655,758395205,true
Shopee,758395205,get_category,100864,100655,Others,Khác,False,,Dataset/DataRaw/country_code=vn/dataset=category_platform/category_platform.csv,vn,category_platform,,vn,100655,100864,758395205,false
Shopee,758395205,get_category,100863,100655,"Sake, Soju & Umeshu","Rượu sake, soju & umeshu",False,,Dataset/DataRaw/country_code=vn/dataset=category_platform/category_platform.csv,vn,category_platform,,vn,100655,100863,758395205,false
Shopee,758395205,get_category,100862,100655,Liquor & Spirits,Rượu mạnh,False,,Dataset/DataRaw/country_code=vn/dataset=category_platform/category_platform.csv,vn,category_platform,,vn,100655,100862,758395205,false
Shopee,758395205,get_category,100861,100655,Wine & Champagne,Rượu vang & Sâm panh,False,,Dataset/DataRaw/country_code=vn/dataset=category_platform/category_platform.csv,vn,category_platform,,vn,100655,100861,758395205,false
Shopee,758395205,get_category,100860,100655,Beer & Cider,Bia và trái cây lên men,False,,Dataset/DataRaw/country_code=vn/dataset=category_platform/category_platform.csv,vn,category_platform,,vn,100655,100860,758395205,false
Shopee,758395205,get_category,100654,100629,Bakery,Các loại bánh,True,,Dataset/DataRaw/country_code=vn/dataset=category_platform/category_platform.csv,vn,category_platform,,vn,100629,100654,758395205,true
Shopee,758395205,get_category,100859,100654,Others,Khác,False,,Dataset/DataRaw/country_code=vn/dataset=category_platform/category_platform.csv,vn,category_platform,,vn,100654,100859,758395205,false
Shopee,758395205,get_category,100858,100654,Pastry,Bánh ngọt/ pastry,False,,Dataset/DataRaw/country_code=vn/dataset=category_platform/category_platform.csv,vn,category_platform,,vn,100654,100858,758395205,false
Shopee,758395205,get_category,100857,100654,Cakes & Pies,Bánh kem,False,,Dataset/DataRaw/country_code=vn/dataset=category_platform/category_platform.csv,vn,category_platform,,vn,100654,100857,758395205,false
Shopee,758395205,get_category,100856,100654,Breads,Bánh mì,False,,Dataset/DataRaw/country_code=vn/dataset=category_platform/category_platform.csv,vn,category_platform,,vn,100654,100856,758395205,false
Shopee,758395205,get_category,100653,100629,Fresh & Frozen Food,Thực phẩm tươi sống & đông lạnh,True,,Dataset/DataRaw/country_code=vn/dataset=category_platform/category_platform.csv,vn,category_platform,,vn,100629,100653,758395205,true
Shopee,758395205,get_category,100855,100653,Processed Meat & Seafood,Thịt và hải sản chế biến sẵn,False,,Dataset/DataRaw/country_code=vn/dataset=category_platform/category_platform.csv,vn,category_platform,,vn,100653,100855,758395205,false
Shopee,758395205,get_category,100854,100653,Frozen Processed Food,Thực phẩm đông lạnh chế biến sẵn,False,,Dataset/DataRaw/country_code=vn/dataset=category_platform/category_platform.csv,vn,category_platform,,vn,100653,100854,758395205,false
Shopee,758395205,get_category,100853,100653,Mushroom,Nấm,False,,Dataset/DataRaw/country_code=vn/dataset=category_platform/category_platform.csv,vn,category_platform,,vn,100653,100853,758395205,false
Shopee,758395205,get_category,100852,100653,Fruits,Trái cây,True,,Dataset/DataRaw/country_code=vn/dataset=category_platform/category_platform.csv,vn,category_platform,,vn,100653,100852,758395205,true
Shopee,758395205,get_category,102093,100852,Others,Khác,False,,Dataset/DataRaw/country_code=vn/dataset=category_platform/category_platform.csv,vn,category_platform,,vn,100852,102093,758395205,false
Shopee,758395205,get_category,102092,100852,Pre-cut & Assorted Fruit Set,Trái cây sơ chế & set trái cây,False,,Dataset/DataRaw/country_code=vn/dataset=category_platform/category_platform.csv,vn,category_platform,,vn,100852,102092,758395205,false
Shopee,758395205,get_category,102091,100852,Tropical & Exotic Fruits,Trái cây nhiệt đới & ngoại lai,False,,Dataset/DataRaw/country_code=vn/dataset=category_platform/category_platform.csv,vn,category_platform,,vn,100852,102091,758395205,false
Shopee,758395205,get_category,102090,100852,Stonefruits,Các loại quả hạch,False,,Dataset/DataRaw/country_code=vn/dataset=category_platform/category_platform.csv,vn,category_platform,,vn,100852,102090,758395205,false
Shopee,758395205,get_category,102089,100852,Melons,Các loại dưa,False,,Dataset/DataRaw/country_code=vn/dataset=category_platform/category_platform.csv,vn,category_platform,,vn,100852,102089,758395205,false
Shopee,758395205,get_category,102088,100852,Grapes,Nho,False,,Dataset/DataRaw/country_code=vn/dataset=category_platform/category_platform.csv,vn,category_platform,,vn,100852,102088,758395205,false
Shopee,758395205,get_category,102087,100852,Citrus,Họ cam quýt,False,,Dataset/DataRaw/country_code=vn/dataset=category_platform/category_platform.csv,vn,category_platform,,vn,100852,102087,758395205,false
Shopee,758395205,get_category,102086,100852,Berries,Các loại quả mọng,False,,Dataset/DataRaw/country_code=vn/dataset=category_platform/category_platform.csv,vn,category_platform,,vn,100852,102086,758395205,false
Shopee,758395205,get_category,102085,100852,Bananas,Chuối,False,,Dataset/DataRaw/country_code=vn/dataset=category_platform/category_platform.csv,vn,category_platform,,vn,100852,102085,758395205,false
Shopee,758395205,get_category,102084,100852,Apples & Pears,Táo & Lê,False,,Dataset/DataRaw/country_code=vn/dataset=category_platform/category_platform.csv,vn,category_platform,,vn,100852,102084,758395205,false
Shopee,758395205,get_category,100851,100653,Vegetables,Rau củ,True,,Dataset/DataRaw/country_code=vn/dataset=category_platform/category_platform.csv,vn,category_platform,,vn,100653,100851,758395205,true
Shopee,758395205,get_category,102083,100851,Others,Khác,False,,Dataset/DataRaw/country_code=vn/dataset=category_platform/category_platform.csv,vn,category_platform,,vn,100851,102083,758395205,false
Shopee,758395205,get_category,102082,100851,Pre-cut & Assorted Vegetable Set,Rau củ sơ chế & set rau củ,False,,Dataset/DataRaw/country_code=vn/dataset=category_platform/category_platform.csv,vn,category_platform,,vn,100851,102082,758395205,false
Shopee,758395205,get_category,102081,100851,Salads Vegetables,Các loại rau salad,False,,Dataset/DataRaw/country_code=vn/dataset=category_platform/category_platform.csv,vn,category_platform,,vn,100851,102081,758395205,false
Shopee,758395205,get_category,102080,100851,Sprouts,Rau mầm,False,,Dataset/DataRaw/country_code=vn/dataset=category_platform/category_platform.csv,vn,category_platform,,vn,100851,102080,758395205,false
Shopee,758395205,get_category,102079,100851,Root & Stem Vegetables,Rau dạng củ & thân,False,,Dataset/DataRaw/country_code=vn/dataset=category_platform/category_platform.csv,vn,category_platform,,vn,100851,102079,758395205,false
Shopee,758395205,get_category,102078,100851,"Peas, Beans, Nuts & Corn","Đậu, hạt & bắp",False,,Dataset/DataRaw/country_code=vn/dataset=category_platform/category_platform.csv,vn,category_platform,,vn,100851,102078,758395205,false
Shopee,758395205,get_category,102077,100851,"Garlic, Ginger & Onion","Tỏi, gừng & củ hành",False,,Dataset/DataRaw/country_code=vn/dataset=category_platform/category_platform.csv,vn,category_platform,,vn,100851,102077,758395205,false
Shopee,758395205,get_category,102076,100851,Chilli & Capsicum,Ớt,False,,Dataset/DataRaw/country_code=vn/dataset=category_platform/category_platform.csv,vn,category_platform,,vn,100851,102076,758395205,false
Shopee,758395205,get_category,102075,100851,Broccoli & Cauliflowers,Bông cải & súp lơ,False,,Dataset/DataRaw/country_code=vn/dataset=category_platform/category_platform.csv,vn,category_platform,,vn,100851,102075,758395205,false
Shopee,758395205,get_category,102074,100851,"Brinjals, Gourds & Squashes","Họ cà tím, họ bầu bí",False,,Dataset/DataRaw/country_code=vn/dataset=category_platform/category_platform.csv,vn,category_platform,,vn,100851,102074,758395205,false
Shopee,758395205,get_category,102073,100851,Leafy Vegetables,Các loại rau cải,False,,Dataset/DataRaw/country_code=vn/dataset=category_platform/category_platform.csv,vn,category_platform,,vn,100851,102073,758395205,false
Shopee,758395205,get_category,102072,100851,Fresh Herbs,Rau gia vị,False,,Dataset/DataRaw/country_code=vn/dataset=category_platform/category_platform.csv,vn,category_platform,,vn,100851,102072,758395205,false
Shopee,758395205,get_category,102071,100851,Cabbage & Brussel Sprouts,Bắp cải,False,,Dataset/DataRaw/country_code=vn/dataset=category_platform/category_platform.csv,vn,category_platform,,vn,100851,102071,758395205,false
Shopee,758395205,get_category,100850,100653,Others,Khác,False,,Dataset/DataRaw/country_code=vn/dataset=category_platform/category_platform.csv,vn,category_platform,,vn,100653,100850,758395205,false
Shopee,758395205,get_category,100849,100653,Vegetarian Meat,Thịt chay,False,,Dataset/DataRaw/country_code=vn/dataset=category_platform/category_platform.csv,vn,category_platform,,vn,100653,100849,758395205,false
Shopee,758395205,get_category,100848,100653,Seafood,Hải sản,True,,Dataset/DataRaw/country_code=vn/dataset=category_platform/category_platform.csv,vn,category_platform,,vn,100653,100848,758395205,true
Shopee,758395205,get_category,101606,100848,Others,Khác,False,,Dataset/DataRaw/country_code=vn/dataset=category_platform/category_platform.csv,vn,category_platform,,vn,100848,101606,758395205,false
Shopee,758395205,get_category,101605,100848,Crab,Cua,False,,Dataset/DataRaw/country_code=vn/dataset=category_platform/category_platform.csv,vn,category_platform,,vn,100848,101605,758395205,false
Shopee,758395205,get_category,101604,100848,Prawn,Tôm,False,,Dataset/DataRaw/country_code=vn/dataset=category_platform/category_platform.csv,vn,category_platform,,vn,100848,101604,758395205,false
Shopee,758395205,get_category,101603,100848,Fish,Cá,False,,Dataset/DataRaw/country_code=vn/dataset=category_platform/category_platform.csv,vn,category_platform,,vn,100848,101603,758395205,false
Shopee,758395205,get_category,100847,100653,Meat,Thịt,True,,Dataset/DataRaw/country_code=vn/dataset=category_platform/category_platform.csv,vn,category_platform,,vn,100653,100847,758395205,true
Shopee,758395205,get_category,101602,100847,Others,Khác,False,,Dataset/DataRaw/country_code=vn/dataset=category_platform/category_platform.csv,vn,category_platform,,vn,100847,101602,758395205,false
Shopee,758395205,get_category,101601,100847,Lamb,Thịt cừu,False,,Dataset/DataRaw/country_code=vn/dataset=category_platform/category_platform.csv,vn,category_platform,,vn,100847,101601,758395205,false
Shopee,758395205,get_category,101600,100847,Pork,Thịt lợn,False,,Dataset/DataRaw/country_code=vn/dataset=category_platform/category_platform.csv,vn,category_platform,,vn,100847,101600,758395205,false
Shopee,758395205,get_category,101599,100847,Poultry,Thịt gia cầm,False,,Dataset/DataRaw/country_code=vn/dataset=category_platform/category_platform.csv,vn,category_platform,,vn,100847,101599,758395205,false
Shopee,758395205,get_category,101598,100847,Beef,Thịt bò,False,,Dataset/DataRaw/country_code=vn/dataset=category_platform/category_platform.csv,vn,category_platform,,vn,100847,101598,758395205,false
Shopee,758395205,get_category,100652,100629,Dairy & Eggs,Sữa - trứng,True,,Dataset/DataRaw/country_code=vn/dataset=category_platform/category_platform.csv,vn,category_platform,,vn,100629,100652,758395205,true
Shopee,758395205,get_category,100846,100652,Others,Khác,False,,Dataset/DataRaw/country_code=vn/dataset=category_platform/category_platform.csv,vn,category_platform,,vn,100652,100846,758395205,false
Shopee,758395205,get_category,100845,100652,Beancurd,Đậu phụ,False,,Dataset/DataRaw/country_code=vn/dataset=category_platform/category_platform.csv,vn,category_platform,,vn,100652,100845,758395205,false
Shopee,758395205,get_category,100844,100652,Eggs,Trứng,False,,Dataset/DataRaw/country_code=vn/dataset=category_platform/category_platform.csv,vn,category_platform,,vn,100652,100844,758395205,false
Shopee,758395205,get_category,100843,100652,Ice cream,Kem,False,,Dataset/DataRaw/country_code=vn/dataset=category_platform/category_platform.csv,vn,category_platform,,vn,100652,100843,758395205,false
Shopee,758395205,get_category,100842,100652,Cheese & Cheese Powder,Phô mai & bột phô mai,False,,Dataset/DataRaw/country_code=vn/dataset=category_platform/category_platform.csv,vn,category_platform,,vn,100652,100842,758395205,false
Shopee,758395205,get_category,100841,100652,Butter & Margarine,Bơ động vật & thực vật,False,,Dataset/DataRaw/country_code=vn/dataset=category_platform/category_platform.csv,vn,category_platform,,vn,100652,100841,758395205,false
Shopee,758395205,get_category,100840,100652,Creamers,Bột kem béo,False,,Dataset/DataRaw/country_code=vn/dataset=category_platform/category_platform.csv,vn,category_platform,,vn,100652,100840,758395205,false
Shopee,758395205,get_category,100839,100652,Yogurt & Cultured Milk,Sữa chua,False,,Dataset/DataRaw/country_code=vn/dataset=category_platform/category_platform.csv,vn,category_platform,,vn,100652,100839,758395205,false
Shopee,758395205,get_category,100838,100652,Milk,Sữa,True,,Dataset/DataRaw/country_code=vn/dataset=category_platform/category_platform.csv,vn,category_platform,,vn,100652,100838,758395205,true
Shopee,758395205,get_category,101597,100838,Others,Khác,False,,Dataset/DataRaw/country_code=vn/dataset=category_platform/category_platform.csv,vn,category_platform,,vn,100838,101597,758395205,false
Shopee,758395205,get_category,101596,100838,Powdered Milk,Sữa bột,False,,Dataset/DataRaw/country_code=vn/dataset=category_platform/category_platform.csv,vn,category_platform,,vn,100838,101596,758395205,false
Shopee,758395205,get_category,101595,100838,Condensed & Evaporated Milk,Sữa đặc,False,,Dataset/DataRaw/country_code=vn/dataset=category_platform/category_platform.csv,vn,category_platform,,vn,100838,101595,758395205,false
Shopee,758395205,get_category,101594,100838,UHT Milk,Sữa tiệt trùng,False,,Dataset/DataRaw/country_code=vn/dataset=category_platform/category_platform.csv,vn,category_platform,,vn,100838,101594,758395205,false
Shopee,758395205,get_category,101593,100838,Fresh Milk,Sữa tươi,False,,Dataset/DataRaw/country_code=vn/dataset=category_platform/category_platform.csv,vn,category_platform,,vn,100838,101593,758395205,false
Shopee,758395205,get_category,100651,100629,Beverages,Đồ uống,True,,Dataset/DataRaw/country_code=vn/dataset=category_platform/category_platform.csv,vn,category_platform,,vn,100629,100651,758395205,true
Shopee,758395205,get_category,100837,100651,Others,Khác,False,,Dataset/DataRaw/country_code=vn/dataset=category_platform/category_platform.csv,vn,category_platform,,vn,100651,100837,758395205,false
Shopee,758395205,get_category,100836,100651,Non-dairy Milk,Sữa thực vật,False,,Dataset/DataRaw/country_code=vn/dataset=category_platform/category_platform.csv,vn,category_platform,,vn,100651,100836,758395205,false
Shopee,758395205,get_category,100835,100651,Drink Toppings,Topping,False,,Dataset/DataRaw/country_code=vn/dataset=category_platform/category_platform.csv,vn,category_platform,,vn,100651,100835,758395205,false
Shopee,758395205,get_category,100834,100651,Traditional & Herbal Drinks,Trà thảo mộc,False,,Dataset/DataRaw/country_code=vn/dataset=category_platform/category_platform.csv,vn,category_platform,,vn,100651,100834,758395205,false
Shopee,758395205,get_category,100833,100651,Dessert Drink,Đồ tráng miệng,False,,Dataset/DataRaw/country_code=vn/dataset=category_platform/category_platform.csv,vn,category_platform,,vn,100651,100833,758395205,false
Shopee,758395205,get_category,100832,100651,Powdered Drink Mixes,Bột pha,False,,Dataset/DataRaw/country_code=vn/dataset=category_platform/category_platform.csv,vn,category_platform,,vn,100651,100832,758395205,false
Shopee,758395205,get_category,100831,100651,Carbonated Drinks & Tonics,Nước có ga,False,,Dataset/DataRaw/country_code=vn/dataset=category_platform/category_platform.csv,vn,category_platform,,vn,100651,100831,758395205,false
Shopee,758395205,get_category,100830,100651,Cordial & Syrups,Siro pha,False,,Dataset/DataRaw/country_code=vn/dataset=category_platform/category_platform.csv,vn,category_platform,,vn,100651,100830,758395205,false
Shopee,758395205,get_category,100829,100651,Juice & Juice Vinegar,Nước trái cây lên men,False,,Dataset/DataRaw/country_code=vn/dataset=category_platform/category_platform.csv,vn,category_platform,,vn,100651,100829,758395205,false
Shopee,758395205,get_category,100828,100651,Water,Nước tinh khiết,False,,Dataset/DataRaw/country_code=vn/dataset=category_platform/category_platform.csv,vn,category_platform,,vn,100651,100828,758395205,false
Shopee,758395205,get_category,100827,100651,Energy & Isotonic Drinks,Nước tăng lực,False,,Dataset/DataRaw/country_code=vn/dataset=category_platform/category_platform.csv,vn,category_platform,,vn,100651,100827,758395205,false
Shopee,758395205,get_category,100826,100651,Chocolate Drinks,Thức uống Sô cô la,False,,Dataset/DataRaw/country_code=vn/dataset=category_platform/category_platform.csv,vn,category_platform,,vn,100651,100826,758395205,false
Shopee,758395205,get_category,100825,100651,Tea & Tea Bags,Trà & trà túi lọc,False,,Dataset/DataRaw/country_code=vn/dataset=category_platform/category_platform.csv,vn,category_platform,,vn,100651,100825,758395205,false
Shopee,758395205,get_category,100824,100651,Coffee,Cà phê,False,,Dataset/DataRaw/country_code=vn/dataset=category_platform/category_platform.csv,vn,category_platform,,vn,100651,100824,758395205,false
Shopee,758395205,get_category,100650,100629,Breakfast Cereals & Spread,Ngũ cốc & mứt,True,,Dataset/DataRaw/country_code=vn/dataset=category_platform/category_platform.csv,vn,category_platform,,vn,100629,100650,758395205,true
Shopee,758395205,get_category,100823,100650,Others,Khác,False,,Dataset/DataRaw/country_code=vn/dataset=category_platform/category_platform.csv,vn,category_platform,,vn,100650,100823,758395205,false
Shopee,758395205,get_category,100822,100650,Breakfast Bar,Thanh dinh dưỡng,False,,Dataset/DataRaw/country_code=vn/dataset=category_platform/category_platform.csv,vn,category_platform,,vn,100650,100822,758395205,false
Shopee,758395205,get_category,100821,100650,"Cereal, Granola & Oats",Ngũ cốc,False,,Dataset/DataRaw/country_code=vn/dataset=category_platform/category_platform.csv,vn,category_platform,,vn,100650,100821,758395205,false
Shopee,758395205,get_category,100820,100650,Jam & Spread,Mứt,False,,Dataset/DataRaw/country_code=vn/dataset=category_platform/category_platform.csv,vn,category_platform,,vn,100650,100820,758395205,false
Shopee,758395205,get_category,100819,100650,Honey & Maple Syrups,Mật ong và siro,False,,Dataset/DataRaw/country_code=vn/dataset=category_platform/category_platform.csv,vn,category_platform,,vn,100650,100819,758395205,false
Shopee,758395205,get_category,100649,100629,Baking Needs,Đồ làm bánh,True,,Dataset/DataRaw/country_code=vn/dataset=category_platform/category_platform.csv,vn,category_platform,,vn,100629,100649,758395205,true
Shopee,758395205,get_category,100818,100649,Others,Khác,False,,Dataset/DataRaw/country_code=vn/dataset=category_platform/category_platform.csv,vn,category_platform,,vn,100649,100818,758395205,false
Shopee,758395205,get_category,100817,100649,Baking Decoration,Đồ trang trí,False,,Dataset/DataRaw/country_code=vn/dataset=category_platform/category_platform.csv,vn,category_platform,,vn,100649,100817,758395205,false
Shopee,758395205,get_category,100816,100649,Food Coloring,Chất tạo màu,False,,Dataset/DataRaw/country_code=vn/dataset=category_platform/category_platform.csv,vn,category_platform,,vn,100649,100816,758395205,false
Shopee,758395205,get_category,100815,100649,Flour,Bột mì,False,,Dataset/DataRaw/country_code=vn/dataset=category_platform/category_platform.csv,vn,category_platform,,vn,100649,100815,758395205,false
Shopee,758395205,get_category,100814,100649,Baking Premix Flour,Bột pha sẵn,False,,Dataset/DataRaw/country_code=vn/dataset=category_platform/category_platform.csv,vn,category_platform,,vn,100649,100814,758395205,false
Shopee,758395205,get_category,100813,100649,Baking Powder & Soda,Bột nở và muối nở,False,,Dataset/DataRaw/country_code=vn/dataset=category_platform/category_platform.csv,vn,category_platform,,vn,100649,100813,758395205,false
Shopee,758395205,get_category,100812,100649,Baking Flavoring,Hương liệu,False,,Dataset/DataRaw/country_code=vn/dataset=category_platform/category_platform.csv,vn,category_platform,,vn,100649,100812,758395205,false
Shopee,758395205,get_category,100648,100629,Cooking Essentials,Nguyên liệu nấu ăn,True,,Dataset/DataRaw/country_code=vn/dataset=category_platform/category_platform.csv,vn,category_platform,,vn,100629,100648,758395205,true
Shopee,758395205,get_category,100811,100648,Others,Khác,False,,Dataset/DataRaw/country_code=vn/dataset=category_platform/category_platform.csv,vn,category_platform,,vn,100648,100811,758395205,false
Shopee,758395205,get_category,100810,100648,Flour Coating,Bột phủ,False,,Dataset/DataRaw/country_code=vn/dataset=category_platform/category_platform.csv,vn,category_platform,,vn,100648,100810,758395205,false
Shopee,758395205,get_category,100809,100648,Flavour Enhancers,Phụ gia thực phẩm,False,,Dataset/DataRaw/country_code=vn/dataset=category_platform/category_platform.csv,vn,category_platform,,vn,100648,100809,758395205,false
Shopee,758395205,get_category,100808,100648,Cooking Paste & Kit,Gói/ bột gia vị,False,,Dataset/DataRaw/country_code=vn/dataset=category_platform/category_platform.csv,vn,category_platform,,vn,100648,100808,758395205,false
Shopee,758395205,get_category,100807,100648,"Stock, Gravy & Instant Soup",Sốt & súp ăn liền,False,,Dataset/DataRaw/country_code=vn/dataset=category_platform/category_platform.csv,vn,category_platform,,vn,100648,100807,758395205,false
Shopee,758395205,get_category,100806,100648,Sweetener,Chất tạo ngọt,False,,Dataset/DataRaw/country_code=vn/dataset=category_platform/category_platform.csv,vn,category_platform,,vn,100648,100806,758395205,false
Shopee,758395205,get_category,100805,100648,Sugar,Đường,False,,Dataset/DataRaw/country_code=vn/dataset=category_platform/category_platform.csv,vn,category_platform,,vn,100648,100805,758395205,false
Shopee,758395205,get_category,100804,100648,Seasonings & Condiments,Gia vị & Hương liệu,True,,Dataset/DataRaw/country_code=vn/dataset=category_platform/category_platform.csv,vn,category_platform,,vn,100648,100804,758395205,true
Shopee,758395205,get_category,101592,100804,Others,Khác,False,,Dataset/DataRaw/country_code=vn/dataset=category_platform/category_platform.csv,vn,category_platform,,vn,100804,101592,758395205,false
Shopee,758395205,get_category,101591,100804,Dressing,Nước chấm,False,,Dataset/DataRaw/country_code=vn/dataset=category_platform/category_platform.csv,vn,category_platform,,vn,100804,101591,758395205,false
Shopee,758395205,get_category,101590,100804,Cooking Wine,Rượu nấu ăn,False,,Dataset/DataRaw/country_code=vn/dataset=category_platform/category_platform.csv,vn,category_platform,,vn,100804,101590,758395205,false
Shopee,758395205,get_category,101589,100804,Vinegar,Giấm,False,,Dataset/DataRaw/country_code=vn/dataset=category_platform/category_platform.csv,vn,category_platform,,vn,100804,101589,758395205,false
Shopee,758395205,get_category,101588,100804,Chilli & Sambal,Ớt & sa tế,False,,Dataset/DataRaw/country_code=vn/dataset=category_platform/category_platform.csv,vn,category_platform,,vn,100804,101588,758395205,false
Shopee,758395205,get_category,101587,100804,Sauce,Các loại sốt,False,,Dataset/DataRaw/country_code=vn/dataset=category_platform/category_platform.csv,vn,category_platform,,vn,100804,101587,758395205,false
Shopee,758395205,get_category,101586,100804,Herbs & Spices,Gia vị & Thảo mộc,False,,Dataset/DataRaw/country_code=vn/dataset=category_platform/category_platform.csv,vn,category_platform,,vn,100804,101586,758395205,false
Shopee,758395205,get_category,101585,100804,Salt,Muối,False,,Dataset/DataRaw/country_code=vn/dataset=category_platform/category_platform.csv,vn,category_platform,,vn,100804,101585,758395205,false
Shopee,758395205,get_category,101584,100804,Pepper,Tiêu,False,,Dataset/DataRaw/country_code=vn/dataset=category_platform/category_platform.csv,vn,category_platform,,vn,100804,101584,758395205,false
Shopee,758395205,get_category,100803,100648,Oil,Dầu ăn,False,,Dataset/DataRaw/country_code=vn/dataset=category_platform/category_platform.csv,vn,category_platform,,vn,100648,100803,758395205,false
Shopee,758395205,get_category,100647,100629,Food Staples,Nhu yếu phẩm,True,,Dataset/DataRaw/country_code=vn/dataset=category_platform/category_platform.csv,vn,category_platform,,vn,100629,100647,758395205,true
Shopee,758395205,get_category,100802,100647,Preserved Vegetables,Rau củ ngâm,False,,Dataset/DataRaw/country_code=vn/dataset=category_platform/category_platform.csv,vn,category_platform,,vn,100647,100802,758395205,false
Shopee,758395205,get_category,100801,100647,Canned Food,Thực phẩm đóng hộp,True,,Dataset/DataRaw/country_code=vn/dataset=category_platform/category_platform.csv,vn,category_platform,,vn,100647,100801,758395205,true
Shopee,758395205,get_category,102028,100801,Others,Khác,False,,Dataset/DataRaw/country_code=vn/dataset=category_platform/category_platform.csv,vn,category_platform,,vn,100801,102028,758395205,false
Shopee,758395205,get_category,102027,100801,Canned Soup,Súp hộp,False,,Dataset/DataRaw/country_code=vn/dataset=category_platform/category_platform.csv,vn,category_platform,,vn,100801,102027,758395205,false
Shopee,758395205,get_category,102026,100801,Canned Vegetables,Rau củ đóng hộp,False,,Dataset/DataRaw/country_code=vn/dataset=category_platform/category_platform.csv,vn,category_platform,,vn,100801,102026,758395205,false
Shopee,758395205,get_category,102025,100801,Canned Seafood,Hải sản đóng hộp,False,,Dataset/DataRaw/country_code=vn/dataset=category_platform/category_platform.csv,vn,category_platform,,vn,100801,102025,758395205,false
Shopee,758395205,get_category,102024,100801,Canned Meat,Thịt hộp,False,,Dataset/DataRaw/country_code=vn/dataset=category_platform/category_platform.csv,vn,category_platform,,vn,100801,102024,758395205,false
Shopee,758395205,get_category,101583,100801,Canned Fruits,Trái cây đóng hộp,False,,Dataset/DataRaw/country_code=vn/dataset=category_platform/category_platform.csv,vn,category_platform,,vn,100801,101583,758395205,false
Shopee,758395205,get_category,100800,100647,Others,Khác,False,,Dataset/DataRaw/country_code=vn/dataset=category_platform/category_platform.csv,vn,category_platform,,vn,100647,100800,758395205,false
Shopee,758395205,get_category,100799,100647,Pasta,Mì Ý,False,,Dataset/DataRaw/country_code=vn/dataset=category_platform/category_platform.csv,vn,category_platform,,vn,100647,100799,758395205,false
Shopee,758395205,get_category,100798,100647,Rice,Gạo,False,,Dataset/DataRaw/country_code=vn/dataset=category_platform/category_platform.csv,vn,category_platform,,vn,100647,100798,758395205,false
Shopee,758395205,get_category,100797,100647,Noodles,Mì,False,,Dataset/DataRaw/country_code=vn/dataset=category_platform/category_platform.csv,vn,category_platform,,vn,100647,100797,758395205,false
Shopee,758395205,get_category,100796,100647,Dried Goods,Thực phẩm khô,True,,Dataset/DataRaw/country_code=vn/dataset=category_platform/category_platform.csv,vn,category_platform,,vn,100647,100796,758395205,true
Shopee,758395205,get_category,101582,100796,Others,Khác,False,,Dataset/DataRaw/country_code=vn/dataset=category_platform/category_platform.csv,vn,category_platform,,vn,100796,101582,758395205,false
Shopee,758395205,get_category,101581,100796,Traditional Herbs,Thảo mộc truyền thống,False,,Dataset/DataRaw/country_code=vn/dataset=category_platform/category_platform.csv,vn,category_platform,,vn,100796,101581,758395205,false
Shopee,758395205,get_category,101580,100796,Dried Seafood,Hải sản sấy khô,False,,Dataset/DataRaw/country_code=vn/dataset=category_platform/category_platform.csv,vn,category_platform,,vn,100796,101580,758395205,false
Shopee,758395205,get_category,101579,100796,Beans & Grains,Đậu & ngũ cốc,False,,Dataset/DataRaw/country_code=vn/dataset=category_platform/category_platform.csv,vn,category_platform,,vn,100796,101579,758395205,false
Shopee,758395205,get_category,100646,100629,Snacks,Đồ ăn vặt,True,,Dataset/DataRaw/country_code=vn/dataset=category_platform/category_platform.csv,vn,category_platform,,vn,100629,100646,758395205,true
Shopee,758395205,get_category,100795,100646,Dried Snacks,Thức ăn khô,True,,Dataset/DataRaw/country_code=vn/dataset=category_platform/category_platform.csv,vn,category_platform,,vn,100646,100795,758395205,true
Shopee,758395205,get_category,101578,100795,Others,Khác,False,,Dataset/DataRaw/country_code=vn/dataset=category_platform/category_platform.csv,vn,category_platform,,vn,100795,101578,758395205,false
Shopee,758395205,get_category,101577,100795,Dried Seafood Snacks,Hải sản sấy khô,False,,Dataset/DataRaw/country_code=vn/dataset=category_platform/category_platform.csv,vn,category_platform,,vn,100795,101577,758395205,false
Shopee,758395205,get_category,101576,100795,Meat Floss,Chà bông,False,,Dataset/DataRaw/country_code=vn/dataset=category_platform/category_platform.csv,vn,category_platform,,vn,100795,101576,758395205,false
Shopee,758395205,get_category,101575,100795,Dried Fruits,Hoa quả sấy khô,False,,Dataset/DataRaw/country_code=vn/dataset=category_platform/category_platform.csv,vn,category_platform,,vn,100795,101575,758395205,false
Shopee,758395205,get_category,101574,100795,Meat Jerky and Bakkwa,Thịt khô,False,,Dataset/DataRaw/country_code=vn/dataset=category_platform/category_platform.csv,vn,category_platform,,vn,100795,101574,758395205,false
Shopee,758395205,get_category,100794,100646,"Pudding, Jellies & Marshmallow","Pudding, thạch & kẹo dẻo",False,,Dataset/DataRaw/country_code=vn/dataset=category_platform/category_platform.csv,vn,category_platform,,vn,100646,100794,758395205,false
Shopee,758395205,get_category,100793,100646,Others,Khác,False,,Dataset/DataRaw/country_code=vn/dataset=category_platform/category_platform.csv,vn,category_platform,,vn,100646,100793,758395205,false
Shopee,758395205,get_category,100792,100646,Nuts,Các loại đậu sấy khô,False,,Dataset/DataRaw/country_code=vn/dataset=category_platform/category_platform.csv,vn,category_platform,,vn,100646,100792,758395205,false
Shopee,758395205,get_category,100791,100646,Seaweed,Các loại rong biển ăn liền,False,,Dataset/DataRaw/country_code=vn/dataset=category_platform/category_platform.csv,vn,category_platform,,vn,100646,100791,758395205,false
Shopee,758395205,get_category,100790,100646,Popcorn,Bỏng ngô,False,,Dataset/DataRaw/country_code=vn/dataset=category_platform/category_platform.csv,vn,category_platform,,vn,100646,100790,758395205,false
Shopee,758395205,get_category,100789,100646,Seeds,Các loại hạt sấy khô,False,,Dataset/DataRaw/country_code=vn/dataset=category_platform/category_platform.csv,vn,category_platform,,vn,100646,100789,758395205,false
Shopee,758395205,get_category,100788,100646,Chips & Crisps,Khoai tây lát,False,,Dataset/DataRaw/country_code=vn/dataset=category_platform/category_platform.csv,vn,category_platform,,vn,100646,100788,758395205,false
Shopee,758395205,get_category,100787,100646,"Biscuits, Cookies & Wafers",Bánh quy,False,,Dataset/DataRaw/country_code=vn/dataset=category_platform/category_platform.csv,vn,category_platform,,vn,100646,100787,758395205,false
Shopee,758395205,get_category,100786,100646,Chocolate,Sô cô la,False,,Dataset/DataRaw/country_code=vn/dataset=category_platform/category_platform.csv,vn,category_platform,,vn,100646,100786,758395205,false
Shopee,758395205,get_category,100785,100646,Sweets & Candy,Kẹo,False,,Dataset/DataRaw/country_code=vn/dataset=category_platform/category_platform.csv,vn,category_platform,,vn,100646,100785,758395205,false
Shopee,758395205,get_category,100645,100629,Convenience / Ready-to-eat,Đồ chế biến sẵn,True,,Dataset/DataRaw/country_code=vn/dataset=category_platform/category_platform.csv,vn,category_platform,,vn,100629,100645,758395205,true
Shopee,758395205,get_category,100784,100645,Instant Noodles,Mì ăn liền,False,,Dataset/DataRaw/country_code=vn/dataset=category_platform/category_platform.csv,vn,category_platform,,vn,100645,100784,758395205,false
Shopee,758395205,get_category,100783,100645,Instant Hotpot,Lẩu ăn liền,False,,Dataset/DataRaw/country_code=vn/dataset=category_platform/category_platform.csv,vn,category_platform,,vn,100645,100783,758395205,false
Shopee,758395205,get_category,100782,100645,Instant Rice & Porridge,Cơm và cháo ăn liền,False,,Dataset/DataRaw/country_code=vn/dataset=category_platform/category_platform.csv,vn,category_platform,,vn,100645,100782,758395205,false
Shopee,758395205,get_category,100781,100645,Others,Khác,False,,Dataset/DataRaw/country_code=vn/dataset=category_platform/category_platform.csv,vn,category_platform,,vn,100645,100781,758395205,false
Shopee,758395205,get_category,100780,100645,Cooked Food,Đồ ăn chế biến sẵn,False,,Dataset/DataRaw/country_code=vn/dataset=category_platform/category_platform.csv,vn,category_platform,,vn,100645,100780,758395205,false
Shopee,758395205,get_category,100631,0,Pets,Chăm Sóc Thú Cưng,True,,Dataset/DataRaw/country_code=vn/dataset=category_platform/category_platform.csv,vn,category_platform,,vn,0,100631,758395205,true
Shopee,758395205,get_category,100673,100631,Others,Khác,False,,Dataset/DataRaw/country_code=vn/dataset=category_platform/category_platform.csv,vn,category_platform,,vn,100631,100673,758395205,false
Shopee,758395205,get_category,100672,100631,Pet Healthcare,Chăm sóc sức khỏe,True,,Dataset/DataRaw/country_code=vn/dataset=category_platform/category_platform.csv,vn,category_platform,,vn,100631,100672,758395205,true
Shopee,758395205,get_category,100944,100672,Vitamins & Supplements,Vitamin & chất bổ sung dinh dưỡng,False,,Dataset/DataRaw/country_code=vn/dataset=category_platform/category_platform.csv,vn,category_platform,,vn,100672,100944,758395205,false
Shopee,758395205,get_category,100943,100672,Others,Khác,False,,Dataset/DataRaw/country_code=vn/dataset=category_platform/category_platform.csv,vn,category_platform,,vn,100672,100943,758395205,false
Shopee,758395205,get_category,100671,100631,Pet Clothing & Accessories,Quần áo & phụ kiện,True,,Dataset/DataRaw/country_code=vn/dataset=category_platform/category_platform.csv,vn,category_platform,,vn,100631,100671,758395205,true
Shopee,758395205,get_category,100940,100671,Others,Khác,False,,Dataset/DataRaw/country_code=vn/dataset=category_platform/category_platform.csv,vn,category_platform,,vn,100671,100940,758395205,false
Shopee,758395205,get_category,100939,100671,Hats,Mũ nón thú cưng,False,,Dataset/DataRaw/country_code=vn/dataset=category_platform/category_platform.csv,vn,category_platform,,vn,100671,100939,758395205,false
Shopee,758395205,get_category,100938,100671,Hair Accessories,Phụ kiện lông,False,,Dataset/DataRaw/country_code=vn/dataset=category_platform/category_platform.csv,vn,category_platform,,vn,100671,100938,758395205,false
Shopee,758395205,get_category,100937,100671,Eyewear,Kính mắt,False,,Dataset/DataRaw/country_code=vn/dataset=category_platform/category_platform.csv,vn,category_platform,,vn,100671,100937,758395205,false
Shopee,758395205,get_category,100936,100671,Neck Accessories,Phụ kiện đeo cổ,False,,Dataset/DataRaw/country_code=vn/dataset=category_platform/category_platform.csv,vn,category_platform,,vn,100671,100936,758395205,false
Shopee,758395205,get_category,100935,100671,"Boots, Socks & Paw Protectors","Giày, tất & bảo vệ móng",False,,Dataset/DataRaw/country_code=vn/dataset=category_platform/category_platform.csv,vn,category_platform,,vn,100671,100935,758395205,false
Shopee,758395205,get_category,100934,100671,Wet Weather Gear,Áo mưa chó mèo,False,,Dataset/DataRaw/country_code=vn/dataset=category_platform/category_platform.csv,vn,category_platform,,vn,100671,100934,758395205,false
Shopee,758395205,get_category,100933,100671,Pet Clothing,Quần áo thú cưng,False,,Dataset/DataRaw/country_code=vn/dataset=category_platform/category_platform.csv,vn,category_platform,,vn,100671,100933,758395205,false
Shopee,758395205,get_category,100670,100631,Pet Grooming,Làm đẹp cho thú cưng,True,,Dataset/DataRaw/country_code=vn/dataset=category_platform/category_platform.csv,vn,category_platform,,vn,100631,100670,758395205,true
Shopee,758395205,get_category,100932,100670,Others,Khác,False,,Dataset/DataRaw/country_code=vn/dataset=category_platform/category_platform.csv,vn,category_platform,,vn,100670,100932,758395205,false
Shopee,758395205,get_category,100931,100670,Claw Care,Chăm sóc móng,False,,Dataset/DataRaw/country_code=vn/dataset=category_platform/category_platform.csv,vn,category_platform,,vn,100670,100931,758395205,false
Shopee,758395205,get_category,100930,100670,Oral Care,Chăm sóc răng miệng,False,,Dataset/DataRaw/country_code=vn/dataset=category_platform/category_platform.csv,vn,category_platform,,vn,100670,100930,758395205,false
Shopee,758395205,get_category,100929,100670,Hair Care,Chăm sóc lông,False,,Dataset/DataRaw/country_code=vn/dataset=category_platform/category_platform.csv,vn,category_platform,,vn,100670,100929,758395205,false
Shopee,758395205,get_category,100669,100631,Litter & Toilet,Vệ sinh cho thú cưng,True,,Dataset/DataRaw/country_code=vn/dataset=category_platform/category_platform.csv,vn,category_platform,,vn,100631,100669,758395205,true
Shopee,758395205,get_category,100928,100669,Others,Khác,False,,Dataset/DataRaw/country_code=vn/dataset=category_platform/category_platform.csv,vn,category_platform,,vn,100669,100928,758395205,false
Shopee,758395205,get_category,100927,100669,Poop Bags & Scoopers,Túi & Xẻng dọn vệ sinh,False,,Dataset/DataRaw/country_code=vn/dataset=category_platform/category_platform.csv,vn,category_platform,,vn,100669,100927,758395205,false
Shopee,758395205,get_category,100926,100669,Dog Training Pads & Trays,Khay huấn luyện vệ sinh cho chó,False,,Dataset/DataRaw/country_code=vn/dataset=category_platform/category_platform.csv,vn,category_platform,,vn,100669,100926,758395205,false
Shopee,758395205,get_category,100925,100669,Diapers,Tã cho thú cưng,False,,Dataset/DataRaw/country_code=vn/dataset=category_platform/category_platform.csv,vn,category_platform,,vn,100669,100925,758395205,false
Shopee,758395205,get_category,100924,100669,Small Pet Bedding & Litter,Lót chuồng cho thú nhỏ,False,,Dataset/DataRaw/country_code=vn/dataset=category_platform/category_platform.csv,vn,category_platform,,vn,100669,100924,758395205,false
Shopee,758395205,get_category,100923,100669,Cat Litter & Boxes,Khay & Bồn vệ sinh cho mèo,False,,Dataset/DataRaw/country_code=vn/dataset=category_platform/category_platform.csv,vn,category_platform,,vn,100669,100923,758395205,false
Shopee,758395205,get_category,100668,100631,Pet Accessories,Phụ kiện cho thú cưng,True,,Dataset/DataRaw/country_code=vn/dataset=category_platform/category_platform.csv,vn,category_platform,,vn,100631,100668,758395205,true
Shopee,758395205,get_category,100922,100668,Others,Khác,False,,Dataset/DataRaw/country_code=vn/dataset=category_platform/category_platform.csv,vn,category_platform,,vn,100668,100922,758395205,false
Shopee,758395205,get_category,100921,100668,Aquarium Needs,Phụ kiện thủy sinh,False,,Dataset/DataRaw/country_code=vn/dataset=category_platform/category_platform.csv,vn,category_platform,,vn,100668,100921,758395205,false
Shopee,758395205,get_category,100920,100668,Pet Furniture,Nội thất cho thú cưng,True,,Dataset/DataRaw/country_code=vn/dataset=category_platform/category_platform.csv,vn,category_platform,,vn,100668,100920,758395205,true
Shopee,758395205,get_category,101686,100920,Others,Khác,False,,Dataset/DataRaw/country_code=vn/dataset=category_platform/category_platform.csv,vn,category_platform,,vn,100920,101686,758395205,false
Shopee,758395205,get_category,101685,100920,Scratching Pads & Posts,Bàn & cây cào móng,False,,Dataset/DataRaw/country_code=vn/dataset=category_platform/category_platform.csv,vn,category_platform,,vn,100920,101685,758395205,false
Shopee,758395205,get_category,101684,100920,Cages & Crates,Chuồng & lồng,False,,Dataset/DataRaw/country_code=vn/dataset=category_platform/category_platform.csv,vn,category_platform,,vn,100920,101684,758395205,false
Shopee,758395205,get_category,101683,100920,Habitats & Accessories,Phụ kiện nhà & chuồng,False,,Dataset/DataRaw/country_code=vn/dataset=category_platform/category_platform.csv,vn,category_platform,,vn,100920,101683,758395205,false
Shopee,758395205,get_category,101682,100920,Houses,Nhà,False,,Dataset/DataRaw/country_code=vn/dataset=category_platform/category_platform.csv,vn,category_platform,,vn,100920,101682,758395205,false
Shopee,758395205,get_category,101681,100920,Beds & Mats,Đệm & Thảm,False,,Dataset/DataRaw/country_code=vn/dataset=category_platform/category_platform.csv,vn,category_platform,,vn,100920,101681,758395205,false
Shopee,758395205,get_category,100919,100668,Toys,Đồ chơi,True,,Dataset/DataRaw/country_code=vn/dataset=category_platform/category_platform.csv,vn,category_platform,,vn,100668,100919,758395205,true
Shopee,758395205,get_category,101680,100919,Others,Khác,False,,Dataset/DataRaw/country_code=vn/dataset=category_platform/category_platform.csv,vn,category_platform,,vn,100919,101680,758395205,false
Shopee,758395205,get_category,101679,100919,Bird Toys,Đồ chơi cho chim,False,,Dataset/DataRaw/country_code=vn/dataset=category_platform/category_platform.csv,vn,category_platform,,vn,100919,101679,758395205,false
Shopee,758395205,get_category,101678,100919,Small Pet Toys,Đồ chơi cho thú nhỏ,False,,Dataset/DataRaw/country_code=vn/dataset=category_platform/category_platform.csv,vn,category_platform,,vn,100919,101678,758395205,false
Shopee,758395205,get_category,101677,100919,Dog & Cat Toys,Đồ chơi cho chó mèo,True,,Dataset/DataRaw/country_code=vn/dataset=category_platform/category_platform.csv,vn,category_platform,,vn,100919,101677,758395205,true
Shopee,758395205,get_category,101928,101677,Others,Khác,False,,Dataset/DataRaw/country_code=vn/dataset=category_platform/category_platform.csv,vn,category_platform,,vn,101677,101928,758395205,false
Shopee,758395205,get_category,101927,101677,Frisbees,Đĩa bay huấn luyện,False,,Dataset/DataRaw/country_code=vn/dataset=category_platform/category_platform.csv,vn,category_platform,,vn,101677,101927,758395205,false
Shopee,758395205,get_category,101926,101677,"Chew, Bones & Balls","Đồ chơi gặm, xương nhai & bóng",False,,Dataset/DataRaw/country_code=vn/dataset=category_platform/category_platform.csv,vn,category_platform,,vn,101677,101926,758395205,false
Shopee,758395205,get_category,101925,101677,Sticks & Chasers,Đồ chơi đuổi bắt,False,,Dataset/DataRaw/country_code=vn/dataset=category_platform/category_platform.csv,vn,category_platform,,vn,101677,101925,758395205,false
Shopee,758395205,get_category,100918,100668,"Leashes, Collars, Harnesses & Muzzles","Vòng cổ, dây dắt & rọ mõm",False,,Dataset/DataRaw/country_code=vn/dataset=category_platform/category_platform.csv,vn,category_platform,,vn,100668,100918,758395205,false
Shopee,758395205,get_category,100917,100668,Travel Essentials,Thiết bị du lịch,False,,Dataset/DataRaw/country_code=vn/dataset=category_platform/category_platform.csv,vn,category_platform,,vn,100668,100917,758395205,false
Shopee,758395205,get_category,100916,100668,Bowls & Feeders,Bát & dụng cụ ăn,False,,Dataset/DataRaw/country_code=vn/dataset=category_platform/category_platform.csv,vn,category_platform,,vn,100668,100916,758395205,false
Shopee,758395205,get_category,100667,100631,Pet Food,Thức ăn cho thú cưng,True,,Dataset/DataRaw/country_code=vn/dataset=category_platform/category_platform.csv,vn,category_platform,,vn,100631,100667,758395205,true
Shopee,758395205,get_category,100915,100667,Others,Khác,False,,Dataset/DataRaw/country_code=vn/dataset=category_platform/category_platform.csv,vn,category_platform,,vn,100667,100915,758395205,false
Shopee,758395205,get_category,100914,100667,Reptile Food,Thức ăn cho bò sát,False,,Dataset/DataRaw/country_code=vn/dataset=category_platform/category_platform.csv,vn,category_platform,,vn,100667,100914,758395205,false
Shopee,758395205,get_category,100913,100667,Bird Feed,Thức ăn cho chim,False,,Dataset/DataRaw/country_code=vn/dataset=category_platform/category_platform.csv,vn,category_platform,,vn,100667,100913,758395205,false
Shopee,758395205,get_category,100912,100667,Aquarium Pet Food,Thức ăn cho cá,False,,Dataset/DataRaw/country_code=vn/dataset=category_platform/category_platform.csv,vn,category_platform,,vn,100667,100912,758395205,false
Shopee,758395205,get_category,100911,100667,Small Pet Treats,Snack cho thú nhỏ,False,,Dataset/DataRaw/country_code=vn/dataset=category_platform/category_platform.csv,vn,category_platform,,vn,100667,100911,758395205,false
Shopee,758395205,get_category,100910,100667,Small Pet Food,Thức ăn cho thú nhỏ,False,,Dataset/DataRaw/country_code=vn/dataset=category_platform/category_platform.csv,vn,category_platform,,vn,100667,100910,758395205,false
Shopee,758395205,get_category,100909,100667,Cat Treats,Snack cho mèo,False,,Dataset/DataRaw/country_code=vn/dataset=category_platform/category_platform.csv,vn,category_platform,,vn,100667,100909,758395205,false
Shopee,758395205,get_category,100908,100667,Cat Food,Thức ăn cho mèo,False,,Dataset/DataRaw/country_code=vn/dataset=category_platform/category_platform.csv,vn,category_platform,,vn,100667,100908,758395205,false
Shopee,758395205,get_category,100907,100667,Dog Treats,Snack cho chó,False,,Dataset/DataRaw/country_code=vn/dataset=category_platform/category_platform.csv,vn,category_platform,,vn,100667,100907,758395205,false
Shopee,758395205,get_category,100906,100667,Dog Food,Thức ăn cho chó,False,,Dataset/DataRaw/country_code=vn/dataset=category_platform/category_platform.csv,vn,category_platform,,vn,100667,100906,758395205,false
Shopee,758395205,get_category,100632,0,Mom & Baby,Mẹ & Bé,True,,Dataset/DataRaw/country_code=vn/dataset=category_platform/category_platform.csv,vn,category_platform,,vn,0,100632,758395205,true
Shopee,758395205,get_category,100686,100632,Others,Khác,False,,Dataset/DataRaw/country_code=vn/dataset=category_platform/category_platform.csv,vn,category_platform,,vn,100632,100686,758395205,false
Shopee,758395205,get_category,100685,100632,Gift Sets & Packages,Bộ & Gói quà tặng,False,,Dataset/DataRaw/country_code=vn/dataset=category_platform/category_platform.csv,vn,category_platform,,vn,100632,100685,758395205,false
Shopee,758395205,get_category,100684,100632,Toys,Đồ chơi,True,,Dataset/DataRaw/country_code=vn/dataset=category_platform/category_platform.csv,vn,category_platform,,vn,100632,100684,758395205,true
Shopee,758395205,get_category,101015,100684,Others,Khác,False,,Dataset/DataRaw/country_code=vn/dataset=category_platform/category_platform.csv,vn,category_platform,,vn,100684,101015,758395205,false
Shopee,758395205,get_category,101014,100684,Slime & Squishy Toys,Slime & Đồ chơi nhựa dẻo,False,,Dataset/DataRaw/country_code=vn/dataset=category_platform/category_platform.csv,vn,category_platform,,vn,100684,101014,758395205,false
Shopee,758395205,get_category,101013,100684,Robot Toys,Đồ chơi Robot,False,,Dataset/DataRaw/country_code=vn/dataset=category_platform/category_platform.csv,vn,category_platform,,vn,100684,101013,758395205,false
Shopee,758395205,get_category,101012,100684,Educational Toys,Đồ chơi giáo dục,True,,Dataset/DataRaw/country_code=vn/dataset=category_platform/category_platform.csv,vn,category_platform,,vn,100684,101012,758395205,true
Shopee,758395205,get_category,101739,101012,Others,Khác,False,,Dataset/DataRaw/country_code=vn/dataset=category_platform/category_platform.csv,vn,category_platform,,vn,101012,101739,758395205,false
Shopee,758395205,get_category,101738,101012,Toy Tablets & Computers,Đồ chơi điện tử & Máy tính đồ chơi,False,,Dataset/DataRaw/country_code=vn/dataset=category_platform/category_platform.csv,vn,category_platform,,vn,101012,101738,758395205,false
Shopee,758395205,get_category,101737,101012,Musical Toys,Đồ chơi âm nhạc,False,,Dataset/DataRaw/country_code=vn/dataset=category_platform/category_platform.csv,vn,category_platform,,vn,101012,101737,758395205,false
Shopee,758395205,get_category,101736,101012,Puzzles,Đồ chơi xếp hình,False,,Dataset/DataRaw/country_code=vn/dataset=category_platform/category_platform.csv,vn,category_platform,,vn,101012,101736,758395205,false
Shopee,758395205,get_category,101735,101012,Shape Sorters,Đồ chơi hình khối,False,,Dataset/DataRaw/country_code=vn/dataset=category_platform/category_platform.csv,vn,category_platform,,vn,101012,101735,758395205,false
Shopee,758395205,get_category,101734,101012,Science & Tech Toys,Đồ chơi khoa học & Công nghệ,False,,Dataset/DataRaw/country_code=vn/dataset=category_platform/category_platform.csv,vn,category_platform,,vn,101012,101734,758395205,false
Shopee,758395205,get_category,101733,101012,Math Toys,Đồ chơi toán học,False,,Dataset/DataRaw/country_code=vn/dataset=category_platform/category_platform.csv,vn,category_platform,,vn,101012,101733,758395205,false
Shopee,758395205,get_category,101732,101012,Arts & Crafts,Đồ chơi mỹ thuật & Thủ công,False,,Dataset/DataRaw/country_code=vn/dataset=category_platform/category_platform.csv,vn,category_platform,,vn,101012,101732,758395205,false
Shopee,758395205,get_category,101011,100684,Sports & Outdoor Play,Đồ chơi vận động & Ngoài trời,True,,Dataset/DataRaw/country_code=vn/dataset=category_platform/category_platform.csv,vn,category_platform,,vn,100684,101011,758395205,true
Shopee,758395205,get_category,101731,101011,Others,Khác,False,,Dataset/DataRaw/country_code=vn/dataset=category_platform/category_platform.csv,vn,category_platform,,vn,101011,101731,758395205,false
Shopee,758395205,get_category,101730,101011,"Flying Toys, Kites & Wind Spinners","Đồ chơi mô hình bay, diều & Chong chóng",False,,Dataset/DataRaw/country_code=vn/dataset=category_platform/category_platform.csv,vn,category_platform,,vn,101011,101730,758395205,false
Shopee,758395205,get_category,101729,101011,Sports Toys,Đồ chơi thể thao,False,,Dataset/DataRaw/country_code=vn/dataset=category_platform/category_platform.csv,vn,category_platform,,vn,101011,101729,758395205,false
Shopee,758395205,get_category,101728,101011,Blasters & Toy Guns,Súng đồ chơi,False,,Dataset/DataRaw/country_code=vn/dataset=category_platform/category_platform.csv,vn,category_platform,,vn,101011,101728,758395205,false
Shopee,758395205,get_category,101727,101011,"Pool, Water & Sand Toys","Phao tắm, Đồ chơi nước & Xúc cát",False,,Dataset/DataRaw/country_code=vn/dataset=category_platform/category_platform.csv,vn,category_platform,,vn,101011,101727,758395205,false
Shopee,758395205,get_category,101726,101011,"Play Tents, Tunnels & Ball Pits","Lều, Ống đường hầm & Nhà banh",False,,Dataset/DataRaw/country_code=vn/dataset=category_platform/category_platform.csv,vn,category_platform,,vn,101011,101726,758395205,false
Shopee,758395205,get_category,101725,101011,Inflatables & Slides,Nhà hơi & Cầu trượt,False,,Dataset/DataRaw/country_code=vn/dataset=category_platform/category_platform.csv,vn,category_platform,,vn,101011,101725,758395205,false
Shopee,758395205,get_category,101724,101011,"Bicycles, Scooters & Ride-ons","Xe đạp, Xe chòi chân & Xe điện",False,,Dataset/DataRaw/country_code=vn/dataset=category_platform/category_platform.csv,vn,category_platform,,vn,101011,101724,758395205,false
Shopee,758395205,get_category,101010,100684,Toy Vehicles,Xe đồ chơi,False,,Dataset/DataRaw/country_code=vn/dataset=category_platform/category_platform.csv,vn,category_platform,,vn,100684,101010,758395205,false
Shopee,758395205,get_category,101009,100684,Pretend Play,Đồ chơi nhập vai,False,,Dataset/DataRaw/country_code=vn/dataset=category_platform/category_platform.csv,vn,category_platform,,vn,100684,101009,758395205,false
Shopee,758395205,get_category,101008,100684,Dolls & Stuffed Toys,Búp bê & Thú nhồi bông,True,,Dataset/DataRaw/country_code=vn/dataset=category_platform/category_platform.csv,vn,category_platform,,vn,100684,101008,758395205,true
Shopee,758395205,get_category,101723,101008,Others,Khác,False,,Dataset/DataRaw/country_code=vn/dataset=category_platform/category_platform.csv,vn,category_platform,,vn,101008,101723,758395205,false
Shopee,758395205,get_category,101722,101008,Stuffed Toys,Thú nhồi bông,False,,Dataset/DataRaw/country_code=vn/dataset=category_platform/category_platform.csv,vn,category_platform,,vn,101008,101722,758395205,false
Shopee,758395205,get_category,101721,101008,Doll Houses & Accessories,Nhà búp bê & Phụ kiện,False,,Dataset/DataRaw/country_code=vn/dataset=category_platform/category_platform.csv,vn,category_platform,,vn,101008,101721,758395205,false
Shopee,758395205,get_category,101720,101008,Dolls & Accessories,Búp bê & Phụ kiện,False,,Dataset/DataRaw/country_code=vn/dataset=category_platform/category_platform.csv,vn,category_platform,,vn,101008,101720,758395205,false
Shopee,758395205,get_category,101007,100684,Block Toys,Đồ chơi lắp ráp,False,,Dataset/DataRaw/country_code=vn/dataset=category_platform/category_platform.csv,vn,category_platform,,vn,100684,101007,758395205,false
Shopee,758395205,get_category,101006,100684,Baby & Toddler Toys,Đồ chơi cho trẻ sơ sinh & trẻ nhỏ,True,,Dataset/DataRaw/country_code=vn/dataset=category_platform/category_platform.csv,vn,category_platform,,vn,100684,101006,758395205,true
Shopee,758395205,get_category,101719,101006,Others,Khác,False,,Dataset/DataRaw/country_code=vn/dataset=category_platform/category_platform.csv,vn,category_platform,,vn,101006,101719,758395205,false
Shopee,758395205,get_category,101718,101006,Teethers,Gặm nướu,False,,Dataset/DataRaw/country_code=vn/dataset=category_platform/category_platform.csv,vn,category_platform,,vn,101006,101718,758395205,false
Shopee,758395205,get_category,101717,101006,Crib Mobiles & Rattles,"Đồ chơi treo cũi, nôi & Lục lạc",False,,Dataset/DataRaw/country_code=vn/dataset=category_platform/category_platform.csv,vn,category_platform,,vn,101006,101717,758395205,false
Shopee,758395205,get_category,101716,101006,Bath Toys,Đồ chơi nhà tắm,False,,Dataset/DataRaw/country_code=vn/dataset=category_platform/category_platform.csv,vn,category_platform,,vn,101006,101716,758395205,false
Shopee,758395205,get_category,101715,101006,Playards & Playpens,Cũi & Quây em bé,False,,Dataset/DataRaw/country_code=vn/dataset=category_platform/category_platform.csv,vn,category_platform,,vn,101006,101715,758395205,false
Shopee,758395205,get_category,101714,101006,Playgym & Playmats,Thảm chơi nhạc,False,,Dataset/DataRaw/country_code=vn/dataset=category_platform/category_platform.csv,vn,category_platform,,vn,101006,101714,758395205,false
Shopee,758395205,get_category,100683,100632,Diapering & Potty,Tã & bô em bé,True,,Dataset/DataRaw/country_code=vn/dataset=category_platform/category_platform.csv,vn,category_platform,,vn,100632,100683,758395205,true
Shopee,758395205,get_category,101005,100683,Others,Khác,False,,Dataset/DataRaw/country_code=vn/dataset=category_platform/category_platform.csv,vn,category_platform,,vn,100683,101005,758395205,false
Shopee,758395205,get_category,101004,100683,Cloth Diapers & Accessories,Tã vải & Phụ kiện,False,,Dataset/DataRaw/country_code=vn/dataset=category_platform/category_platform.csv,vn,category_platform,,vn,100683,101004,758395205,false
Shopee,758395205,get_category,101003,100683,Disposable Diapers,Tã dùng một lần,False,,Dataset/DataRaw/country_code=vn/dataset=category_platform/category_platform.csv,vn,category_platform,,vn,100683,101003,758395205,false
Shopee,758395205,get_category,101002,100683,Potty Training & Commode Chairs,Bệ thu nhỏ bồn cầu & Bô vệ sinh,False,,Dataset/DataRaw/country_code=vn/dataset=category_platform/category_platform.csv,vn,category_platform,,vn,100683,101002,758395205,false
Shopee,758395205,get_category,101001,100683,Changing Pads & Kits,Bộ lót thay tã,False,,Dataset/DataRaw/country_code=vn/dataset=category_platform/category_platform.csv,vn,category_platform,,vn,100683,101001,758395205,false
Shopee,758395205,get_category,100682,100632,Baby Healthcare,Chăm sóc sức khỏe bé,True,,Dataset/DataRaw/country_code=vn/dataset=category_platform/category_platform.csv,vn,category_platform,,vn,100632,100682,758395205,true
Shopee,758395205,get_category,101000,100682,Others,Khác,False,,Dataset/DataRaw/country_code=vn/dataset=category_platform/category_platform.csv,vn,category_platform,,vn,100682,101000,758395205,false
Shopee,758395205,get_category,100999,100682,Sun Care,Chống nắng cho bé,False,,Dataset/DataRaw/country_code=vn/dataset=category_platform/category_platform.csv,vn,category_platform,,vn,100682,100999,758395205,false
Shopee,758395205,get_category,100998,100682,Baby Oral Care,Chăm sóc răng miệng cho bé,False,,Dataset/DataRaw/country_code=vn/dataset=category_platform/category_platform.csv,vn,category_platform,,vn,100682,100998,758395205,false
Shopee,758395205,get_category,100997,100682,Baby Skincare,Chăm sóc da cho bé,True,,Dataset/DataRaw/country_code=vn/dataset=category_platform/category_platform.csv,vn,category_platform,,vn,100682,100997,758395205,true
Shopee,758395205,get_category,101713,100997,Others,Khác,False,,Dataset/DataRaw/country_code=vn/dataset=category_platform/category_platform.csv,vn,category_platform,,vn,100997,101713,758395205,false
Shopee,758395205,get_category,101712,100997,Powders,Phấn cho bé,False,,Dataset/DataRaw/country_code=vn/dataset=category_platform/category_platform.csv,vn,category_platform,,vn,100997,101712,758395205,false
Shopee,758395205,get_category,101711,100997,Oils,Dầu cho bé,False,,Dataset/DataRaw/country_code=vn/dataset=category_platform/category_platform.csv,vn,category_platform,,vn,100997,101711,758395205,false
Shopee,758395205,get_category,101710,100997,Lotion & Creams,Sữa & Kem dưỡng da,False,,Dataset/DataRaw/country_code=vn/dataset=category_platform/category_platform.csv,vn,category_platform,,vn,100997,101710,758395205,false
Shopee,758395205,get_category,100996,100682,Nasal Care,Chăm sóc mũi cho bé,False,,Dataset/DataRaw/country_code=vn/dataset=category_platform/category_platform.csv,vn,category_platform,,vn,100682,100996,758395205,false
Shopee,758395205,get_category,100995,100682,Baby Vitamins & Supplements,Vitamin & Thực phẩm bổ sung,False,,Dataset/DataRaw/country_code=vn/dataset=category_platform/category_platform.csv,vn,category_platform,,vn,100682,100995,758395205,false
Shopee,758395205,get_category,100681,100632,Milk Formula & Baby Food,Sữa công thức & Thực phẩm cho bé,True,,Dataset/DataRaw/country_code=vn/dataset=category_platform/category_platform.csv,vn,category_platform,,vn,100632,100681,758395205,true
Shopee,758395205,get_category,102070,100681,Ready-to-Drink Milk,Sữa pha sẵn,False,,Dataset/DataRaw/country_code=vn/dataset=category_platform/category_platform.csv,vn,category_platform,,vn,100681,102070,758395205,false
Shopee,758395205,get_category,100994,100681,Others,Khác,False,,Dataset/DataRaw/country_code=vn/dataset=category_platform/category_platform.csv,vn,category_platform,,vn,100681,100994,758395205,false
Shopee,758395205,get_category,100993,100681,Baby Snack,Đồ ăn nhẹ cho bé,False,,Dataset/DataRaw/country_code=vn/dataset=category_platform/category_platform.csv,vn,category_platform,,vn,100681,100993,758395205,false
Shopee,758395205,get_category,100992,100681,"Baby Porridge, Puree & Cereal","Cháo, Thực phẩm xay nhuyễn & Ngũ cốc",False,,Dataset/DataRaw/country_code=vn/dataset=category_platform/category_platform.csv,vn,category_platform,,vn,100681,100992,758395205,false
Shopee,758395205,get_category,100991,100681,Milk Formula,Sữa công thức,False,,Dataset/DataRaw/country_code=vn/dataset=category_platform/category_platform.csv,vn,category_platform,,vn,100681,100991,758395205,false
Shopee,758395205,get_category,100680,100632,Baby Safety,An toàn cho bé,True,,Dataset/DataRaw/country_code=vn/dataset=category_platform/category_platform.csv,vn,category_platform,,vn,100632,100680,758395205,true
Shopee,758395205,get_category,100990,100680,Others,Khác,False,,Dataset/DataRaw/country_code=vn/dataset=category_platform/category_platform.csv,vn,category_platform,,vn,100680,100990,758395205,false
Shopee,758395205,get_category,100989,100680,Safety Locks & Straps,Khóa & Dây đai an toàn,False,,Dataset/DataRaw/country_code=vn/dataset=category_platform/category_platform.csv,vn,category_platform,,vn,100680,100989,758395205,false
Shopee,758395205,get_category,100988,100680,Baby Gates & Doorways,Thanh chắn cửa & Cầu thang,False,,Dataset/DataRaw/country_code=vn/dataset=category_platform/category_platform.csv,vn,category_platform,,vn,100680,100988,758395205,false
Shopee,758395205,get_category,100987,100680,Edge & Corner Guards,Bọc góc & Cạnh,False,,Dataset/DataRaw/country_code=vn/dataset=category_platform/category_platform.csv,vn,category_platform,,vn,100680,100987,758395205,false
Shopee,758395205,get_category,100986,100680,"Bumpers, Rails & Guards","Bộ đệm cũi, Quây cũi & Thanh chắn giường",False,,Dataset/DataRaw/country_code=vn/dataset=category_platform/category_platform.csv,vn,category_platform,,vn,100680,100986,758395205,false
Shopee,758395205,get_category,100985,100680,Mosquito Netting,Màn chống muỗi,False,,Dataset/DataRaw/country_code=vn/dataset=category_platform/category_platform.csv,vn,category_platform,,vn,100680,100985,758395205,false
Shopee,758395205,get_category,100984,100680,Monitors,Thiết bị giám sát trẻ,False,,Dataset/DataRaw/country_code=vn/dataset=category_platform/category_platform.csv,vn,category_platform,,vn,100680,100984,758395205,false
Shopee,758395205,get_category,100679,100632,Nursery,Đồ dùng phòng ngủ cho bé,True,,Dataset/DataRaw/country_code=vn/dataset=category_platform/category_platform.csv,vn,category_platform,,vn,100632,100679,758395205,true
Shopee,758395205,get_category,100983,100679,Others,Khác,False,,Dataset/DataRaw/country_code=vn/dataset=category_platform/category_platform.csv,vn,category_platform,,vn,100679,100983,758395205,false
Shopee,758395205,get_category,100982,100679,Storage & Organization,Kệ & Tủ,False,,Dataset/DataRaw/country_code=vn/dataset=category_platform/category_platform.csv,vn,category_platform,,vn,100679,100982,758395205,false
Shopee,758395205,get_category,100981,100679,Mattresses & Bedding,Nệm và chăn ga,True,,Dataset/DataRaw/country_code=vn/dataset=category_platform/category_platform.csv,vn,category_platform,,vn,100679,100981,758395205,true
Shopee,758395205,get_category,101709,100981,Others,Khác,False,,Dataset/DataRaw/country_code=vn/dataset=category_platform/category_platform.csv,vn,category_platform,,vn,100981,101709,758395205,false
Shopee,758395205,get_category,101708,100981,Bedsheets,Ga trải giường,False,,Dataset/DataRaw/country_code=vn/dataset=category_platform/category_platform.csv,vn,category_platform,,vn,100981,101708,758395205,false
Shopee,758395205,get_category,101707,100981,Pillows & Bolsters,Gối,False,,Dataset/DataRaw/country_code=vn/dataset=category_platform/category_platform.csv,vn,category_platform,,vn,100981,101707,758395205,false
Shopee,758395205,get_category,101706,100981,Blankets & Wrappers,Chăn & Quấn em bé,False,,Dataset/DataRaw/country_code=vn/dataset=category_platform/category_platform.csv,vn,category_platform,,vn,100981,101706,758395205,false
Shopee,758395205,get_category,100980,100679,Walkers,Xe tập đi,False,,Dataset/DataRaw/country_code=vn/dataset=category_platform/category_platform.csv,vn,category_platform,,vn,100679,100980,758395205,false
Shopee,758395205,get_category,100979,100679,"Bouncers, Rockers & Jumpers","Ghế rung, Ghế nhún & Xích đu tập đi",False,,Dataset/DataRaw/country_code=vn/dataset=category_platform/category_platform.csv,vn,category_platform,,vn,100679,100979,758395205,false
Shopee,758395205,get_category,100978,100679,Cribs & Cradles & Beds,Nôi & Cũi & Giường cho bé,False,,Dataset/DataRaw/country_code=vn/dataset=category_platform/category_platform.csv,vn,category_platform,,vn,100679,100978,758395205,false
Shopee,758395205,get_category,100678,100632,Bath & Body Care,Đồ dùng phòng tắm & Chăm sóc cơ thể bé,True,,Dataset/DataRaw/country_code=vn/dataset=category_platform/category_platform.csv,vn,category_platform,,vn,100632,100678,758395205,true
Shopee,758395205,get_category,100977,100678,Others,Khác,False,,Dataset/DataRaw/country_code=vn/dataset=category_platform/category_platform.csv,vn,category_platform,,vn,100678,100977,758395205,false
Shopee,758395205,get_category,100976,100678,Baby Laundry Detergent,Giặt xả quần áo trẻ em,False,,Dataset/DataRaw/country_code=vn/dataset=category_platform/category_platform.csv,vn,category_platform,,vn,100678,100976,758395205,false
Shopee,758395205,get_category,100975,100678,Wipes,Khăn lau,False,,Dataset/DataRaw/country_code=vn/dataset=category_platform/category_platform.csv,vn,category_platform,,vn,100678,100975,758395205,false
Shopee,758395205,get_category,100974,100678,Baby Grooming Tools,Bộ chăm sóc trẻ sơ sinh,False,,Dataset/DataRaw/country_code=vn/dataset=category_platform/category_platform.csv,vn,category_platform,,vn,100678,100974,758395205,false
Shopee,758395205,get_category,100973,100678,Baby Colognes & Fragrances,Nước hoa cho bé,False,,Dataset/DataRaw/country_code=vn/dataset=category_platform/category_platform.csv,vn,category_platform,,vn,100678,100973,758395205,false
Shopee,758395205,get_category,100972,100678,Hair Care & Body Wash,Sản phẩm tắm & gội cho bé,False,,Dataset/DataRaw/country_code=vn/dataset=category_platform/category_platform.csv,vn,category_platform,,vn,100678,100972,758395205,false
Shopee,758395205,get_category,100971,100678,Bathing Tools & Accessories,Dụng cụ tắm & Phụ kiện,False,,Dataset/DataRaw/country_code=vn/dataset=category_platform/category_platform.csv,vn,category_platform,,vn,100678,100971,758395205,false
Shopee,758395205,get_category,100970,100678,Shower Caps,Nón tắm,False,,Dataset/DataRaw/country_code=vn/dataset=category_platform/category_platform.csv,vn,category_platform,,vn,100678,100970,758395205,false
Shopee,758395205,get_category,100969,100678,"Bath Robes, Towels & Wash Cloths","Áo choàng tắm, Khăn tắm & Khăn mặt",False,,Dataset/DataRaw/country_code=vn/dataset=category_platform/category_platform.csv,vn,category_platform,,vn,100678,100969,758395205,false
Shopee,758395205,get_category,100968,100678,Bathing Tubs & Seats,Chậu tắm & Ghế tắm,False,,Dataset/DataRaw/country_code=vn/dataset=category_platform/category_platform.csv,vn,category_platform,,vn,100678,100968,758395205,false
Shopee,758395205,get_category,100677,100632,Maternity Healthcare,Chăm sóc sức khỏe mẹ,True,,Dataset/DataRaw/country_code=vn/dataset=category_platform/category_platform.csv,vn,category_platform,,vn,100632,100677,758395205,true
Shopee,758395205,get_category,100967,100677,Others,Khác,False,,Dataset/DataRaw/country_code=vn/dataset=category_platform/category_platform.csv,vn,category_platform,,vn,100677,100967,758395205,false
Shopee,758395205,get_category,100966,100677,Moisturizers & Creams,Kem dưỡng ẩm cho mẹ,False,,Dataset/DataRaw/country_code=vn/dataset=category_platform/category_platform.csv,vn,category_platform,,vn,100677,100966,758395205,false
Shopee,758395205,get_category,100965,100677,Maternity Vitamins & Supplement,Vitamin & Thực phẩm bổ sung cho mẹ,False,,Dataset/DataRaw/country_code=vn/dataset=category_platform/category_platform.csv,vn,category_platform,,vn,100677,100965,758395205,false
Shopee,758395205,get_category,100964,100677,Maternity Milk,Sữa bầu,False,,Dataset/DataRaw/country_code=vn/dataset=category_platform/category_platform.csv,vn,category_platform,,vn,100677,100964,758395205,false
Shopee,758395205,get_category,100676,100632,Maternity Accessories,Phụ kiện cho mẹ,True,,Dataset/DataRaw/country_code=vn/dataset=category_platform/category_platform.csv,vn,category_platform,,vn,100632,100676,758395205,true
Shopee,758395205,get_category,100963,100676,Others,Khác,False,,Dataset/DataRaw/country_code=vn/dataset=category_platform/category_platform.csv,vn,category_platform,,vn,100676,100963,758395205,false
Shopee,758395205,get_category,100962,100676,Maternity Pillows,Gối bầu,False,,Dataset/DataRaw/country_code=vn/dataset=category_platform/category_platform.csv,vn,category_platform,,vn,100676,100962,758395205,false
Shopee,758395205,get_category,100961,100676,Supporting Belts,Đai hỗ trợ bụng,False,,Dataset/DataRaw/country_code=vn/dataset=category_platform/category_platform.csv,vn,category_platform,,vn,100676,100961,758395205,false
Shopee,758395205,get_category,100675,100632,Feeding Essentials,Đồ dùng ăn dặm cho bé,True,,Dataset/DataRaw/country_code=vn/dataset=category_platform/category_platform.csv,vn,category_platform,,vn,100632,100675,758395205,true
Shopee,758395205,get_category,100960,100675,Others,Khác,False,,Dataset/DataRaw/country_code=vn/dataset=category_platform/category_platform.csv,vn,category_platform,,vn,100675,100960,758395205,false
Shopee,758395205,get_category,100959,100675,Food Processors,Máy xay cắt thực phẩm,False,,Dataset/DataRaw/country_code=vn/dataset=category_platform/category_platform.csv,vn,category_platform,,vn,100675,100959,758395205,false
Shopee,758395205,get_category,100958,100675,Pacifiers,Ti giả,False,,Dataset/DataRaw/country_code=vn/dataset=category_platform/category_platform.csv,vn,category_platform,,vn,100675,100958,758395205,false
Shopee,758395205,get_category,100957,100675,Bibs,Yếm,False,,Dataset/DataRaw/country_code=vn/dataset=category_platform/category_platform.csv,vn,category_platform,,vn,100675,100957,758395205,false
Shopee,758395205,get_category,100956,100675,Utensils,Đồ dùng cho bé,True,,Dataset/DataRaw/country_code=vn/dataset=category_platform/category_platform.csv,vn,category_platform,,vn,100675,100956,758395205,true
Shopee,758395205,get_category,101705,100956,Others,Khác,False,,Dataset/DataRaw/country_code=vn/dataset=category_platform/category_platform.csv,vn,category_platform,,vn,100956,101705,758395205,false
Shopee,758395205,get_category,101704,100956,Baby Food Containers,Hộp trữ thức ăn cho bé,False,,Dataset/DataRaw/country_code=vn/dataset=category_platform/category_platform.csv,vn,category_platform,,vn,100956,101704,758395205,false
Shopee,758395205,get_category,101703,100956,Baby Tableware,Đồ dùng ăn dặm,False,,Dataset/DataRaw/country_code=vn/dataset=category_platform/category_platform.csv,vn,category_platform,,vn,100956,101703,758395205,false
Shopee,758395205,get_category,101702,100956,Baby Cups,"Ly, cốc cho bé",False,,Dataset/DataRaw/country_code=vn/dataset=category_platform/category_platform.csv,vn,category_platform,,vn,100956,101702,758395205,false
Shopee,758395205,get_category,100955,100675,Highchairs & Booster Seats,Ghế ăn dặm,False,,Dataset/DataRaw/country_code=vn/dataset=category_platform/category_platform.csv,vn,category_platform,,vn,100675,100955,758395205,false
Shopee,758395205,get_category,100954,100675,Breastfeeding,Đồ dùng cho con bú,True,,Dataset/DataRaw/country_code=vn/dataset=category_platform/category_platform.csv,vn,category_platform,,vn,100675,100954,758395205,true
Shopee,758395205,get_category,101701,100954,Others,Khác,False,,Dataset/DataRaw/country_code=vn/dataset=category_platform/category_platform.csv,vn,category_platform,,vn,100954,101701,758395205,false
Shopee,758395205,get_category,101700,100954,Breastmilk Storage Bags,Túi trữ sữa,False,,Dataset/DataRaw/country_code=vn/dataset=category_platform/category_platform.csv,vn,category_platform,,vn,100954,101700,758395205,false
Shopee,758395205,get_category,101699,100954,Nursing Covers,Khăn choàng cho con bú,False,,Dataset/DataRaw/country_code=vn/dataset=category_platform/category_platform.csv,vn,category_platform,,vn,100954,101699,758395205,false
Shopee,758395205,get_category,101698,100954,"Breast Pads, Shells & Shields",Miếng lót thấm sữa,False,,Dataset/DataRaw/country_code=vn/dataset=category_platform/category_platform.csv,vn,category_platform,,vn,100954,101698,758395205,false
Shopee,758395205,get_category,101697,100954,Breast Pump & Accessories,Máy hút sữa & phụ kiện,False,,Dataset/DataRaw/country_code=vn/dataset=category_platform/category_platform.csv,vn,category_platform,,vn,100954,101697,758395205,false
Shopee,758395205,get_category,100953,100675,Bottle-feeding,Bình sữa,True,,Dataset/DataRaw/country_code=vn/dataset=category_platform/category_platform.csv,vn,category_platform,,vn,100675,100953,758395205,true
Shopee,758395205,get_category,101696,100953,Others,Khác,False,,Dataset/DataRaw/country_code=vn/dataset=category_platform/category_platform.csv,vn,category_platform,,vn,100953,101696,758395205,false
Shopee,758395205,get_category,101695,100953,Sterilizers,Máy tiệt trùng bình sữa,False,,Dataset/DataRaw/country_code=vn/dataset=category_platform/category_platform.csv,vn,category_platform,,vn,100953,101695,758395205,false
Shopee,758395205,get_category,101694,100953,Warmers,Máy hâm sữa,False,,Dataset/DataRaw/country_code=vn/dataset=category_platform/category_platform.csv,vn,category_platform,,vn,100953,101694,758395205,false
Shopee,758395205,get_category,101693,100953,Bottle Cleansing,Dụng cụ vệ sinh bình sữa,False,,Dataset/DataRaw/country_code=vn/dataset=category_platform/category_platform.csv,vn,category_platform,,vn,100953,101693,758395205,false
Shopee,758395205,get_category,101692,100953,Bottles & Bottle accessories,Bình sữa & Phụ kiện,False,,Dataset/DataRaw/country_code=vn/dataset=category_platform/category_platform.csv,vn,category_platform,,vn,100953,101692,758395205,false
Shopee,758395205,get_category,101691,100953,Bottle Cooler Bag,Túi ủ bình sữa,False,,Dataset/DataRaw/country_code=vn/dataset=category_platform/category_platform.csv,vn,category_platform,,vn,100953,101691,758395205,false
Shopee,758395205,get_category,100674,100632,Baby Travel Essentials,Đồ dùng du lịch cho bé,True,,Dataset/DataRaw/country_code=vn/dataset=category_platform/category_platform.csv,vn,category_platform,,vn,100632,100674,758395205,true
Shopee,758395205,get_category,100952,100674,Others,Khác,False,,Dataset/DataRaw/country_code=vn/dataset=category_platform/category_platform.csv,vn,category_platform,,vn,100674,100952,758395205,false
Shopee,758395205,get_category,100951,100674,Child Harnesses & Leashes,Dây & Đai dắt trẻ,False,,Dataset/DataRaw/country_code=vn/dataset=category_platform/category_platform.csv,vn,category_platform,,vn,100674,100951,758395205,false
Shopee,758395205,get_category,100950,100674,Diaper Bags,Túi đựng bỉm sữa,False,,Dataset/DataRaw/country_code=vn/dataset=category_platform/category_platform.csv,vn,category_platform,,vn,100674,100950,758395205,false
Shopee,758395205,get_category,100949,100674,Car & Motorbike Seats Accessories,Phụ kiện ghế ngồi ô tô & xe máy,False,,Dataset/DataRaw/country_code=vn/dataset=category_platform/category_platform.csv,vn,category_platform,,vn,100674,100949,758395205,false
Shopee,758395205,get_category,100948,100674,Car & Motorbike Seats,Ghế ngồi ô tô & xe máy,False,,Dataset/DataRaw/country_code=vn/dataset=category_platform/category_platform.csv,vn,category_platform,,vn,100674,100948,758395205,false
Shopee,758395205,get_category,100947,100674,Stroller Accessories,Phụ kiện xe đẩy,False,,Dataset/DataRaw/country_code=vn/dataset=category_platform/category_platform.csv,vn,category_platform,,vn,100674,100947,758395205,false
Shopee,758395205,get_category,100946,100674,Strollers & Travel Systems,Xe đẩy,False,,Dataset/DataRaw/country_code=vn/dataset=category_platform/category_platform.csv,vn,category_platform,,vn,100674,100946,758395205,false
Shopee,758395205,get_category,100945,100674,Baby Carrier,Địu em bé,False,,Dataset/DataRaw/country_code=vn/dataset=category_platform/category_platform.csv,vn,category_platform,,vn,100674,100945,758395205,false
Shopee,758395205,get_category,100633,0,Baby & Kids Fashion,Thời trang trẻ em & trẻ sơ sinh,True,,Dataset/DataRaw/country_code=vn/dataset=category_platform/category_platform.csv,vn,category_platform,,vn,0,100633,758395205,true
Shopee,758395205,get_category,100694,100633,Others,Khác,False,,Dataset/DataRaw/country_code=vn/dataset=category_platform/category_platform.csv,vn,category_platform,,vn,100633,100694,758395205,false
Shopee,758395205,get_category,100693,100633,Girl Shoes,Giày bé gái,True,,Dataset/DataRaw/country_code=vn/dataset=category_platform/category_platform.csv,vn,category_platform,,vn,100633,100693,758395205,true
Shopee,758395205,get_category,101072,100693,Others,Khác,False,,Dataset/DataRaw/country_code=vn/dataset=category_platform/category_platform.csv,vn,category_platform,,vn,100693,101072,758395205,false
Shopee,758395205,get_category,101071,100693,Flats,Giày bệt,False,,Dataset/DataRaw/country_code=vn/dataset=category_platform/category_platform.csv,vn,category_platform,,vn,100693,101071,758395205,false
Shopee,758395205,get_category,101070,100693,Flip Flops,Dép lê,False,,Dataset/DataRaw/country_code=vn/dataset=category_platform/category_platform.csv,vn,category_platform,,vn,100693,101070,758395205,false
Shopee,758395205,get_category,101069,100693,Loafers,Giày lười,False,,Dataset/DataRaw/country_code=vn/dataset=category_platform/category_platform.csv,vn,category_platform,,vn,100693,101069,758395205,false
Shopee,758395205,get_category,101068,100693,Sneakers,Giày thể thao,False,,Dataset/DataRaw/country_code=vn/dataset=category_platform/category_platform.csv,vn,category_platform,,vn,100693,101068,758395205,false
Shopee,758395205,get_category,101067,100693,Sandals,Dép quai hậu,False,,Dataset/DataRaw/country_code=vn/dataset=category_platform/category_platform.csv,vn,category_platform,,vn,100693,101067,758395205,false
Shopee,758395205,get_category,101066,100693,Boots,Bốt,False,,Dataset/DataRaw/country_code=vn/dataset=category_platform/category_platform.csv,vn,category_platform,,vn,100693,101066,758395205,false
Shopee,758395205,get_category,100692,100633,Boy Shoes,Giày bé trai,True,,Dataset/DataRaw/country_code=vn/dataset=category_platform/category_platform.csv,vn,category_platform,,vn,100633,100692,758395205,true
Shopee,758395205,get_category,101065,100692,Others,Khác,False,,Dataset/DataRaw/country_code=vn/dataset=category_platform/category_platform.csv,vn,category_platform,,vn,100692,101065,758395205,false
Shopee,758395205,get_category,101064,100692,Loafers,Giày lười,False,,Dataset/DataRaw/country_code=vn/dataset=category_platform/category_platform.csv,vn,category_platform,,vn,100692,101064,758395205,false
Shopee,758395205,get_category,101063,100692,Formal Shoes,Giày tây,False,,Dataset/DataRaw/country_code=vn/dataset=category_platform/category_platform.csv,vn,category_platform,,vn,100692,101063,758395205,false
Shopee,758395205,get_category,101062,100692,Flip Flops,Dép lê,False,,Dataset/DataRaw/country_code=vn/dataset=category_platform/category_platform.csv,vn,category_platform,,vn,100692,101062,758395205,false
Shopee,758395205,get_category,101061,100692,Sneakers,Giày thể thao,False,,Dataset/DataRaw/country_code=vn/dataset=category_platform/category_platform.csv,vn,category_platform,,vn,100692,101061,758395205,false
Shopee,758395205,get_category,101060,100692,Sandals,Dép quai hậu,False,,Dataset/DataRaw/country_code=vn/dataset=category_platform/category_platform.csv,vn,category_platform,,vn,100692,101060,758395205,false
Shopee,758395205,get_category,101059,100692,Boots,Bốt,False,,Dataset/DataRaw/country_code=vn/dataset=category_platform/category_platform.csv,vn,category_platform,,vn,100692,101059,758395205,false
Shopee,758395205,get_category,100691,100633,Girl Clothes,Quần áo bé gái,True,,Dataset/DataRaw/country_code=vn/dataset=category_platform/category_platform.csv,vn,category_platform,,vn,100633,100691,758395205,true
Shopee,758395205,get_category,101058,100691,Others,Khác,False,,Dataset/DataRaw/country_code=vn/dataset=category_platform/category_platform.csv,vn,category_platform,,vn,100691,101058,758395205,false
Shopee,758395205,get_category,101057,100691,Suits & Sets,Com lê & đồ bộ,False,,Dataset/DataRaw/country_code=vn/dataset=category_platform/category_platform.csv,vn,category_platform,,vn,100691,101057,758395205,false
Shopee,758395205,get_category,101056,100691,Dresses,Váy,False,,Dataset/DataRaw/country_code=vn/dataset=category_platform/category_platform.csv,vn,category_platform,,vn,100691,101056,758395205,false
Shopee,758395205,get_category,101055,100691,"Rompers, Jumpsuits & Overalls",Đồ liền thân,False,,Dataset/DataRaw/country_code=vn/dataset=category_platform/category_platform.csv,vn,category_platform,,vn,100691,101055,758395205,false
Shopee,758395205,get_category,101054,100691,Bottoms,Quần,True,,Dataset/DataRaw/country_code=vn/dataset=category_platform/category_platform.csv,vn,category_platform,,vn,100691,101054,758395205,true
Shopee,758395205,get_category,101789,101054,Others,Khác,False,,Dataset/DataRaw/country_code=vn/dataset=category_platform/category_platform.csv,vn,category_platform,,vn,101054,101789,758395205,false
Shopee,758395205,get_category,101788,101054,Leggings,Quần leggings,False,,Dataset/DataRaw/country_code=vn/dataset=category_platform/category_platform.csv,vn,category_platform,,vn,101054,101788,758395205,false
Shopee,758395205,get_category,101787,101054,Skirts,Chân váy,False,,Dataset/DataRaw/country_code=vn/dataset=category_platform/category_platform.csv,vn,category_platform,,vn,101054,101787,758395205,false
Shopee,758395205,get_category,101786,101054,Shorts,Quần ngắn,False,,Dataset/DataRaw/country_code=vn/dataset=category_platform/category_platform.csv,vn,category_platform,,vn,101054,101786,758395205,false
Shopee,758395205,get_category,101785,101054,Pants,Quần dài,False,,Dataset/DataRaw/country_code=vn/dataset=category_platform/category_platform.csv,vn,category_platform,,vn,101054,101785,758395205,false
Shopee,758395205,get_category,101784,101054,Jeans,Quần jeans,False,,Dataset/DataRaw/country_code=vn/dataset=category_platform/category_platform.csv,vn,category_platform,,vn,101054,101784,758395205,false
Shopee,758395205,get_category,101053,100691,Outerwear,Áo khoác,True,,Dataset/DataRaw/country_code=vn/dataset=category_platform/category_platform.csv,vn,category_platform,,vn,100691,101053,758395205,true
Shopee,758395205,get_category,101783,101053,Others,Khác,False,,Dataset/DataRaw/country_code=vn/dataset=category_platform/category_platform.csv,vn,category_platform,,vn,101053,101783,758395205,false
Shopee,758395205,get_category,101782,101053,Hoodies,Áo hoodie,False,,Dataset/DataRaw/country_code=vn/dataset=category_platform/category_platform.csv,vn,category_platform,,vn,101053,101782,758395205,false
Shopee,758395205,get_category,101781,101053,Blazers,Blazers,False,,Dataset/DataRaw/country_code=vn/dataset=category_platform/category_platform.csv,vn,category_platform,,vn,101053,101781,758395205,false
Shopee,758395205,get_category,101780,101053,Sweaters & Cardigans,Áo len chui đầu & cardigan,False,,Dataset/DataRaw/country_code=vn/dataset=category_platform/category_platform.csv,vn,category_platform,,vn,101053,101780,758395205,false
Shopee,758395205,get_category,101779,101053,Vests,Áo gi lê,False,,Dataset/DataRaw/country_code=vn/dataset=category_platform/category_platform.csv,vn,category_platform,,vn,101053,101779,758395205,false
Shopee,758395205,get_category,101778,101053,Winter Outerwear,Áo khoác mùa đông,False,,Dataset/DataRaw/country_code=vn/dataset=category_platform/category_platform.csv,vn,category_platform,,vn,101053,101778,758395205,false
Shopee,758395205,get_category,101777,101053,Regular Jackets & Coats,Áo choàng & áo khoác,False,,Dataset/DataRaw/country_code=vn/dataset=category_platform/category_platform.csv,vn,category_platform,,vn,101053,101777,758395205,false
Shopee,758395205,get_category,101052,100691,Tops,Áo,True,,Dataset/DataRaw/country_code=vn/dataset=category_platform/category_platform.csv,vn,category_platform,,vn,100691,101052,758395205,true
Shopee,758395205,get_category,101776,101052,Others,Khác,False,,Dataset/DataRaw/country_code=vn/dataset=category_platform/category_platform.csv,vn,category_platform,,vn,101052,101776,758395205,false
Shopee,758395205,get_category,101775,101052,Shirts & Blouses,Áo sơmi,False,,Dataset/DataRaw/country_code=vn/dataset=category_platform/category_platform.csv,vn,category_platform,,vn,101052,101775,758395205,false
Shopee,758395205,get_category,101774,101052,Polo Shirts,Áo polo,False,,Dataset/DataRaw/country_code=vn/dataset=category_platform/category_platform.csv,vn,category_platform,,vn,101052,101774,758395205,false
Shopee,758395205,get_category,101773,101052,T-shirts,Áo thun,False,,Dataset/DataRaw/country_code=vn/dataset=category_platform/category_platform.csv,vn,category_platform,,vn,101052,101773,758395205,false
Shopee,758395205,get_category,101051,100691,Swimwear,Đồ bơi,False,,Dataset/DataRaw/country_code=vn/dataset=category_platform/category_platform.csv,vn,category_platform,,vn,100691,101051,758395205,false
Shopee,758395205,get_category,101050,100691,Sleepwear,Đồ ngủ,False,,Dataset/DataRaw/country_code=vn/dataset=category_platform/category_platform.csv,vn,category_platform,,vn,100691,101050,758395205,false
Shopee,758395205,get_category,101049,100691,Underwear & Innerwear,Đồ lót,False,,Dataset/DataRaw/country_code=vn/dataset=category_platform/category_platform.csv,vn,category_platform,,vn,100691,101049,758395205,false
Shopee,758395205,get_category,101048,100691,Costumes,Đồ hóa trang,False,,Dataset/DataRaw/country_code=vn/dataset=category_platform/category_platform.csv,vn,category_platform,,vn,100691,101048,758395205,false
Shopee,758395205,get_category,100690,100633,Boy Clothes,Quần áo bé trai,True,,Dataset/DataRaw/country_code=vn/dataset=category_platform/category_platform.csv,vn,category_platform,,vn,100633,100690,758395205,true
Shopee,758395205,get_category,101047,100690,Others,Khác,False,,Dataset/DataRaw/country_code=vn/dataset=category_platform/category_platform.csv,vn,category_platform,,vn,100690,101047,758395205,false
Shopee,758395205,get_category,101046,100690,Suits & Sets,Com lê & đồ bộ,False,,Dataset/DataRaw/country_code=vn/dataset=category_platform/category_platform.csv,vn,category_platform,,vn,100690,101046,758395205,false
Shopee,758395205,get_category,101045,100690,Bottoms,Quần,True,,Dataset/DataRaw/country_code=vn/dataset=category_platform/category_platform.csv,vn,category_platform,,vn,100690,101045,758395205,true
Shopee,758395205,get_category,101772,101045,Others,Khác,False,,Dataset/DataRaw/country_code=vn/dataset=category_platform/category_platform.csv,vn,category_platform,,vn,101045,101772,758395205,false
Shopee,758395205,get_category,101771,101045,Overalls,Quần yếm,False,,Dataset/DataRaw/country_code=vn/dataset=category_platform/category_platform.csv,vn,category_platform,,vn,101045,101771,758395205,false
Shopee,758395205,get_category,101770,101045,Shorts,Quần ngắn,False,,Dataset/DataRaw/country_code=vn/dataset=category_platform/category_platform.csv,vn,category_platform,,vn,101045,101770,758395205,false
Shopee,758395205,get_category,101769,101045,Pants,Quần dài,False,,Dataset/DataRaw/country_code=vn/dataset=category_platform/category_platform.csv,vn,category_platform,,vn,101045,101769,758395205,false
Shopee,758395205,get_category,101768,101045,Jeans,Quần Jeans,False,,Dataset/DataRaw/country_code=vn/dataset=category_platform/category_platform.csv,vn,category_platform,,vn,101045,101768,758395205,false
Shopee,758395205,get_category,101044,100690,Outerwear,Áo khoác,True,,Dataset/DataRaw/country_code=vn/dataset=category_platform/category_platform.csv,vn,category_platform,,vn,100690,101044,758395205,true
Shopee,758395205,get_category,101767,101044,Others,Khác,False,,Dataset/DataRaw/country_code=vn/dataset=category_platform/category_platform.csv,vn,category_platform,,vn,101044,101767,758395205,false
Shopee,758395205,get_category,101766,101044,Hoodies,Áo nỉ có mũ,False,,Dataset/DataRaw/country_code=vn/dataset=category_platform/category_platform.csv,vn,category_platform,,vn,101044,101766,758395205,false
Shopee,758395205,get_category,101765,101044,Blazers,Blazers,False,,Dataset/DataRaw/country_code=vn/dataset=category_platform/category_platform.csv,vn,category_platform,,vn,101044,101765,758395205,false
Shopee,758395205,get_category,101764,101044,Sweaters & Cardigans,Áo len chui đầu & cardigan,False,,Dataset/DataRaw/country_code=vn/dataset=category_platform/category_platform.csv,vn,category_platform,,vn,101044,101764,758395205,false
Shopee,758395205,get_category,101763,101044,Vests,Áo gi lê,False,,Dataset/DataRaw/country_code=vn/dataset=category_platform/category_platform.csv,vn,category_platform,,vn,101044,101763,758395205,false
Shopee,758395205,get_category,101762,101044,Winter Outerwear,Áo khoác mùa đông,False,,Dataset/DataRaw/country_code=vn/dataset=category_platform/category_platform.csv,vn,category_platform,,vn,101044,101762,758395205,false
Shopee,758395205,get_category,101761,101044,Regular Jackets & Coats,Áo choàng & áo khoác,False,,Dataset/DataRaw/country_code=vn/dataset=category_platform/category_platform.csv,vn,category_platform,,vn,101044,101761,758395205,false
Shopee,758395205,get_category,101043,100690,Tops,Áo,True,,Dataset/DataRaw/country_code=vn/dataset=category_platform/category_platform.csv,vn,category_platform,,vn,100690,101043,758395205,true
Shopee,758395205,get_category,101760,101043,Others,Khác,False,,Dataset/DataRaw/country_code=vn/dataset=category_platform/category_platform.csv,vn,category_platform,,vn,101043,101760,758395205,false
Shopee,758395205,get_category,101759,101043,Shirts,Áo sơ mi,False,,Dataset/DataRaw/country_code=vn/dataset=category_platform/category_platform.csv,vn,category_platform,,vn,101043,101759,758395205,false
Shopee,758395205,get_category,101758,101043,Polo Shirts,Áo polo,False,,Dataset/DataRaw/country_code=vn/dataset=category_platform/category_platform.csv,vn,category_platform,,vn,101043,101758,758395205,false
Shopee,758395205,get_category,101757,101043,T-shirts,Áo thun,False,,Dataset/DataRaw/country_code=vn/dataset=category_platform/category_platform.csv,vn,category_platform,,vn,101043,101757,758395205,false
Shopee,758395205,get_category,101042,100690,Swimwear,Đồ bơi,False,,Dataset/DataRaw/country_code=vn/dataset=category_platform/category_platform.csv,vn,category_platform,,vn,100690,101042,758395205,false
Shopee,758395205,get_category,101041,100690,Sleepwear,Đồ ngủ,False,,Dataset/DataRaw/country_code=vn/dataset=category_platform/category_platform.csv,vn,category_platform,,vn,100690,101041,758395205,false
Shopee,758395205,get_category,101040,100690,Underwear & Innerwear,Đồ lót,False,,Dataset/DataRaw/country_code=vn/dataset=category_platform/category_platform.csv,vn,category_platform,,vn,100690,101040,758395205,false
Shopee,758395205,get_category,101039,100690,Costumes,Đồ hóa trang,False,,Dataset/DataRaw/country_code=vn/dataset=category_platform/category_platform.csv,vn,category_platform,,vn,100690,101039,758395205,false
Shopee,758395205,get_category,100689,100633,Baby & Kids Accessories,Phụ kiện trẻ em & trẻ sơ sinh,True,,Dataset/DataRaw/country_code=vn/dataset=category_platform/category_platform.csv,vn,category_platform,,vn,100633,100689,758395205,true
Shopee,758395205,get_category,101038,100689,Others,Khác,False,,Dataset/DataRaw/country_code=vn/dataset=category_platform/category_platform.csv,vn,category_platform,,vn,100689,101038,758395205,false
Shopee,758395205,get_category,101037,100689,Earmuffs,Chụp tai,False,,Dataset/DataRaw/country_code=vn/dataset=category_platform/category_platform.csv,vn,category_platform,,vn,100689,101037,758395205,false
Shopee,758395205,get_category,101036,100689,Rain Gear,Đồ đi mưa,True,,Dataset/DataRaw/country_code=vn/dataset=category_platform/category_platform.csv,vn,category_platform,,vn,100689,101036,758395205,true
Shopee,758395205,get_category,101756,101036,Others,Khác,False,,Dataset/DataRaw/country_code=vn/dataset=category_platform/category_platform.csv,vn,category_platform,,vn,101036,101756,758395205,false
Shopee,758395205,get_category,101755,101036,Rain Boots,Ủng đi mưa,False,,Dataset/DataRaw/country_code=vn/dataset=category_platform/category_platform.csv,vn,category_platform,,vn,101036,101755,758395205,false
Shopee,758395205,get_category,101754,101036,Raincoats,Áo mưa,False,,Dataset/DataRaw/country_code=vn/dataset=category_platform/category_platform.csv,vn,category_platform,,vn,101036,101754,758395205,false
Shopee,758395205,get_category,101035,100689,Jewelry,Trang sức,True,,Dataset/DataRaw/country_code=vn/dataset=category_platform/category_platform.csv,vn,category_platform,,vn,100689,101035,758395205,true
Shopee,758395205,get_category,101753,101035,Others,Khác,False,,Dataset/DataRaw/country_code=vn/dataset=category_platform/category_platform.csv,vn,category_platform,,vn,101035,101753,758395205,false
Shopee,758395205,get_category,101752,101035,Rings,Nhẫn,False,,Dataset/DataRaw/country_code=vn/dataset=category_platform/category_platform.csv,vn,category_platform,,vn,101035,101752,758395205,false
Shopee,758395205,get_category,101751,101035,Necklaces,Vòng Cổ,False,,Dataset/DataRaw/country_code=vn/dataset=category_platform/category_platform.csv,vn,category_platform,,vn,101035,101751,758395205,false
Shopee,758395205,get_category,101750,101035,Earrings,Bông Tai,False,,Dataset/DataRaw/country_code=vn/dataset=category_platform/category_platform.csv,vn,category_platform,,vn,101035,101750,758395205,false
Shopee,758395205,get_category,101749,101035,Bracelets,Vòng Tay,False,,Dataset/DataRaw/country_code=vn/dataset=category_platform/category_platform.csv,vn,category_platform,,vn,101035,101749,758395205,false
Shopee,758395205,get_category,101034,100689,Watches,Đồng hồ,False,,Dataset/DataRaw/country_code=vn/dataset=category_platform/category_platform.csv,vn,category_platform,,vn,100689,101034,758395205,false
Shopee,758395205,get_category,101033,100689,Scarves,Khăn,False,,Dataset/DataRaw/country_code=vn/dataset=category_platform/category_platform.csv,vn,category_platform,,vn,100689,101033,758395205,false
Shopee,758395205,get_category,101032,100689,Socks,Tất,False,,Dataset/DataRaw/country_code=vn/dataset=category_platform/category_platform.csv,vn,category_platform,,vn,100689,101032,758395205,false
Shopee,758395205,get_category,101031,100689,Belts,Thắt lưng,False,,Dataset/DataRaw/country_code=vn/dataset=category_platform/category_platform.csv,vn,category_platform,,vn,100689,101031,758395205,false
Shopee,758395205,get_category,101030,100689,Gloves,Găng tay,False,,Dataset/DataRaw/country_code=vn/dataset=category_platform/category_platform.csv,vn,category_platform,,vn,100689,101030,758395205,false
Shopee,758395205,get_category,101029,100689,Hair Accessories,Phụ kiện tóc,False,,Dataset/DataRaw/country_code=vn/dataset=category_platform/category_platform.csv,vn,category_platform,,vn,100689,101029,758395205,false
Shopee,758395205,get_category,101028,100689,Eyewear,Mắt kính,False,,Dataset/DataRaw/country_code=vn/dataset=category_platform/category_platform.csv,vn,category_platform,,vn,100689,101028,758395205,false
Shopee,758395205,get_category,101027,100689,Hats & Caps,Mũ & mũ lưỡi trai,False,,Dataset/DataRaw/country_code=vn/dataset=category_platform/category_platform.csv,vn,category_platform,,vn,100689,101027,758395205,false
Shopee,758395205,get_category,101026,100689,Bags & Luggage,Túi xách & vali,True,,Dataset/DataRaw/country_code=vn/dataset=category_platform/category_platform.csv,vn,category_platform,,vn,100689,101026,758395205,true
Shopee,758395205,get_category,101748,101026,Others,Khác,False,,Dataset/DataRaw/country_code=vn/dataset=category_platform/category_platform.csv,vn,category_platform,,vn,101026,101748,758395205,false
Shopee,758395205,get_category,101747,101026,Wallets,Ví,False,,Dataset/DataRaw/country_code=vn/dataset=category_platform/category_platform.csv,vn,category_platform,,vn,101026,101747,758395205,false
Shopee,758395205,get_category,101746,101026,Luggage & Trolley Bags,Vali kéo,False,,Dataset/DataRaw/country_code=vn/dataset=category_platform/category_platform.csv,vn,category_platform,,vn,101026,101746,758395205,false
Shopee,758395205,get_category,101745,101026,Crossbody & Shoulder Bags,Túi đeo chéo/túi đeo vai,False,,Dataset/DataRaw/country_code=vn/dataset=category_platform/category_platform.csv,vn,category_platform,,vn,101026,101745,758395205,false
Shopee,758395205,get_category,101744,101026,Backpacks,Balo,False,,Dataset/DataRaw/country_code=vn/dataset=category_platform/category_platform.csv,vn,category_platform,,vn,101026,101744,758395205,false
Shopee,758395205,get_category,100688,100633,Baby Mittens & Footwear,Bao tay trẻ em & Tất,False,,Dataset/DataRaw/country_code=vn/dataset=category_platform/category_platform.csv,vn,category_platform,,vn,100633,100688,758395205,false
Shopee,758395205,get_category,100687,100633,Baby Clothes,Quần áo trẻ em,True,,Dataset/DataRaw/country_code=vn/dataset=category_platform/category_platform.csv,vn,category_platform,,vn,100633,100687,758395205,true
Shopee,758395205,get_category,101025,100687,Others,Khác,False,,Dataset/DataRaw/country_code=vn/dataset=category_platform/category_platform.csv,vn,category_platform,,vn,100687,101025,758395205,false
Shopee,758395205,get_category,101024,100687,Swimwear,Đồ bơi,False,,Dataset/DataRaw/country_code=vn/dataset=category_platform/category_platform.csv,vn,category_platform,,vn,100687,101024,758395205,false
Shopee,758395205,get_category,101023,100687,Sets,Bộ quần áo,False,,Dataset/DataRaw/country_code=vn/dataset=category_platform/category_platform.csv,vn,category_platform,,vn,100687,101023,758395205,false
Shopee,758395205,get_category,101022,100687,Bodysuits & Jumpsuits,Bộ đồ liền thân,False,,Dataset/DataRaw/country_code=vn/dataset=category_platform/category_platform.csv,vn,category_platform,,vn,100687,101022,758395205,false
Shopee,758395205,get_category,101021,100687,Tops,Áo,False,,Dataset/DataRaw/country_code=vn/dataset=category_platform/category_platform.csv,vn,category_platform,,vn,100687,101021,758395205,false
Shopee,758395205,get_category,101020,100687,Sleepwear,Đồ ngủ,False,,Dataset/DataRaw/country_code=vn/dataset=category_platform/category_platform.csv,vn,category_platform,,vn,100687,101020,758395205,false
Shopee,758395205,get_category,101019,100687,Bottoms,Quần/Chân váy,True,,Dataset/DataRaw/country_code=vn/dataset=category_platform/category_platform.csv,vn,category_platform,,vn,100687,101019,758395205,true
Shopee,758395205,get_category,101743,101019,Others,Khác,False,,Dataset/DataRaw/country_code=vn/dataset=category_platform/category_platform.csv,vn,category_platform,,vn,101019,101743,758395205,false
Shopee,758395205,get_category,101742,101019,Skirts,Chân váy,False,,Dataset/DataRaw/country_code=vn/dataset=category_platform/category_platform.csv,vn,category_platform,,vn,101019,101742,758395205,false
Shopee,758395205,get_category,101741,101019,Shorts,Quần ngắn,False,,Dataset/DataRaw/country_code=vn/dataset=category_platform/category_platform.csv,vn,category_platform,,vn,101019,101741,758395205,false
Shopee,758395205,get_category,101740,101019,Pants & Leggings,Quần dài & legging,False,,Dataset/DataRaw/country_code=vn/dataset=category_platform/category_platform.csv,vn,category_platform,,vn,101019,101740,758395205,false
Shopee,758395205,get_category,101018,100687,Dresses,Váy,False,,Dataset/DataRaw/country_code=vn/dataset=category_platform/category_platform.csv,vn,category_platform,,vn,100687,101018,758395205,false
Shopee,758395205,get_category,101017,100687,Winter Outerwear,Áo khoác mùa đông,False,,Dataset/DataRaw/country_code=vn/dataset=category_platform/category_platform.csv,vn,category_platform,,vn,100687,101017,758395205,false
Shopee,758395205,get_category,101016,100687,Regular Outerwear,Áo khoác nhẹ,False,,Dataset/DataRaw/country_code=vn/dataset=category_platform/category_platform.csv,vn,category_platform,,vn,100687,101016,758395205,false
Shopee,758395205,get_category,100634,0,Gaming & Consoles,Gaming & Console,True,,Dataset/DataRaw/country_code=vn/dataset=category_platform/category_platform.csv,vn,category_platform,,vn,0,100634,758395205,true
Shopee,758395205,get_category,100698,100634,Others,Khác,False,,Dataset/DataRaw/country_code=vn/dataset=category_platform/category_platform.csv,vn,category_platform,,vn,100634,100698,758395205,false
Shopee,758395205,get_category,100697,100634,Video Games,Video Games,True,,Dataset/DataRaw/country_code=vn/dataset=category_platform/category_platform.csv,vn,category_platform,,vn,100634,100697,758395205,true
Shopee,758395205,get_category,101091,100697,Others,Game Máy Khác,False,,Dataset/DataRaw/country_code=vn/dataset=category_platform/category_platform.csv,vn,category_platform,,vn,100697,101091,758395205,false
Shopee,758395205,get_category,101090,100697,PC Game,Game PC,False,,Dataset/DataRaw/country_code=vn/dataset=category_platform/category_platform.csv,vn,category_platform,,vn,100697,101090,758395205,false
Shopee,758395205,get_category,101089,100697,PSP,Game PSP,False,,Dataset/DataRaw/country_code=vn/dataset=category_platform/category_platform.csv,vn,category_platform,,vn,100697,101089,758395205,false
Shopee,758395205,get_category,101088,100697,PS Vita,Game PS Vita,False,,Dataset/DataRaw/country_code=vn/dataset=category_platform/category_platform.csv,vn,category_platform,,vn,100697,101088,758395205,false
Shopee,758395205,get_category,101087,100697,Switch,Game Switch,False,,Dataset/DataRaw/country_code=vn/dataset=category_platform/category_platform.csv,vn,category_platform,,vn,100697,101087,758395205,false
Shopee,758395205,get_category,101086,100697,Gameboy,Game Gameboy,False,,Dataset/DataRaw/country_code=vn/dataset=category_platform/category_platform.csv,vn,category_platform,,vn,100697,101086,758395205,false
Shopee,758395205,get_category,101085,100697,Nintendo DS,Game Nintendo DS,False,,Dataset/DataRaw/country_code=vn/dataset=category_platform/category_platform.csv,vn,category_platform,,vn,100697,101085,758395205,false
Shopee,758395205,get_category,101084,100697,Wii,Game Wii,False,,Dataset/DataRaw/country_code=vn/dataset=category_platform/category_platform.csv,vn,category_platform,,vn,100697,101084,758395205,false
Shopee,758395205,get_category,101083,100697,Xbox,Game Xbox,False,,Dataset/DataRaw/country_code=vn/dataset=category_platform/category_platform.csv,vn,category_platform,,vn,100697,101083,758395205,false
Shopee,758395205,get_category,101082,100697,Playstation,Game Playstation,False,,Dataset/DataRaw/country_code=vn/dataset=category_platform/category_platform.csv,vn,category_platform,,vn,100697,101082,758395205,false
Shopee,758395205,get_category,100696,100634,Console Accessories,Phụ kiện console,False,,Dataset/DataRaw/country_code=vn/dataset=category_platform/category_platform.csv,vn,category_platform,,vn,100634,100696,758395205,false
Shopee,758395205,get_category,100695,100634,Console Machines,Máy chơi game,True,,Dataset/DataRaw/country_code=vn/dataset=category_platform/category_platform.csv,vn,category_platform,,vn,100634,100695,758395205,true
Shopee,758395205,get_category,101081,100695,Others,Khác,False,,Dataset/DataRaw/country_code=vn/dataset=category_platform/category_platform.csv,vn,category_platform,,vn,100695,101081,758395205,false
Shopee,758395205,get_category,101080,100695,PSP,PSP,False,,Dataset/DataRaw/country_code=vn/dataset=category_platform/category_platform.csv,vn,category_platform,,vn,100695,101080,758395205,false
Shopee,758395205,get_category,101079,100695,PS Vita,PS Vita,False,,Dataset/DataRaw/country_code=vn/dataset=category_platform/category_platform.csv,vn,category_platform,,vn,100695,101079,758395205,false
Shopee,758395205,get_category,101078,100695,Switch,Switch,False,,Dataset/DataRaw/country_code=vn/dataset=category_platform/category_platform.csv,vn,category_platform,,vn,100695,101078,758395205,false
Shopee,758395205,get_category,101077,100695,Gameboy,Gameboy,False,,Dataset/DataRaw/country_code=vn/dataset=category_platform/category_platform.csv,vn,category_platform,,vn,100695,101077,758395205,false
Shopee,758395205,get_category,101076,100695,Nintendo DS,Nintendo DS,False,,Dataset/DataRaw/country_code=vn/dataset=category_platform/category_platform.csv,vn,category_platform,,vn,100695,101076,758395205,false
Shopee,758395205,get_category,101075,100695,Wii,Wii,False,,Dataset/DataRaw/country_code=vn/dataset=category_platform/category_platform.csv,vn,category_platform,,vn,100695,101075,758395205,false
Shopee,758395205,get_category,101074,100695,Xbox,Xbox,False,,Dataset/DataRaw/country_code=vn/dataset=category_platform/category_platform.csv,vn,category_platform,,vn,100695,101074,758395205,false
Shopee,758395205,get_category,101073,100695,Playstation,Playstation,False,,Dataset/DataRaw/country_code=vn/dataset=category_platform/category_platform.csv,vn,category_platform,,vn,100695,101073,758395205,false
Shopee,758395205,get_category,100635,0,Cameras & Drones,Cameras & Flycam,True,,Dataset/DataRaw/country_code=vn/dataset=category_platform/category_platform.csv,vn,category_platform,,vn,0,100635,758395205,true
Shopee,758395205,get_category,100707,100635,Others,Khác,False,,Dataset/DataRaw/country_code=vn/dataset=category_platform/category_platform.csv,vn,category_platform,,vn,100635,100707,758395205,false
Shopee,758395205,get_category,100706,100635,Drone Accessories,Phụ kiện Flycam,False,,Dataset/DataRaw/country_code=vn/dataset=category_platform/category_platform.csv,vn,category_platform,,vn,100635,100706,758395205,false
Shopee,758395205,get_category,100705,100635,Drones,Flycam,False,,Dataset/DataRaw/country_code=vn/dataset=category_platform/category_platform.csv,vn,category_platform,,vn,100635,100705,758395205,false
Shopee,758395205,get_category,100704,100635,Camera Care,Phụ kiện chăm sóc máy ảnh,True,,Dataset/DataRaw/country_code=vn/dataset=category_platform/category_platform.csv,vn,category_platform,,vn,100635,100704,758395205,true
Shopee,758395205,get_category,101126,100704,Others,Khác,False,,Dataset/DataRaw/country_code=vn/dataset=category_platform/category_platform.csv,vn,category_platform,,vn,100704,101126,758395205,false
Shopee,758395205,get_category,101125,100704,Lenspens & Brushes,Bút lau & bàn chải làm sạch ống kính,False,,Dataset/DataRaw/country_code=vn/dataset=category_platform/category_platform.csv,vn,category_platform,,vn,100704,101125,758395205,false
Shopee,758395205,get_category,101124,100704,Blowers,Bóng thổi bụi,False,,Dataset/DataRaw/country_code=vn/dataset=category_platform/category_platform.csv,vn,category_platform,,vn,100704,101124,758395205,false
Shopee,758395205,get_category,101123,100704,Silica Gel,Gói hút ẩm,False,,Dataset/DataRaw/country_code=vn/dataset=category_platform/category_platform.csv,vn,category_platform,,vn,100704,101123,758395205,false
Shopee,758395205,get_category,101122,100704,Cleaning Kit,Bộ vệ sinh máy ảnh,False,,Dataset/DataRaw/country_code=vn/dataset=category_platform/category_platform.csv,vn,category_platform,,vn,100704,101122,758395205,false
Shopee,758395205,get_category,101121,100704,Dry Boxes & Cabinets,Tủ & hộp chống ẩm,False,,Dataset/DataRaw/country_code=vn/dataset=category_platform/category_platform.csv,vn,category_platform,,vn,100704,101121,758395205,false
Shopee,758395205,get_category,100703,100635,Camera Accessories,Phụ kiện máy ảnh,True,,Dataset/DataRaw/country_code=vn/dataset=category_platform/category_platform.csv,vn,category_platform,,vn,100635,100703,758395205,true
Shopee,758395205,get_category,101120,100703,Others,Khác,False,,Dataset/DataRaw/country_code=vn/dataset=category_platform/category_platform.csv,vn,category_platform,,vn,100703,101120,758395205,false
Shopee,758395205,get_category,101119,100703,"Tripods, Monopods, & Accessories",Chân máy ảnh,False,,Dataset/DataRaw/country_code=vn/dataset=category_platform/category_platform.csv,vn,category_platform,,vn,100703,101119,758395205,false
Shopee,758395205,get_category,101118,100703,Batteries & Battery Grips,Đế pin,False,,Dataset/DataRaw/country_code=vn/dataset=category_platform/category_platform.csv,vn,category_platform,,vn,100703,101118,758395205,false
Shopee,758395205,get_category,101117,100703,Battery Chargers,Bộ sạc pin,False,,Dataset/DataRaw/country_code=vn/dataset=category_platform/category_platform.csv,vn,category_platform,,vn,100703,101117,758395205,false
Shopee,758395205,get_category,101116,100703,Camera Cases & Bags,Túi đựng máy ảnh,False,,Dataset/DataRaw/country_code=vn/dataset=category_platform/category_platform.csv,vn,category_platform,,vn,100703,101116,758395205,false
Shopee,758395205,get_category,101115,100703,Photo Printers,Máy in ảnh,False,,Dataset/DataRaw/country_code=vn/dataset=category_platform/category_platform.csv,vn,category_platform,,vn,100703,101115,758395205,false
Shopee,758395205,get_category,101114,100703,Photo Films & Papers,Giấy & phim in ảnh,False,,Dataset/DataRaw/country_code=vn/dataset=category_platform/category_platform.csv,vn,category_platform,,vn,100703,101114,758395205,false
Shopee,758395205,get_category,101113,100703,Lighting & Studio Equipments,Thiết bị ánh sáng và phòng chụp,False,,Dataset/DataRaw/country_code=vn/dataset=category_platform/category_platform.csv,vn,category_platform,,vn,100703,101113,758395205,false
Shopee,758395205,get_category,101112,100703,Gimbals & Stabilizers,Tay cầm chống rung,False,,Dataset/DataRaw/country_code=vn/dataset=category_platform/category_platform.csv,vn,category_platform,,vn,100703,101112,758395205,false
Shopee,758395205,get_category,101111,100703,Flash Accessories,Phụ kiện đèn Flash,True,,Dataset/DataRaw/country_code=vn/dataset=category_platform/category_platform.csv,vn,category_platform,,vn,100703,101111,758395205,true
Shopee,758395205,get_category,102023,101111,Others,Khác,False,,Dataset/DataRaw/country_code=vn/dataset=category_platform/category_platform.csv,vn,category_platform,,vn,101111,102023,758395205,false
Shopee,758395205,get_category,102022,101111,Flash Diffusers,Dụng cụ tản sáng,False,,Dataset/DataRaw/country_code=vn/dataset=category_platform/category_platform.csv,vn,category_platform,,vn,101111,102022,758395205,false
Shopee,758395205,get_category,102021,101111,Flash Triggers,Thiết bị kích đèn,False,,Dataset/DataRaw/country_code=vn/dataset=category_platform/category_platform.csv,vn,category_platform,,vn,101111,102021,758395205,false
Shopee,758395205,get_category,101110,100703,Flashes,Đèn Flash,False,,Dataset/DataRaw/country_code=vn/dataset=category_platform/category_platform.csv,vn,category_platform,,vn,100703,101110,758395205,false
Shopee,758395205,get_category,100702,100635,Lens Accessories,Phụ kiện ống kính,True,,Dataset/DataRaw/country_code=vn/dataset=category_platform/category_platform.csv,vn,category_platform,,vn,100635,100702,758395205,true
Shopee,758395205,get_category,101109,100702,Others,Khác,False,,Dataset/DataRaw/country_code=vn/dataset=category_platform/category_platform.csv,vn,category_platform,,vn,100702,101109,758395205,false
Shopee,758395205,get_category,101108,100702,Lens Hoods,Loa che sáng ống kính,False,,Dataset/DataRaw/country_code=vn/dataset=category_platform/category_platform.csv,vn,category_platform,,vn,100702,101108,758395205,false
Shopee,758395205,get_category,101107,100702,Filters,Kính lọc,False,,Dataset/DataRaw/country_code=vn/dataset=category_platform/category_platform.csv,vn,category_platform,,vn,100702,101107,758395205,false
Shopee,758395205,get_category,101106,100702,Lens Caps,Nắp ống kính,False,,Dataset/DataRaw/country_code=vn/dataset=category_platform/category_platform.csv,vn,category_platform,,vn,100702,101106,758395205,false
Shopee,758395205,get_category,101105,100702,Lens Mount & Adaptors,Ngàm ống kính & Ngàm chuyển đổi ống,False,,Dataset/DataRaw/country_code=vn/dataset=category_platform/category_platform.csv,vn,category_platform,,vn,100702,101105,758395205,false
Shopee,758395205,get_category,100701,100635,Lenses,Ống kính,False,,Dataset/DataRaw/country_code=vn/dataset=category_platform/category_platform.csv,vn,category_platform,,vn,100635,100701,758395205,false
Shopee,758395205,get_category,100700,100635,Security Cameras & Systems,Camera giám sát,True,,Dataset/DataRaw/country_code=vn/dataset=category_platform/category_platform.csv,vn,category_platform,,vn,100635,100700,758395205,true
Shopee,758395205,get_category,101104,100700,Others,Khác,False,,Dataset/DataRaw/country_code=vn/dataset=category_platform/category_platform.csv,vn,category_platform,,vn,100700,101104,758395205,false
Shopee,758395205,get_category,101102,100700,Dummy Cameras,Camera giả chống trộm,False,,Dataset/DataRaw/country_code=vn/dataset=category_platform/category_platform.csv,vn,category_platform,,vn,100700,101102,758395205,false
Shopee,758395205,get_category,101101,100700,DVRs,Đầu ghi hình,False,,Dataset/DataRaw/country_code=vn/dataset=category_platform/category_platform.csv,vn,category_platform,,vn,100700,101101,758395205,false
Shopee,758395205,get_category,101100,100700,CCTV Security Cameras,Camera giám sát kết nối internet,False,,Dataset/DataRaw/country_code=vn/dataset=category_platform/category_platform.csv,vn,category_platform,,vn,100700,101100,758395205,false
Shopee,758395205,get_category,100699,100635,Cameras,Máy ảnh,True,,Dataset/DataRaw/country_code=vn/dataset=category_platform/category_platform.csv,vn,category_platform,,vn,100635,100699,758395205,true
Shopee,758395205,get_category,101099,100699,Others,Khác,False,,Dataset/DataRaw/country_code=vn/dataset=category_platform/category_platform.csv,vn,category_platform,,vn,100699,101099,758395205,false
Shopee,758395205,get_category,101098,100699,DSLRs,Máy ảnh cơ/DSLRs,False,,Dataset/DataRaw/country_code=vn/dataset=category_platform/category_platform.csv,vn,category_platform,,vn,100699,101098,758395205,false
Shopee,758395205,get_category,101097,100699,Analog Cameras,Máy ảnh film,False,,Dataset/DataRaw/country_code=vn/dataset=category_platform/category_platform.csv,vn,category_platform,,vn,100699,101097,758395205,false
Shopee,758395205,get_category,101096,100699,Instant Cameras,Máy ảnh chụp lấy liền,False,,Dataset/DataRaw/country_code=vn/dataset=category_platform/category_platform.csv,vn,category_platform,,vn,100699,101096,758395205,false
Shopee,758395205,get_category,101095,100699,Video Camcorders,Máy quay phim,False,,Dataset/DataRaw/country_code=vn/dataset=category_platform/category_platform.csv,vn,category_platform,,vn,100699,101095,758395205,false
Shopee,758395205,get_category,101094,100699,Action Cameras,Máy quay hành động,False,,Dataset/DataRaw/country_code=vn/dataset=category_platform/category_platform.csv,vn,category_platform,,vn,100699,101094,758395205,false
Shopee,758395205,get_category,101093,100699,Mirrorless Cameras,Máy ảnh không gương lật,False,,Dataset/DataRaw/country_code=vn/dataset=category_platform/category_platform.csv,vn,category_platform,,vn,100699,101093,758395205,false
Shopee,758395205,get_category,101092,100699,Point & Shoot,Máy ảnh kỹ thuật số,False,,Dataset/DataRaw/country_code=vn/dataset=category_platform/category_platform.csv,vn,category_platform,,vn,100699,101092,758395205,false
Shopee,758395205,get_category,100636,0,Home & Living,Nhà cửa & Đời sống,True,,Dataset/DataRaw/country_code=vn/dataset=category_platform/category_platform.csv,vn,category_platform,,vn,0,100636,758395205,true
Shopee,758395205,get_category,100724,100636,Others,Khác,False,,Dataset/DataRaw/country_code=vn/dataset=category_platform/category_platform.csv,vn,category_platform,,vn,100636,100724,758395205,false
Shopee,758395205,get_category,100723,100636,Fengshui & Religious Supplies,"Đồ thờ cúng, đồ phong thủy",False,,Dataset/DataRaw/country_code=vn/dataset=category_platform/category_platform.csv,vn,category_platform,,vn,100636,100723,758395205,false
Shopee,758395205,get_category,100722,100636,Party Supplies,Trang trí tiệc tùng,True,,Dataset/DataRaw/country_code=vn/dataset=category_platform/category_platform.csv,vn,category_platform,,vn,100636,100722,758395205,true
Shopee,758395205,get_category,101270,100722,Others,Khác,False,,Dataset/DataRaw/country_code=vn/dataset=category_platform/category_platform.csv,vn,category_platform,,vn,100722,101270,758395205,false
Shopee,758395205,get_category,101269,100722,Sashes,Băng đeo chéo,False,,Dataset/DataRaw/country_code=vn/dataset=category_platform/category_platform.csv,vn,category_platform,,vn,100722,101269,758395205,false
Shopee,758395205,get_category,101268,100722,Party Hats & Masks,"Mũ, mặt nạ dự tiệc",False,,Dataset/DataRaw/country_code=vn/dataset=category_platform/category_platform.csv,vn,category_platform,,vn,100722,101268,758395205,false
Shopee,758395205,get_category,101267,100722,Disposable Tableware,"Chén, đĩa dùng một lần",False,,Dataset/DataRaw/country_code=vn/dataset=category_platform/category_platform.csv,vn,category_platform,,vn,100722,101267,758395205,false
Shopee,758395205,get_category,101266,100722,Cards,Thiệp,False,,Dataset/DataRaw/country_code=vn/dataset=category_platform/category_platform.csv,vn,category_platform,,vn,100722,101266,758395205,false
Shopee,758395205,get_category,101265,100722,Backdrops & Banners,"Phông nền, biểu ngữ",False,,Dataset/DataRaw/country_code=vn/dataset=category_platform/category_platform.csv,vn,category_platform,,vn,100722,101265,758395205,false
Shopee,758395205,get_category,101264,100722,Wooden Clips,Kẹp gỗ,False,,Dataset/DataRaw/country_code=vn/dataset=category_platform/category_platform.csv,vn,category_platform,,vn,100722,101264,758395205,false
Shopee,758395205,get_category,101263,100722,Balloons,Bong bóng,False,,Dataset/DataRaw/country_code=vn/dataset=category_platform/category_platform.csv,vn,category_platform,,vn,100722,101263,758395205,false
Shopee,758395205,get_category,100721,100636,Home Organizers,Sắp xếp nhà cửa,True,,Dataset/DataRaw/country_code=vn/dataset=category_platform/category_platform.csv,vn,category_platform,,vn,100636,100721,758395205,true
Shopee,758395205,get_category,101262,100721,Others,Khác,False,,Dataset/DataRaw/country_code=vn/dataset=category_platform/category_platform.csv,vn,category_platform,,vn,100721,101262,758395205,false
Shopee,758395205,get_category,101261,100721,Tissue Holders,Hộp khăn giấy,False,,Dataset/DataRaw/country_code=vn/dataset=category_platform/category_platform.csv,vn,category_platform,,vn,100721,101261,758395205,false
Shopee,758395205,get_category,101260,100721,Jewelry Organizers,Hộp đựng trang sức,False,,Dataset/DataRaw/country_code=vn/dataset=category_platform/category_platform.csv,vn,category_platform,,vn,100721,101260,758395205,false
Shopee,758395205,get_category,101259,100721,Wardrobe Organizers,Sắp xếp tủ quần áo,False,,Dataset/DataRaw/country_code=vn/dataset=category_platform/category_platform.csv,vn,category_platform,,vn,100721,101259,758395205,false
Shopee,758395205,get_category,101258,100721,Desk Organizers,Kệ sách để bàn,False,,Dataset/DataRaw/country_code=vn/dataset=category_platform/category_platform.csv,vn,category_platform,,vn,100721,101258,758395205,false
Shopee,758395205,get_category,101257,100721,Laundry Bags & Baskets,"Túi giặt, giỏ đựng quần áo",False,,Dataset/DataRaw/country_code=vn/dataset=category_platform/category_platform.csv,vn,category_platform,,vn,100721,101257,758395205,false
Shopee,758395205,get_category,101256,100721,Hooks,Móc treo,False,,Dataset/DataRaw/country_code=vn/dataset=category_platform/category_platform.csv,vn,category_platform,,vn,100721,101256,758395205,false
Shopee,758395205,get_category,101255,100721,Shoe Storage Boxes,"Kệ giày, hộp giày",False,,Dataset/DataRaw/country_code=vn/dataset=category_platform/category_platform.csv,vn,category_platform,,vn,100721,101255,758395205,false
Shopee,758395205,get_category,101254,100721,"Storage Boxes, Bags & Baskets","Hộp đựng, giỏ đựng đồ",False,,Dataset/DataRaw/country_code=vn/dataset=category_platform/category_platform.csv,vn,category_platform,,vn,100721,101254,758395205,false
Shopee,758395205,get_category,101253,100721,Hangers & Pegs,Mắc áo,False,,Dataset/DataRaw/country_code=vn/dataset=category_platform/category_platform.csv,vn,category_platform,,vn,100721,101253,758395205,false
Shopee,758395205,get_category,100720,100636,Safety & Security,Bảo hộ gia đình,True,,Dataset/DataRaw/country_code=vn/dataset=category_platform/category_platform.csv,vn,category_platform,,vn,100636,100720,758395205,true
Shopee,758395205,get_category,101252,100720,Others,Khác,False,,Dataset/DataRaw/country_code=vn/dataset=category_platform/category_platform.csv,vn,category_platform,,vn,100720,101252,758395205,false
Shopee,758395205,get_category,101251,100720,Door Hardware & Locks,"Khóa, ổ khóa",False,,Dataset/DataRaw/country_code=vn/dataset=category_platform/category_platform.csv,vn,category_platform,,vn,100720,101251,758395205,false
Shopee,758395205,get_category,101250,100720,Fire Fighting Equipments,Thiết bị chữa cháy,False,,Dataset/DataRaw/country_code=vn/dataset=category_platform/category_platform.csv,vn,category_platform,,vn,100720,101250,758395205,false
Shopee,758395205,get_category,101249,100720,Safes,Két sắt,False,,Dataset/DataRaw/country_code=vn/dataset=category_platform/category_platform.csv,vn,category_platform,,vn,100720,101249,758395205,false
Shopee,758395205,get_category,100719,100636,Lighting,Đèn,False,,Dataset/DataRaw/country_code=vn/dataset=category_platform/category_platform.csv,vn,category_platform,,vn,100636,100719,758395205,false
Shopee,758395205,get_category,100718,100636,Dinnerware,Bộ đồ bàn ăn,True,,Dataset/DataRaw/country_code=vn/dataset=category_platform/category_platform.csv,vn,category_platform,,vn,100636,100718,758395205,true
Shopee,758395205,get_category,101248,100718,Others,Khác,False,,Dataset/DataRaw/country_code=vn/dataset=category_platform/category_platform.csv,vn,category_platform,,vn,100718,101248,758395205,false
Shopee,758395205,get_category,101247,100718,Placemats & Coasters,"Khay, tấm lót bàn ăn",False,,Dataset/DataRaw/country_code=vn/dataset=category_platform/category_platform.csv,vn,category_platform,,vn,100718,101247,758395205,false
Shopee,758395205,get_category,101246,100718,Food Covers,Lồng bàn,False,,Dataset/DataRaw/country_code=vn/dataset=category_platform/category_platform.csv,vn,category_platform,,vn,100718,101246,758395205,false
Shopee,758395205,get_category,101245,100718,Straws,Ống hút,False,,Dataset/DataRaw/country_code=vn/dataset=category_platform/category_platform.csv,vn,category_platform,,vn,100718,101245,758395205,false
Shopee,758395205,get_category,101244,100718,Cutleries,Bộ dao kéo,False,,Dataset/DataRaw/country_code=vn/dataset=category_platform/category_platform.csv,vn,category_platform,,vn,100718,101244,758395205,false
Shopee,758395205,get_category,101243,100718,Plates,Dĩa,False,,Dataset/DataRaw/country_code=vn/dataset=category_platform/category_platform.csv,vn,category_platform,,vn,100718,101243,758395205,false
Shopee,758395205,get_category,101242,100718,Bowls,Tô,False,,Dataset/DataRaw/country_code=vn/dataset=category_platform/category_platform.csv,vn,category_platform,,vn,100718,101242,758395205,false
Shopee,758395205,get_category,101241,100718,Water Bottles & Accessories,Bình nước & phụ kiện,False,,Dataset/DataRaw/country_code=vn/dataset=category_platform/category_platform.csv,vn,category_platform,,vn,100718,101241,758395205,false
Shopee,758395205,get_category,101240,100718,"Cups, Mugs & Glasses","Cốc, ly, tách uống nước",False,,Dataset/DataRaw/country_code=vn/dataset=category_platform/category_platform.csv,vn,category_platform,,vn,100718,101240,758395205,false
Shopee,758395205,get_category,101239,100718,Tea Pots & Sets,Bộ ấm trà,False,,Dataset/DataRaw/country_code=vn/dataset=category_platform/category_platform.csv,vn,category_platform,,vn,100718,101239,758395205,false
Shopee,758395205,get_category,101238,100718,"Jugs, Pitchers & Accessories",Bình nước,False,,Dataset/DataRaw/country_code=vn/dataset=category_platform/category_platform.csv,vn,category_platform,,vn,100718,101238,758395205,false
Shopee,758395205,get_category,100717,100636,Kitchenware,Dụng cụ nhà bếp,True,,Dataset/DataRaw/country_code=vn/dataset=category_platform/category_platform.csv,vn,category_platform,,vn,100636,100717,758395205,true
Shopee,758395205,get_category,101237,100717,Others,Khác,False,,Dataset/DataRaw/country_code=vn/dataset=category_platform/category_platform.csv,vn,category_platform,,vn,100717,101237,758395205,false
Shopee,758395205,get_category,101235,100717,Sealers,Dụng cụ hút chân không,False,,Dataset/DataRaw/country_code=vn/dataset=category_platform/category_platform.csv,vn,category_platform,,vn,100717,101235,758395205,false
Shopee,758395205,get_category,101234,100717,Kitchen Weighing Scales,Cân nhà bếp,False,,Dataset/DataRaw/country_code=vn/dataset=category_platform/category_platform.csv,vn,category_platform,,vn,100717,101234,758395205,false
Shopee,758395205,get_category,101233,100717,"Graters, Peelers & Cutters","Bàn nạo, dụng cụ bào, cắt",False,,Dataset/DataRaw/country_code=vn/dataset=category_platform/category_platform.csv,vn,category_platform,,vn,100717,101233,758395205,false
Shopee,758395205,get_category,101232,100717,Strainers,Dụng cụ lọc,False,,Dataset/DataRaw/country_code=vn/dataset=category_platform/category_platform.csv,vn,category_platform,,vn,100717,101232,758395205,false
Shopee,758395205,get_category,101231,100717,Measuring Glasses & Spoons,Dụng cụ đo lường,False,,Dataset/DataRaw/country_code=vn/dataset=category_platform/category_platform.csv,vn,category_platform,,vn,100717,101231,758395205,false
Shopee,758395205,get_category,101230,100717,Can & Bottle Openers,Dụng cụ mở hộp,False,,Dataset/DataRaw/country_code=vn/dataset=category_platform/category_platform.csv,vn,category_platform,,vn,100717,101230,758395205,false
Shopee,758395205,get_category,101229,100717,Whisks & Beaters,Phới đánh trứng,False,,Dataset/DataRaw/country_code=vn/dataset=category_platform/category_platform.csv,vn,category_platform,,vn,100717,101229,758395205,false
Shopee,758395205,get_category,101228,100717,Knives & Kitchen Scissors,Dao & kéo,False,,Dataset/DataRaw/country_code=vn/dataset=category_platform/category_platform.csv,vn,category_platform,,vn,100717,101228,758395205,false
Shopee,758395205,get_category,101227,100717,Chopping Boards,Thớt,False,,Dataset/DataRaw/country_code=vn/dataset=category_platform/category_platform.csv,vn,category_platform,,vn,100717,101227,758395205,false
Shopee,758395205,get_category,101226,100717,Spatulas & Cooking Tweezers,Cây vét bột & đồ gắp thức ăn,False,,Dataset/DataRaw/country_code=vn/dataset=category_platform/category_platform.csv,vn,category_platform,,vn,100717,101226,758395205,false
Shopee,758395205,get_category,101225,100717,Aprons & Kitchen Gloves,Tạp dề & găng tay nấu nướng,False,,Dataset/DataRaw/country_code=vn/dataset=category_platform/category_platform.csv,vn,category_platform,,vn,100717,101225,758395205,false
Shopee,758395205,get_category,101224,100717,Kitchen Racks,Kệ để đồ nhà bếp,False,,Dataset/DataRaw/country_code=vn/dataset=category_platform/category_platform.csv,vn,category_platform,,vn,100717,101224,758395205,false
Shopee,758395205,get_category,101223,100717,"Tea, Coffee & Bartending Equipments","Dụng cụ pha trà, cà phê",False,,Dataset/DataRaw/country_code=vn/dataset=category_platform/category_platform.csv,vn,category_platform,,vn,100717,101223,758395205,false
Shopee,758395205,get_category,101222,100717,Aluminium Foil,Giấy bạc,False,,Dataset/DataRaw/country_code=vn/dataset=category_platform/category_platform.csv,vn,category_platform,,vn,100717,101222,758395205,false
Shopee,758395205,get_category,101221,100717,Cling Wrap,Màng bọc thực phẩm,False,,Dataset/DataRaw/country_code=vn/dataset=category_platform/category_platform.csv,vn,category_platform,,vn,100717,101221,758395205,false
Shopee,758395205,get_category,101220,100717,Food Storage,Hộp đựng thực phẩm,False,,Dataset/DataRaw/country_code=vn/dataset=category_platform/category_platform.csv,vn,category_platform,,vn,100717,101220,758395205,false
Shopee,758395205,get_category,101219,100717,Pots,Nồi,False,,Dataset/DataRaw/country_code=vn/dataset=category_platform/category_platform.csv,vn,category_platform,,vn,100717,101219,758395205,false
Shopee,758395205,get_category,101218,100717,Pans,Chảo,False,,Dataset/DataRaw/country_code=vn/dataset=category_platform/category_platform.csv,vn,category_platform,,vn,100717,101218,758395205,false
Shopee,758395205,get_category,101217,100717,Bakewares & Decorations,Dụng cụ nướng & trang trí bánh,False,,Dataset/DataRaw/country_code=vn/dataset=category_platform/category_platform.csv,vn,category_platform,,vn,100717,101217,758395205,false
Shopee,758395205,get_category,101216,100717,Grills & Accessories,Lò nướng & phụ kiện,False,,Dataset/DataRaw/country_code=vn/dataset=category_platform/category_platform.csv,vn,category_platform,,vn,100717,101216,758395205,false
Shopee,758395205,get_category,100716,100636,Home Care Supplies,Dụng cụ chăm sóc nhà cửa,True,,Dataset/DataRaw/country_code=vn/dataset=category_platform/category_platform.csv,vn,category_platform,,vn,100636,100716,758395205,true
Shopee,758395205,get_category,101215,100716,Others,Khác,False,,Dataset/DataRaw/country_code=vn/dataset=category_platform/category_platform.csv,vn,category_platform,,vn,100716,101215,758395205,false
Shopee,758395205,get_category,101214,100716,Laundry Care,Phụ kiện giặt là,True,,Dataset/DataRaw/country_code=vn/dataset=category_platform/category_platform.csv,vn,category_platform,,vn,100716,101214,758395205,true
Shopee,758395205,get_category,101815,101214,Others,Khác,False,,Dataset/DataRaw/country_code=vn/dataset=category_platform/category_platform.csv,vn,category_platform,,vn,101214,101815,758395205,false
Shopee,758395205,get_category,101814,101214,Detergents,Nước giặt,False,,Dataset/DataRaw/country_code=vn/dataset=category_platform/category_platform.csv,vn,category_platform,,vn,101214,101814,758395205,false
Shopee,758395205,get_category,101813,101214,Fabric Conditioners & Softeners,Nước xả,False,,Dataset/DataRaw/country_code=vn/dataset=category_platform/category_platform.csv,vn,category_platform,,vn,101214,101813,758395205,false
Shopee,758395205,get_category,101812,101214,Fabric Fragrances,Chất làm thơm quần áo,False,,Dataset/DataRaw/country_code=vn/dataset=category_platform/category_platform.csv,vn,category_platform,,vn,101214,101812,758395205,false
Shopee,758395205,get_category,101213,100716,Cleaning Agents,Chất tẩy rửa,False,,Dataset/DataRaw/country_code=vn/dataset=category_platform/category_platform.csv,vn,category_platform,,vn,100716,101213,758395205,false
Shopee,758395205,get_category,101212,100716,Toilet Paper,Giấy vệ sinh,False,,Dataset/DataRaw/country_code=vn/dataset=category_platform/category_platform.csv,vn,category_platform,,vn,100716,101212,758395205,false
Shopee,758395205,get_category,101211,100716,Tissue & Paper Towels,"Khăn giấy, giấy ướt",False,,Dataset/DataRaw/country_code=vn/dataset=category_platform/category_platform.csv,vn,category_platform,,vn,100716,101211,758395205,false
Shopee,758395205,get_category,101210,100716,Pest & Weed Control,Thuốc và dụng cụ diệt côn trùng,False,,Dataset/DataRaw/country_code=vn/dataset=category_platform/category_platform.csv,vn,category_platform,,vn,100716,101210,758395205,false
Shopee,758395205,get_category,101209,100716,Cleaning Cloths,Khăn vệ sinh,False,,Dataset/DataRaw/country_code=vn/dataset=category_platform/category_platform.csv,vn,category_platform,,vn,100716,101209,758395205,false
Shopee,758395205,get_category,101208,100716,Plastic Bags & Trash Bags,Túi nilon & túi rác,False,,Dataset/DataRaw/country_code=vn/dataset=category_platform/category_platform.csv,vn,category_platform,,vn,100716,101208,758395205,false
Shopee,758395205,get_category,101207,100716,Trash & Recycling Bins,Thùng rác,False,,Dataset/DataRaw/country_code=vn/dataset=category_platform/category_platform.csv,vn,category_platform,,vn,100716,101207,758395205,false
Shopee,758395205,get_category,101206,100716,Sponges & Scouring Pads,"Miếng bọt biển, miếng chà vệ sinh",False,,Dataset/DataRaw/country_code=vn/dataset=category_platform/category_platform.csv,vn,category_platform,,vn,100716,101206,758395205,false
Shopee,758395205,get_category,101205,100716,"Basins, Buckets & Water Dippers","Chậu, xô & gáo nước",False,,Dataset/DataRaw/country_code=vn/dataset=category_platform/category_platform.csv,vn,category_platform,,vn,100716,101205,758395205,false
Shopee,758395205,get_category,101204,100716,Mops,Cây lau nhà,False,,Dataset/DataRaw/country_code=vn/dataset=category_platform/category_platform.csv,vn,category_platform,,vn,100716,101204,758395205,false
Shopee,758395205,get_category,101203,100716,Dusters,Chổi phủi bụi,False,,Dataset/DataRaw/country_code=vn/dataset=category_platform/category_platform.csv,vn,category_platform,,vn,100716,101203,758395205,false
Shopee,758395205,get_category,101202,100716,Brooms,Chổi,False,,Dataset/DataRaw/country_code=vn/dataset=category_platform/category_platform.csv,vn,category_platform,,vn,100716,101202,758395205,false
Shopee,758395205,get_category,101201,100716,Cleaning Brushes,Bàn chải vệ sinh,False,,Dataset/DataRaw/country_code=vn/dataset=category_platform/category_platform.csv,vn,category_platform,,vn,100716,101201,758395205,false
Shopee,758395205,get_category,101200,100716,Clotheslines & Drying Racks,Dây phơi & giá phơi quần áo,False,,Dataset/DataRaw/country_code=vn/dataset=category_platform/category_platform.csv,vn,category_platform,,vn,100716,101200,758395205,false
Shopee,758395205,get_category,100715,100636,Tools & Home Improvement,Dụng cụ & Thiết bị tiện ích,True,,Dataset/DataRaw/country_code=vn/dataset=category_platform/category_platform.csv,vn,category_platform,,vn,100636,100715,758395205,true
Shopee,758395205,get_category,101199,100715,Others,Khác,False,,Dataset/DataRaw/country_code=vn/dataset=category_platform/category_platform.csv,vn,category_platform,,vn,100715,101199,758395205,false
Shopee,758395205,get_category,101198,100715,Doors & Windows,Cửa & cửa sổ,False,,Dataset/DataRaw/country_code=vn/dataset=category_platform/category_platform.csv,vn,category_platform,,vn,100715,101198,758395205,false
Shopee,758395205,get_category,101197,100715,Construction Materials,Vật liệu xây dựng,False,,Dataset/DataRaw/country_code=vn/dataset=category_platform/category_platform.csv,vn,category_platform,,vn,100715,101197,758395205,false
Shopee,758395205,get_category,101196,100715,"Shades, Awnings & Tarpaulins","Mái hiên, bạt phủ",False,,Dataset/DataRaw/country_code=vn/dataset=category_platform/category_platform.csv,vn,category_platform,,vn,100715,101196,758395205,false
Shopee,758395205,get_category,101195,100715,Trollies,Xe đẩy,False,,Dataset/DataRaw/country_code=vn/dataset=category_platform/category_platform.csv,vn,category_platform,,vn,100715,101195,758395205,false
Shopee,758395205,get_category,101194,100715,Ladders,Thang,False,,Dataset/DataRaw/country_code=vn/dataset=category_platform/category_platform.csv,vn,category_platform,,vn,100715,101194,758395205,false
Shopee,758395205,get_category,101193,100715,"Air Pumps, Parts & Accessories",Máy bơm khí & phụ kiện,False,,Dataset/DataRaw/country_code=vn/dataset=category_platform/category_platform.csv,vn,category_platform,,vn,100715,101193,758395205,false
Shopee,758395205,get_category,101192,100715,"Water Pumps, Parts & Accessories",Máy bơm nước & phụ kiện,False,,Dataset/DataRaw/country_code=vn/dataset=category_platform/category_platform.csv,vn,category_platform,,vn,100715,101192,758395205,false
Shopee,758395205,get_category,101191,100715,Tools,Dụng cụ,True,,Dataset/DataRaw/country_code=vn/dataset=category_platform/category_platform.csv,vn,category_platform,,vn,100715,101191,758395205,true
Shopee,758395205,get_category,101811,101191,Others,Khác,False,,Dataset/DataRaw/country_code=vn/dataset=category_platform/category_platform.csv,vn,category_platform,,vn,101191,101811,758395205,false
Shopee,758395205,get_category,101810,101191,Blowers,Máy thổi,False,,Dataset/DataRaw/country_code=vn/dataset=category_platform/category_platform.csv,vn,category_platform,,vn,101191,101810,758395205,false
Shopee,758395205,get_category,101809,101191,Power Welding Tools,Dụng cụ hàn điện,False,,Dataset/DataRaw/country_code=vn/dataset=category_platform/category_platform.csv,vn,category_platform,,vn,101191,101809,758395205,false
Shopee,758395205,get_category,101808,101191,"Sandpaper, Power Sanders & Accessories","Giấy nhám, máy chà nhám và phụ kiện",False,,Dataset/DataRaw/country_code=vn/dataset=category_platform/category_platform.csv,vn,category_platform,,vn,101191,101808,758395205,false
Shopee,758395205,get_category,101807,101191,Air Compressors,Máy nén khí,False,,Dataset/DataRaw/country_code=vn/dataset=category_platform/category_platform.csv,vn,category_platform,,vn,101191,101807,758395205,false
Shopee,758395205,get_category,101806,101191,Rangefinders,Máy đo khoảng cách,False,,Dataset/DataRaw/country_code=vn/dataset=category_platform/category_platform.csv,vn,category_platform,,vn,101191,101806,758395205,false
Shopee,758395205,get_category,101805,101191,Levels & Measuring Wheels,Ống thăng bằng & bánh xe đo,False,,Dataset/DataRaw/country_code=vn/dataset=category_platform/category_platform.csv,vn,category_platform,,vn,101191,101805,758395205,false
Shopee,758395205,get_category,101804,101191,Electrical Testers & Multimeters,Máy đo điện & đồng hồ vạn năng,False,,Dataset/DataRaw/country_code=vn/dataset=category_platform/category_platform.csv,vn,category_platform,,vn,101191,101804,758395205,false
Shopee,758395205,get_category,101803,101191,Power Generators,Máy phát điện,False,,Dataset/DataRaw/country_code=vn/dataset=category_platform/category_platform.csv,vn,category_platform,,vn,101191,101803,758395205,false
Shopee,758395205,get_category,101802,101191,Pressure Washers,Máy rửa áp lực nước,False,,Dataset/DataRaw/country_code=vn/dataset=category_platform/category_platform.csv,vn,category_platform,,vn,101191,101802,758395205,false
Shopee,758395205,get_category,101801,101191,"Saws, Cut-off Machines & Grinders","Cưa, máy cắt & máy mài",False,,Dataset/DataRaw/country_code=vn/dataset=category_platform/category_platform.csv,vn,category_platform,,vn,101191,101801,758395205,false
Shopee,758395205,get_category,101800,101191,"Drills, Screwdrivers & Accessories","Máy khoan, máy vặn vít & phụ kiện",False,,Dataset/DataRaw/country_code=vn/dataset=category_platform/category_platform.csv,vn,category_platform,,vn,101191,101800,758395205,false
Shopee,758395205,get_category,101799,101191,"Nails, Screws & Fasteners","Đinh, vít & chốt",False,,Dataset/DataRaw/country_code=vn/dataset=category_platform/category_platform.csv,vn,category_platform,,vn,101191,101799,758395205,false
Shopee,758395205,get_category,101798,101191,Pliers,Kìm,False,,Dataset/DataRaw/country_code=vn/dataset=category_platform/category_platform.csv,vn,category_platform,,vn,101191,101798,758395205,false
Shopee,758395205,get_category,101797,101191,Hammers,Búa,False,,Dataset/DataRaw/country_code=vn/dataset=category_platform/category_platform.csv,vn,category_platform,,vn,101191,101797,758395205,false
Shopee,758395205,get_category,101796,101191,Spanner Sets,Bộ cờ lê,False,,Dataset/DataRaw/country_code=vn/dataset=category_platform/category_platform.csv,vn,category_platform,,vn,101191,101796,758395205,false
Shopee,758395205,get_category,101795,101191,Measuring Tapes,Dụng cụ đo lường,False,,Dataset/DataRaw/country_code=vn/dataset=category_platform/category_platform.csv,vn,category_platform,,vn,101191,101795,758395205,false
Shopee,758395205,get_category,101794,101191,Tool Boxes,Hộp dụng cụ cầm tay,False,,Dataset/DataRaw/country_code=vn/dataset=category_platform/category_platform.csv,vn,category_platform,,vn,101191,101794,758395205,false
Shopee,758395205,get_category,101190,100715,Wall Paints & Coatings,Sơn & chất chống thấm tường,False,,Dataset/DataRaw/country_code=vn/dataset=category_platform/category_platform.csv,vn,category_platform,,vn,100715,101190,758395205,false
Shopee,758395205,get_category,101189,100715,Roofing & Flooring,Mái & sàn,False,,Dataset/DataRaw/country_code=vn/dataset=category_platform/category_platform.csv,vn,category_platform,,vn,100715,101189,758395205,false
Shopee,758395205,get_category,101188,100715,Sinks & Water Taps,Chậu rửa & vòi nước,False,,Dataset/DataRaw/country_code=vn/dataset=category_platform/category_platform.csv,vn,category_platform,,vn,100715,101188,758395205,false
Shopee,758395205,get_category,101187,100715,"Protective Gloves, Goggles & Masks","Găng tay, kính bảo hộ & mặt nạ",False,,Dataset/DataRaw/country_code=vn/dataset=category_platform/category_platform.csv,vn,category_platform,,vn,100715,101187,758395205,false
Shopee,758395205,get_category,101186,100715,Industrial Adhesives & Tapes,Keo & chất kết chính công nghiệp,False,,Dataset/DataRaw/country_code=vn/dataset=category_platform/category_platform.csv,vn,category_platform,,vn,100715,101186,758395205,false
Shopee,758395205,get_category,100714,100636,Gardening,Làm vườn,True,,Dataset/DataRaw/country_code=vn/dataset=category_platform/category_platform.csv,vn,category_platform,,vn,100636,100714,758395205,true
Shopee,758395205,get_category,101185,100714,Lawn Mowers,"Máy cắt cỏ, dụng cụ cắt cỏ",False,,Dataset/DataRaw/country_code=vn/dataset=category_platform/category_platform.csv,vn,category_platform,,vn,100714,101185,758395205,false
Shopee,758395205,get_category,101184,100714,Others,Khác,False,,Dataset/DataRaw/country_code=vn/dataset=category_platform/category_platform.csv,vn,category_platform,,vn,100714,101184,758395205,false
Shopee,758395205,get_category,101183,100714,Gardening Tools,Dụng cụ làm vườn,False,,Dataset/DataRaw/country_code=vn/dataset=category_platform/category_platform.csv,vn,category_platform,,vn,100714,101183,758395205,false
Shopee,758395205,get_category,101182,100714,Irrigation Systems,Hệ thống tưới nước,False,,Dataset/DataRaw/country_code=vn/dataset=category_platform/category_platform.csv,vn,category_platform,,vn,100714,101182,758395205,false
Shopee,758395205,get_category,101181,100714,Pots & Planters,Chậu cây,False,,Dataset/DataRaw/country_code=vn/dataset=category_platform/category_platform.csv,vn,category_platform,,vn,100714,101181,758395205,false
Shopee,758395205,get_category,101180,100714,Seeds & Bulbs,Hạt giống & chất hỗ trợ trồng cây,False,,Dataset/DataRaw/country_code=vn/dataset=category_platform/category_platform.csv,vn,category_platform,,vn,100714,101180,758395205,false
Shopee,758395205,get_category,101179,100714,Fertilizer,Phân bón,False,,Dataset/DataRaw/country_code=vn/dataset=category_platform/category_platform.csv,vn,category_platform,,vn,100714,101179,758395205,false
Shopee,758395205,get_category,101178,100714,Garden Soils & Growing Media,Đất trồng,False,,Dataset/DataRaw/country_code=vn/dataset=category_platform/category_platform.csv,vn,category_platform,,vn,100714,101178,758395205,false
Shopee,758395205,get_category,101177,100714,Garden Decorations,Trang trí vườn,False,,Dataset/DataRaw/country_code=vn/dataset=category_platform/category_platform.csv,vn,category_platform,,vn,100714,101177,758395205,false
Shopee,758395205,get_category,101176,100714,Plants,Cây cảnh,False,,Dataset/DataRaw/country_code=vn/dataset=category_platform/category_platform.csv,vn,category_platform,,vn,100714,101176,758395205,false
Shopee,758395205,get_category,100713,100636,Furniture,Nội thất,True,,Dataset/DataRaw/country_code=vn/dataset=category_platform/category_platform.csv,vn,category_platform,,vn,100636,100713,758395205,true
Shopee,758395205,get_category,101175,100713,Others,Khác,False,,Dataset/DataRaw/country_code=vn/dataset=category_platform/category_platform.csv,vn,category_platform,,vn,100713,101175,758395205,false
Shopee,758395205,get_category,101174,100713,Shelves & Racks,Kệ & Giá,False,,Dataset/DataRaw/country_code=vn/dataset=category_platform/category_platform.csv,vn,category_platform,,vn,100713,101174,758395205,false
Shopee,758395205,get_category,101173,100713,Cupboards & Cabinets,Tủ bếp,False,,Dataset/DataRaw/country_code=vn/dataset=category_platform/category_platform.csv,vn,category_platform,,vn,100713,101173,758395205,false
Shopee,758395205,get_category,101172,100713,Sofas,Ghế sofa,False,,Dataset/DataRaw/country_code=vn/dataset=category_platform/category_platform.csv,vn,category_platform,,vn,100713,101172,758395205,false
Shopee,758395205,get_category,101171,100713,"Benches, Chairs & Stools","Ghế, ghế dài, ghế đẩu",False,,Dataset/DataRaw/country_code=vn/dataset=category_platform/category_platform.csv,vn,category_platform,,vn,100713,101171,758395205,false
Shopee,758395205,get_category,101170,100713,Wardrobes,Tủ quần áo,False,,Dataset/DataRaw/country_code=vn/dataset=category_platform/category_platform.csv,vn,category_platform,,vn,100713,101170,758395205,false
Shopee,758395205,get_category,101169,100713,Desks & Tables,Bàn,False,,Dataset/DataRaw/country_code=vn/dataset=category_platform/category_platform.csv,vn,category_platform,,vn,100713,101169,758395205,false
Shopee,758395205,get_category,101168,100713,Bed Frames & Headboards,"Giường, khung giường",False,,Dataset/DataRaw/country_code=vn/dataset=category_platform/category_platform.csv,vn,category_platform,,vn,100713,101168,758395205,false
Shopee,758395205,get_category,101167,100713,Doorstoppers,Miếng chặn cửa,False,,Dataset/DataRaw/country_code=vn/dataset=category_platform/category_platform.csv,vn,category_platform,,vn,100713,101167,758395205,false
Shopee,758395205,get_category,101166,100713,Cushions,Đệm ngồi,False,,Dataset/DataRaw/country_code=vn/dataset=category_platform/category_platform.csv,vn,category_platform,,vn,100713,101166,758395205,false
Shopee,758395205,get_category,100712,100636,"Hand Warmers, Hot Water Bags & Ice Bags",Túi làm ấm,False,,Dataset/DataRaw/country_code=vn/dataset=category_platform/category_platform.csv,vn,category_platform,,vn,100636,100712,758395205,false
Shopee,758395205,get_category,100711,100636,Decoration,Trang trí nhà cửa,True,,Dataset/DataRaw/country_code=vn/dataset=category_platform/category_platform.csv,vn,category_platform,,vn,100636,100711,758395205,true
Shopee,758395205,get_category,101165,100711,Others,Khác,False,,Dataset/DataRaw/country_code=vn/dataset=category_platform/category_platform.csv,vn,category_platform,,vn,100711,101165,758395205,false
Shopee,758395205,get_category,101164,100711,Table Cloths,Khăn trải bàn,False,,Dataset/DataRaw/country_code=vn/dataset=category_platform/category_platform.csv,vn,category_platform,,vn,100711,101164,758395205,false
Shopee,758395205,get_category,101163,100711,Mirrors,Gương,False,,Dataset/DataRaw/country_code=vn/dataset=category_platform/category_platform.csv,vn,category_platform,,vn,100711,101163,758395205,false
Shopee,758395205,get_category,101162,100711,Candles & Candleholders,Nến & đồ đựng nến,False,,Dataset/DataRaw/country_code=vn/dataset=category_platform/category_platform.csv,vn,category_platform,,vn,100711,101162,758395205,false
Shopee,758395205,get_category,101161,100711,Vases & Vessels,Bình trang trí,False,,Dataset/DataRaw/country_code=vn/dataset=category_platform/category_platform.csv,vn,category_platform,,vn,100711,101161,758395205,false
Shopee,758395205,get_category,101160,100711,Carpets & Rugs,Thảm trải sàn,False,,Dataset/DataRaw/country_code=vn/dataset=category_platform/category_platform.csv,vn,category_platform,,vn,100711,101160,758395205,false
Shopee,758395205,get_category,101159,100711,Floor Mats,Thảm chùi chân,False,,Dataset/DataRaw/country_code=vn/dataset=category_platform/category_platform.csv,vn,category_platform,,vn,100711,101159,758395205,false
Shopee,758395205,get_category,101158,100711,Clocks,Đồng hồ,False,,Dataset/DataRaw/country_code=vn/dataset=category_platform/category_platform.csv,vn,category_platform,,vn,100711,101158,758395205,false
Shopee,758395205,get_category,101157,100711,Wallpapers & Wall Stickers,"Decal, tranh dán tường",False,,Dataset/DataRaw/country_code=vn/dataset=category_platform/category_platform.csv,vn,category_platform,,vn,100711,101157,758395205,false
Shopee,758395205,get_category,101156,100711,Photo Frames & Wall Decoration,Khung ảnh & vật trang trí tường,False,,Dataset/DataRaw/country_code=vn/dataset=category_platform/category_platform.csv,vn,category_platform,,vn,100711,101156,758395205,false
Shopee,758395205,get_category,101155,100711,Curtains & Blinds,"Rèm cửa, màn che",False,,Dataset/DataRaw/country_code=vn/dataset=category_platform/category_platform.csv,vn,category_platform,,vn,100711,101155,758395205,false
Shopee,758395205,get_category,101154,100711,Furniture & Appliance Covers,Vỏ bọc nội thất,False,,Dataset/DataRaw/country_code=vn/dataset=category_platform/category_platform.csv,vn,category_platform,,vn,100711,101154,758395205,false
Shopee,758395205,get_category,101153,100711,Flowers,Hoa trang trí,False,,Dataset/DataRaw/country_code=vn/dataset=category_platform/category_platform.csv,vn,category_platform,,vn,100711,101153,758395205,false
Shopee,758395205,get_category,100710,100636,Bedding,Chăn ga gối nệm,True,,Dataset/DataRaw/country_code=vn/dataset=category_platform/category_platform.csv,vn,category_platform,,vn,100636,100710,758395205,true
Shopee,758395205,get_category,101152,100710,Others,Khác,False,,Dataset/DataRaw/country_code=vn/dataset=category_platform/category_platform.csv,vn,category_platform,,vn,100710,101152,758395205,false
Shopee,758395205,get_category,101151,100710,Bolsters,Gối ôm,False,,Dataset/DataRaw/country_code=vn/dataset=category_platform/category_platform.csv,vn,category_platform,,vn,100710,101151,758395205,false
Shopee,758395205,get_category,101150,100710,Mosquito Nets,Mùng/ Màn chống muỗi,False,,Dataset/DataRaw/country_code=vn/dataset=category_platform/category_platform.csv,vn,category_platform,,vn,100710,101150,758395205,false
Shopee,758395205,get_category,101149,100710,Mattresses,Nệm,False,,Dataset/DataRaw/country_code=vn/dataset=category_platform/category_platform.csv,vn,category_platform,,vn,100710,101149,758395205,false
Shopee,758395205,get_category,101148,100710,"Bedsheets, Pillowcases & Bolster Cases","Ga trải giường, vỏ gối",False,,Dataset/DataRaw/country_code=vn/dataset=category_platform/category_platform.csv,vn,category_platform,,vn,100710,101148,758395205,false
Shopee,758395205,get_category,101147,100710,Pillows,Gối,False,,Dataset/DataRaw/country_code=vn/dataset=category_platform/category_platform.csv,vn,category_platform,,vn,100710,101147,758395205,false
Shopee,758395205,get_category,101146,100710,"Blankets, Comforters & Quilts","Chăn, mền",False,,Dataset/DataRaw/country_code=vn/dataset=category_platform/category_platform.csv,vn,category_platform,,vn,100710,101146,758395205,false
Shopee,758395205,get_category,101145,100710,Mattress Protectors & Toppers,"Tấm bảo vệ nệm, topper",False,,Dataset/DataRaw/country_code=vn/dataset=category_platform/category_platform.csv,vn,category_platform,,vn,100710,101145,758395205,false
Shopee,758395205,get_category,101144,100710,Cooling Mats,Chiếu điều hòa,False,,Dataset/DataRaw/country_code=vn/dataset=category_platform/category_platform.csv,vn,category_platform,,vn,100710,101144,758395205,false
Shopee,758395205,get_category,100709,100636,Bathrooms,Đồ dùng phòng tắm,True,,Dataset/DataRaw/country_code=vn/dataset=category_platform/category_platform.csv,vn,category_platform,,vn,100636,100709,758395205,true
Shopee,758395205,get_category,101143,100709,Others,Khác,False,,Dataset/DataRaw/country_code=vn/dataset=category_platform/category_platform.csv,vn,category_platform,,vn,100709,101143,758395205,false
Shopee,758395205,get_category,101142,100709,Shower Caps,Mũ tắm,False,,Dataset/DataRaw/country_code=vn/dataset=category_platform/category_platform.csv,vn,category_platform,,vn,100709,101142,758395205,false
Shopee,758395205,get_category,101141,100709,Safety Handles,Tay cầm an toàn,False,,Dataset/DataRaw/country_code=vn/dataset=category_platform/category_platform.csv,vn,category_platform,,vn,100709,101141,758395205,false
Shopee,758395205,get_category,101140,100709,Shower Seats & Commodes,"Ghế nhà tắm, ghế chống trượt",False,,Dataset/DataRaw/country_code=vn/dataset=category_platform/category_platform.csv,vn,category_platform,,vn,100709,101140,758395205,false
Shopee,758395205,get_category,101139,100709,Shower Curtains,Rèm cửa nhà tắm,False,,Dataset/DataRaw/country_code=vn/dataset=category_platform/category_platform.csv,vn,category_platform,,vn,100709,101139,758395205,false
Shopee,758395205,get_category,101138,100709,Bath Brushes & Loofahs,Bông tắm,False,,Dataset/DataRaw/country_code=vn/dataset=category_platform/category_platform.csv,vn,category_platform,,vn,100709,101138,758395205,false
Shopee,758395205,get_category,101137,100709,Showerheads & Bidet Sprays,Vòi sen & vòi xịt vệ sinh,False,,Dataset/DataRaw/country_code=vn/dataset=category_platform/category_platform.csv,vn,category_platform,,vn,100709,101137,758395205,false
Shopee,758395205,get_category,101136,100709,Towels & Bathrobes,"Khăn mặt, khăn tắm, áo choàng tắm",True,,Dataset/DataRaw/country_code=vn/dataset=category_platform/category_platform.csv,vn,category_platform,,vn,100709,101136,758395205,true
Shopee,758395205,get_category,101793,101136,Others,Khác,False,,Dataset/DataRaw/country_code=vn/dataset=category_platform/category_platform.csv,vn,category_platform,,vn,101136,101793,758395205,false
Shopee,758395205,get_category,101792,101136,Bath Robes,Áo choàng tắm,False,,Dataset/DataRaw/country_code=vn/dataset=category_platform/category_platform.csv,vn,category_platform,,vn,101136,101792,758395205,false
Shopee,758395205,get_category,101791,101136,Face & Hand Towels,Khăn mặt,False,,Dataset/DataRaw/country_code=vn/dataset=category_platform/category_platform.csv,vn,category_platform,,vn,101136,101791,758395205,false
Shopee,758395205,get_category,101790,101136,Bath Towels,Khăn tắm,False,,Dataset/DataRaw/country_code=vn/dataset=category_platform/category_platform.csv,vn,category_platform,,vn,101136,101790,758395205,false
Shopee,758395205,get_category,101135,100709,Bathtubs,Bồn tắm,False,,Dataset/DataRaw/country_code=vn/dataset=category_platform/category_platform.csv,vn,category_platform,,vn,100709,101135,758395205,false
Shopee,758395205,get_category,101134,100709,Bathroom Racks & Cabinets,Kệ để đồ phòng tắm,False,,Dataset/DataRaw/country_code=vn/dataset=category_platform/category_platform.csv,vn,category_platform,,vn,100709,101134,758395205,false
Shopee,758395205,get_category,101133,100709,"Soap Dispensers, Holders & Boxes",Kệ đựng xà phòng,False,,Dataset/DataRaw/country_code=vn/dataset=category_platform/category_platform.csv,vn,category_platform,,vn,100709,101133,758395205,false
Shopee,758395205,get_category,101132,100709,Toothbrush Holders & Toothpaste Dispensers,"Kệ đựng bàn chải, kệ nhả kem đánh răng",False,,Dataset/DataRaw/country_code=vn/dataset=category_platform/category_platform.csv,vn,category_platform,,vn,100709,101132,758395205,false
Shopee,758395205,get_category,101131,100709,"Toilet Bowls, Seats & Covers","Bồn cầu, ghế và nắp bồn cầu",False,,Dataset/DataRaw/country_code=vn/dataset=category_platform/category_platform.csv,vn,category_platform,,vn,100709,101131,758395205,false
Shopee,758395205,get_category,100708,100636,Home Fragrance & Aromatherapy,"Chất khử mùi, làm thơm nhà",True,,Dataset/DataRaw/country_code=vn/dataset=category_platform/category_platform.csv,vn,category_platform,,vn,100636,100708,758395205,true
Shopee,758395205,get_category,101130,100708,Others,Khác,False,,Dataset/DataRaw/country_code=vn/dataset=category_platform/category_platform.csv,vn,category_platform,,vn,100708,101130,758395205,false
Shopee,758395205,get_category,101129,100708,"Diffusers, Humidifiers & Oil Burners","Máy khuếch tán, tạo ẩm & xông tinh dầu",False,,Dataset/DataRaw/country_code=vn/dataset=category_platform/category_platform.csv,vn,category_platform,,vn,100708,101129,758395205,false
Shopee,758395205,get_category,101128,100708,Essential Oils,Tinh dầu thơm,False,,Dataset/DataRaw/country_code=vn/dataset=category_platform/category_platform.csv,vn,category_platform,,vn,100708,101128,758395205,false
Shopee,758395205,get_category,101127,100708,Air Fresheners & Home Fragrance,"Chất khử mùi, làm thơm",False,,Dataset/DataRaw/country_code=vn/dataset=category_platform/category_platform.csv,vn,category_platform,,vn,100708,101127,758395205,false
Shopee,758395205,get_category,100637,0,Sports & Outdoors,Thể Thao & Dã Ngoại,True,,Dataset/DataRaw/country_code=vn/dataset=category_platform/category_platform.csv,vn,category_platform,,vn,0,100637,758395205,true
Shopee,758395205,get_category,100729,100637,Others,Khác,False,,Dataset/DataRaw/country_code=vn/dataset=category_platform/category_platform.csv,vn,category_platform,,vn,100637,100729,758395205,false
Shopee,758395205,get_category,100728,100637,Sports & Outdoor Accessories,Phụ Kiện Thể Thao & Dã Ngoại,True,,Dataset/DataRaw/country_code=vn/dataset=category_platform/category_platform.csv,vn,category_platform,,vn,100637,100728,758395205,true
Shopee,758395205,get_category,101329,100728,Others,Phụ Kiện Khác,False,,Dataset/DataRaw/country_code=vn/dataset=category_platform/category_platform.csv,vn,category_platform,,vn,100728,101329,758395205,false
Shopee,758395205,get_category,101328,100728,Gym Protective Gears,Đồ Bảo Hộ Gym,False,,Dataset/DataRaw/country_code=vn/dataset=category_platform/category_platform.csv,vn,category_platform,,vn,100728,101328,758395205,false
Shopee,758395205,get_category,101327,100728,Training Equipments,Phụ Kiện Tập Luyện,False,,Dataset/DataRaw/country_code=vn/dataset=category_platform/category_platform.csv,vn,category_platform,,vn,100728,101327,758395205,false
Shopee,758395205,get_category,101326,100728,Mouthguards & Sport Tapes,Dụng Cụ Bảo Vệ Miệng & Băng Keo Thể Thao,False,,Dataset/DataRaw/country_code=vn/dataset=category_platform/category_platform.csv,vn,category_platform,,vn,100728,101326,758395205,false
Shopee,758395205,get_category,101325,100728,Umbrellas,Ô/Dù,False,,Dataset/DataRaw/country_code=vn/dataset=category_platform/category_platform.csv,vn,category_platform,,vn,100728,101325,758395205,false
Shopee,758395205,get_category,101324,100728,Rain Coats,Áo Mưa,False,,Dataset/DataRaw/country_code=vn/dataset=category_platform/category_platform.csv,vn,category_platform,,vn,100728,101324,758395205,false
Shopee,758395205,get_category,101323,100728,Dry Bags,Túi Chống Thấm,False,,Dataset/DataRaw/country_code=vn/dataset=category_platform/category_platform.csv,vn,category_platform,,vn,100728,101323,758395205,false
Shopee,758395205,get_category,101322,100728,Sports & Outdoor Hats,Mũ Thể Thao & Dã Ngoại,False,,Dataset/DataRaw/country_code=vn/dataset=category_platform/category_platform.csv,vn,category_platform,,vn,100728,101322,758395205,false
Shopee,758395205,get_category,101321,100728,Sports Headbands,Băng Đô Thể Thao,False,,Dataset/DataRaw/country_code=vn/dataset=category_platform/category_platform.csv,vn,category_platform,,vn,100728,101321,758395205,false
Shopee,758395205,get_category,101320,100728,Sports Wristbands,Vòng Tay Thể Thao,False,,Dataset/DataRaw/country_code=vn/dataset=category_platform/category_platform.csv,vn,category_platform,,vn,100728,101320,758395205,false
Shopee,758395205,get_category,101319,100728,Shoe Bags,Túi Đựng Giày,False,,Dataset/DataRaw/country_code=vn/dataset=category_platform/category_platform.csv,vn,category_platform,,vn,100728,101319,758395205,false
Shopee,758395205,get_category,101318,100728,Stopwatches & Pedometers,Đồng Hồ Bấm Giây & Máy Đếm Bước Chân,False,,Dataset/DataRaw/country_code=vn/dataset=category_platform/category_platform.csv,vn,category_platform,,vn,100728,101318,758395205,false
Shopee,758395205,get_category,100727,100637,Sports & Outdoor Apparels,Thời Trang Thể Thao & Dã Ngoại,True,,Dataset/DataRaw/country_code=vn/dataset=category_platform/category_platform.csv,vn,category_platform,,vn,100637,100727,758395205,true
Shopee,758395205,get_category,101317,100727,Others,Khác,False,,Dataset/DataRaw/country_code=vn/dataset=category_platform/category_platform.csv,vn,category_platform,,vn,100727,101317,758395205,false
Shopee,758395205,get_category,101316,100727,Kid's Sports Apparel,Thời Trang Thể Thao Trẻ Em,False,,Dataset/DataRaw/country_code=vn/dataset=category_platform/category_platform.csv,vn,category_platform,,vn,100727,101316,758395205,false
Shopee,758395205,get_category,101315,100727,Sports Bras,Áo Lót Thể Thao,False,,Dataset/DataRaw/country_code=vn/dataset=category_platform/category_platform.csv,vn,category_platform,,vn,100727,101315,758395205,false
Shopee,758395205,get_category,101314,100727,Swimming Attire,Đồ Bơi,True,,Dataset/DataRaw/country_code=vn/dataset=category_platform/category_platform.csv,vn,category_platform,,vn,100727,101314,758395205,true
Shopee,758395205,get_category,101901,101314,Others,Đồ Bơi Khác,False,,Dataset/DataRaw/country_code=vn/dataset=category_platform/category_platform.csv,vn,category_platform,,vn,101314,101901,758395205,false
Shopee,758395205,get_category,101900,101314,Rash Guards,Áo Bơi Kín,False,,Dataset/DataRaw/country_code=vn/dataset=category_platform/category_platform.csv,vn,category_platform,,vn,101314,101900,758395205,false
Shopee,758395205,get_category,101899,101314,One-Piece Swimsuits,Đồ Bơi Một Mảnh,False,,Dataset/DataRaw/country_code=vn/dataset=category_platform/category_platform.csv,vn,category_platform,,vn,101314,101899,758395205,false
Shopee,758395205,get_category,101898,101314,Bikini Sets,Bộ Bikini,False,,Dataset/DataRaw/country_code=vn/dataset=category_platform/category_platform.csv,vn,category_platform,,vn,101314,101898,758395205,false
Shopee,758395205,get_category,101897,101314,Swimming Trunks,Quần Bơi,False,,Dataset/DataRaw/country_code=vn/dataset=category_platform/category_platform.csv,vn,category_platform,,vn,101314,101897,758395205,false
Shopee,758395205,get_category,101313,100727,Bottoms,Quần Thể Thao,False,,Dataset/DataRaw/country_code=vn/dataset=category_platform/category_platform.csv,vn,category_platform,,vn,100727,101313,758395205,false
Shopee,758395205,get_category,101312,100727,Jerseys,Áo CLB,False,,Dataset/DataRaw/country_code=vn/dataset=category_platform/category_platform.csv,vn,category_platform,,vn,100727,101312,758395205,false
Shopee,758395205,get_category,101311,100727,T-shirts,Áo Thể Thao,False,,Dataset/DataRaw/country_code=vn/dataset=category_platform/category_platform.csv,vn,category_platform,,vn,100727,101311,758395205,false
Shopee,758395205,get_category,101310,100727,Jackets,Áo Khoác,False,,Dataset/DataRaw/country_code=vn/dataset=category_platform/category_platform.csv,vn,category_platform,,vn,100727,101310,758395205,false
Shopee,758395205,get_category,101309,100727,Sets,Bộ Đồ Thể Thao,False,,Dataset/DataRaw/country_code=vn/dataset=category_platform/category_platform.csv,vn,category_platform,,vn,100727,101309,758395205,false
Shopee,758395205,get_category,100726,100637,Sports Footwear,Giày Thể Thao,True,,Dataset/DataRaw/country_code=vn/dataset=category_platform/category_platform.csv,vn,category_platform,,vn,100637,100726,758395205,true
Shopee,758395205,get_category,101308,100726,Others,Giày Thể Thao Khác,False,,Dataset/DataRaw/country_code=vn/dataset=category_platform/category_platform.csv,vn,category_platform,,vn,100726,101308,758395205,false
Shopee,758395205,get_category,101307,100726,Kid's Sport Shoes,Giày Thể Thao Trẻ Em,False,,Dataset/DataRaw/country_code=vn/dataset=category_platform/category_platform.csv,vn,category_platform,,vn,100726,101307,758395205,false
Shopee,758395205,get_category,101306,100726,Soccer Shoes,Giày Bóng Đá,False,,Dataset/DataRaw/country_code=vn/dataset=category_platform/category_platform.csv,vn,category_platform,,vn,100726,101306,758395205,false
Shopee,758395205,get_category,101305,100726,Hiking Shoes,Giày Dã Ngoại,False,,Dataset/DataRaw/country_code=vn/dataset=category_platform/category_platform.csv,vn,category_platform,,vn,100726,101305,758395205,false
Shopee,758395205,get_category,101304,100726,Futsal Shoes,Giày Futsal,False,,Dataset/DataRaw/country_code=vn/dataset=category_platform/category_platform.csv,vn,category_platform,,vn,100726,101304,758395205,false
Shopee,758395205,get_category,101303,100726,Badminton Shoes,Giày Cầu Lông,False,,Dataset/DataRaw/country_code=vn/dataset=category_platform/category_platform.csv,vn,category_platform,,vn,100726,101303,758395205,false
Shopee,758395205,get_category,101302,100726,Volleyball Shoes,Giày Bóng Chuyền,False,,Dataset/DataRaw/country_code=vn/dataset=category_platform/category_platform.csv,vn,category_platform,,vn,100726,101302,758395205,false
Shopee,758395205,get_category,101301,100726,Tennis Shoes,Giày Tennis,False,,Dataset/DataRaw/country_code=vn/dataset=category_platform/category_platform.csv,vn,category_platform,,vn,100726,101301,758395205,false
Shopee,758395205,get_category,101300,100726,Training Shoes,Giày Tập Luyện,False,,Dataset/DataRaw/country_code=vn/dataset=category_platform/category_platform.csv,vn,category_platform,,vn,100726,101300,758395205,false
Shopee,758395205,get_category,101299,100726,Running Shoes,Giày Chạy Bộ,False,,Dataset/DataRaw/country_code=vn/dataset=category_platform/category_platform.csv,vn,category_platform,,vn,100726,101299,758395205,false
Shopee,758395205,get_category,101298,100726,Basketball Shoes,Giày Bóng Rổ,False,,Dataset/DataRaw/country_code=vn/dataset=category_platform/category_platform.csv,vn,category_platform,,vn,100726,101298,758395205,false
Shopee,758395205,get_category,100725,100637,Sports & Outdoor Recreation Equipments,Dụng Cụ Thể Thao & Dã Ngoại,True,,Dataset/DataRaw/country_code=vn/dataset=category_platform/category_platform.csv,vn,category_platform,,vn,100637,100725,758395205,true
Shopee,758395205,get_category,101297,100725,Others,Môn Thể Thao Khác,False,,Dataset/DataRaw/country_code=vn/dataset=category_platform/category_platform.csv,vn,category_platform,,vn,100725,101297,758395205,false
Shopee,758395205,get_category,101296,100725,Darts,Ném Phi Tiêu,False,,Dataset/DataRaw/country_code=vn/dataset=category_platform/category_platform.csv,vn,category_platform,,vn,100725,101296,758395205,false
Shopee,758395205,get_category,101295,100725,Fitness Equipment,Thiết Bị Thể Thao,True,,Dataset/DataRaw/country_code=vn/dataset=category_platform/category_platform.csv,vn,category_platform,,vn,100725,101295,758395205,true
Shopee,758395205,get_category,101896,101295,Others,Khác,False,,Dataset/DataRaw/country_code=vn/dataset=category_platform/category_platform.csv,vn,category_platform,,vn,101295,101896,758395205,false
Shopee,758395205,get_category,101895,101295,Pull Up & Push Up Bars,Xà & Dụng Cụ Chống Đẩy,False,,Dataset/DataRaw/country_code=vn/dataset=category_platform/category_platform.csv,vn,category_platform,,vn,101295,101895,758395205,false
Shopee,758395205,get_category,101894,101295,Ab Rollers,Con Lăn Tập Bụng,False,,Dataset/DataRaw/country_code=vn/dataset=category_platform/category_platform.csv,vn,category_platform,,vn,101295,101894,758395205,false
Shopee,758395205,get_category,101893,101295,Fitness Machines,Máy Tập,False,,Dataset/DataRaw/country_code=vn/dataset=category_platform/category_platform.csv,vn,category_platform,,vn,101295,101893,758395205,false
Shopee,758395205,get_category,101892,101295,Gym Balls,Bóng Tập Yoga & Gym,False,,Dataset/DataRaw/country_code=vn/dataset=category_platform/category_platform.csv,vn,category_platform,,vn,101295,101892,758395205,false
Shopee,758395205,get_category,101891,101295,Skipping Ropes,Dây Nhảy,False,,Dataset/DataRaw/country_code=vn/dataset=category_platform/category_platform.csv,vn,category_platform,,vn,101295,101891,758395205,false
Shopee,758395205,get_category,101890,101295,Weight Training,Tạ Tập,False,,Dataset/DataRaw/country_code=vn/dataset=category_platform/category_platform.csv,vn,category_platform,,vn,101295,101890,758395205,false
Shopee,758395205,get_category,101294,100725,Yoga & Pilates,Yoga & Pilates,True,,Dataset/DataRaw/country_code=vn/dataset=category_platform/category_platform.csv,vn,category_platform,,vn,100725,101294,758395205,true
Shopee,758395205,get_category,101889,101294,Others,Khác,False,,Dataset/DataRaw/country_code=vn/dataset=category_platform/category_platform.csv,vn,category_platform,,vn,101294,101889,758395205,false
Shopee,758395205,get_category,101888,101294,Resistance Bands,Dây Đàn Hồi,False,,Dataset/DataRaw/country_code=vn/dataset=category_platform/category_platform.csv,vn,category_platform,,vn,101294,101888,758395205,false
Shopee,758395205,get_category,101887,101294,"Yoga Blocks, Rings & Foam Rollers",Dụng Cụ Hỗ Trợ Yoga,False,,Dataset/DataRaw/country_code=vn/dataset=category_platform/category_platform.csv,vn,category_platform,,vn,101294,101887,758395205,false
Shopee,758395205,get_category,101886,101294,Yoga Mats,Thảm Yoga,False,,Dataset/DataRaw/country_code=vn/dataset=category_platform/category_platform.csv,vn,category_platform,,vn,101294,101886,758395205,false
Shopee,758395205,get_category,101293,100725,Boating,Chèo Thuyền,False,,Dataset/DataRaw/country_code=vn/dataset=category_platform/category_platform.csv,vn,category_platform,,vn,100725,101293,758395205,false
Shopee,758395205,get_category,101292,100725,Swimming & Diving,Bơi Lội & Lặn,True,,Dataset/DataRaw/country_code=vn/dataset=category_platform/category_platform.csv,vn,category_platform,,vn,100725,101292,758395205,true
Shopee,758395205,get_category,101885,101292,Others,Khác,False,,Dataset/DataRaw/country_code=vn/dataset=category_platform/category_platform.csv,vn,category_platform,,vn,101292,101885,758395205,false
Shopee,758395205,get_category,101884,101292,Life Jackets,Áo Phao,False,,Dataset/DataRaw/country_code=vn/dataset=category_platform/category_platform.csv,vn,category_platform,,vn,101292,101884,758395205,false
Shopee,758395205,get_category,101883,101292,Flippers,Chân Vịt Lặn,False,,Dataset/DataRaw/country_code=vn/dataset=category_platform/category_platform.csv,vn,category_platform,,vn,101292,101883,758395205,false
Shopee,758395205,get_category,101882,101292,Diving Masks,Mặt Nạ Lặn,False,,Dataset/DataRaw/country_code=vn/dataset=category_platform/category_platform.csv,vn,category_platform,,vn,101292,101882,758395205,false
Shopee,758395205,get_category,101881,101292,Diving Flashlights,Đèn Lặn,False,,Dataset/DataRaw/country_code=vn/dataset=category_platform/category_platform.csv,vn,category_platform,,vn,101292,101881,758395205,false
Shopee,758395205,get_category,101880,101292,Swimming Boards,Ván Tập Bơi,False,,Dataset/DataRaw/country_code=vn/dataset=category_platform/category_platform.csv,vn,category_platform,,vn,101292,101880,758395205,false
Shopee,758395205,get_category,101879,101292,Swimming Goggles,Kính Bơi,False,,Dataset/DataRaw/country_code=vn/dataset=category_platform/category_platform.csv,vn,category_platform,,vn,101292,101879,758395205,false
Shopee,758395205,get_category,101878,101292,Swimming Caps,Mũ Bơi,False,,Dataset/DataRaw/country_code=vn/dataset=category_platform/category_platform.csv,vn,category_platform,,vn,101292,101878,758395205,false
Shopee,758395205,get_category,101291,100725,Ice Skating & Winter Sports,Trượt Tuyết & Thể Thao Mùa Đông,False,,Dataset/DataRaw/country_code=vn/dataset=category_platform/category_platform.csv,vn,category_platform,,vn,100725,101291,758395205,false
Shopee,758395205,get_category,101290,100725,Surfing & Wakeboarding,Lướt Ván,False,,Dataset/DataRaw/country_code=vn/dataset=category_platform/category_platform.csv,vn,category_platform,,vn,100725,101290,758395205,false
Shopee,758395205,get_category,101289,100725,Billiards,Bida,False,,Dataset/DataRaw/country_code=vn/dataset=category_platform/category_platform.csv,vn,category_platform,,vn,100725,101289,758395205,false
Shopee,758395205,get_category,101288,100725,Rugby,Bóng Bầu Dục,False,,Dataset/DataRaw/country_code=vn/dataset=category_platform/category_platform.csv,vn,category_platform,,vn,100725,101288,758395205,false
Shopee,758395205,get_category,101287,100725,Shooting & Survival Games,Bắn Súng & Game Sinh Tồn,False,,Dataset/DataRaw/country_code=vn/dataset=category_platform/category_platform.csv,vn,category_platform,,vn,100725,101287,758395205,false
Shopee,758395205,get_category,101286,100725,Squash,Bóng Quần,False,,Dataset/DataRaw/country_code=vn/dataset=category_platform/category_platform.csv,vn,category_platform,,vn,100725,101286,758395205,false
Shopee,758395205,get_category,101285,100725,Baseball & Softball,Bóng Chày & Bóng Ném,False,,Dataset/DataRaw/country_code=vn/dataset=category_platform/category_platform.csv,vn,category_platform,,vn,100725,101285,758395205,false
Shopee,758395205,get_category,101284,100725,Golf,Golf,True,,Dataset/DataRaw/country_code=vn/dataset=category_platform/category_platform.csv,vn,category_platform,,vn,100725,101284,758395205,true
Shopee,758395205,get_category,101877,101284,Others,Khác,False,,Dataset/DataRaw/country_code=vn/dataset=category_platform/category_platform.csv,vn,category_platform,,vn,101284,101877,758395205,false
Shopee,758395205,get_category,101876,101284,Golf Bags & Organizers,Túi Đựng Dụng Cụ Golf,False,,Dataset/DataRaw/country_code=vn/dataset=category_platform/category_platform.csv,vn,category_platform,,vn,101284,101876,758395205,false
Shopee,758395205,get_category,101875,101284,Gears &Training Equipment,Đồ Bảo Hộ & Luyện Tập,False,,Dataset/DataRaw/country_code=vn/dataset=category_platform/category_platform.csv,vn,category_platform,,vn,101284,101875,758395205,false
Shopee,758395205,get_category,101874,101284,Golf Clubs,Gậy Golf,False,,Dataset/DataRaw/country_code=vn/dataset=category_platform/category_platform.csv,vn,category_platform,,vn,101284,101874,758395205,false
Shopee,758395205,get_category,101873,101284,Golf Balls,Bóng Golf,False,,Dataset/DataRaw/country_code=vn/dataset=category_platform/category_platform.csv,vn,category_platform,,vn,101284,101873,758395205,false
Shopee,758395205,get_category,101283,100725,Boxing & Martial Arts,Đấm bốc & Võ Tổng Hợp,True,,Dataset/DataRaw/country_code=vn/dataset=category_platform/category_platform.csv,vn,category_platform,,vn,100725,101283,758395205,true
Shopee,758395205,get_category,101872,101283,Others,Khác,False,,Dataset/DataRaw/country_code=vn/dataset=category_platform/category_platform.csv,vn,category_platform,,vn,101283,101872,758395205,false
Shopee,758395205,get_category,101871,101283,"Gloves, Wraps & Helmets","Găng Tay, Bao Tay & Mũ Bảo Hộ",False,,Dataset/DataRaw/country_code=vn/dataset=category_platform/category_platform.csv,vn,category_platform,,vn,101283,101871,758395205,false
Shopee,758395205,get_category,101870,101283,Martial Arts Belts,Đai Võ,False,,Dataset/DataRaw/country_code=vn/dataset=category_platform/category_platform.csv,vn,category_platform,,vn,101283,101870,758395205,false
Shopee,758395205,get_category,101869,101283,Punching Bags & Paddings,Bao Cát & Đệm,False,,Dataset/DataRaw/country_code=vn/dataset=category_platform/category_platform.csv,vn,category_platform,,vn,101283,101869,758395205,false
Shopee,758395205,get_category,101282,100725,Table Tennis,Bóng Bàn,True,,Dataset/DataRaw/country_code=vn/dataset=category_platform/category_platform.csv,vn,category_platform,,vn,100725,101282,758395205,true
Shopee,758395205,get_category,101868,101282,Others,Khác,False,,Dataset/DataRaw/country_code=vn/dataset=category_platform/category_platform.csv,vn,category_platform,,vn,101282,101868,758395205,false
Shopee,758395205,get_category,101867,101282,Table Tennis Nets,Lưới Bóng Bàn,False,,Dataset/DataRaw/country_code=vn/dataset=category_platform/category_platform.csv,vn,category_platform,,vn,101282,101867,758395205,false
Shopee,758395205,get_category,101866,101282,Table Tennis Bats,Vợt Bóng Bàn,False,,Dataset/DataRaw/country_code=vn/dataset=category_platform/category_platform.csv,vn,category_platform,,vn,101282,101866,758395205,false
Shopee,758395205,get_category,101865,101282,Table Tennis Balls,Banh Bóng Bàn,False,,Dataset/DataRaw/country_code=vn/dataset=category_platform/category_platform.csv,vn,category_platform,,vn,101282,101865,758395205,false
Shopee,758395205,get_category,101281,100725,Tennis,Tennis,True,,Dataset/DataRaw/country_code=vn/dataset=category_platform/category_platform.csv,vn,category_platform,,vn,100725,101281,758395205,true
Shopee,758395205,get_category,101864,101281,Others,Khác,False,,Dataset/DataRaw/country_code=vn/dataset=category_platform/category_platform.csv,vn,category_platform,,vn,101281,101864,758395205,false
Shopee,758395205,get_category,101863,101281,Tennis Nets,Lưới Tennis,False,,Dataset/DataRaw/country_code=vn/dataset=category_platform/category_platform.csv,vn,category_platform,,vn,101281,101863,758395205,false
Shopee,758395205,get_category,101862,101281,Tennis Balls,Banh Tennis,False,,Dataset/DataRaw/country_code=vn/dataset=category_platform/category_platform.csv,vn,category_platform,,vn,101281,101862,758395205,false
Shopee,758395205,get_category,101861,101281,Tennis Rackets,Vợt Tennis,False,,Dataset/DataRaw/country_code=vn/dataset=category_platform/category_platform.csv,vn,category_platform,,vn,101281,101861,758395205,false
Shopee,758395205,get_category,101280,100725,Badminton,Cầu Lông,True,,Dataset/DataRaw/country_code=vn/dataset=category_platform/category_platform.csv,vn,category_platform,,vn,100725,101280,758395205,true
Shopee,758395205,get_category,101860,101280,Others,Khác,False,,Dataset/DataRaw/country_code=vn/dataset=category_platform/category_platform.csv,vn,category_platform,,vn,101280,101860,758395205,false
Shopee,758395205,get_category,101859,101280,Badminton Nets,Lưới Cầu Lông,False,,Dataset/DataRaw/country_code=vn/dataset=category_platform/category_platform.csv,vn,category_platform,,vn,101280,101859,758395205,false
Shopee,758395205,get_category,101858,101280,Shuttlecocks,Quả Cầu,False,,Dataset/DataRaw/country_code=vn/dataset=category_platform/category_platform.csv,vn,category_platform,,vn,101280,101858,758395205,false
Shopee,758395205,get_category,101857,101280,Badminton Rackets,Vợt Cầu Lông,False,,Dataset/DataRaw/country_code=vn/dataset=category_platform/category_platform.csv,vn,category_platform,,vn,101280,101857,758395205,false
Shopee,758395205,get_category,101279,100725,Volleyball,Bóng Chuyền,True,,Dataset/DataRaw/country_code=vn/dataset=category_platform/category_platform.csv,vn,category_platform,,vn,100725,101279,758395205,true
Shopee,758395205,get_category,101856,101279,Others,Khác,False,,Dataset/DataRaw/country_code=vn/dataset=category_platform/category_platform.csv,vn,category_platform,,vn,101279,101856,758395205,false
Shopee,758395205,get_category,101855,101279,Volley Nets,Lưới Bóng Chuyền,False,,Dataset/DataRaw/country_code=vn/dataset=category_platform/category_platform.csv,vn,category_platform,,vn,101279,101855,758395205,false
Shopee,758395205,get_category,101854,101279,Volley Balls,Banh Bóng Chuyền,False,,Dataset/DataRaw/country_code=vn/dataset=category_platform/category_platform.csv,vn,category_platform,,vn,101279,101854,758395205,false
Shopee,758395205,get_category,101278,100725,Basketball,Bóng Rổ,True,,Dataset/DataRaw/country_code=vn/dataset=category_platform/category_platform.csv,vn,category_platform,,vn,100725,101278,758395205,true
Shopee,758395205,get_category,101853,101278,Others,Vật Dụng Khác,False,,Dataset/DataRaw/country_code=vn/dataset=category_platform/category_platform.csv,vn,category_platform,,vn,101278,101853,758395205,false
Shopee,758395205,get_category,101852,101278,Basketball Rings,Khung Lưới Bóng Rổ,False,,Dataset/DataRaw/country_code=vn/dataset=category_platform/category_platform.csv,vn,category_platform,,vn,101278,101852,758395205,false
Shopee,758395205,get_category,101851,101278,Basket Balls,Banh Bóng Rổ,False,,Dataset/DataRaw/country_code=vn/dataset=category_platform/category_platform.csv,vn,category_platform,,vn,101278,101851,758395205,false
Shopee,758395205,get_category,101277,100725,"Soccer, Futsal & Sepak Takraw","Bóng Đá, Futsal & Cầu Mây",True,,Dataset/DataRaw/country_code=vn/dataset=category_platform/category_platform.csv,vn,category_platform,,vn,100725,101277,758395205,true
Shopee,758395205,get_category,101850,101277,Others,Khác,False,,Dataset/DataRaw/country_code=vn/dataset=category_platform/category_platform.csv,vn,category_platform,,vn,101277,101850,758395205,false
Shopee,758395205,get_category,101849,101277,Goal Posts & Nets,Khung Thành & Lưới,False,,Dataset/DataRaw/country_code=vn/dataset=category_platform/category_platform.csv,vn,category_platform,,vn,101277,101849,758395205,false
Shopee,758395205,get_category,101848,101277,Goalkeeper Gloves & Shin Guards,Găng Tay & Ống Đồng,False,,Dataset/DataRaw/country_code=vn/dataset=category_platform/category_platform.csv,vn,category_platform,,vn,101277,101848,758395205,false
Shopee,758395205,get_category,101847,101277,Balls,Bóng,False,,Dataset/DataRaw/country_code=vn/dataset=category_platform/category_platform.csv,vn,category_platform,,vn,101277,101847,758395205,false
Shopee,758395205,get_category,101275,100725,Boardsports,Thể Thao Ván Trượt,True,,Dataset/DataRaw/country_code=vn/dataset=category_platform/category_platform.csv,vn,category_platform,,vn,100725,101275,758395205,true
Shopee,758395205,get_category,101843,101275,Others,Khác,False,,Dataset/DataRaw/country_code=vn/dataset=category_platform/category_platform.csv,vn,category_platform,,vn,101275,101843,758395205,false
Shopee,758395205,get_category,101842,101275,Helmets & Protective Gears,Nón Bảo Hiểm & Đồ Bảo Hộ,False,,Dataset/DataRaw/country_code=vn/dataset=category_platform/category_platform.csv,vn,category_platform,,vn,101275,101842,758395205,false
Shopee,758395205,get_category,101841,101275,Segways & Hoverboards,Xe Điện Cân Bằng,False,,Dataset/DataRaw/country_code=vn/dataset=category_platform/category_platform.csv,vn,category_platform,,vn,101275,101841,758395205,false
Shopee,758395205,get_category,101840,101275,Scooters & Unicycles,Scooters & Xe Đạp 1 Bánh,False,,Dataset/DataRaw/country_code=vn/dataset=category_platform/category_platform.csv,vn,category_platform,,vn,101275,101840,758395205,false
Shopee,758395205,get_category,101839,101275,Skateboards & Roller Blades,Ván Trượt & Giày Patin,False,,Dataset/DataRaw/country_code=vn/dataset=category_platform/category_platform.csv,vn,category_platform,,vn,101275,101839,758395205,false
Shopee,758395205,get_category,101274,100725,Rock Climbing,Leo Núi,False,,Dataset/DataRaw/country_code=vn/dataset=category_platform/category_platform.csv,vn,category_platform,,vn,100725,101274,758395205,false
Shopee,758395205,get_category,101273,100725,Camping & Hiking,Cắm Trại & Dã ngoại,True,,Dataset/DataRaw/country_code=vn/dataset=category_platform/category_platform.csv,vn,category_platform,,vn,100725,101273,758395205,true
Shopee,758395205,get_category,101838,101273,Others,Khác,False,,Dataset/DataRaw/country_code=vn/dataset=category_platform/category_platform.csv,vn,category_platform,,vn,101273,101838,758395205,false
Shopee,758395205,get_category,101837,101273,Picnic Mats & Baskets,Thảm & Giỏ Dã Ngoại,False,,Dataset/DataRaw/country_code=vn/dataset=category_platform/category_platform.csv,vn,category_platform,,vn,101273,101837,758395205,false
Shopee,758395205,get_category,101836,101273,Hiking Sticks,Gậy Đi Bộ,False,,Dataset/DataRaw/country_code=vn/dataset=category_platform/category_platform.csv,vn,category_platform,,vn,101273,101836,758395205,false
Shopee,758395205,get_category,101835,101273,Hammocks,Võng,False,,Dataset/DataRaw/country_code=vn/dataset=category_platform/category_platform.csv,vn,category_platform,,vn,101273,101835,758395205,false
Shopee,758395205,get_category,101834,101273,Camping Knives & Survival Kits,Dao & Bộ Dụng Cụ Cắm Trại,False,,Dataset/DataRaw/country_code=vn/dataset=category_platform/category_platform.csv,vn,category_platform,,vn,101273,101834,758395205,false
Shopee,758395205,get_category,101833,101273,Compasses,La Bàn,False,,Dataset/DataRaw/country_code=vn/dataset=category_platform/category_platform.csv,vn,category_platform,,vn,101273,101833,758395205,false
Shopee,758395205,get_category,101832,101273,"Binoculars, Monoculars & Telescopes",Ống Nhòm & Kính Thiên Văn,False,,Dataset/DataRaw/country_code=vn/dataset=category_platform/category_platform.csv,vn,category_platform,,vn,101273,101832,758395205,false
Shopee,758395205,get_category,101831,101273,Sleeping Bags,Túi Ngủ,False,,Dataset/DataRaw/country_code=vn/dataset=category_platform/category_platform.csv,vn,category_platform,,vn,101273,101831,758395205,false
Shopee,758395205,get_category,101830,101273,Tents & Tent Accessories,Lều & Phụ Kiện,False,,Dataset/DataRaw/country_code=vn/dataset=category_platform/category_platform.csv,vn,category_platform,,vn,101273,101830,758395205,false
Shopee,758395205,get_category,101829,101273,Camping Lamps & Flashlights,Đèn & Đèn Pin,False,,Dataset/DataRaw/country_code=vn/dataset=category_platform/category_platform.csv,vn,category_platform,,vn,101273,101829,758395205,false
Shopee,758395205,get_category,101828,101273,Camping Cookware,Dụng Cụ Nấu Ăn Dã Ngoại,False,,Dataset/DataRaw/country_code=vn/dataset=category_platform/category_platform.csv,vn,category_platform,,vn,101273,101828,758395205,false
Shopee,758395205,get_category,101272,100725,Cycling,Đạp Xe,True,,Dataset/DataRaw/country_code=vn/dataset=category_platform/category_platform.csv,vn,category_platform,,vn,100725,101272,758395205,true
Shopee,758395205,get_category,101827,101272,Others,Khác,False,,Dataset/DataRaw/country_code=vn/dataset=category_platform/category_platform.csv,vn,category_platform,,vn,101272,101827,758395205,false
Shopee,758395205,get_category,101826,101272,Cycling Helmets,Mũ Bảo Hiểm Xe Đạp,False,,Dataset/DataRaw/country_code=vn/dataset=category_platform/category_platform.csv,vn,category_platform,,vn,101272,101826,758395205,false
Shopee,758395205,get_category,101825,101272,Bicycle Parts & Accessories,Phụ Tùng & Phụ Kiện Xe Đạp,False,,Dataset/DataRaw/country_code=vn/dataset=category_platform/category_platform.csv,vn,category_platform,,vn,101272,101825,758395205,false
Shopee,758395205,get_category,101824,101272,Bicycles,Xe Đạp,False,,Dataset/DataRaw/country_code=vn/dataset=category_platform/category_platform.csv,vn,category_platform,,vn,101272,101824,758395205,false
Shopee,758395205,get_category,101271,100725,Fishing,Câu Cá,True,,Dataset/DataRaw/country_code=vn/dataset=category_platform/category_platform.csv,vn,category_platform,,vn,100725,101271,758395205,true
Shopee,758395205,get_category,101823,101271,Others,Khác,False,,Dataset/DataRaw/country_code=vn/dataset=category_platform/category_platform.csv,vn,category_platform,,vn,101271,101823,758395205,false
Shopee,758395205,get_category,101822,101271,Fishing Nets,Lưới Bắt Cá,False,,Dataset/DataRaw/country_code=vn/dataset=category_platform/category_platform.csv,vn,category_platform,,vn,101271,101822,758395205,false
Shopee,758395205,get_category,101821,101271,Fishing Bags,Túi Đựng Dụng Cụ Câu,False,,Dataset/DataRaw/country_code=vn/dataset=category_platform/category_platform.csv,vn,category_platform,,vn,101271,101821,758395205,false
Shopee,758395205,get_category,101820,101271,Lures & Baits,Mồi Câu,False,,Dataset/DataRaw/country_code=vn/dataset=category_platform/category_platform.csv,vn,category_platform,,vn,101271,101820,758395205,false
Shopee,758395205,get_category,101819,101271,Fishing Lines,Dây Câu,False,,Dataset/DataRaw/country_code=vn/dataset=category_platform/category_platform.csv,vn,category_platform,,vn,101271,101819,758395205,false
Shopee,758395205,get_category,101818,101271,Fish Finders,Máy Dò Tìm Cá,False,,Dataset/DataRaw/country_code=vn/dataset=category_platform/category_platform.csv,vn,category_platform,,vn,101271,101818,758395205,false
Shopee,758395205,get_category,101817,101271,Fishing Rods & Reels,Cần câu,False,,Dataset/DataRaw/country_code=vn/dataset=category_platform/category_platform.csv,vn,category_platform,,vn,101271,101817,758395205,false
Shopee,758395205,get_category,101816,101271,Fishing Hooks,Lưỡi Câu,False,,Dataset/DataRaw/country_code=vn/dataset=category_platform/category_platform.csv,vn,category_platform,,vn,101271,101816,758395205,false
Shopee,758395205,get_category,100638,0,Stationery,Văn Phòng Phẩm,True,,Dataset/DataRaw/country_code=vn/dataset=category_platform/category_platform.csv,vn,category_platform,,vn,0,100638,758395205,true
Shopee,758395205,get_category,100736,100638,Others,Khác,False,,Dataset/DataRaw/country_code=vn/dataset=category_platform/category_platform.csv,vn,category_platform,,vn,100638,100736,758395205,false
Shopee,758395205,get_category,100735,100638,Letters & Envelopes,Thư Tín,True,,Dataset/DataRaw/country_code=vn/dataset=category_platform/category_platform.csv,vn,category_platform,,vn,100638,100735,758395205,true
Shopee,758395205,get_category,101384,100735,Others,Khác,False,,Dataset/DataRaw/country_code=vn/dataset=category_platform/category_platform.csv,vn,category_platform,,vn,100735,101384,758395205,false
Shopee,758395205,get_category,101383,100735,Postage Stamps & Duty Stamps,Tem Các Loại,False,,Dataset/DataRaw/country_code=vn/dataset=category_platform/category_platform.csv,vn,category_platform,,vn,100735,101383,758395205,false
Shopee,758395205,get_category,101382,100735,Post Cards,Bưu Thiếp,False,,Dataset/DataRaw/country_code=vn/dataset=category_platform/category_platform.csv,vn,category_platform,,vn,100735,101382,758395205,false
Shopee,758395205,get_category,101381,100735,Envelopes & Angpao,Phong Bì & Bao Lì Xì,False,,Dataset/DataRaw/country_code=vn/dataset=category_platform/category_platform.csv,vn,category_platform,,vn,100735,101381,758395205,false
Shopee,758395205,get_category,100734,100638,Notebooks & Papers,Sổ & Giấy Các Loại,True,,Dataset/DataRaw/country_code=vn/dataset=category_platform/category_platform.csv,vn,category_platform,,vn,100638,100734,758395205,true
Shopee,758395205,get_category,101380,100734,Others,Khác,False,,Dataset/DataRaw/country_code=vn/dataset=category_platform/category_platform.csv,vn,category_platform,,vn,100734,101380,758395205,false
Shopee,758395205,get_category,101379,100734,Labels & Stickers,Nhãn Dán Các Loại,False,,Dataset/DataRaw/country_code=vn/dataset=category_platform/category_platform.csv,vn,category_platform,,vn,100734,101379,758395205,false
Shopee,758395205,get_category,101378,100734,Notebooks & Notepads,"Tập, Vở Các Loại",False,,Dataset/DataRaw/country_code=vn/dataset=category_platform/category_platform.csv,vn,category_platform,,vn,100734,101378,758395205,false
Shopee,758395205,get_category,101377,100734,Art Paper & Boards,Giấy Mỹ Thuật,False,,Dataset/DataRaw/country_code=vn/dataset=category_platform/category_platform.csv,vn,category_platform,,vn,100734,101377,758395205,false
Shopee,758395205,get_category,101376,100734,Memo & Sticky Notes,Giấy Ghi Chú,False,,Dataset/DataRaw/country_code=vn/dataset=category_platform/category_platform.csv,vn,category_platform,,vn,100734,101376,758395205,false
Shopee,758395205,get_category,101375,100734,Loose Leaf,Ruột Sổ,False,,Dataset/DataRaw/country_code=vn/dataset=category_platform/category_platform.csv,vn,category_platform,,vn,100734,101375,758395205,false
Shopee,758395205,get_category,101374,100734,Printing & Photocopy Paper,Giấy In,False,,Dataset/DataRaw/country_code=vn/dataset=category_platform/category_platform.csv,vn,category_platform,,vn,100734,101374,758395205,false
Shopee,758395205,get_category,101373,100734,Thermal Paper & Continuous Paper,Giấy Nhiệt,False,,Dataset/DataRaw/country_code=vn/dataset=category_platform/category_platform.csv,vn,category_platform,,vn,100734,101373,758395205,false
Shopee,758395205,get_category,101372,100734,Book Covers,Bọc Sách,False,,Dataset/DataRaw/country_code=vn/dataset=category_platform/category_platform.csv,vn,category_platform,,vn,100734,101372,758395205,false
Shopee,758395205,get_category,101371,100734,Bookmarks,Đánh Dấu Trang,False,,Dataset/DataRaw/country_code=vn/dataset=category_platform/category_platform.csv,vn,category_platform,,vn,100734,101371,758395205,false
Shopee,758395205,get_category,100733,100638,Art Supplies,Họa cụ,True,,Dataset/DataRaw/country_code=vn/dataset=category_platform/category_platform.csv,vn,category_platform,,vn,100638,100733,758395205,true
Shopee,758395205,get_category,101370,100733,Others,Khác,False,,Dataset/DataRaw/country_code=vn/dataset=category_platform/category_platform.csv,vn,category_platform,,vn,100733,101370,758395205,false
Shopee,758395205,get_category,101369,100733,Sketch Books,Sổ vẽ phác thảo,False,,Dataset/DataRaw/country_code=vn/dataset=category_platform/category_platform.csv,vn,category_platform,,vn,100733,101369,758395205,false
Shopee,758395205,get_category,101368,100733,Canvases & Easels,Vải & Giá Vẽ,False,,Dataset/DataRaw/country_code=vn/dataset=category_platform/category_platform.csv,vn,category_platform,,vn,100733,101368,758395205,false
Shopee,758395205,get_category,101367,100733,Paint Palettes,Bảng Màu,False,,Dataset/DataRaw/country_code=vn/dataset=category_platform/category_platform.csv,vn,category_platform,,vn,100733,101367,758395205,false
Shopee,758395205,get_category,101366,100733,Paint Brushes,Cọ Vẽ,False,,Dataset/DataRaw/country_code=vn/dataset=category_platform/category_platform.csv,vn,category_platform,,vn,100733,101366,758395205,false
Shopee,758395205,get_category,101365,100733,Acrylic Paint,Sơn Acrylic,False,,Dataset/DataRaw/country_code=vn/dataset=category_platform/category_platform.csv,vn,category_platform,,vn,100733,101365,758395205,false
Shopee,758395205,get_category,101364,100733,Oil Paint,Sơn Dầu,False,,Dataset/DataRaw/country_code=vn/dataset=category_platform/category_platform.csv,vn,category_platform,,vn,100733,101364,758395205,false
Shopee,758395205,get_category,101363,100733,Water & Poster Colours,Màu Nước,False,,Dataset/DataRaw/country_code=vn/dataset=category_platform/category_platform.csv,vn,category_platform,,vn,100733,101363,758395205,false
Shopee,758395205,get_category,101362,100733,Crayons & Pastels,Bút Màu & Phấn Màu,False,,Dataset/DataRaw/country_code=vn/dataset=category_platform/category_platform.csv,vn,category_platform,,vn,100733,101362,758395205,false
Shopee,758395205,get_category,101361,100733,Color Pencils,Bút Chì Màu,False,,Dataset/DataRaw/country_code=vn/dataset=category_platform/category_platform.csv,vn,category_platform,,vn,100733,101361,758395205,false
Shopee,758395205,get_category,100732,100638,School & Office Equipment,Thiết Bị Trường Học,True,,Dataset/DataRaw/country_code=vn/dataset=category_platform/category_platform.csv,vn,category_platform,,vn,100638,100732,758395205,true
Shopee,758395205,get_category,101360,100732,Others,Khác,False,,Dataset/DataRaw/country_code=vn/dataset=category_platform/category_platform.csv,vn,category_platform,,vn,100732,101360,758395205,false
Shopee,758395205,get_category,101359,100732,Pencil Cases,Hộp Bút,False,,Dataset/DataRaw/country_code=vn/dataset=category_platform/category_platform.csv,vn,category_platform,,vn,100732,101359,758395205,false
Shopee,758395205,get_category,101358,100732,Sharpeners,Gọt bút chì,False,,Dataset/DataRaw/country_code=vn/dataset=category_platform/category_platform.csv,vn,category_platform,,vn,100732,101358,758395205,false
Shopee,758395205,get_category,101357,100732,"Rulers, Protractors & Stencils",Thước Các Loại & Giấy Nến,False,,Dataset/DataRaw/country_code=vn/dataset=category_platform/category_platform.csv,vn,category_platform,,vn,100732,101357,758395205,false
Shopee,758395205,get_category,101356,100732,"Folders, Paper Organizers & Accessories",Dụng Cụ Lưu Trữ Giấy Tờ,False,,Dataset/DataRaw/country_code=vn/dataset=category_platform/category_platform.csv,vn,category_platform,,vn,100732,101356,758395205,false
Shopee,758395205,get_category,101355,100732,Calendars,Lịch,False,,Dataset/DataRaw/country_code=vn/dataset=category_platform/category_platform.csv,vn,category_platform,,vn,100732,101355,758395205,false
Shopee,758395205,get_category,101354,100732,Staplers & Staples,Đồ Bấm Kim và Kim Bấm,False,,Dataset/DataRaw/country_code=vn/dataset=category_platform/category_platform.csv,vn,category_platform,,vn,100732,101354,758395205,false
Shopee,758395205,get_category,101353,100732,Ink Stamps & Pads,Mực Đóng Dấu,False,,Dataset/DataRaw/country_code=vn/dataset=category_platform/category_platform.csv,vn,category_platform,,vn,100732,101353,758395205,false
Shopee,758395205,get_category,101352,100732,Scissors,Kéo,False,,Dataset/DataRaw/country_code=vn/dataset=category_platform/category_platform.csv,vn,category_platform,,vn,100732,101352,758395205,false
Shopee,758395205,get_category,101351,100732,Hole Punchers,Máy Đục Lỗ,False,,Dataset/DataRaw/country_code=vn/dataset=category_platform/category_platform.csv,vn,category_platform,,vn,100732,101351,758395205,false
Shopee,758395205,get_category,101350,100732,"Clips, Pins & Tacks",Kẹp & Ghim Bấm,False,,Dataset/DataRaw/country_code=vn/dataset=category_platform/category_platform.csv,vn,category_platform,,vn,100732,101350,758395205,false
Shopee,758395205,get_category,101349,100732,Lanyards & Name Tags,Dây Đeo Thẻ & Thẻ Tên,False,,Dataset/DataRaw/country_code=vn/dataset=category_platform/category_platform.csv,vn,category_platform,,vn,100732,101349,758395205,false
Shopee,758395205,get_category,101348,100732,Label Printers,Máy In Nhãn,False,,Dataset/DataRaw/country_code=vn/dataset=category_platform/category_platform.csv,vn,category_platform,,vn,100732,101348,758395205,false
Shopee,758395205,get_category,101347,100732,Glues,Hồ Dán,False,,Dataset/DataRaw/country_code=vn/dataset=category_platform/category_platform.csv,vn,category_platform,,vn,100732,101347,758395205,false
Shopee,758395205,get_category,101346,100732,Strings & Tapes,Dây & Băng Keo Dán,False,,Dataset/DataRaw/country_code=vn/dataset=category_platform/category_platform.csv,vn,category_platform,,vn,100732,101346,758395205,false
Shopee,758395205,get_category,101345,100732,Pen Knives & Paper Cutters,Dao Rọc Giấy & Máy Cắt Giấy,False,,Dataset/DataRaw/country_code=vn/dataset=category_platform/category_platform.csv,vn,category_platform,,vn,100732,101345,758395205,false
Shopee,758395205,get_category,101344,100732,Calculators,Máy tính cầm tay,False,,Dataset/DataRaw/country_code=vn/dataset=category_platform/category_platform.csv,vn,category_platform,,vn,100732,101344,758395205,false
Shopee,758395205,get_category,101343,100732,Writing Boards & Board Stands,Bảng Viết & Giá Treo Bảng,False,,Dataset/DataRaw/country_code=vn/dataset=category_platform/category_platform.csv,vn,category_platform,,vn,100732,101343,758395205,false
Shopee,758395205,get_category,100731,100638,Writing & Correction,Bút Các Loại,True,,Dataset/DataRaw/country_code=vn/dataset=category_platform/category_platform.csv,vn,category_platform,,vn,100638,100731,758395205,true
Shopee,758395205,get_category,101342,100731,Others,Khác,False,,Dataset/DataRaw/country_code=vn/dataset=category_platform/category_platform.csv,vn,category_platform,,vn,100731,101342,758395205,false
Shopee,758395205,get_category,101341,100731,Highlighters,Bút Dạ Quang,False,,Dataset/DataRaw/country_code=vn/dataset=category_platform/category_platform.csv,vn,category_platform,,vn,100731,101341,758395205,false
Shopee,758395205,get_category,101340,100731,Markers,Bút Lông Màu,False,,Dataset/DataRaw/country_code=vn/dataset=category_platform/category_platform.csv,vn,category_platform,,vn,100731,101340,758395205,false
Shopee,758395205,get_category,101339,100731,Eraser & Correction Supplies,Dụng Cụ Tẩy Xóa,False,,Dataset/DataRaw/country_code=vn/dataset=category_platform/category_platform.csv,vn,category_platform,,vn,100731,101339,758395205,false
Shopee,758395205,get_category,101338,100731,Pencils,Bút Chì,False,,Dataset/DataRaw/country_code=vn/dataset=category_platform/category_platform.csv,vn,category_platform,,vn,100731,101338,758395205,false
Shopee,758395205,get_category,101337,100731,Pens & Inks,Bút & Mực,False,,Dataset/DataRaw/country_code=vn/dataset=category_platform/category_platform.csv,vn,category_platform,,vn,100731,101337,758395205,false
Shopee,758395205,get_category,100730,100638,Gift & Wrapping,Quà Tặng - Giấy Gói,True,,Dataset/DataRaw/country_code=vn/dataset=category_platform/category_platform.csv,vn,category_platform,,vn,100638,100730,758395205,true
Shopee,758395205,get_category,101336,100730,Others,Khác,False,,Dataset/DataRaw/country_code=vn/dataset=category_platform/category_platform.csv,vn,category_platform,,vn,100730,101336,758395205,false
Shopee,758395205,get_category,101335,100730,Carton Boxes,Hộp Carton,False,,Dataset/DataRaw/country_code=vn/dataset=category_platform/category_platform.csv,vn,category_platform,,vn,100730,101335,758395205,false
Shopee,758395205,get_category,101334,100730,Bubble Wraps,Xốp Chống Sốc,False,,Dataset/DataRaw/country_code=vn/dataset=category_platform/category_platform.csv,vn,category_platform,,vn,100730,101334,758395205,false
Shopee,758395205,get_category,101333,100730,Ribbons,Ruy Băng,False,,Dataset/DataRaw/country_code=vn/dataset=category_platform/category_platform.csv,vn,category_platform,,vn,100730,101333,758395205,false
Shopee,758395205,get_category,101332,100730,Gift Bags,Túi Quà Tặng,False,,Dataset/DataRaw/country_code=vn/dataset=category_platform/category_platform.csv,vn,category_platform,,vn,100730,101332,758395205,false
Shopee,758395205,get_category,101331,100730,Gift Boxes,Hộp Quà Tặng,False,,Dataset/DataRaw/country_code=vn/dataset=category_platform/category_platform.csv,vn,category_platform,,vn,100730,101331,758395205,false
Shopee,758395205,get_category,101330,100730,Gift Wrappers,Giấy Gói Quà,False,,Dataset/DataRaw/country_code=vn/dataset=category_platform/category_platform.csv,vn,category_platform,,vn,100730,101330,758395205,false
Shopee,758395205,get_category,100639,0,Hobbies & Collections,Sở thích & Sưu tầm,True,,Dataset/DataRaw/country_code=vn/dataset=category_platform/category_platform.csv,vn,category_platform,,vn,0,100639,758395205,true
Shopee,758395205,get_category,100745,100639,Others,Khác,False,,Dataset/DataRaw/country_code=vn/dataset=category_platform/category_platform.csv,vn,category_platform,,vn,100639,100745,758395205,false
Shopee,758395205,get_category,100744,100639,Needlework,Dụng Cụ May Vá,False,,Dataset/DataRaw/country_code=vn/dataset=category_platform/category_platform.csv,vn,category_platform,,vn,100639,100744,758395205,false
Shopee,758395205,get_category,100743,100639,Photo Albums,Album Ảnh,False,,Dataset/DataRaw/country_code=vn/dataset=category_platform/category_platform.csv,vn,category_platform,,vn,100639,100743,758395205,false
Shopee,758395205,get_category,100742,100639,Vinyl Records,Đĩa Than,False,,Dataset/DataRaw/country_code=vn/dataset=category_platform/category_platform.csv,vn,category_platform,,vn,100639,100742,758395205,false
Shopee,758395205,get_category,100741,100639,Musical Instruments & Accessories,Nhạc Cụ & Phụ Kiện,True,,Dataset/DataRaw/country_code=vn/dataset=category_platform/category_platform.csv,vn,category_platform,,vn,100639,100741,758395205,true
Shopee,758395205,get_category,102017,100741,String Instruments,Nhạc Cụ Dây,True,,Dataset/DataRaw/country_code=vn/dataset=category_platform/category_platform.csv,vn,category_platform,,vn,100741,102017,758395205,true
Shopee,758395205,get_category,102020,102017,Others,Khác,False,,Dataset/DataRaw/country_code=vn/dataset=category_platform/category_platform.csv,vn,category_platform,,vn,102017,102020,758395205,false
Shopee,758395205,get_category,102019,102017,Guitars & Bass Guitars,Guitar & Bass,False,,Dataset/DataRaw/country_code=vn/dataset=category_platform/category_platform.csv,vn,category_platform,,vn,102017,102019,758395205,false
Shopee,758395205,get_category,102018,102017,Ukuleles,Đàn Ukulele,False,,Dataset/DataRaw/country_code=vn/dataset=category_platform/category_platform.csv,vn,category_platform,,vn,102017,102018,758395205,false
Shopee,758395205,get_category,101414,100741,Others,Khác,False,,Dataset/DataRaw/country_code=vn/dataset=category_platform/category_platform.csv,vn,category_platform,,vn,100741,101414,758395205,false
Shopee,758395205,get_category,101413,100741,Music Accessories,Phụ Kiện Âm Nhạc,False,,Dataset/DataRaw/country_code=vn/dataset=category_platform/category_platform.csv,vn,category_platform,,vn,100741,101413,758395205,false
Shopee,758395205,get_category,101412,100741,Wind Instruments,"Sáo, kèn",False,,Dataset/DataRaw/country_code=vn/dataset=category_platform/category_platform.csv,vn,category_platform,,vn,100741,101412,758395205,false
Shopee,758395205,get_category,101411,100741,Percussion Instruments,Nhạc Cụ Gõ,False,,Dataset/DataRaw/country_code=vn/dataset=category_platform/category_platform.csv,vn,category_platform,,vn,100741,101411,758395205,false
Shopee,758395205,get_category,101410,100741,Keyboards & Pianos,Đàn Piano & Organ,False,,Dataset/DataRaw/country_code=vn/dataset=category_platform/category_platform.csv,vn,category_platform,,vn,100741,101410,758395205,false
Shopee,758395205,get_category,100740,100639,"CD, DVD & Bluray",Băng - Đĩa,False,,Dataset/DataRaw/country_code=vn/dataset=category_platform/category_platform.csv,vn,category_platform,,vn,100639,100740,758395205,false
Shopee,758395205,get_category,100739,100639,Toys & Games,Đồ chơi - Giải trí,True,,Dataset/DataRaw/country_code=vn/dataset=category_platform/category_platform.csv,vn,category_platform,,vn,100639,100739,758395205,true
Shopee,758395205,get_category,101409,100739,Others,Khác,False,,Dataset/DataRaw/country_code=vn/dataset=category_platform/category_platform.csv,vn,category_platform,,vn,100739,101409,758395205,false
Shopee,758395205,get_category,101408,100739,Capsule Toys,Đồ chơi trứng,False,,Dataset/DataRaw/country_code=vn/dataset=category_platform/category_platform.csv,vn,category_platform,,vn,100739,101408,758395205,false
Shopee,758395205,get_category,101407,100739,Remote Control Toys & Accessories,Đồ chơi điều khiển từ xa,False,,Dataset/DataRaw/country_code=vn/dataset=category_platform/category_platform.csv,vn,category_platform,,vn,100739,101407,758395205,false
Shopee,758395205,get_category,101406,100739,Yo-yos,Yo yo,False,,Dataset/DataRaw/country_code=vn/dataset=category_platform/category_platform.csv,vn,category_platform,,vn,100739,101406,758395205,false
Shopee,758395205,get_category,101405,100739,Kendamas,Kendama,False,,Dataset/DataRaw/country_code=vn/dataset=category_platform/category_platform.csv,vn,category_platform,,vn,100739,101405,758395205,false
Shopee,758395205,get_category,101404,100739,Spinning Tops,Đồ chơi con xoay,False,,Dataset/DataRaw/country_code=vn/dataset=category_platform/category_platform.csv,vn,category_platform,,vn,100739,101404,758395205,false
Shopee,758395205,get_category,101403,100739,Rubik's Cubes,Đồ chơi rubik,False,,Dataset/DataRaw/country_code=vn/dataset=category_platform/category_platform.csv,vn,category_platform,,vn,100739,101403,758395205,false
Shopee,758395205,get_category,101402,100739,Prank Toys,Đồ chơi chọc ghẹo,False,,Dataset/DataRaw/country_code=vn/dataset=category_platform/category_platform.csv,vn,category_platform,,vn,100739,101402,758395205,false
Shopee,758395205,get_category,101401,100739,Magic Toys,Đồ chơi ảo thuật,False,,Dataset/DataRaw/country_code=vn/dataset=category_platform/category_platform.csv,vn,category_platform,,vn,100739,101401,758395205,false
Shopee,758395205,get_category,101400,100739,"Dice, Board & Card Games",Đồ chơi thẻ bài & boardgame,False,,Dataset/DataRaw/country_code=vn/dataset=category_platform/category_platform.csv,vn,category_platform,,vn,100739,101400,758395205,false
Shopee,758395205,get_category,100738,100639,Souvenirs,Quà Lưu Niệm,True,,Dataset/DataRaw/country_code=vn/dataset=category_platform/category_platform.csv,vn,category_platform,,vn,100639,100738,758395205,true
Shopee,758395205,get_category,101399,100738,Others,Khác,False,,Dataset/DataRaw/country_code=vn/dataset=category_platform/category_platform.csv,vn,category_platform,,vn,100738,101399,758395205,false
Shopee,758395205,get_category,101398,100738,Fridge Magnets,Nam Châm,False,,Dataset/DataRaw/country_code=vn/dataset=category_platform/category_platform.csv,vn,category_platform,,vn,100738,101398,758395205,false
Shopee,758395205,get_category,101397,100738,Coin Banks,Ống tiết kiệm,False,,Dataset/DataRaw/country_code=vn/dataset=category_platform/category_platform.csv,vn,category_platform,,vn,100738,101397,758395205,false
Shopee,758395205,get_category,101396,100738,Keychains,Móc khóa,False,,Dataset/DataRaw/country_code=vn/dataset=category_platform/category_platform.csv,vn,category_platform,,vn,100738,101396,758395205,false
Shopee,758395205,get_category,101395,100738,Hand Fans,Quạt Cầm Tay,False,,Dataset/DataRaw/country_code=vn/dataset=category_platform/category_platform.csv,vn,category_platform,,vn,100738,101395,758395205,false
Shopee,758395205,get_category,100737,100639,Collectible Items,Đồ Sưu Tầm,True,,Dataset/DataRaw/country_code=vn/dataset=category_platform/category_platform.csv,vn,category_platform,,vn,100639,100737,758395205,true
Shopee,758395205,get_category,101394,100737,Others,Khác,False,,Dataset/DataRaw/country_code=vn/dataset=category_platform/category_platform.csv,vn,category_platform,,vn,100737,101394,758395205,false
Shopee,758395205,get_category,101393,100737,Coins,Tiền xu & tiền giấy sưu tầm,False,,Dataset/DataRaw/country_code=vn/dataset=category_platform/category_platform.csv,vn,category_platform,,vn,100737,101393,758395205,false
Shopee,758395205,get_category,101392,100737,Anime & Manga Collectibles,Bộ sưu tập hoạt hình truyện tranh,False,,Dataset/DataRaw/country_code=vn/dataset=category_platform/category_platform.csv,vn,category_platform,,vn,100737,101392,758395205,false
Shopee,758395205,get_category,101391,100737,Sports Collectibles,Bộ sưu tập thể thao,False,,Dataset/DataRaw/country_code=vn/dataset=category_platform/category_platform.csv,vn,category_platform,,vn,100737,101391,758395205,false
Shopee,758395205,get_category,101390,100737,Idol Collectibles,Bộ sưu tập nhân vật nổi tiếng,False,,Dataset/DataRaw/country_code=vn/dataset=category_platform/category_platform.csv,vn,category_platform,,vn,100737,101390,758395205,false
Shopee,758395205,get_category,101388,100737,Vehicle Models & Diecast,Mô hình xe,False,,Dataset/DataRaw/country_code=vn/dataset=category_platform/category_platform.csv,vn,category_platform,,vn,100737,101388,758395205,false
Shopee,758395205,get_category,101387,100737,Mecha Models & Diecast,Mô hình mecha/gundam,False,,Dataset/DataRaw/country_code=vn/dataset=category_platform/category_platform.csv,vn,category_platform,,vn,100737,101387,758395205,false
Shopee,758395205,get_category,101386,100737,Statues & Sculptures,Tượng tĩnh,False,,Dataset/DataRaw/country_code=vn/dataset=category_platform/category_platform.csv,vn,category_platform,,vn,100737,101386,758395205,false
Shopee,758395205,get_category,101385,100737,Action Figurines,Mô hình nhân vật,False,,Dataset/DataRaw/country_code=vn/dataset=category_platform/category_platform.csv,vn,category_platform,,vn,100737,101385,758395205,false
Shopee,758395205,get_category,100640,0,Automobiles,Ô tô,True,,Dataset/DataRaw/country_code=vn/dataset=category_platform/category_platform.csv,vn,category_platform,,vn,0,100640,758395205,true
Shopee,758395205,get_category,100753,100640,Automotive Keychains & Key Covers,Móc chìa khóa và Bọc chìa ô tô,False,,Dataset/DataRaw/country_code=vn/dataset=category_platform/category_platform.csv,vn,category_platform,,vn,100640,100753,758395205,false
Shopee,758395205,get_category,100752,100640,Automotive Oils & Lubes,Dầu nhớt và phụ gia ô tô,True,,Dataset/DataRaw/country_code=vn/dataset=category_platform/category_platform.csv,vn,category_platform,,vn,100640,100752,758395205,true
Shopee,758395205,get_category,101472,100752,Others,Khác,False,,Dataset/DataRaw/country_code=vn/dataset=category_platform/category_platform.csv,vn,category_platform,,vn,100752,101472,758395205,false
Shopee,758395205,get_category,101471,100752,Automotive Fluids,Dầu máy,True,,Dataset/DataRaw/country_code=vn/dataset=category_platform/category_platform.csv,vn,category_platform,,vn,100752,101471,758395205,true
Shopee,758395205,get_category,101912,101471,Others,Khác,False,,Dataset/DataRaw/country_code=vn/dataset=category_platform/category_platform.csv,vn,category_platform,,vn,101471,101912,758395205,false
Shopee,758395205,get_category,101911,101471,Transmissions Fluids,Dầu hộp số,False,,Dataset/DataRaw/country_code=vn/dataset=category_platform/category_platform.csv,vn,category_platform,,vn,101471,101911,758395205,false
Shopee,758395205,get_category,101910,101471,Brake Fluids,Dầu phanh,False,,Dataset/DataRaw/country_code=vn/dataset=category_platform/category_platform.csv,vn,category_platform,,vn,101471,101910,758395205,false
Shopee,758395205,get_category,101470,100752,Antifreezes & Coolants,Chất chống đông & chất làm mát,False,,Dataset/DataRaw/country_code=vn/dataset=category_platform/category_platform.csv,vn,category_platform,,vn,100752,101470,758395205,false
Shopee,758395205,get_category,101469,100752,Greases & Lubricants,Mỡ & Chất bôi trơn,False,,Dataset/DataRaw/country_code=vn/dataset=category_platform/category_platform.csv,vn,category_platform,,vn,100752,101469,758395205,false
Shopee,758395205,get_category,101468,100752,Fuel Additives & Savers,Phụ gia,False,,Dataset/DataRaw/country_code=vn/dataset=category_platform/category_platform.csv,vn,category_platform,,vn,100752,101468,758395205,false
Shopee,758395205,get_category,101467,100752,Oils,Dầu,False,,Dataset/DataRaw/country_code=vn/dataset=category_platform/category_platform.csv,vn,category_platform,,vn,100752,101467,758395205,false
Shopee,758395205,get_category,100751,100640,Automotive Care,Chăm sóc ô tô,True,,Dataset/DataRaw/country_code=vn/dataset=category_platform/category_platform.csv,vn,category_platform,,vn,100640,100751,758395205,true
Shopee,758395205,get_category,101466,100751,Others,Khác,False,,Dataset/DataRaw/country_code=vn/dataset=category_platform/category_platform.csv,vn,category_platform,,vn,100751,101466,758395205,false
Shopee,758395205,get_category,101465,100751,"Polish, Coating & Sealants","Đánh bóng, sơn phủ & chất làm kín",False,,Dataset/DataRaw/country_code=vn/dataset=category_platform/category_platform.csv,vn,category_platform,,vn,100751,101465,758395205,false
Shopee,758395205,get_category,101464,100751,Tire & Wheel Care,Chăm sóc lốp & vành,False,,Dataset/DataRaw/country_code=vn/dataset=category_platform/category_platform.csv,vn,category_platform,,vn,100751,101464,758395205,false
Shopee,758395205,get_category,101463,100751,Interior Care,Chăm sóc nội thất,False,,Dataset/DataRaw/country_code=vn/dataset=category_platform/category_platform.csv,vn,category_platform,,vn,100751,101463,758395205,false
Shopee,758395205,get_category,101462,100751,Glass Care & Water Repellents,Rửa kính & Chất chống bám nước,False,,Dataset/DataRaw/country_code=vn/dataset=category_platform/category_platform.csv,vn,category_platform,,vn,100751,101462,758395205,false
Shopee,758395205,get_category,101461,100751,Wash & Waxes,Dung dịch tẩy rửa,False,,Dataset/DataRaw/country_code=vn/dataset=category_platform/category_platform.csv,vn,category_platform,,vn,100751,101461,758395205,false
Shopee,758395205,get_category,100750,100640,Automotive Tools,Dụng cụ sửa chữa ô tô,True,,Dataset/DataRaw/country_code=vn/dataset=category_platform/category_platform.csv,vn,category_platform,,vn,100640,100750,758395205,true
Shopee,758395205,get_category,101460,100750,Others,Khác,False,,Dataset/DataRaw/country_code=vn/dataset=category_platform/category_platform.csv,vn,category_platform,,vn,100750,101460,758395205,false
Shopee,758395205,get_category,101459,100750,Tire Pressure Detectors,Máy đo áp suất lốp,False,,Dataset/DataRaw/country_code=vn/dataset=category_platform/category_platform.csv,vn,category_platform,,vn,100750,101459,758395205,false
Shopee,758395205,get_category,101458,100750,"Test, Diagnostic & Repair Tools","Dụng cụ Kiểm tra, chẩn đoán & sửa chữa",False,,Dataset/DataRaw/country_code=vn/dataset=category_platform/category_platform.csv,vn,category_platform,,vn,100750,101458,758395205,false
Shopee,758395205,get_category,100749,100640,Automobile Spare Parts,Phụ tùng ô tô,True,,Dataset/DataRaw/country_code=vn/dataset=category_platform/category_platform.csv,vn,category_platform,,vn,100640,100749,758395205,true
Shopee,758395205,get_category,101457,100749,Others,Khác,False,,Dataset/DataRaw/country_code=vn/dataset=category_platform/category_platform.csv,vn,category_platform,,vn,100749,101457,758395205,false
Shopee,758395205,get_category,101456,100749,Fuel System,Hệ thống xử lý nhiên liệu,False,,Dataset/DataRaw/country_code=vn/dataset=category_platform/category_platform.csv,vn,category_platform,,vn,100749,101456,758395205,false
Shopee,758395205,get_category,101455,100749,Electronics,Thiết bị điện tử,True,,Dataset/DataRaw/country_code=vn/dataset=category_platform/category_platform.csv,vn,category_platform,,vn,100749,101455,758395205,true
Shopee,758395205,get_category,101909,101455,Others,Khác,False,,Dataset/DataRaw/country_code=vn/dataset=category_platform/category_platform.csv,vn,category_platform,,vn,101455,101909,758395205,false
Shopee,758395205,get_category,101908,101455,Lighting,Đèn,False,,Dataset/DataRaw/country_code=vn/dataset=category_platform/category_platform.csv,vn,category_platform,,vn,101455,101908,758395205,false
Shopee,758395205,get_category,101907,101455,Batteries & Accessories,Pin & Phụ kiện,False,,Dataset/DataRaw/country_code=vn/dataset=category_platform/category_platform.csv,vn,category_platform,,vn,101455,101907,758395205,false
Shopee,758395205,get_category,101906,101455,Ignition,Bộ phận đánh lửa,True,,Dataset/DataRaw/country_code=vn/dataset=category_platform/category_platform.csv,vn,category_platform,,vn,101455,101906,758395205,true
Shopee,758395205,get_category,101931,101906,Others,Khác,False,,Dataset/DataRaw/country_code=vn/dataset=category_platform/category_platform.csv,vn,category_platform,,vn,101906,101931,758395205,false
Shopee,758395205,get_category,101930,101906,Spark Plugs,Bugi,False,,Dataset/DataRaw/country_code=vn/dataset=category_platform/category_platform.csv,vn,category_platform,,vn,101906,101930,758395205,false
Shopee,758395205,get_category,101929,101906,Ignition Coils,Cuộn dây đánh lửa,False,,Dataset/DataRaw/country_code=vn/dataset=category_platform/category_platform.csv,vn,category_platform,,vn,101906,101929,758395205,false
Shopee,758395205,get_category,101454,100749,"Belts, Hoses & Pulleys",Dây chuyền động,False,,Dataset/DataRaw/country_code=vn/dataset=category_platform/category_platform.csv,vn,category_platform,,vn,100749,101454,758395205,false
Shopee,758395205,get_category,101453,100749,Brake System,Hệ thống phanh,False,,Dataset/DataRaw/country_code=vn/dataset=category_platform/category_platform.csv,vn,category_platform,,vn,100749,101453,758395205,false
Shopee,758395205,get_category,101452,100749,Engine Parts,Bộ phận động cơ,True,,Dataset/DataRaw/country_code=vn/dataset=category_platform/category_platform.csv,vn,category_platform,,vn,100749,101452,758395205,true
Shopee,758395205,get_category,101905,101452,Others,Khác,False,,Dataset/DataRaw/country_code=vn/dataset=category_platform/category_platform.csv,vn,category_platform,,vn,101452,101905,758395205,false
Shopee,758395205,get_category,101904,101452,Oil Filters,Bộ lọc dầu,False,,Dataset/DataRaw/country_code=vn/dataset=category_platform/category_platform.csv,vn,category_platform,,vn,101452,101904,758395205,false
Shopee,758395205,get_category,101903,101452,Air Filters,Bộ lọc khí,False,,Dataset/DataRaw/country_code=vn/dataset=category_platform/category_platform.csv,vn,category_platform,,vn,101452,101903,758395205,false
Shopee,758395205,get_category,101902,101452,Pistons,Pít tông,False,,Dataset/DataRaw/country_code=vn/dataset=category_platform/category_platform.csv,vn,category_platform,,vn,101452,101902,758395205,false
Shopee,758395205,get_category,101451,100749,Bearing & Seals,Vòng bi & con dấu,False,,Dataset/DataRaw/country_code=vn/dataset=category_platform/category_platform.csv,vn,category_platform,,vn,100749,101451,758395205,false
Shopee,758395205,get_category,101450,100749,"Drivetrain, Transmission & Clutches","Hệ thống truyền động, hộp số & ly hợp",False,,Dataset/DataRaw/country_code=vn/dataset=category_platform/category_platform.csv,vn,category_platform,,vn,100749,101450,758395205,false
Shopee,758395205,get_category,101449,100749,"Radiators, Engine Cooling & Climate Control","Bộ tản nhiệt, Làm mát động cơ & Kiểm soát nhiệt",False,,Dataset/DataRaw/country_code=vn/dataset=category_platform/category_platform.csv,vn,category_platform,,vn,100749,101449,758395205,false
Shopee,758395205,get_category,101448,100749,"Shocks, Struts & Suspension","Giảm xóc, thanh chống và hệ thống treo",False,,Dataset/DataRaw/country_code=vn/dataset=category_platform/category_platform.csv,vn,category_platform,,vn,100749,101448,758395205,false
Shopee,758395205,get_category,101447,100749,Tires & Accessories,Lốp & Phụ kiện,False,,Dataset/DataRaw/country_code=vn/dataset=category_platform/category_platform.csv,vn,category_platform,,vn,100749,101447,758395205,false
Shopee,758395205,get_category,101446,100749,"Wheels, Rims & Accessories","Bánh xe, Vành & Phụ kiện",False,,Dataset/DataRaw/country_code=vn/dataset=category_platform/category_platform.csv,vn,category_platform,,vn,100749,101446,758395205,false
Shopee,758395205,get_category,101445,100749,Exhaust & Emissions,Hệ thống khí xả,False,,Dataset/DataRaw/country_code=vn/dataset=category_platform/category_platform.csv,vn,category_platform,,vn,100749,101445,758395205,false
Shopee,758395205,get_category,101444,100749,Windshield Wipers & Washers,Cần gạt nước & vòng đệm kính chắn gió,False,,Dataset/DataRaw/country_code=vn/dataset=category_platform/category_platform.csv,vn,category_platform,,vn,100749,101444,758395205,false
Shopee,758395205,get_category,101443,100749,"Body, Frame & Bumpers",Hệ thống khung xe và giảm sóc,False,,Dataset/DataRaw/country_code=vn/dataset=category_platform/category_platform.csv,vn,category_platform,,vn,100749,101443,758395205,false
Shopee,758395205,get_category,100748,100640,Automobile Exterior Accessories,Phụ kiện ngoại thất ô tô,True,,Dataset/DataRaw/country_code=vn/dataset=category_platform/category_platform.csv,vn,category_platform,,vn,100640,100748,758395205,true
Shopee,758395205,get_category,101442,100748,Others,Khác,False,,Dataset/DataRaw/country_code=vn/dataset=category_platform/category_platform.csv,vn,category_platform,,vn,100748,101442,758395205,false
Shopee,758395205,get_category,101441,100748,License Plate Accessories,Phụ kiện biển số,False,,Dataset/DataRaw/country_code=vn/dataset=category_platform/category_platform.csv,vn,category_platform,,vn,100748,101441,758395205,false
Shopee,758395205,get_category,101440,100748,Mirrors & Accessories,Gương & Phụ kiện,False,,Dataset/DataRaw/country_code=vn/dataset=category_platform/category_platform.csv,vn,category_platform,,vn,100748,101440,758395205,false
Shopee,758395205,get_category,101439,100748,Horns & Accessories,Còi & phụ kiện,False,,Dataset/DataRaw/country_code=vn/dataset=category_platform/category_platform.csv,vn,category_platform,,vn,100748,101439,758395205,false
Shopee,758395205,get_category,101438,100748,Gutters,Rãnh thoát nước mưa,False,,Dataset/DataRaw/country_code=vn/dataset=category_platform/category_platform.csv,vn,category_platform,,vn,100748,101438,758395205,false
Shopee,758395205,get_category,101437,100748,Sill Plates,Nẹp cửa chống trầy,False,,Dataset/DataRaw/country_code=vn/dataset=category_platform/category_platform.csv,vn,category_platform,,vn,100748,101437,758395205,false
Shopee,758395205,get_category,101436,100748,Mud Flaps & Splash Guards,Tấm chắn bùn,False,,Dataset/DataRaw/country_code=vn/dataset=category_platform/category_platform.csv,vn,category_platform,,vn,100748,101436,758395205,false
Shopee,758395205,get_category,101435,100748,"Stickers, Logos & Emblems","Hình dán, logo, huy hiệu",False,,Dataset/DataRaw/country_code=vn/dataset=category_platform/category_platform.csv,vn,category_platform,,vn,100748,101435,758395205,false
Shopee,758395205,get_category,101434,100748,Covers,Bạt phủ,False,,Dataset/DataRaw/country_code=vn/dataset=category_platform/category_platform.csv,vn,category_platform,,vn,100748,101434,758395205,false
Shopee,758395205,get_category,101433,100748,Antennas,Ăng-ten thu phát sóng,False,,Dataset/DataRaw/country_code=vn/dataset=category_platform/category_platform.csv,vn,category_platform,,vn,100748,101433,758395205,false
Shopee,758395205,get_category,101432,100748,Garnish,Nẹp viền,False,,Dataset/DataRaw/country_code=vn/dataset=category_platform/category_platform.csv,vn,category_platform,,vn,100748,101432,758395205,false
Shopee,758395205,get_category,100747,100640,Automobile Interior Accessories,Phụ kiện nội thất ô tô,True,,Dataset/DataRaw/country_code=vn/dataset=category_platform/category_platform.csv,vn,category_platform,,vn,100640,100747,758395205,true
Shopee,758395205,get_category,101431,100747,Others,Khác,False,,Dataset/DataRaw/country_code=vn/dataset=category_platform/category_platform.csv,vn,category_platform,,vn,100747,101431,758395205,false
Shopee,758395205,get_category,101430,100747,"HUD, Speedometers & Gauges","HUD, Đồng hồ tốc độ, Đồng hồ số",False,,Dataset/DataRaw/country_code=vn/dataset=category_platform/category_platform.csv,vn,category_platform,,vn,100747,101430,758395205,false
Shopee,758395205,get_category,101429,100747,Camcorders & Parking Cameras,Camera hành trình & Camera lùi,False,,Dataset/DataRaw/country_code=vn/dataset=category_platform/category_platform.csv,vn,category_platform,,vn,100747,101429,758395205,false
Shopee,758395205,get_category,101428,100747,Locks & Security,Khóa và thiết bị chống trộm,False,,Dataset/DataRaw/country_code=vn/dataset=category_platform/category_platform.csv,vn,category_platform,,vn,100747,101428,758395205,false
Shopee,758395205,get_category,101427,100747,Sun Shields & Dash Covers,Tấm che nắng và Thảm Taplo,False,,Dataset/DataRaw/country_code=vn/dataset=category_platform/category_platform.csv,vn,category_platform,,vn,100747,101427,758395205,false
Shopee,758395205,get_category,101426,100747,Pedals & Gear Sticks,Chân ga và Cần số,False,,Dataset/DataRaw/country_code=vn/dataset=category_platform/category_platform.csv,vn,category_platform,,vn,100747,101426,758395205,false
Shopee,758395205,get_category,101425,100747,"USB Chargers, FM & Bluetooth Transmitters","Cốc sạc USB, Thiết bị thu phát FM & Bluetooth",False,,Dataset/DataRaw/country_code=vn/dataset=category_platform/category_platform.csv,vn,category_platform,,vn,100747,101425,758395205,false
Shopee,758395205,get_category,101424,100747,Phone Holders,Giá đỡ điện thoại,False,,Dataset/DataRaw/country_code=vn/dataset=category_platform/category_platform.csv,vn,category_platform,,vn,100747,101424,758395205,false
Shopee,758395205,get_category,101423,100747,Seats & Seat Covers,Ghế & Áo ghế,False,,Dataset/DataRaw/country_code=vn/dataset=category_platform/category_platform.csv,vn,category_platform,,vn,100747,101423,758395205,false
Shopee,758395205,get_category,101422,100747,Steering Wheels & Covers,Vô lăng & Bọc vô lăng,False,,Dataset/DataRaw/country_code=vn/dataset=category_platform/category_platform.csv,vn,category_platform,,vn,100747,101422,758395205,false
Shopee,758395205,get_category,101421,100747,Car Mattresses,Nệm giường ô tô,False,,Dataset/DataRaw/country_code=vn/dataset=category_platform/category_platform.csv,vn,category_platform,,vn,100747,101421,758395205,false
Shopee,758395205,get_category,101420,100747,Seat Headrests & Back Supports,Gối tựa đầu & lưng,False,,Dataset/DataRaw/country_code=vn/dataset=category_platform/category_platform.csv,vn,category_platform,,vn,100747,101420,758395205,false
Shopee,758395205,get_category,101419,100747,Carpets & Mats,Thảm & Đệm lót,False,,Dataset/DataRaw/country_code=vn/dataset=category_platform/category_platform.csv,vn,category_platform,,vn,100747,101419,758395205,false
Shopee,758395205,get_category,101418,100747,"Perfumes, Air Fresheners & Purifiers","Nước hoa, Nước hoa khử mùi, Thiết bị lọc không khí",False,,Dataset/DataRaw/country_code=vn/dataset=category_platform/category_platform.csv,vn,category_platform,,vn,100747,101418,758395205,false
Shopee,758395205,get_category,101417,100747,Organizers & Compartments,Dụng cụ chứa,False,,Dataset/DataRaw/country_code=vn/dataset=category_platform/category_platform.csv,vn,category_platform,,vn,100747,101417,758395205,false
Shopee,758395205,get_category,101416,100747,"Amplifiers, Speakers & Subwoofers",Hệ thống loa,False,,Dataset/DataRaw/country_code=vn/dataset=category_platform/category_platform.csv,vn,category_platform,,vn,100747,101416,758395205,false
Shopee,758395205,get_category,101415,100747,Navigation & AV Receivers,Thiết bị định vị và Hệ thống hình ảnh/âm thanh,False,,Dataset/DataRaw/country_code=vn/dataset=category_platform/category_platform.csv,vn,category_platform,,vn,100747,101415,758395205,false
Shopee,758395205,get_category,100641,0,Motorcycles,"Mô tô, xe máy",True,,Dataset/DataRaw/country_code=vn/dataset=category_platform/category_platform.csv,vn,category_platform,,vn,0,100641,758395205,true
Shopee,758395205,get_category,100758,100641,Motorcycle Helmets & Accessories,Mũ bảo hiểm & Phụ kiện,False,,Dataset/DataRaw/country_code=vn/dataset=category_platform/category_platform.csv,vn,category_platform,,vn,100641,100758,758395205,false
Shopee,758395205,get_category,100757,100641,Motorcycle Spare Parts,Phụ tùng xe máy,True,,Dataset/DataRaw/country_code=vn/dataset=category_platform/category_platform.csv,vn,category_platform,,vn,100641,100757,758395205,true
Shopee,758395205,get_category,101497,100757,Others,Khác,False,,Dataset/DataRaw/country_code=vn/dataset=category_platform/category_platform.csv,vn,category_platform,,vn,100757,101497,758395205,false
Shopee,758395205,get_category,101496,100757,Lighting,Đèn,False,,Dataset/DataRaw/country_code=vn/dataset=category_platform/category_platform.csv,vn,category_platform,,vn,100757,101496,758395205,false
Shopee,758395205,get_category,101495,100757,Tires & Accessories,Lốp xe & Phụ kiện,False,,Dataset/DataRaw/country_code=vn/dataset=category_platform/category_platform.csv,vn,category_platform,,vn,100757,101495,758395205,false
Shopee,758395205,get_category,101494,100757,"Wheels, Rims & Accessories","Bánh xe, Vành & Phụ kiện",False,,Dataset/DataRaw/country_code=vn/dataset=category_platform/category_platform.csv,vn,category_platform,,vn,100757,101494,758395205,false
Shopee,758395205,get_category,101493,100757,Exhaust & Emissions,Hệ thống khí xả,False,,Dataset/DataRaw/country_code=vn/dataset=category_platform/category_platform.csv,vn,category_platform,,vn,100757,101493,758395205,false
Shopee,758395205,get_category,101492,100757,Body & Frame,Hệ thống khung xe,False,,Dataset/DataRaw/country_code=vn/dataset=category_platform/category_platform.csv,vn,category_platform,,vn,100757,101492,758395205,false
Shopee,758395205,get_category,101491,100757,Cables & Tubes,Dây cáp & Ống,False,,Dataset/DataRaw/country_code=vn/dataset=category_platform/category_platform.csv,vn,category_platform,,vn,100757,101491,758395205,false
Shopee,758395205,get_category,101490,100757,Horns & Accessories,Còi & Phụ kiện,False,,Dataset/DataRaw/country_code=vn/dataset=category_platform/category_platform.csv,vn,category_platform,,vn,100757,101490,758395205,false
Shopee,758395205,get_category,101489,100757,Batteries & Accessories,Pin & Phụ kiện,False,,Dataset/DataRaw/country_code=vn/dataset=category_platform/category_platform.csv,vn,category_platform,,vn,100757,101489,758395205,false
Shopee,758395205,get_category,101488,100757,"Drivetrain, Transmission & Clutches",Hệ thống dẫn động,True,,Dataset/DataRaw/country_code=vn/dataset=category_platform/category_platform.csv,vn,category_platform,,vn,100757,101488,758395205,true
Shopee,758395205,get_category,101924,101488,Others,Khác,False,,Dataset/DataRaw/country_code=vn/dataset=category_platform/category_platform.csv,vn,category_platform,,vn,101488,101924,758395205,false
Shopee,758395205,get_category,101923,101488,Bearings,Vòng bi,False,,Dataset/DataRaw/country_code=vn/dataset=category_platform/category_platform.csv,vn,category_platform,,vn,101488,101923,758395205,false
Shopee,758395205,get_category,101922,101488,Clutches,Bộ ly hợp,False,,Dataset/DataRaw/country_code=vn/dataset=category_platform/category_platform.csv,vn,category_platform,,vn,101488,101922,758395205,false
Shopee,758395205,get_category,101921,101488,Chains & Gears,Phụ tùng nhông xích,False,,Dataset/DataRaw/country_code=vn/dataset=category_platform/category_platform.csv,vn,category_platform,,vn,101488,101921,758395205,false
Shopee,758395205,get_category,101487,100757,"Shocks, Struts & Suspension",Hệ thống giảm xóc,False,,Dataset/DataRaw/country_code=vn/dataset=category_platform/category_platform.csv,vn,category_platform,,vn,100757,101487,758395205,false
Shopee,758395205,get_category,101486,100757,Brake System,Hệ thống phanh,False,,Dataset/DataRaw/country_code=vn/dataset=category_platform/category_platform.csv,vn,category_platform,,vn,100757,101486,758395205,false
Shopee,758395205,get_category,101485,100757,Fuel System,Hệ thống xử lý nhiên liệu,False,,Dataset/DataRaw/country_code=vn/dataset=category_platform/category_platform.csv,vn,category_platform,,vn,100757,101485,758395205,false
Shopee,758395205,get_category,101484,100757,Ignition & Engine Parts,Bộ phận đánh lửa & động cơ,True,,Dataset/DataRaw/country_code=vn/dataset=category_platform/category_platform.csv,vn,category_platform,,vn,100757,101484,758395205,true
Shopee,758395205,get_category,101920,101484,Others,Khác,False,,Dataset/DataRaw/country_code=vn/dataset=category_platform/category_platform.csv,vn,category_platform,,vn,101484,101920,758395205,false
Shopee,758395205,get_category,101919,101484,Air Filters,Lọc gió,False,,Dataset/DataRaw/country_code=vn/dataset=category_platform/category_platform.csv,vn,category_platform,,vn,101484,101919,758395205,false
Shopee,758395205,get_category,101918,101484,V-Belts,Dây Curoa,False,,Dataset/DataRaw/country_code=vn/dataset=category_platform/category_platform.csv,vn,category_platform,,vn,101484,101918,758395205,false
Shopee,758395205,get_category,101917,101484,Ignition Coils,Cuộn dây đánh lửa,False,,Dataset/DataRaw/country_code=vn/dataset=category_platform/category_platform.csv,vn,category_platform,,vn,101484,101917,758395205,false
Shopee,758395205,get_category,101916,101484,Spark Plugs,Bugi,False,,Dataset/DataRaw/country_code=vn/dataset=category_platform/category_platform.csv,vn,category_platform,,vn,101484,101916,758395205,false
Shopee,758395205,get_category,101915,101484,CDI & ECU,Hộp đánh lửa & hộp đen,False,,Dataset/DataRaw/country_code=vn/dataset=category_platform/category_platform.csv,vn,category_platform,,vn,101484,101915,758395205,false
Shopee,758395205,get_category,101914,101484,Pistons,Pít tông,False,,Dataset/DataRaw/country_code=vn/dataset=category_platform/category_platform.csv,vn,category_platform,,vn,101484,101914,758395205,false
Shopee,758395205,get_category,101913,101484,Radiators,Bộ tản nhiệt,False,,Dataset/DataRaw/country_code=vn/dataset=category_platform/category_platform.csv,vn,category_platform,,vn,101484,101913,758395205,false
Shopee,758395205,get_category,100756,100641,Motorcycle Accessories,Phụ kiện xe máy,True,,Dataset/DataRaw/country_code=vn/dataset=category_platform/category_platform.csv,vn,category_platform,,vn,100641,100756,758395205,true
Shopee,758395205,get_category,101483,100756,Others,Khác,False,,Dataset/DataRaw/country_code=vn/dataset=category_platform/category_platform.csv,vn,category_platform,,vn,100756,101483,758395205,false
Shopee,758395205,get_category,101482,100756,Mud Flaps & Splash Guards,Tấm chắn bùn,False,,Dataset/DataRaw/country_code=vn/dataset=category_platform/category_platform.csv,vn,category_platform,,vn,100756,101482,758395205,false
Shopee,758395205,get_category,101481,100756,Phone Holders,Giá đỡ điện thoại,False,,Dataset/DataRaw/country_code=vn/dataset=category_platform/category_platform.csv,vn,category_platform,,vn,100756,101481,758395205,false
Shopee,758395205,get_category,101480,100756,Boxes & Cases,Thùng chứa đồ,False,,Dataset/DataRaw/country_code=vn/dataset=category_platform/category_platform.csv,vn,category_platform,,vn,100756,101480,758395205,false
Shopee,758395205,get_category,101479,100756,Locks & Security,Khóa và thiết bị chống trộm,False,,Dataset/DataRaw/country_code=vn/dataset=category_platform/category_platform.csv,vn,category_platform,,vn,100756,101479,758395205,false
Shopee,758395205,get_category,101478,100756,Mirrors & Accessories,Gương và phụ kiện,False,,Dataset/DataRaw/country_code=vn/dataset=category_platform/category_platform.csv,vn,category_platform,,vn,100756,101478,758395205,false
Shopee,758395205,get_category,101477,100756,Seats & Seat Covers,Ghế & bọc ghế,False,,Dataset/DataRaw/country_code=vn/dataset=category_platform/category_platform.csv,vn,category_platform,,vn,100756,101477,758395205,false
Shopee,758395205,get_category,101476,100756,"Stickers, Logos & Emblems","Hình dán, logo, huy hiệu",False,,Dataset/DataRaw/country_code=vn/dataset=category_platform/category_platform.csv,vn,category_platform,,vn,100756,101476,758395205,false
Shopee,758395205,get_category,101475,100756,Covers,Bạt phủ,False,,Dataset/DataRaw/country_code=vn/dataset=category_platform/category_platform.csv,vn,category_platform,,vn,100756,101475,758395205,false
Shopee,758395205,get_category,101474,100756,"Speedometers, Odometers & Gauges",Đồng hồ đo,False,,Dataset/DataRaw/country_code=vn/dataset=category_platform/category_platform.csv,vn,category_platform,,vn,100756,101474,758395205,false
Shopee,758395205,get_category,101473,100756,Carpets,Lót sàn,False,,Dataset/DataRaw/country_code=vn/dataset=category_platform/category_platform.csv,vn,category_platform,,vn,100756,101473,758395205,false
Shopee,758395205,get_category,100643,0,Books & Magazines,Sách & Tạp Chí,True,,Dataset/DataRaw/country_code=vn/dataset=category_platform/category_platform.csv,vn,category_platform,,vn,0,100643,758395205,true
Shopee,758395205,get_category,100778,100643,E-Books,E-Books,False,,Dataset/DataRaw/country_code=vn/dataset=category_platform/category_platform.csv,vn,category_platform,,vn,100643,100778,758395205,false
Shopee,758395205,get_category,100777,100643,Books,Sách,True,,Dataset/DataRaw/country_code=vn/dataset=category_platform/category_platform.csv,vn,category_platform,,vn,100643,100777,758395205,true
Shopee,758395205,get_category,101572,100777,Audio Books,Sách Nói,False,,Dataset/DataRaw/country_code=vn/dataset=category_platform/category_platform.csv,vn,category_platform,,vn,100777,101572,758395205,false
Shopee,758395205,get_category,101571,100777,Baby & Soft Books,Sách Vải,False,,Dataset/DataRaw/country_code=vn/dataset=category_platform/category_platform.csv,vn,category_platform,,vn,100777,101571,758395205,false
Shopee,758395205,get_category,100644,0,Computers & Accessories,Máy tính & Laptop,True,,Dataset/DataRaw/country_code=vn/dataset=category_platform/category_platform.csv,vn,category_platform,,vn,0,100644,758395205,true
Shopee,758395205,get_category,101943,100644,Others,Phụ Kiện Máy Tính Khác,False,,Dataset/DataRaw/country_code=vn/dataset=category_platform/category_platform.csv,vn,category_platform,,vn,100644,101943,758395205,false
Shopee,758395205,get_category,101942,100644,Laptops,Laptop,False,,Dataset/DataRaw/country_code=vn/dataset=category_platform/category_platform.csv,vn,category_platform,,vn,100644,101942,758395205,false
Shopee,758395205,get_category,101941,100644,Keyboards & Mice,Chuột & Bàn Phím,True,,Dataset/DataRaw/country_code=vn/dataset=category_platform/category_platform.csv,vn,category_platform,,vn,100644,101941,758395205,true
Shopee,758395205,get_category,102001,101941,Others,Khác,False,,Dataset/DataRaw/country_code=vn/dataset=category_platform/category_platform.csv,vn,category_platform,,vn,101941,102001,758395205,false
Shopee,758395205,get_category,102000,101941,Drawing Tablets,Bảng Vẽ Điện Tử,False,,Dataset/DataRaw/country_code=vn/dataset=category_platform/category_platform.csv,vn,category_platform,,vn,101941,102000,758395205,false
Shopee,758395205,get_category,101999,101941,Keyboards,Bàn Phím Máy Tính,False,,Dataset/DataRaw/country_code=vn/dataset=category_platform/category_platform.csv,vn,category_platform,,vn,101941,101999,758395205,false
Shopee,758395205,get_category,101998,101941,Mice,Chuột Máy Tính,False,,Dataset/DataRaw/country_code=vn/dataset=category_platform/category_platform.csv,vn,category_platform,,vn,101941,101998,758395205,false
Shopee,758395205,get_category,101940,100644,Peripherals & Accessories,Phụ Kiện Máy Tính,True,,Dataset/DataRaw/country_code=vn/dataset=category_platform/category_platform.csv,vn,category_platform,,vn,100644,101940,758395205,true
Shopee,758395205,get_category,101997,101940,Others,Khác,False,,Dataset/DataRaw/country_code=vn/dataset=category_platform/category_platform.csv,vn,category_platform,,vn,101940,101997,758395205,false
Shopee,758395205,get_category,101996,101940,Mouse Pads,Bàn Di Chuột,False,,Dataset/DataRaw/country_code=vn/dataset=category_platform/category_platform.csv,vn,category_platform,,vn,101940,101996,758395205,false
Shopee,758395205,get_category,101995,101940,Video Conference Devices,Thiết Bị Truyền Hình Hội Nghị,False,,Dataset/DataRaw/country_code=vn/dataset=category_platform/category_platform.csv,vn,category_platform,,vn,101940,101995,758395205,false
Shopee,758395205,get_category,101994,101940,Laptop Chargers & Adaptors,Bộ Sạc Laptop,False,,Dataset/DataRaw/country_code=vn/dataset=category_platform/category_platform.csv,vn,category_platform,,vn,101940,101994,758395205,false
Shopee,758395205,get_category,101993,101940,Laptop Batteries,Pin Laptop,False,,Dataset/DataRaw/country_code=vn/dataset=category_platform/category_platform.csv,vn,category_platform,,vn,101940,101993,758395205,false
Shopee,758395205,get_category,101992,101940,Keyboard & Trackpad Covers,Miếng Dán Bàn Phím,False,,Dataset/DataRaw/country_code=vn/dataset=category_platform/category_platform.csv,vn,category_platform,,vn,101940,101992,758395205,false
Shopee,758395205,get_category,101991,101940,Laptop Stands & Foldable Laptop Desks,Bàn Laptop,False,,Dataset/DataRaw/country_code=vn/dataset=category_platform/category_platform.csv,vn,category_platform,,vn,101940,101991,758395205,false
Shopee,758395205,get_category,101990,101940,Cooling Pads,Đế Tản Nhiệt,False,,Dataset/DataRaw/country_code=vn/dataset=category_platform/category_platform.csv,vn,category_platform,,vn,101940,101990,758395205,false
Shopee,758395205,get_category,101989,101940,Laptop Skins & Covers,Miếng Dán & Ốp Laptop,False,,Dataset/DataRaw/country_code=vn/dataset=category_platform/category_platform.csv,vn,category_platform,,vn,101940,101989,758395205,false
Shopee,758395205,get_category,101988,101940,Webcams,Webcam,False,,Dataset/DataRaw/country_code=vn/dataset=category_platform/category_platform.csv,vn,category_platform,,vn,101940,101988,758395205,false
Shopee,758395205,get_category,101987,101940,USB Hubs & Card Readers,Bộ chia cổng USB & Đọc thẻ nhớ,False,,Dataset/DataRaw/country_code=vn/dataset=category_platform/category_platform.csv,vn,category_platform,,vn,101940,101987,758395205,false
Shopee,758395205,get_category,101939,100644,Printers & Scanners,Máy In & Máy Scan,True,,Dataset/DataRaw/country_code=vn/dataset=category_platform/category_platform.csv,vn,category_platform,,vn,100644,101939,758395205,true
Shopee,758395205,get_category,101986,101939,Others,Khác,False,,Dataset/DataRaw/country_code=vn/dataset=category_platform/category_platform.csv,vn,category_platform,,vn,101939,101986,758395205,false
Shopee,758395205,get_category,101985,101939,3D Printers,Máy In 3D,False,,Dataset/DataRaw/country_code=vn/dataset=category_platform/category_platform.csv,vn,category_platform,,vn,101939,101985,758395205,false
Shopee,758395205,get_category,101984,101939,Inks & Toners,Mực In & Khay Mực,False,,Dataset/DataRaw/country_code=vn/dataset=category_platform/category_platform.csv,vn,category_platform,,vn,101939,101984,758395205,false
Shopee,758395205,get_category,101983,101939,Thermal & Barcode Printers,Máy In Mã Vạch,False,,Dataset/DataRaw/country_code=vn/dataset=category_platform/category_platform.csv,vn,category_platform,,vn,101939,101983,758395205,false
Shopee,758395205,get_category,101982,101939,"Printers, Scanners & Photocopy Machines","Máy In, Máy Scan & Máy Photo",False,,Dataset/DataRaw/country_code=vn/dataset=category_platform/category_platform.csv,vn,category_platform,,vn,101939,101982,758395205,false
Shopee,758395205,get_category,101938,100644,Office Equipment,Thiết Bị Văn Phòng,True,,Dataset/DataRaw/country_code=vn/dataset=category_platform/category_platform.csv,vn,category_platform,,vn,100644,101938,758395205,true
Shopee,758395205,get_category,101981,101938,Others,Khác,False,,Dataset/DataRaw/country_code=vn/dataset=category_platform/category_platform.csv,vn,category_platform,,vn,101938,101981,758395205,false
Shopee,758395205,get_category,101980,101938,Money Counters,Máy Đếm Tiền,False,,Dataset/DataRaw/country_code=vn/dataset=category_platform/category_platform.csv,vn,category_platform,,vn,101938,101980,758395205,false
Shopee,758395205,get_category,101979,101938,Paper Shredders,Máy Hủy Tài Liệu,False,,Dataset/DataRaw/country_code=vn/dataset=category_platform/category_platform.csv,vn,category_platform,,vn,101938,101979,758395205,false
Shopee,758395205,get_category,101978,101938,Absence Machines,Máy Chấm Công,False,,Dataset/DataRaw/country_code=vn/dataset=category_platform/category_platform.csv,vn,category_platform,,vn,101938,101978,758395205,false
Shopee,758395205,get_category,101977,101938,Typewriters,Máy Đánh Chữ,False,,Dataset/DataRaw/country_code=vn/dataset=category_platform/category_platform.csv,vn,category_platform,,vn,101938,101977,758395205,false
Shopee,758395205,get_category,101937,100644,Softwares,Phần Mềm,False,,Dataset/DataRaw/country_code=vn/dataset=category_platform/category_platform.csv,vn,category_platform,,vn,100644,101937,758395205,false
Shopee,758395205,get_category,101936,100644,Network Components,Thiết Bị Mạng,True,,Dataset/DataRaw/country_code=vn/dataset=category_platform/category_platform.csv,vn,category_platform,,vn,100644,101936,758395205,true
Shopee,758395205,get_category,101976,101936,Others,Khác,False,,Dataset/DataRaw/country_code=vn/dataset=category_platform/category_platform.csv,vn,category_platform,,vn,101936,101976,758395205,false
Shopee,758395205,get_category,101975,101936,Print Servers,Máy Chủ Máy In,False,,Dataset/DataRaw/country_code=vn/dataset=category_platform/category_platform.csv,vn,category_platform,,vn,101936,101975,758395205,false
Shopee,758395205,get_category,101974,101936,KVM Switches,Bộ Chuyển Mạch KVM,False,,Dataset/DataRaw/country_code=vn/dataset=category_platform/category_platform.csv,vn,category_platform,,vn,101936,101974,758395205,false
Shopee,758395205,get_category,101973,101936,Network Cables & Connectors,Cáp Máy Tính,False,,Dataset/DataRaw/country_code=vn/dataset=category_platform/category_platform.csv,vn,category_platform,,vn,101936,101973,758395205,false
Shopee,758395205,get_category,101972,101936,Network Switches & PoE,Bộ chia mạng,False,,Dataset/DataRaw/country_code=vn/dataset=category_platform/category_platform.csv,vn,category_platform,,vn,101936,101972,758395205,false
Shopee,758395205,get_category,101971,101936,Powerline Adapters,Bộ Chuyển Đổi Mạng,False,,Dataset/DataRaw/country_code=vn/dataset=category_platform/category_platform.csv,vn,category_platform,,vn,101936,101971,758395205,false
Shopee,758395205,get_category,101970,101936,Wireless Adapters & Network Cards,Bộ Thu Wifi,False,,Dataset/DataRaw/country_code=vn/dataset=category_platform/category_platform.csv,vn,category_platform,,vn,101936,101970,758395205,false
Shopee,758395205,get_category,101969,101936,Repeaters,Bộ Kích Wifi,False,,Dataset/DataRaw/country_code=vn/dataset=category_platform/category_platform.csv,vn,category_platform,,vn,101936,101969,758395205,false
Shopee,758395205,get_category,101968,101936,Modems & Wireless Routers,Bộ Phát Wifi,False,,Dataset/DataRaw/country_code=vn/dataset=category_platform/category_platform.csv,vn,category_platform,,vn,101936,101968,758395205,false
Shopee,758395205,get_category,101935,100644,Data Storage,Thiết Bị Lưu Trữ,True,,Dataset/DataRaw/country_code=vn/dataset=category_platform/category_platform.csv,vn,category_platform,,vn,100644,101935,758395205,true
Shopee,758395205,get_category,101967,101935,Others,Khác,False,,Dataset/DataRaw/country_code=vn/dataset=category_platform/category_platform.csv,vn,category_platform,,vn,101935,101967,758395205,false
Shopee,758395205,get_category,101966,101935,Compact Discs,Đĩa CD,False,,Dataset/DataRaw/country_code=vn/dataset=category_platform/category_platform.csv,vn,category_platform,,vn,101935,101966,758395205,false
Shopee,758395205,get_category,101965,101935,Hard Disk Casings & Dockings,Thiết Bị Đựng Ổ Cứng,False,,Dataset/DataRaw/country_code=vn/dataset=category_platform/category_platform.csv,vn,category_platform,,vn,101935,101965,758395205,false
Shopee,758395205,get_category,101964,101935,Flash Drives & OTG,USB & OTG,False,,Dataset/DataRaw/country_code=vn/dataset=category_platform/category_platform.csv,vn,category_platform,,vn,101935,101964,758395205,false
Shopee,758395205,get_category,101963,101935,Network Attached Storage (NAS),Ổ Cứng Mạng (NAS),False,,Dataset/DataRaw/country_code=vn/dataset=category_platform/category_platform.csv,vn,category_platform,,vn,101935,101963,758395205,false
Shopee,758395205,get_category,101962,101935,SSD,Ổ Cứng SSD,False,,Dataset/DataRaw/country_code=vn/dataset=category_platform/category_platform.csv,vn,category_platform,,vn,101935,101962,758395205,false
Shopee,758395205,get_category,101961,101935,Hard Drives,Ổ Cứng Di Động,False,,Dataset/DataRaw/country_code=vn/dataset=category_platform/category_platform.csv,vn,category_platform,,vn,101935,101961,758395205,false
Shopee,758395205,get_category,101934,100644,Desktop & Laptop Components,Linh Kiện Máy Tính,True,,Dataset/DataRaw/country_code=vn/dataset=category_platform/category_platform.csv,vn,category_platform,,vn,100644,101934,758395205,true
Shopee,758395205,get_category,101960,101934,Others,Khác,False,,Dataset/DataRaw/country_code=vn/dataset=category_platform/category_platform.csv,vn,category_platform,,vn,101934,101960,758395205,false
Shopee,758395205,get_category,101959,101934,Sound Cards,Bo Mạch Âm Thanh,False,,Dataset/DataRaw/country_code=vn/dataset=category_platform/category_platform.csv,vn,category_platform,,vn,101934,101959,758395205,false
Shopee,758395205,get_category,101958,101934,Optical Drives,Ổ Đĩa Quang,False,,Dataset/DataRaw/country_code=vn/dataset=category_platform/category_platform.csv,vn,category_platform,,vn,101934,101958,758395205,false
Shopee,758395205,get_category,101957,101934,PC Cases,Case Máy Tính,False,,Dataset/DataRaw/country_code=vn/dataset=category_platform/category_platform.csv,vn,category_platform,,vn,101934,101957,758395205,false
Shopee,758395205,get_category,101956,101934,UPS & Stabilizers,Bộ Lưu Điện,False,,Dataset/DataRaw/country_code=vn/dataset=category_platform/category_platform.csv,vn,category_platform,,vn,101934,101956,758395205,false
Shopee,758395205,get_category,101955,101934,RAM,Ram Máy Tính,False,,Dataset/DataRaw/country_code=vn/dataset=category_platform/category_platform.csv,vn,category_platform,,vn,101934,101955,758395205,false
Shopee,758395205,get_category,101954,101934,Power Supply Units,Nguồn Máy Tính,False,,Dataset/DataRaw/country_code=vn/dataset=category_platform/category_platform.csv,vn,category_platform,,vn,101934,101954,758395205,false
Shopee,758395205,get_category,101953,101934,Thermal Paste,Keo Tản Nhiệt,False,,Dataset/DataRaw/country_code=vn/dataset=category_platform/category_platform.csv,vn,category_platform,,vn,101934,101953,758395205,false
Shopee,758395205,get_category,101952,101934,Graphics Cards,VGA - Card Màn Hình,False,,Dataset/DataRaw/country_code=vn/dataset=category_platform/category_platform.csv,vn,category_platform,,vn,101934,101952,758395205,false
Shopee,758395205,get_category,101951,101934,Motherboards,Mainboard - Bo Mạch Chủ,False,,Dataset/DataRaw/country_code=vn/dataset=category_platform/category_platform.csv,vn,category_platform,,vn,101934,101951,758395205,false
Shopee,758395205,get_category,101950,101934,Processors,CPU - Bộ Vi Xử Lý,False,,Dataset/DataRaw/country_code=vn/dataset=category_platform/category_platform.csv,vn,category_platform,,vn,101934,101950,758395205,false
Shopee,758395205,get_category,101949,101934,Fans & Heatsinks,Quạt và Tản Nhiệt,False,,Dataset/DataRaw/country_code=vn/dataset=category_platform/category_platform.csv,vn,category_platform,,vn,101934,101949,758395205,false
Shopee,758395205,get_category,101933,100644,Monitors,Màn Hình,False,,Dataset/DataRaw/country_code=vn/dataset=category_platform/category_platform.csv,vn,category_platform,,vn,100644,101933,758395205,false
Shopee,758395205,get_category,101932,100644,Desktop Computers,Máy Tính Bàn,True,,Dataset/DataRaw/country_code=vn/dataset=category_platform/category_platform.csv,vn,category_platform,,vn,100644,101932,758395205,true
Shopee,758395205,get_category,101948,101932,Others,Khác,False,,Dataset/DataRaw/country_code=vn/dataset=category_platform/category_platform.csv,vn,category_platform,,vn,101932,101948,758395205,false
Shopee,758395205,get_category,101947,101932,All-in-One Desktops,Máy Tính All in one,False,,Dataset/DataRaw/country_code=vn/dataset=category_platform/category_platform.csv,vn,category_platform,,vn,101932,101947,758395205,false
Shopee,758395205,get_category,101946,101932,Server PC,Máy Chủ,False,,Dataset/DataRaw/country_code=vn/dataset=category_platform/category_platform.csv,vn,category_platform,,vn,101932,101946,758395205,false
Shopee,758395205,get_category,101945,101932,Mini PC,Máy Tính Mini,False,,Dataset/DataRaw/country_code=vn/dataset=category_platform/category_platform.csv,vn,category_platform,,vn,101932,101945,758395205,false
Shopee,758395205,get_category,101944,101932,Desktop PC,Bộ Máy Tính Bàn,False,,Dataset/DataRaw/country_code=vn/dataset=category_platform/category_platform.csv,vn,category_platform,,vn,101932,101944,758395205,false
Shopee,758395205,get_category,102187,0,Spare Parts and Accessories for Vehicles,Phụ tùng & Phụ kiện xe cơ giới,True,,Dataset/DataRaw/country_code=vn/dataset=category_platform/category_platform.csv,vn,category_platform,,vn,0,102187,758395205,true
Shopee,758395205,get_category,102607,102187,Motorcycles,Xe máy,False,,Dataset/DataRaw/country_code=vn/dataset=category_platform/category_platform.csv,vn,category_platform,,vn,102187,102607,758395205,false
Shopee,758395205,get_category,102606,102187,Automobiles,Ô tô,False,,Dataset/DataRaw/country_code=vn/dataset=category_platform/category_platform.csv,vn,category_platform,,vn,102187,102606,758395205,false
Shopee,758395205,get_category,102601,102187,Others,Khác,False,,Dataset/DataRaw/country_code=vn/dataset=category_platform/category_platform.csv,vn,category_platform,,vn,102187,102601,758395205,false
Shopee,758395205,get_category,102272,102187,Vehicular Care,Chăm sóc xe cơ giới,True,,Dataset/DataRaw/country_code=vn/dataset=category_platform/category_platform.csv,vn,category_platform,,vn,102187,102272,758395205,true
Shopee,758395205,get_category,102612,102272,Other tire & wheel care,Chăm sóc lốp & mâm khác,False,,Dataset/DataRaw/country_code=vn/dataset=category_platform/category_platform.csv,vn,category_platform,,vn,102272,102612,758395205,false
Shopee,758395205,get_category,102578,102272,Others,Khác,False,,Dataset/DataRaw/country_code=vn/dataset=category_platform/category_platform.csv,vn,category_platform,,vn,102272,102578,758395205,false
Shopee,758395205,get_category,102577,102272,Vacuum Cleaner,Máy hút bụi,False,,Dataset/DataRaw/country_code=vn/dataset=category_platform/category_platform.csv,vn,category_platform,,vn,102272,102577,758395205,false
Shopee,758395205,get_category,102576,102272,Polisher,Máy đánh bóng,False,,Dataset/DataRaw/country_code=vn/dataset=category_platform/category_platform.csv,vn,category_platform,,vn,102272,102576,758395205,false
Shopee,758395205,get_category,102575,102272,Towels,Khăn lau,False,,Dataset/DataRaw/country_code=vn/dataset=category_platform/category_platform.csv,vn,category_platform,,vn,102272,102575,758395205,false
Shopee,758395205,get_category,102574,102272,Pads,Tấm lót / Miếng đệm,False,,Dataset/DataRaw/country_code=vn/dataset=category_platform/category_platform.csv,vn,category_platform,,vn,102272,102574,758395205,false
Shopee,758395205,get_category,102573,102272,Brighteners,Chất làm sáng bóng,False,,Dataset/DataRaw/country_code=vn/dataset=category_platform/category_platform.csv,vn,category_platform,,vn,102272,102573,758395205,false
Shopee,758395205,get_category,102572,102272,Fragrances,Nước hoa xe,False,,Dataset/DataRaw/country_code=vn/dataset=category_platform/category_platform.csv,vn,category_platform,,vn,102272,102572,758395205,false
Shopee,758395205,get_category,102571,102272,Degreasers,Chất tẩy dầu mỡ,False,,Dataset/DataRaw/country_code=vn/dataset=category_platform/category_platform.csv,vn,category_platform,,vn,102272,102571,758395205,false
Shopee,758395205,get_category,102570,102272,Treatments,Chất xử lý bề mặt,False,,Dataset/DataRaw/country_code=vn/dataset=category_platform/category_platform.csv,vn,category_platform,,vn,102272,102570,758395205,false
Shopee,758395205,get_category,102569,102272,Shampoo,Dầu gội xe,False,,Dataset/DataRaw/country_code=vn/dataset=category_platform/category_platform.csv,vn,category_platform,,vn,102272,102569,758395205,false
Shopee,758395205,get_category,102568,102272,Wax,Sáp xe,False,,Dataset/DataRaw/country_code=vn/dataset=category_platform/category_platform.csv,vn,category_platform,,vn,102272,102568,758395205,false
Shopee,758395205,get_category,102271,102187,Vehicular Safety,Thiết bị an toàn xe cơ giới,True,,Dataset/DataRaw/country_code=vn/dataset=category_platform/category_platform.csv,vn,category_platform,,vn,102187,102271,758395205,true
Shopee,758395205,get_category,102584,102271,Others,Khác,False,,Dataset/DataRaw/country_code=vn/dataset=category_platform/category_platform.csv,vn,category_platform,,vn,102271,102584,758395205,false
Shopee,758395205,get_category,102583,102271,Remote Control Keys,Chìa khóa điều khiển từ xa,False,,Dataset/DataRaw/country_code=vn/dataset=category_platform/category_platform.csv,vn,category_platform,,vn,102271,102583,758395205,false
Shopee,758395205,get_category,102582,102271,Power Locks,Khóa cửa điện,False,,Dataset/DataRaw/country_code=vn/dataset=category_platform/category_platform.csv,vn,category_platform,,vn,102271,102582,758395205,false
Shopee,758395205,get_category,102581,102271,Locks,Khóa,False,,Dataset/DataRaw/country_code=vn/dataset=category_platform/category_platform.csv,vn,category_platform,,vn,102271,102581,758395205,false
Shopee,758395205,get_category,102580,102271,Wheel Nuts,Bu lông bánh xe,False,,Dataset/DataRaw/country_code=vn/dataset=category_platform/category_platform.csv,vn,category_platform,,vn,102271,102580,758395205,false
Shopee,758395205,get_category,102579,102271,Alarms and Accessories,Chuông báo động & phụ kiện,False,,Dataset/DataRaw/country_code=vn/dataset=category_platform/category_platform.csv,vn,category_platform,,vn,102271,102579,758395205,false
Shopee,758395205,get_category,102265,102187,Vehicular Tools,Dụng cụ sửa chữa xe,True,,Dataset/DataRaw/country_code=vn/dataset=category_platform/category_platform.csv,vn,category_platform,,vn,102187,102265,758395205,true
Shopee,758395205,get_category,102567,102265,Others,Khác,False,,Dataset/DataRaw/country_code=vn/dataset=category_platform/category_platform.csv,vn,category_platform,,vn,102265,102567,758395205,false
Shopee,758395205,get_category,102566,102265,Winch,Tời kéo,False,,Dataset/DataRaw/country_code=vn/dataset=category_platform/category_platform.csv,vn,category_platform,,vn,102265,102566,758395205,false
Shopee,758395205,get_category,102565,102265,Tire Changer Machine,Máy tháo vỏ lốp,False,,Dataset/DataRaw/country_code=vn/dataset=category_platform/category_platform.csv,vn,category_platform,,vn,102265,102565,758395205,false
Shopee,758395205,get_category,102564,102265,Air Compressors,Máy nén khí,False,,Dataset/DataRaw/country_code=vn/dataset=category_platform/category_platform.csv,vn,category_platform,,vn,102265,102564,758395205,false
Shopee,758395205,get_category,102270,102265,Wrench,Cờ lê,True,,Dataset/DataRaw/country_code=vn/dataset=category_platform/category_platform.csv,vn,category_platform,,vn,102265,102270,758395205,true
Shopee,758395205,get_category,102517,102270,Others,Khác,False,,Dataset/DataRaw/country_code=vn/dataset=category_platform/category_platform.csv,vn,category_platform,,vn,102270,102517,758395205,false
Shopee,758395205,get_category,102516,102270,Combination Wrench,Cờ lê tổ hợp,False,,Dataset/DataRaw/country_code=vn/dataset=category_platform/category_platform.csv,vn,category_platform,,vn,102270,102516,758395205,false
Shopee,758395205,get_category,102515,102270,Tire Iron,Tuýp tháo lốp,False,,Dataset/DataRaw/country_code=vn/dataset=category_platform/category_platform.csv,vn,category_platform,,vn,102270,102515,758395205,false
Shopee,758395205,get_category,102269,102265,Measurement,Thiết bị đo lường,True,,Dataset/DataRaw/country_code=vn/dataset=category_platform/category_platform.csv,vn,category_platform,,vn,102265,102269,758395205,true
Shopee,758395205,get_category,102514,102269,Others,Khác,False,,Dataset/DataRaw/country_code=vn/dataset=category_platform/category_platform.csv,vn,category_platform,,vn,102269,102514,758395205,false
Shopee,758395205,get_category,102513,102269,Pressure Gauges,Đồng hồ đo áp suất,False,,Dataset/DataRaw/country_code=vn/dataset=category_platform/category_platform.csv,vn,category_platform,,vn,102269,102513,758395205,false
Shopee,758395205,get_category,102268,102265,Scanning,Thiết bị chẩn đoán quét lỗi,True,,Dataset/DataRaw/country_code=vn/dataset=category_platform/category_platform.csv,vn,category_platform,,vn,102265,102268,758395205,true
Shopee,758395205,get_category,102512,102268,Others,Khác,False,,Dataset/DataRaw/country_code=vn/dataset=category_platform/category_platform.csv,vn,category_platform,,vn,102268,102512,758395205,false
Shopee,758395205,get_category,102511,102268,Scanners,Máy quét lỗi,False,,Dataset/DataRaw/country_code=vn/dataset=category_platform/category_platform.csv,vn,category_platform,,vn,102268,102511,758395205,false
Shopee,758395205,get_category,102267,102265,Battery Tools,Dụng cụ dùng pin,True,,Dataset/DataRaw/country_code=vn/dataset=category_platform/category_platform.csv,vn,category_platform,,vn,102265,102267,758395205,true
Shopee,758395205,get_category,102510,102267,Others,Khác,False,,Dataset/DataRaw/country_code=vn/dataset=category_platform/category_platform.csv,vn,category_platform,,vn,102267,102510,758395205,false
Shopee,758395205,get_category,102509,102267,Battery Testers,Máy thử bình ắc quy,False,,Dataset/DataRaw/country_code=vn/dataset=category_platform/category_platform.csv,vn,category_platform,,vn,102267,102509,758395205,false
Shopee,758395205,get_category,102508,102267,Battery Chargers,Sạc bình ắc quy,False,,Dataset/DataRaw/country_code=vn/dataset=category_platform/category_platform.csv,vn,category_platform,,vn,102267,102508,758395205,false
Shopee,758395205,get_category,102266,102265,Lift,Kích nâng,True,,Dataset/DataRaw/country_code=vn/dataset=category_platform/category_platform.csv,vn,category_platform,,vn,102265,102266,758395205,true
Shopee,758395205,get_category,102507,102266,Others,Khác,False,,Dataset/DataRaw/country_code=vn/dataset=category_platform/category_platform.csv,vn,category_platform,,vn,102266,102507,758395205,false
Shopee,758395205,get_category,102506,102266,Automotive Lifts,Automotive Lifts,False,,Dataset/DataRaw/country_code=vn/dataset=category_platform/category_platform.csv,vn,category_platform,,vn,102266,102506,758395205,false
Shopee,758395205,get_category,102505,102266,Jack Stands,Ê tô / Giá kích,False,,Dataset/DataRaw/country_code=vn/dataset=category_platform/category_platform.csv,vn,category_platform,,vn,102266,102505,758395205,false
Shopee,758395205,get_category,102504,102266,Jacks,Kích xe,False,,Dataset/DataRaw/country_code=vn/dataset=category_platform/category_platform.csv,vn,category_platform,,vn,102266,102504,758395205,false
Shopee,758395205,get_category,102264,102187,Tires and Wheels,Lốp và mâm xe,True,,Dataset/DataRaw/country_code=vn/dataset=category_platform/category_platform.csv,vn,category_platform,,vn,102187,102264,758395205,true
Shopee,758395205,get_category,102563,102264,Others,Khác,False,,Dataset/DataRaw/country_code=vn/dataset=category_platform/category_platform.csv,vn,category_platform,,vn,102264,102563,758395205,false
Shopee,758395205,get_category,102562,102264,Truck Wheels,Bánh xe tải,False,,Dataset/DataRaw/country_code=vn/dataset=category_platform/category_platform.csv,vn,category_platform,,vn,102264,102562,758395205,false
Shopee,758395205,get_category,102561,102264,Motorcycle Wheels,Bánh xe máy,False,,Dataset/DataRaw/country_code=vn/dataset=category_platform/category_platform.csv,vn,category_platform,,vn,102264,102561,758395205,false
Shopee,758395205,get_category,102560,102264,Automobile Wheels,Mâm xe ô tô,False,,Dataset/DataRaw/country_code=vn/dataset=category_platform/category_platform.csv,vn,category_platform,,vn,102264,102560,758395205,false
Shopee,758395205,get_category,102559,102264,Industrial Tires,Lốp xe công nghiệp,False,,Dataset/DataRaw/country_code=vn/dataset=category_platform/category_platform.csv,vn,category_platform,,vn,102264,102559,758395205,false
Shopee,758395205,get_category,102558,102264,Bike Tires,Lốp xe máy,False,,Dataset/DataRaw/country_code=vn/dataset=category_platform/category_platform.csv,vn,category_platform,,vn,102264,102558,758395205,false
Shopee,758395205,get_category,102557,102264,Quad Bike Tires,Lốp xe địa hình,False,,Dataset/DataRaw/country_code=vn/dataset=category_platform/category_platform.csv,vn,category_platform,,vn,102264,102557,758395205,false
Shopee,758395205,get_category,102556,102264,Agriculture Tires,Lốp xe nông nghiệp,False,,Dataset/DataRaw/country_code=vn/dataset=category_platform/category_platform.csv,vn,category_platform,,vn,102264,102556,758395205,false
Shopee,758395205,get_category,102555,102264,Inner Tubes for Tires,Ruột xe,False,,Dataset/DataRaw/country_code=vn/dataset=category_platform/category_platform.csv,vn,category_platform,,vn,102264,102555,758395205,false
Shopee,758395205,get_category,102554,102264,Truck Tires,Lốp xe tải,False,,Dataset/DataRaw/country_code=vn/dataset=category_platform/category_platform.csv,vn,category_platform,,vn,102264,102554,758395205,false
Shopee,758395205,get_category,102553,102264,Motorcycle Tires,Lốp xe máy,False,,Dataset/DataRaw/country_code=vn/dataset=category_platform/category_platform.csv,vn,category_platform,,vn,102264,102553,758395205,false
Shopee,758395205,get_category,102552,102264,Automobile Tires,Lốp ô tô,False,,Dataset/DataRaw/country_code=vn/dataset=category_platform/category_platform.csv,vn,category_platform,,vn,102264,102552,758395205,false
Shopee,758395205,get_category,102260,102187,Accessories for Motorcycles,Phụ kiện xe máy,True,,Dataset/DataRaw/country_code=vn/dataset=category_platform/category_platform.csv,vn,category_platform,,vn,102187,102260,758395205,true
Shopee,758395205,get_category,102611,102260,Motorcycle Helmet Camera,Camera hành trình gắn mũ bảo hiểm,False,,Dataset/DataRaw/country_code=vn/dataset=category_platform/category_platform.csv,vn,category_platform,,vn,102260,102611,758395205,false
Shopee,758395205,get_category,102610,102260,Phone Holders,Giá điện thoại,False,,Dataset/DataRaw/country_code=vn/dataset=category_platform/category_platform.csv,vn,category_platform,,vn,102260,102610,758395205,false
Shopee,758395205,get_category,102551,102260,Others,Khác,False,,Dataset/DataRaw/country_code=vn/dataset=category_platform/category_platform.csv,vn,category_platform,,vn,102260,102551,758395205,false
Shopee,758395205,get_category,102550,102260,Stickers and Emblems,Decal & Biểu tượng,False,,Dataset/DataRaw/country_code=vn/dataset=category_platform/category_platform.csv,vn,category_platform,,vn,102260,102550,758395205,false
Shopee,758395205,get_category,102549,102260,Backpacks,Ba lô,False,,Dataset/DataRaw/country_code=vn/dataset=category_platform/category_platform.csv,vn,category_platform,,vn,102260,102549,758395205,false
Shopee,758395205,get_category,102548,102260,Hand Guards,Gù tay lái,False,,Dataset/DataRaw/country_code=vn/dataset=category_platform/category_platform.csv,vn,category_platform,,vn,102260,102548,758395205,false
Shopee,758395205,get_category,102547,102260,Saddlebags,Túi yên phụ,False,,Dataset/DataRaw/country_code=vn/dataset=category_platform/category_platform.csv,vn,category_platform,,vn,102260,102547,758395205,false
Shopee,758395205,get_category,102546,102260,Frame Sliders,Ốc chống đổ,False,,Dataset/DataRaw/country_code=vn/dataset=category_platform/category_platform.csv,vn,category_platform,,vn,102260,102546,758395205,false
Shopee,758395205,get_category,102545,102260,Windshield,Kính chắn gió,False,,Dataset/DataRaw/country_code=vn/dataset=category_platform/category_platform.csv,vn,category_platform,,vn,102260,102545,758395205,false
Shopee,758395205,get_category,102544,102260,Helmet Visor Shields,Kính che mũ bảo hiểm,False,,Dataset/DataRaw/country_code=vn/dataset=category_platform/category_platform.csv,vn,category_platform,,vn,102260,102544,758395205,false
Shopee,758395205,get_category,102543,102260,Intercom,Thiết bị liên lạc,False,,Dataset/DataRaw/country_code=vn/dataset=category_platform/category_platform.csv,vn,category_platform,,vn,102260,102543,758395205,false
Shopee,758395205,get_category,102542,102260,Panel and Speedometer,Mặt đồng hồ,False,,Dataset/DataRaw/country_code=vn/dataset=category_platform/category_platform.csv,vn,category_platform,,vn,102260,102542,758395205,false
Shopee,758395205,get_category,102541,102260,Helmets,Mũ bảo hiểm,False,,Dataset/DataRaw/country_code=vn/dataset=category_platform/category_platform.csv,vn,category_platform,,vn,102260,102541,758395205,false
Shopee,758395205,get_category,102540,102260,Engine Protector,Ốc chống trượt động cơ,False,,Dataset/DataRaw/country_code=vn/dataset=category_platform/category_platform.csv,vn,category_platform,,vn,102260,102540,758395205,false
Shopee,758395205,get_category,102263,102260,Covers,Ốp / Bọc,True,,Dataset/DataRaw/country_code=vn/dataset=category_platform/category_platform.csv,vn,category_platform,,vn,102260,102263,758395205,true
Shopee,758395205,get_category,102503,102263,Others,Khác,False,,Dataset/DataRaw/country_code=vn/dataset=category_platform/category_platform.csv,vn,category_platform,,vn,102263,102503,758395205,false
Shopee,758395205,get_category,102502,102263,Seat Covers,Bọc ghế,False,,Dataset/DataRaw/country_code=vn/dataset=category_platform/category_platform.csv,vn,category_platform,,vn,102263,102502,758395205,false
Shopee,758395205,get_category,102501,102263,Motorcycles Covers,Bạt phủ xe máy,False,,Dataset/DataRaw/country_code=vn/dataset=category_platform/category_platform.csv,vn,category_platform,,vn,102263,102501,758395205,false
Shopee,758395205,get_category,102262,102260,Cases,Hộp / Ốp lưng,True,,Dataset/DataRaw/country_code=vn/dataset=category_platform/category_platform.csv,vn,category_platform,,vn,102260,102262,758395205,true
Shopee,758395205,get_category,102500,102262,Others,Khác,False,,Dataset/DataRaw/country_code=vn/dataset=category_platform/category_platform.csv,vn,category_platform,,vn,102262,102500,758395205,false
Shopee,758395205,get_category,102499,102262,Side Cases,Hộp yên phụ,False,,Dataset/DataRaw/country_code=vn/dataset=category_platform/category_platform.csv,vn,category_platform,,vn,102262,102499,758395205,false
Shopee,758395205,get_category,102498,102262,Luggage Racks,Giá để hành lý,False,,Dataset/DataRaw/country_code=vn/dataset=category_platform/category_platform.csv,vn,category_platform,,vn,102262,102498,758395205,false
Shopee,758395205,get_category,102497,102262,Back Top Cases,Hộp đồ phía sau,False,,Dataset/DataRaw/country_code=vn/dataset=category_platform/category_platform.csv,vn,category_platform,,vn,102262,102497,758395205,false
Shopee,758395205,get_category,102261,102260,Clothing and Boots,Quần áo và giày bảo hộ,True,,Dataset/DataRaw/country_code=vn/dataset=category_platform/category_platform.csv,vn,category_platform,,vn,102260,102261,758395205,true
Shopee,758395205,get_category,102496,102261,Others,Khác,False,,Dataset/DataRaw/country_code=vn/dataset=category_platform/category_platform.csv,vn,category_platform,,vn,102261,102496,758395205,false
Shopee,758395205,get_category,102495,102261,Protection Gear,Đồ bảo hộ,False,,Dataset/DataRaw/country_code=vn/dataset=category_platform/category_platform.csv,vn,category_platform,,vn,102261,102495,758395205,false
Shopee,758395205,get_category,102494,102261,Accessories,Phụ kiện,False,,Dataset/DataRaw/country_code=vn/dataset=category_platform/category_platform.csv,vn,category_platform,,vn,102261,102494,758395205,false
Shopee,758395205,get_category,102493,102261,Boots,Ủng đi mưa,False,,Dataset/DataRaw/country_code=vn/dataset=category_platform/category_platform.csv,vn,category_platform,,vn,102261,102493,758395205,false
Shopee,758395205,get_category,102492,102261,Jackets,Áo khoác,False,,Dataset/DataRaw/country_code=vn/dataset=category_platform/category_platform.csv,vn,category_platform,,vn,102261,102492,758395205,false
Shopee,758395205,get_category,102491,102261,Rain Suit,Áo mưa,False,,Dataset/DataRaw/country_code=vn/dataset=category_platform/category_platform.csv,vn,category_platform,,vn,102261,102491,758395205,false
Shopee,758395205,get_category,102251,102187,Spare Parts for Motorcycles,Phụ tùng xe máy,True,,Dataset/DataRaw/country_code=vn/dataset=category_platform/category_platform.csv,vn,category_platform,,vn,102187,102251,758395205,true
Shopee,758395205,get_category,102539,102251,Others,Khác,False,,Dataset/DataRaw/country_code=vn/dataset=category_platform/category_platform.csv,vn,category_platform,,vn,102251,102539,758395205,false
Shopee,758395205,get_category,102538,102251,Batteries,Ắc quy,False,,Dataset/DataRaw/country_code=vn/dataset=category_platform/category_platform.csv,vn,category_platform,,vn,102251,102538,758395205,false
Shopee,758395205,get_category,102537,102251,Side Mirrors,Gương chiếu hậu,False,,Dataset/DataRaw/country_code=vn/dataset=category_platform/category_platform.csv,vn,category_platform,,vn,102251,102537,758395205,false
Shopee,758395205,get_category,102259,102251,Additive and Lubricant,Phụ gia & dầu nhờn,True,,Dataset/DataRaw/country_code=vn/dataset=category_platform/category_platform.csv,vn,category_platform,,vn,102251,102259,758395205,true
Shopee,758395205,get_category,102490,102259,Engine Oil,Nhớt máy,False,,Dataset/DataRaw/country_code=vn/dataset=category_platform/category_platform.csv,vn,category_platform,,vn,102259,102490,758395205,false
Shopee,758395205,get_category,102258,102251,Filters,Lọc,True,,Dataset/DataRaw/country_code=vn/dataset=category_platform/category_platform.csv,vn,category_platform,,vn,102251,102258,758395205,true
Shopee,758395205,get_category,102489,102258,Others,Khác,False,,Dataset/DataRaw/country_code=vn/dataset=category_platform/category_platform.csv,vn,category_platform,,vn,102258,102489,758395205,false
Shopee,758395205,get_category,102488,102258,Filters Kit,Bộ lọc,False,,Dataset/DataRaw/country_code=vn/dataset=category_platform/category_platform.csv,vn,category_platform,,vn,102258,102488,758395205,false
Shopee,758395205,get_category,102487,102258,Oil Filters,Lọc nhớt,False,,Dataset/DataRaw/country_code=vn/dataset=category_platform/category_platform.csv,vn,category_platform,,vn,102258,102487,758395205,false
Shopee,758395205,get_category,102486,102258,Air Filters,Lọc gió,False,,Dataset/DataRaw/country_code=vn/dataset=category_platform/category_platform.csv,vn,category_platform,,vn,102258,102486,758395205,false
Shopee,758395205,get_category,102257,102251,Ignition,Hệ thống đánh lửa,True,,Dataset/DataRaw/country_code=vn/dataset=category_platform/category_platform.csv,vn,category_platform,,vn,102251,102257,758395205,true
Shopee,758395205,get_category,102485,102257,Others,Khác,False,,Dataset/DataRaw/country_code=vn/dataset=category_platform/category_platform.csv,vn,category_platform,,vn,102257,102485,758395205,false
Shopee,758395205,get_category,102484,102257,Ignition Coil,Bô bin,False,,Dataset/DataRaw/country_code=vn/dataset=category_platform/category_platform.csv,vn,category_platform,,vn,102257,102484,758395205,false
Shopee,758395205,get_category,102483,102257,Spark Plugs,Bugi,False,,Dataset/DataRaw/country_code=vn/dataset=category_platform/category_platform.csv,vn,category_platform,,vn,102257,102483,758395205,false
Shopee,758395205,get_category,102482,102257,Ignition Switches,Công tắc máy,False,,Dataset/DataRaw/country_code=vn/dataset=category_platform/category_platform.csv,vn,category_platform,,vn,102257,102482,758395205,false
Shopee,758395205,get_category,102481,102257,CDI,Hộp CDI,False,,Dataset/DataRaw/country_code=vn/dataset=category_platform/category_platform.csv,vn,category_platform,,vn,102257,102481,758395205,false
Shopee,758395205,get_category,102256,102251,Lighting,Hệ thống chiếu sáng,True,,Dataset/DataRaw/country_code=vn/dataset=category_platform/category_platform.csv,vn,category_platform,,vn,102251,102256,758395205,true
Shopee,758395205,get_category,102480,102256,Others,Khác,False,,Dataset/DataRaw/country_code=vn/dataset=category_platform/category_platform.csv,vn,category_platform,,vn,102256,102480,758395205,false
Shopee,758395205,get_category,102479,102256,Low Beam Headlights,Đèn chiếu gần,False,,Dataset/DataRaw/country_code=vn/dataset=category_platform/category_platform.csv,vn,category_platform,,vn,102256,102479,758395205,false
Shopee,758395205,get_category,102478,102256,Headlights,Đèn pha,False,,Dataset/DataRaw/country_code=vn/dataset=category_platform/category_platform.csv,vn,category_platform,,vn,102256,102478,758395205,false
Shopee,758395205,get_category,102477,102256,Turn Signal Lights,Đèn xi nhan,False,,Dataset/DataRaw/country_code=vn/dataset=category_platform/category_platform.csv,vn,category_platform,,vn,102256,102477,758395205,false
Shopee,758395205,get_category,102255,102251,Exhaust and Muffler,Ống xả và giảm thanh,True,,Dataset/DataRaw/country_code=vn/dataset=category_platform/category_platform.csv,vn,category_platform,,vn,102251,102255,758395205,true
Shopee,758395205,get_category,102476,102255,Others,Khác,False,,Dataset/DataRaw/country_code=vn/dataset=category_platform/category_platform.csv,vn,category_platform,,vn,102255,102476,758395205,false
Shopee,758395205,get_category,102475,102255,Muffler,Ống giảm thanh,False,,Dataset/DataRaw/country_code=vn/dataset=category_platform/category_platform.csv,vn,category_platform,,vn,102255,102475,758395205,false
Shopee,758395205,get_category,102474,102255,Exhaust,Ống xả,False,,Dataset/DataRaw/country_code=vn/dataset=category_platform/category_platform.csv,vn,category_platform,,vn,102255,102474,758395205,false
Shopee,758395205,get_category,102254,102251,Transmission,Hộp số,True,,Dataset/DataRaw/country_code=vn/dataset=category_platform/category_platform.csv,vn,category_platform,,vn,102251,102254,758395205,true
Shopee,758395205,get_category,102473,102254,Others,Khác,False,,Dataset/DataRaw/country_code=vn/dataset=category_platform/category_platform.csv,vn,category_platform,,vn,102254,102473,758395205,false
Shopee,758395205,get_category,102472,102254,Drive Belts,Dây curoa,False,,Dataset/DataRaw/country_code=vn/dataset=category_platform/category_platform.csv,vn,category_platform,,vn,102254,102472,758395205,false
Shopee,758395205,get_category,102471,102254,Gear Shaft,Trục hộp số,False,,Dataset/DataRaw/country_code=vn/dataset=category_platform/category_platform.csv,vn,category_platform,,vn,102254,102471,758395205,false
Shopee,758395205,get_category,102470,102254,Gear Box,Hộp số,False,,Dataset/DataRaw/country_code=vn/dataset=category_platform/category_platform.csv,vn,category_platform,,vn,102254,102470,758395205,false
Shopee,758395205,get_category,102469,102254,Sprockets,Nhông xích,False,,Dataset/DataRaw/country_code=vn/dataset=category_platform/category_platform.csv,vn,category_platform,,vn,102254,102469,758395205,false
Shopee,758395205,get_category,102468,102254,Clutches,Bộ ly hợp,False,,Dataset/DataRaw/country_code=vn/dataset=category_platform/category_platform.csv,vn,category_platform,,vn,102254,102468,758395205,false
Shopee,758395205,get_category,102467,102254,Transmission Kit,Bộ phận hộp số,False,,Dataset/DataRaw/country_code=vn/dataset=category_platform/category_platform.csv,vn,category_platform,,vn,102254,102467,758395205,false
Shopee,758395205,get_category,102253,102251,Engine,Động cơ,True,,Dataset/DataRaw/country_code=vn/dataset=category_platform/category_platform.csv,vn,category_platform,,vn,102251,102253,758395205,true
Shopee,758395205,get_category,102466,102253,Others,Khác,False,,Dataset/DataRaw/country_code=vn/dataset=category_platform/category_platform.csv,vn,category_platform,,vn,102253,102466,758395205,false
Shopee,758395205,get_category,102465,102253,Oil Pump,Bơm nhớt,False,,Dataset/DataRaw/country_code=vn/dataset=category_platform/category_platform.csv,vn,category_platform,,vn,102253,102465,758395205,false
Shopee,758395205,get_category,102464,102253,Timing Chain Tensioner,Căng xích cam,False,,Dataset/DataRaw/country_code=vn/dataset=category_platform/category_platform.csv,vn,category_platform,,vn,102253,102464,758395205,false
Shopee,758395205,get_category,102463,102253,Regulator Rectifier,Bộ chỉnh lưu,False,,Dataset/DataRaw/country_code=vn/dataset=category_platform/category_platform.csv,vn,category_platform,,vn,102253,102463,758395205,false
Shopee,758395205,get_category,102462,102253,Connecting Rod,Tay biên,False,,Dataset/DataRaw/country_code=vn/dataset=category_platform/category_platform.csv,vn,category_platform,,vn,102253,102462,758395205,false
Shopee,758395205,get_category,102461,102253,Camshafts,Trục cam,False,,Dataset/DataRaw/country_code=vn/dataset=category_platform/category_platform.csv,vn,category_platform,,vn,102253,102461,758395205,false
Shopee,758395205,get_category,102460,102253,Stators,Bô bin,False,,Dataset/DataRaw/country_code=vn/dataset=category_platform/category_platform.csv,vn,category_platform,,vn,102253,102460,758395205,false
Shopee,758395205,get_category,102459,102253,Drive Chains,Xích tải,False,,Dataset/DataRaw/country_code=vn/dataset=category_platform/category_platform.csv,vn,category_platform,,vn,102253,102459,758395205,false
Shopee,758395205,get_category,102458,102253,Pistons,Piston,False,,Dataset/DataRaw/country_code=vn/dataset=category_platform/category_platform.csv,vn,category_platform,,vn,102253,102458,758395205,false
Shopee,758395205,get_category,102457,102253,Starter Motor Spare Parts,Phụ tùng mô tơ khởi động,False,,Dataset/DataRaw/country_code=vn/dataset=category_platform/category_platform.csv,vn,category_platform,,vn,102253,102457,758395205,false
Shopee,758395205,get_category,102456,102253,Cylinder Head,Nắp máy,False,,Dataset/DataRaw/country_code=vn/dataset=category_platform/category_platform.csv,vn,category_platform,,vn,102253,102456,758395205,false
Shopee,758395205,get_category,102455,102253,Carburetors,Bình xăng con,False,,Dataset/DataRaw/country_code=vn/dataset=category_platform/category_platform.csv,vn,category_platform,,vn,102253,102455,758395205,false
Shopee,758395205,get_category,102454,102253,Cylinders,Xi lanh,False,,Dataset/DataRaw/country_code=vn/dataset=category_platform/category_platform.csv,vn,category_platform,,vn,102253,102454,758395205,false
Shopee,758395205,get_category,102252,102251,Chassis,Khung gầm,True,,Dataset/DataRaw/country_code=vn/dataset=category_platform/category_platform.csv,vn,category_platform,,vn,102251,102252,758395205,true
Shopee,758395205,get_category,102453,102252,Others,Khác,False,,Dataset/DataRaw/country_code=vn/dataset=category_platform/category_platform.csv,vn,category_platform,,vn,102252,102453,758395205,false
Shopee,758395205,get_category,102452,102252,Fuel Tank,Bình xăng,False,,Dataset/DataRaw/country_code=vn/dataset=category_platform/category_platform.csv,vn,category_platform,,vn,102252,102452,758395205,false
Shopee,758395205,get_category,102451,102252,Seat Handles,Tay bế,False,,Dataset/DataRaw/country_code=vn/dataset=category_platform/category_platform.csv,vn,category_platform,,vn,102252,102451,758395205,false
Shopee,758395205,get_category,102450,102252,Engine Guards,Ống bảo vệ động cơ,False,,Dataset/DataRaw/country_code=vn/dataset=category_platform/category_platform.csv,vn,category_platform,,vn,102252,102450,758395205,false
Shopee,758395205,get_category,102449,102252,Handlebar Grips,Tay nắm,False,,Dataset/DataRaw/country_code=vn/dataset=category_platform/category_platform.csv,vn,category_platform,,vn,102252,102449,758395205,false
Shopee,758395205,get_category,102448,102252,Foot Pegs,Chân chống,False,,Dataset/DataRaw/country_code=vn/dataset=category_platform/category_platform.csv,vn,category_platform,,vn,102252,102448,758395205,false
Shopee,758395205,get_category,102447,102252,Spokes,Nan hoa,False,,Dataset/DataRaw/country_code=vn/dataset=category_platform/category_platform.csv,vn,category_platform,,vn,102252,102447,758395205,false
Shopee,758395205,get_category,102446,102252,Wheel Hub,Moay ơ bánh xe,False,,Dataset/DataRaw/country_code=vn/dataset=category_platform/category_platform.csv,vn,category_platform,,vn,102252,102446,758395205,false
Shopee,758395205,get_category,102445,102252,Fuel Tank Cap,Nắp bình xăng,False,,Dataset/DataRaw/country_code=vn/dataset=category_platform/category_platform.csv,vn,category_platform,,vn,102252,102445,758395205,false
Shopee,758395205,get_category,102444,102252,License Plate Mount,Giá biển số,False,,Dataset/DataRaw/country_code=vn/dataset=category_platform/category_platform.csv,vn,category_platform,,vn,102252,102444,758395205,false
Shopee,758395205,get_category,102443,102252,Seats,Ghế,False,,Dataset/DataRaw/country_code=vn/dataset=category_platform/category_platform.csv,vn,category_platform,,vn,102252,102443,758395205,false
Shopee,758395205,get_category,102442,102252,Wires,Dây điện,False,,Dataset/DataRaw/country_code=vn/dataset=category_platform/category_platform.csv,vn,category_platform,,vn,102252,102442,758395205,false
Shopee,758395205,get_category,102441,102252,Handles,Tay cầm,False,,Dataset/DataRaw/country_code=vn/dataset=category_platform/category_platform.csv,vn,category_platform,,vn,102252,102441,758395205,false
Shopee,758395205,get_category,102440,102252,Wrench,Cờ lê,False,,Dataset/DataRaw/country_code=vn/dataset=category_platform/category_platform.csv,vn,category_platform,,vn,102252,102440,758395205,false
Shopee,758395205,get_category,102439,102252,Fork Tubes,Phuộc trước,False,,Dataset/DataRaw/country_code=vn/dataset=category_platform/category_platform.csv,vn,category_platform,,vn,102252,102439,758395205,false
Shopee,758395205,get_category,102438,102252,Stands,Chân chống,False,,Dataset/DataRaw/country_code=vn/dataset=category_platform/category_platform.csv,vn,category_platform,,vn,102252,102438,758395205,false
Shopee,758395205,get_category,102437,102252,Fenders,Chắn bùn,False,,Dataset/DataRaw/country_code=vn/dataset=category_platform/category_platform.csv,vn,category_platform,,vn,102252,102437,758395205,false
Shopee,758395205,get_category,102436,102252,Handlebars and Components,Ghi đông & linh kiện,False,,Dataset/DataRaw/country_code=vn/dataset=category_platform/category_platform.csv,vn,category_platform,,vn,102252,102436,758395205,false
Shopee,758395205,get_category,102435,102252,Brakes,Phanh,False,,Dataset/DataRaw/country_code=vn/dataset=category_platform/category_platform.csv,vn,category_platform,,vn,102252,102435,758395205,false
Shopee,758395205,get_category,102434,102252,Shock Absorbers,Giảm xóc,False,,Dataset/DataRaw/country_code=vn/dataset=category_platform/category_platform.csv,vn,category_platform,,vn,102252,102434,758395205,false
Shopee,758395205,get_category,102433,102252,Plastics Kit,Bộ nhựa,False,,Dataset/DataRaw/country_code=vn/dataset=category_platform/category_platform.csv,vn,category_platform,,vn,102252,102433,758395205,false
Shopee,758395205,get_category,102249,102187,Internal Accessories for Automobiles,Phụ kiện nội thất ô tô,True,,Dataset/DataRaw/country_code=vn/dataset=category_platform/category_platform.csv,vn,category_platform,,vn,102187,102249,758395205,true
Shopee,758395205,get_category,102528,102249,Others,Khác,False,,Dataset/DataRaw/country_code=vn/dataset=category_platform/category_platform.csv,vn,category_platform,,vn,102249,102528,758395205,false
Shopee,758395205,get_category,102527,102249,GPS Navigators,Thiết bị định vị GPS,False,,Dataset/DataRaw/country_code=vn/dataset=category_platform/category_platform.csv,vn,category_platform,,vn,102249,102527,758395205,false
Shopee,758395205,get_category,102526,102249,Car Cameras,Camera hành trình,False,,Dataset/DataRaw/country_code=vn/dataset=category_platform/category_platform.csv,vn,category_platform,,vn,102249,102526,758395205,false
Shopee,758395205,get_category,102525,102249,Bluetooth Transmitters,Thiết bị phát bluetooth,False,,Dataset/DataRaw/country_code=vn/dataset=category_platform/category_platform.csv,vn,category_platform,,vn,102249,102525,758395205,false
Shopee,758395205,get_category,102524,102249,Phone Chargers and Holders,Sạc điện thoại và giá gắn,False,,Dataset/DataRaw/country_code=vn/dataset=category_platform/category_platform.csv,vn,category_platform,,vn,102249,102524,758395205,false
Shopee,758395205,get_category,102523,102249,Keychain and Key Covers,Móc chìa khóa và bao da chìa,False,,Dataset/DataRaw/country_code=vn/dataset=category_platform/category_platform.csv,vn,category_platform,,vn,102249,102523,758395205,false
Shopee,758395205,get_category,102522,102249,Steering Wheel Cover,Bọc vô lăng,False,,Dataset/DataRaw/country_code=vn/dataset=category_platform/category_platform.csv,vn,category_platform,,vn,102249,102522,758395205,false
Shopee,758395205,get_category,102521,102249,Sun Shade,Rèm che nắng,False,,Dataset/DataRaw/country_code=vn/dataset=category_platform/category_platform.csv,vn,category_platform,,vn,102249,102521,758395205,false
Shopee,758395205,get_category,102520,102249,Cup Holder and Organizers,Cốc để đồ & hộc tổ chức,False,,Dataset/DataRaw/country_code=vn/dataset=category_platform/category_platform.csv,vn,category_platform,,vn,102249,102520,758395205,false
Shopee,758395205,get_category,102519,102249,Seat Cover,Bọc ghế,False,,Dataset/DataRaw/country_code=vn/dataset=category_platform/category_platform.csv,vn,category_platform,,vn,102249,102519,758395205,false
Shopee,758395205,get_category,102518,102249,Car Mat,Thảm lót sàn,False,,Dataset/DataRaw/country_code=vn/dataset=category_platform/category_platform.csv,vn,category_platform,,vn,102249,102518,758395205,false
Shopee,758395205,get_category,102250,102249,Car Audio System,Âm thanh ô tô,True,,Dataset/DataRaw/country_code=vn/dataset=category_platform/category_platform.csv,vn,category_platform,,vn,102249,102250,758395205,true
Shopee,758395205,get_category,102595,102250,Speakers & Boxes,Loa & Thùng loa,False,,Dataset/DataRaw/country_code=vn/dataset=category_platform/category_platform.csv,vn,category_platform,,vn,102250,102595,758395205,false
Shopee,758395205,get_category,102414,102250,Others,Khác,False,,Dataset/DataRaw/country_code=vn/dataset=category_platform/category_platform.csv,vn,category_platform,,vn,102250,102414,758395205,false
Shopee,758395205,get_category,102413,102250,Remote Control,Điều khiển từ xa,False,,Dataset/DataRaw/country_code=vn/dataset=category_platform/category_platform.csv,vn,category_platform,,vn,102250,102413,758395205,false
Shopee,758395205,get_category,102412,102250,Antennas,Anten,False,,Dataset/DataRaw/country_code=vn/dataset=category_platform/category_platform.csv,vn,category_platform,,vn,102250,102412,758395205,false
Shopee,758395205,get_category,102411,102250,Drivers,Loa tweeter,False,,Dataset/DataRaw/country_code=vn/dataset=category_platform/category_platform.csv,vn,category_platform,,vn,102250,102411,758395205,false
Shopee,758395205,get_category,102410,102250,Speakers,Loa,False,,Dataset/DataRaw/country_code=vn/dataset=category_platform/category_platform.csv,vn,category_platform,,vn,102250,102410,758395205,false
Shopee,758395205,get_category,102409,102250,Amplifier Modules,Cục đẩy công suất,False,,Dataset/DataRaw/country_code=vn/dataset=category_platform/category_platform.csv,vn,category_platform,,vn,102250,102409,758395205,false
Shopee,758395205,get_category,102408,102250,Players,Đầu đọc đĩa,False,,Dataset/DataRaw/country_code=vn/dataset=category_platform/category_platform.csv,vn,category_platform,,vn,102250,102408,758395205,false
Shopee,758395205,get_category,102243,102187,External Accessories for Automobiles,Phụ kiện ngoại thất ô tô,True,,Dataset/DataRaw/country_code=vn/dataset=category_platform/category_platform.csv,vn,category_platform,,vn,102187,102243,758395205,true
Shopee,758395205,get_category,102536,102243,Others,Khác,False,,Dataset/DataRaw/country_code=vn/dataset=category_platform/category_platform.csv,vn,category_platform,,vn,102243,102536,758395205,false
Shopee,758395205,get_category,102535,102243,Parking Cameras and Sensors,Camera lùi & cảm biến đỗ xe,False,,Dataset/DataRaw/country_code=vn/dataset=category_platform/category_platform.csv,vn,category_platform,,vn,102243,102535,758395205,false
Shopee,758395205,get_category,102534,102243,Wheel Spacer,Miếng độn bánh xe,False,,Dataset/DataRaw/country_code=vn/dataset=category_platform/category_platform.csv,vn,category_platform,,vn,102243,102534,758395205,false
Shopee,758395205,get_category,102533,102243,Mud Flaps,Tấm chắn bùn,False,,Dataset/DataRaw/country_code=vn/dataset=category_platform/category_platform.csv,vn,category_platform,,vn,102243,102533,758395205,false
Shopee,758395205,get_category,102532,102243,Fender Flares,Ốp hốc bánh,False,,Dataset/DataRaw/country_code=vn/dataset=category_platform/category_platform.csv,vn,category_platform,,vn,102243,102532,758395205,false
Shopee,758395205,get_category,102531,102243,Deflectors,Tấm hứng gió,False,,Dataset/DataRaw/country_code=vn/dataset=category_platform/category_platform.csv,vn,category_platform,,vn,102243,102531,758395205,false
Shopee,758395205,get_category,102530,102243,Running Boards,Bệ để chân,False,,Dataset/DataRaw/country_code=vn/dataset=category_platform/category_platform.csv,vn,category_platform,,vn,102243,102530,758395205,false
Shopee,758395205,get_category,102529,102243,Wheel Cover,Chụp bánh xe,False,,Dataset/DataRaw/country_code=vn/dataset=category_platform/category_platform.csv,vn,category_platform,,vn,102243,102529,758395205,false
Shopee,758395205,get_category,102248,102243,Tuning,Độ xe,True,,Dataset/DataRaw/country_code=vn/dataset=category_platform/category_platform.csv,vn,category_platform,,vn,102243,102248,758395205,true
Shopee,758395205,get_category,102432,102248,Others,Khác,False,,Dataset/DataRaw/country_code=vn/dataset=category_platform/category_platform.csv,vn,category_platform,,vn,102248,102432,758395205,false
Shopee,758395205,get_category,102431,102248,Internal Tuning,Độ trong,False,,Dataset/DataRaw/country_code=vn/dataset=category_platform/category_platform.csv,vn,category_platform,,vn,102248,102431,758395205,false
Shopee,758395205,get_category,102430,102248,Paints,Sơn xe,False,,Dataset/DataRaw/country_code=vn/dataset=category_platform/category_platform.csv,vn,category_platform,,vn,102248,102430,758395205,false
Shopee,758395205,get_category,102429,102248,Stickers,Decal,False,,Dataset/DataRaw/country_code=vn/dataset=category_platform/category_platform.csv,vn,category_platform,,vn,102248,102429,758395205,false
Shopee,758395205,get_category,102428,102248,Lighting,Đèn chiếu sáng,False,,Dataset/DataRaw/country_code=vn/dataset=category_platform/category_platform.csv,vn,category_platform,,vn,102248,102428,758395205,false
Shopee,758395205,get_category,102247,102243,Racks and Cargo Carrier,Giá đỡ / Kệ chở hàng,True,,Dataset/DataRaw/country_code=vn/dataset=category_platform/category_platform.csv,vn,category_platform,,vn,102243,102247,758395205,true
Shopee,758395205,get_category,102427,102247,Others,Khác,False,,Dataset/DataRaw/country_code=vn/dataset=category_platform/category_platform.csv,vn,category_platform,,vn,102247,102427,758395205,false
Shopee,758395205,get_category,102426,102247,Cargo Carriers,Giá chở hàng,False,,Dataset/DataRaw/country_code=vn/dataset=category_platform/category_platform.csv,vn,category_platform,,vn,102247,102426,758395205,false
Shopee,758395205,get_category,102425,102247,Racks and Crossbars,Giá nóc & Thanh ngang,False,,Dataset/DataRaw/country_code=vn/dataset=category_platform/category_platform.csv,vn,category_platform,,vn,102247,102425,758395205,false
Shopee,758395205,get_category,102246,102243,Covers,Ốp / Bọc,True,,Dataset/DataRaw/country_code=vn/dataset=category_platform/category_platform.csv,vn,category_platform,,vn,102243,102246,758395205,true
Shopee,758395205,get_category,102424,102246,Others,Khác,False,,Dataset/DataRaw/country_code=vn/dataset=category_platform/category_platform.csv,vn,category_platform,,vn,102246,102424,758395205,false
Shopee,758395205,get_category,102423,102246,Front End Covers,Nắp ca-pô,False,,Dataset/DataRaw/country_code=vn/dataset=category_platform/category_platform.csv,vn,category_platform,,vn,102246,102423,758395205,false
Shopee,758395205,get_category,102422,102246,Car Covers,Bạt phủ ô tô,False,,Dataset/DataRaw/country_code=vn/dataset=category_platform/category_platform.csv,vn,category_platform,,vn,102246,102422,758395205,false
Shopee,758395205,get_category,102245,102243,Hitch,Móc kéo / Giá kéo,True,,Dataset/DataRaw/country_code=vn/dataset=category_platform/category_platform.csv,vn,category_platform,,vn,102243,102245,758395205,true
Shopee,758395205,get_category,102421,102245,Others,Khác,False,,Dataset/DataRaw/country_code=vn/dataset=category_platform/category_platform.csv,vn,category_platform,,vn,102245,102421,758395205,false
Shopee,758395205,get_category,102420,102245,Hitch Ball,Bi kéo móc,False,,Dataset/DataRaw/country_code=vn/dataset=category_platform/category_platform.csv,vn,category_platform,,vn,102245,102420,758395205,false
Shopee,758395205,get_category,102419,102245,Hitch Latch,Chốt khóa móc kéo,False,,Dataset/DataRaw/country_code=vn/dataset=category_platform/category_platform.csv,vn,category_platform,,vn,102245,102419,758395205,false
Shopee,758395205,get_category,102418,102245,Hitch Kits,Bộ móc kéo,False,,Dataset/DataRaw/country_code=vn/dataset=category_platform/category_platform.csv,vn,category_platform,,vn,102245,102418,758395205,false
Shopee,758395205,get_category,102244,102243,Tailgate Accessories,Phụ kiện cửa sau,True,,Dataset/DataRaw/country_code=vn/dataset=category_platform/category_platform.csv,vn,category_platform,,vn,102243,102244,758395205,true
Shopee,758395205,get_category,102417,102244,Others,Khác,False,,Dataset/DataRaw/country_code=vn/dataset=category_platform/category_platform.csv,vn,category_platform,,vn,102244,102417,758395205,false
Shopee,758395205,get_category,102416,102244,Roll Bar,Thanh chống lật,False,,Dataset/DataRaw/country_code=vn/dataset=category_platform/category_platform.csv,vn,category_platform,,vn,102244,102416,758395205,false
Shopee,758395205,get_category,102415,102244,Bed Tonneau Cover,Bạt phủ thùng xe,False,,Dataset/DataRaw/country_code=vn/dataset=category_platform/category_platform.csv,vn,category_platform,,vn,102244,102415,758395205,false
Shopee,758395205,get_category,102224,102187,Spare Parts for Automobiles,Phụ tùng ô tô,True,,Dataset/DataRaw/country_code=vn/dataset=category_platform/category_platform.csv,vn,category_platform,,vn,102187,102224,758395205,true
Shopee,758395205,get_category,102242,102224,Others,Khác,False,,Dataset/DataRaw/country_code=vn/dataset=category_platform/category_platform.csv,vn,category_platform,,vn,102224,102242,758395205,false
Shopee,758395205,get_category,102241,102224,CNG,Khí CNG,True,,Dataset/DataRaw/country_code=vn/dataset=category_platform/category_platform.csv,vn,category_platform,,vn,102224,102241,758395205,true
Shopee,758395205,get_category,102407,102241,Others,Khác,False,,Dataset/DataRaw/country_code=vn/dataset=category_platform/category_platform.csv,vn,category_platform,,vn,102241,102407,758395205,false
Shopee,758395205,get_category,102406,102241,Gas Kit,Bộ Gas,False,,Dataset/DataRaw/country_code=vn/dataset=category_platform/category_platform.csv,vn,category_platform,,vn,102241,102406,758395205,false
Shopee,758395205,get_category,102405,102241,Spare Parts,Phụ tùng,False,,Dataset/DataRaw/country_code=vn/dataset=category_platform/category_platform.csv,vn,category_platform,,vn,102241,102405,758395205,false
Shopee,758395205,get_category,102240,102224,External Parts,Bộ phận bên ngoài,True,,Dataset/DataRaw/country_code=vn/dataset=category_platform/category_platform.csv,vn,category_platform,,vn,102224,102240,758395205,true
Shopee,758395205,get_category,102404,102240,Others,Khác,False,,Dataset/DataRaw/country_code=vn/dataset=category_platform/category_platform.csv,vn,category_platform,,vn,102240,102404,758395205,false
Shopee,758395205,get_category,102403,102240,Wiper Fluid Reservoir,Bình nước gạt mưa,False,,Dataset/DataRaw/country_code=vn/dataset=category_platform/category_platform.csv,vn,category_platform,,vn,102240,102403,758395205,false
Shopee,758395205,get_category,102402,102240,Nut Covers,Ốc chụp,False,,Dataset/DataRaw/country_code=vn/dataset=category_platform/category_platform.csv,vn,category_platform,,vn,102240,102402,758395205,false
Shopee,758395205,get_category,102401,102240,Wiper Arms,Cần gạt mưa,False,,Dataset/DataRaw/country_code=vn/dataset=category_platform/category_platform.csv,vn,category_platform,,vn,102240,102401,758395205,false
Shopee,758395205,get_category,102400,102240,Wiper Motor,Mô tơ cần gạt mưa,False,,Dataset/DataRaw/country_code=vn/dataset=category_platform/category_platform.csv,vn,category_platform,,vn,102240,102400,758395205,false
Shopee,758395205,get_category,102399,102240,Horns,Còi,False,,Dataset/DataRaw/country_code=vn/dataset=category_platform/category_platform.csv,vn,category_platform,,vn,102240,102399,758395205,false
Shopee,758395205,get_category,102398,102240,Gas Struts,Ty đẩy gas,False,,Dataset/DataRaw/country_code=vn/dataset=category_platform/category_platform.csv,vn,category_platform,,vn,102240,102398,758395205,false
Shopee,758395205,get_category,102397,102240,Emblems,Logo xe,False,,Dataset/DataRaw/country_code=vn/dataset=category_platform/category_platform.csv,vn,category_platform,,vn,102240,102397,758395205,false
Shopee,758395205,get_category,102396,102240,Wiper Blades,Lưỡi cao su gạt mưa,False,,Dataset/DataRaw/country_code=vn/dataset=category_platform/category_platform.csv,vn,category_platform,,vn,102240,102396,758395205,false
Shopee,758395205,get_category,102395,102240,Rubbers,Cao su,False,,Dataset/DataRaw/country_code=vn/dataset=category_platform/category_platform.csv,vn,category_platform,,vn,102240,102395,758395205,false
Shopee,758395205,get_category,102239,102224,Internal Parts,Bộ phận bên trong,True,,Dataset/DataRaw/country_code=vn/dataset=category_platform/category_platform.csv,vn,category_platform,,vn,102224,102239,758395205,true
Shopee,758395205,get_category,102394,102239,Others,Khác,False,,Dataset/DataRaw/country_code=vn/dataset=category_platform/category_platform.csv,vn,category_platform,,vn,102239,102394,758395205,false
Shopee,758395205,get_category,102393,102239,Pedals,Bàn đạp,False,,Dataset/DataRaw/country_code=vn/dataset=category_platform/category_platform.csv,vn,category_platform,,vn,102239,102393,758395205,false
Shopee,758395205,get_category,102392,102239,Rear View Mirror,Gương chiếu hậu,False,,Dataset/DataRaw/country_code=vn/dataset=category_platform/category_platform.csv,vn,category_platform,,vn,102239,102392,758395205,false
Shopee,758395205,get_category,102391,102239,Glove Compartment,Hộp đựng găng tay,False,,Dataset/DataRaw/country_code=vn/dataset=category_platform/category_platform.csv,vn,category_platform,,vn,102239,102391,758395205,false
Shopee,758395205,get_category,102390,102239,Interior Lights,Đèn nội thất,False,,Dataset/DataRaw/country_code=vn/dataset=category_platform/category_platform.csv,vn,category_platform,,vn,102239,102390,758395205,false
Shopee,758395205,get_category,102389,102239,Gear Boot Cover,Bao cần số,False,,Dataset/DataRaw/country_code=vn/dataset=category_platform/category_platform.csv,vn,category_platform,,vn,102239,102389,758395205,false
Shopee,758395205,get_category,102388,102239,Stick Shift,Cần số,False,,Dataset/DataRaw/country_code=vn/dataset=category_platform/category_platform.csv,vn,category_platform,,vn,102239,102388,758395205,false
Shopee,758395205,get_category,102387,102239,Wires,Dây điện,False,,Dataset/DataRaw/country_code=vn/dataset=category_platform/category_platform.csv,vn,category_platform,,vn,102239,102387,758395205,false
Shopee,758395205,get_category,102386,102239,Handbrake Lever,Tay phanh tay,False,,Dataset/DataRaw/country_code=vn/dataset=category_platform/category_platform.csv,vn,category_platform,,vn,102239,102386,758395205,false
Shopee,758395205,get_category,102385,102239,Levers and Handles,Cần & Tay kéo,False,,Dataset/DataRaw/country_code=vn/dataset=category_platform/category_platform.csv,vn,category_platform,,vn,102239,102385,758395205,false
Shopee,758395205,get_category,102384,102239,Door Panel,Táp-lô cửa,False,,Dataset/DataRaw/country_code=vn/dataset=category_platform/category_platform.csv,vn,category_platform,,vn,102239,102384,758395205,false
Shopee,758395205,get_category,102383,102239,Trunk Interior Cover,Nắp thùng xe,False,,Dataset/DataRaw/country_code=vn/dataset=category_platform/category_platform.csv,vn,category_platform,,vn,102239,102383,758395205,false
Shopee,758395205,get_category,102382,102239,Shift Knobs,Núm vặn cần số,False,,Dataset/DataRaw/country_code=vn/dataset=category_platform/category_platform.csv,vn,category_platform,,vn,102239,102382,758395205,false
Shopee,758395205,get_category,102381,102239,Air Vents,Cửa gió điều hòa,False,,Dataset/DataRaw/country_code=vn/dataset=category_platform/category_platform.csv,vn,category_platform,,vn,102239,102381,758395205,false
Shopee,758395205,get_category,102380,102239,Arm Rest,Tựa tay,False,,Dataset/DataRaw/country_code=vn/dataset=category_platform/category_platform.csv,vn,category_platform,,vn,102239,102380,758395205,false
Shopee,758395205,get_category,102379,102239,Steering Wheel,Vô lăng,False,,Dataset/DataRaw/country_code=vn/dataset=category_platform/category_platform.csv,vn,category_platform,,vn,102239,102379,758395205,false
Shopee,758395205,get_category,102378,102239,Switches and Buttons,Công tắc & nút bấm,False,,Dataset/DataRaw/country_code=vn/dataset=category_platform/category_platform.csv,vn,category_platform,,vn,102239,102378,758395205,false
Shopee,758395205,get_category,102238,102224,Additive and Lubricant,Phụ gia & dầu bôi trơn,True,,Dataset/DataRaw/country_code=vn/dataset=category_platform/category_platform.csv,vn,category_platform,,vn,102224,102238,758395205,true
Shopee,758395205,get_category,102377,102238,Others,Khác,False,,Dataset/DataRaw/country_code=vn/dataset=category_platform/category_platform.csv,vn,category_platform,,vn,102238,102377,758395205,false
Shopee,758395205,get_category,102376,102238,Lubricant,Dầu nhờn,False,,Dataset/DataRaw/country_code=vn/dataset=category_platform/category_platform.csv,vn,category_platform,,vn,102238,102376,758395205,false
Shopee,758395205,get_category,102375,102238,Additive,Phụ gia,False,,Dataset/DataRaw/country_code=vn/dataset=category_platform/category_platform.csv,vn,category_platform,,vn,102238,102375,758395205,false
Shopee,758395205,get_category,102237,102224,Glass,Kính,True,,Dataset/DataRaw/country_code=vn/dataset=category_platform/category_platform.csv,vn,category_platform,,vn,102224,102237,758395205,true
Shopee,758395205,get_category,102374,102237,Others,Khác,False,,Dataset/DataRaw/country_code=vn/dataset=category_platform/category_platform.csv,vn,category_platform,,vn,102237,102374,758395205,false
Shopee,758395205,get_category,102373,102237,Windshield,Kính chắn gió,False,,Dataset/DataRaw/country_code=vn/dataset=category_platform/category_platform.csv,vn,category_platform,,vn,102237,102373,758395205,false
Shopee,758395205,get_category,102372,102237,Rear Windshield,Kính chắn gió sau,False,,Dataset/DataRaw/country_code=vn/dataset=category_platform/category_platform.csv,vn,category_platform,,vn,102237,102372,758395205,false
Shopee,758395205,get_category,102371,102237,Door Glass,Kính cửa,False,,Dataset/DataRaw/country_code=vn/dataset=category_platform/category_platform.csv,vn,category_platform,,vn,102237,102371,758395205,false
Shopee,758395205,get_category,102370,102237,Electric Power Window Roll-up,Kính hạ điện,False,,Dataset/DataRaw/country_code=vn/dataset=category_platform/category_platform.csv,vn,category_platform,,vn,102237,102370,758395205,false
Shopee,758395205,get_category,102236,102224,Transmission,Hộp số,True,,Dataset/DataRaw/country_code=vn/dataset=category_platform/category_platform.csv,vn,category_platform,,vn,102224,102236,758395205,true
Shopee,758395205,get_category,102369,102236,Others,Khác,False,,Dataset/DataRaw/country_code=vn/dataset=category_platform/category_platform.csv,vn,category_platform,,vn,102236,102369,758395205,false
Shopee,758395205,get_category,102368,102236,Tripod Joint,Khớp ba lá,False,,Dataset/DataRaw/country_code=vn/dataset=category_platform/category_platform.csv,vn,category_platform,,vn,102236,102368,758395205,false
Shopee,758395205,get_category,102367,102236,Bearings and Half-axles,Vòng bi & Bán trục,False,,Dataset/DataRaw/country_code=vn/dataset=category_platform/category_platform.csv,vn,category_platform,,vn,102236,102367,758395205,false
Shopee,758395205,get_category,102366,102236,Bearing Retainer,Vòng bi giữ,False,,Dataset/DataRaw/country_code=vn/dataset=category_platform/category_platform.csv,vn,category_platform,,vn,102236,102366,758395205,false
Shopee,758395205,get_category,102365,102236,Selector Valve and Wires,Cáp số & cáp ga,False,,Dataset/DataRaw/country_code=vn/dataset=category_platform/category_platform.csv,vn,category_platform,,vn,102236,102365,758395205,false
Shopee,758395205,get_category,102364,102236,Stick Shift,Cần số,False,,Dataset/DataRaw/country_code=vn/dataset=category_platform/category_platform.csv,vn,category_platform,,vn,102236,102364,758395205,false
Shopee,758395205,get_category,102363,102236,Clutches,Bộ nồi,False,,Dataset/DataRaw/country_code=vn/dataset=category_platform/category_platform.csv,vn,category_platform,,vn,102236,102363,758395205,false
Shopee,758395205,get_category,102235,102224,Air Conditioning,Điều hòa không khí,True,,Dataset/DataRaw/country_code=vn/dataset=category_platform/category_platform.csv,vn,category_platform,,vn,102224,102235,758395205,true
Shopee,758395205,get_category,102362,102235,Others,Khác,False,,Dataset/DataRaw/country_code=vn/dataset=category_platform/category_platform.csv,vn,category_platform,,vn,102235,102362,758395205,false
Shopee,758395205,get_category,102361,102235,Heating,Sưởi ấm,False,,Dataset/DataRaw/country_code=vn/dataset=category_platform/category_platform.csv,vn,category_platform,,vn,102235,102361,758395205,false
Shopee,758395205,get_category,102360,102235,Air Conditioner,Máy điều hòa,False,,Dataset/DataRaw/country_code=vn/dataset=category_platform/category_platform.csv,vn,category_platform,,vn,102235,102360,758395205,false
Shopee,758395205,get_category,102234,102224,Filters,Lọc,True,,Dataset/DataRaw/country_code=vn/dataset=category_platform/category_platform.csv,vn,category_platform,,vn,102224,102234,758395205,true
Shopee,758395205,get_category,102359,102234,Others,Khác,False,,Dataset/DataRaw/country_code=vn/dataset=category_platform/category_platform.csv,vn,category_platform,,vn,102234,102359,758395205,false
Shopee,758395205,get_category,102358,102234,Oil Filters,Lọc nhớt,False,,Dataset/DataRaw/country_code=vn/dataset=category_platform/category_platform.csv,vn,category_platform,,vn,102234,102358,758395205,false
Shopee,758395205,get_category,102357,102234,Fuel Filters,Lọc xăng,False,,Dataset/DataRaw/country_code=vn/dataset=category_platform/category_platform.csv,vn,category_platform,,vn,102234,102357,758395205,false
Shopee,758395205,get_category,102356,102234,Air Filters,Lọc gió,False,,Dataset/DataRaw/country_code=vn/dataset=category_platform/category_platform.csv,vn,category_platform,,vn,102234,102356,758395205,false
Shopee,758395205,get_category,102355,102234,Filters Kit,Bộ lọc,False,,Dataset/DataRaw/country_code=vn/dataset=category_platform/category_platform.csv,vn,category_platform,,vn,102234,102355,758395205,false
Shopee,758395205,get_category,102233,102224,Exhaust,Ống xả,True,,Dataset/DataRaw/country_code=vn/dataset=category_platform/category_platform.csv,vn,category_platform,,vn,102224,102233,758395205,true
Shopee,758395205,get_category,102354,102233,Others,Khác,False,,Dataset/DataRaw/country_code=vn/dataset=category_platform/category_platform.csv,vn,category_platform,,vn,102233,102354,758395205,false
Shopee,758395205,get_category,102353,102233,Exhaust Tip,Đuôi ống xả,False,,Dataset/DataRaw/country_code=vn/dataset=category_platform/category_platform.csv,vn,category_platform,,vn,102233,102353,758395205,false
Shopee,758395205,get_category,102352,102233,Catalytic Converter,Bộ chuyển đổi xúc tác,False,,Dataset/DataRaw/country_code=vn/dataset=category_platform/category_platform.csv,vn,category_platform,,vn,102233,102352,758395205,false
Shopee,758395205,get_category,102232,102224,Ignition,Hệ thống đánh lửa,True,,Dataset/DataRaw/country_code=vn/dataset=category_platform/category_platform.csv,vn,category_platform,,vn,102224,102232,758395205,true
Shopee,758395205,get_category,102351,102232,Others,Khác,False,,Dataset/DataRaw/country_code=vn/dataset=category_platform/category_platform.csv,vn,category_platform,,vn,102232,102351,758395205,false
Shopee,758395205,get_category,102350,102232,Distributors,Bộ chia điện,False,,Dataset/DataRaw/country_code=vn/dataset=category_platform/category_platform.csv,vn,category_platform,,vn,102232,102350,758395205,false
Shopee,758395205,get_category,102349,102232,Spark Plugs Wires,Dây cao áp,False,,Dataset/DataRaw/country_code=vn/dataset=category_platform/category_platform.csv,vn,category_platform,,vn,102232,102349,758395205,false
Shopee,758395205,get_category,102348,102232,Spark Plugs,Bugi,False,,Dataset/DataRaw/country_code=vn/dataset=category_platform/category_platform.csv,vn,category_platform,,vn,102232,102348,758395205,false
Shopee,758395205,get_category,102347,102232,Starter Motor,Mô tơ khởi động,False,,Dataset/DataRaw/country_code=vn/dataset=category_platform/category_platform.csv,vn,category_platform,,vn,102232,102347,758395205,false
Shopee,758395205,get_category,102346,102232,Alternators,Máy phát điện,False,,Dataset/DataRaw/country_code=vn/dataset=category_platform/category_platform.csv,vn,category_platform,,vn,102232,102346,758395205,false
Shopee,758395205,get_category,102345,102232,Ignition Coil,Bô bin đánh lửa,False,,Dataset/DataRaw/country_code=vn/dataset=category_platform/category_platform.csv,vn,category_platform,,vn,102232,102345,758395205,false
Shopee,758395205,get_category,102231,102224,Injection,Hệ thống phun nhiên liệu,True,,Dataset/DataRaw/country_code=vn/dataset=category_platform/category_platform.csv,vn,category_platform,,vn,102224,102231,758395205,true
Shopee,758395205,get_category,102344,102231,Others,Khác,False,,Dataset/DataRaw/country_code=vn/dataset=category_platform/category_platform.csv,vn,category_platform,,vn,102231,102344,758395205,false
Shopee,758395205,get_category,102343,102231,Idle Air Control Actuator,Van điều khiển hơi,False,,Dataset/DataRaw/country_code=vn/dataset=category_platform/category_platform.csv,vn,category_platform,,vn,102231,102343,758395205,false
Shopee,758395205,get_category,102342,102231,EGR Valve,Van EGR,False,,Dataset/DataRaw/country_code=vn/dataset=category_platform/category_platform.csv,vn,category_platform,,vn,102231,102342,758395205,false
Shopee,758395205,get_category,102341,102231,Pressure Regulator,Bộ điều áp,False,,Dataset/DataRaw/country_code=vn/dataset=category_platform/category_platform.csv,vn,category_platform,,vn,102231,102341,758395205,false
Shopee,758395205,get_category,102340,102231,Lambda Sensor,Cảm biến oxy,False,,Dataset/DataRaw/country_code=vn/dataset=category_platform/category_platform.csv,vn,category_platform,,vn,102231,102340,758395205,false
Shopee,758395205,get_category,102339,102231,Throttle Body,Cổ họng gió,False,,Dataset/DataRaw/country_code=vn/dataset=category_platform/category_platform.csv,vn,category_platform,,vn,102231,102339,758395205,false
Shopee,758395205,get_category,102338,102231,Injection Control Module,Bộ điều khiển phun nhiên liệu,False,,Dataset/DataRaw/country_code=vn/dataset=category_platform/category_platform.csv,vn,category_platform,,vn,102231,102338,758395205,false
Shopee,758395205,get_category,102337,102231,Sensors,Cảm biến,False,,Dataset/DataRaw/country_code=vn/dataset=category_platform/category_platform.csv,vn,category_platform,,vn,102231,102337,758395205,false
Shopee,758395205,get_category,102336,102231,Fuel Injectors,Kim phun nhiên liệu,False,,Dataset/DataRaw/country_code=vn/dataset=category_platform/category_platform.csv,vn,category_platform,,vn,102231,102336,758395205,false
Shopee,758395205,get_category,102230,102224,Suspension and Steering,Hệ thống treo và lái,True,,Dataset/DataRaw/country_code=vn/dataset=category_platform/category_platform.csv,vn,category_platform,,vn,102224,102230,758395205,true
Shopee,758395205,get_category,102335,102230,Others,Khác,False,,Dataset/DataRaw/country_code=vn/dataset=category_platform/category_platform.csv,vn,category_platform,,vn,102230,102335,758395205,false
Shopee,758395205,get_category,102334,102230,Tie Rod End,Rô-tuyn lái,False,,Dataset/DataRaw/country_code=vn/dataset=category_platform/category_platform.csv,vn,category_platform,,vn,102230,102334,758395205,false
Shopee,758395205,get_category,102333,102230,Sway Bars,Thanh cân bằng,False,,Dataset/DataRaw/country_code=vn/dataset=category_platform/category_platform.csv,vn,category_platform,,vn,102230,102333,758395205,false
Shopee,758395205,get_category,102332,102230,Stabilizer Links,Thanh cân bằng,False,,Dataset/DataRaw/country_code=vn/dataset=category_platform/category_platform.csv,vn,category_platform,,vn,102230,102332,758395205,false
Shopee,758395205,get_category,102331,102230,Bearings,Vòng bi,False,,Dataset/DataRaw/country_code=vn/dataset=category_platform/category_platform.csv,vn,category_platform,,vn,102230,102331,758395205,false
Shopee,758395205,get_category,102330,102230,Rubber-metal Buffer,Cao su giảm chấn,False,,Dataset/DataRaw/country_code=vn/dataset=category_platform/category_platform.csv,vn,category_platform,,vn,102230,102330,758395205,false
Shopee,758395205,get_category,102329,102230,Wheel Hub,Moay ơ,False,,Dataset/DataRaw/country_code=vn/dataset=category_platform/category_platform.csv,vn,category_platform,,vn,102230,102329,758395205,false
Shopee,758395205,get_category,102328,102230,Ball Joint,Rô-tuyn càng A,False,,Dataset/DataRaw/country_code=vn/dataset=category_platform/category_platform.csv,vn,category_platform,,vn,102230,102328,758395205,false
Shopee,758395205,get_category,102327,102230,Hydraulic Pump,Bơm thủy lực,False,,Dataset/DataRaw/country_code=vn/dataset=category_platform/category_platform.csv,vn,category_platform,,vn,102230,102327,758395205,false
Shopee,758395205,get_category,102326,102230,Springs,Lò xo,False,,Dataset/DataRaw/country_code=vn/dataset=category_platform/category_platform.csv,vn,category_platform,,vn,102230,102326,758395205,false
Shopee,758395205,get_category,102325,102230,Drive shafts,Trục các-đăng,False,,Dataset/DataRaw/country_code=vn/dataset=category_platform/category_platform.csv,vn,category_platform,,vn,102230,102325,758395205,false
Shopee,758395205,get_category,102324,102230,Suspension Mounts,Cao su chống rung,False,,Dataset/DataRaw/country_code=vn/dataset=category_platform/category_platform.csv,vn,category_platform,,vn,102230,102324,758395205,false
Shopee,758395205,get_category,102323,102230,Control and Suspension Arms,Tay điều khiển & Treo,False,,Dataset/DataRaw/country_code=vn/dataset=category_platform/category_platform.csv,vn,category_platform,,vn,102230,102323,758395205,false
Shopee,758395205,get_category,102322,102230,Bushes,Cao su,False,,Dataset/DataRaw/country_code=vn/dataset=category_platform/category_platform.csv,vn,category_platform,,vn,102230,102322,758395205,false
Shopee,758395205,get_category,102321,102230,Steering Gear,Bộ trợ lực lái,False,,Dataset/DataRaw/country_code=vn/dataset=category_platform/category_platform.csv,vn,category_platform,,vn,102230,102321,758395205,false
Shopee,758395205,get_category,102320,102230,Shock Absorbers,Giảm xóc,False,,Dataset/DataRaw/country_code=vn/dataset=category_platform/category_platform.csv,vn,category_platform,,vn,102230,102320,758395205,false
Shopee,758395205,get_category,102229,102224,Brakes,Phanh,True,,Dataset/DataRaw/country_code=vn/dataset=category_platform/category_platform.csv,vn,category_platform,,vn,102224,102229,758395205,true
Shopee,758395205,get_category,102319,102229,Others,Khác,False,,Dataset/DataRaw/country_code=vn/dataset=category_platform/category_platform.csv,vn,category_platform,,vn,102229,102319,758395205,false
Shopee,758395205,get_category,102318,102229,Brake Pumps,Xi lanh phanh,False,,Dataset/DataRaw/country_code=vn/dataset=category_platform/category_platform.csv,vn,category_platform,,vn,102229,102318,758395205,false
Shopee,758395205,get_category,102317,102229,Brake Hoses,Ống mềm phanh,False,,Dataset/DataRaw/country_code=vn/dataset=category_platform/category_platform.csv,vn,category_platform,,vn,102229,102317,758395205,false
Shopee,758395205,get_category,102316,102229,Brake Drum,Tang trống phanh,False,,Dataset/DataRaw/country_code=vn/dataset=category_platform/category_platform.csv,vn,category_platform,,vn,102229,102316,758395205,false
Shopee,758395205,get_category,102315,102229,Brake Kit,Bộ phanh,False,,Dataset/DataRaw/country_code=vn/dataset=category_platform/category_platform.csv,vn,category_platform,,vn,102229,102315,758395205,false
Shopee,758395205,get_category,102314,102229,Brake Calipers,Heo phanh,False,,Dataset/DataRaw/country_code=vn/dataset=category_platform/category_platform.csv,vn,category_platform,,vn,102229,102314,758395205,false
Shopee,758395205,get_category,102313,102229,Handbrake Cable,Dây phanh tay,False,,Dataset/DataRaw/country_code=vn/dataset=category_platform/category_platform.csv,vn,category_platform,,vn,102229,102313,758395205,false
Shopee,758395205,get_category,102312,102229,Brake Shoe,Guốc phanh,False,,Dataset/DataRaw/country_code=vn/dataset=category_platform/category_platform.csv,vn,category_platform,,vn,102229,102312,758395205,false
Shopee,758395205,get_category,102311,102229,Brake Servo,Trợ lực phanh,False,,Dataset/DataRaw/country_code=vn/dataset=category_platform/category_platform.csv,vn,category_platform,,vn,102229,102311,758395205,false
Shopee,758395205,get_category,102310,102229,ABS Sensor,Cảm biến ABS,False,,Dataset/DataRaw/country_code=vn/dataset=category_platform/category_platform.csv,vn,category_platform,,vn,102229,102310,758395205,false
Shopee,758395205,get_category,102309,102229,Brake Discs,Đĩa phanh,False,,Dataset/DataRaw/country_code=vn/dataset=category_platform/category_platform.csv,vn,category_platform,,vn,102229,102309,758395205,false
Shopee,758395205,get_category,102308,102229,Brake Cylinders,Xi lanh phanh,False,,Dataset/DataRaw/country_code=vn/dataset=category_platform/category_platform.csv,vn,category_platform,,vn,102229,102308,758395205,false
Shopee,758395205,get_category,102307,102229,Brake Pads,Má phanh,False,,Dataset/DataRaw/country_code=vn/dataset=category_platform/category_platform.csv,vn,category_platform,,vn,102229,102307,758395205,false
Shopee,758395205,get_category,102228,102224,Electrical System,Hệ thống điện,True,,Dataset/DataRaw/country_code=vn/dataset=category_platform/category_platform.csv,vn,category_platform,,vn,102224,102228,758395205,true
Shopee,758395205,get_category,102306,102228,Others,Khác,False,,Dataset/DataRaw/country_code=vn/dataset=category_platform/category_platform.csv,vn,category_platform,,vn,102228,102306,758395205,false
Shopee,758395205,get_category,102305,102228,Batteries,Bình ắc quy,False,,Dataset/DataRaw/country_code=vn/dataset=category_platform/category_platform.csv,vn,category_platform,,vn,102228,102305,758395205,false
Shopee,758395205,get_category,102304,102228,Fuses,Cầu chì,False,,Dataset/DataRaw/country_code=vn/dataset=category_platform/category_platform.csv,vn,category_platform,,vn,102228,102304,758395205,false
Shopee,758395205,get_category,102303,102228,Electrical System,Hệ thống điện,False,,Dataset/DataRaw/country_code=vn/dataset=category_platform/category_platform.csv,vn,category_platform,,vn,102228,102303,758395205,false
Shopee,758395205,get_category,102227,102224,Lighting,Hệ thống chiếu sáng,True,,Dataset/DataRaw/country_code=vn/dataset=category_platform/category_platform.csv,vn,category_platform,,vn,102224,102227,758395205,true
Shopee,758395205,get_category,102302,102227,Others,Khác,False,,Dataset/DataRaw/country_code=vn/dataset=category_platform/category_platform.csv,vn,category_platform,,vn,102227,102302,758395205,false
Shopee,758395205,get_category,102301,102227,Bulbs,Bóng đèn,False,,Dataset/DataRaw/country_code=vn/dataset=category_platform/category_platform.csv,vn,category_platform,,vn,102227,102301,758395205,false
Shopee,758395205,get_category,102300,102227,Lenses,Thấu kính đèn pha,False,,Dataset/DataRaw/country_code=vn/dataset=category_platform/category_platform.csv,vn,category_platform,,vn,102227,102300,758395205,false
Shopee,758395205,get_category,102299,102227,Fog Lights,Đèn sương mù,False,,Dataset/DataRaw/country_code=vn/dataset=category_platform/category_platform.csv,vn,category_platform,,vn,102227,102299,758395205,false
Shopee,758395205,get_category,102298,102227,Taillights,Đèn hậu,False,,Dataset/DataRaw/country_code=vn/dataset=category_platform/category_platform.csv,vn,category_platform,,vn,102227,102298,758395205,false
Shopee,758395205,get_category,102297,102227,Headlights and Front Kit,Đèn pha & Cản trước,False,,Dataset/DataRaw/country_code=vn/dataset=category_platform/category_platform.csv,vn,category_platform,,vn,102227,102297,758395205,false
Shopee,758395205,get_category,102226,102224,Body,Thân xe,True,,Dataset/DataRaw/country_code=vn/dataset=category_platform/category_platform.csv,vn,category_platform,,vn,102224,102226,758395205,true
Shopee,758395205,get_category,102296,102226,Others,Khác,False,,Dataset/DataRaw/country_code=vn/dataset=category_platform/category_platform.csv,vn,category_platform,,vn,102226,102296,758395205,false
Shopee,758395205,get_category,102295,102226,Fog Light Covers,Chụp đèn sương mù,False,,Dataset/DataRaw/country_code=vn/dataset=category_platform/category_platform.csv,vn,category_platform,,vn,102226,102295,758395205,false
Shopee,758395205,get_category,102294,102226,Body Side Molding,Nẹp hông thân xe,False,,Dataset/DataRaw/country_code=vn/dataset=category_platform/category_platform.csv,vn,category_platform,,vn,102226,102294,758395205,false
Shopee,758395205,get_category,102293,102226,Fenders,Chắn bùn,False,,Dataset/DataRaw/country_code=vn/dataset=category_platform/category_platform.csv,vn,category_platform,,vn,102226,102293,758395205,false
Shopee,758395205,get_category,102292,102226,Fuel Tank,Bình xăng,False,,Dataset/DataRaw/country_code=vn/dataset=category_platform/category_platform.csv,vn,category_platform,,vn,102226,102292,758395205,false
Shopee,758395205,get_category,102291,102226,Car Door Handle,Tay nắm cửa,False,,Dataset/DataRaw/country_code=vn/dataset=category_platform/category_platform.csv,vn,category_platform,,vn,102226,102291,758395205,false
Shopee,758395205,get_category,102290,102226,Door and Dashboard,Cửa xe & Bảng điều khiển,False,,Dataset/DataRaw/country_code=vn/dataset=category_platform/category_platform.csv,vn,category_platform,,vn,102226,102290,758395205,false
Shopee,758395205,get_category,102289,102226,Bumper Racks,Giá đỡ ống xả,False,,Dataset/DataRaw/country_code=vn/dataset=category_platform/category_platform.csv,vn,category_platform,,vn,102226,102289,758395205,false
Shopee,758395205,get_category,102288,102226,Bumper Support Brackets,Chân đế cản,False,,Dataset/DataRaw/country_code=vn/dataset=category_platform/category_platform.csv,vn,category_platform,,vn,102226,102288,758395205,false
Shopee,758395205,get_category,102287,102226,Bumper Grilles,Nẹt cản,False,,Dataset/DataRaw/country_code=vn/dataset=category_platform/category_platform.csv,vn,category_platform,,vn,102226,102287,758395205,false
Shopee,758395205,get_category,102286,102226,Bumpers,Cản xe,False,,Dataset/DataRaw/country_code=vn/dataset=category_platform/category_platform.csv,vn,category_platform,,vn,102226,102286,758395205,false
Shopee,758395205,get_category,102285,102226,Side Mirrors,Gương chiếu hậu,False,,Dataset/DataRaw/country_code=vn/dataset=category_platform/category_platform.csv,vn,category_platform,,vn,102226,102285,758395205,false
Shopee,758395205,get_category,102225,102224,Engine,Động cơ,True,,Dataset/DataRaw/country_code=vn/dataset=category_platform/category_platform.csv,vn,category_platform,,vn,102224,102225,758395205,true
Shopee,758395205,get_category,102284,102225,Others,Khác,False,,Dataset/DataRaw/country_code=vn/dataset=category_platform/category_platform.csv,vn,category_platform,,vn,102225,102284,758395205,false
Shopee,758395205,get_category,102283,102225,Pistons,Piston,False,,Dataset/DataRaw/country_code=vn/dataset=category_platform/category_platform.csv,vn,category_platform,,vn,102225,102283,758395205,false
Shopee,758395205,get_category,102282,102225,Carburetors,Bộ chế hòa khí,False,,Dataset/DataRaw/country_code=vn/dataset=category_platform/category_platform.csv,vn,category_platform,,vn,102225,102282,758395205,false
Shopee,758395205,get_category,102281,102225,Turbines,Tăng áp,False,,Dataset/DataRaw/country_code=vn/dataset=category_platform/category_platform.csv,vn,category_platform,,vn,102225,102281,758395205,false
Shopee,758395205,get_category,102280,102225,Engine Mounts,Cao su chân máy,False,,Dataset/DataRaw/country_code=vn/dataset=category_platform/category_platform.csv,vn,category_platform,,vn,102225,102280,758395205,false
Shopee,758395205,get_category,102279,102225,Hoses,Ống mềm,False,,Dataset/DataRaw/country_code=vn/dataset=category_platform/category_platform.csv,vn,category_platform,,vn,102225,102279,758395205,false
Shopee,758395205,get_category,102278,102225,Distribution and Belts,Dây curoa,False,,Dataset/DataRaw/country_code=vn/dataset=category_platform/category_platform.csv,vn,category_platform,,vn,102225,102278,758395205,false
Shopee,758395205,get_category,102277,102225,Gasket Sets,Gioăng (Đệm làm kín),False,,Dataset/DataRaw/country_code=vn/dataset=category_platform/category_platform.csv,vn,category_platform,,vn,102225,102277,758395205,false
Shopee,758395205,get_category,102276,102225,Pumps,Bơm,False,,Dataset/DataRaw/country_code=vn/dataset=category_platform/category_platform.csv,vn,category_platform,,vn,102225,102276,758395205,false
Shopee,758395205,get_category,102275,102225,Thermatic Fans,Quạt giải nhiệt,False,,Dataset/DataRaw/country_code=vn/dataset=category_platform/category_platform.csv,vn,category_platform,,vn,102225,102275,758395205,false
Shopee,758395205,get_category,102274,102225,Radiators,Két nước,False,,Dataset/DataRaw/country_code=vn/dataset=category_platform/category_platform.csv,vn,category_platform,,vn,102225,102274,758395205,false
Shopee,758395205,get_category,102273,102225,Engine Components,Bộ phận động cơ,False,,Dataset/DataRaw/country_code=vn/dataset=category_platform/category_platform.csv,vn,category_platform,,vn,102225,102273,758395205,false
Shopee,758395205,get_category,102188,102187,Heavy Duty and Boats,Xe hạng nặng và tàu thuyền,True,,Dataset/DataRaw/country_code=vn/dataset=category_platform/category_platform.csv,vn,category_platform,,vn,102187,102188,758395205,true
Shopee,758395205,get_category,102211,102188,Accessories for Boats,Phụ kiện tàu thuyền,True,,Dataset/DataRaw/country_code=vn/dataset=category_platform/category_platform.csv,vn,category_platform,,vn,102188,102211,758395205,true
Shopee,758395205,get_category,102221,102211,Others,Khác,False,,Dataset/DataRaw/country_code=vn/dataset=category_platform/category_platform.csv,vn,category_platform,,vn,102211,102221,758395205,false
Shopee,758395205,get_category,102220,102211,Cleaning and Maintenance,Vệ sinh & Bảo trì,False,,Dataset/DataRaw/country_code=vn/dataset=category_platform/category_platform.csv,vn,category_platform,,vn,102211,102220,758395205,false
Shopee,758395205,get_category,102219,102211,Safety and Rescue,An toàn & Cứu hộ,False,,Dataset/DataRaw/country_code=vn/dataset=category_platform/category_platform.csv,vn,category_platform,,vn,102211,102219,758395205,false
Shopee,758395205,get_category,102218,102211,Navigation Systems,Hệ thống dẫn đường,False,,Dataset/DataRaw/country_code=vn/dataset=category_platform/category_platform.csv,vn,category_platform,,vn,102211,102218,758395205,false
Shopee,758395205,get_category,102217,102211,Cabin Interior,Nội thất cabin,False,,Dataset/DataRaw/country_code=vn/dataset=category_platform/category_platform.csv,vn,category_platform,,vn,102211,102217,758395205,false
Shopee,758395205,get_category,102216,102211,Protection and Transport,Bảo vệ & Vận chuyển,False,,Dataset/DataRaw/country_code=vn/dataset=category_platform/category_platform.csv,vn,category_platform,,vn,102211,102216,758395205,false
Shopee,758395205,get_category,102215,102211,Lighting,Hệ thống chiếu sáng,False,,Dataset/DataRaw/country_code=vn/dataset=category_platform/category_platform.csv,vn,category_platform,,vn,102211,102215,758395205,false
Shopee,758395205,get_category,102214,102211,Anchoring and Mooring,Neo đậu & Buộc dây,False,,Dataset/DataRaw/country_code=vn/dataset=category_platform/category_platform.csv,vn,category_platform,,vn,102211,102214,758395205,false
Shopee,758395205,get_category,102212,102211,Water Pumps and Filters,Bơm nước & Lọc,False,,Dataset/DataRaw/country_code=vn/dataset=category_platform/category_platform.csv,vn,category_platform,,vn,102211,102212,758395205,false
Shopee,758395205,get_category,102204,102188,Spare Parts for Boats,Phụ tùng tàu thuyền,True,,Dataset/DataRaw/country_code=vn/dataset=category_platform/category_platform.csv,vn,category_platform,,vn,102188,102204,758395205,true
Shopee,758395205,get_category,102603,102204,Sailing,Hệ thống lái,False,,Dataset/DataRaw/country_code=vn/dataset=category_platform/category_platform.csv,vn,category_platform,,vn,102204,102603,758395205,false
Shopee,758395205,get_category,102210,102204,Others,Khác,False,,Dataset/DataRaw/country_code=vn/dataset=category_platform/category_platform.csv,vn,category_platform,,vn,102204,102210,758395205,false
Shopee,758395205,get_category,102209,102204,Hardware and Fasteners,Phần cứng & Ốc vít,False,,Dataset/DataRaw/country_code=vn/dataset=category_platform/category_platform.csv,vn,category_platform,,vn,102204,102209,758395205,false
Shopee,758395205,get_category,102207,102204,Control and Navigation,Điều khiển & Dẫn đường,False,,Dataset/DataRaw/country_code=vn/dataset=category_platform/category_platform.csv,vn,category_platform,,vn,102204,102207,758395205,false
Shopee,758395205,get_category,102206,102204,Deck and Cabin,Sàn tàu & Cabin,False,,Dataset/DataRaw/country_code=vn/dataset=category_platform/category_platform.csv,vn,category_platform,,vn,102204,102206,758395205,false
Shopee,758395205,get_category,102205,102204,Engine and Spare Parts,Động cơ & Phụ tùng,False,,Dataset/DataRaw/country_code=vn/dataset=category_platform/category_platform.csv,vn,category_platform,,vn,102204,102205,758395205,false
Shopee,758395205,get_category,102200,102188,Accessories for Heavy Duty Vehicles,Phụ kiện xe hạng nặng,True,,Dataset/DataRaw/country_code=vn/dataset=category_platform/category_platform.csv,vn,category_platform,,vn,102188,102200,758395205,true
Shopee,758395205,get_category,102203,102200,Others,Khác,False,,Dataset/DataRaw/country_code=vn/dataset=category_platform/category_platform.csv,vn,category_platform,,vn,102200,102203,758395205,false
Shopee,758395205,get_category,102202,102200,Cabin Exterior,Ngoại thất cabin,False,,Dataset/DataRaw/country_code=vn/dataset=category_platform/category_platform.csv,vn,category_platform,,vn,102200,102202,758395205,false
Shopee,758395205,get_category,102201,102200,Cabin Interior,Nội thất cabin,False,,Dataset/DataRaw/country_code=vn/dataset=category_platform/category_platform.csv,vn,category_platform,,vn,102200,102201,758395205,false
Shopee,758395205,get_category,102189,102188,Spare Parts for Heavy Duty Vehicles,Phụ tùng xe hạng nặng,True,,Dataset/DataRaw/country_code=vn/dataset=category_platform/category_platform.csv,vn,category_platform,,vn,102188,102189,758395205,true
Shopee,758395205,get_category,102199,102189,Others,Khác,False,,Dataset/DataRaw/country_code=vn/dataset=category_platform/category_platform.csv,vn,category_platform,,vn,102189,102199,758395205,false
Shopee,758395205,get_category,102198,102189,Body,Thân xe,False,,Dataset/DataRaw/country_code=vn/dataset=category_platform/category_platform.csv,vn,category_platform,,vn,102189,102198,758395205,false
Shopee,758395205,get_category,102197,102189,Filters,Lọc,False,,Dataset/DataRaw/country_code=vn/dataset=category_platform/category_platform.csv,vn,category_platform,,vn,102189,102197,758395205,false
Shopee,758395205,get_category,102196,102189,Cooling System,Hệ thống làm mát,False,,Dataset/DataRaw/country_code=vn/dataset=category_platform/category_platform.csv,vn,category_platform,,vn,102189,102196,758395205,false
Shopee,758395205,get_category,102195,102189,Engine,Động cơ,False,,Dataset/DataRaw/country_code=vn/dataset=category_platform/category_platform.csv,vn,category_platform,,vn,102189,102195,758395205,false
Shopee,758395205,get_category,102194,102189,Brakes,Phanh,False,,Dataset/DataRaw/country_code=vn/dataset=category_platform/category_platform.csv,vn,category_platform,,vn,102189,102194,758395205,false
Shopee,758395205,get_category,102192,102189,Suspension and Steering,Hệ thống treo & lái,False,,Dataset/DataRaw/country_code=vn/dataset=category_platform/category_platform.csv,vn,category_platform,,vn,102189,102192,758395205,false
Shopee,758395205,get_category,102191,102189,Lighting,Đèn chiếu sáng,False,,Dataset/DataRaw/country_code=vn/dataset=category_platform/category_platform.csv,vn,category_platform,,vn,102189,102191,758395205,false
Shopee,758395205,get_category,102190,102189,Exterior Parts,Phụ kiện ngoại thất,False,,Dataset/DataRaw/country_code=vn/dataset=category_platform/category_platform.csv,vn,category_platform,,vn,102189,102190,758395205,false
