platform,key,country_code,date,shop_id,shop_slug,shop_name,location,item_id,product_name,url,image_url,images,seller_flag,seller_flag_hash,image_overlay,image_overlay_hash,is_ad,is_sold_out,shopee_verified,ctime,price,price_original,price_before_promo,discount_percent,promotion_id,voucher_code,voucher_discount,voucher_start_time,voucher_end_time,voucher_min_spend,history_sold_value,monthly_sold_value,rating,rating_count,rating_count_detail,vouchers,brand,brand_id,catid,global_catids,liked_count,tier_variation_name,tier_variation_options
Shopee,,id,2026-07-01,809769142,glad2glow-indo,Glad2Glow Official Store,KAB. TANGERANG,26892712078,Glad2Glow Pomegranate Niacinamide Brightening Moisturizer 100g Day Cream Night Cream Skincare,https://shopee.co.id/product/809769142/26892712078,https://down-id.img.susercontent.com/file/id-11134207-822wt-mpbvvf9lzle590,"[""https://down-id.img.susercontent.com/file/id-11134207-822wt-mpbvvf9lzle590""]","[""OFFICIAL_SHOP""]","[""id-11134258-7r98z-lykpu80ygbvs76""]",FSS_new+PromoXtraPlus,id-11134258-822ws-mnciva8io4qu2f,False,False,False,1760005933,100000,149000,100000,33,476041533735198,,,,,,10000.0,1000.0,4.934296693186123,18477,"[28, 8, 76, 926, 17439]",[],GLAD2GLOW,3138611,100630,"[100630, 100664, 100893]",4471,variant,"[""100G-Cream-Bottled"", ""Bottled 2pcs"", ""Glowing 2PCS"", ""[EXTRA DISC 20%]3PCS"", ""Niacinamide 100G-DIS"", ""[UP TO DISC 20%]1PC"", ""Niacinamide Cerah"", ""Niacinamide Cerah2PC"", ""Set Glow 2PCS"", ""Top1 Club & Perks""]"
Shopee,,id,2026-07-01,809769142,glad2glow-indo,Glad2Glow Official Store,KAB. TANGERANG,41320590275,[HOT SALE]Glad2Glow Brightening Micellar Water 300ml Lembut Cepat Menghapus Makeup & Mencerahkan kulit Penghapus Makeup Waterproof Hapus Riasan Tahan  dan Tanpa Iritasi g2glow official store,https://shopee.co.id/product/809769142/41320590275,https://down-id.img.susercontent.com/file/id-11134207-822wt-mo868m6wdlvsf9,"[""https://down-id.img.susercontent.com/file/id-11134207-822wt-mo868m6wdlvsf9"", ""https://down-id.img.susercontent.com/file/id-11134207-822wk-mpxjb86tyozybe"", ""https://down-id.img.susercontent.com/file/id-11134207-81zth-mezdfa2radxpaa"", ""https://down-id.img.susercontent.com/file/id-11134207-81ztg-mezkl28uylmw68"", ""https://down-id.img.susercontent.com/file/id-11134207-81ztk-mezkl28v007c04"", ""https://down-id.img.susercontent.com/file/sg-11134201-824hg-mpg4trg3b4sge4"", ""https://down-id.img.susercontent.com/file/id-11134207-81zte-mezkl28v1ers49""]","[""OFFICIAL_SHOP""]","[""id-11134258-7r98z-lykpu80ygbvs76""]",PromoXtraPlusonly,id-11134258-822ws-mnciva8io4qu2f,False,False,False,1758539697,47900,99000,47900,52,476041533735198,,,,,,10000.0,1000.0,4.924155026934262,41954,"[63, 33, 246, 2339, 39273]",[],GLAD2GLOW,3138611,100630,"[100630, 100662, 100884]",12389,Makeup Remover,"[""[Gift-pore clear]5PC"", ""[Save More]-5PCS"", ""[60%off] 300ml-3PCS"", ""[60%off]300ml-2PCS"", ""300ml-1PC"", ""230ml-Brightening"", ""Travel-130ml"", ""[27k/pc]130ml-2PCS"", ""[LIVE DEAL]3pcs"", ""Top1 Club & Perks""]"
Shopee,,id,2026-07-01,809769142,glad2glow-indo,Glad2Glow Official Store,KAB. TANGERANG,47806001969,[Ready Stock]Glad2Glow Perfect Cover Cushion Foundation Waterproof Make Up Setting Concealer BB Cream Tahan Lama Hingga 12 Jam Hasil Akhir Glowing Dan Menyatu Dengan Warna Kulit Tekstur Ringan Di Wajah g2glow official store,https://shopee.co.id/product/809769142/47806001969,https://down-id.img.susercontent.com/file/id-11134207-822wi-mogr4ac3b02333,"[""https://down-id.img.susercontent.com/file/id-11134207-822wi-mogr4ac3b02333""]","[""OFFICIAL_SHOP""]","[""id-11134258-7r98z-lykpu80ygbvs76""]",FSS_new+PromoXtraPlus,id-11134258-822ws-mnciva8io4qu2f,False,False,False,1770606302,77000,199000,77000,61,476041533735198,,,,,,8000.0,1000.0,4.930211202938476,2178,"[0, 0, 15, 122, 2041]","[""Add-on Deal""]",GLAD2GLOW,3138611,100630,"[100630, 100662, 100881, 101628]",2200,Cushion,"[""HEMAT 20k!  02+02"", ""HEMAT 20k!  03+03"", ""00 Affogato"", ""01 Buttercream"", ""02 Praline-hot sale"", ""03 Custard-hot sale"", ""04 Ginger-hot sale"", ""05 Cinnamon"", ""00 Affogato REFILL"", ""01Buttercream REFILL"", ""02 Praline REFILL"", ""03 Custard REFIL"", ""04 Ginger REFILL"", ""05 Cinnamon REFIL"", ""disc 20% - 01"", ""disc 20% - 02"", ""disc 20% - 03"", ""HERO-02""]"
Shopee,,id,2026-07-01,809769142,glad2glow-indo,Glad2Glow Official Store,KAB. TANGERANG,43079846216,"[New shades! ]Glad2Glow×GGBaby Special Edition BRIGHTENING LIP SERUM 7g Ready Stock! Mencerahkan, Melembabkan Bibir dengan Warna Natural | Lip tint&Lip care",https://shopee.co.id/product/809769142/43079846216,https://down-id.img.susercontent.com/file/id-11134207-822wi-mp8rknppyvb6a7,"[""https://down-id.img.susercontent.com/file/id-11134207-822wi-mp8rknppyvb6a7""]","[""OFFICIAL_SHOP""]","[""id-11134258-7r98z-lykpu80ygbvs76""]",FSS_new+PromoXtraPlus,id-11134258-822ws-mnciva8io4qu2f,False,False,False,1775630822,57900,159000,57900,64,476041533735198,,,,,,5000.0,1000.0,4.932266009852217,1624,"[1, 1, 5, 93, 1524]",[],GLAD2GLOW,3138611,100630,"[100630, 100664, 100900, 101673]",1312,LIP SERUM,"[""[Top 1]03-Berry Soda"", ""[NEW]-Cherry pop"", ""[NEW]-Pumpkin Frost"", ""Best Sellers-7PCS"", ""Hot & New Set-5PCS"", ""Hot & New Set-3PCS"", ""hot-01+02+03+04-4PCS"", ""hot-01-2PCS+03-2PCS"", ""2PCS Lebih Cuan-01*2"", ""2PCS Lebih Cuan-03*2"", ""2PCS Lebih Cuan 01+3"", ""01-Shopee Special"", ""01-Strawberry Glaze"", ""02-Peach Pie"", ""04-Pearl Sparkle"", ""01-3PCS"", ""03-3PCS"", ""[NEW]-Grape Jelly""]"
Shopee,,id,2026-07-01,809769142,glad2glow-indo,Glad2Glow Official Store,KAB. TANGERANG,55602023813,[NEW LAUNCH] Glad2Glow Perfect Cover Glow Cushion Refill - High Coverage&Glowing 12Jam g2g Official Store,https://shopee.co.id/product/809769142/55602023813,https://down-id.img.susercontent.com/file/id-11134207-8224w-mhkdenh0o5xc45,"[""https://down-id.img.susercontent.com/file/id-11134207-8224w-mhkdenh0o5xc45""]","[""OFFICIAL_SHOP""]","[""id-11134258-7r98z-lykpu80ygbvs76""]",PromoXtraPlusonly,id-11134258-822ws-mnciva8io4qu2f,False,False,False,1764000830,61000,199000,61000,69,476041533735198,,,,,,10000.0,1000.0,4.806983511154219,4124,"[71, 27, 69, 293, 3664]",[],GLAD2GLOW,3138611,100630,"[100630, 100662, 100881, 101628]",3180,cushion refill,"[""cushion+Refill 02"", ""cushion+Refill 03"", ""[2pcs save30Rb] 02"", ""[2pcs save30Rb]  03"", ""[2pcs save30Rb] 00"", ""[2pcs save30Rb]  01"", ""[2pcs save30Rb] 04"", ""[2pcs save30Rb]  05"", ""[REFILL]00-2PCS"", ""[REFILL]01-2PCS"", ""[REFILL]02-2PCS"", ""[REFILL]03-2PCS"", ""[REFILL]04-2PCS"", ""[REFILL]05-2PCS"", ""[LIVE DEAL]-02"", ""[LIVE DEAL]-03""]"
Shopee,,id,2026-07-01,809769142,glad2glow-indo,Glad2Glow Official Store,KAB. TANGERANG,53259701588,"[free gift]Glad2Glow Cherry Blossom Micellar Water 230ml, Kulit Lembap, Herry Blossom, Non Stripping",https://shopee.co.id/product/809769142/53259701588,https://down-id.img.susercontent.com/file/id-11134207-822wu-mno4q9gazpxcd8,"[""https://down-id.img.susercontent.com/file/id-11134207-822wu-mno4q9gazpxcd8"", ""https://down-id.img.susercontent.com/file/id-11134207-822wl-mno4q9gb3xmodc"", ""https://down-id.img.susercontent.com/file/id-11134207-822wk-mno4rb3a0jd0b3"", ""https://down-id.img.susercontent.com/file/id-11134207-822wr-mno4q9gb14hsc0"", ""https://down-id.img.susercontent.com/file/id-11134207-822wr-mno4rb3ibqbpab"", ""https://down-id.img.susercontent.com/file/id-11134207-822wp-mno4rb3iejgl47"", ""https://down-id.img.susercontent.com/file/id-11134207-822wo-mno4rb3id4w5da""]","[""OFFICIAL_SHOP""]","[""id-11134258-7r98z-lykpu80ygbvs76""]",FSS_new+PromoXtraPlus,id-11134258-822ws-mnciva8io4qu2f,False,False,False,1777466436,33000,89000,33000,63,476041533735198,,,,,,1000.0,1000.0,4.9278606965174125,402,"[0, 0, 4, 21, 377]",[],GLAD2GLOW,3138611,100630,"[100630, 100662, 100884]",251,Makeup Remover,"[""5Cherry+1clearing"", ""5Cherry-230ml"", ""BIG SIZE-230ML-3PCS"", ""[Trial]Cherry-230ml""]"
Shopee,,id,2026-07-01,809769142,glad2glow-indo,Glad2Glow Official Store,KAB. TANGERANG,56153897478,[Shade Spesial Kulit Gelap] Glad2Glow Flawless Blurring Skin Tint 30G | Foundation Concealer Ringan | Coverage Tinggi | 12-Hour Soft-Focus | Oil Control | Bio-Mimetic Film Technology | g2g Official Store,https://shopee.co.id/product/809769142/56153897478,https://down-id.img.susercontent.com/file/id-11134207-82250-miwrv14cxtkwda,"[""https://down-id.img.susercontent.com/file/id-11134207-82250-miwrv14cxtkwda""]","[""OFFICIAL_SHOP""]","[""id-11134258-7r98z-lykpu80ygbvs76""]",PromoXtraPlusonly,id-11134258-822ws-mnciva8io4qu2f,False,False,False,1767003941,55000,99000,55000,44,476041533735198,,,,,,2000.0,235.0,4.918840579710145,690,"[1, 0, 5, 42, 642]","[""Add-on Deal""]",GLAD2GLOW,3138611,100630,"[100630, 100662, 100881, 101628]",749,Cushion,"[""[HOT]03 Custard"", ""04 Ginger"", ""05 Cinnamon"", ""03-2PCS"", ""04-2PCS"", ""[Save more]05-2PCS"", ""04 Ginger+03 lip"", ""[Save more]05+03 lip""]"
Shopee,,id,2026-07-01,809769142,glad2glow-indo,Glad2Glow Official Store,KAB. TANGERANG,48812376598,Glad2Glow Clay Stick&Face Mask Series-Pomegranate Brightening/Mugwort Acne/ Volcanic Pore-sleeping masker g2glow official store,https://shopee.co.id/product/809769142/48812376598,https://down-id.img.susercontent.com/file/id-11134207-822wm-mpki8rwwvwul29,"[""https://down-id.img.susercontent.com/file/id-11134207-822wm-mpki8rwwvwul29""]","[""OFFICIAL_SHOP""]","[""id-11134258-7r98z-lykpu80ygbvs76""]",FSS_new+PromoXtraPlus,id-11134258-822ws-mnciva8io4qu2f,False,False,False,1781680606,37900,99000,37900,62,476041533735198,,,,,,309.0,255.0,4.880434782608695,92,"[0, 0, 1, 9, 82]","[""Produk Baru""]",GLAD2GLOW,3138611,100630,"[100630, 100664, 100898]",96,Clay Stick,"[""1PC-ACNE gel"", ""ACNE Gel-100g"", ""1PC-Acne Care"", ""1PC-Glowing"", ""1PC-Eksfoliasi"", ""Pori Masker"", ""out of stock""]"
Shopee,,id,2026-07-01,809769142,glad2glow-indo,Glad2Glow Official Store,KAB. TANGERANG,47505564185,[100ML save 30%]Glad2Glow Blueberry Ceramide Low pH Gel Cleanser 100ml Gentle skin Facial Wash oil control skincare  pembersih wajah sabun cuci muka face wash micellar water g2glow official store,https://shopee.co.id/product/809769142/47505564185,https://down-id.img.susercontent.com/file/id-11134207-822ws-mm1irf40t6vc03,"[""https://down-id.img.susercontent.com/file/id-11134207-822ws-mm1irf40t6vc03""]","[""OFFICIAL_SHOP""]","[""id-11134258-7r98z-lykpu80ygbvs76""]",PromoXtraPlusonly,id-11134258-822ws-mnciva8io4qu2f,False,False,False,1769670261,37000,99000,37000,63,476041533735198,,,,,,5000.0,1000.0,4.899038461538462,1664,"[4, 2, 16, 114, 1528]",[],GLAD2GLOW,3138611,100630,"[100630, 100664, 100891]",349,Cleanser,"[""1PC Repair-100ml"", ""3pcs Repair-100ml"", ""5pcs Repair-100ml""]"
Shopee,,id,2026-07-01,809769142,glad2glow-indo,Glad2Glow Official Store,KAB. TANGERANG,26704788256,GLAD2GLOW Kiwi 3D Acid Acne Moisturizer Pelembab Wajah Jerawat Mencerahkan Pencerah Wajah&Penuaan Hilangkan Flek & Tenangkan Kulit Skincare Pelembab Esensi Wajah Perawatan Kulit day cream tone up g2g official store,https://shopee.co.id/product/809769142/26704788256,https://down-id.img.susercontent.com/file/id-11134207-822wi-moorjdqzhzbg9b,"[""https://down-id.img.susercontent.com/file/id-11134207-822wi-moorjdqzhzbg9b""]","[""OFFICIAL_SHOP""]","[""id-11134258-7r98z-lykpu80ygbvs76""]",FSS_new+PromoXtraPlus,id-11134258-822ws-mnciva8io4qu2f,False,False,False,1720430990,43900,99000,43900,56,476041533735198,,,,,,10000.0,1000.0,4.8694305456278295,92335,"[260, 208, 899, 8594, 82374]","[""Add-on Deal""]",GLAD2GLOW,3138611,100630,"[100630, 100664, 100893]",19340,MOISTURIZER,"[""[HOT]Buy5 Get1Free"", ""[EXTRA DISC 20%]5PCS"", ""ACNE MOIST-100g 1pc"", ""ACNE MOIST-100g 2pcs"", ""ACNE MOIST-1pc"", ""ACNE MOIST-3pcs"", ""ACNE MOIST-2pcs"", ""[HOT]ACNE SET 1"", ""ACNE SET 2"", ""ACNE SET 4"", ""ACNE SET 5"", ""ACNE-1pc flash sale"", ""[LIVE DEAL]1pc""]"
Shopee,,id,2026-07-01,809769142,glad2glow-indo,Glad2Glow Official Store,KAB. TANGERANG,29317152516,Glad2Glow Centella Water Gel Soothing Moisturizer Madeca Cream Berjerawat Acne Cica Pelembab Wajah 100g  Menenangkan kulit Mengurangi kemerahan Mengontrol minyak Mengobati kulit berjerawat Menjaga g2glow official store,https://shopee.co.id/product/809769142/29317152516,https://down-id.img.susercontent.com/file/id-11134207-822wn-mnw81iiksv0j78,"[""https://down-id.img.susercontent.com/file/id-11134207-822wn-mnw81iiksv0j78""]","[""OFFICIAL_SHOP""]","[""id-11134258-7r98z-lykpu80ygbvs76""]",FSS_new+PromoXtraPlus,id-11134258-822ws-mnciva8io4qu2f,False,False,False,1731227282,77900,199000,77900,61,476041533735198,,,,,,10000.0,1000.0,4.9032401318598735,58548,"[119, 97, 414, 4070, 53848]","[""Add-on Deal""]",GLAD2GLOW,3138611,100630,"[100630, 100664, 100893]",21110,Centella Sooth,"[""[EXTRA 20%OFF]100g*3"", ""[Ekstra Hemat]100g"", ""Centella Gel 55g"", ""Centella Gel 30g"", ""Centella Gel 100g*2"", ""Centella Gel 55g*3"", ""Centella Gel 30g*3"", ""ACNE SET"", ""ACNE SET 2"", ""ACNE&GLOWING SET"", ""ACNE&SMOOTH SET"", ""100g-flash sale"", ""[LIVE DEAL]1pc""]"
Shopee,,id,2026-07-01,809769142,glad2glow-indo,Glad2Glow Official Store,KAB. TANGERANG,44554737595,[BELI 7 DAPAT 9!] Glad2Glow Cerah Glowing Outing Bundle all in 1 10in1 Brightening Moisturizer+Serum+Tone Up Cream+Body Serum+Cleanser+Lip Care Serum+Retinol 10%Niacinamide skincare paket pembersih perawatan kulit mencerahkan warna kulit g2g official,https://shopee.co.id/product/809769142/44554737595,https://down-id.img.susercontent.com/file/id-11134207-81zti-mq2pbivg34zyae,"[""https://down-id.img.susercontent.com/file/id-11134207-81zti-mq2pbivg34zyae""]","[""OFFICIAL_SHOP""]","[""id-11134258-7r98z-lykpu80ygbvs76""]",PromoXtraPlusonly,id-11134258-822ws-mnciva8io4qu2f,False,False,False,1768462005,303050,400000,303050,24,931791142240256,,,,,,5000.0,869.0,4.889346136259716,2187,"[8, 6, 25, 142, 2006]",[],GLAD2GLOW,3138611,100630,"[100630, 100665]",1663,10pcs,"[""[HOT]Glow 9pcs-PDRN"", ""Lengkap Outting 10ps"", ""Skincare& Lip Set"", ""All in 1 9pcs-PDRN-3"", ""All in 1 9pcs 03"", ""All in 1 9pcs 01"", ""[LIVE DEAL]9pcs-03""]"
Shopee,,id,2026-07-01,809769142,glad2glow-indo,Glad2Glow Official Store,KAB. TANGERANG,55908771179,[HOT] Glad2Glow White Truffle Serum Spray 100ml |  12H Tahan Lama|Glass Skin Makeup Lock Mencerahkan Skin Prep  g2g Glad2Glow Official Store,https://shopee.co.id/product/809769142/55908771179,https://down-id.img.susercontent.com/file/id-11134207-822wh-mn0x6662e4g29b,"[""https://down-id.img.susercontent.com/file/id-11134207-822wh-mn0x6662e4g29b""]","[""OFFICIAL_SHOP""]","[""id-11134258-7r98z-lykpu80ygbvs76""]",FSS_new+PromoXtraPlus,id-11134258-822ws-mnciva8io4qu2f,False,False,False,1776137376,77900,169500,77900,54,476041533735198,,,,,,7000.0,1000.0,4.93982683982684,2310,"[1, 0, 8, 119, 2182]",[],GLAD2GLOW,3138611,100630,"[100630, 100662, 100881, 101633]",2269,serum,"[""1pcs"", ""3pcs"", ""5pcs""]"
Shopee,,id,2026-07-01,809769142,glad2glow-indo,Glad2Glow Official Store,KAB. TANGERANG,44429096395,Glad2Glow TONE UP BRIGHTENING BODY SERUM Skin Look Flawless Tone Up in 1 Use Tone Up Booster Body Serum Lotion,https://shopee.co.id/product/809769142/44429096395,https://down-id.img.susercontent.com/file/id-11134207-822wj-mpisresymjuo3b,"[""https://down-id.img.susercontent.com/file/id-11134207-822wj-mpisresymjuo3b"", ""https://down-id.img.susercontent.com/file/id-11134207-822wg-moyw16t2x3ws60"", ""https://down-id.img.susercontent.com/file/id-11134207-822wr-mnbaj8c7rnr61d"", ""https://down-id.img.susercontent.com/file/id-11134207-822wj-mnb3tt01haf5e6"", ""https://down-id.img.susercontent.com/file/id-11134207-822wo-mnbaj8c7ugw261"", ""https://down-id.img.susercontent.com/file/id-11134207-822ws-mnb3tt01iozldb"", ""https://down-id.img.susercontent.com/file/id-11134207-822wt-mnbaj8c7t2bm01"", ""https://down-id.img.susercontent.com/file/id-11134207-822wk-mnb3tt01eha9cf""]","[""OFFICIAL_SHOP""]","[""id-11134258-7r98z-lykpu80ygbvs76""]",FSS_new+PromoXtraPlus,id-11134258-822ws-mnciva8io4qu2f,False,False,False,1772800138,47000,99000,47000,53,476041533735198,,,,,,10000.0,1000.0,4.87739288969918,6582,"[21, 16, 93, 489, 5963]",[],GLAD2GLOW,3138611,100630,"[100630, 102002, 102007]",6174,body Serum,"[""1PC"", ""3pcs"", ""[HOT]Buy5 Get 6"", ""Buy7 Get 8"", ""ALL-Over Glow-2pcs"", ""tone up 2in1"", ""Bright 3-in-1"", ""5pcs"", ""Bright 2-in-1"", ""Top1 Club & Perks""]"
Shopee,,id,2026-07-01,809769142,glad2glow-indo,Glad2Glow Official Store,KAB. TANGERANG,52806158940,[Big Size 300ml] Glad2Glow Retinol Bight Body Serum / Niacinamide Bright Body Serum 300ml Body Lotion HandBody Body Cream Pelembab Badan Tekstur Ringan Wangi Tahan Lama Long Lasting Body Moisturizer Perfume,https://shopee.co.id/product/809769142/52806158940,https://down-id.img.susercontent.com/file/id-11134207-8224s-mknbi3wwdngj89,"[""https://down-id.img.susercontent.com/file/id-11134207-8224s-mknbi3wwdngj89"", ""https://down-id.img.susercontent.com/file/id-11134207-822ws-moteebyw42z247"", ""https://down-id.img.susercontent.com/file/id-11134207-8224p-mknbi3wwf20z48"", ""https://down-id.img.susercontent.com/file/id-11134207-8224y-mknbi3wwgglfce"", ""https://down-id.img.susercontent.com/file/id-11134207-8224q-mknbi3wwkoara8"", ""https://down-id.img.susercontent.com/file/id-11134207-8224u-mknnpax5yw3m4b"", ""https://down-id.img.susercontent.com/file/id-11134207-82252-mknnpax5xhj6a0"", ""https://down-id.img.susercontent.com/file/id-11134207-8224y-mknnpax23tvn4a"", ""https://down-id.img.susercontent.com/file/id-11134207-8224r-mknbi3wwm2v7f3""]","[""OFFICIAL_SHOP""]","[""id-11134258-7r98z-lykpu80ygbvs76""]",FSS_new+PromoXtraPlus,id-11134258-822ws-mnciva8io4qu2f,False,False,False,1770976094,57900,129000,57900,55,476041533735198,,,,,,6000.0,1000.0,4.909549852755574,2377,"[11, 2, 19, 127, 2218]","[""Add-on Deal""]",GLAD2GLOW,3138611,100630,"[100630, 102002, 102007]",2037,Variations,"[""300ml - night glow"", ""300ml - day glow"", ""300ml Day&Night 2in1"", ""Buy6 Get 7-Day"", ""Buy6 Get 7-Night"", ""buy4 get 1 free""]"
Shopee,,id,2026-07-01,809769142,glad2glow-indo,Glad2Glow Official Store,KAB. TANGERANG,50406870682,[NEW] GLAD2GLOW PDRN BRIGHTENING SERUM PDRN 10% NIACINAMIDE 3% TXA  SERUM Mencerahkan Wajah Serum Glow Bomb,https://shopee.co.id/product/809769142/50406870682,https://down-id.img.susercontent.com/file/id-11134207-822wg-mpew676ts3yk00,"[""https://down-id.img.susercontent.com/file/id-11134207-822wg-mpew676ts3yk00""]","[""OFFICIAL_SHOP""]","[""id-11134258-7r98z-lykpu80ygbvs76""]",FSS_new+PromoXtraPlus,id-11134258-822ws-mnciva8io4qu2f,False,False,False,1772800554,89500,199000,89500,55,476041533735198,,,,,,10000.0,1000.0,4.922831755843152,10354,"[12, 4, 54, 631, 9653]",[],GLAD2GLOW,3138611,100630,"[100630, 100664, 100896]",5255,PDRN,"[""Buy5 Get1 Free"", ""1PC"", ""Serum+Moisturizer"", ""PDRN-Buy2Get1"", ""3PCS"", ""5PCS"", ""glowing-3pcs"", ""Top1 Club & Perks"", ""out of stock""]"
Shopee,,id,2026-07-01,809769142,glad2glow-indo,Glad2Glow Official Store,KAB. TANGERANG,54256127181,"[New! Limited Edition] Glad2Glow Perfect Cover Glow Cushion Charm - Foundation High Coverage Tahan 12 Jam & Tekstur Ringan, Minim Oksidasi - glad2glow Official Store",https://shopee.co.id/product/809769142/54256127181,https://down-id.img.susercontent.com/file/id-11134207-8224q-mkoom5g55ddtf5,"[""https://down-id.img.susercontent.com/file/id-11134207-8224q-mkoom5g55ddtf5""]","[""OFFICIAL_SHOP""]","[""id-11134258-7r98z-lykpu80ygbvs76""]",FSS_new+PromoXtraPlus,id-11134258-822ws-mnciva8io4qu2f,False,False,False,1770896925,100000,199000,100000,50,476041533735198,,,,,,8000.0,1000.0,4.930120481927711,2490,"[3, 0, 19, 124, 2344]",[],GLAD2GLOW,3138611,100630,"[100630, 100662, 100881, 101628]",4494,Cushion,"[""00 Affogato"", ""01Buttercream"", ""02Praline"", ""03Custard"", ""04 Ginger"", ""05 Cinnamon"", ""02 Praline+Lip01"", ""03 Custard+Lip01"", ""02 Praline+Lip03"", ""03 Custard+Lip03"", ""02 Praline+Refill02"", ""03 Praline+Refill03""]"
Shopee,,id,2026-07-01,809769142,glad2glow-indo,Glad2Glow Official Store,KAB. TANGERANG,44050582778,Glad2Glow Moisturizer Series100G Water Gel Niacinamide Brightening Retinol CentellaMencerahkan Pemutih Kulit Pelembab Bercahaya Krim Siang dan Malam Perawatan Kulit Ekstrak Delima Delima Wajah g2g official store,https://shopee.co.id/product/809769142/44050582778,https://down-id.img.susercontent.com/file/id-11134207-822wr-moevfyao7wg04e,"[""https://down-id.img.susercontent.com/file/id-11134207-822wr-moevfyao7wg04e""]","[""OFFICIAL_SHOP""]","[""id-11134258-7r98z-lykpu80ygbvs76""]",PromoXtraPlusonly,id-11134258-822ws-mnciva8io4qu2f,False,False,False,1747029244,100000,159000,100000,37,476041533735198,,,,,,10000.0,1000.0,4.926190299614357,53936,"[74, 39, 268, 3032, 50523]","[""Add-on Deal""]",GLAD2GLOW,3138611,100630,"[100630, 100664, 100893]",14330,Bright moist,"[""Niacinamide 100G-DIS"", ""Niacinamide-Bottled"", ""Niacinamide Cerah"", ""B5 Panthenol Gel50ml"", ""B5 Cream50ml"", ""Ceramides Repair100g"", ""Repair 100g-Dis"", ""Retinol Halus 100g"", ""Centella Soothing"", ""Dark spot 100g"", ""Acne 100g"", ""Bright 100g"", ""Niacinamide Cerah2PC"", ""Ceramides Repair2PCS"", ""Retinol Halus 2PCS"", ""Centella Soothing2PC"", ""[UP TO DISC 20%]1PC"", ""[SAVE 60%]3PCS 100g"", ""[SAVE 9K]2PC 100+30g"", ""Set Glow 2PCS"", ""Set Cerah Plus 2PCS"", ""Set Cerah Basic 2PCS"", ""377 MOIST 2PCS"", ""Acne Gel 2pcs"", ""[LIVE DEAL]Bright""]"
Shopee,,id,2026-07-01,809769142,glad2glow-indo,Glad2Glow Official Store,KAB. TANGERANG,55509134650,"[Link]Glad2Glow×GGBaby Special Edition BRIGHTENING LIP SERUM 7g Ready Stock! Mencerahkan, Melembabkan Bibir dengan Warna Natural | Lip tint&Lip care",https://shopee.co.id/product/809769142/55509134650,https://down-id.img.susercontent.com/file/id-11134207-822wl-mnc801zfv28586,"[""https://down-id.img.susercontent.com/file/id-11134207-822wl-mnc801zfv28586""]","[""OFFICIAL_SHOP""]","[""id-11134258-7r98z-lykpu80ygbvs76""]",FSS_new+PromoXtraPlus,id-11134258-822ws-mnciva8io4qu2f,False,False,False,1776667939,57900,159000,57900,64,476041533735198,,,,,,572.0,290.0,4.926136363636363,176,"[0, 0, 2, 9, 165]",[],GLAD2GLOW,3138611,100630,"[100630, 100664, 100900, 101673]",138,LIP SERUM,"[""[Top 1]03-Berry Soda"", ""[NEW]-Cherry pop"", ""[NEW]-Pumpkin Frost"", ""Best Sellers-7PCS"", ""Hot & New Set-5PCS"", ""Hot & New Set-3PCS"", ""hot-01+02+03+04-4PCS"", ""hot-01-2PCS+03-2PCS"", ""2PCS Lebih Cuan-01*2"", ""2PCS Lebih Cuan-03*2"", ""2PCS Lebih Cuan 01+3"", ""01-Shopee Special"", ""01-Strawberry Glaze"", ""02-Peach Pie"", ""04-Pearl Sparkle"", ""01-3PCS"", ""03-3PCS"", ""[NEW]-Grape Jelly"", ""[LIVE DEAL]01*2+03*2"", ""[LIVE DEAL] 03"", ""[LIVE DEAL] 01""]"
Shopee,,id,2026-07-01,809769142,glad2glow-indo,Glad2Glow Official Store,KAB. TANGERANG,46503915754,[New]Glad2Glow Glycolic Acid Facial Wash 70ml Membersihkan & Merawat Kulit 2-in-1 Niacinamide face wash Pencerah Pembersihan micellar Lembut Hidrasi pembersih wajah Melindungi Barrier Kulit Sabun Wajah Cocok Untuk Kulit Sensitif g2glow official store,https://shopee.co.id/product/809769142/46503915754,https://down-id.img.susercontent.com/file/id-11134207-822wl-mpx07onz8flud7,"[""https://down-id.img.susercontent.com/file/id-11134207-822wl-mpx07onz8flud7""]","[""OFFICIAL_SHOP""]","[""id-11134258-7r98z-lykpu80ygbvs76""]",PromoXtraPlusonly,id-11134258-822ws-mnciva8io4qu2f,False,False,False,1766996355,36000,89000,36000,60,476041533735198,,,,,,10000.0,1000.0,4.921993499458289,6461,"[2, 3, 46, 395, 6015]",[],GLAD2GLOW,3138611,100630,"[100630, 100664, 100891]",1728,CLEANSER,"[""[EXTRA 25% OFF]-6pcs"", ""CLEANSER 1PC"", ""[100ML]-1pc"", ""Buy1 Get1 Free-100ML"", ""CLEANSER--3pcs"", ""CLEANSER--5pcs"", ""[NEW] 70ml+100ml"", ""MENCERAHKAN--2PCS"", ""Toner+Cleanser 2pcs""]"
Shopee,,id,2026-07-01,809769142,glad2glow-indo,Glad2Glow Official Store,KAB. TANGERANG,53257417325,"[100ML SAVE 30%]Glad2Glow Centella Salicylic Acid Acne Gel Cleanser facial wash pembersih wajah sabun cuci muka face wash skincare Menenangkan kulit berjerawat dan kemerahan,mengontrol minyak berlebih G2G glad2glow officia store",https://shopee.co.id/product/809769142/53257417325,https://down-id.img.susercontent.com/file/id-11134207-822wt-mm1irf40nklkff,"[""https://down-id.img.susercontent.com/file/id-11134207-822wt-mm1irf40nklkff""]","[""OFFICIAL_SHOP""]","[""id-11134258-7r98z-lykpu80ygbvs76""]",FSS_new+PromoXtraPlus,id-11134258-822ws-mnciva8io4qu2f,False,False,False,1773915419,39000,99000,39000,61,476041533735198,,,,,,3000.0,1000.0,4.905923344947735,1148,"[3, 0, 11, 74, 1060]",[],GLAD2GLOW,3138611,100630,"[100630, 100664, 100891]",165,Anti-Jerawat,"[""[100ml]-ACNE 1pc"", ""3PCS Acne Care"", ""5PCS Acne Care"", ""Set Acne Care 2PCS""]"
Shopee,,id,2026-07-01,809769142,glad2glow-indo,Glad2Glow Official Store,KAB. TANGERANG,28293199566,[Big Size]Glad2Glow Centella Salicylic Acid Acne Gel Cleanser 150ml facial wash skincare face wash sabun cuci muka cleansing balm exfoliating exfoliasi wajah sabun muka pembersih wajah merawat serta membantu menenangkan jerawat,https://shopee.co.id/product/809769142/28293199566,https://down-id.img.susercontent.com/file/id-11134207-822wk-moyul0v1pp1ofe,"[""https://down-id.img.susercontent.com/file/id-11134207-822wk-moyul0v1pp1ofe"", ""https://down-id.img.susercontent.com/file/id-11134207-822wg-moyw16t2x3ws60"", ""https://down-id.img.susercontent.com/file/id-11134207-82252-mg26lnjvhrf294"", ""https://down-id.img.susercontent.com/file/id-11134207-8224r-mg27lbyoscugaa"", ""https://down-id.img.susercontent.com/file/sg-11134201-824jj-mpe1p0v2szcwf4"", ""https://down-id.img.susercontent.com/file/id-11134207-8224o-mg27lbzohmh9f7"", ""https://down-id.img.susercontent.com/file/id-11134207-8224t-mg27lbzoj11p83"", ""https://down-id.img.susercontent.com/file/id-11134207-82251-mg27lbzdrcax6d""]","[""OFFICIAL_SHOP""]","[""id-11134258-7r98z-lykpu80ygbvs76""]",PromoXtraPlusonly,id-11134258-822ws-mnciva8io4qu2f,False,False,False,1760960682,46500,129000,46500,64,476041533735198,,,,,,10000.0,1000.0,4.919629568381016,12096,"[22, 10, 91, 672, 11301]",[],GLAD2GLOW,3138611,100630,"[100630, 100664, 100891]",1720,Anti-Jerawat,"[""Big Size—1PC"", ""Big Size—3PCS"", ""Top1 Club & Perks""]"
Shopee,,id,2026-07-01,809769142,glad2glow-indo,Glad2Glow Official Store,KAB. TANGERANG,40781619061,Glad2Glow Perfect Airbrush Setting Spray -All DAY GLOW SETTINGSPRAY -White Truffle SerumSpray 100ml-All Day Matte Setting Spray -Kunci Makeup 12H Anti Luntur & Kontrol Minyak - Soft Matte Finish Anti Geser Waterproof & Sweatproof-glad2glow offcial,https://shopee.co.id/product/809769142/40781619061,https://down-id.img.susercontent.com/file/id-11134207-822wu-mpj34cey42ku1b,"[""https://down-id.img.susercontent.com/file/id-11134207-822wu-mpj34cey42ku1b""]","[""OFFICIAL_SHOP""]","[""id-11134258-7r98z-lykpu80ygbvs76""]",FSS_new+PromoXtraPlus,id-11134258-822ws-mnciva8io4qu2f,False,False,False,1781165176,69000,99000,69000,30,476041533735198,,,,,,420.0,360.0,4.943548387096774,124,"[0, 0, 0, 7, 117]","[""Produk Baru""]",GLAD2GLOW,3138611,100630,"[100630, 100662, 100881, 101633]",215,SPRAY,"[""Glow  Setting Spray"", ""Airbrush Spray"", ""Matte Setting Spray"", ""Top1 Club & Perks""]"
Shopee,,id,2026-07-01,809769142,glad2glow-indo,Glad2Glow Official Store,KAB. TANGERANG,24597552858,[Big Size]Glad2Glow Blueberry Ceramide Low pH Gel Cleanser 150ml facial wash skincare face wash sabun cuci muka cleansing balm exfoliating exfoliasi wajah sabun muka pembersih wajah Memperbaiki penghalang kulit tetap terhidrasi wajah,https://shopee.co.id/product/809769142/24597552858,https://down-id.img.susercontent.com/file/id-11134207-822wi-mp8u5dzu7z7w88,"[""https://down-id.img.susercontent.com/file/id-11134207-822wi-mp8u5dzu7z7w88"", ""https://down-id.img.susercontent.com/file/id-11134207-822wg-moyw16t2x3ws60"", ""https://down-id.img.susercontent.com/file/id-11134207-81ztl-memdjr2fb0uf4d"", ""https://down-id.img.susercontent.com/file/id-11134207-81ztf-messlohrbrpjc2"", ""https://down-id.img.susercontent.com/file/id-11134207-8224u-mg26lnk0dcek46"", ""https://down-id.img.susercontent.com/file/id-11134207-822wu-moytfn2ymq6nd5"", ""https://down-id.img.susercontent.com/file/id-11134207-8224s-mg26lninlij120"", ""https://down-id.img.susercontent.com/file/id-11134207-8224o-mg26lnikv6rzfd""]","[""OFFICIAL_SHOP""]","[""id-11134258-7r98z-lykpu80ygbvs76""]",PromoXtraPlusonly,id-11134258-822ws-mnciva8io4qu2f,False,False,False,1760959865,57000,129000,57000,56,280770937896960,,,,,,10000.0,1000.0,4.905208073760279,20065,"[63, 30, 160, 1240, 18572]",[],GLAD2GLOW,3138611,100630,"[100630, 100664, 100891]",3505,Cleanser,"[""1PCS Big Size"", ""[save 10K today]2PCS"", ""3PCS Big Size"", ""Top1 Club & Perks""]"
Shopee,,id,2026-07-01,809769142,glad2glow-indo,Glad2Glow Official Store,KAB. TANGERANG,43327781503,[HOT] Glad2Glow Glow Serum Spray 100ml White Truffle Radiance Mencerahkan & Melindungi Skin Barrier Skin Prep Face Glad2Glow Official Store,https://shopee.co.id/product/809769142/43327781503,https://down-id.img.susercontent.com/file/id-11134207-822wg-mpsphe9elhxca8,"[""https://down-id.img.susercontent.com/file/id-11134207-822wg-mpsphe9elhxca8""]","[""OFFICIAL_SHOP""]","[""id-11134258-7r98z-lykpu80ygbvs76""]",FSS_new+PromoXtraPlus,id-11134258-822ws-mnciva8io4qu2f,False,False,False,1767683612,77900,169500,77900,54,476041533735198,,,,,,10000.0,1000.0,4.923693740300052,19330,"[24, 5, 114, 1136, 18051]",[],GLAD2GLOW,3138611,100630,"[100630, 100664, 100896]",11338,serum,"[""Buy5 Get6"", ""[100ML]1PCS"", ""3pcs"", ""5pcs"", ""02 Glowing-2pcs"", ""03 Glowing-2pcs"", ""Spray+Lip 01-2pcs"", ""Spray+Lip 06-2pcs"", ""02 Perfect cover-2pc"", ""[LIVE DEAL] 02-2pc"", ""Top1 Club & Perks"", ""out of stock""]"
Shopee,,id,2026-07-01,809769142,glad2glow-indo,Glad2Glow Official Store,KAB. TANGERANG,55052557973,[Gift+50k/pc!] Glad2Glow BRIGHTENING LIP SERUM 7g  Mencerahkan Melembabkan dan menambahkan warna 3in1  liptint lipstick lipcream &Metal Applicatior cooling sensation Tahan Lama dan Vitamin E danVitamin C Cushion  g2g glad2glow official store,https://shopee.co.id/product/809769142/55052557973,https://down-id.img.susercontent.com/file/id-11134207-822wg-mpwzx5pi4cum37,"[""https://down-id.img.susercontent.com/file/id-11134207-822wg-mpwzx5pi4cum37""]","[""OFFICIAL_SHOP""]","[""id-11134258-7r98z-lykpu80ygbvs76""]",PromoXtraPlusonly,id-11134258-822ws-mnciva8io4qu2f,False,False,False,1764811675,57900,159000,57900,64,476041533735198,,,,,,10000.0,784.0,4.924946170409105,6502,"[12, 8, 48, 320, 6114]",[],GLAD2GLOW,3138611,100630,"[100630, 100664, 100900, 101673]",6668,LIP SERUM,"[""GIFT!Best Value-8pcs"", ""ALL IN SHADES-7pcs"", ""All Hot shades -7pcs"", ""Perfect 4 Shades-7pc"", ""BestValue&All in Set"", ""GIFT!Hot seller-5pcs"", ""GIFT! Top Duo-5pcs"", ""Save More-Lip03*4+06"", ""hot-01+02+03+04-4PCS"", ""hot-01-2PCS+03-2PCS"", ""LIP SERUM-01+03"", ""03-Berry Soda"", ""Top1 Club & Perks"", ""[LIVE DEAL]Lip01*5""]"
Shopee,,id,2026-07-01,809769142,glad2glow-indo,Glad2Glow Official Store,KAB. TANGERANG,48852152348,[NEW LAUNCH] Glad2Glow PORE CLEARING MICELLAR WATER Untuk Semua Kulit Lembut Cepat Menghapus Makeup & Mencerahkan kulit Penghapus Makeup Waterproof Hapus Riasan Tahan  dan Tanpa Iritasi g2glow official store,https://shopee.co.id/product/809769142/48852152348,https://down-id.img.susercontent.com/file/id-11134207-822wr-mmgy0itoo5xgee,"[""https://down-id.img.susercontent.com/file/id-11134207-822wr-mmgy0itoo5xgee"", ""https://down-id.img.susercontent.com/file/id-11134207-8224v-mhis7ug548ao34"", ""https://down-id.img.susercontent.com/file/id-11134207-8224x-mhis7ug55mv474"", ""https://down-id.img.susercontent.com/file/id-11134207-8224x-mhis7ug58g00e8"", ""https://down-id.img.susercontent.com/file/id-11134207-8224x-mhis7ug5b94wc5"", ""https://down-id.img.susercontent.com/file/id-11134207-8224o-mhis7ug5e29sa5"", ""https://down-id.img.susercontent.com/file/id-11134207-8224o-mhis7ug5cnpc66""]","[""OFFICIAL_SHOP""]","[""id-11134258-7r98z-lykpu80ygbvs76""]",FSS_new+PromoXtraPlus,id-11134258-822ws-mnciva8io4qu2f,False,False,False,1764145178,47000,89000,47000,47,476041533735198,,,,,,10000.0,1000.0,4.918753301637612,9465,"[18, 5, 63, 556, 8823]",[],GLAD2GLOW,3138611,100630,"[100630, 100662, 100884]",2743,Makeup Remover,"[""[Big sale] 300ml5PCS"", ""[Hot sale] 300ml5PCS"", ""[60%off] 300ml-3PCS"", ""300ml-2PCS"", ""[Hot]300ml-1PC"", ""230ml-Brightening""]"
Shopee,,id,2026-07-01,809769142,glad2glow-indo,Glad2Glow Official Store,KAB. TANGERANG,57859689025,Glad2Glow All IN ONE MAKEUP REMOVER 60ml Untuk Semua Kulit Lembut cleansing oil Penghapus Makeup Waterproof Hapus Riasan Tahan Air dengan dan Dual-Phase Makeup Melting Solution Tanpa Iritasi untuk Kulit Sensitif dan Berjerawat g2glow official store,https://shopee.co.id/product/809769142/57859689025,https://down-id.img.susercontent.com/file/sg-11134201-820o5-mnmsl23v356s29,"[""https://down-id.img.susercontent.com/file/sg-11134201-820o5-mnmsl23v356s29"", ""https://down-id.img.susercontent.com/file/sg-11134201-820m3-mnmsl2k8oz600d"", ""https://down-id.img.susercontent.com/file/sg-11134201-820mw-mnmsl2s7shs23d"", ""https://down-id.img.susercontent.com/file/sg-11134201-820mn-mnmsl3266dj402"", ""https://down-id.img.susercontent.com/file/sg-11134201-820n3-mnmsl3cj8d8i3e"", ""https://down-id.img.susercontent.com/file/sg-11134201-820oo-mnmsl3mkrxtx10"", ""https://down-id.img.susercontent.com/file/sg-11134201-824gl-mpmk3vogxjb444""]","[""OFFICIAL_SHOP""]","[""id-11134258-7r98z-lykpu80ygbvs76""]",FSS_new+PromoXtraPlus,id-11134258-822ws-mnciva8io4qu2f,False,False,False,1777460634,22000,99000,22000,78,476041533735198,,,,,,712.0,680.0,4.8321678321678325,143,"[0, 2, 1, 16, 124]",[],GLAD2GLOW,3138611,100630,"[100630, 100662, 100884]",165,Makeup Remover,"[""pink 60ml-travel"", ""pink 60ml-travel*2"", ""blue 60ml-travel"", ""blue 60ml-travel*2""]"
Shopee,,id,2026-07-01,809769142,glad2glow-indo,Glad2Glow Official Store,KAB. TANGERANG,46810240565,Hot-Glad2Glow FLAWLESS BLURRING SKIN TINT 30G Concealer Foundation Bedak padat Make up Lightweight Coverage Long-lasting 12-Hour Soft-Focus Flawless Skin oil-control  Bio-Mimetic Film Technology  Care g2glow official store,https://shopee.co.id/product/809769142/46810240565,https://down-id.img.susercontent.com/file/id-11134207-822wl-mo11chgva58h74,"[""https://down-id.img.susercontent.com/file/id-11134207-822wl-mo11chgva58h74""]","[""OFFICIAL_SHOP""]","[""id-11134258-7r98z-lykpu80ygbvs76""]",FSS_new+PromoXtraPlus,id-11134258-822ws-mnciva8io4qu2f,False,False,False,1778323840,55000,159000,55000,65,476041533735198,,,,,,4000.0,1000.0,4.919597989949748,995,"[0, 2, 10, 54, 929]",[],GLAD2GLOW,3138611,100630,"[100630, 100662, 100881, 101628]",575,Cushion,"[""Skintint+Spray-02"", ""Skintint+Spray-03"", ""00 Affogato"", ""01 Buttercream"", ""[HOT]02 Praline"", ""[HOT]03 Custard"", ""04 Ginger"", ""05 Cinnamon"", ""[Save more]02-2PCS"", ""[Save more]03-2PCS"", ""02 Praline+01 lip"", ""03 Custard+01 lip"", ""02 Praline*4+1"", ""03 Custard*4+1""]"
Shopee,,id,2026-07-01,809769142,glad2glow-indo,Glad2Glow Official Store,KAB. TANGERANG,48357124052,[Free Gift-Lip serum] Glad2Glow 8-in-1 Brightening Niacinamide Skincare & Makeup Set:  Glow Serum Spray+Serum+Cleanser+Glow Cushion +Powder+Micellar Water,https://shopee.co.id/product/809769142/48357124052,https://down-id.img.susercontent.com/file/id-11134207-81ztg-mq4eqb1gv20w29,"[""https://down-id.img.susercontent.com/file/id-11134207-81ztg-mq4eqb1gv20w29""]","[""OFFICIAL_SHOP""]","[""id-11134258-7r98z-lykpu80ygbvs76""]",FSS_new+PromoXtraPlus,id-11134258-822ws-mnciva8io4qu2f,False,False,False,1773303256,454500,556500,454500,18,476041533735198,,,,,,1000.0,315.0,4.912396694214876,605,"[0, 0, 6, 41, 558]",[],GLAD2GLOW,3138611,100630,"[100630, 100665]",633,combo,"[""Brightening Set-01"", ""Brightening Set-02"", ""PDRN Set-01"", ""PDRN Set-02""]"
Shopee,,id,2026-07-01,809769142,glad2glow-indo,Glad2Glow Official Store,KAB. TANGERANG,48150998499,[KHUSUS MEMBER]Glad2Glow Pomegranate Niacinamide Brightening Moisturizer,https://shopee.co.id/product/809769142/48150998499,https://down-id.img.susercontent.com/file/id-11134207-8224z-mgrxv1zqwxl9f9,"[""https://down-id.img.susercontent.com/file/id-11134207-8224z-mgrxv1zqwxl9f9"", ""https://down-id.img.susercontent.com/file/id-11134207-8224t-mgrxv1zqzqq5f7"", ""https://down-id.img.susercontent.com/file/id-11134207-82251-mgrxv1zr2jv17b"", ""https://down-id.img.susercontent.com/file/id-11134207-8224z-mgrxv1zr5czxdd"", ""https://down-id.img.susercontent.com/file/id-11134207-8224v-mgrxv1zr3yfh39"", ""https://down-id.img.susercontent.com/file/id-11134207-82252-mgrxv1zr15al4a""]","[""OFFICIAL_SHOP""]","[""id-11134258-7r98z-lykpu80ygbvs76""]",FSS_new+PromoXtraPlus,id-11134258-822ws-mnciva8io4qu2f,False,False,False,1762518035,100000,100000,100000,,0,,,,,,658.0,305.0,4.6310160427807485,187,"[11, 1, 1, 20, 154]",[],GLAD2GLOW,3138611,100630,"[100630, 100664, 100893]",203,Moisturizer,"[""1PC""]"
Shopee,,id,2026-07-01,809769142,glad2glow-indo,Glad2Glow Official Store,KAB. TANGERANG,29270135197,[2PCS SAVE MORE]GLAD2GLOW Mugwort Salicylic Acid Acne Clear Micellar Water 300ml For Acne-Prone Skin Dan Oil-Control Hydrating Jerawat Control Membersihkan Makeup Waterproof g2glow official store,https://shopee.co.id/product/809769142/29270135197,https://down-id.img.susercontent.com/file/id-11134207-82251-mio2zz4142rs54,"[""https://down-id.img.susercontent.com/file/id-11134207-82251-mio2zz4142rs54"", ""https://down-id.img.susercontent.com/file/id-11134207-8224o-mjz1r2qtmubmb7"", ""https://down-id.img.susercontent.com/file/id-11134207-7ra0s-mb6ghkhu6of26d"", ""https://down-id.img.susercontent.com/file/id-11134207-7rasc-m3kb8u17pf4q73"", ""https://down-id.img.susercontent.com/file/id-11134207-7rasa-m3kb8u17v1ei01"", ""https://down-id.img.susercontent.com/file/id-11134207-7rasj-m3kb8u17qtp63f"", ""https://down-id.img.susercontent.com/file/id-11134207-7rbk9-m8bx527k3m0o83""]","[""OFFICIAL_SHOP""]","[""id-11134258-7r98z-lykpu80ygbvs76""]",PromoXtraPlusonly,id-11134258-822ws-mnciva8io4qu2f,False,False,False,1733726084,47900,109000,47900,56,476041533735198,,,,,,10000.0,1000.0,4.898238032926569,32861,"[101, 33, 334, 2173, 30220]",[],GLAD2GLOW,3138611,100630,"[100630, 100662, 100884]",7648,Micellar Water,"[""[50%OFF]2PCS-Acne"", ""1PC-Acne"", ""3PCS-Acne""]"
Shopee,,id,2026-07-01,809769142,glad2glow-indo,Glad2Glow Official Store,KAB. TANGERANG,41223358185,Glad2Glow Yuja Symwhite 377 Dark Spot Moisturizer 100g menghilangkan bekas jerawat brightening night cream day cream Hilangkan Flek & Tenangkan Kulit Skincare Pelembab Esensi Wajah Perawatan Kulit Pelembab g2g,https://shopee.co.id/product/809769142/41223358185,https://down-id.img.susercontent.com/file/id-11134207-8224p-mgw333a82a6j7e,"[""https://down-id.img.susercontent.com/file/id-11134207-8224p-mgw333a82a6j7e"", ""https://down-id.img.susercontent.com/file/id-11134207-81ztj-mfmg9q4v2wi386"", ""https://down-id.img.susercontent.com/file/id-11134207-81zth-mfmg9q4v03d774"", ""https://down-id.img.susercontent.com/file/id-11134207-81ztp-mfmg9q4uyosr6c"", ""https://down-id.img.susercontent.com/file/id-11134207-81ztl-mfmg9q4v1hxn69"", ""https://down-id.img.susercontent.com/file/id-11134207-81ztk-mfmg9q4uxa8bcc""]","[""OFFICIAL_SHOP""]","[""id-11134258-7r98z-lykpu80ygbvs76""]",FSS_new+PromoXtraPlus,id-11134258-822ws-mnciva8io4qu2f,False,False,False,1760007074,107900,199000,107900,46,476041533735198,,,,,,2000.0,281.0,4.936410256410256,975,"[2, 1, 0, 51, 921]","[""Add-on Deal""]",GLAD2GLOW,3138611,100630,"[100630, 100664, 100893]",463,377 MOIST,"[""[EXTRA DISC 20%]3PCS"", ""377 Moist 1PC 100g"", ""377 Moist 2PCS"", ""DARK SPOT SET 2PCS"", ""[LIVE DEAL]1pc""]"
Shopee,,id,2026-07-01,809769142,glad2glow-indo,Glad2Glow Official Store,KAB. TANGERANG,21429166155,Glad2Glow Centella Salicylic Acid Power Acne Serum skincare serum wajah Eksfoliasi Wajah skincare bpom essence Anti jerawat skincare Menyamarkan bekas jerawat Menenangkan kulit g2glow official store,https://shopee.co.id/product/809769142/21429166155,https://down-id.img.susercontent.com/file/id-11134207-822wu-mmtrusbbozcw26,"[""https://down-id.img.susercontent.com/file/id-11134207-822wu-mmtrusbbozcw26""]","[""OFFICIAL_SHOP""]","[""id-11134258-7r98z-lykpu80ygbvs76""]",PromoXtraPlusonly,id-11134258-822ws-mnciva8io4qu2f,False,False,False,1659091052,39900,79000,39900,49,476041533735198,,,,,,10000.0,1000.0,4.85858923331687,68844,"[234, 191, 801, 6624, 60994]",[],GLAD2GLOW,3138611,100630,"[100630, 100664, 100896]",24732,Acne Serum,"[""[EXTRA DISC 20%]5PCS"", ""1PC-Acne Serum"", ""2PCS-Acne Serum"", ""2PCS-Acne Care"", ""2PCS-Acne Care 2"", ""3PCS-Acne Serum"", ""1PC-Flash Sale"", ""[LIVE DEAL]-ACNE 1PC"", ""[LIVE DEAL]-ACNE 3PC""]"
Shopee,,id,2026-07-01,809769142,glad2glow-indo,Glad2Glow Official Store,KAB. TANGERANG,43429510165,[100g NEW LAUNCH]Glad2Glow Advanced Mugwort Acne Gel Mask 100g Masker Wajah Masker Komedo dan Pori Pori Wajah Masker Mask Sleeping Mask Mugwort Hijau Gel Masker,https://shopee.co.id/product/809769142/43429510165,https://down-id.img.susercontent.com/file/id-11134207-822wu-mm8qmaayqt51b0,"[""https://down-id.img.susercontent.com/file/id-11134207-822wu-mm8qmaayqt51b0"", ""https://down-id.img.susercontent.com/file/id-11134207-822wr-mpki8rwx75du82"", ""https://down-id.img.susercontent.com/file/id-11134207-822wt-mm8qmaaz92ira3"", ""https://down-id.img.susercontent.com/file/id-11134207-822wg-mm8qmaaz7nybf8"", ""https://down-id.img.susercontent.com/file/id-11134207-822wj-mm8qmaazeosje4"", ""https://down-id.img.susercontent.com/file/id-11134207-822wo-mm8qmaaz69dved""]","[""OFFICIAL_SHOP""]","[""id-11134258-7r98z-lykpu80ygbvs76""]",FSS_new+PromoXtraPlus,id-11134258-822ws-mnciva8io4qu2f,False,False,False,1774431806,56000,129000,56000,57,476041533735198,,,,,,1000.0,500.0,4.895833333333333,384,"[1, 0, 2, 32, 349]",[],GLAD2GLOW,3138611,100630,"[100630, 100664, 100898]",194,Clay Stick,"[""1PC"", ""[60% OFF]3PCS-Mask"", ""[70% OFF]5PCS-Mask"", ""ANTI-ACNE-2pcs"", ""MASK+SERUM-2PCS"", ""Buy2 Get1 Free""]"
Shopee,,id,2026-07-01,809769142,glad2glow-indo,Glad2Glow Official Store,KAB. TANGERANG,57552811859,Glad2Glow Madagascar Centella Light Cleansing Oil 200ml micellar water pembersih wajah Penghapus riasan lembut tanpa iritasi Menghapus riasan tahan air dengan cepat dan menyegarkan muka wajah g2glow official store,https://shopee.co.id/product/809769142/57552811859,https://down-id.img.susercontent.com/file/id-11134207-822wi-ml94cn76ppmqa7,"[""https://down-id.img.susercontent.com/file/id-11134207-822wi-ml94cn76ppmqa7""]","[""OFFICIAL_SHOP""]","[""id-11134258-7r98z-lykpu80ygbvs76""]",PromoXtraPlusonly,id-11134258-822ws-mnciva8io4qu2f,False,False,False,1765265385,69000,199000,69000,65,476041533735198,,,,,,6000.0,845.0,4.9353993889131385,2291,"[3, 2, 12, 106, 2168]","[""Add-on Deal""]",GLAD2GLOW,3138611,100630,"[100630, 100662, 100884]",1500,size,"[""Save More-200ml"", ""Paket Hemat-200ml*2"", ""Clean Oil -300ml"", ""Paket Hemat-600ml""]"
Shopee,,id,2026-07-01,809769142,glad2glow-indo,Glad2Glow Official Store,KAB. TANGERANG,44503289989,[ New Launch ] GLAD2GLOW NIACINAMIDE BODY SERUM BODY LOTION 10X Cerah Instant Absorb Whiten Tone Up All Day Bright Glow pemutih badan dengan parfum tahan lama Long Lasting Fragrance Handbody Body Cream Butter G2Glow Official Store,https://shopee.co.id/product/809769142/44503289989,https://down-id.img.susercontent.com/file/id-11134207-8224s-mjw78a8wlaf421,"[""https://down-id.img.susercontent.com/file/id-11134207-8224s-mjw78a8wlaf421""]","[""OFFICIAL_SHOP""]","[""id-11134258-7r98z-lykpu80ygbvs76""]",PromoXtraPlusonly,id-11134258-822ws-mnciva8io4qu2f,False,False,False,1766054938,37900,98000,37900,61,476041533735198,,,,,,6000.0,1000.0,4.934139784946237,2232,"[2, 2, 9, 115, 2104]",[],GLAD2GLOW,3138611,100630,"[100630, 102002, 102007]",1660,BODY SERUM,"[""1 PC-Glow Body Serum"", ""2PCS-Glow Body Serum"", ""[LIVE DEAL] 1PC Glow""]"
Shopee,,id,2026-07-01,809769142,glad2glow-indo,Glad2Glow Official Store,KAB. TANGERANG,50653226025,[BUY 3 SAVE 10.5k!TRAVEL&TRIAL! ] Glad2Glow PORE CLEARING MICELLAR WATER&BRIGHTENING MICELLAR WATER Cepat Menghapus Makeup & Mencerahkan kulit Penghapus Makeup Waterproof Hapus Riasan Tahan dan Tanpa Iritasi g2glow official store,https://shopee.co.id/product/809769142/50653226025,https://down-id.img.susercontent.com/file/id-11134207-822wm-mmgy0itopkhw0d,"[""https://down-id.img.susercontent.com/file/id-11134207-822wm-mmgy0itopkhw0d"", ""https://down-id.img.susercontent.com/file/id-11134207-8224w-micvowv008p4f8"", ""https://down-id.img.susercontent.com/file/id-11134207-8224p-micvowuzw0zs28"", ""https://down-id.img.susercontent.com/file/id-11134207-8224z-micvowuzumfcea"", ""https://down-id.img.susercontent.com/file/sg-11134201-824ji-mpl1x0khmv4f40"", ""https://down-id.img.susercontent.com/file/id-11134207-8224q-micfpw5pnock49"", ""https://down-id.img.susercontent.com/file/id-11134207-8224z-micfpw5pp2x05e"", ""https://down-id.img.susercontent.com/file/id-11134207-8224u-micfpw5pqhhg06""]","[""OFFICIAL_SHOP""]","[""id-11134258-7r98z-lykpu80ygbvs76""]",PromoXtraPlusonly,id-11134258-822ws-mnciva8io4qu2f,False,False,False,1765964668,32000,89000,32000,64,476041533735198,,,,,,8000.0,765.0,4.918279569892473,2790,"[5, 2, 20, 162, 2601]","[""Add-on Deal""]",GLAD2GLOW,3138611,100630,"[100630, 100662, 100884]",1257,Makeup Remover,"[""[HOT]Brightening"", ""Pore Clearing"", ""2PC-Pore Clearing""]"
Shopee,,id,2026-07-01,809769142,glad2glow-indo,Glad2Glow Official Store,KAB. TANGERANG,56102197568,[NEW]Glad2glow Perfect Vita C Bright Glow Cleanser Vita C Cleanser 3in1 Brightening facial wash skincare face wash g2g,https://shopee.co.id/product/809769142/56102197568,https://down-id.img.susercontent.com/file/id-11134207-822wr-mmhejf2zxs7916,"[""https://down-id.img.susercontent.com/file/id-11134207-822wr-mmhejf2zxs7916"", ""https://down-id.img.susercontent.com/file/id-11134207-822wg-moyw16t2x3ws60"", ""https://down-id.img.susercontent.com/file/id-11134207-82252-mhjzhfi1aqys6f"", ""https://down-id.img.susercontent.com/file/sg-11134201-824i7-mpmix1t10ob397"", ""https://down-id.img.susercontent.com/file/id-11134207-8224u-mhjzhfhvwwlib2"", ""https://down-id.img.susercontent.com/file/id-11134207-8224w-mhjzhfk5tam844"", ""https://down-id.img.susercontent.com/file/id-11134207-822wr-moyw16t3dypsaa"", ""https://down-id.img.susercontent.com/file/id-11134207-8224o-mhjzhfk5rw1sed""]","[""OFFICIAL_SHOP""]","[""id-11134258-7r98z-lykpu80ygbvs76""]",PromoXtraPlusonly,id-11134258-822ws-mnciva8io4qu2f,False,False,False,1764216302,33000,99000,33000,67,476041533735198,,,,,,10000.0,1000.0,4.921299188007495,4803,"[11, 3, 30, 265, 4494]","[""Add-on Deal""]",Glad2Glow Official Store,3990929,100630,"[100630, 100664, 100891]",1493,Cleanser,"[""1PC VITA C Cleanser"", ""2PCS Vita C Cleanser"", ""3PCS Vita C Cleanser"", ""5PCS Vita C Cleanser"", ""Set  VITA C 4PCS"", ""Set  VITA C 3PCS""]"
Shopee,,id,2026-07-01,809769142,glad2glow-indo,Glad2Glow Official Store,KAB. TANGERANG,48402536224,[TONE UP SET]Glad2Glow Niacinamide Brightening Tone Up Cream 4in1 bundle cerah Moisturizer  pemutih wajah day&Night Cream whitening cream skincare Mencerahkan warna kulit halus g2glow official store,https://shopee.co.id/product/809769142/48402536224,https://down-id.img.susercontent.com/file/id-11134207-822wp-mmqx6ssjkx6p6d,"[""https://down-id.img.susercontent.com/file/id-11134207-822wp-mmqx6ssjkx6p6d""]","[""OFFICIAL_SHOP""]","[""id-11134258-7r98z-lykpu80ygbvs76""]",PromoXtraPlusonly,id-11134258-822ws-mnciva8io4qu2f,False,False,False,1764742948,68875,129000,68875,47,931791142240256,,,,,,10000.0,1000.0,4.9037756202804745,4635,"[8, 1, 42, 327, 4257]",[],GLAD2GLOW,3138611,100630,"[100630, 100665]",1633,SET,"[""4PCS Instant Glow 03"", ""4PCS Instant Glow 01"", ""4PCS Out Instan Glow"", ""4PCS Tone Up Set-01"", ""4PCS Tone Up Set-03"", ""4PCS Brightening Set"", ""2PCS Tone Up  Set-01"", ""2PCS Brightening Set"", ""2PCS Cerah Set"", ""[LIVE DEAL]Tone Up01"", ""[LIVE DEAL]Tone Up03""]"
Shopee,,id,2026-07-01,809769142,glad2glow-indo,Glad2Glow Official Store,KAB. TANGERANG,40619026889,[SET REPAIR&GLOWING]Glad2Glow Glowing&Sehat&Lembap Bundle 4in1-Blueberry Moisturizer+Cerah Krim+Brightening Serum+Pulihkan cleanser+eksfoliasi Toner-skincare Beauty Sets&Packages cream pemutih wajah facial wash eksfoliasi wajah peeling,https://shopee.co.id/product/809769142/40619026889,https://down-id.img.susercontent.com/file/id-11134207-8224t-mh6zkiuem9laaa,"[""https://down-id.img.susercontent.com/file/id-11134207-8224t-mh6zkiuem9laaa""]","[""OFFICIAL_SHOP""]","[""id-11134258-7r98z-lykpu80ygbvs76""]",FSS_new+PromoXtraPlus,id-11134258-822ws-mnciva8io4qu2f,False,False,False,1757922260,77400,179000,77400,57,476041533735198,,,,,,10000.0,708.0,4.916180150125104,7194,"[13, 6, 32, 469, 6674]",[],GLAD2GLOW,3138611,100630,"[100630, 100665]",1677,REPAIR&GLOW,"[""4IN1 SET(TONER)"", ""4IN1 Bright Cream"", ""4IN1 SET(MOIST)"", ""3IN1 SET(PEELING)"", ""3IN1 SET(GLOWING)"", ""2IN1 REPAIR&GLOW"", ""[LIVE DEAL]4IN1 SET"", ""[LIVE DEAL]2IN1""]"
Shopee,,id,2026-07-01,809769142,glad2glow-indo,Glad2Glow Official Store,KAB. TANGERANG,51450958596,Glad2Glow Day & Night Cleanser Set-Niacinamide Serum Facial Wash/Milk Amino Acid Gentle Cleanser/Volcanic Ash+BHA Deep Pore Clean Facial Cleanser/-Instant Glow Brightening facial wash skincare face wash sabun cuci muka Control Oil g2g official store,https://shopee.co.id/product/809769142/51450958596,https://down-id.img.susercontent.com/file/id-11134207-8224q-mik0vhmxu0p396,"[""https://down-id.img.susercontent.com/file/id-11134207-8224q-mik0vhmxu0p396"", ""https://down-id.img.susercontent.com/file/id-11134207-822ws-moteebyw42z247"", ""https://down-id.img.susercontent.com/file/id-11134207-8224u-mik0vhmxvf9j87"", ""https://down-id.img.susercontent.com/file/id-11134207-8224u-mik0vhmxwttz34"", ""https://down-id.img.susercontent.com/file/id-11134207-8224u-mik0vhmxy8ef17"", ""https://down-id.img.susercontent.com/file/id-11134207-8224y-mik0vhmxzmyv0a"", ""https://down-id.img.susercontent.com/file/id-11134207-8224y-mik0vhmy3uo7a5"", ""https://down-id.img.susercontent.com/file/id-11134207-8224r-mik0vhmy2g3r46"", ""https://down-id.img.susercontent.com/file/id-11134207-8224z-mik0vhmy598n70""]","[""OFFICIAL_SHOP""]","[""id-11134258-7r98z-lykpu80ygbvs76""]",PromoXtraPlusonly,id-11134258-822ws-mnciva8io4qu2f,False,False,False,1762497333,71900,199000,71900,64,476041533735198,,,,,,7000.0,676.0,4.923835954363244,3243,"[5, 1, 21, 182, 3034]","[""Add-on Deal""]",GLAD2GLOW,3138611,100630,"[100630, 100664, 100891]",1141,Cleanser Combo,"[""Day & Night Set 1"", ""Day & Night Set 2""]"
Shopee,,id,2026-07-01,809769142,glad2glow-indo,Glad2Glow Official Store,KAB. TANGERANG,58154516903,Glad2Glow B5 5% Panthenol 2% Niacinamide Barrier Boosting Gel Moisturizer 30ML/50ML Pro-Vitamin B5 Pelembap Skin Barrier Semua Jenis Kulit Redakan Kemerahan Jerawat Aman Untuk Jerawat Acne Brightening Hydration,https://shopee.co.id/product/809769142/58154516903,https://down-id.img.susercontent.com/file/id-11134207-822wu-mpwzcifhaole68,"[""https://down-id.img.susercontent.com/file/id-11134207-822wu-mpwzcifhaole68""]","[""OFFICIAL_SHOP""]","[""id-11134258-7r98z-lykpu80ygbvs76""]",FSS_new+PromoXtraPlus,id-11134258-822ws-mnciva8io4qu2f,False,False,False,1768207427,82900,199000,82900,58,476041533735198,,,,,,10000.0,1000.0,4.928467419002549,5494,"[9, 2, 34, 283, 5166]",[],GLAD2GLOW,3138611,100630,"[100630, 100664, 100893]",4307,Peeling,"[""[Diskon!] Gel 50ml"", ""[HOT]Day&Night"", ""B5 Gel 50ml 2PCS"", ""Oil Control Set"", ""[Gel]Buy5 Get1Free"", ""[Cream]Buy5 Get1Free"", ""B5 Day&Night Set"", ""B5 Panthenol Gel 1PC"", ""B5 Panthenol Gel3PCS"", ""B5 CICA Cream 1 PC"", ""B5 Panthenol Gel5PCS"", ""B5  Cream 50ml 1PCS"", ""[LIVE DEAL]2in1""]"
Shopee,,id,2026-07-01,809769142,glad2glow-indo,Glad2Glow Official Store,KAB. TANGERANG,43375172010,"Glad2glow Set Deep Cleaning& Repair 3lN1,Deep Pore Clean Facial Wash+Peeling Solution Serum+Blueberry 5% Ceramide Moisturizer,Pembersih Wajah Charcoa Volcanic Soil BHA Salicylic Acid,Eksfoliasi Wajah 60S Menghaluskan Kulit,Repair Barrier Pulihkan skincare",https://shopee.co.id/product/809769142/43375172010,https://down-id.img.susercontent.com/file/id-11134207-8224w-mi58kdx7szye4e,"[""https://down-id.img.susercontent.com/file/id-11134207-8224w-mi58kdx7szye4e"", ""https://down-id.img.susercontent.com/file/id-11134207-822wl-mp3bmsebry0yb3"", ""https://down-id.img.susercontent.com/file/id-11134207-8224t-mi58kdx7ueiub0"", ""https://down-id.img.susercontent.com/file/id-11134207-82251-mg3hp2klrkzwcc"", ""https://down-id.img.susercontent.com/file/id-11134207-8224p-mi58kdx7vt3ac6"", ""https://down-id.img.susercontent.com/file/id-11134207-8224p-mi5dsu7snx8i72"", ""https://down-id.img.susercontent.com/file/id-11134207-8224p-mi5dsu7i1urs69"", ""https://down-id.img.susercontent.com/file/id-11134207-8224w-mi5dsu7flczq98"", ""https://down-id.img.susercontent.com/file/id-11134207-8224t-mi5dsu7f5wqu00""]","[""OFFICIAL_SHOP""]","[""id-11134258-7r98z-lykpu80ygbvs76""]",FSS_new+PromoXtraPlus,id-11134258-822ws-mnciva8io4qu2f,False,False,False,1760955326,115400,199000,115400,42,476041533735198,,,,,,10000.0,357.0,4.900295925335762,4393,"[11, 5, 44, 291, 4042]","[""Add-on Deal""]",GLAD2GLOW,3138611,100630,"[100630, 100665]",1544,Set Repair 3PC,"[""Set Repair 3PCS"", ""Set Glowing 3PCS"", ""Peeling Solution 1PC""]"
Shopee,,id,2026-07-01,809769142,glad2glow-indo,Glad2Glow Official Store,KAB. TANGERANG,42870015565,[KHUSUS MEMBER]GLAD2GLOW Tremella Panthenol Sensitive Care Micellar Water-300ml,https://shopee.co.id/product/809769142/42870015565,https://down-id.img.susercontent.com/file/id-11134207-81ztl-metv8urn1wxu0f,"[""https://down-id.img.susercontent.com/file/id-11134207-81ztl-metv8urn1wxu0f"", ""https://down-id.img.susercontent.com/file/id-11134207-8224t-mj83fjenrklcad"", ""https://down-id.img.susercontent.com/file/id-11134207-81ztm-metv8urpwge923"", ""https://down-id.img.susercontent.com/file/id-11134207-81ztm-metv8uty08ap9e"", ""https://down-id.img.susercontent.com/file/id-11134207-81ztf-metv8utqbif408"", ""https://down-id.img.susercontent.com/file/id-11134207-81ztp-metv8us2tedj35"", ""https://down-id.img.susercontent.com/file/id-11134207-81ztl-metv8urm1e6e93""]","[""OFFICIAL_SHOP""]","[""id-11134258-7r98z-lykpu80ygbvs76""]",PromoXtraPlusonly,id-11134258-822ws-mnciva8io4qu2f,False,False,False,1758275893,39000,100000,39000,61,476041533735198,,,,,,1000.0,453.0,4.972350230414746,434,"[0, 0, 1, 10, 423]",[],GLAD2GLOW,3138611,100630,"[100630, 100662, 100884]",178,Micellar Water,"[""1PC-Calm""]"
Shopee,,id,2026-07-01,809769142,glad2glow-indo,Glad2Glow Official Store,KAB. TANGERANG,51902826015,[New]Glad2Glow All Day Matte Setting Spray Make up Flawless | 12H Tahan Lama | Soft Matte Finish | Powder Shield Oil Control Tech | Kontrol Minyak | Skin tint & Lip serum Set | g2g Glad2Glow Official Store,https://shopee.co.id/product/809769142/51902826015,https://down-id.img.susercontent.com/file/id-11134207-82251-mi5a7ol4un0i89,"[""https://down-id.img.susercontent.com/file/id-11134207-82251-mi5a7ol4un0i89"", ""https://down-id.img.susercontent.com/file/id-11134207-82251-mi11e0z2t8u8d9"", ""https://down-id.img.susercontent.com/file/id-11134207-8224s-mhzp0t274yrn38"", ""https://down-id.img.susercontent.com/file/id-11134207-8224q-mi11e0z2qfpc12"", ""https://down-id.img.susercontent.com/file/id-11134207-8224s-mhzp0t2725mrc6"", ""https://down-id.img.susercontent.com/file/id-11134207-82251-mhzp0t276dc385"", ""https://down-id.img.susercontent.com/file/id-11134207-8224v-mi02bzcgr668ed""]","[""OFFICIAL_SHOP""]","[""id-11134258-7r98z-lykpu80ygbvs76""]",PromoXtraPlusonly,id-11134258-822ws-mnciva8io4qu2f,False,False,False,1765279188,112955,399000,112955,72,931791142240256,,,,,,2000.0,172.0,4.927189988623436,879,"[1, 1, 3, 51, 823]","[""Add-on Deal""]",GLAD2GLOW,3138611,100630,"[100630, 100662, 100881, 101633]",1490,Colour code,"[""SET SKIN-02+LIP01"", ""SET SKIN-03+LIP01"", ""SKINTINT-02+LIP01"", ""SKINTINT-03+LIP01"", ""100ML+Skintint-02"", ""100ML+Skintint-03"", ""100ML+2IN1-02+LIP"", ""100ML+2IN1-03+LIP"", ""100ML+2IN1-02"", ""100ML+2IN1-03""]"
Shopee,,id,2026-07-01,809769142,glad2glow-indo,Glad2Glow Official Store,KAB. TANGERANG,42723371159,Glad2Glow Kiwi 3D Acid Acne Moisturizer 100g Jerawat Mencerahkan Penuaan Hilangkan Flek & Tenangkan Kulit Skincare Pelembab Esensi Wajah Perawatan Kulit Pelembab Wajah g2glow official store,https://shopee.co.id/product/809769142/42723371159,https://down-id.img.susercontent.com/file/id-11134207-81ztl-mfmfxqiwsr2h35,"[""https://down-id.img.susercontent.com/file/id-11134207-81ztl-mfmfxqiwsr2h35"", ""https://down-id.img.susercontent.com/file/id-11134207-82252-mh1fch7ijuo800"", ""https://down-id.img.susercontent.com/file/id-11134207-81zth-mfmfxqiwu5mx82"", ""https://down-id.img.susercontent.com/file/id-11134207-81zto-mfmg9q4tlix5d4"", ""https://down-id.img.susercontent.com/file/sg-11134201-824he-mphbtggvbaby9d"", ""https://down-id.img.susercontent.com/file/id-11134207-81zth-mfmfxqiwwyrt09""]","[""OFFICIAL_SHOP""]","[""id-11134258-7r98z-lykpu80ygbvs76""]",PromoXtraPlusonly,id-11134258-822ws-mnciva8io4qu2f,False,False,False,1760006399,100000,199000,100000,50,476041533735198,,,,,,3000.0,567.0,4.948737566947208,1307,"[0, 0, 3, 61, 1243]","[""Add-on Deal""]",GLAD2GLOW,3138611,100630,"[100630, 100664, 100893]",407,MOISTURIZER,"[""[EXTRA DISC 20%]3PCS"", ""Acne Moist 1PC"", ""Acne Moist 2PCS"", ""Acne Care Set 2PCS"", ""Acne Care Set 3PCS"", ""Moist&Cleanser 2PCS"", ""[LIVE DEAL]1pc""]"
Shopee,,id,2026-07-01,809769142,glad2glow-indo,Glad2Glow Official Store,KAB. TANGERANG,42126203734,[KHUSUS MEMBER]Glad2Glow Peeling Solution Serum,https://shopee.co.id/product/809769142/42126203734,https://down-id.img.susercontent.com/file/id-11134207-82252-mgry87rlv11q48,"[""https://down-id.img.susercontent.com/file/id-11134207-82252-mgry87rlv11q48"", ""https://down-id.img.susercontent.com/file/id-11134207-8224p-mgry87rl1j4c0d"", ""https://down-id.img.susercontent.com/file/id-11134207-8224o-mgrxv1zr864t3c"", ""https://down-id.img.susercontent.com/file/id-11134207-8224o-mgry87rgsf7ua5"", ""https://down-id.img.susercontent.com/file/id-11134207-8224y-mgry87rh7vgr78"", ""https://down-id.img.susercontent.com/file/id-11134207-8224r-mgry87rl04jwf1"", ""https://down-id.img.susercontent.com/file/id-11134207-8224x-mgep056p064r9d""]","[""OFFICIAL_SHOP""]","[""id-11134258-7r98z-lykpu80ygbvs76""]",FSS_new+PromoXtraPlus,id-11134258-822ws-mnciva8io4qu2f,False,False,False,1762518221,100000,100000,100000,,0,,,,,,663.0,282.0,4.895927601809955,221,"[1, 0, 0, 19, 201]",[],GLAD2GLOW,3138611,100630,"[100630, 100664, 100896]",221,Serum,"[""1PC""]"
Shopee,,id,2026-07-01,809769142,glad2glow-indo,Glad2Glow Official Store,KAB. TANGERANG,48752787269,Glad2Glow All Day Matte Setting Spray Make up Flawless | 12H Tahan Lama | Soft Matte Finish | Powder Shield Oil Control Tech | Kontrol Minyak | Skin tint & Lip serum Set | g2g Glad2Glow Official Store,https://shopee.co.id/product/809769142/48752787269,https://down-id.img.susercontent.com/file/id-11134207-822wr-mp8rjnw1ou82eb,"[""https://down-id.img.susercontent.com/file/id-11134207-822wr-mp8rjnw1ou82eb""]","[""OFFICIAL_SHOP""]","[""id-11134258-7r98z-lykpu80ygbvs76""]",PromoXtraPlusonly,id-11134258-822ws-mnciva8io4qu2f,False,False,False,1765189439,69000,139000,69000,50,476041533735198,,,,,,10000.0,1000.0,4.921526853084776,11265,"[10, 5, 85, 659, 10506]",[],GLAD2GLOW,3138611,100630,"[100630, 100662, 100881, 101633]",10002,Colour code,"[""100ML-Trial"", ""Airbrush  Spray-1PC"", ""100ML-5PCS+lip"", ""100ML-2PCS"", ""SAVE MORE-100ML-3PCS"", ""Airbrush  Spray-3PC"", ""SAVE MORE-100ML-5PCS"", ""Airbrush  Spray-5PC"", ""Lip-03&100ML"", ""Lip-01&100ML"", ""Airbrush +Matte"", ""SKINTINT-02+100ML"", ""Cushion-02+100ML"", ""SKINTINT-03+100ML"", ""Cushion-03+100ML"", ""[LIVE DEAL]-100ml"", ""[LIVE DEAL]-3pcs""]"
Shopee,,id,2026-07-01,809769142,glad2glow-indo,Glad2Glow Official Store,KAB. TANGERANG,41381802204,Glad2Glow Perfect Blur&Cover Loose Powder oil control Finishing Kontrol Minyak Tahan Lama Anti Luntur Halus Sempurna & Cover Tinggi bedak padat bedak tabur two way cake cushion foundation setting spray make up g2g glad2glow official store,https://shopee.co.id/product/809769142/41381802204,https://down-id.img.susercontent.com/file/id-11134207-822wq-mpuo93ycmsxu1d,"[""https://down-id.img.susercontent.com/file/id-11134207-822wq-mpuo93ycmsxu1d"", ""https://down-id.img.susercontent.com/file/id-11134207-822wp-mpllg7zrqyhb34"", ""https://down-id.img.susercontent.com/file/id-11134207-822wn-mpuo93ycjzsy40"", ""https://down-id.img.susercontent.com/file/id-11134207-822wp-mpuo93ycledeea"", ""https://down-id.img.susercontent.com/file/sg-11134201-8259f-mq2mbk9hrhu3fb"", ""https://down-id.img.susercontent.com/file/id-11134207-822wo-mpuo93yco7ia57"", ""https://down-id.img.susercontent.com/file/id-11134207-822wn-mpuo93ycpm2q25"", ""https://down-id.img.susercontent.com/file/id-11134207-822wo-mpuo93ycsf7m1b""]","[""OFFICIAL_SHOP""]","[""id-11134258-7r98z-lykpu80ygbvs76""]",FSS_new+PromoXtraPlus,id-11134258-822ws-mnciva8io4qu2f,False,False,False,1781748050,144000,199000,144000,28,471733710885097,,,,,,15.0,14.0,5.0,3,"[0, 0, 0, 0, 3]","[""Produk Baru""]",GLAD2GLOW,3138611,100630,"[100630, 100662, 100881, 101630]",40,Colour code,"[""Powder-2pcs"", ""Powder-3pcs"", ""Powder-5+1"", ""Loose powder8g-2pcs"", ""Loose powder8g-3pcs"", ""Loose powder8g-B5G1"", ""Loose powder20g-2pcs"", ""Loose powder20g-3pcs"", ""Loose powder20g-B5G1"", ""mini Powder-2pcs"", ""mini Powder-3pcs"", ""mini Powder-B5G1""]"
Shopee,,id,2026-07-01,809769142,glad2glow-indo,Glad2Glow Official Store,KAB. TANGERANG,24442098701,GLAD2GLOW Tremella Vita B5 Sensitive Calming Moisturizer | Gel Day & Night Cream Skincare g2g Pelembab Wajah Pemutih Wajah Mencerahkan g2glow official store,https://shopee.co.id/product/809769142/24442098701,https://down-id.img.susercontent.com/file/id-11134207-7ra0r-mb6jr038wrvo13,"[""https://down-id.img.susercontent.com/file/id-11134207-7ra0r-mb6jr038wrvo13"", ""https://down-id.img.susercontent.com/file/id-11134207-7rbk9-m6uzdak25qwc8c"", ""https://down-id.img.susercontent.com/file/id-11134207-7rbka-m6uzdak24cbw94"", ""https://down-id.img.susercontent.com/file/id-11134207-7rbk5-m6uzdak21j70f1"", ""https://down-id.img.susercontent.com/file/id-11134207-7rbke-m6uzdak28k183a"", ""https://down-id.img.susercontent.com/file/id-11134207-7rbka-m6uzdak29ylod3""]","[""OFFICIAL_SHOP""]","[""id-11134258-7r98z-lykpu80ygbvs76""]",PromoXtraPlusonly,id-11134258-822ws-mnciva8io4qu2f,False,False,False,1740909661,131000,299000,131000,56,476041533735198,,,,,,10000.0,795.0,4.915587967183227,5485,"[4, 5, 37, 358, 5081]",[],GLAD2GLOW,3138611,100630,"[100630, 100664, 100893]",3810,SENSITIVE,"[""SENSITIVE MOIST"", ""Moisturizer-3pcs"", ""Moisturizer-2pcs"", ""SENSITIVE 2in1"", ""SENSITIVE 3in1"", ""Sensitive 2PCS"", ""Moist & Glow Serum"", ""SENSITIVE 1PC-fs""]"
Shopee,,id,2026-07-01,809769142,glad2glow-indo,Glad2Glow Official Store,KAB. TANGERANG,50511536654,Glad2Glow Brightening Micellar Water 300ml Untuk Semua Kulit Lembut Cepat Menghapus Makeup & Mencerahkan kulit Penghapus Makeup Waterproof Hapus Riasan Tahan  dan Tanpa Iritasi g2glow official store,https://shopee.co.id/product/809769142/50511536654,https://down-id.img.susercontent.com/file/id-11134207-822wu-mozd4tanipduf5,"[""https://down-id.img.susercontent.com/file/id-11134207-822wu-mozd4tanipduf5"", ""https://down-id.img.susercontent.com/file/id-11134207-822wo-mozd4tanhate12"", ""https://down-id.img.susercontent.com/file/id-11134207-822wt-mozd4tanfw8y7d""]","[""OFFICIAL_SHOP""]","[""id-11134258-7r98z-lykpu80ygbvs76""]",FSS_new+PromoXtraPlus,id-11134258-822ws-mnciva8io4qu2f,False,False,False,1780401117,213500,319000,213500,33,476041533735198,,,,,,15.0,15.0,0.0,0,"[0, 0, 0, 0, 0]","[""Produk Baru""]",GLAD2GLOW,3138611,100630,"[100630, 100662, 100884]",10,Makeup Remover,"[""[Gift-pore clear]5PC""]"
Shopee,,id,2026-07-01,809769142,glad2glow-indo,Glad2Glow Official Store,KAB. TANGERANG,57909001846,[ New Launch! ]GLAD2GLOW CLEAN IT ALL CLEANSING BALM 80g Cleansing oil | Micellar water|  Makeup remover- Hapus Makeup Lumer 1 Detik - Anti Kusam & Tanpa Perih -g2g official store,https://shopee.co.id/product/809769142/57909001846,https://down-id.img.susercontent.com/file/id-11134207-822wj-mnw8n2vvdq0xe5,"[""https://down-id.img.susercontent.com/file/id-11134207-822wj-mnw8n2vvdq0xe5""]","[""OFFICIAL_SHOP""]","[""id-11134258-7r98z-lykpu80ygbvs76""]",FSS_new+PromoXtraPlus,id-11134258-822ws-mnciva8io4qu2f,False,False,False,1776414909,77000,129000,77000,40,476041533735198,,,,,,2000.0,972.0,4.965827338129497,556,"[0, 0, 1, 17, 538]",[],GLAD2GLOW,3138611,100630,"[100630, 100662, 100884]",1307,Makeup Remover,"[""[ New launch!]1PC"", ""3PC"", ""Special Gift 5pcs"", ""5PC"", ""High Cover+Balm-02"", ""High Cover+Balm-03"", ""Glow Cushion+Balm-02"", ""Glow Cushion+Balm-03"", ""2In1 cushion+Balm-02"", ""2In1 cushion+Balm-03"", ""Skin Tint+Balm-02"", ""Skin Tint+Balm-03""]"
Shopee,,id,2026-07-01,809769142,glad2glow-indo,Glad2Glow Official Store,KAB. TANGERANG,45308822576,[LINK]Glad2Glow Perfect Cover Cushion Foundation Waterproof Make Up Setting Concealer BB Cream Tahan Lama Hingga 12 Jam Hasil Akhir Glowing Dan Menyatu Dengan Warna Kulit Tekstur Ringan Di Wajah g2glow official store,https://shopee.co.id/product/809769142/45308822576,https://down-id.img.susercontent.com/file/id-11134207-822wt-mogr4ac386x7ab,"[""https://down-id.img.susercontent.com/file/id-11134207-822wt-mogr4ac386x7ab""]","[""OFFICIAL_SHOP""]","[""id-11134258-7r98z-lykpu80ygbvs76""]",FSS_new+PromoXtraPlus,id-11134258-822ws-mnciva8io4qu2f,False,False,False,1776163094,97900,999999999,97900,99,476041533735198,,,,,,25.0,6.0,5.0,5,"[0, 0, 0, 0, 5]",[],GLAD2GLOW,3138611,100630,"[100630, 100662, 100881, 101628]",21,Cushion,"[""03 Custard-hot sale""]"
Shopee,,id,2026-07-01,809769142,glad2glow-indo,Glad2Glow Official Store,KAB. TANGERANG,55202206676,Glad2Glow Perfect Cover Glow Cushion 3in1 Set - Brightening serum& Coverage Tinggi & Glowing 12Jam g2g Official store,https://shopee.co.id/product/809769142/55202206676,https://down-id.img.susercontent.com/file/id-11134207-822wh-mlptu7y21fr77f,"[""https://down-id.img.susercontent.com/file/id-11134207-822wh-mlptu7y21fr77f""]","[""OFFICIAL_SHOP""]","[""id-11134258-7r98z-lykpu80ygbvs76""]",FSS_new+PromoXtraPlus,id-11134258-822ws-mnciva8io4qu2f,False,False,False,1764228678,165400,399000,165400,59,476041533735198,,,,,,4000.0,781.0,4.806803594351733,1558,"[28, 10, 21, 117, 1382]",[],GLAD2GLOW,3138611,100630,"[100630, 100665]",964,GLOWSET,"[""Glow 3PC-Set"", ""Glow 2PC-Set"", ""[For Gifting]GlowSet""]"
Shopee,,id,2026-07-01,809769142,glad2glow-indo,Glad2Glow Official Store,KAB. TANGERANG,53308986174,[JADI MEMBER! SETIAP SENIN DAPATKAN HARGA TERBAIK]Glad2Glow Pomegranate Niacinamide Brightening Moisturizer Mencerahkan Pemutih Kulit Gel&Pomegranate Niacinamide Power Bright White Serum skincare peeling serum,https://shopee.co.id/product/809769142/53308986174,https://down-id.img.susercontent.com/file/id-11134207-822wp-mn54dc7wit52bc,"[""https://down-id.img.susercontent.com/file/id-11134207-822wp-mn54dc7wit52bc"", ""https://down-id.img.susercontent.com/file/id-11134207-822wt-mn54dc7wlm9y7f"", ""https://down-id.img.susercontent.com/file/id-11134207-822wu-mn54dc7wn0ue98""]","[""OFFICIAL_SHOP""]","[""id-11134258-7r98z-lykpu80ygbvs76""]",FSS_new+PromoXtraPlus,id-11134258-822ws-mnciva8io4qu2f,False,False,False,1776392533,77900,77900,77900,,0,,,,,,1000.0,387.0,4.940874035989717,389,"[0, 0, 2, 19, 368]",[],GLAD2GLOW,3138611,100630,"[100630, 100665]",217,RENEW SET,"[""2PCS Glowing""]"
Shopee,,id,2026-07-01,809769142,glad2glow-indo,Glad2Glow Official Store,KAB. TANGERANG,49252294295,GLAD2GLOW PERFECT VITA C BRIGHT GLOW SERUM 17ml Antioksidan Ekstrak Tangerine  Serum Pencerah Kulit,https://shopee.co.id/product/809769142/49252294295,https://down-id.img.susercontent.com/file/id-11134207-8224r-mhludgpkcv0mb4,"[""https://down-id.img.susercontent.com/file/id-11134207-8224r-mhludgpkcv0mb4"", ""https://down-id.img.susercontent.com/file/id-11134207-822ws-moteebyw42z247"", ""https://down-id.img.susercontent.com/file/id-11134207-822wq-moteebyw2oema5"", ""https://down-id.img.susercontent.com/file/id-11134207-8224v-mhludgpjxerk5a"", ""https://down-id.img.susercontent.com/file/id-11134207-82251-mhludgpkihae6b"", ""https://down-id.img.susercontent.com/file/id-11134207-8224w-mhludgpke9l2d9"", ""https://down-id.img.susercontent.com/file/id-11134207-8224z-mhludgpkh2pyea"", ""https://down-id.img.susercontent.com/file/id-11134207-8224r-mhludgpkjvuuca"", ""https://down-id.img.susercontent.com/file/id-11134207-8224x-mhludgpkfo5i45""]","[""OFFICIAL_SHOP""]","[""id-11134258-7r98z-lykpu80ygbvs76""]",PromoXtraPlusonly,id-11134258-822ws-mnciva8io4qu2f,False,False,False,1764327910,39000,109000,39000,64,476041533735198,,,,,,9000.0,875.0,4.920766590389016,3496,"[5, 0, 21, 215, 3255]","[""Add-on Deal""]",Glad2Glow Official Store,3990929,100630,"[100630, 100664, 100896]",1160,vc serum,"[""VC Serum 1pc"", ""VC Serum 2pcs"", ""VC Serum 3pcs"", ""Antioksidan 2pcs"", ""Antioksidan 3pcs""]"
Shopee,,id,2026-07-01,809769142,glad2glow-indo,Glad2Glow Official Store,KAB. TANGERANG,28343930753,[KHUSUS MEMBER]Glad2Glow Tone Up Brightening Cream 30g,https://shopee.co.id/product/809769142/28343930753,https://down-id.img.susercontent.com/file/id-11134207-8224s-mix0iio541z93b,"[""https://down-id.img.susercontent.com/file/id-11134207-8224s-mix0iio541z93b"", ""https://down-id.img.susercontent.com/file/id-11134207-8224o-mix0iio9k6pz14"", ""https://down-id.img.susercontent.com/file/id-11134207-8224v-mix0iio9llaf85""]","[""OFFICIAL_SHOP""]","[""id-11134258-7r98z-lykpu80ygbvs76""]",FSS_new+PromoXtraPlus,id-11134258-822ws-mnciva8io4qu2f,False,False,False,1767183269,100000,100000,100000,,0,,,,,,392.0,241.0,4.891666666666667,120,"[1, 0, 2, 5, 112]",[],GLAD2GLOW,3138611,100630,"[100630, 100664, 100893]",102,Serum,"[""1PC""]"
Shopee,,id,2026-07-01,809769142,glad2glow-indo,Glad2Glow Official Store,KAB. TANGERANG,57905983411,GLAD2GLOW B5-CICA BARRIER CREAM 30ml Pelembab Wajahdengan Pro Vitamin B5 Panthenol danCentella Asiatica Menenangkan &Memperkuat Kulit Kemerahan Sensitif KeringSkincare 3-in-1 Cream Meleleh Ringan TidakLengket Semua Jenis,https://shopee.co.id/product/809769142/57905983411,https://down-id.img.susercontent.com/file/id-11134207-822wr-moevfyappa1bde,"[""https://down-id.img.susercontent.com/file/id-11134207-822wr-moevfyappa1bde""]","[""OFFICIAL_SHOP""]","[""id-11134258-7r98z-lykpu80ygbvs76""]",FSS_new+PromoXtraPlus,id-11134258-822ws-mnciva8io4qu2f,False,False,False,1770617330,43900,88000,43900,50,476041533735198,,,,,,2000.0,349.0,4.904988123515439,842,"[4, 0, 9, 46, 783]",[],GLAD2GLOW,3138611,100630,"[100630, 100664, 100893]",913,variant,"[""1pc"", ""3pcs"", ""5pcs"", ""50ml 1pcs""]"
Shopee,,id,2026-07-01,809769142,glad2glow-indo,Glad2Glow Official Store,KAB. TANGERANG,55705269616,[Cuma 50k/pc + Disc 20%]Glad2Glow FLAWLESS BLURRING SKIN TINT 30G Concealer Foundation Bedak padat Make up Lightweight Coverage Long-lasting 12-Hour Soft-Focus Flawless Skin oil-control Bio-Mimetic Film Technology Care g2glow official store,https://shopee.co.id/product/809769142/55705269616,https://down-id.img.susercontent.com/file/id-11134207-8224q-mjw3ua3xh4w0e3,"[""https://down-id.img.susercontent.com/file/id-11134207-8224q-mjw3ua3xh4w0e3""]","[""OFFICIAL_SHOP""]","[""id-11134258-7r98z-lykpu80ygbvs76""]",PromoXtraPlusonly,id-11134258-822ws-mnciva8io4qu2f,False,False,False,1769311108,57900,99000,57900,42,476041533735198,,,,,,5000.0,184.0,4.931120851596744,1599,"[2, 2, 8, 80, 1507]",[],GLAD2GLOW,3138611,100630,"[100630, 100662, 100881, 101628]",1383,Cushion,"[""4PCS Paket Hemat-00"", ""4PCS Promo Terbaik"", ""[FAVORIT]4PCS-02"", ""[FAVORIT]4PCS-03"", ""4PCS-04 Ginger"", ""4PCS-05 Cinnamon"", ""02-2PCS+lip-03-2PCS"", ""03-2PCS+lip-03-2PCS"", ""HOT-02"", ""HOT-03"", ""02 Praline*4+1"", ""03 Custard*4+1""]"
Shopee,,id,2026-07-01,809769142,glad2glow-indo,Glad2Glow Official Store,KAB. TANGERANG,28853495832,Glad2Glow peeling gel Apricot Glycolic Acid Exfo Smooth Eksfoliasi peeling produk yang mampu mengangkat sel kulit mati  Komedo Kotoran Scrub Wajah Extract g2glow official store,https://shopee.co.id/product/809769142/28853495832,https://down-id.img.susercontent.com/file/id-11134207-8224z-mft19zfgp6a729,"[""https://down-id.img.susercontent.com/file/id-11134207-8224z-mft19zfgp6a729"", ""https://down-id.img.susercontent.com/file/id-11134207-8224x-mj2eva516qdhe7"", ""https://down-id.img.susercontent.com/file/id-11134207-7r98r-lwtsukkp2f5a9c"", ""https://down-id.img.susercontent.com/file/id-11134207-7r98u-lwtsukkp2f0t92"", ""https://down-id.img.susercontent.com/file/id-11134207-7r98w-lwtsukkp2esb7b"", ""https://down-id.img.susercontent.com/file/id-11134207-7r992-lwtsukkp2fbya4"", ""https://down-id.img.susercontent.com/file/id-11134207-7r98o-lwtsukkp2ffw9a"", ""https://down-id.img.susercontent.com/file/id-11134207-7r98t-lwtsukkp2ey288""]","[""OFFICIAL_SHOP""]","[""id-11134258-7r98z-lykpu80ygbvs76""]",PromoXtraPlusonly,id-11134258-822ws-mnciva8io4qu2f,False,False,False,1719045483,47900,99000,47900,52,476041533735198,,,,,,10000.0,1000.0,4.853309970979576,36531,"[120, 89, 467, 3677, 32178]",[],GLAD2GLOW,3138611,100630,"[100630, 100664, 100897]",21262,peeling gel,"[""1pc"", ""2pcs"", ""[ Diskon 15% ]3pcs""]"
Shopee,,id,2026-07-01,809769142,glad2glow-indo,Glad2Glow Official Store,KAB. TANGERANG,45102580489,"[Travelling] Glad2Glow 4 in 1 Flawless Makeup Set, 2in1 Perfect Pair Cushion Powder Foundation + Brightening Lip Serum 7g Mencerahkan, Melembabkan + 3-in-1 Liptint + Brightening Micellar Water 230 mL g2glow official store",https://shopee.co.id/product/809769142/45102580489,https://down-id.img.susercontent.com/file/id-11134207-8224w-mi2yafofrqwz3b,"[""https://down-id.img.susercontent.com/file/id-11134207-8224w-mi2yafofrqwz3b""]","[""OFFICIAL_SHOP""]","[""id-11134258-7r98z-lykpu80ygbvs76""]",PromoXtraPlusonly,id-11134258-822ws-mnciva8io4qu2f,False,False,False,1764819114,201780,299000,201780,33,931791142240256,,,,,,2000.0,179.0,4.916970802919708,1096,"[1, 1, 11, 62, 1021]","[""Add-on Deal""]",GLAD2GLOW,3138611,100630,"[100630, 100665]",815,combo,"[""2IN1-02+LIP 01+MW"", ""2IN1-03+LIP 01+MW"", ""2IN1-02+LIP 01"", ""2IN1-03+LIP 01""]"
Shopee,,id,2026-07-01,809769142,glad2glow-indo,Glad2Glow Official Store,KAB. TANGERANG,49204012647,[KHUSUS MEMBER]Glad2Glow Niacinamide Serum Facial Wash Brightening,https://shopee.co.id/product/809769142/49204012647,https://down-id.img.susercontent.com/file/id-11134207-8224s-mix0iio9oefb80,"[""https://down-id.img.susercontent.com/file/id-11134207-8224s-mix0iio9oefb80"", ""https://down-id.img.susercontent.com/file/id-11134207-8224u-mix0iio9pszr66"", ""https://down-id.img.susercontent.com/file/id-11134207-82250-mix0iio9r7k7e3""]","[""OFFICIAL_SHOP""]","[""id-11134258-7r98z-lykpu80ygbvs76""]",PromoXtraPlusonly,id-11134258-822ws-mnciva8io4qu2f,False,False,False,1767183442,100000,100000,100000,,0,,,,,,304.0,171.0,4.98,100,"[0, 0, 0, 2, 98]",[],GLAD2GLOW,3138611,100630,"[100630, 100664, 100893]",65,Serum,"[""1PC""]"
Shopee,,id,2026-07-01,809769142,glad2glow-indo,Glad2Glow Official Store,KAB. TANGERANG,27070128649,GLAD2GLOW PERFECT VITA C BRIGHT GLOW MICELLAR WATER 300ml Pembersih Wajah Make Up Remover Cleansing Water Mencerahkan Dark Spot Membersihkan makeup waterproof dan kotoran Memberikan rasa lembab dan mencerahkan kulit kusam,https://shopee.co.id/product/809769142/27070128649,https://down-id.img.susercontent.com/file/id-11134207-822wl-mmty6jmycged79,"[""https://down-id.img.susercontent.com/file/id-11134207-822wl-mmty6jmycged79"", ""https://down-id.img.susercontent.com/file/id-11134207-8224v-mhsqlbwurpj617"", ""https://down-id.img.susercontent.com/file/id-11134207-82252-mhuemm86wo3lf2""]","[""OFFICIAL_SHOP""]","[""id-11134258-7r98z-lykpu80ygbvs76""]",PromoXtraPlusonly,id-11134258-822ws-mnciva8io4qu2f,False,False,False,1733726417,47900,99000,47900,52,476041533735198,,,,,,10000.0,809.0,4.910599188350441,8378,"[16, 12, 58, 533, 7759]",[],GLAD2GLOW,3138611,100630,"[100630, 100662, 100884]",2688,VITAMIN C,"[""130ml-Travel&Trial"", ""230ml-1PC"", ""300ml-1PCS"", ""2PCS-300ml"", ""3PCS-300ml"", ""5PCS-300ml"", ""130ml+300ml"", ""130ml+300ml*3""]"
Shopee,,id,2026-07-01,809769142,glad2glow-indo,Glad2Glow Official Store,KAB. TANGERANG,47902284839,GLAD2GLOW PERFECT VITA C BRIGHT GLOW MOISTURIZER vitamin c Mencerahkan Pemutih Kulit Gel Pelembab Bercahaya Krim Siang dan Malam Ekstrak Delima Asam Lemak Asam Delima Pelembab Esensi Wajah Perawatan g2glow official store,https://shopee.co.id/product/809769142/47902284839,https://down-id.img.susercontent.com/file/id-11134207-8224v-mhludgpkpi4m8b,"[""https://down-id.img.susercontent.com/file/id-11134207-8224v-mhludgpkpi4m8b"", ""https://down-id.img.susercontent.com/file/id-11134207-8224v-mhluqq3vu6m99a"", ""https://down-id.img.susercontent.com/file/id-11134207-8224p-mhluqq3xfrwg66"", ""https://down-id.img.susercontent.com/file/sg-11134201-824i4-mpjpeef88emkb5"", ""https://down-id.img.susercontent.com/file/id-11134207-8224r-mhluqq49x9mqfa""]","[""OFFICIAL_SHOP""]","[""id-11134258-7r98z-lykpu80ygbvs76""]",PromoXtraPlusonly,id-11134258-822ws-mnciva8io4qu2f,False,False,False,1764328440,47900,109000,47900,56,476041533735198,,,,,,10000.0,1000.0,4.899883810999225,5164,"[24, 4, 35, 339, 4762]","[""Add-on Deal""]",GLAD2GLOW,3138611,100630,"[100630, 100664, 100893]",1948,VC Moisturizer,"[""VC Moisturizer 1pc"", ""VC Moisturizer 2pcs"", ""VC Moisturizer 3pcs"", ""Antioksidan 2pcs"", ""Antioksidan 3pcs"", ""Antioksidan 4pcs"", ""Antioksidan&Clean""]"
Shopee,,id,2026-07-01,809769142,glad2glow-indo,Glad2Glow Official Store,KAB. TANGERANG,56205985876,Glad2Glow Perfect Cover Cushion Foundation High coverage&Tahan Lama Hingga 12 Jam g2g official store,https://shopee.co.id/product/809769142/56205985876,https://down-id.img.susercontent.com/file/id-11134207-822wi-mlxei6eumxan41,"[""https://down-id.img.susercontent.com/file/id-11134207-822wi-mlxei6eumxan41""]","[""OFFICIAL_SHOP""]","[""id-11134258-7r98z-lykpu80ygbvs76""]",FSS_new+PromoXtraPlus,id-11134258-822ws-mnciva8io4qu2f,False,False,False,1770606840,149000,299000,149000,50,476041533735198,,,,,,10000.0,147.0,4.928438414471934,3759,"[3, 1, 22, 210, 3523]",[],GLAD2GLOW,3138611,100630,"[100630, 100662, 100881, 101628]",2161,SET,"[""Matte dan Dewy"", ""Matte Cushion+Refill"", ""Glow Cushion+Refill""]"
Shopee,,id,2026-07-01,809769142,glad2glow-indo,Glad2Glow Official Store,KAB. TANGERANG,45500753312,[NEW LAUNCH] Glad2Glow FLAWLESS BLURRING SKIN TINT 30G+ BRIGHTENING LIP SERUM 7g Mencerahkan Melembabkan 3in1 liptint  Foundation Bedak padat Make up Lightweight Coverage Long-lasting 12-Hour Soft-Focus Flawless Skin oil-control g2glow official store,https://shopee.co.id/product/809769142/45500753312,https://down-id.img.susercontent.com/file/id-11134207-8224r-mikzvrm2se0x71,"[""https://down-id.img.susercontent.com/file/id-11134207-8224r-mikzvrm2se0x71"", ""https://down-id.img.susercontent.com/file/id-11134207-822wr-moteywdafabm98"", ""https://down-id.img.susercontent.com/file/id-11134207-8224v-mgm67lhh1y4ue7"", ""https://down-id.img.susercontent.com/file/id-11134207-82252-mgm67lhhbs3y9a"", ""https://down-id.img.susercontent.com/file/id-11134207-8224x-mgm67lhh3cpad4"", ""https://down-id.img.susercontent.com/file/id-11134207-8224y-mgm67lhh4r9q18"", ""https://down-id.img.susercontent.com/file/id-11134207-82251-mgm67lhhadji94"", ""https://down-id.img.susercontent.com/file/id-11134207-8224w-mgm67lhh65u6cf""]","[""OFFICIAL_SHOP""]","[""id-11134258-7r98z-lykpu80ygbvs76""]",FSS_new+PromoXtraPlus,id-11134258-822ws-mnciva8io4qu2f,False,False,False,1762169302,103930,299000,103930,65,931791142240256,,,,,,6000.0,202.0,4.939514524472742,2513,"[0, 0, 16, 120, 2377]","[""Add-on Deal""]",GLAD2GLOW,3138611,100630,"[100630, 100662, 100881, 101628]",2959,Warna,"[""02 Praline+01"", ""03 Custard+01"", ""02 Praline+03"", ""03 Custard+03""]"
Shopee,,id,2026-07-01,809769142,glad2glow-indo,Glad2Glow Official Store,KAB. TANGERANG,56803564499,[HOT!BUY 3 SAVE 10.5K!] Glad2Glow BRIGHTENING MICELLAR WATER Cepat Menghapus Makeup & Mencerahkan kulit Penghapus Makeup Waterproof Hapus Riasan Tahan dan Tanpa Iritasi g2glow official store,https://shopee.co.id/product/809769142/56803564499,https://down-id.img.susercontent.com/file/id-11134207-8224q-mi11e0z2nmkg17,"[""https://down-id.img.susercontent.com/file/id-11134207-8224q-mi11e0z2nmkg17"", ""https://down-id.img.susercontent.com/file/id-11134207-8224w-micvowv008p4f8"", ""https://down-id.img.susercontent.com/file/id-11134207-8224p-micvowuzw0zs28"", ""https://down-id.img.susercontent.com/file/id-11134207-8224z-micvowuzumfcea"", ""https://down-id.img.susercontent.com/file/sg-11134201-824ji-mpl1x0khmv4f40"", ""https://down-id.img.susercontent.com/file/id-11134207-8224v-mimxabj4v2tk5d""]","[""OFFICIAL_SHOP""]","[""id-11134258-7r98z-lykpu80ygbvs76""]",FSS_new+PromoXtraPlus,id-11134258-822ws-mnciva8io4qu2f,False,False,False,1766572575,37900,99000,37900,62,476041533735198,,,,,,3000.0,330.0,4.909816440542698,1253,"[2, 2, 3, 93, 1153]","[""Add-on Deal""]",GLAD2GLOW,3138611,100630,"[100630, 100662, 100884]",416,Makeup Remover,"[""HOT-Brightening230ml"", ""Travel&Trial-130ml""]"
Shopee,,id,2026-07-01,809769142,glad2glow-indo,Glad2Glow Official Store,KAB. TANGERANG,40074160523,[NEW LAUNCH]Glad2Glow All IN ONE MAKEUP REMOVER Untuk Semua Kulit Lembut cleansing oil Micellar water Penghapus Makeup Waterproof Hapus Riasan Tahan Air dengan dan Dual-Phase Makeup Melting Solution Tanpa Iritasi untuk Kulit Sensitif g2glow official store,https://shopee.co.id/product/809769142/40074160523,https://down-id.img.susercontent.com/file/id-11134207-8224s-mfxbuk4x5ki088,"[""https://down-id.img.susercontent.com/file/id-11134207-8224s-mfxbuk4x5ki088""]","[""OFFICIAL_SHOP""]","[""id-11134258-7r98z-lykpu80ygbvs76""]",PromoXtraPlusonly,id-11134258-822ws-mnciva8io4qu2f,False,False,False,1760442271,29000,129000,29000,78,476041533735198,,,,,,9000.0,1000.0,4.944585448392555,2364,"[1, 2, 8, 105, 2248]","[""Add-on Deal""]",GLAD2GLOW,3138611,100630,"[100630, 100662, 100884]",2088,Makeup Remover,"[""[40%off]150ml-3PCS"", ""150ml-2PCS"", ""150ml-1PC"", ""150m+300ml""]"
Shopee,,id,2026-07-01,809769142,glad2glow-indo,Glad2Glow Official Store,KAB. TANGERANG,52610001656,[New Launch]Glad2Glow Perfect Airbrush Setting Spray 100ml - Kunci Makeup 12H Anti Luntur & Kontrol Minyak - Soft Matte Finish Anti Geser Waterproof & Sweatproof-glad2glow offical,https://shopee.co.id/product/809769142/52610001656,https://down-id.img.susercontent.com/file/id-11134207-822wl-mpx0d7b9rkzlb1,"[""https://down-id.img.susercontent.com/file/id-11134207-822wl-mpx0d7b9rkzlb1""]","[""OFFICIAL_SHOP""]","[""id-11134258-7r98z-lykpu80ygbvs76""]",FSS_new+PromoXtraPlus,id-11134258-822ws-mnciva8io4qu2f,False,False,False,1778057928,69000,139000,69000,50,476041533735198,,,,,,5000.0,1000.0,4.900549115314216,1639,"[5, 2, 15, 107, 1510]",[],GLAD2GLOW,3138611,100630,"[100630, 100662, 100881, 101633]",1458,Colour code,"[""[Save more!]3PC"", ""[Trial]1PC"", ""[Save more]2PC"", ""BUY5GET6"", ""[Gift+Save more]3PCS"", ""Skin Tint-02+Spray"", ""Skin Tint-03+Spray"", ""[Glow Set]Lip06"", ""Top1 Club & Perks"", ""out of stock-1"", ""out of stock-2""]"
Shopee,,id,2026-07-01,809769142,glad2glow-indo,Glad2Glow Official Store,KAB. TANGERANG,24192367557,Glad2Glow Yuzu Aha Blackhead Exfoliating Cleanser facial wash skincare face wash sabun cuci muka cleansing balm exfoliating exfoliasi wajah sabun muka pembersih wajah Yuzu Aha Blackhead Exfoliating Cleanser  g2glow official store,https://shopee.co.id/product/809769142/24192367557,https://down-id.img.susercontent.com/file/id-11134207-82251-mhpy75ar7sp40c,"[""https://down-id.img.susercontent.com/file/id-11134207-82251-mhpy75ar7sp40c"", ""https://down-id.img.susercontent.com/file/id-11134207-822wg-moyw16t2x3ws60"", ""https://down-id.img.susercontent.com/file/id-11134207-7rbka-maunf19g4rjf8f"", ""https://down-id.img.susercontent.com/file/id-11134207-7rbk8-maunf19gadt758"", ""https://down-id.img.susercontent.com/file/id-11134207-7rbk2-maunf19gbsdn45"", ""https://down-id.img.susercontent.com/file/id-11134207-7rbk1-maunf19gelij68"", ""https://down-id.img.susercontent.com/file/id-11134207-7rbk3-maunf19g7kobbf""]","[""OFFICIAL_SHOP""]","[""id-11134258-7r98z-lykpu80ygbvs76""]",PromoXtraPlusonly,id-11134258-822ws-mnciva8io4qu2f,False,False,False,1741317361,34000,89000,34000,62,476041533735198,,,,,,10000.0,1000.0,4.890534449452672,23295,"[41, 20, 210, 1906, 21118]",[],GLAD2GLOW,3138611,100630,"[100630, 100664, 100891]",8799,Eksfoliasi,"[""1PC-Exfoliating"", ""2PC-Exfoliating"", ""3PCS-Exfoliating"", ""5PCS-Exfoliating"", ""2PCS Clean & Glowing""]"
Shopee,,id,2026-07-01,809769142,glad2glow-indo,Glad2Glow Official Store,KAB. TANGERANG,40877444059,[NEW LAUNCH] Glad2Glow FLAWLESS Perfect Cushion+ BRIGHTENING LIP SERUM 7g Mencerahkan Melembabkan 3in1 liptint Foundation Bedak padat Make up Lightweight Coverage Long-lasting 12-Hour Soft-Focus Flawless Skin oil-control g2glow official store,https://shopee.co.id/product/809769142/40877444059,https://down-id.img.susercontent.com/file/id-11134207-8224r-milair4l1ibl7c,"[""https://down-id.img.susercontent.com/file/id-11134207-8224r-milair4l1ibl7c""]","[""OFFICIAL_SHOP""]","[""id-11134258-7r98z-lykpu80ygbvs76""]",PromoXtraPlusonly,id-11134258-822ws-mnciva8io4qu2f,False,False,False,1766480277,139555,299000,139555,53,931791142240256,,,,,,1000.0,93.0,4.946009389671362,426,"[0, 0, 1, 21, 404]",[],GLAD2GLOW,3138611,100630,"[100630, 100662, 100881, 101628]",344,combo,"[""Cushion 02 + Lip 01"", ""Cushion 02 + Lip 03"", ""Cushion 03 + Lip 01"", ""Cushion 03 + Lip 03""]"
Shopee,,id,2026-07-01,809769142,glad2glow-indo,Glad2Glow Official Store,KAB. TANGERANG,43426829042,[NEW]GLAD2GLOW PERFECT VITA C BRIGHT GLOW TONER G2G Toner 3in1 Function Bright Toner Kulit Tampak Cerah Brightening Even Skin Tone Hydrating Glad2Glow Official,https://shopee.co.id/product/809769142/43426829042,https://down-id.img.susercontent.com/file/id-11134207-82252-mhl9qxnuf7yaa0,"[""https://down-id.img.susercontent.com/file/id-11134207-82252-mhl9qxnuf7yaa0"", ""https://down-id.img.susercontent.com/file/id-11134207-822wi-motc6mbtrv9p9f"", ""https://down-id.img.susercontent.com/file/id-11134207-822wg-motbzcpo7klnd5"", ""https://down-id.img.susercontent.com/file/id-11134207-8224t-mhl9qxnr81dtc3"", ""https://down-id.img.susercontent.com/file/id-11134207-8224r-mhl9qxnscruu2c"", ""https://down-id.img.susercontent.com/file/id-11134207-8224s-mhl9qxnugmiq41"", ""https://down-id.img.susercontent.com/file/id-11134207-8224u-mhl9qxnse6faca""]","[""OFFICIAL_SHOP""]","[""id-11134258-7r98z-lykpu80ygbvs76""]",FSS_new+PromoXtraPlus,id-11134258-822ws-mnciva8io4qu2f,False,False,False,1764293555,39000,90000,39000,57,476041533735198,,,,,,1000.0,199.0,4.934027777777778,576,"[2, 0, 2, 26, 546]",[],GLAD2GLOW,3138611,100630,"[100630, 100664, 100892]",161,Vita C Toner,"[""1 PC"", ""2 PCS"", ""3 PCS"", ""5 PCS""]"
Shopee,,id,2026-07-01,809769142,glad2glow-indo,Glad2Glow Official Store,KAB. TANGERANG,46103531817,"[Free Gift+Extra Disc]Glad2Glow 8 IN 1 Super Glow Skincare & Makeup Set: Brightening Micellar Water+Moisturizer+Toner+Milk Cleanser+Peeling Serum+Flawless Skin Tint+Perfect Blurring Powder|Kulit Cerah, Glowing&Halus Sepanjang Hari",https://shopee.co.id/product/809769142/46103531817,https://down-id.img.susercontent.com/file/id-11134207-822wq-mlmxe111v6kl69,"[""https://down-id.img.susercontent.com/file/id-11134207-822wq-mlmxe111v6kl69""]","[""OFFICIAL_SHOP""]","[""id-11134258-7r98z-lykpu80ygbvs76""]",FSS_new+PromoXtraPlus,id-11134258-822ws-mnciva8io4qu2f,False,False,False,1766482214,315400,499000,315400,37,931791142240256,,,,,,2000.0,133.0,4.872746553552492,943,"[6, 2, 13, 64, 858]",[],GLAD2GLOW,3138611,100630,"[100630, 100665]",868,combo,"[""Skintint+TWC-02"", ""Skintint+TWC-03"", ""Skintint+Powder-02"", ""Skintint+Powder-03""]"
Shopee,,id,2026-07-01,809769142,glad2glow-indo,Glad2Glow Official Store,KAB. TANGERANG,55201716278,"[NEW LAUNCH]Glad2Glow B12 All IN ONE MAKEUP REMOVER Untuk Semua Kulit Lembut cleansing oil&Micellar water 3:7 Tanpa Iritasi untuk Kulit Sensitif Diperkaya dengan Vitamin B12, Niacinamide, dan Vitamin E g2glow official store",https://shopee.co.id/product/809769142/55201716278,https://down-id.img.susercontent.com/file/id-11134207-8224s-mhfll011wzd85a,"[""https://down-id.img.susercontent.com/file/id-11134207-8224s-mhfll011wzd85a"", ""https://down-id.img.susercontent.com/file/id-11134207-82251-mk6emcu7jw1v2c"", ""https://down-id.img.susercontent.com/file/sg-11134201-824iy-mpllyjoku1os3a"", ""https://down-id.img.susercontent.com/file/sg-11134201-824is-mpllylecrmrnc3"", ""https://down-id.img.susercontent.com/file/id-11134207-8224p-mhbr2atvf66gef"", ""https://down-id.img.susercontent.com/file/id-11134207-8224p-mhbr2atv85c824"", ""https://down-id.img.susercontent.com/file/id-11134207-8224r-mhbr2atvdrm0b5"", ""https://down-id.img.susercontent.com/file/id-11134207-8224v-mhbr2atv6qrs5d"", ""https://down-id.img.susercontent.com/file/id-11134207-8224u-mhbr2atv5c7c80""]","[""OFFICIAL_SHOP""]","[""id-11134258-7r98z-lykpu80ygbvs76""]",FSS_new+PromoXtraPlus,id-11134258-822ws-mnciva8io4qu2f,False,False,False,1763538597,50000,159000,50000,69,476041533735198,,,,,,2000.0,484.0,4.929460580912863,723,"[1, 0, 1, 45, 676]","[""Add-on Deal""]",GLAD2GLOW,3138611,100630,"[100630, 100662, 100884]",948,Makeup Remover,"[""Hot sale-150ml-3PCS"", ""150ml-2PCS"", ""150ml-1PC"", ""150m+230ml"", ""150ml+230ml*2""]"
Shopee,,id,2026-07-01,809769142,glad2glow-indo,Glad2Glow Official Store,KAB. TANGERANG,55460830635,"[NEW LAUNCH] All DAY GLOW SETTING SPRAY 100ml- Korean Glass Skin, Glowing Seharian, Anti-Luntur Sweat Proof & Transfer Proof, Formula Ringan Bebas Lengket Bebas Kusam-glad2glow offica",https://shopee.co.id/product/809769142/55460830635,https://down-id.img.susercontent.com/file/id-11134207-822wl-mpitzftcmqkv0d,"[""https://down-id.img.susercontent.com/file/id-11134207-822wl-mpitzftcmqkv0d""]","[""OFFICIAL_SHOP""]","[""id-11134258-7r98z-lykpu80ygbvs76""]",FSS_new+PromoXtraPlus,id-11134258-822ws-mnciva8io4qu2f,False,False,False,1779246251,69000,179000,69000,61,476041533735198,,,,,,1000.0,989.0,4.966329966329966,297,"[1, 0, 0, 6, 290]","[""Any 2 at Rp127.000""]",GLAD2GLOW,3138611,100630,"[100630, 100662, 100881, 101633]",709,Colour code,"[""[Glow Spray]1PC""]"
Shopee,,id,2026-07-01,809769142,glad2glow-indo,Glad2Glow Official Store,KAB. TANGERANG,48806582584,Glad2Glow Glow SerumSpray 100ml White Truffle RadianceMencerahkan & Melindungi Skin BarrierSkin Prep Face Glad2Glow Official Store,https://shopee.co.id/product/809769142/48806582584,https://down-id.img.susercontent.com/file/id-11134207-822wr-ml937yss29e03c,"[""https://down-id.img.susercontent.com/file/id-11134207-822wr-ml937yss29e03c"", ""https://down-id.img.susercontent.com/file/id-11134207-8224w-ml4v5q1fz8cq36"", ""https://down-id.img.susercontent.com/file/id-11134207-822wi-ml8phm5qktfzc2""]","[""OFFICIAL_SHOP""]","[""id-11134258-7r98z-lykpu80ygbvs76""]",FSS_new+PromoXtraPlus,id-11134258-822ws-mnciva8io4qu2f,False,False,False,1772249663,237500,399000,237500,40,931791142240256,,,,,,46.0,7.0,4.9375,16,"[0, 0, 0, 1, 15]",[],GLAD2GLOW,3138611,100630,"[100630, 100665]",72,serum,"[""set-01"", ""set-02"", ""set-03""]"
Shopee,,id,2026-07-01,809769142,glad2glow-indo,Glad2Glow Official Store,KAB. TANGERANG,54800619577,[Cocok Untuk Pemula] Glad2Glow Tone up Set Cerah Glowing  Bundle 4in1-Brightening Moisturizer+Cleanser+day cream+Lip serum+10%Niacinamide skincare paket pembersih perawatan kulit mencerahkan warna kulit pelembab wajah all in 1g2glow official store,https://shopee.co.id/product/809769142/54800619577,https://down-id.img.susercontent.com/file/id-11134207-8224y-mhg5h9ysw0sgd3,"[""https://down-id.img.susercontent.com/file/id-11134207-8224y-mhg5h9ysw0sgd3""]","[""OFFICIAL_SHOP""]","[""id-11134258-7r98z-lykpu80ygbvs76""]",FSS_new+PromoXtraPlus,id-11134258-822ws-mnciva8io4qu2f,False,False,False,1761962444,100000,129000,100000,22,476041533735198,,,,,,5000.0,82.0,4.908004778972521,2511,"[3, 1, 22, 172, 2313]","[""Add-on Deal""]",GLAD2GLOW,3138611,100630,"[100630, 100665]",1488,Set,"[""OUTING SET 4PCS-01"", ""OUTING SET 3PCS-01"", ""OUTING SET 2PCS-01"", ""OUTING SET2 2PCS-01""]"
Shopee,,id,2026-07-01,809769142,glad2glow-indo,Glad2Glow Official Store,KAB. TANGERANG,56659622964,[ADD ON DEAL]Glad2Glow Glycolic Acid Facial Wash 70ml Membersihkan & Merawat Kulit 2-in-1 Niacinamide Pencerah Pembersihan Lembut Hidrasi Melindungi Barrier Kulit Sabun Wajah Cocok Untuk Kulit Sensitif,https://shopee.co.id/product/809769142/56659622964,https://down-id.img.susercontent.com/file/sg-11134201-820mv-mnlcyktmxix248,"[""https://down-id.img.susercontent.com/file/sg-11134201-820mv-mnlcyktmxix248"", ""https://down-id.img.susercontent.com/file/sg-11134201-820lz-mnlcyl1xnl6tbe"", ""https://down-id.img.susercontent.com/file/sg-11134201-820nz-mnlcylagdp1c51"", ""https://down-id.img.susercontent.com/file/sg-11134201-820mp-mnlcylhte4n88b"", ""https://down-id.img.susercontent.com/file/sg-11134201-824ht-mpm6dym9qjv072""]","[""OFFICIAL_SHOP""]","[""id-11134258-7r98z-lykpu80ygbvs76""]",FSS_new+PromoXtraPlus,id-11134258-822ws-mnciva8io4qu2f,False,False,False,1777373823,89000,89000,89000,,0,,,,,,40.0,19.0,4.923076923076923,13,"[0, 0, 0, 1, 12]",[],GLAD2GLOW,3138611,100630,"[100630, 100664, 100891]",24,CLEANSER,"[""CLEANSER 1PC 70ml""]"
Shopee,,id,2026-07-01,809769142,glad2glow-indo,Glad2Glow Official Store,KAB. TANGERANG,45502579334,"[Free Gift]Glad2Glow 8 IN 1 Super Glow Niacinamide Skincare & Makeup Paket: Brightening Micellar Water 130ml + Moisturizer+Toner+Serum+Niacinamide Cleanser+Flawless Cushion+Perfect Blurring Powder untuk Kulit Cerah, Glowing & Halus Sepanjang Hari",https://shopee.co.id/product/809769142/45502579334,https://down-id.img.susercontent.com/file/id-11134207-822wk-mpx0yswuemmm41,"[""https://down-id.img.susercontent.com/file/id-11134207-822wk-mpx0yswuemmm41""]","[""OFFICIAL_SHOP""]","[""id-11134258-7r98z-lykpu80ygbvs76""]",FSS_new+PromoXtraPlus,id-11134258-822ws-mnciva8io4qu2f,False,False,False,1764819117,342723,777000,342723,56,473859220582494,,,,,,9000.0,715.0,4.893444834097653,3707,"[7, 11, 49, 236, 3404]",[],GLAD2GLOW,3138611,100630,"[100630, 100665]",2664,combo,"[""Oil Balance Set"", ""Refreshing Set"", ""Oil Balance Set-PDRN"", ""Refreshing Set-PDRN"", ""Top1 Club & Perks""]"
Shopee,,id,2026-07-01,809769142,glad2glow-indo,Glad2Glow Official Store,KAB. TANGERANG,52152560531,"[New Launch] Glad2Glow Brightening Tone Up Cream, Brightening Lip Serum 7g, 3-in-1 liptint, Day Cream Moisturizer, Cerah dan Glowing Tanpa Whitecast, Mencerahkan, Melembabkan g2g official store",https://shopee.co.id/product/809769142/52152560531,https://down-id.img.susercontent.com/file/id-11134207-8224z-mi2ymxa04ava6a,"[""https://down-id.img.susercontent.com/file/id-11134207-8224z-mi2ymxa04ava6a""]","[""OFFICIAL_SHOP""]","[""id-11134258-7r98z-lykpu80ygbvs76""]",PromoXtraPlusonly,id-11134258-822ws-mnciva8io4qu2f,False,False,False,1764819113,90400,299000,90400,70,476041533735198,,,,,,1000.0,66.0,4.9113924050632916,553,"[0, 1, 6, 34, 512]","[""Add-on Deal""]",GLAD2GLOW,3138611,100630,"[100630, 100665]",452,combo,"[""Tone Up + Lip 01"", ""Tone Up + TWC 02"", ""Tone Up + TWC 03"", ""Tone Up + Powder 02"", ""Tone Up + Powder 03"", ""Tone Up+TWC02+Lip01"", ""Tone Up+TWC03+Lip01"", ""ToneUp+Powder02Lip01"", ""ToneUp+Powder03Lip01"", ""4 SET-TWC 02"", ""4 SET-TWC 03"", ""4 SET-Powder 02"", ""4 SET-Powder 03""]"
Shopee,,id,2026-07-01,809769142,glad2glow-indo,Glad2Glow Official Store,KAB. TANGERANG,44480446034,[ADD ON DEAL] Glad2Glow PORE CLEARING MICELLAR WATER 130ML,https://shopee.co.id/product/809769142/44480446034,https://down-id.img.susercontent.com/file/sg-11134201-820o3-mnlcyageru9wcd,"[""https://down-id.img.susercontent.com/file/sg-11134201-820o3-mnlcyageru9wcd"", ""https://down-id.img.susercontent.com/file/sg-11134201-820ny-mnlcyar6xfra4e"", ""https://down-id.img.susercontent.com/file/sg-11134201-820o2-mnlcybivyuwzd6"", ""https://down-id.img.susercontent.com/file/sg-11134201-820n0-mnlcybrundvl93"", ""https://down-id.img.susercontent.com/file/sg-11134201-820nw-mnlcyc4x20i0d6"", ""https://down-id.img.susercontent.com/file/sg-11134201-820lm-mnlcycg7tmv665"", ""https://down-id.img.susercontent.com/file/sg-11134201-820o5-mnlcycq7t2bpf3"", ""https://down-id.img.susercontent.com/file/sg-11134201-820no-mnlcyd1n3mki97""]","[""OFFICIAL_SHOP""]","[""id-11134258-7r98z-lykpu80ygbvs76""]",FSS_new+PromoXtraPlus,id-11134258-822ws-mnciva8io4qu2f,False,False,False,1777373812,69000,69000,69000,,0,,,,,,52.0,21.0,5.0,18,"[0, 0, 0, 0, 18]",[],GLAD2GLOW,3138611,100630,"[100630, 100662, 100884]",23,Makeup Remover,"[""[Hot]300ml-1PC"", ""230ml-Brightening"", ""130ml-1PC""]"
Shopee,,id,2026-07-01,809769142,glad2glow-indo,Glad2Glow Official Store,KAB. TANGERANG,58058986912,"[JADI MEMBER! SETIAP SENIN DAPATKAN HARGA TERBAIK]Glad2Glow×GGBaby Special Edition BRIGHTENING LIP SERUM 7g Ready Stock! Mencerahkan, Melembabkan Bibir dengan Warna Natural | Lip tint&Lip care",https://shopee.co.id/product/809769142/58058986912,https://down-id.img.susercontent.com/file/id-11134207-822wq-modch01bbjsxe0,"[""https://down-id.img.susercontent.com/file/id-11134207-822wq-modch01bbjsxe0"", ""https://down-id.img.susercontent.com/file/id-11134207-822wj-mn9hjdfu5kat8b"", ""https://down-id.img.susercontent.com/file/id-11134207-822wo-mn9hjdfufe9xe6"", ""https://down-id.img.susercontent.com/file/id-11134207-822wr-mn9hjdfu6yv955"", ""https://down-id.img.susercontent.com/file/id-11134207-822wt-mn9hjdfu8dfpff"", ""https://down-id.img.susercontent.com/file/id-11134207-822wr-mn9hjdfu9s054e"", ""https://down-id.img.susercontent.com/file/id-11134207-822wm-mn9hjdfub6kld3"", ""https://down-id.img.susercontent.com/file/id-11134207-822wp-mn9hjdfucl514a""]","[""OFFICIAL_SHOP""]","[""id-11134258-7r98z-lykpu80ygbvs76""]",FSS_new+PromoXtraPlus,id-11134258-822ws-mnciva8io4qu2f,False,False,False,1776395729,327900,327900,327900,,0,,,,,,1000.0,606.0,4.940886699507389,203,"[1, 1, 0, 5, 196]",[],GLAD2GLOW,3138611,100630,"[100630, 100664, 100900, 101673]",216,LIP SERUM,"[""All in 7pcs"", ""HOT SALE-7PCS"", ""Mix-7pcs"", ""[Gift!]balm  9pcs"", ""[Gift!]balm  6pcs"", ""HOT Day&Night-6pcs""]"
Shopee,,id,2026-07-01,809769142,glad2glow-indo,Glad2Glow Official Store,KAB. TANGERANG,55407453466,[SALE!!] Glad2Glow Glow Serum Spray 100ml 2IN1 Combo Serum Spray + Perfect Vita C Bright Glow Cleanser/Propolis Hyaluronic Acid Essence Toner,https://shopee.co.id/product/809769142/55407453466,https://down-id.img.susercontent.com/file/id-11134207-822wi-mm1ksds5igap62,"[""https://down-id.img.susercontent.com/file/id-11134207-822wi-mm1ksds5igap62"", ""https://down-id.img.susercontent.com/file/id-11134207-822wr-moteywdafabm98"", ""https://down-id.img.susercontent.com/file/id-11134207-822wg-moteywdadvr601"", ""https://down-id.img.susercontent.com/file/id-11134207-822wu-mm1ksdspj1mp73"", ""https://down-id.img.susercontent.com/file/id-11134207-822wi-mm191te6pk3p1b"", ""https://down-id.img.susercontent.com/file/id-11134207-822wo-mm191te6sd8l02"", ""https://down-id.img.susercontent.com/file/id-11134207-822wj-mm1irf40krgo61"", ""https://down-id.img.susercontent.com/file/sg-11134201-824i7-mplifosup91f64"", ""https://down-id.img.susercontent.com/file/id-11134207-822wp-mm1irf40m614d1""]","[""OFFICIAL_SHOP""]","[""id-11134258-7r98z-lykpu80ygbvs76""]",FSS_new+PromoXtraPlus,id-11134258-822ws-mnciva8io4qu2f,False,False,False,1773994294,111000,199000,111000,44,476041533735198,,,,,,259.0,54.0,4.956140350877193,114,"[0, 0, 0, 5, 109]",[],GLAD2GLOW,3138611,100630,"[100630, 100664, 100896]",77,serum,"[""[Clean+Serum]-2pcs"", ""[Toner +Serum]-2pcs""]"
Shopee,,id,2026-07-01,809769142,glad2glow-indo,Glad2Glow Official Store,KAB. TANGERANG,49662627211,[[Launching 6 July]GLAD2GLOW PERFECT BLURRING POWDER FOUNDATION 4.5g,https://shopee.co.id/product/809769142/49662627211,https://down-id.img.susercontent.com/file/id-11134207-822wq-mq1q97zsvapt31,"[""https://down-id.img.susercontent.com/file/id-11134207-822wq-mq1q97zsvapt31"", ""https://down-id.img.susercontent.com/file/id-11134207-81ztk-mq2wgt5nyhhe38"", ""https://down-id.img.susercontent.com/file/id-11134207-822wh-mq1q97zsy3up35"", ""https://down-id.img.susercontent.com/file/id-11134207-81ztp-mq2wgt5js6ps34""]","[""OFFICIAL_SHOP""]","[""id-11134258-7r98z-lykpu80ygbvs76""]",FSS_new+PromoXtraPlus,id-11134258-822ws-mnciva8io4qu2f,False,False,False,1782121288,99000,99000,99000,,0,,,,,,1.0,,5.0,1,"[0, 0, 0, 0, 1]","[""Produk Baru""]",GLAD2GLOW,3138611,100630,"[100630, 100662, 100881, 101630]",18,colour code,"[""00 Affogato"", ""01 Buttercream"", ""02 Praline - Hot!"", ""03 Custard - Hot!"", ""04 Ginger"", ""05 Cinnamon""]"
Shopee,,id,2026-07-01,809769142,glad2glow-indo,Glad2Glow Official Store,KAB. TANGERANG,52558972921,[JADI MEMBER! SETIAP SENIN DAPATKAN HARGA TERBAIK]Glad2Glow Perfect Blurring Powder Foundation waterproof setting two way cake TWC Mengandung squalane dan vitamin E concealer pengontrol minyak meratakan warna kulit bantalan udara yang menjaga kelembapan,https://shopee.co.id/product/809769142/52558972921,https://down-id.img.susercontent.com/file/id-11134207-822ws-moxcvjcvkwel14,"[""https://down-id.img.susercontent.com/file/id-11134207-822ws-moxcvjcvkwel14"", ""https://down-id.img.susercontent.com/file/id-11134207-822wt-mowjotgu4b9q02"", ""https://down-id.img.susercontent.com/file/id-11134207-822wp-mn9hv8kyam12d8"", ""https://down-id.img.susercontent.com/file/id-11134207-822wn-mn9hv8kyc0li59"", ""https://down-id.img.susercontent.com/file/sg-11134201-824h9-mpkmoqetfqblf5"", ""https://down-id.img.susercontent.com/file/id-11134207-822wr-mn9hv8kyetqe07"", ""https://down-id.img.susercontent.com/file/id-11134207-822wl-mn9hv8kyg8aucc"", ""https://down-id.img.susercontent.com/file/id-11134207-822wk-mn9hv8kyhmva2a"", ""https://down-id.img.susercontent.com/file/id-11134207-822wk-mn9hv8kyj1fq7a""]","[""OFFICIAL_SHOP""]","[""id-11134258-7r98z-lykpu80ygbvs76""]",FSS_new+PromoXtraPlus,id-11134258-822ws-mnciva8io4qu2f,False,False,False,1776390956,195000,195000,195000,,0,,,,,,246.0,165.0,5.0,30,"[0, 0, 0, 0, 30]",[],GLAD2GLOW,3138611,100630,"[100630, 100662, 100881, 101630]",35,GLOWSET,"[""Cover Cushion 2pcs"", ""COVER GLOW 2pcs"", ""skin tint 4pcs""]"
Shopee,,id,2026-07-01,809769142,glad2glow-indo,Glad2Glow Official Store,KAB. TANGERANG,56009621582,[JADI MEMBER! SETIAP SENIN DAPATKAN HARGA TERBAIK]Glad2Glow Pomegranate Niacinamide Brightening Moisturizer Mencerahkan Pemutih Kulit Gel Pelembab Bercahaya Krim Siang dan Malam Perawatan Kulit Ekstrak DelimaPelembab Esensi Wajah Perawatan Kulit,https://shopee.co.id/product/809769142/56009621582,https://down-id.img.susercontent.com/file/id-11134207-822wi-mo26yjjw1fd1f6,"[""https://down-id.img.susercontent.com/file/id-11134207-822wi-mo26yjjw1fd1f6"", ""https://down-id.img.susercontent.com/file/id-11134207-822wk-mnzclqk7435ycb"", ""https://down-id.img.susercontent.com/file/id-11134207-822ws-mnla1kvwx2pv4d"", ""https://down-id.img.susercontent.com/file/id-11134207-822wl-mnzi3hmngc1v75"", ""https://down-id.img.susercontent.com/file/id-11134207-822wt-mnzi3hmnaps3d0"", ""https://down-id.img.susercontent.com/file/id-11134207-822wn-mnzi3hmothxkc9"", ""https://down-id.img.susercontent.com/file/id-11134207-822wt-mnzi3hmn3oxv45"", ""https://down-id.img.susercontent.com/file/id-11134207-822wg-mnzi3hmndiwzc2""]","[""OFFICIAL_SHOP""]","[""id-11134258-7r98z-lykpu80ygbvs76""]",FSS_new+PromoXtraPlus,id-11134258-822ws-mnciva8io4qu2f,False,False,False,1777367174,72900,72900,72900,,0,,,,,,415.0,253.0,4.898305084745763,59,"[0, 0, 0, 6, 53]",[],GLAD2GLOW,3138611,100630,"[100630, 100665]",60,variant,"[""Cerah Buy8 Get9"", ""Anti-kerut-Buy8 Get9"", ""Ceramide8+1"", ""Tenang 30g-8+1"", ""Dark Spot 9"", ""cleanser-Glow-10pcs"", ""cleanser-Milk-9pcs"", ""cleanser-Pore-10pcs"", ""cleanser-Acne-10pcs"", ""cleanser-Gel-10pcs"", ""serum-Peeling-9pcs"", ""serum-Retinol-10pcs"", ""serum-Cerah-10pcs"", ""Body Lotion 2pcs"", ""Body Lotion 4pcs""]"
Shopee,,id,2026-07-01,809769142,glad2glow-indo,Glad2Glow Official Store,KAB. TANGERANG,52150640468,[Cocok Untuk Pemula] Glad2Glow Acne&Cerah Set Glowing  Bundle 4in1-Brightening Moisturizer+Cleanser+Mugwort acne gel mask+10%Niacinamide skincare paket pembersih perawatan kulit mencerahkan warna kulit pelembab wajah all in 1g2glow official store,https://shopee.co.id/product/809769142/52150640468,https://down-id.img.susercontent.com/file/id-11134207-8224y-mgit36mq3ggbc6,"[""https://down-id.img.susercontent.com/file/id-11134207-8224y-mgit36mq3ggbc6""]","[""OFFICIAL_SHOP""]","[""id-11134258-7r98z-lykpu80ygbvs76""]",PromoXtraPlusonly,id-11134258-822ws-mnciva8io4qu2f,False,False,False,1761966581,78500,99000,78500,21,476041533735198,,,,,,2000.0,144.0,4.906439854191981,823,"[0, 0, 8, 61, 754]","[""Add-on Deal""]",GLAD2GLOW,3138611,100630,"[100630, 100665]",369,Set,"[""Acne Cerah Set 4PCS"", ""Acne Cerah Set 3PCS"", ""Acne Cerah Set 2PCS"", ""Glow & Acne Care 4ps""]"
Shopee,,id,2026-07-01,809769142,glad2glow-indo,Glad2Glow Official Store,KAB. TANGERANG,56505624072,[ JADI MEMBER! Flash Sale 10RB Setiap Senin! ] PORE CLEARING MICELLAR WATER 130ML/Moist & Smooth Hand Body Serum 180ml/PERFECT VITA C BRIGHT GLOW TONER 80ml,https://shopee.co.id/product/809769142/56505624072,https://down-id.img.susercontent.com/file/id-11134207-822wj-mpx1nuf1ea6k1e,"[""https://down-id.img.susercontent.com/file/id-11134207-822wj-mpx1nuf1ea6k1e"", ""https://down-id.img.susercontent.com/file/id-11134207-822wk-mpx1nuf1for022"", ""https://down-id.img.susercontent.com/file/id-11134207-8224t-mk6ft2h3uosna8"", ""https://down-id.img.susercontent.com/file/id-11134207-8224w-mk6ft2h3xhxjc4"", ""https://down-id.img.susercontent.com/file/id-11134207-8224t-mk3o3q7cgbur6a"", ""https://down-id.img.susercontent.com/file/id-11134207-8224y-mk3o3q7chqf7b4""]","[""OFFICIAL_SHOP""]","[""id-11134258-7r98z-lykpu80ygbvs76""]",FSS_new+PromoXtraPlus,id-11134258-822ws-mnciva8io4qu2f,False,False,False,1769769533,100000,100000,100000,,0,,,,,,488.0,131.0,4.91044776119403,67,"[0, 0, 1, 4, 62]",[],GLAD2GLOW,3138611,100630,"[100630, 100662, 100884]",639,1pc,"[""body lotion180ml"", ""VC toner80ml"", ""micellar water130ml""]"
Shopee,,id,2026-07-01,809769142,glad2glow-indo,Glad2Glow Official Store,KAB. TANGERANG,42880446008,[ADD ON DEAL] GLAD2GLOW PERFECT VITA C BRIGHT GLOW MICELLAR WATER 300ml Pembersih Wajah Make Up Remover Cleansing Water Mencerahkan Dark Spot Membersihkan makeup waterproof 130ML & 230ML,https://shopee.co.id/product/809769142/42880446008,https://down-id.img.susercontent.com/file/sg-11134201-820l4-mnlcxt2lzqx23f,"[""https://down-id.img.susercontent.com/file/sg-11134201-820l4-mnlcxt2lzqx23f"", ""https://down-id.img.susercontent.com/file/sg-11134201-820ld-mnlcxtc6wz5v0c"", ""https://down-id.img.susercontent.com/file/sg-11134201-820ok-mnlcxtlizchya0"", ""https://down-id.img.susercontent.com/file/sg-11134201-820on-mnlcxtty1eyu52"", ""https://down-id.img.susercontent.com/file/sg-11134201-824j1-mpgtv80c4jkb8e"", ""https://down-id.img.susercontent.com/file/sg-11134201-820ls-mnlcxuef7oqoe1""]","[""OFFICIAL_SHOP""]","[""id-11134258-7r98z-lykpu80ygbvs76""]",FSS_new+PromoXtraPlus,id-11134258-822ws-mnciva8io4qu2f,False,False,False,1777373788,79000,79000,79000,,0,,,,,,22.0,11.0,5.0,7,"[0, 0, 0, 0, 7]",[],GLAD2GLOW,3138611,100630,"[100630, 100662, 100884]",11,VITAMIN C,"[""130ml-Travel&Trial"", ""230ml-1PC""]"
Shopee,,id,2026-07-01,809769142,glad2glow-indo,Glad2Glow Official Store,KAB. TANGERANG,41880136036,[JADI MEMBER! SETIAP SENIN DAPATKAN HARGA TERBAIK]Glad2Glow Cherry Blossom Micellar Water 300ml Untuk Semua Kulit Lembut cleansing oil Penghapus Makeup Waterproof Hapus Riasan Tahan Air dengan Centella & Tanpa Iritasi untuk Kulit Sensitif & Berjerawat,https://shopee.co.id/product/809769142/41880136036,https://down-id.img.susercontent.com/file/id-11134207-822wm-mo26yjjvym8501,"[""https://down-id.img.susercontent.com/file/id-11134207-822wm-mo26yjjvym8501"", ""https://down-id.img.susercontent.com/file/id-11134207-822wo-mo9mj92i4dmod0"", ""https://down-id.img.susercontent.com/file/id-11134207-822wl-mowjotgu8iz267"", ""https://down-id.img.susercontent.com/file/id-11134207-822wr-mn9ht0kbmjnna3"", ""https://down-id.img.susercontent.com/file/id-11134207-822wk-mn9ht0k6pk3o17"", ""https://down-id.img.susercontent.com/file/id-11134207-822wi-mn9ht0k6qyo4ec"", ""https://down-id.img.susercontent.com/file/sg-11134201-824g3-mphlxrienjez66"", ""https://down-id.img.susercontent.com/file/sg-11134201-824ij-mphlxt8o3thea3"", ""https://down-id.img.susercontent.com/file/id-11134207-822wr-mn9ht0k6wkxw25""]","[""OFFICIAL_SHOP""]","[""id-11134258-7r98z-lykpu80ygbvs76""]",FSS_new+PromoXtraPlus,id-11134258-822ws-mnciva8io4qu2f,False,False,False,1776396701,157000,157000,157000,,0,,,,,,254.0,64.0,4.846153846153846,52,"[1, 1, 0, 1, 49]",[],GLAD2GLOW,3138611,100630,"[100630, 100662, 100884]",42,Makeup Remover,"[""300ML-B9G1Free"", ""300ML-B9G3"", ""9Brightening+1clear"", ""Clean Oil-200ml 2pcs"", ""8Brightening+1clear"", ""Pore Clearing-8+1"", ""8Cherry+1pore clear""]"
Shopee,,id,2026-07-01,809769142,glad2glow-indo,Glad2Glow Official Store,KAB. TANGERANG,53759613273,[JADI MEMBER! SETIAP SENIN DAPATKAN HARGA TERBAIK]Glad2Glow FLAWLESS BLURRING SKIN TINT 30G Concealer Foundation Bedak padat Make up Lightweight Coverage Long-lasting 12-Hour Soft-Focus Flawless Skin oil-control Bio-Mimetic Film Technology Care,https://shopee.co.id/product/809769142/53759613273,https://down-id.img.susercontent.com/file/id-11134207-822wq-mo24r4bgmd4w7c,"[""https://down-id.img.susercontent.com/file/id-11134207-822wq-mo24r4bgmd4w7c"", ""https://down-id.img.susercontent.com/file/id-11134207-822wn-mnmwcrang45c7c"", ""https://down-id.img.susercontent.com/file/id-11134207-822wu-mo24r4bggqv4ae"", ""https://down-id.img.susercontent.com/file/id-11134207-822wj-mo24r4bgfcao0e"", ""https://down-id.img.susercontent.com/file/id-11134207-822wj-mo24r4bgi5fk01"", ""https://down-id.img.susercontent.com/file/id-11134207-822wn-mo24r4bgjk008d"", ""https://down-id.img.susercontent.com/file/id-11134207-822wm-mo24r4bgkykgf9""]","[""OFFICIAL_SHOP""]","[""id-11134258-7r98z-lykpu80ygbvs76""]",FSS_new+PromoXtraPlus,id-11134258-822ws-mnciva8io4qu2f,False,False,False,1777369057,245000,245000,245000,,0,,,,,,53.0,27.0,4.875,16,"[0, 0, 0, 2, 14]",[],GLAD2GLOW,3138611,100630,"[100630, 100662, 100881, 101628]",58,Cushion,"[""4+1 Paket Hemat"", ""Face&Body Bright Set"", ""Cushion +Powder"", ""Glow Set"", ""Skintint+TWC""]"
Shopee,,id,2026-07-01,809769142,glad2glow-indo,Glad2Glow Official Store,KAB. TANGERANG,48707430412,Glad2Glow Paket Makeup 3in1-FLAWLESS BLURRING SKIN TINT+PERFECT BLURRING POWDER FOUNDATION+BRIGHTENING LIP SERUM Ringan tanpa beban Tahan make up seharian g2glow official,https://shopee.co.id/product/809769142/48707430412,https://down-id.img.susercontent.com/file/id-11134207-822wn-mlzz9sp5np4z1e,"[""https://down-id.img.susercontent.com/file/id-11134207-822wn-mlzz9sp5np4z1e""]","[""OFFICIAL_SHOP""]","[""id-11134258-7r98z-lykpu80ygbvs76""]",FSS_new+PromoXtraPlus,id-11134258-822ws-mnciva8io4qu2f,False,False,False,1773902949,185900,399000,185900,53,476041533735198,,,,,,403.0,188.0,4.891156462585034,147,"[0, 1, 1, 11, 134]",[],GLAD2GLOW,3138611,100630,"[100630, 100665]",189,SET,"[""3pcs Makeup""]"
Shopee,,id,2026-07-01,809769142,glad2glow-indo,Glad2Glow Official Store,KAB. TANGERANG,41078528259,[ FREE GIFT FOR 6/6! ]Dapatkan Hadiah Dengan Min. Pembelian 300RB,https://shopee.co.id/product/809769142/41078528259,https://down-id.img.susercontent.com/file/id-11134207-8224w-mk6wzwj43n5sab,"[""https://down-id.img.susercontent.com/file/id-11134207-8224w-mk6wzwj43n5sab"", ""https://down-id.img.susercontent.com/file/id-11134207-8224t-mk6wzwj451q8ab"", ""https://down-id.img.susercontent.com/file/id-11134207-822ws-mp3irksp8y6aa5""]","[""OFFICIAL_SHOP""]","[""id-11134258-7r98z-lykpu80ygbvs76""]",FSS_new+PromoXtraPlus,id-11134258-822ws-mnciva8io4qu2f,False,False,False,1769961827,300000,300000,300000,,0,,,,,,10000.0,1000.0,4.917273521701136,3434,"[16, 3, 30, 151, 3234]",[],GLAD2GLOW,3138611,100630,"[100630, 100663, 100885, 101650]",54,random color,"[""random""]"
Shopee,,id,2026-07-01,809769142,glad2glow-indo,Glad2Glow Official Store,KAB. TANGERANG,27408030377,Glad2Glow Peeling Solution Serum Eksfoliasi Wajah 60 detik Menghaluskan Kulit AHA BHA PHA serum wajah glowing pelembab mencerahkan peeling exfoliating serum g2glow official store,https://shopee.co.id/product/809769142/27408030377,https://down-id.img.susercontent.com/file/id-11134207-81ztp-mq44fmkk232n3e,"[""https://down-id.img.susercontent.com/file/id-11134207-81ztp-mq44fmkk232n3e""]","[""OFFICIAL_SHOP""]","[""id-11134258-7r98z-lykpu80ygbvs76""]",FSS_new+PromoXtraPlus,id-11134258-822ws-mnciva8io4qu2f,False,False,False,1723774635,47900,109000,47900,56,470649164558504,,,,,,10000.0,1000.0,4.858060701914842,395895,"[1182, 896, 4546, 39684, 349587]","[""Any 2 at Rp82.900""]",GLAD2GLOW,3138611,100630,"[100630, 100664, 100896]",138657,Peeling,"[""1PC-Serum"", ""Top1 Club & Perks""]"
Shopee,,id,2026-07-01,809769142,glad2glow-indo,Glad2Glow Official Store,KAB. TANGERANG,29905930406,[Hot Sale!]Glad2Glow Perfect Cover Cushion Foundation Waterproof Make Up Setting Concealer BB Cream Tahan Lama Hingga 12 Jam Hasil Akhir Glowing Dan Menyatu Dengan Warna Kulit Tekstur Ringan Di Wajah g2glow official store,https://shopee.co.id/product/809769142/29905930406,https://down-id.img.susercontent.com/file/id-11134207-822ws-mphkg88ycob0cf,"[""https://down-id.img.susercontent.com/file/id-11134207-822ws-mphkg88ycob0cf""]","[""OFFICIAL_SHOP""]","[""id-11134258-7r98z-lykpu80ygbvs76""]",FSS_new+PromoXtraPlus,id-11134258-822ws-mnciva8io4qu2f,False,False,False,1721646528,77900,199000,77900,61,476041533735198,,,,,,10000.0,1000.0,4.881592966470517,387636,"[1002, 729, 3866, 31971, 350068]",[],GLAD2GLOW,3138611,100630,"[100630, 100662, 100881, 101628]",250421,Cushion,"[""2PCS-02-Praline"", ""2PCS-03-Custard"", ""00 Affogato"", ""01 Buttercream"", ""02 Praline-hot sale"", ""03 Custard-hot sale"", ""04 Ginger-hot sale"", ""05 Cinnamon"", ""Cushion+Spray Set02"", ""Cushion+Spray Set03"", ""2PCS-01-Buttercream"", ""BUY 2 GET 1-02"", ""BUY 2 GET 1-03"", ""Disc20%-Makeup Set02"", ""Disc20%-Makeup Set03"", ""20%OFF-Matte spray02"", ""20%OFF-Matte spray03"", ""01Buttercream REFILL"", ""02 Praline REFILL"", ""03 Custard REFILL"", ""Extra Disc 20% - 01"", ""Extra Disc 20% - 03"", ""Extra Disc 20% - 02"", ""[LIVE DEAL]-02"", ""[LIVE DEAL]-03"", ""Top1 Club & Perks""]"
Shopee,,id,2026-07-01,809769142,glad2glow-indo,Glad2Glow Official Store,KAB. TANGERANG,44855098355,[Full Range Base Makeup G2G]Glad2Glow Perfect Cover Glow Cushion | Perfect Cover Cushion  | FlawLess Blurring Skin Tint | 2in1 Perfect Pair Cushion Powder |  Perfect Blurring Powder | Foundation,https://shopee.co.id/product/809769142/44855098355,https://down-id.img.susercontent.com/file/id-11134207-8224y-mjrupqkt9zbbd8,"[""https://down-id.img.susercontent.com/file/id-11134207-8224y-mjrupqkt9zbbd8"", ""https://down-id.img.susercontent.com/file/id-11134207-82251-ml4wm4olnevh14"", ""https://down-id.img.susercontent.com/file/id-11134207-82252-mjrupqkth05jf3"", ""https://down-id.img.susercontent.com/file/id-11134207-8224u-mjrupqkte70nef"", ""https://down-id.img.susercontent.com/file/id-11134207-8224x-mjs7sbjlnsao3b"", ""https://down-id.img.susercontent.com/file/id-11134207-8224p-mj7vvf79wjk38c"", ""https://down-id.img.susercontent.com/file/id-11134207-8224t-mjs7sbjpww7695"", ""https://down-id.img.susercontent.com/file/id-11134207-82252-mjrupqktbdvr94""]","[""OFFICIAL_SHOP""]","[""id-11134258-7r98z-lykpu80ygbvs76""]",FSS_new+PromoXtraPlus,id-11134258-822ws-mnciva8io4qu2f,False,False,False,1769074293,100000,159000,100000,37,476041533735198,,,,,,10000.0,1000.0,4.928297600454352,7043,"[8, 4, 47, 367, 6617]",[],GLAD2GLOW,3138611,100630,"[100630, 100662, 100881, 101628]",5101,Cushion,"[""Flawless Skintint15g"", ""Cover Cushion"", ""Glow Cusion"", ""Flawless Skintint30g"", ""2in1 Cushion"", ""Blurring Powder"", ""Loose Powder"", ""Top1 Club & Perks""]"
Shopee,,id,2026-07-01,809769142,glad2glow-indo,Glad2Glow Official Store,KAB. TANGERANG,20636165691,Glad2Glow Blueberry 5% Ceramide Moisturizer Repair Barrier Pulihkan skincare day cream Night Cream  repair cream  skincare Sensitive G2G glad2glow official store,https://shopee.co.id/product/809769142/20636165691,https://down-id.img.susercontent.com/file/id-11134207-822wh-mpspbthdmzv265,"[""https://down-id.img.susercontent.com/file/id-11134207-822wh-mpspbthdmzv265""]","[""OFFICIAL_SHOP""]","[""id-11134258-7r98z-lykpu80ygbvs76""]",FSS_new+PromoXtraPlus,id-11134258-822ws-mnciva8io4qu2f,False,False,False,1660884553,43900,99000,43900,56,280767464996865,,,,,,10000.0,1000.0,4.878127320053311,335395,"[608, 555, 3007, 30764, 300461]",[],GLAD2GLOW,3138611,100630,"[100630, 100664, 100893]",115961,Pulih krim,"[""[HOT]Buy5 Get1Free"", ""[EXTRA DISC 20%]5PCS"", ""[HOT]Flash Sale 1PC"", ""[HOT]BIG SIZE 100g"", ""Krim Pemulih 3PCS"", ""1PC-Flash Sale"", ""Set Pulih&Tenang-3PC"", ""BIG SIZE 100g-Dis"", ""[LIVE DEAL]5pcs"", ""Top1 Club & Perks""]"
Shopee,,id,2026-07-01,809769142,glad2glow-indo,Glad2Glow Official Store,KAB. TANGERANG,48059253956,[NEW LAUNCH! ]Glad2Glow Lip Balm GLOWY TINT LIP BALM Melembapkan & Menghaluskan - Tekstur Ringan Tidak Lengket - 24H Color Lock - G2G Glad2glow official store,https://shopee.co.id/product/809769142/48059253956,https://down-id.img.susercontent.com/file/id-11134207-81zto-mq2p56re603l34,"[""https://down-id.img.susercontent.com/file/id-11134207-81zto-mq2p56re603l34""]","[""OFFICIAL_SHOP""]","[""id-11134258-7r98z-lykpu80ygbvs76""]",FSS_new+PromoXtraPlus,id-11134258-822ws-mnciva8io4qu2f,False,False,False,1776766634,79000,179000,79000,56,476041533735198,,,,,,10000.0,1000.0,4.9379106438896185,3044,"[2, 1, 22, 134, 2885]",[],GLAD2GLOW,3138611,100630,"[100630, 100664, 100900, 101673]",6824,LIP SERUM,"[""BestValue&All in Set"", ""All in set!"", ""02 Cherry Fizz"", ""03 Red Velvet Latte"", ""04 Rose Milk Tea"", ""Duo set 02*2pcs"", ""Duo set 02+03"", ""Duo set 02+04"", ""[Gift!]All in 6pcs"", ""[Gift!]all in&02*3"", ""All in 10pcs"", ""All in&care set!"", ""HOT Day&Night-6pcs"", ""Top1 Club & Perks""]"
Shopee,,id,2026-07-01,809769142,glad2glow-indo,Glad2Glow Official Store,KAB. TANGERANG,43631046033,[2IN1 Make Up Set] Glad2Glow High Cover & Glow Cushion / Skin Tint + Glowy Tint Lip Balm - 12H Flawless Matte Finish | Korean Glowing Look | No-Makeup Look-glad2glow official,https://shopee.co.id/product/809769142/43631046033,https://down-id.img.susercontent.com/file/id-11134207-822wj-mogphoo9fsox13,"[""https://down-id.img.susercontent.com/file/id-11134207-822wj-mogphoo9fsox13"", ""https://down-id.img.susercontent.com/file/id-11134207-822wu-mogphoo9h79d02"", ""https://down-id.img.susercontent.com/file/id-11134207-822wp-mogappoph0xt65"", ""https://down-id.img.susercontent.com/file/id-11134207-822wp-mogappopifi949"", ""https://down-id.img.susercontent.com/file/id-11134207-822wn-mogappopju2p99""]","[""OFFICIAL_SHOP""]","[""id-11134258-7r98z-lykpu80ygbvs76""]",FSS_new+PromoXtraPlus,id-11134258-822ws-mnciva8io4qu2f,False,False,False,1779263297,119039,299000,119039,60,920815772681216,,,,,,505.0,433.0,4.901162790697675,172,"[0, 0, 3, 11, 158]",[],GLAD2GLOW,3138611,100630,"[100630, 100665]",241,Make Up Set,"[""High Cover+02"", ""Glow Cushion+02"", ""Skin Tint+02"", ""High Cover+02+03+04"", ""Glow Cushion+02-04"", ""Skin Tint+02+03+04""]"
Shopee,,id,2026-07-01,809769142,glad2glow-indo,Glad2Glow Official Store,KAB. TANGERANG,29131802740,Glad2Glow Pomegranate Niacinamide Brightening Clay Mask Masker Wajah Masker Pencerah Mud Mask Masker Niacinamide  Masker Merah Muda Pink Masker Komedo Masker Glad2Glow Clay Mask Masker G2G Clay Masker Gel Mask Sheetmask Skincare Bpom G2Glow Official Store,https://shopee.co.id/product/809769142/29131802740,https://down-id.img.susercontent.com/file/id-11134207-8224s-mh6zunrbuqdm07,"[""https://down-id.img.susercontent.com/file/id-11134207-8224s-mh6zunrbuqdm07"", ""https://down-id.img.susercontent.com/file/id-11134207-822wo-mp66vn66jzeo2b"", ""https://down-id.img.susercontent.com/file/id-11134207-822wt-motbej4i0lqkbd"", ""https://down-id.img.susercontent.com/file/id-11134207-7ra0g-mb63uu9ddny04f"", ""https://down-id.img.susercontent.com/file/id-11134207-7rbk5-m8cr9cvjplv1a9"", ""https://down-id.img.susercontent.com/file/id-11134207-7rbk6-m849757ld17i32"", ""https://down-id.img.susercontent.com/file/id-11134207-7rbk2-m849757lefryf9"", ""https://down-id.img.susercontent.com/file/id-11134207-822wg-moyul0v1wpvwf7"", ""https://down-id.img.susercontent.com/file/id-11134207-7rbk0-m849757lh8wucd""]","[""OFFICIAL_SHOP""]","[""id-11134258-7r98z-lykpu80ygbvs76""]",FSS_new+PromoXtraPlus,id-11134258-822ws-mnciva8io4qu2f,False,False,False,1743650897,30900,99000,30900,69,476041533735198,,,,,,10000.0,1000.0,4.88281946177152,22444,"[49, 32, 280, 1778, 20305]",[],GLAD2GLOW,3138611,100630,"[100630, 100664, 100898]",10147,Brightening,"[""1pcs Masker"", ""Glow+Pori Masker"", ""1PC-Pori Masker""]"
Shopee,,id,2026-07-01,809769142,glad2glow-indo,Glad2Glow Official Store,KAB. TANGERANG,41075294736,[Hot sale]Glad2Glow FLAWLESS BLURRING SKIN TINT 30G Concealer Foundation Bedak padat Make up Lightweight Coverage Long-lasting 12-Hour Soft-Focus Flawless Skin oil-control  Bio-Mimetic Film Technology  Care g2glow official store,https://shopee.co.id/product/809769142/41075294736,https://down-id.img.susercontent.com/file/id-11134207-81ztj-mq2pzxsqb4zm66,"[""https://down-id.img.susercontent.com/file/id-11134207-81ztj-mq2pzxsqb4zm66""]","[""OFFICIAL_SHOP""]","[""id-11134258-7r98z-lykpu80ygbvs76""]",FSS_new+PromoXtraPlus,id-11134258-822ws-mnciva8io4qu2f,False,False,False,1761032253,55000,159000,55000,65,476041533735198,,,,,,10000.0,1000.0,4.922337212401173,90064,"[86, 50, 560, 5380, 83988]",[],GLAD2GLOW,3138611,100630,"[100630, 100662, 100881, 101628]",57997,Cushion,"[""skin tint02-15g+30g"", ""skin tint03-15g+30g"", ""[Save more]02-2PCS"", ""[Save more]03-2PCS"", ""00 Affogato"", ""01 Buttercream"", ""[HOT]02 Praline"", ""[HOT]03 Custard"", ""04 Ginger"", ""05 Cinnamon"", ""02 Praline*4+1"", ""03 Custard*4+1"", ""Skintint+Spray-02"", ""Skintint+Spray-03"", ""02 Praline+01 lip"", ""03 Custard+01 lip"", ""Top1 Club & Perks""]"
Shopee,,id,2026-07-01,809769142,glad2glow-indo,Glad2Glow Official Store,KAB. TANGERANG,28776573319,Glad2Glow Perfect Cover Cushion Oil-Control matte  Foundation Waterproof Sweatproof Finish Poreless Cushion Refill BB CC Cream Makeup refill g2glow official store,https://shopee.co.id/product/809769142/28776573319,https://down-id.img.susercontent.com/file/id-11134207-8224w-mj9r7betslc542,"[""https://down-id.img.susercontent.com/file/id-11134207-8224w-mj9r7betslc542"", ""https://down-id.img.susercontent.com/file/id-11134207-8224z-mkovrejqkv0ma4"", ""https://down-id.img.susercontent.com/file/id-11134207-7rbk3-m6drcayuhxg850"", ""https://down-id.img.susercontent.com/file/id-11134207-7rbk6-m6drcayunjq03e"", ""https://down-id.img.susercontent.com/file/id-11134207-7rbka-m6drcayuoyag05"", ""https://down-id.img.susercontent.com/file/id-11134207-7rbk0-m6drcayugivs9b"", ""https://down-id.img.susercontent.com/file/id-11134207-7rbkd-m6drcayukql4ea"", ""https://down-id.img.susercontent.com/file/id-11134207-7rbk1-m6drcayurrfc46""]","[""OFFICIAL_SHOP""]","[""id-11134258-7r98z-lykpu80ygbvs76""]",FSS_new+PromoXtraPlus,id-11134258-822ws-mnciva8io4qu2f,False,False,False,1739871912,77000,199000,77000,61,476041533735198,,,,,,10000.0,1000.0,4.892243056095853,25708,"[62, 50, 261, 1850, 23485]",[],GLAD2GLOW,3138611,100630,"[100630, 100662, 100881, 101628]",17300,Warna,"[""cushion+Refill 00"", ""cushion+Refill 01"", ""cushion+Refill 02"", ""cushion+Refill 03"", ""cushion+Refill 04"", ""cushion+Refill 05"", ""00 Affogato REFILL"", ""01Buttercream REFILL"", ""02 Praline REFILL"", ""03 Custard REFIL"", ""04 Ginger REFILL"", ""05 Cinnamon REFIL"", ""Top1 Club & Perks""]"
Shopee,,id,2026-07-01,809769142,glad2glow-indo,Glad2Glow Official Store,KAB. TANGERANG,52853506754,[NEW LAUNCH] Glad2Glow FLAWLESS Perfect Cushion+ Perfect Blurring Powder Foundation waterproof setting two way cake TWC Foundation Bedak padat Make up Lightweight Coverage Long-lasting 12-Hour Soft-Focus Flawless Skin oil-control g2glow official store,https://shopee.co.id/product/809769142/52853506754,https://down-id.img.susercontent.com/file/id-11134207-82252-mikzvrlwffgi24,"[""https://down-id.img.susercontent.com/file/id-11134207-82252-mikzvrlwffgi24"", ""https://down-id.img.susercontent.com/file/id-11134207-822wr-mpxle70gthxe53"", ""https://down-id.img.susercontent.com/file/id-11134207-822wn-mpx182wbah3h28"", ""https://down-id.img.susercontent.com/file/id-11134207-8224z-miay7f0sghdt05""]","[""OFFICIAL_SHOP""]","[""id-11134258-7r98z-lykpu80ygbvs76""]",PromoXtraPlusonly,id-11134258-822ws-mnciva8io4qu2f,False,False,False,1766479364,118000,223500,118000,47,476041533735198,,,,,,8000.0,1000.0,4.904401650618982,2908,"[10, 9, 14, 183, 2692]",[],GLAD2GLOW,3138611,100630,"[100630, 100665]",1669,combo,"[""Cushion + TWC"", ""Cushion + Power"", ""Cushion + Spray"", ""Skin + TWC"", ""Skin + Power"", ""Skin + Spray"", ""Top1 Club & Perks""]"
Shopee,,id,2026-07-01,809769142,glad2glow-indo,Glad2Glow Official Store,KAB. TANGERANG,54301642346,Glad2Glow 4 IN 1 Paket Makeup Flawless ： Flawless Blurring Skin TIint+Brightening Lip Serum 7g Mencerahkan Melembabkan 3in1 liptint+Perfect Blurring Powder Foundation waterproof setting two way cake+Brightening Micellar Water 230ml g2glow official store,https://shopee.co.id/product/809769142/54301642346,https://down-id.img.susercontent.com/file/id-11134207-81zti-mq49i20c3z0rf9,"[""https://down-id.img.susercontent.com/file/id-11134207-81zti-mq49i20c3z0rf9""]","[""OFFICIAL_SHOP""]","[""id-11134258-7r98z-lykpu80ygbvs76""]",PromoXtraPlusonly,id-11134258-822ws-mnciva8io4qu2f,False,False,False,1763463703,223000,325000,223000,31,476041533735198,,,,,,9000.0,833.0,4.904936461388075,4092,"[5, 3, 49, 262, 3773]",[],GLAD2GLOW,3138611,100630,"[100630, 100665]",5419,combo,"[""Brightening Set-01"", ""Brightening Set-02"", ""PDRN Set-01"", ""PDRN Set-02""]"
Shopee,,id,2026-07-01,809769142,glad2glow-indo,Glad2Glow Official Store,KAB. TANGERANG,40978051346,[JADI MEMBER! SETIAP SENIN DAPATKAN HARGA TERBAIK]Glad2Glow Cerah Glowing Bundle all in 1 7in1 Skincare Set-Brightening Moisturizer+Serum+Cleanser+toner+Peeling solution+Retinol+Niacinamide,https://shopee.co.id/product/809769142/40978051346,https://down-id.img.susercontent.com/file/id-11134207-822wr-modch01b8qo138,"[""https://down-id.img.susercontent.com/file/id-11134207-822wr-modch01b8qo138"", ""https://down-id.img.susercontent.com/file/id-11134207-822wk-mn9i0646ipky14"", ""https://down-id.img.susercontent.com/file/id-11134207-8224r-mj5j7b9v7g1x65"", ""https://down-id.img.susercontent.com/file/id-11134207-8224v-mji5mii06uiu04"", ""https://down-id.img.susercontent.com/file/id-11134207-822ws-mnzclqk6ygw66c"", ""https://down-id.img.susercontent.com/file/id-11134207-822wq-mnzclqk6x2bqc6"", ""https://down-id.img.susercontent.com/file/id-11134207-822wr-mnzclqk6zvgme6""]","[""OFFICIAL_SHOP""]","[""id-11134258-7r98z-lykpu80ygbvs76""]",PromoXtraPlusonly,id-11134258-822ws-mnciva8io4qu2f,False,False,False,1768471213,77900,77900,77900,,0,,,,,,4000.0,801.0,4.920308483290489,1556,"[4, 0, 6, 96, 1450]",[],GLAD2GLOW,3138611,100630,"[100630, 100665]",1089,7pcs,"[""Outing 9pcs"", ""Cerah 7PCS-retinol"", ""[HOT]Cerah7PCS"", ""[HOT]4PCS Glowing"", ""Acne Care 5in1"", ""2PCS Glowing"", ""Glow+Retinol""]"
Shopee,,id,2026-07-01,809769142,glad2glow-indo,Glad2Glow Official Store,KAB. TANGERANG,42123681277,Glad2Glow 2lN1 VELVET MAKEUP SET-LOOSE POWDER+CUSHION Coverage Tinggi Second Skin Flawless Semi Matte Transferproof Tahan Lama instan Blurring Minyak Extract Air Blurry Technology,https://shopee.co.id/product/809769142/42123681277,https://down-id.img.susercontent.com/file/id-11134207-8224u-mhiyk70uvx8hc5,"[""https://down-id.img.susercontent.com/file/id-11134207-8224u-mhiyk70uvx8hc5"", ""https://down-id.img.susercontent.com/file/id-11134207-822wm-motlh2pr7wnh71"", ""https://down-id.img.susercontent.com/file/id-11134207-81ztf-mfpc0lfua68e13"", ""https://down-id.img.susercontent.com/file/id-11134207-81ztg-mfpc0lfu8rnye7"", ""https://down-id.img.susercontent.com/file/id-11134207-81zto-mfpc0lfu7d3i39"", ""https://down-id.img.susercontent.com/file/id-11134207-81ztm-mfpc0lfu0c9a00"", ""https://down-id.img.susercontent.com/file/id-11134207-81ztp-mfpc0lfu1qtqc2"", ""https://down-id.img.susercontent.com/file/id-11134207-81ztk-mfpc0lfu4jym62""]","[""OFFICIAL_SHOP""]","[""id-11134258-7r98z-lykpu80ygbvs76""]",FSS_new+PromoXtraPlus,id-11134258-822ws-mnciva8io4qu2f,False,False,False,1760182249,155230,299000,155230,48,931791142240256,,,,,,10000.0,509.0,4.922093730979915,6572,"[8, 4, 48, 372, 6140]",[],GLAD2GLOW,3138611,100630,"[100630, 100665]",4419,Cushion,"[""makeup 02+02"", ""makeup 02+01"", ""makeup 03+02"", ""makeup 03+03"", ""01+01"", ""cushion+loose powder"", ""Lip 01+Cushion 03+03"", ""Lip 01+Cushion 02+02"", ""Lip 01+Cushion 01+01"", ""Lip 03+Cushion 02+02"", ""Lip 03+Cushion 03+03"", ""Lip 03+Cushion 01+01"", ""[LIVE DEAL]-02+02"", ""[LIVE DEAL]-03+03""]"
Shopee,,id,2026-07-01,809769142,glad2glow-indo,Glad2Glow Official Store,KAB. TANGERANG,44164974080,Glad2Glow Blueberry Moisturizer 100g 5% Ceramide Menjaga Skin Barrier  Mencerahkan wajah Menjaga kelembapan kulit Penyerapan cepat Pelembab wajah  perawatan kulit Perawatan g2glow official store,https://shopee.co.id/product/809769142/44164974080,https://down-id.img.susercontent.com/file/id-11134207-8224w-mg7g9r4xf3f173,"[""https://down-id.img.susercontent.com/file/id-11134207-8224w-mg7g9r4xf3f173"", ""https://down-id.img.susercontent.com/file/id-11134207-822wt-mo0yyir76kg5d9"", ""https://down-id.img.susercontent.com/file/id-11134207-7ra0i-mde0k6yxe87s0d"", ""https://down-id.img.susercontent.com/file/id-11134207-7ra0t-mde0k6yxfms8b7"", ""https://down-id.img.susercontent.com/file/id-11134207-7ra0r-mde0k6yxl920a3"", ""https://down-id.img.susercontent.com/file/id-11134207-7ra0t-mde0k6yxmnmgeb""]","[""OFFICIAL_SHOP""]","[""id-11134258-7r98z-lykpu80ygbvs76""]",FSS_new+PromoXtraPlus,id-11134258-822ws-mnciva8io4qu2f,False,False,False,1756104909,100000,199000,100000,50,476041533735198,,,,,,10000.0,1000.0,4.935450081833061,15275,"[24, 8, 76, 714, 14453]",[],GLAD2GLOW,3138611,100630,"[100630, 100664, 100893]",4388,BIG SIZE 100g,"[""[EXTRA DISC 20%]3PCS"", ""BIG SIZE 100g-1PC"", ""BIG SIZE 100g-Dis"", ""BIG SIZE 100g-2PCS"", ""Set Pulih&Tenang2PCS"", ""Pulih&Cerah 100g 2PC"", ""Set Pulih&Halus 2PCS"", ""Set Pulih&Tenang-3PC"", ""Pulih&Anti-Aging2PCS"", ""[LIVE DEAL]1pc""]"
Shopee,,id,2026-07-01,809769142,glad2glow-indo,Glad2Glow Official Store,KAB. TANGERANG,50253502913,[NEW LAUNCH] Glad2Glow 2in1 Perfect Pair Cushion Powder Foundation + BRIGHTENING LIP SERUM 7g Mencerahkan Melembabkan 3in1 liptint Foundation Bedak padat Make up Lightweight Coverage Long-lasting 12-Hour Soft-Focus Flawless Skin oil-control g2glow,https://shopee.co.id/product/809769142/50253502913,https://down-id.img.susercontent.com/file/id-11134207-822wh-motku11mcmq6fa,"[""https://down-id.img.susercontent.com/file/id-11134207-822wh-motku11mcmq6fa""]","[""OFFICIAL_SHOP""]","[""id-11134258-7r98z-lykpu80ygbvs76""]",FSS_new+PromoXtraPlus,id-11134258-822ws-mnciva8io4qu2f,False,False,False,1766482885,201780,299000,201780,33,931791142240256,,,,,,1000.0,28.0,4.912195121951219,615,"[1, 0, 4, 42, 568]","[""Add-on Deal""]",GLAD2GLOW,3138611,100630,"[100630, 100665]",486,combo,"[""Cushion-02 + Lip-01"", ""Cushion-02 + Lip-03"", ""Cushion-03 + Lip-01"", ""Cushion-03 + Lip-03""]"
Shopee,,id,2026-07-01,809769142,glad2glow-indo,Glad2Glow Official Store,KAB. TANGERANG,49007392678,"[Link Khusus-New Shades]Glad2Glow×GGBaby Special Edition BRIGHTENING LIP SERUM 7g  Mencerahkan, Melembabkan Bibir dengan  Lip tint&Lip care",https://shopee.co.id/product/809769142/49007392678,https://down-id.img.susercontent.com/file/id-11134207-822wk-mm0764vpov0g4e,"[""https://down-id.img.susercontent.com/file/id-11134207-822wk-mm0764vpov0g4e"", ""https://down-id.img.susercontent.com/file/sg-11134201-824hs-mpkcq381ubr444"", ""https://down-id.img.susercontent.com/file/id-11134207-822wg-mmio60v3vymn78"", ""https://down-id.img.susercontent.com/file/id-11134207-822wn-mm18u3jc0u0wc7"", ""https://down-id.img.susercontent.com/file/id-11134207-822ws-mm18u3jm1tz459"", ""https://down-id.img.susercontent.com/file/id-11134207-822wq-mm18u3je0gzmeb"", ""https://down-id.img.susercontent.com/file/id-11134207-822wk-mm18u3jdtg5k49"", ""https://down-id.img.susercontent.com/file/id-11134207-822wm-mm0764vpm1vk51""]","[""OFFICIAL_SHOP""]","[""id-11134258-7r98z-lykpu80ygbvs76""]",FSS_new+PromoXtraPlus,id-11134258-822ws-mnciva8io4qu2f,False,False,False,1773831595,57900,109000,57900,47,476041533735198,,,,,,665.0,24.0,4.934523809523809,168,"[0, 1, 0, 8, 159]",[],GLAD2GLOW,3138611,100630,"[100630, 100664, 100900, 101673]",297,LIP SERUM,"[""[NEW]-Pumpkin Frost"", ""[NEW]-Grape Jelly"", ""New set-05+06+07"", ""Pumpkin Frost-2PCS"", ""Grape Jelly-2PCS"", ""Pumpkin Frost-4PCS"", ""Grape Jelly-4PCS""]"
Shopee,,id,2026-07-01,809769142,glad2glow-indo,Glad2Glow Official Store,KAB. TANGERANG,26341558563,Glad2Glow Acne Jerawat Bundle 4pcs paket Centella madeca cream-Moisturizer+Serum+Cleanser+Toner Skincare Centella Masker Menghilangkan Menenangkan kemerahan pada kulit Atur Minyak BerlebihMerawat Kulit g2glow official store acnaway,https://shopee.co.id/product/809769142/26341558563,https://down-id.img.susercontent.com/file/id-11134207-8224v-mjtr76myk9oie6,"[""https://down-id.img.susercontent.com/file/id-11134207-8224v-mjtr76myk9oie6"", ""https://down-id.img.susercontent.com/file/id-11134207-822wp-mp684vfns2rv5e"", ""https://down-id.img.susercontent.com/file/id-11134207-82252-mgly0z9z4b2l78"", ""https://down-id.img.susercontent.com/file/id-11134207-81ztd-mep56s47jeo63b"", ""https://down-id.img.susercontent.com/file/id-11134207-81ztl-mep56s47nmdi77"", ""https://down-id.img.susercontent.com/file/id-11134207-81ztf-mep56s47m7t2e3"", ""https://down-id.img.susercontent.com/file/id-11134207-81ztm-mep56s47p0xyc2"", ""https://down-id.img.susercontent.com/file/id-11134207-81zte-mep56s47qfiefa""]","[""OFFICIAL_SHOP""]","[""id-11134258-7r98z-lykpu80ygbvs76""]",PromoXtraPlusonly,id-11134258-822ws-mnciva8io4qu2f,False,False,False,1757991016,77400,199000,77400,61,476041533735198,,,,,,10000.0,1000.0,4.902474526928676,6183,"[13, 4, 40, 459, 5667]",[],GLAD2GLOW,3138611,100630,"[100630, 100665]",2139,Set Acne Care,"[""Deep Clean Acne 5pcs"", ""Anti Jerawat 5pcs"", ""Peeling Acne 5pcs"", ""Peeling Acne Care"", ""Deep Clean Acne Set"", ""Anti Jerawat 150ML"", ""Anti Jerawat 5in1"", ""Anti Jerawat 4in1"", ""Anti Jerawat 2in1"", ""[LIVE DEAL]Acne 5in1"", ""[LIVE DEAL]Acne 4in1""]"
Shopee,,id,2026-07-01,809769142,glad2glow-indo,Glad2Glow Official Store,KAB. TANGERANG,43226040976,[NEW LAUNCH]Glad2Glow Natural Glowing Set Bundle 4in1-Brightening Moisturizer+Cleanser+lip serum+skin tint 10%Niacinamide skincare paket pembersih perawatan kulit mencerahkan warna kulit pelembab wajah all in 1g2glow official store,https://shopee.co.id/product/809769142/43226040976,https://down-id.img.susercontent.com/file/id-11134207-8224o-mgiut4nu6xamf6,"[""https://down-id.img.susercontent.com/file/id-11134207-8224o-mgiut4nu6xamf6""]","[""OFFICIAL_SHOP""]","[""id-11134258-7r98z-lykpu80ygbvs76""]",PromoXtraPlusonly,id-11134258-822ws-mnciva8io4qu2f,False,False,False,1761968364,100000,149000,100000,33,476041533735198,,,,,,1000.0,19.0,4.88086642599278,831,"[0, 2, 16, 61, 752]","[""Add-on Deal""]",GLAD2GLOW,3138611,100630,"[100630, 100665]",782,Set,"[""01-Strawberry 4PCS"", ""01-Strawberry 2PCS"", ""01-Strawberry 2PCS-1"", ""01-Strawberry 4PCS-2""]"
Shopee,,id,2026-07-01,809769142,glad2glow-indo,Glad2Glow Official Store,KAB. TANGERANG,50802739806,"[Buy3 Disc 34%]Glad2Glow Niacinamide Serum Facial Wash Instant Glow 100g, Pencuci Wajah Brightening,Mencerahkan Pembersih Pori,Ceramide Ectoin Sakura,Untuk Kulit Kusam Berminyak Kulit Sensitif,Melembabkan,pembersih wajah,sabun cuci muka",https://shopee.co.id/product/809769142/50802739806,https://down-id.img.susercontent.com/file/id-11134207-81ztk-mq48fv18ufwr7d,"[""https://down-id.img.susercontent.com/file/id-11134207-81ztk-mq48fv18ufwr7d""]","[""OFFICIAL_SHOP""]","[""id-11134258-7r98z-lykpu80ygbvs76""]",FSS_new+PromoXtraPlus,id-11134258-822ws-mnciva8io4qu2f,False,False,False,1765162441,45900,99000,45900,54,470649164558504,,,,,,10000.0,1000.0,4.917224576704952,48843,"[65, 28, 339, 3021, 45390]","[""Any 2 at Rp90.400""]",GLAD2GLOW,3138611,100630,"[100630, 100664, 100891]",13255,Cleanser,"[""[100g]-1pc"", ""Top1 Club & Perks""]"
Shopee,,id,2026-07-01,809769142,glad2glow-indo,Glad2Glow Official Store,KAB. TANGERANG,42358562447,[100g NEW SIZE]Glad2Glow Advanced Mugwort Acne Gel Mask 50/100g Masker Komedo dan Pori Pori Wajah Mask,https://shopee.co.id/product/809769142/42358562447,https://down-id.img.susercontent.com/file/id-11134207-822wn-mpx07onz2tc27a,"[""https://down-id.img.susercontent.com/file/id-11134207-822wn-mpx07onz2tc27a""]","[""OFFICIAL_SHOP""]","[""id-11134258-7r98z-lykpu80ygbvs76""]",PromoXtraPlusonly,id-11134258-822ws-mnciva8io4qu2f,False,False,False,1752566406,37900,90000,37900,58,476041533735198,,,,,,10000.0,1000.0,4.9046826833684,61314,"[85, 44, 529, 4314, 56342]",[],GLAD2GLOW,3138611,100630,"[100630, 100664, 100898]",22015,Clay Stick,"[""Buy 2 Get 1free"", ""[NEW SIZE]-100g-1pc"", ""100g-3pc"", ""[save 36k]Buy6 Get 7"", ""1PC"", ""[60% OFF]3PCS-Mask"", ""[70% OFF]5PCS-Mask"", ""Mask+Tone up Cream"", ""Mask+Peeling 2IN1"", ""[EXTRA 25% OFF]-6pcs"", ""50g-2pcs"", ""Top1 Club & Perks""]"
Shopee,,id,2026-07-01,809769142,glad2glow-indo,Glad2Glow Official Store,KAB. TANGERANG,27455737082,"[BUY 100ml Save 30%]Glad2Glow Centella Salicylic Acid Acne Gel Cleanser facial wash pembersih wajah sabun cuci muka face wash skincare,Menenangkan kulit berjerawat dan kemerahan,mengontrol minyak berlebih,G2G glad2glow officia store",https://shopee.co.id/product/809769142/27455737082,https://down-id.img.susercontent.com/file/id-11134207-822wj-mpx07onyylmq98,"[""https://down-id.img.susercontent.com/file/id-11134207-822wj-mpx07onyylmq98""]","[""OFFICIAL_SHOP""]","[""id-11134258-7r98z-lykpu80ygbvs76""]",PromoXtraPlusonly,id-11134258-822ws-mnciva8io4qu2f,False,False,False,1721383726,37000,129000,37000,71,470649164558504,,,,,,10000.0,1000.0,4.87071697365815,121180,"[327, 262, 1409, 10754, 108428]",[],GLAD2GLOW,3138611,100630,"[100630, 100664, 100891]",18204,Anti-Jerawat,"[""[HOT SALE]Buy6 Get7"", ""[100ml]-ACNE 1pc"", ""[SAVE 30%]100ml-3pc"", ""[SAVE 30%]100ml-5pc"", ""[EXTRA 25% OFF]-6pcs"", ""Set Acne Care 2PCS"", ""Top1 Club & Perks""]"
Shopee,,id,2026-07-01,809769142,glad2glow-indo,Glad2Glow Official Store,KAB. TANGERANG,45462078618,Glad2Glow Perfect Airbrush Setting Spray -All DAY GLOW SETTINGSPRAY -White Truffle SerumSpray 100ml-All Day Matte Setting Spray -Kunci Makeup 12H Anti Luntur & Kontrol Minyak - Soft Matte Finish Anti Geser Waterproof & Sweatproof-glad2glow offcial,https://shopee.co.id/product/809769142/45462078618,https://down-id.img.susercontent.com/file/id-11134207-822wl-mpj34cetxrtb7e,"[""https://down-id.img.susercontent.com/file/id-11134207-822wl-mpj34cetxrtb7e"", ""https://down-id.img.susercontent.com/file/id-11134207-822wn-mpc5x4c9ih3g17"", ""https://down-id.img.susercontent.com/file/id-11134207-822wq-mpcaaunw2ha935"", ""https://down-id.img.susercontent.com/file/id-11134207-822wo-mpcaaunw83ke79"", ""https://down-id.img.susercontent.com/file/id-11134207-822ws-mpc5x4c9fnyk7a""]","[""OFFICIAL_SHOP""]","[""id-11134258-7r98z-lykpu80ygbvs76""]",FSS_new+PromoXtraPlus,id-11134258-822ws-mnciva8io4qu2f,False,False,False,1781183390,127000,199000,127000,36,476041533735198,,,,,,145.0,138.0,3.909090909090909,11,"[3, 0, 0, 0, 8]","[""Produk Baru""]",GLAD2GLOW,3138611,100630,"[100630, 100662, 100881, 101633]",46,SPRAY,"[""Glow Spray-5pc"", ""Matte Spray-5pc"", ""Airbrush Spray-5pc"", ""Airbrush Spray-2pc"", ""Airbrush Spray-3pc"", ""Matte Spray-2pc"", ""Matte Spray-3pc"", ""Glow Spray-2pc"", ""Glow Spray-3pc"", ""Top1 Club & Perks""]"
Shopee,,id,2026-07-01,809769142,glad2glow-indo,Glad2Glow Official Store,KAB. TANGERANG,55062234188,[2pcs Paket Foundation] Glad2Glow Perfect Cover Glow Cushion | Perfect Cover Cushion  | FlawLess Blurring Skin Tint | 2in1 Perfect Pair Cushion Powder |  Perfect Blurring Powder | Foundation,https://shopee.co.id/product/809769142/55062234188,https://down-id.img.susercontent.com/file/id-11134207-822wp-mpx0d7b9q6f58d,"[""https://down-id.img.susercontent.com/file/id-11134207-822wp-mpx0d7b9q6f58d"", ""https://down-id.img.susercontent.com/file/id-11134207-822wj-mpx0d7b9orup4e"", ""https://down-id.img.susercontent.com/file/id-11134207-822wo-mphkg88y8glo41"", ""https://down-id.img.susercontent.com/file/id-11134207-822ws-mphkg88ycob0cf"", ""https://down-id.img.susercontent.com/file/id-11134207-822wo-mphkg88ye2vg7b"", ""https://down-id.img.susercontent.com/file/id-11134207-822wp-mphkg88y9v6418"", ""https://down-id.img.susercontent.com/file/id-11134207-822wr-mphkg88yb9qk99"", ""https://down-id.img.susercontent.com/file/id-11134207-822wr-mpug4berk6bx92""]","[""OFFICIAL_SHOP""]","[""id-11134258-7r98z-lykpu80ygbvs76""]",FSS_new+PromoXtraPlus,id-11134258-822ws-mnciva8io4qu2f,False,False,False,1781504572,71000,199000,71000,64,476041533735198,,,,,,117.0,100.0,4.888888888888889,18,"[0, 0, 1, 0, 17]","[""Produk Baru""]",GLAD2GLOW,3138611,100630,"[100630, 100662, 100881, 101628]",44,Cushion,"[""Skintint15g-2pc"", ""Cover Cushion-2pc"", ""Glow Cusion-2pc"", ""Skintint15g-3pc"", ""Cover Cushion-3pc"", ""Glow Cusion-3pc"", ""BUY5GET1"", ""[96K OFF]BUY8GET1"", ""Top1 Club & Perks""]"
Shopee,,id,2026-07-01,809769142,glad2glow-indo,Glad2Glow Official Store,KAB. TANGERANG,43360906112,Glad2Glow Perfect Blur&Cover Loose Powder oil control Finishing Kontrol Minyak Tahan Lama Anti Luntur Halus Sempurna & Cover Tinggi bedak padat bedak tabur two way cake cushion foundation setting spray make up g2g glad2glow official store,https://shopee.co.id/product/809769142/43360906112,https://down-id.img.susercontent.com/file/id-11134207-81ztd-mq2pzxsq445e74,"[""https://down-id.img.susercontent.com/file/id-11134207-81ztd-mq2pzxsq445e74""]","[""OFFICIAL_SHOP""]","[""id-11134258-7r98z-lykpu80ygbvs76""]",PromoXtraPlusonly,id-11134258-822ws-mnciva8io4qu2f,False,False,False,1753871015,59000,180000,59000,67,476041533735198,,,,,,10000.0,1000.0,4.916294097757072,26617,"[41, 26, 200, 1586, 24764]",[],GLAD2GLOW,3138611,100630,"[100630, 100662, 100881, 101630]",22818,Colour code,"[""BUY 4 GET 1-01"", ""BUY 4 GET 1-02"", ""BUY 2 GET 1-02"", ""BUY 2 GET 1-01"", ""00 Milkshake"", ""01 Marshmallow- HOT!"", ""02 Cupcake - HOT!"", ""03 Honey"", ""02 Powder+02 Cushion"", ""03 Powder+03 Cushion"", ""[LIVE DEAL]-01"", ""[LIVE DEAL]-02"", ""01 Marshmallow-2pcs"", ""02 Cupcake-2pcs""]"
Shopee,,id,2026-07-01,809769142,glad2glow-indo,Glad2Glow Official Store,KAB. TANGERANG,44328247175,[JADI MEMBER! SETIAP SENIN DAPATKAN HARGA TERBAIK]Glad2Glow Cerah Glowing Bundle 4in1 Brightening,https://shopee.co.id/product/809769142/44328247175,https://down-id.img.susercontent.com/file/id-11134207-822wl-mn5p3rtcsr2807,"[""https://down-id.img.susercontent.com/file/id-11134207-822wl-mn5p3rtcsr2807"", ""https://down-id.img.susercontent.com/file/id-11134207-822wj-mn5p3rtcu5moc7"", ""https://down-id.img.susercontent.com/file/id-11134207-8224t-mjt7sn57474645""]","[""OFFICIAL_SHOP""]","[""id-11134258-7r98z-lykpu80ygbvs76""]",FSS_new+PromoXtraPlus,id-11134258-822ws-mnciva8io4qu2f,False,False,False,1769133054,146500,146500,146500,,0,,,,,,5000.0,244.0,4.919940328194928,2011,"[3, 0, 21, 107, 1880]","[""Add-on Deal""]",GLAD2GLOW,3138611,100630,"[100630, 100665]",989,Set,"[""[HOT]4PCS Glowing""]"
Shopee,,id,2026-07-01,809769142,glad2glow-indo,Glad2Glow Official Store,KAB. TANGERANG,52351401583,[NEW! FREE EXCLUSIVE CHARM] Glad2Glow Perfect Cover Glow Cushion Charm- High Coverage&Glowing Tahan 12 Jam g2g Official Store,https://shopee.co.id/product/809769142/52351401583,https://down-id.img.susercontent.com/file/id-11134207-81ztc-mq2pzxsqdy4hce,"[""https://down-id.img.susercontent.com/file/id-11134207-81ztc-mq2pzxsqdy4hce""]","[""OFFICIAL_SHOP""]","[""id-11134258-7r98z-lykpu80ygbvs76""]",PromoXtraPlusonly,id-11134258-822ws-mnciva8io4qu2f,False,False,False,1763108864,61000,199000,61000,69,476041533735198,,,,,,10000.0,1000.0,4.896877661673972,48139,"[164, 93, 487, 3055, 44340]",[],GLAD2GLOW,3138611,100630,"[100630, 100662, 100881, 101628]",36024,Cushion,"[""BUY 2 GET 1-02"", ""BUY 2 GET 1-03"", ""[Free charm] - 00"", ""[Free charm] - 01"", ""[Free charm] - 02"", ""[Free charm] - 03"", ""[Free charm] - 04"", ""[Free charm] - 05"", ""2PCS-02-Praline"", ""2PCS-03-Custard"", ""00 Affogato"", ""01 Buttercream-HOT"", ""02 Praline-hot sale"", ""03 Custard-hot sale"", ""04 Ginger"", ""05 Cinnamon"", ""3pcs-Glow Set-02"", ""3pcs-Glow Set-03"", ""Base makeup 02"", ""Base makeup 03"", ""Disc 20%-Charm Set02"", ""Disc 20%-Charm Set03"", ""00 Affogato REFILL"", ""01Buttercream REFILL"", ""02 Praline REFILL"", ""03 Custard REFIL"", ""04 Ginger REFILL"", ""05 Cinnamon REFIL"", ""Disc 20%-01"", ""Disc 20%-02-Praline"", ""Disc 20%-03Custard"", ""[LIVE DEAL]-03"", ""[LIVE DEAL]-02"", ""out of stock2"", ""out of stock1"", ""Top1 Club & Perks""]"
Shopee,,id,2026-07-01,809769142,glad2glow-indo,Glad2Glow Official Store,KAB. TANGERANG,29870133400,[2PCS SAVE MORE]GLAD2GLOW Tremella Panthenol Sensitive Care Micellar Water-300ml  Membersihkan makeup waterproof dan kotoran Menenangkan dan menghidrasi kulit Tidak terasa lengket setelah membersihkan g2glow official store,https://shopee.co.id/product/809769142/29870133400,https://down-id.img.susercontent.com/file/id-11134207-8224p-miplfpimmxaf90,"[""https://down-id.img.susercontent.com/file/id-11134207-8224p-miplfpimmxaf90"", ""https://down-id.img.susercontent.com/file/id-11134207-8224o-mjz1r2qtmubmb7"", ""https://down-id.img.susercontent.com/file/id-11134207-7rasg-m3kbjtjv2jfy2c"", ""https://down-id.img.susercontent.com/file/id-11134207-7ras8-m3kbjtjv3y0e54"", ""https://down-id.img.susercontent.com/file/id-11134207-7rasa-m3kbjtjv5cku11"", ""https://down-id.img.susercontent.com/file/id-11134207-7rash-m3kbjtjv85pq74"", ""https://down-id.img.susercontent.com/file/id-11134207-7rasa-m3kbjtjv6r5aba""]","[""OFFICIAL_SHOP""]","[""id-11134258-7r98z-lykpu80ygbvs76""]",FSS_new+PromoXtraPlus,id-11134258-822ws-mnciva8io4qu2f,False,False,False,1733726666,39000,109000,39000,64,476041533735198,,,,,,10000.0,1000.0,4.915316315205327,18021,"[30, 32, 107, 1096, 16756]",[],GLAD2GLOW,3138611,100630,"[100630, 100662, 100884]",7033,Micellar Water,"[""[50%OFF]2PCS-Calm"", ""Calm&Cleanser 2PCS"", ""1PC-Calm"", ""3PCS-Calm""]"
Shopee,,id,2026-07-01,809769142,glad2glow-indo,Glad2Glow Official Store,KAB. TANGERANG,57903895781,[Buy4 Disc40%]GLAD2GLOW 7% GLYCOLIC ACID ESSENCE TONER 3-in-1 Eksfoliasi toner badan toner wajah skin hydrating brightening Mencerahkan dan meratakan warna kulit g2glow official store,https://shopee.co.id/product/809769142/57903895781,https://down-id.img.susercontent.com/file/id-11134207-81zti-mq48fv16tedo68,"[""https://down-id.img.susercontent.com/file/id-11134207-81zti-mq48fv16tedo68""]","[""OFFICIAL_SHOP""]","[""id-11134258-7r98z-lykpu80ygbvs76""]",PromoXtraPlusonly,id-11134258-822ws-mnciva8io4qu2f,False,False,False,1766996592,37000,99000,37000,63,470649164558504,,,,,,10000.0,1000.0,4.933812211390457,3898,"[3, 1, 24, 195, 3675]","[""Any 2 at Rp71.000""]",GLAD2GLOW,3138611,100630,"[100630, 100664, 100892]",4973,Vita C Toner,"[""1 PC"", ""Top1 Club & Perks""]"
Shopee,,id,2026-07-01,809769142,glad2glow-indo,Glad2Glow Official Store,KAB. TANGERANG,56253578980,[NEW LAUNCH] Glad2Glow FLAWLESS Perfect Foundation+ BRIGHTENING LIP SERUM 7g Mencerahkan Melembabkan 3in1 liptint Foundation Bedak padat Make up Lightweight Coverage Long-lasting 12-Hour Soft-Focus Flawless Skin oil-control g2glow official store,https://shopee.co.id/product/809769142/56253578980,https://down-id.img.susercontent.com/file/id-11134207-8224r-milair4l1ibl7c,"[""https://down-id.img.susercontent.com/file/id-11134207-8224r-milair4l1ibl7c""]","[""OFFICIAL_SHOP""]","[""id-11134258-7r98z-lykpu80ygbvs76""]",FSS_new+PromoXtraPlus,id-11134258-822ws-mnciva8io4qu2f,False,False,False,1766574701,109400,299000,109400,63,476041533735198,,,,,,1000.0,75.0,4.913232104121475,461,"[0, 0, 5, 30, 426]","[""Add-on Deal""]",GLAD2GLOW,3138611,100630,"[100630, 100665]",423,combo,"[""Cushion 02 + Lip 01"", ""Cushion 03 + Lip 01"", ""Cushion 02 + Lip 03"", ""Cushion 03 + Lip 03"", ""Skintint 02 + Lip 01"", ""Skintint 03 + Lip 01"", ""Skintint 02 + Lip 03"", ""Skintint 03 + Lip 03"", ""2 IN 1- 02 + Lip 01"", ""2 IN 1- 02 + Lip 03"", ""2 IN 1- 03 + Lip 01"", ""2 IN 1- 03 + Lip 03"", ""GLOW 02 + Lip 01"", ""GLOW 02 + Lip 03"", ""GLOW 03 + Lip 01"", ""GLOW 03 + Lip 03""]"
Shopee,,id,2026-07-01,809769142,glad2glow-indo,Glad2Glow Official Store,KAB. TANGERANG,48463111664,[NEW SIZE] Glad2Glow Cherry Blossom Micellar Water 700ml  Kapasitas besar Lembut cleansing oil Penghapus Makeup Waterproof Hapus Riasan Tahan Air dengan Centella & Tanpa Iritasi untuk Kulit Sensitif & Berjerawat g2glow official store,https://shopee.co.id/product/809769142/48463111664,https://down-id.img.susercontent.com/file/id-11134207-81zte-mq2v2wcqrc3l98,"[""https://down-id.img.susercontent.com/file/id-11134207-81zte-mq2v2wcqrc3l98"", ""https://down-id.img.susercontent.com/file/id-11134207-81ztk-mq2zm2j573swe9"", ""https://down-id.img.susercontent.com/file/id-11134207-81ztm-mq2vchtjohzi74"", ""https://down-id.img.susercontent.com/file/id-11134207-81zth-mq2vchtleayodd"", ""https://down-id.img.susercontent.com/file/id-11134207-81zth-mq2zm2j58idcf9"", ""https://down-id.img.susercontent.com/file/id-11134207-81zth-mq2v2wcgnj0h41"", ""https://down-id.img.susercontent.com/file/id-11134207-81ztf-mq2v2wcqsqo121"", ""https://down-id.img.susercontent.com/file/id-11134207-81ztq-mq2vchtccf7z1f"", ""https://down-id.img.susercontent.com/file/id-11134207-81ztk-mq2v2wcqpxj545""]","[""OFFICIAL_SHOP""]","[""id-11134258-7r98z-lykpu80ygbvs76""]",FSS_new+PromoXtraPlus,id-11134258-822ws-mnciva8io4qu2f,False,False,False,1782793183,99000,149000,99000,34,476041533735198,,,,,,,,0.0,0,"[0, 0, 0, 0, 0]","[""Produk Baru""]",GLAD2GLOW,3138611,100630,"[100630, 100662, 100884]",1,Makeup Remover,"[""[Cherry]1PC"", ""[Brightening]1PC"", ""[Jumbo Size]1PC"", ""[Jumbo Size]1PC-02""]"
Shopee,,id,2026-07-01,809769142,glad2glow-indo,Glad2Glow Official Store,KAB. TANGERANG,41901683742,GLAD2GLOW Acne Drying Lotion Mengeringkan Jerawat Dengan BHA & Bahan Alami Spot Jerawat Niacinamide,https://shopee.co.id/product/809769142/41901683742,https://down-id.img.susercontent.com/file/id-11134207-822wo-moyv1u5tlogc9a,"[""https://down-id.img.susercontent.com/file/id-11134207-822wo-moyv1u5tlogc9a""]","[""OFFICIAL_SHOP""]","[""id-11134258-7r98z-lykpu80ygbvs76""]",PromoXtraPlusonly,id-11134258-822ws-mnciva8io4qu2f,False,False,False,1747824885,67900,172500,67900,61,476041533735198,,,,,,10000.0,983.0,4.906996455540145,12978,"[20, 13, 116, 856, 11973]",[],GLAD2GLOW,3138611,100630,"[100630, 100664, 100904]",9551,Acne Lotion,"[""1PC"", ""[ BUY 1 FREE 1 ]2PCS"", ""Lotion+Mask-2IN1"", ""[ HEMAT 50K ]3PCS""]"
Shopee,,id,2026-07-01,809769142,glad2glow-indo,Glad2Glow Official Store,KAB. TANGERANG,21829166888,Glad2Glow Serum Series-Peeling| Exfoliating | Mencerahkan Wajah | Retinol |Niacinamide| Dark Spot | Acne | Jerawat Glowing Brightening Glow G2G,https://shopee.co.id/product/809769142/21829166888,https://down-id.img.susercontent.com/file/id-11134207-822wh-moyqb994ka3275,"[""https://down-id.img.susercontent.com/file/id-11134207-822wh-moyqb994ka3275"", ""https://down-id.img.susercontent.com/file/id-11134207-822wg-mpx182w57ci6f7"", ""https://down-id.img.susercontent.com/file/id-11134207-7ra0g-md2xvtke6shkc5"", ""https://down-id.img.susercontent.com/file/id-11134207-7rbk7-maxkoov6urfv35"", ""https://down-id.img.susercontent.com/file/id-11134207-822ws-mnb493jtfnyg78"", ""https://down-id.img.susercontent.com/file/id-11134207-7ra0o-mbp7hww5wh5293"", ""https://down-id.img.susercontent.com/file/id-11134207-7ra0g-mbqlaa9mefjwab"", ""https://down-id.img.susercontent.com/file/id-11134207-7ra0s-mbp7hwvvhfie0f""]","[""OFFICIAL_SHOP""]","[""id-11134258-7r98z-lykpu80ygbvs76""]",PromoXtraPlusonly,id-11134258-822ws-mnciva8io4qu2f,False,False,False,1659091261,39900,109000,39900,63,476041533735198,,,,,,10000.0,1000.0,4.891404470622015,257728,"[551, 413, 2048, 20449, 234267]",[],GLAD2GLOW,3138611,100630,"[100630, 100664, 100896]",82100,Serum,"[""PDRN"", ""Smooth Skin"", ""Glowing"", ""Anti-wrinkle"", ""Acne"", ""Antioksidan"", ""Dark Spot"", ""Glowing-DISC"", ""Smooth Skin-2PCS"", ""Glowing-2PCS"", ""2pcs Glowing Set"", ""2pcs Glass Skin Set"", ""2pcs Skin Renew Set"", ""3pcs Ultimate Glow"", ""[live] glow 1pc"", ""[live] retinol 1pc"", ""[live] peeling 1pc"", ""Top1 Club & Perks""]"
Shopee,,id,2026-07-01,809769142,glad2glow-indo,Glad2Glow Official Store,KAB. TANGERANG,23668056941,Glad2Glow Centella Water Gel Moisturizer Madeca Cream Cica Pelembab Wajah 30/55g Pengontrol Minyak Pelembab Menyembuhkan Jerawat  Krim Anti Jerawat Memperbaiki Penghalang Kulit Kelembapan Kulit g2glow official store,https://shopee.co.id/product/809769142/23668056941,https://down-id.img.susercontent.com/file/id-11134207-822wp-mpwzcifgzg1uf7,"[""https://down-id.img.susercontent.com/file/id-11134207-822wp-mpwzcifgzg1uf7""]","[""OFFICIAL_SHOP""]","[""id-11134258-7r98z-lykpu80ygbvs76""]",PromoXtraPlusonly,id-11134258-822ws-mnciva8io4qu2f,False,False,False,1684240172,57900,129000,57900,55,476041533735198,,,,,,10000.0,1000.0,4.860058201642907,271472,"[639, 625, 2901, 27757, 239550]",[],GLAD2GLOW,3138611,100630,"[100630, 100664, 100893]",88732,Set,"[""[HOT]Buy5 Get1Free"", ""[EXTRA DISC20%]55g*5"", ""30g"", ""55g-1PC"", ""[60% off]55g-2pcs"", ""[HEMAT 40%]55g-3pcs"", ""Acne Set"", ""[HEMAT 50%] 30g-3pcs"", ""55g-discount"", ""30g-discount""]"
Shopee,,id,2026-07-01,809769142,glad2glow-indo,Glad2Glow Official Store,KAB. TANGERANG,27938088991,Glad2Glow Centella Salicylic Acid Exfoliating Acne Toner Pads Gentle Eksfoliasi Kulit Jerawat Kulit Sensitif Centella Pads Lactic Acid Malic AHA BHA Peeling Serum Acne Spot Serum Cica Acne Clear Pad Treatment Jerawat Acne Mask Glad2Glow Official Store,https://shopee.co.id/product/809769142/27938088991,https://down-id.img.susercontent.com/file/id-11134207-822wq-mnw994goxxj98b,"[""https://down-id.img.susercontent.com/file/id-11134207-822wq-mnw994goxxj98b""]","[""OFFICIAL_SHOP""]","[""id-11134258-7r98z-lykpu80ygbvs76""]",PromoXtraPlusonly,id-11134258-822ws-mnciva8io4qu2f,False,False,False,1751015386,57900,138000,57900,58,476041533735198,,,,,,10000.0,1000.0,4.914649755643472,17188,"[18, 8, 110, 1151, 15901]",[],GLAD2GLOW,3138611,100630,"[100630, 100664, 100904]",10136,Acne Pads,"[""1PC- Acne Toner Pad"", ""2PCS-Acne Toner Pads"", ""[ HEMAT 50k ] 3pcs"", ""[HOT ]Eksfo Acne2in1"", ""[ HEMAT 80k ] 5pcs""]"
Shopee,,id,2026-07-01,809769142,glad2glow-indo,Glad2Glow Official Store,KAB. TANGERANG,20830189495,Glad2Glow Berry Eye Cream Brightening Eye Serum | Krim Mata with Electronic Massager with Peptide mata panda  kantung mata untuk Mengurangi Kantung Mata Eye Cream Eye Serum Penghilang Mata Panda Kantung Mata Cream Treatment g2glow official store,https://shopee.co.id/product/809769142/20830189495,https://down-id.img.susercontent.com/file/id-11134207-7ra0l-mb6ghkhtwufyf7,"[""https://down-id.img.susercontent.com/file/id-11134207-7ra0l-mb6ghkhtwufyf7"", ""https://down-id.img.susercontent.com/file/id-11134207-8224x-mj2eva516qdhe7"", ""https://down-id.img.susercontent.com/file/id-11134207-81zto-methg3pj6ups2d"", ""https://down-id.img.susercontent.com/file/id-11134207-7r98o-lkl2u24kttt775"", ""https://down-id.img.susercontent.com/file/id-11134207-7r98o-lkl2u24au91l0d"", ""https://down-id.img.susercontent.com/file/id-11134207-7r98o-lkl2u2ig9jjj20""]","[""OFFICIAL_SHOP""]","[""id-11134258-7r98z-lykpu80ygbvs76""]",PromoXtraPlusonly,id-11134258-822ws-mnciva8io4qu2f,False,False,False,1659404760,100000,129000,100000,22,476041533735198,,,,,,10000.0,743.0,4.879134257693608,29570,"[46, 40, 288, 2694, 26502]",[],GLAD2GLOW,3138611,100630,"[100630, 100664, 100899, 101669]",56474,Quantity,"[""1pc"", ""2pcs"", ""[48% off]3pcs""]"
Shopee,,id,2026-07-01,809769142,glad2glow-indo,Glad2Glow Official Store,KAB. TANGERANG,16797836904,Glad2Glow 2pcs Skincare Paket- Moisturizer+Serum-Beauty Sets & Packages Mencerahkan warna kulit  Menghilangkan jerawat pengelupasan kulit penghalang perbaikan Anti penuaan kulit halusMencerahkan bintik g2glow official store,https://shopee.co.id/product/809769142/16797836904,https://down-id.img.susercontent.com/file/id-11134207-822wk-mpbvvf9m57nx1e,"[""https://down-id.img.susercontent.com/file/id-11134207-822wk-mpbvvf9m57nx1e"", ""https://down-id.img.susercontent.com/file/id-11134207-822wn-mo4sk3yezfnpd2"", ""https://down-id.img.susercontent.com/file/id-11134207-7ra0p-mbhmkwvima1wb2"", ""https://down-id.img.susercontent.com/file/id-11134207-7rbkc-maaqujd7vrroad"", ""https://down-id.img.susercontent.com/file/sg-11134201-823r7-mp67j0fq1t6q51"", ""https://down-id.img.susercontent.com/file/id-11134207-7ra0p-mbho4whhbuc7ed"", ""https://down-id.img.susercontent.com/file/id-11134207-7ra0l-mbho4whhenh39c"", ""https://down-id.img.susercontent.com/file/id-11134207-7ra0u-mbho4whhd8wnd1"", ""https://down-id.img.susercontent.com/file/id-11134207-7ra0l-mbho79h2n92l1d""]","[""OFFICIAL_SHOP""]","[""id-11134258-7r98z-lykpu80ygbvs76""]",FSS_new+PromoXtraPlus,id-11134258-822ws-mnciva8io4qu2f,False,False,False,1686737660,77400,199000,77400,61,476041533735198,,,,,,10000.0,1000.0,4.877298879009344,141482,"[247, 197, 1175, 13431, 126432]","[""Add-on Deal""]",GLAD2GLOW,3138611,100630,"[100630, 100665]",40364,Set,"[""2PCS PDRN"", ""2PCS Glowing"", ""2PCS Retinol"", ""2PCS Repair"", ""2PCS Dark Spot"", ""2PCS Acne Care"", ""2PCS Glowing-FS"", ""Top1 Club & Perks""]"
Shopee,,id,2026-07-01,809769142,glad2glow-indo,Glad2Glow Official Store,KAB. TANGERANG,27383676128,"[Ukuran Besar, Lebih Hemat]Glad2Glow Madagascar Centella Light Cleansing Oil 200ml - micellar water pembersih wajah Penghapus riasan - lembut tanpa iritasi Menghapus riasan tahan air dengan cepat dan menyegarkan muka wajah g2glow official store",https://shopee.co.id/product/809769142/27383676128,https://down-id.img.susercontent.com/file/id-11134207-822wg-mp6nph3r6rkbb1,"[""https://down-id.img.susercontent.com/file/id-11134207-822wg-mp6nph3r6rkbb1""]","[""OFFICIAL_SHOP""]","[""id-11134258-7r98z-lykpu80ygbvs76""]",FSS_new+PromoXtraPlus,id-11134258-822ws-mnciva8io4qu2f,False,False,False,1744796728,57900,199000,57900,71,476041533735198,,,,,,10000.0,1000.0,4.906513682711836,47761,"[87, 41, 370, 3254, 44009]",[],GLAD2GLOW,3138611,100630,"[100630, 100662, 100884]",25161,Makeup Remover,"[""Clean Oil-200ml"", ""[CUMA75K/PC!]200ml*2"", ""1PC-Clean Oil-100ml"", ""Clean Oil -100ml*2"", ""[LIVE DEAL]-100ml"", ""Clean Oil -100ml-FS""]"
Shopee,,id,2026-07-01,809769142,glad2glow-indo,Glad2Glow Official Store,KAB. TANGERANG,49459172555,[ Free Gift&SaveMore-5PCS]Glad2Glow Micellar Water 300ml cleansing oil micellar remover make up remove facial wash g2glow official store,https://shopee.co.id/product/809769142/49459172555,https://down-id.img.susercontent.com/file/id-11134207-822wi-mne3vn0rku14a3,"[""https://down-id.img.susercontent.com/file/id-11134207-822wi-mne3vn0rku14a3"", ""https://down-id.img.susercontent.com/file/id-11134207-822wh-mn9g0l0n7c3pb3"", ""https://down-id.img.susercontent.com/file/id-11134207-822wp-mn9g0l0na58l04"", ""https://down-id.img.susercontent.com/file/id-11134207-822wg-mn9g0l0n8qo5ac"", ""https://down-id.img.susercontent.com/file/id-11134207-822wk-mn9u5niffxu042""]","[""OFFICIAL_SHOP""]","[""id-11134258-7r98z-lykpu80ygbvs76""]",FSS_new+PromoXtraPlus,id-11134258-822ws-mnciva8io4qu2f,False,False,False,1776676565,165000,599000,165000,72,476041533735198,,,,,,149.0,96.0,4.782608695652174,23,"[1, 0, 0, 1, 21]",[],GLAD2GLOW,3138611,100630,"[100630, 100662, 100884]",26,Makeup Remover,"[""Cherry-230ml-5PCS"", ""4Cherry+1Brightening"", ""Cherry-5PCS"", ""Brightening-5PCS"", ""VC -5PCS"", ""Pore Clearing-5PCS"", ""Acne Care-5PCS"", ""Calm-5PCS"", ""Cleansing Oil-5PCS""]"
Shopee,,id,2026-07-01,809769142,glad2glow-indo,Glad2Glow Official Store,KAB. TANGERANG,51702755108,Glad2Glow Retinol/Niacinamide Bright Body Serum Body Lotion 10X Cerah Instant Absorb Whiten Tone Up All Day Bright Glow pemutih badan dengan parfum tahan lama Long Lasting Fragrance Body Cream Butter G2Glow Official Store,https://shopee.co.id/product/809769142/51702755108,https://down-id.img.susercontent.com/file/id-11134207-822wg-mpx07onz5mgy0d,"[""https://down-id.img.susercontent.com/file/id-11134207-822wg-mpx07onz5mgy0d""]","[""OFFICIAL_SHOP""]","[""id-11134258-7r98z-lykpu80ygbvs76""]",PromoXtraPlusonly,id-11134258-822ws-mnciva8io4qu2f,False,False,False,1765163957,72900,192000,72900,62,476041533735198,,,,,,10000.0,1000.0,4.918937145940113,44484,"[81, 47, 330, 2481, 41545]",[],GLAD2GLOW,3138611,100630,"[100630, 102002, 102007]",20745,BODY SERUM,"[""Day&Night Glow 2in1"", ""Buy6 Get7"", ""Buy3 Get1 Free"", ""1 PC - Night Glow"", ""5 PC - Night Glow"", ""1 PC - Day Glow"", ""5 PC - Day Glow"", ""3 PC - Night Glow"", ""3 PC - Day Glow"", ""[300ml]- Night Glow"", ""[300ml] -Day Glow"", ""Day&Night Glow 4pcs"", ""[SAVE 38.9k]-6IN1"", ""1PC"", ""3PC"", ""Tone up-3pcs"", ""Buy6 Get1 -tone up"", ""Buy6 Get1-glow"", ""Top1 Club & Perks""]"
Shopee,,id,2026-07-01,809769142,glad2glow-indo,Glad2Glow Official Store,KAB. TANGERANG,18083979760,Glad2Glow Yuja Symwhite 377 Dark Spot Moisturizer menghilangkan bekas jerawat brightening night cream day cream Hilangkan Kulit Skincare Pelembab Esensi Wajah Perawatan Wajah Pembersih day cream tone up g2g official store,https://shopee.co.id/product/809769142/18083979760,https://down-id.img.susercontent.com/file/id-11134207-822wp-mpwzcifh3nr639,"[""https://down-id.img.susercontent.com/file/id-11134207-822wp-mpwzcifh3nr639""]","[""OFFICIAL_SHOP""]","[""id-11134258-7r98z-lykpu80ygbvs76""]",FSS_new+PromoXtraPlus,id-11134258-822ws-mnciva8io4qu2f,False,False,False,1694167664,79900,199000,79900,60,476041533735198,,,,,,10000.0,1000.0,4.883743319710783,101795,"[161, 130, 867, 9066, 91571]",[],GLAD2GLOW,3138611,100630,"[100630, 100664, 100893]",33606,377,"[""[HOT]Buy5 Get1Free"", ""5pcs"", ""[EXTRA DISC 20%]5PCS"", ""[Big Moist] 100g 1pc"", ""[Big Moist] 100g 2pc"", ""1pc"", ""Dark Spot Set"", ""1pc-flash sale"", ""[60% off]2pcs"", ""3PCS"", ""Top1 Club & Perks""]"
Shopee,,id,2026-07-01,809769142,glad2glow-indo,Glad2Glow Official Store,KAB. TANGERANG,46312750544,[ FREE GIFT FOR 6/25! ]Dapatkan Hadiah Dengan Min. Pembelian 300RB,https://shopee.co.id/product/809769142/46312750544,https://down-id.img.susercontent.com/file/id-11134207-822wl-mpun7vwk0dfvfa,"[""https://down-id.img.susercontent.com/file/id-11134207-822wl-mpun7vwk0dfvfa"", ""https://down-id.img.susercontent.com/file/id-11134207-822wg-mpug4berlkwd0a"", ""https://down-id.img.susercontent.com/file/id-11134207-822wu-mpun7vwhv47502""]","[""OFFICIAL_SHOP""]","[""id-11134258-7r98z-lykpu80ygbvs76""]",FSS_new+PromoXtraPlus,id-11134258-822ws-mnciva8io4qu2f,False,False,False,1782294639,9999999,9999999,9999999,,0,,,,,,957.0,798.0,4.896694214876033,242,"[2, 0, 1, 15, 224]","[""Produk Baru""]",GLAD2GLOW,3138611,100630,"[100630, 100663, 100885, 101650]",11,random color,"[""Makeup puff""]"
Shopee,,id,2026-07-01,809769142,glad2glow-indo,Glad2Glow Official Store,KAB. TANGERANG,42705013074,[KHUSUS MEMBER]GLAD2GLOW Mugwort Salicylic Acid Acne Clear Micellar Water 300ml For Acne-Prone Skin/Panthenol Sensitive Care Pembersih Wajah Make Up Remover Cleansing Water Dan Oil-Control Hydrating Jerawat Control  Makeup Waterproof g2glow official store,https://shopee.co.id/product/809769142/42705013074,https://down-id.img.susercontent.com/file/sg-11134201-7rash-mb55i0bfnx3kfc,"[""https://down-id.img.susercontent.com/file/sg-11134201-7rash-mb55i0bfnx3kfc"", ""https://down-id.img.susercontent.com/file/sg-11134201-7raui-mb55ca4pl7ft7c"", ""https://down-id.img.susercontent.com/file/sg-11134201-7rav6-mb55calwqgeo9a"", ""https://down-id.img.susercontent.com/file/sg-11134201-7rau4-mb55cavwaebn08"", ""https://down-id.img.susercontent.com/file/sg-11134201-7ravm-mb55cb5bwl4978""]","[""OFFICIAL_SHOP""]","[""id-11134258-7r98z-lykpu80ygbvs76""]",PromoXtraPlusonly,id-11134258-822ws-mnciva8io4qu2f,False,False,False,1750241577,47900,100000,47900,52,476041533735198,,,,,,1000.0,257.0,4.945364238410596,604,"[0, 0, 4, 25, 575]",[],GLAD2GLOW,3138611,100630,"[100630, 100662, 100884]",289,Warna,"[""1PC-Acne Care""]"
Shopee,,id,2026-07-01,809769142,glad2glow-indo,Glad2Glow Official Store,KAB. TANGERANG,42328071723,[ Cocok Untuk Si Perfeksionis ]Glad2Glow Instant Glowing Bundle all in 1 7in1-Brightening Moisturizer+Serum+Cleanser+Body Serum+Retinol 10%Niacinamide skincare paket pembersih perawatan kulit mencerahkan warna kulit g2glow official store,https://shopee.co.id/product/809769142/42328071723,https://down-id.img.susercontent.com/file/id-11134207-81ztd-mq2pbivg1qfi63,"[""https://down-id.img.susercontent.com/file/id-11134207-81ztd-mq2pbivg1qfi63""]","[""OFFICIAL_SHOP""]","[""id-11134258-7r98z-lykpu80ygbvs76""]",FSS_new+PromoXtraPlus,id-11134258-822ws-mnciva8io4qu2f,False,False,False,1768544880,214605,799000,214605,73,931791142240256,,,,,,8000.0,1000.0,4.911130536130536,3432,"[12, 3, 29, 190, 3198]",[],GLAD2GLOW,3138611,100630,"[100630, 100665]",1297,Instant Glow,"[""[NEW]PDRN+Retinol"", ""[NEW]9PCS-PDRN"", ""BodyGlow+Retinol"", ""KULIT CERAH 8PCS"", ""KULIT CERAH 7PCS"", ""[NEW!]Instant Glow"", ""GlowInstan & Retinol"", ""GlowFocus Retinol"", ""[Extra Dis 25%] 9PCS"", ""[LIVE DEAL]BodyGlow""]"
Shopee,,id,2026-07-01,809769142,glad2glow-indo,Glad2Glow Official Store,KAB. TANGERANG,43754734954,Glad2Glow 2in1 Perfect Pair Cushion Powder Foundation & Lip serum Waterproof Make Up Setting BB Cream Concealer Foundation bedak padat Wajah  Cover Tinggi  long lasting Tahan 12Jam tahan lama Velvet To Matte skin tint g2g,https://shopee.co.id/product/809769142/43754734954,https://down-id.img.susercontent.com/file/id-11134207-822wr-mphkg88yb9qk99,"[""https://down-id.img.susercontent.com/file/id-11134207-822wr-mphkg88yb9qk99""]","[""OFFICIAL_SHOP""]","[""id-11134258-7r98z-lykpu80ygbvs76""]",PromoXtraPlusonly,id-11134258-822ws-mnciva8io4qu2f,False,False,False,1750126924,167900,422500,167900,60,476041533735198,,,,,,10000.0,1000.0,4.903731259159057,88710,"[168, 95, 732, 6119, 81596]",[],GLAD2GLOW,3138611,100630,"[100630, 100662, 100881, 101628]",47366,Shade,"[""2pcs Hemat Banget-02"", ""2pcs Hemat Banget-03"", ""00 Affogato"", ""01 Buttercream"", ""02 Praline"", ""03 Custard"", ""04 Ginger"", ""05 Cinnamon"", ""02 Praline-FS"", ""EXTRA 25%OFF-Glow-02"", ""EXTRA 25%OFF-Glow-03"", ""[LIVE DEAL]-03"", ""Top1 Club & Perks""]"
Shopee,,id,2026-07-01,809769142,glad2glow-indo,Glad2Glow Official Store,KAB. TANGERANG,22853217492,Glad2Glow 3pcs Paket Skincare- Moisturizer+Serum+Toner-Acne Kit Glowing Kit Dark Spot Barrier Bright bundle Beauty Sets Packages Mencerahkan warna kulit Menghilangkan jerawat penghalang perbaikan Mencerahkan bintik hitam Anti penuaang2glow official store,https://shopee.co.id/product/809769142/22853217492,https://down-id.img.susercontent.com/file/id-11134207-7ra0t-mbgluo7142mvd9,"[""https://down-id.img.susercontent.com/file/id-11134207-7ra0t-mbgluo7142mvd9"", ""https://down-id.img.susercontent.com/file/id-11134207-7ra0m-mbgluo712o2f4d"", ""https://down-id.img.susercontent.com/file/id-11134207-7ra0t-mbglzowg0bj88c"", ""https://down-id.img.susercontent.com/file/id-11134207-7ra0q-mbgluo715h7be8"", ""https://down-id.img.susercontent.com/file/id-11134207-7ra0n-mbgluo7119hz6e"", ""https://down-id.img.susercontent.com/file/id-11134207-7ra0r-mbglzowg0bh003""]","[""OFFICIAL_SHOP""]","[""id-11134258-7r98z-lykpu80ygbvs76""]",FSS_new+PromoXtraPlus,id-11134258-822ws-mnciva8io4qu2f,False,False,False,1693540505,116000,299000,116000,61,476041533735198,,,,,,10000.0,205.0,4.858198974663794,53838,"[131, 113, 542, 5687, 47365]","[""Add-on Deal""]",GLAD2GLOW,3138611,100630,"[100630, 100665]",20797,Set,"[""3PCS Glowing"", ""3PCS Repair"", ""3PCS Acne Care"", ""3PCS Dark Spot"", ""3PCS Anti-wrinkle""]"
Shopee,,id,2026-07-01,809769142,glad2glow-indo,Glad2Glow Official Store,KAB. TANGERANG,28376448249,Glad2ght & Moist Body Serum Series--Brighten/Moist/Smooth Badan Body Cream Body Lotion Glow Peeling Menghidrasi Kulit Mencerahkan Dan Pemutih Tubuh Atasi Belang,https://shopee.co.id/product/809769142/28376448249,https://down-id.img.susercontent.com/file/id-11134207-822wh-mpx07onz711ea4,"[""https://down-id.img.susercontent.com/file/id-11134207-822wh-mpx07onz711ea4""]","[""OFFICIAL_SHOP""]","[""id-11134258-7r98z-lykpu80ygbvs76""]",PromoXtraPlusonly,id-11134258-822ws-mnciva8io4qu2f,False,False,False,1739787674,72900,192000,72900,62,476041533735198,,,,,,10000.0,1000.0,4.889154802814597,48889,"[115, 91, 415, 3856, 44412]","[""Add-on Deal""]",GLAD2GLOW,3138611,100630,"[100630, 102002, 102007]",28784,BODY SERUM,"[""[180ml] NightGlow"", ""[180ml]ALL Day Glow"", ""[New]Day&Night Glow"", ""[300ml] NightGlow"", ""[300ml]ALL Day Glow"", ""[HOT !]Bright -300ml"", ""Bright 180ml-1PC"", ""[SAVE 50%]2pcs-300ml"", ""Bright 300ml-2PCS"", ""[Hemat26K]Bright 3PC"", ""Bright&Smooth 3pcs"", ""Bright(300+180ml)2PC"", ""Bright 300ml-1PC-fs""]"
Shopee,,id,2026-07-01,809769142,glad2glow-indo,Glad2Glow Official Store,KAB. TANGERANG,42951674418,Glad2Glow Double Bright Tone up Cream Day Cream Cerah Instan Niacinamide Moisturizer brightening wajah pemutih  Night Cream whitening skincare glowing Mencerahkan warna halus glad2glow official store,https://shopee.co.id/product/809769142/42951674418,https://down-id.img.susercontent.com/file/id-11134207-822wq-mpwzcifh52bme5,"[""https://down-id.img.susercontent.com/file/id-11134207-822wq-mpwzcifh52bme5""]","[""OFFICIAL_SHOP""]","[""id-11134258-7r98z-lykpu80ygbvs76""]",FSS_new+PromoXtraPlus,id-11134258-822ws-mnciva8io4qu2f,False,False,False,1747824556,87900,180000,87900,51,476041533735198,,,,,,10000.0,1000.0,4.903461757547512,77249,"[108, 65, 599, 5632, 70845]",[],GLAD2GLOW,3138611,100630,"[100630, 100664, 100893]",28119,Bright Cream,"[""[HOT]Buy4 Get1Free"", ""[EXTRA DISC 20%]4PCS"", ""1PC-Bright Cream"", ""1PC-DISC"", ""2PCS-Bright Cream"", ""Set Cerah 2PCS"", ""Set Double Cerah 2PC"", ""Top1 Club & Perks"", ""[LIVE DEAL]4pcs""]"
Shopee,,id,2026-07-01,809769142,glad2glow-indo,Glad2Glow Official Store,KAB. TANGERANG,44350293738,[Hemat 8PCS]Glad2Glow Moisturizer Series Mencerahkan Pencerah Wajah Anti Jerawat Penuaan Hilangkan Flek Tenangkan Kulit Niacinamide 377 Retinol Centella Skincare Pelembab Esensi Perawatan Kulit Pelembab Pembersih day cream tone up g2glow official store,https://shopee.co.id/product/809769142/44350293738,https://down-id.img.susercontent.com/file/id-11134207-822wr-mpwzcifh7vgicb,"[""https://down-id.img.susercontent.com/file/id-11134207-822wr-mpwzcifh7vgicb""]","[""OFFICIAL_SHOP""]","[""id-11134258-7r98z-lykpu80ygbvs76""]",FSS_new+PromoXtraPlus,id-11134258-822ws-mnciva8io4qu2f,False,False,False,1746779146,173400,599000,173400,71,476041533735198,,,,,,10000.0,1000.0,4.925143953934741,9981,"[39, 3, 32, 520, 9387]",[],GLAD2GLOW,3138611,100630,"[100630, 100664, 100893]",2110,30ml,"[""PDRN Moisturizer9"", ""Cerah Buy8 Get1Free"", ""Anti-kerut-8+1"", ""Ceramide8+1"", ""Acne Moisturize 8+1"", ""B5 Gel 8+1"", ""B5 Cream 8+1"", ""Double Bright Cream9"", ""Brightening  Cream 9"", ""Dark Spot 8+1"", ""Tenang 30g-8+1"", ""PDRN-Buy5 Get 1Free"", ""Cerah Buy5 Get 1Free"", ""Anti-kerut-B5G1free"", ""Double Bright-4+1"", ""Ceramide-Buy5 Get 1"", ""ToneUpBuy5 Get 1Free"", ""Tenang 30g-5+1"", ""Dark Spot 5+1"", ""B5 Cream 5+1"", ""B5 Gel 5+1"", ""Acne Moisturize 5+1"", ""ToneUp5pcs"", ""Cerah 30g-5PCS"", ""Dark Spot-5PCS"", ""B5 Gel-5PCS"", ""Repair Matahari-5PCS"", ""Anti-kerut-5PCS"", ""B5 Cream-5PCS"", ""Anti Jerawat-5PCS"", ""PDRN-30g-5PCS"", ""Tenang 55g-5PCS"", ""Sejukkan-5PCS"", ""Cerah 100g-3PCS"", ""Tenang 100g-3PCS"", ""[livedeal] glow 5pcs"", ""[live] retinol 5pcs"", ""Top1 Club & Perks""]"
Shopee,,id,2026-07-01,809769142,glad2glow-indo,Glad2Glow Official Store,KAB. TANGERANG,43426213694,[KHUSUS MEMBER]Glad2Glow Blueberry Ceramide Low pH Gel Cleanser,https://shopee.co.id/product/809769142/43426213694,https://down-id.img.susercontent.com/file/id-11134207-8224v-mhtz4cl15urm56,"[""https://down-id.img.susercontent.com/file/id-11134207-8224v-mhtz4cl15urm56"", ""https://down-id.img.susercontent.com/file/id-11134207-8224s-mgrx9sq1ovtbee"", ""https://down-id.img.susercontent.com/file/id-11134207-8224o-mgrx9sq1nh8vb9"", ""https://down-id.img.susercontent.com/file/id-11134207-8224w-mgrxv1zswkjsc2"", ""https://down-id.img.susercontent.com/file/id-11134207-82250-mgrx9sq1qadrfb"", ""https://down-id.img.susercontent.com/file/id-11134207-8224o-mgrx9sq1m2of57""]","[""OFFICIAL_SHOP""]","[""id-11134258-7r98z-lykpu80ygbvs76""]",PromoXtraPlusonly,id-11134258-822ws-mnciva8io4qu2f,False,False,False,1762517785,100000,100000,100000,,0,,,,,,153.0,26.0,4.925,40,"[0, 0, 0, 3, 37]",[],Glad2Glow Official Store,3990929,100630,"[100630, 100664, 100891]",52,Cleanser,"[""1PC""]"
Shopee,,id,2026-07-01,809769142,glad2glow-indo,Glad2Glow Official Store,KAB. TANGERANG,56459618045,[ADD ON DEAL] Glad2Glow Low pH 5.5 Gentle Face Wash  Pencuci Muka pH Seimbang Sabun Wajah Facial Cleanser g2g,https://shopee.co.id/product/809769142/56459618045,https://down-id.img.susercontent.com/file/sg-11134201-820nt-mnlcsh5m2o03ce,"[""https://down-id.img.susercontent.com/file/sg-11134201-820nt-mnlcsh5m2o03ce"", ""https://down-id.img.susercontent.com/file/sg-11134201-820nb-mnlcshensufcf7"", ""https://down-id.img.susercontent.com/file/sg-11134201-820lb-mnlcshnbmvid7b"", ""https://down-id.img.susercontent.com/file/sg-11134201-820op-mnlcshus1k3o8f"", ""https://down-id.img.susercontent.com/file/sg-11134201-820oj-mnlcsi2cbci0bf""]","[""OFFICIAL_SHOP""]","[""id-11134258-7r98z-lykpu80ygbvs76""]",FSS_new+PromoXtraPlus,id-11134258-822ws-mnciva8io4qu2f,False,False,False,1777373538,79000,79000,79000,,0,,,,,,16.0,9.0,5.0,3,"[0, 0, 0, 0, 3]",[],GLAD2GLOW,3138611,100630,"[100630, 100664, 100891]",22,CLEANSER,"[""low pH cleanser 1PC""]"
Shopee,,id,2026-07-01,809769142,glad2glow-indo,Glad2Glow Official Store,KAB. TANGERANG,10599605978,Glad2Glow bundle 3in1 paket Skincare- Moisturizer+Serum+Cleanser- Face Wash  Glowing Kit Dark Spot Acne Kit Mencerahkan warna kulit Menghilangkan jerawat Anti penuaan kulit halus Mencerahkan bintik hitam Beauty Sets & Packages g2glow official store,https://shopee.co.id/product/809769142/10599605978,https://down-id.img.susercontent.com/file/id-11134207-7rbk7-ma9a4kqjxxmt06,"[""https://down-id.img.susercontent.com/file/id-11134207-7rbk7-ma9a4kqjxxmt06"", ""https://down-id.img.susercontent.com/file/sg-11134201-823pl-mp59bmf93pc1ee"", ""https://down-id.img.susercontent.com/file/id-11134207-7ra0k-mbho79h31ar18a"", ""https://down-id.img.susercontent.com/file/id-11134207-7ra0h-mbho79h2yhm527"", ""https://down-id.img.susercontent.com/file/id-11134207-7ra0j-mbho79h2zw6l96"", ""https://down-id.img.susercontent.com/file/id-11134207-7ra0j-mbho79h2x31p87""]","[""OFFICIAL_SHOP""]","[""id-11134258-7r98z-lykpu80ygbvs76""]",FSS_new+PromoXtraPlus,id-11134258-822ws-mnciva8io4qu2f,False,False,False,1695212914,115400,279000,115400,59,476041533735198,,,,,,10000.0,1000.0,4.8642060630965505,53537,"[103, 93, 490, 5599, 47252]","[""Add-on Deal""]",GLAD2GLOW,3138611,100630,"[100630, 100665]",18950,Set,"[""✨3PCS Repair&Glowing"", ""3PCS Glowing"", ""3PCS Dark Spot"", ""3PCS Glowing&Smooth"", ""3PCS Anti-wrinkle"", ""3PCS Acne Care""]"
Shopee,,id,2026-07-01,809769142,glad2glow-indo,Glad2Glow Official Store,KAB. TANGERANG,43564342526,Glad2Glow Deep Pore Clean Facial Wash Pembersih Wajah Charcoa Volcanic Soil BHA Salicylic Acid Deep Cleansing Minyak Berlebih Kotoran jerawat Blackhead Exfoliate Gentle Foam Non Drying Non rritating Untuk Kuit Berminyak sabun cuci muka G2G Cleanser,https://shopee.co.id/product/809769142/43564342526,https://down-id.img.susercontent.com/file/id-11134207-822wr-moqm1f48tuki4c,"[""https://down-id.img.susercontent.com/file/id-11134207-822wr-moqm1f48tuki4c"", ""https://down-id.img.susercontent.com/file/id-11134207-822wg-moyw16t2x3ws60"", ""https://down-id.img.susercontent.com/file/id-11134207-8224w-mila4hgoyjnr42"", ""https://down-id.img.susercontent.com/file/id-11134207-8224y-mila4hgp1csnbb"", ""https://down-id.img.susercontent.com/file/id-11134207-8224z-mila4hgp45xjd3"", ""https://down-id.img.susercontent.com/file/id-11134207-8224z-mila4hgp5khz5d"", ""https://down-id.img.susercontent.com/file/id-11134207-82252-mila4hgozy8710""]","[""OFFICIAL_SHOP""]","[""id-11134258-7r98z-lykpu80ygbvs76""]",PromoXtraPlusonly,id-11134258-822ws-mnciva8io4qu2f,False,False,False,1755773598,37900,79000,37900,52,476041533735198,,,,,,10000.0,1000.0,4.9017872536061144,34802,"[64, 30, 336, 2400, 31972]",[],GLAD2GLOW,3138611,100630,"[100630, 100664, 100891]",10475,CLEANSER,"[""[HOT SALE]Buy6 Get7"", ""Volcano cleanser 5PC"", ""Volcano cleanser 1PC"", ""Volcano cleanser 3PC"", ""Volcano 1PC-FS"", ""Volcano cleanser 2PC"", ""Top1 Club & Perks""]"
Shopee,,id,2026-07-01,809769142,glad2glow-indo,Glad2Glow Official Store,KAB. TANGERANG,28030007092,[Set Eksfoliasi]Glad2Glow Kulit Halus Bundle all in 1 - 2/3/4/5 PCS eksfoliasi wajah Skincare Set-Pulihkan/Cerah Krim+Peeling Solution+ Cleanser+Eksfoliasi Toner-peeling whitening Moisturizer facial wash Pelembab G2G glad2glow official store,https://shopee.co.id/product/809769142/28030007092,https://down-id.img.susercontent.com/file/id-11134207-81ztp-mq2pbivfxiq631,"[""https://down-id.img.susercontent.com/file/id-11134207-81ztp-mq2pbivfxiq631""]","[""OFFICIAL_SHOP""]","[""id-11134258-7r98z-lykpu80ygbvs76""]",PromoXtraPlusonly,id-11134258-822ws-mnciva8io4qu2f,False,False,False,1742285025,77400,299000,77400,74,476041533735198,,,,,,10000.0,1000.0,4.900785931055949,12851,"[21, 20, 106, 919, 11785]",[],GLAD2GLOW,3138611,100630,"[100630, 100665]",4129,Set Eksfoliasi,"[""Set Eksfoliasi 5PCS"", ""Set Kulit Halus 4PCS"", ""Set Kulit Halus 3PCS"", ""Set Eksfoliasi 2PCS"", ""Set Eksfoliasi 2in1"", ""Set Eksfoliasi 4PCS"", ""Set Eksfoliasi 3PCS""]"
Shopee,,id,2026-07-01,809769142,glad2glow-indo,Glad2Glow Official Store,KAB. TANGERANG,18584356032,[DISKON 60%] Glad2Glow Clay Stick&Face Mask Series-Pomegranate Brightening/Mugwort Acne/ Volcanic Pore-sleeping masker g2glow official store,https://shopee.co.id/product/809769142/18584356032,https://down-id.img.susercontent.com/file/id-11134207-822wk-mpirguuc4rgs8c,"[""https://down-id.img.susercontent.com/file/id-11134207-822wk-mpirguuc4rgs8c""]","[""OFFICIAL_SHOP""]","[""id-11134258-7r98z-lykpu80ygbvs76""]",PromoXtraPlusonly,id-11134258-822ws-mnciva8io4qu2f,False,False,False,1695181815,47900,99000,47900,52,476041533735198,,,,,,10000.0,1000.0,4.8486411898010875,277561,"[731, 657, 3696, 29724, 242753]",[],GLAD2GLOW,3138611,100630,"[100630, 100664, 100898]",122189,Clay Stick,"[""1PC-Acne Care"", ""1PC-Glowing"", ""1PC-Eksfoliasi"", ""3PC-Skincare"", ""2PC-Glow&Eksfoliasi"", ""2PC-Eksfoliasi&Acne"", ""2PCS-Glowing&Acne"", ""Pori Masker"", ""Top1 Club & Perks"", ""out of stock""]"
Shopee,,id,2026-07-01,809769142,glad2glow-indo,Glad2Glow Official Store,KAB. TANGERANG,29572980090,"[Pekerja Kantor Wajib Punya] Glad2Glow Flawless Makeup Set: Perfect Cover Cushion+Perfect Blurring Powder Foundation+Lip Serum+Cherry Blossom Micellar Water untuk traveling dan aktivitas harian Aplikasikan & touch-up kapan saja, di mana saja",https://shopee.co.id/product/809769142/29572980090,https://down-id.img.susercontent.com/file/id-11134207-81ztg-mq47ctug2pzf60,"[""https://down-id.img.susercontent.com/file/id-11134207-81ztg-mq47ctug2pzf60""]","[""OFFICIAL_SHOP""]","[""id-11134258-7r98z-lykpu80ygbvs76""]",FSS_new+PromoXtraPlus,id-11134258-822ws-mnciva8io4qu2f,False,False,False,1736325047,220625,220625,220625,,0,,,,,,10000.0,965.0,4.8677859391395595,42885,"[177, 132, 501, 3564, 38511]",[],GLAD2GLOW,3138611,100630,"[100630, 100665]",39015,Warna,"[""Powder Foundation+03"", ""Loose Power + 03"", ""Setting Spray + 03"", ""Top1 Club & Perks""]"
Shopee,,id,2026-07-01,809769142,glad2glow-indo,Glad2Glow Official Store,KAB. TANGERANG,29144828706,[OUT OF STOCK]GLAD2GLOW DAMASK ROSE PETAL GLOW GEL MASK 50g Brighten Soothing Hydrogel Masker Komedo dan Pori Pori Wajah,https://shopee.co.id/product/809769142/29144828706,https://down-id.img.susercontent.com/file/id-11134207-822wg-mp07jp32953gc3,"[""https://down-id.img.susercontent.com/file/id-11134207-822wg-mp07jp32953gc3""]","[""OFFICIAL_SHOP""]","[""id-11134258-7r98z-lykpu80ygbvs76""]",FSS_new+PromoXtraPlus,id-11134258-822ws-mnciva8io4qu2f,False,False,False,1778842963,73910,77800,73910,5,472077299900445,,,,,,10000.0,1000.0,4.925925925925926,4590,"[2, 2, 22, 282, 4282]",[],GLAD2GLOW,3138611,100630,"[100630, 100664, 100898]",4470,Clay Stick,"[""Bright-3pc"", ""Buy6 Get1 Free-Glow"", ""Bright-1pc"", ""Acne&Glowing-2pc"", ""Bright&Serum-2pc"", ""Bright&Moist-2pc"", ""Bright&Spray-2pc"", ""out of stock""]"
Shopee,,id,2026-07-01,809769142,glad2glow-indo,Glad2Glow Official Store,KAB. TANGERANG,56159614182,[ADD ON DEAL] Glad2Glow All IN ONE MAKEUP REMOVER Untuk Semua Kulit Lembut cleansing oil Penghapus Makeup Waterproof 150ML,https://shopee.co.id/product/809769142/56159614182,https://down-id.img.susercontent.com/file/sg-11134201-823pt-mp26qvzheoe81f,"[""https://down-id.img.susercontent.com/file/sg-11134201-823pt-mp26qvzheoe81f"", ""https://down-id.img.susercontent.com/file/sg-11134201-820l5-mnlcy1zfx4ht9a"", ""https://down-id.img.susercontent.com/file/sg-11134201-820mo-mnlcy267jw1yb6"", ""https://down-id.img.susercontent.com/file/sg-11134201-820lc-mnlcy2dqkooy03"", ""https://down-id.img.susercontent.com/file/sg-11134201-820nz-mnlcy2mnb0ue65"", ""https://down-id.img.susercontent.com/file/sg-11134201-820m2-mnlcy2vzajgo6e"", ""https://down-id.img.susercontent.com/file/sg-11134201-824i1-mpmit0u7fmry8f""]","[""OFFICIAL_SHOP""]","[""id-11134258-7r98z-lykpu80ygbvs76""]",FSS_new+PromoXtraPlus,id-11134258-822ws-mnciva8io4qu2f,False,False,False,1777373799,99000,99000,99000,,0,,,,,,18.0,11.0,5.0,3,"[0, 0, 0, 0, 3]",[],GLAD2GLOW,3138611,100630,"[100630, 100662, 100884]",19,Makeup Remover,"[""150ml-Brightening"", ""150ml-1PC""]"
Shopee,,id,2026-07-01,809769142,glad2glow-indo,Glad2Glow Official Store,KAB. TANGERANG,55559898858,[ FREE GIFT FOR 6/25! ]Dapatkan Hadiah Dengan Min. Pembelian 300RB,https://shopee.co.id/product/809769142/55559898858,https://down-id.img.susercontent.com/file/id-11134207-822wr-mntp1d4pasjq22,"[""https://down-id.img.susercontent.com/file/id-11134207-822wr-mntp1d4pasjq22"", ""https://down-id.img.susercontent.com/file/id-11134207-822wm-mntp1d4n5jb833"", ""https://down-id.img.susercontent.com/file/id-11134207-822wg-mp3e35uhgxsb5a""]","[""OFFICIAL_SHOP""]","[""id-11134258-7r98z-lykpu80ygbvs76""]",FSS_new+PromoXtraPlus,id-11134258-822ws-mnciva8io4qu2f,False,False,False,1777878611,999999999,999999999,999999999,,0,,,,,,2000.0,1000.0,4.898360655737705,610,"[8, 1, 1, 25, 575]",[],GLAD2GLOW,3138611,100630,"[100630, 100663, 100885, 101650]",17,random color,"[""Cosmetic bag""]"
Shopee,,id,2026-07-01,809769142,glad2glow-indo,Glad2Glow Official Store,KAB. TANGERANG,51904991108,[ Cocok Untuk Setelah Makeup 7in1 ]Glad2Glow Glow/Eksfoliasi/Vita C Make Up Remove Bundle Moisturizer+Serum+Cleanser+Micellar Water Peeling 10%Niacinamide skincare paket pembersih perawatan kulit mencerahkan warna kulit g2glow official store,https://shopee.co.id/product/809769142/51904991108,https://down-id.img.susercontent.com/file/id-11134207-822ws-mpx1nuf1a2h8de,"[""https://down-id.img.susercontent.com/file/id-11134207-822ws-mpx1nuf1a2h8de""]","[""OFFICIAL_SHOP""]","[""id-11134258-7r98z-lykpu80ygbvs76""]",FSS_new+PromoXtraPlus,id-11134258-822ws-mnciva8io4qu2f,False,False,False,1768960216,218500,899000,218500,76,931791142240256,,,,,,3000.0,529.0,4.895118733509235,1516,"[2, 2, 18, 109, 1385]",[],GLAD2GLOW,3138611,100630,"[100630, 100665]",620,4pcs,"[""[NEW]Glow 7pcs-PDRN"", ""Glow & Soften Set"", ""Glow 7pcs"", ""NEW-Glow 7pcs-Cherry"", ""Glow AntiAge 7pcs"", ""Glow7in1-Cherry300ml"", ""Acne Care 7pcs"", ""Double Bright 7pcs"", ""Exfoliate Glow 7pcs"", ""[LIVE DEAL]Flash7PCS""]"
Shopee,,id,2026-07-01,809769142,glad2glow-indo,Glad2Glow Official Store,KAB. TANGERANG,18024029084,Glad2Glow Centella Ceramide Soothing Toner Acne hydrating toner Kulit Jerawat Berminyak Toner eksfoliasi wajah Menenangkan kemerahan pada kulit,https://shopee.co.id/product/809769142/18024029084,https://down-id.img.susercontent.com/file/id-11134207-822wp-mmhean9jd4p49b,"[""https://down-id.img.susercontent.com/file/id-11134207-822wp-mmhean9jd4p49b"", ""https://down-id.img.susercontent.com/file/id-11134207-822wg-moyw16t2x3ws60"", ""https://down-id.img.susercontent.com/file/id-11134207-7r98s-lz9ucdzy7kkbfe"", ""https://down-id.img.susercontent.com/file/id-11134207-7r991-m0473ghxoqiv56"", ""https://down-id.img.susercontent.com/file/id-11134207-7r98z-lz9ucdzy8z4r57"", ""https://down-id.img.susercontent.com/file/id-11134207-7r98r-lz9ucdzyheqw76"", ""https://down-id.img.susercontent.com/file/sg-11134201-823r8-mp6j1halxuz09f""]","[""OFFICIAL_SHOP""]","[""id-11134258-7r98z-lykpu80ygbvs76""]",PromoXtraPlusonly,id-11134258-822ws-mnciva8io4qu2f,False,False,False,1657872089,43900,109000,43900,60,476041533735198,,,,,,10000.0,1000.0,4.87820989183387,48444,"[103, 94, 440, 4326, 43481]",[],GLAD2GLOW,3138611,100630,"[100630, 100664, 100892]",15608,TONER,"[""1PC-Acne"", ""[40%OFF]3PCS-Acne"", ""Tone UP Cream 2in1"", ""[EXTRA DISC 20%]5PCS"", ""1PC-Acne-FS""]"
Shopee,,id,2026-07-01,809769142,glad2glow-indo,Glad2Glow Official Store,KAB. TANGERANG,40064375511,"Glad2Glow Matcha Salicylic Acid Acne Cleanser facial wash,Anti Jerawat Kontrol Minyak Face Wash Oily Acne Prone Skin Friendly sabun cuci muka,micellar water,skincare,Jerawat,kontrol minyak,lembut tidak kering,cocok untuk semua kulit,G2G Cleanser",https://shopee.co.id/product/809769142/40064375511,https://down-id.img.susercontent.com/file/id-11134207-822wr-mpspu7v26y309b,"[""https://down-id.img.susercontent.com/file/id-11134207-822wr-mpspu7v26y309b""]","[""OFFICIAL_SHOP""]","[""id-11134258-7r98z-lykpu80ygbvs76""]",PromoXtraPlusonly,id-11134258-822ws-mnciva8io4qu2f,False,False,False,1755773607,41000,99000,41000,59,476041533735198,,,,,,10000.0,1000.0,4.918110236220472,16510,"[22, 13, 108, 1009, 15358]",[],GLAD2GLOW,3138611,100630,"[100630, 100664, 100891]",3958,CLEANSER,"[""Acne Cleanser 1PC"", ""Acne Cleanser 3PCS"", ""Acne Cleanser 5PCS"", ""Set--acne care 2PCS"", ""Set--acne care 3PCS"", ""Acne Cleanser 2PCS""]"
Shopee,,id,2026-07-01,809769142,glad2glow-indo,Glad2Glow Official Store,KAB. TANGERANG,57861978788,"Glad2Glow Niacinamide Serum Facial Wash Instant Glow 70g, Pencuci Wajah Brightening,Mencerahkan Pembersih Pori,Ceramide Ectoin Sakura,Untuk Kulit Kusam Berminyak Kulit Sensitif,Melembabkan,pembersih wajah,sabun cuci muka",https://shopee.co.id/product/809769142/57861978788,https://down-id.img.susercontent.com/file/id-11134207-822wn-mp8sw0si11j486,"[""https://down-id.img.susercontent.com/file/id-11134207-822wn-mp8sw0si11j486""]","[""OFFICIAL_SHOP""]","[""id-11134258-7r98z-lykpu80ygbvs76""]",FSS_new+PromoXtraPlus,id-11134258-822ws-mnciva8io4qu2f,False,False,False,1781083325,37900,129000,37900,71,476041533735198,,,,,,1000.0,1000.0,4.921397379912664,458,"[0, 0, 2, 32, 424]","[""Produk Baru""]",GLAD2GLOW,3138611,100630,"[100630, 100664, 100891]",157,Cleanser,"[""[HOT!]-5pcs"", ""[70g]--1PC"", ""[70g]--3pcs"", ""Glowing-3pcs""]"
Shopee,,id,2026-07-01,809769142,glad2glow-indo,Glad2Glow Official Store,KAB. TANGERANG,40258704146,[SPECIAL DISCOUNT]GLAD2GLOW Tropical Velvet Moist & Smooth Hand Body Serum 300ml | Body Cream Body Lotion Menghidrasi Kulit Mencerahkan Dan Pemutih Tubuh Atasi Kulit Belang Brighty Body Care Whitening Skinvu body lotion glad2glow official store,https://shopee.co.id/product/809769142/40258704146,https://down-id.img.susercontent.com/file/id-11134207-8224y-mgxga43upxje37,"[""https://down-id.img.susercontent.com/file/id-11134207-8224y-mgxga43upxje37"", ""https://down-id.img.susercontent.com/file/id-11134207-8224v-mgpxsgwa0c9897"", ""https://down-id.img.susercontent.com/file/id-11134207-822wq-motbmdj8ye4v0d"", ""https://down-id.img.susercontent.com/file/id-11134207-7ra0l-mc92nt7lccf20b"", ""https://down-id.img.susercontent.com/file/id-11134207-7ra0o-mc92nt8zab4508"", ""https://down-id.img.susercontent.com/file/id-11134207-7ra0r-mc92nt8zab7p7d"", ""https://down-id.img.susercontent.com/file/sg-11134201-824iv-mpg36l7ka1vk1b"", ""https://down-id.img.susercontent.com/file/id-11134207-7ra0k-mc92nt8fb49s59"", ""https://down-id.img.susercontent.com/file/id-11134207-7ra0o-mc92nt999whxf9""]","[""OFFICIAL_SHOP""]","[""id-11134258-7r98z-lykpu80ygbvs76""]",FSS_new+PromoXtraPlus,id-11134258-822ws-mnciva8io4qu2f,False,False,False,1752660142,39000,129000,39000,70,476041533735198,,,,,,5000.0,788.0,4.937915742793791,2255,"[2, 0, 11, 110, 2132]","[""Add-on Deal""]",GLAD2GLOW,3138611,100630,"[100630, 102002, 102007]",1142,Body Cream,"[""Moist 300ml-1PC"", ""Moist (180+3OOml)2PC"", ""Moist 300ml-2PCS"", ""Moist 180ml-2PCS"", ""Moist 180ml-3PCS"", ""Moist 180ml""]"
Shopee,,id,2026-07-01,809769142,glad2glow-indo,Glad2Glow Official Store,KAB. TANGERANG,29826448226,Glad2Glow Creamy Berry Overnight Bright Body Serum 300ml body lotion handbody aha whitening body serum body serum lotion handbody pemutih badan pemutih badan hb pemutih badan citra hand body brighty purbasari body serum slavina g2glow official store,https://shopee.co.id/product/809769142/29826448226,https://down-id.img.susercontent.com/file/id-11134207-822wg-motbej4ibua4ea,"[""https://down-id.img.susercontent.com/file/id-11134207-822wg-motbej4ibua4ea""]","[""OFFICIAL_SHOP""]","[""id-11134258-7r98z-lykpu80ygbvs76""]",PromoXtraPlusonly,id-11134258-822ws-mnciva8io4qu2f,False,False,False,1739788037,100000,250000,100000,60,476041533735198,,,,,,10000.0,1000.0,4.9172495907129035,13438,"[20, 11, 99, 801, 12507]",[],GLAD2GLOW,3138611,100630,"[100630, 102002, 102007]",6340,Body serum,"[""Hemat26K⚡Bright 3PC"", ""✨[HOT]Bright -300ml"", ""✨[HOT]Bright 300mlx2"", ""Bright(300+180ml)2PC"", ""Bright -180ml"", ""Bright 180ml-2PCS"", ""Bright -300ml-fs""]"
Shopee,,id,2026-07-01,809769142,glad2glow-indo,Glad2Glow Official Store,KAB. TANGERANG,24704461451,Glad2Glow Pomegranate Niacinamide Brightening Clay Stick Masker Brightening Glowing Mud Clay Masker Mencerahkan Clay Pembersih Komedo Masker Wajah,https://shopee.co.id/product/809769142/24704461451,https://down-id.img.susercontent.com/file/id-11134207-7ra0m-mdbom5w8x8nr35,"[""https://down-id.img.susercontent.com/file/id-11134207-7ra0m-mdbom5w8x8nr35"", ""https://down-id.img.susercontent.com/file/id-11134207-822wg-moyw16t2x3ws60"", ""https://down-id.img.susercontent.com/file/id-11134207-7r98s-lykhgdwzvv3c85"", ""https://down-id.img.susercontent.com/file/id-11134207-7r98y-lykhgdwzugiw16"", ""https://down-id.img.susercontent.com/file/sg-11134201-823pw-mpa631ft7jm3f6"", ""https://down-id.img.susercontent.com/file/id-11134207-7r98y-lpkmhsfapfnxc7"", ""https://down-id.img.susercontent.com/file/id-11134207-7r990-lpkmhsfapg3108""]","[""OFFICIAL_SHOP""]","[""id-11134258-7r98z-lykpu80ygbvs76""]",PromoXtraPlusonly,id-11134258-822ws-mnciva8io4qu2f,False,False,False,1703235346,133500,219000,133500,39,476041533735198,,,,,,10000.0,338.0,4.8274713069233615,78330,"[325, 321, 1239, 8774, 67671]",[],GLAD2GLOW,3138611,100630,"[100630, 100664, 100898]",52300,Type,"[""Glow Clay Stick 1pc"", ""Glow Clay Stick 2pcs"", ""Glow Clay Stick 3pcs"", ""Bright Clay Mask"", ""[Favorit]GLOWING SET"", ""Brightening Set"", ""Moist & Masker"", ""Bright Clay Stick-fs"", ""Bright Clay Mask-fs"", ""Face Wash & Masker"", ""Toner & Masker"", ""Serum & Masker"", ""Moist 100g & Masker"", ""Tone UP Cream 2in1""]"
Shopee,,id,2026-07-01,809769142,glad2glow-indo,Glad2Glow Official Store,KAB. TANGERANG,29601433725,Glad2Glow 2in1 Eyelash & BROW INTENSE SERUM Eyelash Extension -Serum Penumbuh Bulu Mata dan Alis g2glow official store,https://shopee.co.id/product/809769142/29601433725,https://down-id.img.susercontent.com/file/id-11134207-81zth-methg3ppv1twa4,"[""https://down-id.img.susercontent.com/file/id-11134207-81zth-methg3ppv1twa4"", ""https://down-id.img.susercontent.com/file/sg-11134201-824h0-mpf7on6l3kle6d"", ""https://down-id.img.susercontent.com/file/id-11134207-7r98y-lvy70wcl76lqd7"", ""https://down-id.img.susercontent.com/file/id-11134207-7r98v-lvy70wcl76h902"", ""https://down-id.img.susercontent.com/file/id-11134207-7r98p-lvy70wcb7kuz01"", ""https://down-id.img.susercontent.com/file/id-11134207-7r98t-lw6vvs6q1ua562"", ""https://down-id.img.susercontent.com/file/id-11134207-7rbk6-m8wpqpm6flrhee""]","[""OFFICIAL_SHOP""]","[""id-11134258-7r98z-lykpu80ygbvs76""]",FSS_new+PromoXtraPlus,id-11134258-822ws-mnciva8io4qu2f,False,False,False,1717132338,47900,99000,47900,52,476041533735198,,,,,,10000.0,365.0,4.875876120619397,12270,"[33, 22, 123, 1079, 11013]",[],GLAD2GLOW,3138611,100630,"[100630, 100664, 100899, 101671]",10616,variant,"[""1pc"", ""[34% off]-3pcs""]"
Shopee,,id,2026-07-01,809769142,glad2glow-indo,Glad2Glow Official Store,KAB. TANGERANG,40253957457,Glad2Glow Niacinamide Brightening Toner badan face mist hydrating toner centellaToner eksfoliasi wajah glycocid acid glycolic acid combo brightening agent Mencerahkan dan meratakan warna kulit Memberikan efek glowing g2glow,https://shopee.co.id/product/809769142/40253957457,https://down-id.img.susercontent.com/file/id-11134207-822wl-mmhejf2zqrd10f,"[""https://down-id.img.susercontent.com/file/id-11134207-822wl-mmhejf2zqrd10f"", ""https://down-id.img.susercontent.com/file/id-11134207-7rbka-m9ockd8q6mnnab"", ""https://down-id.img.susercontent.com/file/id-11134207-7rbkc-matinxuz1d0e24"", ""https://down-id.img.susercontent.com/file/id-11134207-7rbk2-ma9ou82na7b40e"", ""https://down-id.img.susercontent.com/file/id-11134207-7rbk9-matinxuzgt9a7b"", ""https://down-id.img.susercontent.com/file/id-11134207-822wg-moyw16t2x3ws60""]","[""OFFICIAL_SHOP""]","[""id-11134258-7r98z-lykpu80ygbvs76""]",PromoXtraPlusonly,id-11134258-822ws-mnciva8io4qu2f,False,False,False,1749537431,43900,99000,43900,56,476041533735198,,,,,,10000.0,1000.0,4.922083704363312,20214,"[24, 12, 127, 1189, 18862]",[],GLAD2GLOW,3138611,100630,"[100630, 100664, 100892]",3359,TONER,"[""1PC-Glowing"", ""[40%OFF]3PCS-Glowing"", ""Tone UP Cream 2in1"", ""[40%OFF]2PCS-Glowing"", ""[HEMAT 60%]5PCS"", ""1PC-Glowing-FS""]"
Shopee,,id,2026-07-01,809769142,glad2glow-indo,Glad2Glow Official Store,KAB. TANGERANG,26777568629,Glad2Glow Tremella Vita B5 Sensitive Calming Gel Cleanser facial wash skincare face wash sabun cuci muka cleansing balm exfoliating exfoliasi wajah sabun muka pembersih wajah Menenangkan kulit sensitif menghidrasi & menutrisi kulit g2glow official store,https://shopee.co.id/product/809769142/26777568629,https://down-id.img.susercontent.com/file/id-11134207-822wl-moytfn2ypjbj3b,"[""https://down-id.img.susercontent.com/file/id-11134207-822wl-moytfn2ypjbj3b"", ""https://down-id.img.susercontent.com/file/id-11134207-822wg-moyw16t2x3ws60"", ""https://down-id.img.susercontent.com/file/id-11134207-7rbk5-m77bwgrcmqla61"", ""https://down-id.img.susercontent.com/file/id-11134207-8224o-mhq0gsuz02kob2"", ""https://down-id.img.susercontent.com/file/id-11134207-7rbk2-m77bwgrclc0u6f"", ""https://down-id.img.susercontent.com/file/id-11134207-7rbk6-m77bwgrco55q46"", ""https://down-id.img.susercontent.com/file/id-11134207-7rbkb-m77bwgrcscv249"", ""https://down-id.img.susercontent.com/file/id-11134207-7rbkd-m77bwgrcpjq6a1""]","[""OFFICIAL_SHOP""]","[""id-11134258-7r98z-lykpu80ygbvs76""]",PromoXtraPlusonly,id-11134258-822ws-mnciva8io4qu2f,False,False,False,1740562150,106000,199000,106000,47,476041533735198,,,,,,10000.0,520.0,4.905612244897959,7841,"[20, 9, 57, 519, 7236]",[],GLAD2GLOW,3138611,100630,"[100630, 100664, 100891]",2995,CLEANSER,"[""3PCS Sensitive Skin"", ""1PCS Sensitive Skin"", ""2PCS Sensitive Skin"", ""Set Sensitive Skin"", ""1PC-Calm-FS""]"
Shopee,,id,2026-07-01,809769142,glad2glow-indo,Glad2Glow Official Store,KAB. TANGERANG,24443458397,Glad2Glow Volcano 3D Acid Pore Clay Stick Masker Wajah Clay Masker Stik Deep Cleansing Pori Pori Masker Komedo Dan Pori Pori Wajah Pembersih Komedo clay Masker Masker Organik Masker Jerawat Sheetmask Masker Glad2Glow Clay Mask Masker G2Glow Official Store,https://shopee.co.id/product/809769142/24443458397,https://down-id.img.susercontent.com/file/id-11134207-822wl-mmhejf2zuz2d8c,"[""https://down-id.img.susercontent.com/file/id-11134207-822wl-mmhejf2zuz2d8c"", ""https://down-id.img.susercontent.com/file/id-11134207-7rbk5-m849757l60dacb"", ""https://down-id.img.susercontent.com/file/id-11134207-7rbk0-m849757la82m77"", ""https://down-id.img.susercontent.com/file/id-11134207-7rbk7-m849757l8ti63d"", ""https://down-id.img.susercontent.com/file/id-11134207-7rbk0-m849757l7exqb5"", ""https://down-id.img.susercontent.com/file/id-11134207-822wg-moyw16t2x3ws60""]","[""OFFICIAL_SHOP""]","[""id-11134258-7r98z-lykpu80ygbvs76""]",FSS_new+PromoXtraPlus,id-11134258-822ws-mnciva8io4qu2f,False,False,False,1743649907,47900,109000,47900,56,476041533735198,,,,,,10000.0,408.0,4.901025097207494,5658,"[10, 9, 48, 397, 5194]",[],GLAD2GLOW,3138611,100630,"[100630, 100664, 100898]",2272,Clay Stick,"[""1pc"", ""[60%OFF]3pcs"", ""2pcs"", ""Face Wash & Masker"", ""Deep clean duo"", ""Toner & Masker"", ""Serum & Masker"", ""Moist & Masker"", ""Moist 100g & Masker""]"
Shopee,,id,2026-07-01,809769142,glad2glow-indo,Glad2Glow Official Store,KAB. TANGERANG,46457066270,"Glad2Glow 2IN1 Glow Makeup Set:Base Makeup + Glow Serum Spray Perfect Cover Cushion Skin Tint : Cover Tinggi, Tahan 12 Jam All Day Hydration g2g Official Store",https://shopee.co.id/product/809769142/46457066270,https://down-id.img.susercontent.com/file/id-11134207-822wp-mpwzx5pibdou77,"[""https://down-id.img.susercontent.com/file/id-11134207-822wp-mpwzx5pibdou77"", ""https://down-id.img.susercontent.com/file/id-11134207-822wl-mpxl0ab2cs97a3"", ""https://down-id.img.susercontent.com/file/id-11134207-822wq-mpmb042gln2m50"", ""https://down-id.img.susercontent.com/file/id-11134207-822wq-mlx5yq2l0l4yf0"", ""https://down-id.img.susercontent.com/file/id-11134207-822wn-mpmb042gk8i601"", ""https://down-id.img.susercontent.com/file/id-11134207-822wq-mpmb042gn1n248"", ""https://down-id.img.susercontent.com/file/id-11134207-822wq-mpmb042gpury8b"", ""https://down-id.img.susercontent.com/file/id-11134207-822wi-mpmb042gog7i26"", ""https://down-id.img.susercontent.com/file/id-11134207-822wm-mlx5yq2l1zpe04""]","[""OFFICIAL_SHOP""]","[""id-11134258-7r98z-lykpu80ygbvs76""]",FSS_new+PromoXtraPlus,id-11134258-822ws-mnciva8io4qu2f,False,False,False,1773194462,128000,399000,128000,68,476041533735198,,,,,,5000.0,1000.0,4.912762520193861,1857,"[3, 0, 13, 124, 1717]",[],GLAD2GLOW,3138611,100630,"[100630, 100665]",1194,GLOWSET,"[""Cushion+ Spray"", ""Cushion+ Moisturizer"", ""Cushion+ Serum"", ""Cushion+ Remover"", ""Cushion+ Lip Serum"", ""Cushion+Gel Mask"", ""Top1 Club & Perks""]"
Shopee,,id,2026-07-01,809769142,glad2glow-indo,Glad2Glow Official Store,KAB. TANGERANG,22873282452,Glad2Glow Mugwort Salicylic Acid Acne Clay Stick Masker Wajah Masker Jerawat Acne Clay Stik Anti Pores Acne Jerawat Komedo Cleansing Mugwort Mask,https://shopee.co.id/product/809769142/22873282452,https://down-id.img.susercontent.com/file/id-11134207-822wi-mmhean9j7ifc1b,"[""https://down-id.img.susercontent.com/file/id-11134207-822wi-mmhean9j7ifc1b"", ""https://down-id.img.susercontent.com/file/id-11134207-7qul5-lj41n51eiyqy6f"", ""https://down-id.img.susercontent.com/file/id-11134207-7quky-lj41n51ekdbec6"", ""https://down-id.img.susercontent.com/file/id-11134207-7qul6-lj41n51elrvu4f"", ""https://down-id.img.susercontent.com/file/id-11134207-7qul4-lj41n51en6gaa2"", ""https://down-id.img.susercontent.com/file/id-11134207-7qul2-lj41n51eol0qa1"", ""https://down-id.img.susercontent.com/file/id-11134207-822wg-moyw16t2x3ws60""]","[""OFFICIAL_SHOP""]","[""id-11134258-7r98z-lykpu80ygbvs76""]",FSS_new+PromoXtraPlus,id-11134258-822ws-mnciva8io4qu2f,False,False,False,1689078789,47900,99000,47900,52,476041533735198,,,,,,10000.0,558.0,4.829957113776952,50599,"[150, 169, 772, 5953, 43555]",[],GLAD2GLOW,3138611,100630,"[100630, 100664, 100898]",37992,Clay Stick,"[""[save 58k]Buy5 Get6"", ""[EXTRA 25% OFF]-6pcs"", ""1pcs"", ""[30%OFF]3pcs"", ""2pcs"", ""2in1 Acne Care"", ""Cleanser& Masker"", ""Toner & Masker"", ""Serum & Masker"", ""Moist & Masker"", ""Moist 100g & Masker""]"
Shopee,,id,2026-07-01,809769142,glad2glow-indo,Glad2Glow Official Store,KAB. TANGERANG,23856176929,Glad2Glow Volcano 3D Acid Pore Clay Mask Masker Wajah Masker Glad2Glow Masker Komedo Dan Pori Pori Wajah Deep Pores Cleansing Masker Organik Clay Mask Clay Masker Mud Mask Face Masker Jelly Mask Sheetmask Wash Off Mask Masker Jerawat G2Glow Official Store,https://shopee.co.id/product/809769142/23856176929,https://down-id.img.susercontent.com/file/id-11134207-7ra0m-mb63uu9dqb205f,"[""https://down-id.img.susercontent.com/file/id-11134207-7ra0m-mb63uu9dqb205f"", ""https://down-id.img.susercontent.com/file/id-11134207-822wo-mp66vn66jzeo2b"", ""https://down-id.img.susercontent.com/file/id-11134207-822wl-mot6p28s5ibw99"", ""https://down-id.img.susercontent.com/file/id-11134207-7r98y-lmpor0xnvtscdc"", ""https://down-id.img.susercontent.com/file/id-11134207-7r98x-lmpor0xnvtpbc3"", ""https://down-id.img.susercontent.com/file/id-11134207-7r98y-lmpor0xnvttg2a""]","[""OFFICIAL_SHOP""]","[""id-11134258-7r98z-lykpu80ygbvs76""]",FSS_new+PromoXtraPlus,id-11134258-822ws-mnciva8io4qu2f,False,False,False,1695815859,30900,99000,30900,69,476041533735198,,,,,,10000.0,1000.0,4.8432816260395075,41967,"[93, 97, 586, 4742, 36449]",[],GLAD2GLOW,3138611,100630,"[100630, 100664, 100898]",20831,Type,"[""1PC"", ""Face Wash & Masker"", ""[60%OFF]2PCS"", ""[60%OFF]3PCS"", ""[50%OFF]4PCS""]"
Shopee,,id,2026-07-01,809769142,glad2glow-indo,Glad2Glow Official Store,KAB. TANGERANG,20229171522,[BUY 100ml Save 30%]Glad2Glow Blueberry Ceramide Low pH Gel Cleanser Gentle skin Facial Wash oil control skincare  pembersih wajah sabun cuci muka face wash micellar water g2glow official store,https://shopee.co.id/product/809769142/20229171522,https://down-id.img.susercontent.com/file/id-11134207-822wg-mo4rgeieqe4g56,"[""https://down-id.img.susercontent.com/file/id-11134207-822wg-mo4rgeieqe4g56""]","[""OFFICIAL_SHOP""]","[""id-11134258-7r98z-lykpu80ygbvs76""]",PromoXtraPlusonly,id-11134258-822ws-mnciva8io4qu2f,False,False,False,1659091832,37000,129000,37000,71,470649164558504,,,,,,10000.0,1000.0,4.86865565744896,281953,"[848, 599, 2914, 26007, 251585]",[],GLAD2GLOW,3138611,100630,"[100630, 100664, 100891]",63675,Cleanser,"[""[HOT SALE]Buy6 Get7"", ""[100ml ]- Repair 1PC"", ""[SAVE 30%]100ml-3PC"", ""[SAVE 30%]100ml-5PC"", ""1PC Repair-70ml"", ""3PCS-Repair-70ml"", ""5PCS-Repair"", ""[EXTRA 25% OFF]-6pcs"", ""1PC Repair-FS"", ""Set Repair 2PCS"", ""Top1 Club & Perks""]"
Shopee,,id,2026-07-01,809769142,glad2glow-indo,Glad2Glow Official Store,KAB. TANGERANG,55150606338,[Cocok Untuk Pemula] Glad2Glow Cerah Retinol Bundle 4in1-Brightening Moisturizer+Serum+Cleanser+toner Retinol  skincare paket pembersih perawatan kulit warna kulit pelembab wajah all in 1g2glow official store,https://shopee.co.id/product/809769142/55150606338,https://down-id.img.susercontent.com/file/id-11134207-81ztd-mq2pbivg0bv2e2,"[""https://down-id.img.susercontent.com/file/id-11134207-81ztd-mq2pbivg0bv2e2""]","[""OFFICIAL_SHOP""]","[""id-11134258-7r98z-lykpu80ygbvs76""]",PromoXtraPlusonly,id-11134258-822ws-mnciva8io4qu2f,False,False,False,1761908479,109900,169000,109900,35,476041533735198,,,,,,10000.0,1000.0,4.899102809236653,6799,"[14, 4, 58, 502, 6221]",[],GLAD2GLOW,3138611,100630,"[100630, 100665]",2659,Set,"[""Glow Retinol 5PCS"", ""Glow Retinol 4PCS"", ""[HOT]RETINOL 4PCS"", ""Instant Glow 4PCS"", ""Daily Glow 3PCS"", ""Retinol Care 3PCS"", ""OUTING SET 3PCS"", ""[LIVE DEAL]Anti-age"", ""[LIVE DEAL]Glow""]"
Shopee,,id,2026-07-01,809769142,glad2glow-indo,Glad2Glow Official Store,KAB. TANGERANG,28426633621,[SPOT-LIGHTENING] Glad2Glow 377 Dark Spot Concealer  bundle 4PCS Skincare Paket-SymWhite 377 Moisturizer+ 377 Serum+Cleanser +Niacinamide Day Cream Memperbaiki warna kulit kusam dan mencerahkan kulit G2G g2g officialstore,https://shopee.co.id/product/809769142/28426633621,https://down-id.img.susercontent.com/file/id-11134207-822wm-mmqx6ssbw7bc25,"[""https://down-id.img.susercontent.com/file/id-11134207-822wm-mmqx6ssbw7bc25""]","[""OFFICIAL_SHOP""]","[""id-11134258-7r98z-lykpu80ygbvs76""]",FSS_new+PromoXtraPlus,id-11134258-822ws-mnciva8io4qu2f,False,False,False,1739935645,79900,199000,79900,60,476041533735198,,,,,,10000.0,1000.0,4.902800759943617,16317,"[27, 19, 128, 1165, 14978]",[],GLAD2GLOW,3138611,100630,"[100630, 100665]",3390,377 DARK SPOT,"[""Spot-Lightening Set"", ""2PCS-Dark Spot Hot"", ""Dark Spot Set 3in1"", ""4PCS Anti Flek AM PM"", ""[LIVE DEAL]2PCS"", ""[LIVE DEAL]Spot Set""]"
Shopee,,id,2026-07-01,809769142,glad2glow-indo,Glad2Glow Official Store,KAB. TANGERANG,29028423239,Glad2Glow Symwhite 377 Dark Spot Bundle 7PCS-Yuja Skincare Cerah 377 Moisturizer+Dark Spot Serum+Cleanser+Brightening Moisturizer+ Peeling Serum+Toner+Clay Stick Meringankan flek hitam mencerahkan g2glow official store,https://shopee.co.id/product/809769142/29028423239,https://down-id.img.susercontent.com/file/id-11134207-81zte-mq2pbivfuplae5,"[""https://down-id.img.susercontent.com/file/id-11134207-81zte-mq2pbivfuplae5""]","[""OFFICIAL_SHOP""]","[""id-11134258-7r98z-lykpu80ygbvs76""]",PromoXtraPlusonly,id-11134258-822ws-mnciva8io4qu2f,False,False,False,1741157668,75905,299000,75905,75,931791142240256,,,,,,10000.0,1000.0,4.89510237863903,27789,"[44, 41, 252, 2112, 25340]",[],GLAD2GLOW,3138611,100630,"[100630, 100665]",6438,Dark Spot Set,"[""7PCS Set Anti Flek"", ""2PCS-Dark Spot Hot"", ""7PCS Anti Flek AM PM"", ""[NEW]Spot Light 4in1"", ""3PCS Set Anti Flek"", ""4PCS-Dark Spot &Glow"", ""5PCS Set Anti Flek"", ""3PCS Deep Clean Flek"", ""[LIVE DEAL]7PCS""]"
Shopee,,id,2026-07-01,809769142,glad2glow-indo,Glad2Glow Official Store,KAB. TANGERANG,19793942236,Glad2Glow Cerah Glowing Bundle 4in1-Brightening Moisturizer+Serum+Cleanser+toner+Peeling solution+Retinol 10%Niacinamide skincare paket pembersih perawatan kulit mencerahkan warna kulit pelembab wajah g2glow official store,https://shopee.co.id/product/809769142/19793942236,https://down-id.img.susercontent.com/file/id-11134207-822wi-mp8rz9f0ml1e80,"[""https://down-id.img.susercontent.com/file/id-11134207-822wi-mp8rz9f0ml1e80""]","[""OFFICIAL_SHOP""]","[""id-11134258-7r98z-lykpu80ygbvs76""]",FSS_new+PromoXtraPlus,id-11134258-822ws-mnciva8io4qu2f,False,False,False,1696760965,100000,299000,100000,67,476041533735198,,,,,,10000.0,1000.0,4.85828207397992,132171,"[297, 300, 1443, 13757, 116374]",[],GLAD2GLOW,3138611,100630,"[100630, 100665]",50329,Set,"[""[HOT]4PCS Glowing"", ""SET CERAH 5 PCS-pdrn"", ""5PCS Glowing-pdrn"", ""Glowing 5PCS-pdrn"", ""[EXTRA 25% OFF]5PCS"", ""4PCS Instant Glowing"", ""5PCS Body Glowing"", ""[HOT]Cleanser 3PCS"", ""[HOT]Glow-3PCS"", ""3PCS Toner Set"", ""[LIVE DEAL]4PCSFlash"", ""[LIVE DEAL]5PCS Glow"", ""[LIVE DEAL]5PCS-PDRN"", ""Top1 Club & Perks""]"
Shopee,,id,2026-07-01,809769142,glad2glow-indo,Glad2Glow Official Store,KAB. TANGERANG,48209634222,[Add On Deal] Glad2Glow Barrier Toner Propolis Hyaluronic Acid Essence 80ml Toner,https://shopee.co.id/product/809769142/48209634222,https://down-id.img.susercontent.com/file/sg-11134201-820o3-mnlcx26p2xoid8,"[""https://down-id.img.susercontent.com/file/sg-11134201-820o3-mnlcx26p2xoid8"", ""https://down-id.img.susercontent.com/file/sg-11134201-820m1-mnlcx2g66i9u45"", ""https://down-id.img.susercontent.com/file/sg-11134201-820lk-mnlcx2nptqf797"", ""https://down-id.img.susercontent.com/file/sg-11134201-820lw-mnlcx2x7gyyp38"", ""https://down-id.img.susercontent.com/file/sg-11134201-820nv-mnlcx39he70l5d"", ""https://down-id.img.susercontent.com/file/sg-11134201-824ir-mpjw2es56dqk34""]","[""OFFICIAL_SHOP""]","[""id-11134258-7r98z-lykpu80ygbvs76""]",FSS_new+PromoXtraPlus,id-11134258-822ws-mnciva8io4qu2f,False,False,False,1777373753,99000,99000,99000,,0,,,,,,8.0,4.0,5.0,3,"[0, 0, 0, 0, 3]",[],Glad2Glow Official Store,3990929,100630,"[100630, 100664, 100892]",7,Toner,"[""1PC""]"
Shopee,,id,2026-07-01,809769142,glad2glow-indo,Glad2Glow Official Store,KAB. TANGERANG,56857456458,[Cocok Untuk Pemula]Glad2Glow Cerah Bundle 3in1 Moisturizer+Serum+Cleanser Niacinamide+Retinol+Symwhite 377 g2glow official store,https://shopee.co.id/product/809769142/56857456458,https://down-id.img.susercontent.com/file/id-11134207-822wj-mm1glczjc5xc3d,"[""https://down-id.img.susercontent.com/file/id-11134207-822wj-mm1glczjc5xc3d"", ""https://down-id.img.susercontent.com/file/id-11134207-822wt-mm1glczjdkhs67"", ""https://down-id.img.susercontent.com/file/id-11134207-822wp-mm1glczjez28e3"", ""https://down-id.img.susercontent.com/file/id-11134207-822wi-mm1glczjgdmo98"", ""https://down-id.img.susercontent.com/file/id-11134207-822wt-mm1er3z7r0u867""]","[""OFFICIAL_SHOP""]","[""id-11134258-7r98z-lykpu80ygbvs76""]",FSS_new+PromoXtraPlus,id-11134258-822ws-mnciva8io4qu2f,False,False,False,1773990539,114500,200000,114500,43,476041533735198,,,,,,279.0,31.0,4.952,125,"[0, 0, 0, 6, 119]",[],GLAD2GLOW,3138611,100630,"[100630, 100665]",25,SET,"[""[Niacinamide]3pcs"", ""[Retinol]3pcs"", ""[Symwhite 377]3pcs""]"
Shopee,,id,2026-07-01,809769142,glad2glow-indo,Glad2Glow Official Store,KAB. TANGERANG,25439085414,Glad2Glow Retinol Set All In 1 bundle paket Skincare-Moisturizer+Serum+Cleanser+Toner+ Clay Stick-peach moisturizer skin barrier Retinoid Memudarkan Garis Halus Memudarkan Kerutan Menghaluskan  merawat jerawat dan kemerahan g2glow official store,https://shopee.co.id/product/809769142/25439085414,https://down-id.img.susercontent.com/file/id-11134207-7ra0o-mc0idfmy8y7n93,"[""https://down-id.img.susercontent.com/file/id-11134207-7ra0o-mc0idfmy8y7n93"", ""https://down-id.img.susercontent.com/file/id-11134207-7ra0u-mbgmb10h3ivr54"", ""https://down-id.img.susercontent.com/file/id-11134207-7ra0j-mbgmb10gzb6fe9"", ""https://down-id.img.susercontent.com/file/id-11134207-7ra0j-mbgmb10h6c0n5a"", ""https://down-id.img.susercontent.com/file/id-11134207-7ra0s-mbgmb10h0pqv81""]","[""OFFICIAL_SHOP""]","[""id-11134258-7r98z-lykpu80ygbvs76""]",PromoXtraPlusonly,id-11134258-822ws-mnciva8io4qu2f,False,False,False,1733295846,120000,299000,120000,60,476041533735198,,,,,,6000.0,30.0,4.852588383838384,3168,"[8, 7, 36, 342, 2775]","[""Add-on Deal""]",GLAD2GLOW,3138611,100630,"[100630, 100665]",3952,Anti-wrinkle,"[""6PCS Anti-wrinkle"", ""5PCS Anti-wrinkle"", ""4PCS Anti-wrinkle"", ""3PCS Anti-wrinkle 1"", ""3PCS Anti-wrinkle 2""]"
Shopee,,id,2026-07-01,809769142,glad2glow-indo,Glad2Glow Official Store,KAB. TANGERANG,41680446046,[ADD ON DEAL] Glad2Glow Yuzu Aha Blackhead Exfoliating Cleanser facial wash skincare face wash,https://shopee.co.id/product/809769142/41680446046,https://down-id.img.susercontent.com/file/sg-11134201-820od-mnlcxav4oxl12d,"[""https://down-id.img.susercontent.com/file/sg-11134201-820od-mnlcxav4oxl12d"", ""https://down-id.img.susercontent.com/file/sg-11134201-820o3-mnlcxbgx4ao1f1"", ""https://down-id.img.susercontent.com/file/sg-11134201-820m4-mnlcxbno36kj47"", ""https://down-id.img.susercontent.com/file/sg-11134201-820mm-mnlcxbvkeyv811"", ""https://down-id.img.susercontent.com/file/sg-11134201-820mf-mnlcxc2b3z7pd9"", ""https://down-id.img.susercontent.com/file/sg-11134201-820nn-mnlcxccv864g88"", ""https://down-id.img.susercontent.com/file/sg-11134201-820m6-mnlcxcl4jpj67d""]","[""OFFICIAL_SHOP""]","[""id-11134258-7r98z-lykpu80ygbvs76""]",FSS_new+PromoXtraPlus,id-11134258-822ws-mnciva8io4qu2f,False,False,False,1777373764,199000,199000,199000,,0,,,,,,27.0,7.0,4.909090909090909,11,"[0, 0, 0, 1, 10]",[],Glad2Glow Official Store,3990929,100630,"[100630, 100664, 100891]",29,Eksfoliasi,"[""1PC-Clean""]"
Shopee,,id,2026-07-01,809769142,glad2glow-indo,Glad2Glow Official Store,KAB. TANGERANG,29430013001,Glad2Glow Cerah&Pulihkan Bundle all in 1 7in1 Glowing skincare Brightening Set-Pulihkan/Cerah Krim+ Serum+Pulihkan cleanser+Cerah Toner whitening Moisturizer facial wash glad2glow official store,https://shopee.co.id/product/809769142/29430013001,https://down-id.img.susercontent.com/file/id-11134207-81zti-mq2pbivftb0ue2,"[""https://down-id.img.susercontent.com/file/id-11134207-81zti-mq2pbivftb0ue2""]","[""OFFICIAL_SHOP""]","[""id-11134258-7r98z-lykpu80ygbvs76""]",PromoXtraPlusonly,id-11134258-822ws-mnciva8io4qu2f,False,False,False,1742286857,135280,499000,135280,73,931791142240256,,,,,,10000.0,1000.0,4.888363292336802,28539,"[65, 42, 276, 2248, 25908]",[],GLAD2GLOW,3138611,100630,"[100630, 100665]",11020,REPAIR&GLOW,"[""Repair&Glow 7PCS"", ""[HEMAT 64K]  7PCS"", ""Pulihkan&Cerah 6PCS"", ""Repair & Glow 5PCS"", ""Repair & Glow 4PCS"", ""[LIVE DEAL]Glow&Peel""]"
Shopee,,id,2026-07-01,809769142,glad2glow-indo,Glad2Glow Official Store,KAB. TANGERANG,55659614172,[ ADD ON DEAL ] GLAD2GLOW PERFECT VITA C BRIGHT GLOW TONER G2G Toner 3in1 Function Bright Toner Kulit Tampak Cerah Brightening Even Skin Tone Hydrating Glad2Glow Official,https://shopee.co.id/product/809769142/55659614172,https://down-id.img.susercontent.com/file/sg-11134201-820l6-mnlcxjsf7ais4c,"[""https://down-id.img.susercontent.com/file/sg-11134201-820l6-mnlcxjsf7ais4c"", ""https://down-id.img.susercontent.com/file/sg-11134201-824hv-mplhjizunoy736"", ""https://down-id.img.susercontent.com/file/sg-11134201-820o1-mnlcxkb0vjereb"", ""https://down-id.img.susercontent.com/file/sg-11134201-820n1-mnlcxkl0nzlv31"", ""https://down-id.img.susercontent.com/file/sg-11134201-820o0-mnlcxksymq6c25"", ""https://down-id.img.susercontent.com/file/sg-11134201-820o5-mnlcxlb57dad25"", ""https://down-id.img.susercontent.com/file/sg-11134201-820l9-mnlcxljgxzwg4e""]","[""OFFICIAL_SHOP""]","[""id-11134258-7r98z-lykpu80ygbvs76""]",FSS_new+PromoXtraPlus,id-11134258-822ws-mnciva8io4qu2f,False,False,False,1777373776,90000,90000,90000,,0,,,,,,22.0,8.0,5.0,9,"[0, 0, 0, 0, 9]",[],GLAD2GLOW,3138611,100630,"[100630, 100664, 100892]",7,Vita C Toner,"[""1 PC""]"
Shopee,,id,2026-07-01,809769142,glad2glow-indo,Glad2Glow Official Store,KAB. TANGERANG,21729164441,Glad2Glow Daily Exfoliating Toner toner badan face mist hydrating toner centella Toner eksfoliasi wajah glycocid acid glycolic acid kulit halus Eksfoliasi Lembut Jaga kulit Anda tetap terhidrasi Rawat kulitmu Skincare Mikrodermabrasi g2glow official store,https://shopee.co.id/product/809769142/21729164441,https://down-id.img.susercontent.com/file/id-11134207-822wk-mmhejf2zny8525,"[""https://down-id.img.susercontent.com/file/id-11134207-822wk-mmhejf2zny8525"", ""https://down-id.img.susercontent.com/file/id-11134207-822wg-moyw16t2x3ws60"", ""https://down-id.img.susercontent.com/file/id-11134207-7r98z-lzk6da8gqlzv71"", ""https://down-id.img.susercontent.com/file/id-11134207-7r98s-lzk6da8gkzd4f7"", ""https://down-id.img.susercontent.com/file/id-11134207-7r98o-lzk6da8gs0kb36"", ""https://down-id.img.susercontent.com/file/id-11134207-7r98u-lzk6da8gtf4r89"", ""https://down-id.img.susercontent.com/file/id-11134207-7r98r-lzk6da8gjksoe2""]","[""OFFICIAL_SHOP""]","[""id-11134258-7r98z-lykpu80ygbvs76""]",PromoXtraPlusonly,id-11134258-822ws-mnciva8io4qu2f,False,False,False,1659090863,43900,99000,43900,56,476041533735198,,,,,,10000.0,568.0,4.868203606482538,21905,"[70, 51, 207, 2040, 19537]",[],GLAD2GLOW,3138611,100630,"[100630, 100664, 100892]",18389,TONER,"[""1PC-Exfoliating"", ""3PCS-Exfoliating"", ""[HEMAT 60%]5PCS"", ""1PC-Exfoliating-FS""]"
Shopee,,id,2026-07-01,809769142,glad2glow-indo,Glad2Glow Official Store,KAB. TANGERANG,49506878130,[NEW LAUNCH]Glad2Glow PDRN5% Moisturizer Niacinamide 1% TXA Brightening Day Cream Pemutih Kulit Gloglowing Skincare  Serum glad2glow official store,https://shopee.co.id/product/809769142/49506878130,https://down-id.img.susercontent.com/file/id-11134207-822wt-mpwzcifh9a0y34,"[""https://down-id.img.susercontent.com/file/id-11134207-822wt-mpwzcifh9a0y34""]","[""OFFICIAL_SHOP""]","[""id-11134258-7r98z-lykpu80ygbvs76""]",FSS_new+PromoXtraPlus,id-11134258-822ws-mnciva8io4qu2f,False,False,False,1772793271,89500,196000,89500,54,476041533735198,,,,,,10000.0,1000.0,4.923178271004358,9867,"[14, 7, 58, 565, 9223]",[],GLAD2GLOW,3138611,100630,"[100630, 100664, 100893]",5649,PDRN,"[""[HOT]Buy5 Get1 Free"", ""GLOWING BASE SET"", ""Moisturizer+Serum"", ""5PCS"", ""1PC"", ""3PCS"", ""Top1 Club & Perks"", ""out of stock""]"
Shopee,,id,2026-07-01,809769142,glad2glow-indo,Glad2Glow Official Store,KAB. TANGERANG,20282626747,Glad2Glow Yuja Symwhite 377 Dark Spot Serum Eksfoliasi Wajah collagen serum wajah cream pemutih wajah pelembab whitening cream malam cream flek hitam membandel Menyamarkan noda hitam bekas kusam g2glow official store,https://shopee.co.id/product/809769142/20282626747,https://down-id.img.susercontent.com/file/id-11134207-822wt-mnw994goqwp11c,"[""https://down-id.img.susercontent.com/file/id-11134207-822wt-mnw994goqwp11c""]","[""OFFICIAL_SHOP""]","[""id-11134258-7r98z-lykpu80ygbvs76""]",PromoXtraPlusonly,id-11134258-822ws-mnciva8io4qu2f,False,False,False,1691295786,173400,300000,173400,42,476041533735198,,,,,,10000.0,1000.0,4.885248224079659,49411,"[91, 65, 437, 4237, 44581]",[],GLAD2GLOW,3138611,100630,"[100630, 100664, 100896]",19088,Dark Spot,"[""[EXTRA DISC 20%]5PCS"", ""[HOT]3PCS-Dark Spot"", ""1PC-Dark Spot"", ""[HOT]2PCS-Dark Spot"", ""2PCS-Dark Spot"", ""1PC-Flash Sale""]"
Shopee,,id,2026-07-01,809769142,glad2glow-indo,Glad2Glow Official Store,KAB. TANGERANG,54953271920,"[Beli 6, 31K/PC]GLAD2GLOW NIACINAMIDE/RETINOL BRIGHT BODY SERUM BODY LOTION 10X Cerah Instant Absorb Whiten Tone Up All Day Bright Glow pemutih badan dengan parfum tahan lama Long Lasting Fragrance Handbody Body Cream Butter G2Glow Official Store",https://shopee.co.id/product/809769142/54953271920,https://down-id.img.susercontent.com/file/id-11134207-822wo-mprjwiessjy823,"[""https://down-id.img.susercontent.com/file/id-11134207-822wo-mprjwiessjy823"", ""https://down-id.img.susercontent.com/file/id-11134207-82251-mifo34bksnwo6d"", ""https://down-id.img.susercontent.com/file/id-11134207-8224u-mifo34bku2h4f9"", ""https://down-id.img.susercontent.com/file/id-11134207-8224s-mifo34bkvh1k25"", ""https://down-id.img.susercontent.com/file/id-11134207-8224v-mifo34bkwvm07b"", ""https://down-id.img.susercontent.com/file/id-11134207-8224x-mifo34bkzoqwd9"", ""https://down-id.img.susercontent.com/file/id-11134207-8224o-mifo34bkya6ge3"", ""https://down-id.img.susercontent.com/file/id-11134207-822wm-mphbb5fgh898fe""]","[""OFFICIAL_SHOP""]","[""id-11134258-7r98z-lykpu80ygbvs76""]",FSS_new+PromoXtraPlus,id-11134258-822ws-mnciva8io4qu2f,False,False,False,1766045336,105400,269000,105400,61,476041533735198,,,,,,9000.0,1000.0,4.935730337078652,2225,"[5, 4, 9, 93, 2114]","[""Add-on Deal""]",GLAD2GLOW,3138611,100630,"[100630, 102002, 102007]",890,BODY SERUM,"[""[SAVE 38.9k]6in1"", ""5PC - Night Glow"", ""5PC - Day Glow"", ""3PC - Night Glow"", ""3PC - Day Glow"", ""buy8 get 9"", ""Buy6 Get7- Day 300ml"", ""Buy6 Get7- 300ml"", ""buy8 get 1-tone up"", ""[SAVE 110k]9in1"", ""Top1 Club & Perks""]"
Shopee,,id,2026-07-01,809769142,glad2glow-indo,Glad2Glow Official Store,KAB. TANGERANG,48659174387,GLAD2GLOW [2-IN-1 SET] PDRN Brightening Duo: Serum/Moisturizer + Cushion/Skin Tint - Double Brightening 5% Niacinamide - Deep Repair & Anti Kusam - Base Makeup Sempurna-glad2glow offical,https://shopee.co.id/product/809769142/48659174387,https://down-id.img.susercontent.com/file/id-11134207-822wk-mnfijn9e603l50,"[""https://down-id.img.susercontent.com/file/id-11134207-822wk-mnfijn9e603l50"", ""https://down-id.img.susercontent.com/file/id-11134207-822wh-mnfijn9e7eo1e5"", ""https://down-id.img.susercontent.com/file/id-11134207-822wr-mn9u5nia23gl82"", ""https://down-id.img.susercontent.com/file/id-11134207-822wr-mn9u5nia3i11fc"", ""https://down-id.img.susercontent.com/file/id-11134207-822wt-mn9u5nia4wlhf4""]","[""OFFICIAL_SHOP""]","[""id-11134258-7r98z-lykpu80ygbvs76""]",FSS_new+PromoXtraPlus,id-11134258-822ws-mnciva8io4qu2f,False,False,False,1776682754,100000,399000,100000,75,476041533735198,,,,,,692.0,75.0,4.944186046511628,215,"[1, 0, 2, 4, 208]",[],GLAD2GLOW,3138611,100630,"[100630, 100665]",142,PDRNserumSET,"[""CUSHION+ SERUM"", ""GLOWCUSHION+SERUM"", ""SKINTINT+ SERUM"", ""CUSHION +CREAM"", ""GLOWCUSHION+CREAM"", ""SKINTINT+CREAM""]"
Shopee,,id,2026-07-01,809769142,glad2glow-indo,Glad2Glow Official Store,KAB. TANGERANG,29490268069,"Glad2Glow Ultimate Moisturizing Face Wash,Low pH 5.5 Gentle Face Wash,facial wash pembersih wajah sabun cuci muka face wash skincare micellar water,Untuk kulit normal–kering,Hidrasi mendalam,Merawat skin barrier,G2G glad2glow officia store",https://shopee.co.id/product/809769142/29490268069,https://down-id.img.susercontent.com/file/id-11134207-822wi-mmhejf2zwdmtc2,"[""https://down-id.img.susercontent.com/file/id-11134207-822wi-mmhejf2zwdmtc2"", ""https://down-id.img.susercontent.com/file/id-11134207-822wg-moyw16t2x3ws60"", ""https://down-id.img.susercontent.com/file/id-11134207-8224s-mhq0gsutm87754"", ""https://down-id.img.susercontent.com/file/id-11134207-81ztp-mdwzltjjrvnma4"", ""https://down-id.img.susercontent.com/file/id-11134207-7ra0r-mdv913pile346a"", ""https://down-id.img.susercontent.com/file/id-11134207-7ra0r-mdv913pio78053"", ""https://down-id.img.susercontent.com/file/id-11134207-7ra0j-mdv913pimsnk42""]","[""OFFICIAL_SHOP""]","[""id-11134258-7r98z-lykpu80ygbvs76""]",FSS_new+PromoXtraPlus,id-11134258-822ws-mnciva8io4qu2f,False,False,False,1755773602,29000,79000,29000,63,476041533735198,,,,,,10000.0,895.0,4.92305807400147,4081,"[2, 4, 33, 228, 3814]","[""Add-on Deal""]",GLAD2GLOW,3138611,100630,"[100630, 100664, 100891]",1611,CLEANSER,"[""Melembabkan 3PCS"", ""Melembabkan 1PC"", ""Melembabkan 2PCS"", ""Set cleansing 2PCS"", ""Set Anti-Aging 2PCS"", ""Set Anti-Aging 3PCS""]"
Shopee,,id,2026-07-01,809769142,glad2glow-indo,Glad2Glow Official Store,KAB. TANGERANG,23457178413,Glad2Glow bundle 5in1 paket Skincare- Moisturizer+Serum+Cleanser+Toner+ Clay Stick- Face Wash  Glowing Kit Dark Spot Acne Kit Mencerahkan warna kulit Menghilangkan jerawat Anti penuaan Mencerahkan bintik hitam Beauty Sets & Packages g2glow official store,https://shopee.co.id/product/809769142/23457178413,https://down-id.img.susercontent.com/file/id-11134207-7ra0o-mbgluo6qglg3c1,"[""https://down-id.img.susercontent.com/file/id-11134207-7ra0o-mbgluo6qglg3c1"", ""https://down-id.img.susercontent.com/file/id-11134207-7ra0m-mbgluo70g71p39"", ""https://down-id.img.susercontent.com/file/id-11134207-7ra0p-mbgluo70g6tv77"", ""https://down-id.img.susercontent.com/file/id-11134207-7ra0i-mbglm0x2v3io86"", ""https://down-id.img.susercontent.com/file/id-11134207-7ra0s-mbglm0x30psg0a"", ""https://down-id.img.susercontent.com/file/id-11134207-7ra0p-mbgluo70rfiv5b"", ""https://down-id.img.susercontent.com/file/id-11134207-7ra0r-mbglm0x37qmo1d""]","[""OFFICIAL_SHOP""]","[""id-11134258-7r98z-lykpu80ygbvs76""]",PromoXtraPlusonly,id-11134258-822ws-mnciva8io4qu2f,False,False,False,1696762229,187000,499000,187000,63,476041533735198,,,,,,10000.0,126.0,4.84467638339921,16192,"[61, 47, 203, 1724, 14157]",[],GLAD2GLOW,3138611,100630,"[100630, 100665]",9294,Set,"[""5PCS Glowing"", ""5PCS Acne Care"", ""5PCS Anti-wrinkle"", ""5PCS Repair"", ""5PCS Dark Spot"", ""5PCS Glowing&Acne""]"
Shopee,,id,2026-07-01,809769142,glad2glow-indo,Glad2Glow Official Store,KAB. TANGERANG,26888816475,[KHUSUS MEMBER]Glad2Glow Propolis Hyaluronic Acid Barrier Essence Toner badan face mist hydrating toner centella Toner eksfoliasi wajah glycocid acid glycolic acid Memperbaiki penghalang kulit Jaga kulit Anda G2G Toner g2glow official store,https://shopee.co.id/product/809769142/26888816475,https://down-id.img.susercontent.com/file/sg-11134201-7rdyb-mcbznq636x9uc3,"[""https://down-id.img.susercontent.com/file/sg-11134201-7rdyb-mcbznq636x9uc3"", ""https://down-id.img.susercontent.com/file/id-11134207-822wt-mot779eruj9p87"", ""https://down-id.img.susercontent.com/file/id-11134207-822wi-mot6p28sb4lo20"", ""https://down-id.img.susercontent.com/file/sg-11134201-7rdw6-mcbznqd0y5eof4"", ""https://down-id.img.susercontent.com/file/sg-11134201-7rdw9-mcbznqlmk6mp8f"", ""https://down-id.img.susercontent.com/file/sg-11134201-7rdxt-mcbznqtea6c9f2"", ""https://down-id.img.susercontent.com/file/sg-11134201-7rdwv-mcbznr01z2lu86"", ""https://down-id.img.susercontent.com/file/id-11134207-822wo-moytfn2yqxvz8f"", ""https://down-id.img.susercontent.com/file/sg-11134201-7rdyx-mcbznrflcc3b20""]","[""OFFICIAL_SHOP""]","[""id-11134258-7r98z-lykpu80ygbvs76""]",FSS_new+PromoXtraPlus,id-11134258-822ws-mnciva8io4qu2f,False,False,False,1752835005,37500,100000,37500,63,476041533735198,,,,,,1000.0,11.0,4.959239130434782,368,"[0, 1, 1, 10, 356]","[""Add-on Deal""]",GLAD2GLOW,3138611,100630,"[100630, 100664, 100892]",165,TONER,"[""1PC-Repair""]"
Shopee,,id,2026-07-01,809769142,glad2glow-indo,Glad2Glow Official Store,KAB. TANGERANG,55157456628,Glad2Glow Set Makeup Lengkap 2in1 Pore Clearing Micellar+Cushion Foundation Sempurna untuk Makeup Sehari-hari Tanpa Repot G2G / Make Up Set Lengkap,https://shopee.co.id/product/809769142/55157456628,https://down-id.img.susercontent.com/file/id-11134207-822wl-mm8keq8fhatg99,"[""https://down-id.img.susercontent.com/file/id-11134207-822wl-mm8keq8fhatg99"", ""https://down-id.img.susercontent.com/file/id-11134207-822wn-mm8keq8fk3yc91"", ""https://down-id.img.susercontent.com/file/id-11134207-822wt-mm8keq8fliisa5"", ""https://down-id.img.susercontent.com/file/id-11134207-822wn-mm1g8jthoooyfb"", ""https://down-id.img.susercontent.com/file/id-11134207-822wt-mm1g8jthrhtu9f"", ""https://down-id.img.susercontent.com/file/id-11134207-822wo-mm1g8jthx43me0"", ""https://down-id.img.susercontent.com/file/id-11134207-822wu-mm1g8jthvpj64d"", ""https://down-id.img.susercontent.com/file/id-11134207-822wh-mm1g8jthuayq14"", ""https://down-id.img.susercontent.com/file/id-11134207-822wm-mm1g8jthswea5f""]","[""OFFICIAL_SHOP""]","[""id-11134258-7r98z-lykpu80ygbvs76""]",FSS_new+PromoXtraPlus,id-11134258-822ws-mnciva8io4qu2f,False,False,False,1773991023,103000,299000,103000,66,476041533735198,,,,,,222.0,58.0,4.942028985507246,69,"[0, 0, 0, 4, 65]",[],GLAD2GLOW,3138611,100630,"[100630, 100665]",45,SET,"[""Kulit Kering Set"", ""Kulit Kombinasi Set"", ""Kulit Berminyak Set""]"
Shopee,,id,2026-07-01,809769142,glad2glow-indo,Glad2Glow Official Store,KAB. TANGERANG,27580011874,[SENSITIVE SET]Glad2Glow Bundle all in 1 Tremella Vita B5 Sensitive Calming Moisturizer+Peeling Solution+Glad2Glow  Gel Cleanser+Tremella Panthenol Sensitive Care Micellar Water g2glow official store,https://shopee.co.id/product/809769142/27580011874,https://down-id.img.susercontent.com/file/id-11134207-7rbk1-m7hdwpjymbiuc8,"[""https://down-id.img.susercontent.com/file/id-11134207-7rbk1-m7hdwpjymbiuc8"", ""https://down-id.img.susercontent.com/file/id-11134207-7rbka-m7hdwpjyp4nq0c"", ""https://down-id.img.susercontent.com/file/id-11134207-7rbkc-m7hdwpjynq3a09"", ""https://down-id.img.susercontent.com/file/id-11134207-7rbk1-m7hdwpjyqj8627""]","[""OFFICIAL_SHOP""]","[""id-11134258-7r98z-lykpu80ygbvs76""]",FSS_new+PromoXtraPlus,id-11134258-822ws-mnciva8io4qu2f,False,False,False,1742284775,90500,299000,90500,70,476041533735198,,,,,,2000.0,48.0,4.898520084566596,946,"[2, 2, 10, 62, 870]","[""Add-on Deal""]",GLAD2GLOW,3138611,100630,"[100630, 100665]",948,SENSITIVE SET,"[""5PCS Sensitive Care"", ""4PCS Sensitive Care"", ""3PCS Sensitive Care"", ""2PCS Sensitive Care""]"
Shopee,,id,2026-07-01,809769142,glad2glow-indo,Glad2Glow Official Store,KAB. TANGERANG,48403527392,[NEW LAUNCH] Glad2Glow FLAWLESS BLURRING SKIN TINT 30G+ BRIGHTENING LIP SERUM 7g*2 Mencerahkan Melembabkan 3in1 liptint Foundation Bedak padat Make up Lightweight Coverage Long-lasting 12-Hour Soft-Focus Flawless Skin oil-control g2glow official store,https://shopee.co.id/product/809769142/48403527392,https://down-id.img.susercontent.com/file/id-11134207-8224p-milair4l8j5tc0,"[""https://down-id.img.susercontent.com/file/id-11134207-8224p-milair4l8j5tc0""]","[""OFFICIAL_SHOP""]","[""id-11134258-7r98z-lykpu80ygbvs76""]",FSS_new+PromoXtraPlus,id-11134258-822ws-mnciva8io4qu2f,False,False,False,1766481462,160500,299000,160500,46,476041533735198,,,,,,54.0,3.0,4.823529411764706,17,"[0, 0, 0, 3, 14]",[],GLAD2GLOW,3138611,100630,"[100630, 100665]",77,combo,"[""Skintint 01+ Lip01*2"", ""Skintint 02+ Lip01*2"", ""Skintint 03+ Lip01*2""]"
Shopee,,id,2026-07-01,809769142,glad2glow-indo,Glad2Glow Official Store,KAB. TANGERANG,57457465945,Glad2glow Brightening Lip Serum Strawberry Glaze Melembabkan Bibir& Pore Clearing Micellar Water&Vita C Bright Glow Cleanser,https://shopee.co.id/product/809769142/57457465945,https://down-id.img.susercontent.com/file/id-11134207-822wq-mm1pfq80su8560,"[""https://down-id.img.susercontent.com/file/id-11134207-822wq-mm1pfq80su8560"", ""https://down-id.img.susercontent.com/file/id-11134207-822wn-mm1q053fvev949"", ""https://down-id.img.susercontent.com/file/id-11134207-822wi-mm1pfq8d3b4f9f"", ""https://down-id.img.susercontent.com/file/id-11134207-822wm-mm1pfq8cz3f3c4"", ""https://down-id.img.susercontent.com/file/id-11134207-822wm-mm1pfq8d1wjz04"", ""https://down-id.img.susercontent.com/file/id-11134207-822wn-mm18u3jc0u0wc7"", ""https://down-id.img.susercontent.com/file/id-11134207-822wk-mm18u3jdtg5k49"", ""https://down-id.img.susercontent.com/file/id-11134207-822wj-mm1irf40krgo61"", ""https://down-id.img.susercontent.com/file/sg-11134201-824i7-mplifosup91f64""]","[""OFFICIAL_SHOP""]","[""id-11134258-7r98z-lykpu80ygbvs76""]",FSS_new+PromoXtraPlus,id-11134258-822ws-mnciva8io4qu2f,False,False,False,1774005853,126500,199000,126500,36,476041533735198,,,,,,26.0,3.0,4.9,10,"[0, 0, 0, 1, 9]",[],GLAD2GLOW,3138611,100630,"[100630, 100665]",44,LIP SERUM,"[""01*2"", ""03*2"", ""05*2"", ""07*2"", ""01+03"", ""05+07""]"
Shopee,,id,2026-07-01,809769142,glad2glow-indo,Glad2Glow Official Store,KAB. TANGERANG,27160062024,Glad2Glow Propolis Hyaluronic Acid Barrier Essence Toner badan face mist hydrating toner centella Toner eksfoliasi wajah glycocid acid glycolic acid Memperbaiki penghalang kulit Jaga kulit Anda tetap terhidrasi Skincare G2G Toner g2glow official stor,https://shopee.co.id/product/809769142/27160062024,https://down-id.img.susercontent.com/file/id-11134207-822wm-mmhejf2zs5xhee,"[""https://down-id.img.susercontent.com/file/id-11134207-822wm-mmhejf2zs5xhee"", ""https://down-id.img.susercontent.com/file/id-11134207-822wg-moyw16t2x3ws60"", ""https://down-id.img.susercontent.com/file/id-11134207-7r98x-lzpzsdt6b0o0f1"", ""https://down-id.img.susercontent.com/file/id-11134207-7r992-lzpzsdt6b09404"", ""https://down-id.img.susercontent.com/file/id-11134207-7r98p-lzpzsdt6b0m6aa"", ""https://down-id.img.susercontent.com/file/id-11134207-7r991-lzpzsdt6b0m393"", ""https://down-id.img.susercontent.com/file/id-11134207-7rbk4-m790mbsppi5jd4""]","[""OFFICIAL_SHOP""]","[""id-11134258-7r98z-lykpu80ygbvs76""]",FSS_new+PromoXtraPlus,id-11134258-822ws-mnciva8io4qu2f,False,False,False,1725352706,37500,109000,37500,66,476041533735198,,,,,,10000.0,322.0,4.87958071278826,11925,"[37, 27, 103, 1001, 10757]",[],GLAD2GLOW,3138611,100630,"[100630, 100664, 100892]",5157,TONER,"[""1PC-Repair"", ""[26%OFF]3PCS-Repair"", ""[HEMAT 60%]5PCS"", ""[30%OFF]2PCS-Repair""]"
Shopee,,id,2026-07-01,809769142,glad2glow-indo,Glad2Glow Official Store,KAB. TANGERANG,52652820141,"Glad2Glow 2in1 Set Cleansing Oil & Facial Wash - Centella Madagascar - Untuk Kulit Berjerawat, Berminyak, Sensitif & Cerah  g2glow official store",https://shopee.co.id/product/809769142/52652820141,https://down-id.img.susercontent.com/file/id-11134207-8224q-mipbjjie58g874,"[""https://down-id.img.susercontent.com/file/id-11134207-8224q-mipbjjie58g874"", ""https://down-id.img.susercontent.com/file/id-11134207-8224q-mifmnn2raneo42"", ""https://down-id.img.susercontent.com/file/id-11134207-8224w-mipbjji7fmrl7a"", ""https://down-id.img.susercontent.com/file/id-11134207-8224p-miptb7ceodfn4f"", ""https://down-id.img.susercontent.com/file/id-11134207-8224v-miptb7cemyv776"", ""https://down-id.img.susercontent.com/file/id-11134207-8224p-mipbjjifz95304"", ""https://down-id.img.susercontent.com/file/id-11134207-8224o-mifmdn8nrpc722"", ""https://down-id.img.susercontent.com/file/id-11134207-8224v-mifmnn2rc1z4cf""]","[""OFFICIAL_SHOP""]","[""id-11134258-7r98z-lykpu80ygbvs76""]",PromoXtraPlusonly,id-11134258-822ws-mnciva8io4qu2f,False,False,False,1765273610,86000,299000,86000,71,476041533735198,,,,,,787.0,13.0,4.927492447129909,331,"[0, 0, 4, 16, 311]",[],GLAD2GLOW,3138611,100630,"[100630, 100665]",189,Makeup Remover,"[""[hot]Oil+Repair 2PCS"", ""Oil +Eksfoliasi 2PCS"", ""Oil + Acne care 2PCS"", ""Oil+Calm 2PCS""]"
Shopee,,id,2026-07-01,809769142,glad2glow-indo,Glad2Glow Official Store,KAB. TANGERANG,54053319677,"Glad2Glow 2in1 Set Cleansing Oil & Clay Mask - Eksfoliasi, Cerah, Anti Jerawat - Untuk Kulit Berminyak & Berkomedo  g2glow official store",https://shopee.co.id/product/809769142/54053319677,https://down-id.img.susercontent.com/file/id-11134207-8224y-mipbjjig229z49,"[""https://down-id.img.susercontent.com/file/id-11134207-8224y-mipbjjig229z49"", ""https://down-id.img.susercontent.com/file/id-11134207-82250-mifmnn2r0tfk0e"", ""https://down-id.img.susercontent.com/file/id-11134207-8224w-miptb7celkar9c"", ""https://down-id.img.susercontent.com/file/id-11134207-8224o-miptb7ca6u4k68"", ""https://down-id.img.susercontent.com/file/id-11134207-8224q-miptb7cek5qb01"", ""https://down-id.img.susercontent.com/file/id-11134207-8224t-mipbjjig3guf19"", ""https://down-id.img.susercontent.com/file/id-11134207-8224o-mifmdn8nrpc722"", ""https://down-id.img.susercontent.com/file/id-11134207-8224s-mifmdn8now7bcd""]","[""OFFICIAL_SHOP""]","[""id-11134258-7r98z-lykpu80ygbvs76""]",PromoXtraPlusonly,id-11134258-822ws-mnciva8io4qu2f,False,False,False,1766130942,101000,299000,101000,66,476041533735198,,,,,,191.0,10.0,4.895348837209302,86,"[1, 0, 0, 5, 80]",[],GLAD2GLOW,3138611,100630,"[100630, 100665]",70,Makeup Remover,"[""Clean&Eksfoliasi 2PC"", ""Clean&Glowing 2PCS"", ""Clean&Acne Care 2PCS""]"
Shopee,,id,2026-07-01,809769142,glad2glow-indo,Glad2Glow Official Store,KAB. TANGERANG,22355348169,"[Buy5 Save36k ]Glad2Glow Milk Amino Acid Gentle Cleanser facial wash,pembersih pencerah,pembersih wajah sabun cuci muka face wash skincare micellar water,Mencerahkan kulit , untuk semua jenis kulit ,Lembab Tanpa Ketarik,G2G glad2glow officia store",https://shopee.co.id/product/809769142/22355348169,https://down-id.img.susercontent.com/file/id-11134207-822wj-mpx07onyx72ae8,"[""https://down-id.img.susercontent.com/file/id-11134207-822wj-mpx07onyx72ae8""]","[""OFFICIAL_SHOP""]","[""id-11134258-7r98z-lykpu80ygbvs76""]",PromoXtraPlusonly,id-11134258-822ws-mnciva8io4qu2f,False,False,False,1695205084,43900,99000,43900,56,470649164558504,,,,,,10000.0,1000.0,4.874758384527995,185729,"[492, 434, 1874, 16243, 166686]","[""Any 2 at Rp82.900""]",GLAD2GLOW,3138611,100630,"[100630, 100664, 100891]",58566,Milk Cleanser,"[""1PC-Glowing"", ""Top1 Club & Perks""]"
Shopee,,id,2026-07-01,809769142,glad2glow-indo,Glad2Glow Official Store,KAB. TANGERANG,43514974352,Glad2Glow Peach Retinol Moisturizer 100g Pelembab Anti Penuaan Penghalang Kulit Mencerahkan Flek Hitam Mengurangi kerutan mencerahkan warna kulit menghaluskan kulit mengecilkan pori-pori membesar g2glow official store,https://shopee.co.id/product/809769142/43514974352,https://down-id.img.susercontent.com/file/id-11134207-8224q-mg7g9r4xkpot63,"[""https://down-id.img.susercontent.com/file/id-11134207-8224q-mg7g9r4xkpot63"", ""https://down-id.img.susercontent.com/file/id-11134207-822wt-mo0yyir76kg5d9"", ""https://down-id.img.susercontent.com/file/id-11134207-8224r-mg7g9r4xjb4d0e"", ""https://down-id.img.susercontent.com/file/id-11134207-7ra0j-mdb5xuarzupo24"", ""https://down-id.img.susercontent.com/file/id-11134207-7ra0h-mdb5xuas19a4dd"", ""https://down-id.img.susercontent.com/file/id-11134207-7ra0j-mdb5xuas42f0e8"", ""https://down-id.img.susercontent.com/file/id-11134207-7ra0k-mdb5xuas9oosd1""]","[""OFFICIAL_SHOP""]","[""id-11134258-7r98z-lykpu80ygbvs76""]",FSS_new+PromoXtraPlus,id-11134258-822ws-mnciva8io4qu2f,False,False,False,1756105464,107000,199000,107000,46,476041533735198,,,,,,10000.0,969.0,4.925545214613141,7199,"[12, 4, 41, 394, 6748]",[],GLAD2GLOW,3138611,100630,"[100630, 100664, 100893]",3820,BIG SIZE 100g,"[""[EXTRA DISC 20%]3PCS"", ""BIG SIZE 100g-1PC"", ""Set Anti-Aging 2PCS"", ""Day Cream+Krim 2PCS"", ""BIG SIZE 100g-2PCS"", ""Anti-Aging&Cerah 3PC"", ""Anti-Aging&Cerah-BIG"", ""Anti-Aging&Pulih 2PC"", ""Set Cerah 2PCS"", ""Anti-Aging&Cerah 2PC"", ""[LIVE DEAL]1pc""]"
Shopee,,id,2026-07-01,809769142,glad2glow-indo,Glad2Glow Official Store,KAB. TANGERANG,24577552378,Glad2Glow Perfect Blurring Powder Foundation waterproof setting two way cake TWC Mengandung squalane dan vitamin E concealer pengontrol minyak meratakan warna kulit bantalan udara yang menjaga kelembapan alas bedak krim BB concealer g2glow official store,https://shopee.co.id/product/809769142/24577552378,https://down-id.img.susercontent.com/file/id-11134207-822wn-mprlgkpo3r4005,"[""https://down-id.img.susercontent.com/file/id-11134207-822wn-mprlgkpo3r4005""]","[""OFFICIAL_SHOP""]","[""id-11134258-7r98z-lykpu80ygbvs76""]",FSS_new+PromoXtraPlus,id-11134258-822ws-mnciva8io4qu2f,False,False,False,1714476440,87900,149000,87900,41,280767464996865,,,,,,10000.0,1000.0,4.8899476873282905,132860,"[368, 217, 1097, 10304, 120874]",[],GLAD2GLOW,3138611,100630,"[100630, 100662, 100881, 101630]",64906,colour code,"[""00 Affogato"", ""01 Buttercream"", ""02 Praline - Hot!"", ""03 Custard - Hot!"", ""04 Ginger"", ""05 Cinnamon"", ""Makeup Set 02"", ""Makeup Set 03"", ""Makeup Remover 02"", ""Makeup Remover 03"", ""02-Praline"", ""03-Custard"", ""[LIVE DEAL]-03"", ""02 Praline-2pcs"", ""03 Custard-2pcs"", ""BUY 2 GET 1-02"", ""BUY 2 GET 1-03"", ""BUY 4 GET 1-02"", ""BUY 4 GET 1-03"", ""Top1 Club & Perks""]"
Shopee,,id,2026-07-01,809769142,glad2glow-indo,Glad2Glow Official Store,KAB. TANGERANG,29954788720,Glad2Glow Peach Retinol Moisturizer Pelembab Anti Penuaan Penghalang Kulit Mencerahkan Flek Hitam Mengurangi kerutan mencerahkan warna kulit menghaluskan kulit mengecilkan membesar melembabkan g2glow official store,https://shopee.co.id/product/809769142/29954788720,https://down-id.img.susercontent.com/file/id-11134207-822wk-mpwzcifh0uma57,"[""https://down-id.img.susercontent.com/file/id-11134207-822wk-mpwzcifh0uma57""]","[""OFFICIAL_SHOP""]","[""id-11134258-7r98z-lykpu80ygbvs76""]",PromoXtraPlusonly,id-11134258-822ws-mnciva8io4qu2f,False,False,False,1720431282,79900,199000,79900,60,476041533735198,,,,,,10000.0,1000.0,4.877687430805784,241182,"[578, 418, 2174, 21584, 216428]",[],GLAD2GLOW,3138611,100630,"[100630, 100664, 100893]",88910,Anti-Aging,"[""[HOT]BUY 5 GET 1Free"", ""[EXTRA DISC 20%]5PCS"", ""[HOT]Flash Sale-1PC"", ""Krim 3PCS"", ""[HOT]BIG SIZE 100g"", ""Glowing&Smooth 3in1"", ""Set Anti-Aging 2PCS"", ""Set Kulit Halus 2PCS"", ""1PCS-Dis"", ""Krim 2PCS"", ""[LIVE DEAL]5pcs"", ""Top1 Club & Perks""]"
Shopee,,id,2026-07-01,809769142,glad2glow-indo,Glad2Glow Official Store,KAB. TANGERANG,40656993496,[Better savings]Glad2Glow Clay Stick&Face Mask Complete Series-Brightening/Mugwort/Acne/Pore-face masker Sheet Mask g2glow official store,https://shopee.co.id/product/809769142/40656993496,https://down-id.img.susercontent.com/file/id-11134207-822wk-mpt8qsbfr2ff7a,"[""https://down-id.img.susercontent.com/file/id-11134207-822wk-mpt8qsbfr2ff7a"", ""https://down-id.img.susercontent.com/file/id-11134207-822wi-motbmdj92lu7d1"", ""https://down-id.img.susercontent.com/file/id-11134207-7ra0k-mboxjl9owfir13"", ""https://down-id.img.susercontent.com/file/id-11134207-7ra0h-mbp71jgicolsa6"", ""https://down-id.img.susercontent.com/file/id-11134207-7ra0o-mbp71jgifhqoc3"", ""https://down-id.img.susercontent.com/file/id-11134207-7ra0g-mbp71jgi9vgw90"", ""https://down-id.img.susercontent.com/file/id-11134207-7ra0h-mbp71jgiba1cd4"", ""https://down-id.img.susercontent.com/file/id-11134207-7ra0m-mbp71jgie3683b""]","[""OFFICIAL_SHOP""]","[""id-11134258-7r98z-lykpu80ygbvs76""]",PromoXtraPlusonly,id-11134258-822ws-mnciva8io4qu2f,False,False,False,1751440225,145000,339000,145000,57,476041533735198,,,,,,2000.0,170.0,4.945770065075922,461,"[1, 0, 3, 15, 442]",[],GLAD2GLOW,3138611,100630,"[100630, 100664, 100898]",458,Clay Stick,"[""Buy 9 Get1 Free-GEL"", ""Buy 8 Get1 Free-ACNE"", ""Buy8 Get1 Free-Glow"", ""Buy8 Get1 Free-Pore"", ""Buy8 Get1 Free-Clay2"", ""Buy 8 Get1 Free-Clay"", ""Buy8 Get1 Free-pore1"", ""Buy 6 Get1 Free-GEL"", ""Buy 5 Get1 Free-ACNE"", ""Buy 5 Get1 Free-Glow"", ""Buy 5 Get1 Free-Pore"", ""Gel Mask-5PCS"", ""Glowing-5PCS"", ""Eksfoliasi-5PCS"", ""Eksfoliasi Mask-5PCS"", ""ACNE-5PCS"", ""Glow Clay Mask-5PCS"", ""out of stock""]"
Shopee,,id,2026-07-01,809769142,glad2glow-indo,Glad2Glow Official Store,KAB. TANGERANG,40872286136,[OUTING SET]Glad2Glow  Niacinamide Tone Up Cream 4in1  cerah Moisturizer  day &Night Cream whitening cream skincare glowing g2glow official store,https://shopee.co.id/product/809769142/40872286136,https://down-id.img.susercontent.com/file/id-11134207-81ztf-mq2pbivfw45q42,"[""https://down-id.img.susercontent.com/file/id-11134207-81ztf-mq2pbivfw45q42""]","[""OFFICIAL_SHOP""]","[""id-11134258-7r98z-lykpu80ygbvs76""]",FSS_new+PromoXtraPlus,id-11134258-822ws-mnciva8io4qu2f,False,False,False,1759147032,130055,249000,130055,48,931791142240256,,,,,,10000.0,1000.0,4.913604766633565,19133,"[24, 13, 139, 1240, 17717]",[],GLAD2GLOW,3138611,100630,"[100630, 100665]",5342,SET,"[""[NEW]5PCS Outing Set"", ""[HOT]4PCS Outing Set"", ""[NEW]Tone Up 5PCS"", ""5PCS Instant Glowing"", ""Instant Glowing 5PCS"", ""5PCS Instant Glow03"", ""5PCS GLOWING SET-03"", ""5PCS GLOWING SET"", ""HOT-4PCS Tone Up Set"", ""4PCS Instant Glowing"", ""3PCS Outing Set"", ""4PCS GLOWING SET-01"", ""Top1 Club & Perks""]"
Shopee,,id,2026-07-01,809769142,glad2glow-indo,Glad2Glow Official Store,KAB. TANGERANG,19691541572,Glad2Glow Pomegranate Niacinamide Brightening Moisturizer Mencerahkan Pemutih Kulit Gel Pelembab Bercahaya Krim Siang dan Malam Perawatan Kulit Ekstrak DelimaPelembab Esensi Wajah Perawatan Kulit g2glow official store,https://shopee.co.id/product/809769142/19691541572,https://down-id.img.susercontent.com/file/id-11134207-81ztg-mq44fmkjv28f46,"[""https://down-id.img.susercontent.com/file/id-11134207-81ztg-mq44fmkjv28f46""]","[""OFFICIAL_SHOP""]","[""id-11134258-7r98z-lykpu80ygbvs76""]",PromoXtraPlusonly,id-11134258-822ws-mnciva8io4qu2f,False,False,False,1691151275,43900,109000,43900,60,470649164558504,,,,,,10000.0,1000.0,4.879661792182127,463511,"[765, 654, 3990, 42775, 415327]","[""Any 2 at Rp82.900""]",GLAD2GLOW,3138611,100630,"[100630, 100664, 100893]",143856,variant,"[""Bright moisturizer"", ""Top1 Club & Perks""]"
Shopee,,id,2026-07-01,809769142,glad2glow-indo,Glad2Glow Official Store,KAB. TANGERANG,48860851679,[NEW LAUNCH]GLAD2GLOW FLAWLESS BLURRING SKIN TINT 15g Concealer Foundation Bedak padat Make up Lightweight Coverage Long-lasting 12-Hour Soft-Focus Flawless Skin oil-control  Bio-Mimetic Film Technology  Care g2glow official store,https://shopee.co.id/product/809769142/48860851679,https://down-id.img.susercontent.com/file/id-11134207-822wo-mprb9eo0bzeo99,"[""https://down-id.img.susercontent.com/file/id-11134207-822wo-mprb9eo0bzeo99""]","[""OFFICIAL_SHOP""]","[""id-11134258-7r98z-lykpu80ygbvs76""]",FSS_new+PromoXtraPlus,id-11134258-822ws-mnciva8io4qu2f,False,False,False,1779246440,39000,99000,39000,61,476041533735198,,,,,,10000.0,1000.0,4.877492106450158,11085,"[24, 22, 158, 880, 10001]","[""Any 2 at Rp71.000""]",GLAD2GLOW,3138611,100630,"[100630, 100662, 100881, 101628]",15983,SKIN TINT,"[""00 Affogato"", ""01 Buttercream"", ""02 Praline"", ""03 Custard"", ""04 Ginger"", ""05 Cinnamon"", ""Top1 Club & Perks""]"
Shopee,,id,2026-07-01,809769142,glad2glow-indo,Glad2Glow Official Store,KAB. TANGERANG,42464292818,"[New shades! ]Glad2Glow BRIGHTENING LIP SERUM ×GGBaby Special Edition  7g Ready Stock! Mencerahkan, Melembabkan Bibir dengan Warna Natural | Lip tint&Lip care g2g glad2glow official store",https://shopee.co.id/product/809769142/42464292818,https://down-id.img.susercontent.com/file/id-11134207-81zto-mq2p56red0xtfe,"[""https://down-id.img.susercontent.com/file/id-11134207-81zto-mq2p56red0xtfe""]","[""OFFICIAL_SHOP""]","[""id-11134258-7r98z-lykpu80ygbvs76""]",PromoXtraPlusonly,id-11134258-822ws-mnciva8io4qu2f,False,False,False,1755757162,57900,159000,57900,64,470649164558504,,,,,,10000.0,1000.0,4.916539820000887,135412,"[226, 120, 1060, 7911, 126095]",[],GLAD2GLOW,3138611,100630,"[100630, 100664, 100900, 101673]",107201,LIP SERUM,"[""All Hot shades -7pcs"", ""ALL IN SHADES-7pcs"", ""[Top 1]03-Berry Soda"", ""[NEW]-Cherry pop"", ""[NEW]-Grape Jelly"", ""[NEW]-Pumpkin Frost"", ""Perfect 4 Shades-7pc"", ""5PCS 01+03+05+06+07"", ""Hot & New Set-5PCS"", ""01-Strawberry Glaze"", ""02-Peach Pie"", ""04-Pearl Sparkle"", ""[LIVE DEAL] 03"", ""[LIVE DEAL]all in 7p"", ""Top1 Club & Perks""]"
Shopee,,id,2026-07-01,809769142,glad2glow-indo,Glad2Glow Official Store,KAB. TANGERANG,42800295602,Glad2Glow Moisturizer Series Mencerahkan Pencerah Wajah Anti Jerawat Penuaan Hilangkan Flek Tenangkan Kulit Niacinamide 377 Retinol Centella Skincare Pelembab Esensi Perawatan Kulit day cream tone up g2g official store,https://shopee.co.id/product/809769142/42800295602,https://down-id.img.susercontent.com/file/id-11134207-822wl-mpwzcifh296q7e,"[""https://down-id.img.susercontent.com/file/id-11134207-822wl-mpwzcifh296q7e""]","[""OFFICIAL_SHOP""]","[""id-11134258-7r98z-lykpu80ygbvs76""]",FSS_new+PromoXtraPlus,id-11134258-822ws-mnciva8io4qu2f,False,False,False,1746776049,43900,99000,43900,56,476041533735198,,,,,,10000.0,1000.0,4.916124403406433,160294,"[199, 85, 1059, 10275, 148676]",[],GLAD2GLOW,3138611,100630,"[100630, 100664, 100893]",36444,Moisturizer,"[""[NEW]PDRNGlowing-30g"", ""Glowing-100g-DISC"", ""Glowing-100g-Bottled"", ""Glowing-100g"", ""Glowing-30g"", ""B5 Panthenol Gel"", ""B5 Panthenol Cream"", ""Repair-100g-big size"", ""Anti-wrinkle-100g"", ""Anti-wrinkle-30g"", ""Repair"", ""Antioksidan​"", ""Soothing-55g"", ""Soothing-100g"", ""Calm"", ""Acne"", ""Dark Spot"", ""Soothing-30g"", ""Tone Up Cream 30g"", ""[LIVE DEAL]Glow-30g"", ""[LIVE DEAL]Repair"", ""Top1 Club & Perks""]"
Shopee,,id,2026-07-01,809769142,glad2glow-indo,Glad2Glow Official Store,KAB. TANGERANG,42752568783,[HOT SALE]Glad2Glow Cherry Blossom Micellar Water 300ml Lembut cleansing oil Penghapus Makeup Waterproof Hapus Riasan Tahan Air dengan Centella & Tanpa Iritasi untuk Kulit Sensitif & Berjerawat g2glow official store,https://shopee.co.id/product/809769142/42752568783,https://down-id.img.susercontent.com/file/id-11134207-81zth-mq2p56rea7sxc6,"[""https://down-id.img.susercontent.com/file/id-11134207-81zth-mq2p56rea7sxc6""]","[""OFFICIAL_SHOP""]","[""id-11134258-7r98z-lykpu80ygbvs76""]",FSS_new+PromoXtraPlus,id-11134258-822ws-mnciva8io4qu2f,False,False,False,1748516145,47900,129000,47900,63,476041533735198,,,,,,10000.0,1000.0,4.9228549734244496,111956,"[171, 108, 684, 6260, 104733]",[],GLAD2GLOW,3138611,100630,"[100630, 100662, 100884]",25664,Makeup Remover,"[""5Cherry+1pore clear"", ""SAVE MORE-300ML-5PCS"", ""HOT COMBO-5PCS"", ""BIG SIZE-300ML-3PCS"", ""[Trial]Cherry-1PC"", ""300ML-2PCS"", ""NEW-Brightening-2pcs"", ""1PC-FS"", ""Top1 Club & Perks""]"
Shopee,,id,2026-07-01,809769142,glad2glow-indo,Glad2Glow Official Store,KAB. TANGERANG,41101567247,Glad2Glow Facial Wash All Series-Pembersih low pH lembut/niacinamide/brightening/ACNE/eksfoliasi/asam amino/wajah sabun cuci muka face wash skincare,https://shopee.co.id/product/809769142/41101567247,https://down-id.img.susercontent.com/file/id-11134207-822wk-mpx07onz1erm7d,"[""https://down-id.img.susercontent.com/file/id-11134207-822wk-mpx07onz1erm7d""]","[""OFFICIAL_SHOP""]","[""id-11134258-7r98z-lykpu80ygbvs76""]",PromoXtraPlusonly,id-11134258-822ws-mnciva8io4qu2f,False,False,False,1747740526,37900,99000,37900,62,476041533735198,,,,,,10000.0,1000.0,4.902389724695528,78172,"[156, 78, 658, 5456, 71824]",[],GLAD2GLOW,3138611,100630,"[100630, 100664, 100891]",14220,Facial Cleanse,"[""[100g]-1pc Glow"", ""[save 26%]-Repair"", ""[save 26%]-100mlACNE"", ""[hot]-Gentle Glow"", ""[hot]-Gentle Repair"", ""[new]-Instant Glow"", ""Volcano"", ""Glycolic Acid"", ""Big Size-Repair"", ""Big Size-Acne care"", ""Anti-Jerawat 100ML"", ""Sensitive Skin"", ""Vita C Bright"", ""Matha Acne"", ""Moisturizing Cleansr"", ""Eksfoliasi"", ""Top1 Club & Perks""]"
Shopee,,id,2026-07-01,809769142,glad2glow-indo,Glad2Glow Official Store,KAB. TANGERANG,41500309150,Glad2Glow Pomegranate Niacinamide Power Bright Serum  Mencerahkan Wajah Pemutih Wajah  Serum Glowing  Serum And Essence Wajah  Bekas Jerawat g2glow official store,https://shopee.co.id/product/809769142/41500309150,https://down-id.img.susercontent.com/file/id-11134207-81zti-mq44fmkk3hn31f,"[""https://down-id.img.susercontent.com/file/id-11134207-81zti-mq44fmkk3hn31f"", ""https://down-id.img.susercontent.com/file/id-11134207-822wk-mpxjb86tyozybe"", ""https://down-id.img.susercontent.com/file/id-11134207-7ra0l-mdmjvucm5grz8d"", ""https://down-id.img.susercontent.com/file/id-11134207-7rbka-m9jxzupuizxa52"", ""https://down-id.img.susercontent.com/file/id-11134207-7rbk6-m9jxzupun7mmcb"", ""https://down-id.img.susercontent.com/file/id-11134207-7rbk6-m9jxzupult2656"", ""https://down-id.img.susercontent.com/file/id-11134207-7rbkb-ma2emwo5uvmafb""]","[""OFFICIAL_SHOP""]","[""id-11134258-7r98z-lykpu80ygbvs76""]",FSS_new+PromoXtraPlus,id-11134258-822ws-mnciva8io4qu2f,False,False,False,1746780038,39900,99000,39900,60,470649164558504,,,,,,10000.0,1000.0,4.923398986690126,61383,"[52, 30, 383, 3638, 57280]",[],GLAD2GLOW,3138611,100630,"[100630, 100664, 100896]",10722,GLOWING SERUM,"[""Buy6 Get1 Free"", ""[EXTRA 25% OFF]-6pcs"", ""1PC-Cerah"", ""Glowing-Buy 2 Get 1"", ""3PCS"", ""[EXTRA DISC 20%]5PCS"", ""2PCS-Cerah"", ""[70% off]4PCS"", ""[HOT]Set Glow 2PCS"", ""micellar water&serum"", ""[LIVE DEAL]-3pcs"", ""Top1 Club & Perks""]"
Shopee,,id,2026-07-01,809769142,glad2glow-indo,Glad2Glow Official Store,KAB. TANGERANG,45151558561,GLAD2GLOW 2%Niacinamide Brightening Tone Up Cream Day Cream Cerah Instan Moisturizer wajah cream pemutih wajah  Night Cream base make up whitening cream skincare glowing BB cream Mencerahkan warna kulit halus g2glow official store,https://shopee.co.id/product/809769142/45151558561,https://down-id.img.susercontent.com/file/id-11134207-822wo-mpsphe9e8utc56,"[""https://down-id.img.susercontent.com/file/id-11134207-822wo-mpsphe9e8utc56""]","[""OFFICIAL_SHOP""]","[""id-11134258-7r98z-lykpu80ygbvs76""]",PromoXtraPlusonly,id-11134258-822ws-mnciva8io4qu2f,False,False,False,1763377649,39900,129000,39900,69,470649164558504,,,,,,10000.0,1000.0,4.906336628805534,40787,"[59, 25, 364, 2788, 37551]",[],GLAD2GLOW,3138611,100630,"[100630, 100664, 100893]",16261,day cream,"[""30ml"", ""[HOT]Buy5 Get1Free"", ""30ml-3pcs"", ""[EXTRA 25% OFF]-6pcs"", ""[HOT SALE]30ml-5pcs"", ""30ml-FS"", ""30ml-2pcs"", ""Tone Up Cream Set"", ""[LIVE DEAL]1pc"", ""Top1 Club & Perks""]"
Shopee,,id,2026-07-01,809769142,glad2glow-indo,Glad2Glow Official Store,KAB. TANGERANG,25614268730,[HOT SALE]Glad2Glow Micellar Water 300ml cleansing oil cleansing balm micellar centella salycilic acid remover pembersih double cleansing pembersih make up remove cleanface facial  Menghilangkan jerawat Penghapus riasan g2glow official store,https://shopee.co.id/product/809769142/25614268730,https://down-id.img.susercontent.com/file/id-11134207-7ra0g-mdlh1tqlz8p702,"[""https://down-id.img.susercontent.com/file/id-11134207-7ra0g-mdlh1tqlz8p702"", ""https://down-id.img.susercontent.com/file/id-11134207-822wg-mpx182w57ci6f7"", ""https://down-id.img.susercontent.com/file/id-11134207-822wh-mnl66lqp14w5db"", ""https://down-id.img.susercontent.com/file/id-11134207-7rbk6-majaz3opfeky54"", ""https://down-id.img.susercontent.com/file/id-11134207-7rbk9-maxkoov70dpn2b"", ""https://down-id.img.susercontent.com/file/id-11134207-7ra0h-mbp7n0hwsf9832"", ""https://down-id.img.susercontent.com/file/id-11134207-7ra0g-mbrfv0xnou8k8d"", ""https://down-id.img.susercontent.com/file/id-11134207-7ra0n-mbp7n0hwsfvb79""]","[""OFFICIAL_SHOP""]","[""id-11134258-7r98z-lykpu80ygbvs76""]",FSS_new+PromoXtraPlus,id-11134258-822ws-mnciva8io4qu2f,False,False,False,1708420091,47900,99000,47900,52,476041533735198,,,,,,10000.0,1000.0,4.880212508222472,278224,"[852, 728, 2597, 22539, 251508]",[],GLAD2GLOW,3138611,100630,"[100630, 100662, 100884]",108989,Makeup Remover,"[""1PC-All Skins"", ""300ml-Brightening"", ""Big Size 200ml-Oil"", ""Cleans Oil-100ml"", ""1PC-Cleansing Balm"", ""HOT-VC-230ml"", ""1PC-VC-300ml"", ""1PC-Pore Clear"", ""1PC-Calm"", ""1PC-Acne"", ""[50%OFF]2PCS-Acne"", ""[50%OFF]2PCS-Calm"", ""[55%OFF]3PC-All Skin"", ""3PC-Brightening"", ""1PC-All Skins-disc"", ""[LIVE DEAL]cherry"", ""[LIVE DEAL]bright"", ""Top1 Club & Perks""]"
Shopee,,id,2026-07-01,809769142,glad2glow-indo,Glad2Glow Official Store,KAB. TANGERANG,26617444732,[Cocok Untuk Pemula]Glad2Glow Cerah Glowing Bundle all in 1 7in1-Brightening Moisturizer+Serum+Cleanser+toner+Peeling solution+Retinol 10%Niacinamide skincare paket pembersih perawatan kulit mencerahkan warna kulit g2glow official store,https://shopee.co.id/product/809769142/26617444732,https://down-id.img.susercontent.com/file/id-11134207-822wk-mpbzjx9knpc1a4,"[""https://down-id.img.susercontent.com/file/id-11134207-822wk-mpbzjx9knpc1a4""]","[""OFFICIAL_SHOP""]","[""id-11134258-7r98z-lykpu80ygbvs76""]",PromoXtraPlusonly,id-11134258-822ws-mnciva8io4qu2f,False,False,False,1731485205,175655,599000,175655,71,931791142240256,,,,,,10000.0,1000.0,4.875858744124383,323639,"[887, 622, 3408, 27947, 290775]",[],GLAD2GLOW,3138611,100630,"[100630, 100665]",123881,7in1 Glowing,"[""Bright Terlaris 9PCS"", ""Bright Lengkap 10PCS"", ""Favorit PDRN&RT 7PCS"", ""Favorit Cerah 7PCS"", ""Favorit Glow&RT 7PCS"", ""Premium Glow&RT 9PCS"", ""Hemat Glow&Fresh 8PS"", ""Klasik PDRN&RT 7PCS"", ""Favorit Flash 7PCS"", ""Klasik Renew 7PCS"", ""Hemat Glow&RT 8PCS"", ""Set Glow Harian 5PCS"", ""Top1 Club & Perks""]"
Shopee,,id,2026-07-01,809769142,glad2glow-indo,Glad2Glow Official Store,KAB. TANGERANG,29372960469,Glad2Glow Day & Night Renew Cerah Bundle 4-IN-1 Moisturizer+Serum Set Brightening 10%Niacinamide Peeling Eksfoliasi Retinol  tone up Pelembab Tubuh Kit Perawatan Kulit Hidrasi Delima Pelembab Wajah Pencerah g2glow official store,https://shopee.co.id/product/809769142/29372960469,https://down-id.img.susercontent.com/file/id-11134207-822wj-mpbvvf9ly6tp5e,"[""https://down-id.img.susercontent.com/file/id-11134207-822wj-mpbvvf9ly6tp5e""]","[""OFFICIAL_SHOP""]","[""id-11134258-7r98z-lykpu80ygbvs76""]",PromoXtraPlusonly,id-11134258-822ws-mnciva8io4qu2f,False,False,False,1736315715,74005,199000,74005,63,920815772681216,,,,,,10000.0,1000.0,4.893853086747933,157998,"[265, 155, 1177, 12892, 143509]",[],GLAD2GLOW,3138611,100630,"[100630, 100665]",31681,RENEW SET,"[""5PCS Glowing-pdrn"", ""HOT-Glowing 5PCS"", ""Glow & PDRN 4PCS"", ""Glowing 5PCS"", ""PDRN+Retinol 5PCS"", ""[EXTRA 25% OFF]5pcs"", ""Glow+Retinol Set"", ""5PCS Glowing Set1"", ""5PCS Glowing Set2"", ""5PCS Glowing Set3"", ""[60%0FF]4PCS Peeling"", ""2PCS Glowing"", ""Top1 Club & Perks""]"
Shopee,,id,2026-07-01,809769142,glad2glow-indo,Glad2Glow Official Store,KAB. TANGERANG,27810365257,Glad2Glow Toner Complete Series - Brighten/Acne Toner/Barrier/Exfoliating toner-Skincare centella wajah eksfoliasi hydrating glowing brightening glycolic water g2glow Official Store,https://shopee.co.id/product/809769142/27810365257,https://down-id.img.susercontent.com/file/id-11134207-822wt-mpx07onz00768c,"[""https://down-id.img.susercontent.com/file/id-11134207-822wt-mpx07onz00768c""]","[""OFFICIAL_SHOP""]","[""id-11134258-7r98z-lykpu80ygbvs76""]",FSS_new+PromoXtraPlus,id-11134258-822ws-mnciva8io4qu2f,False,False,False,1725588783,43900,109000,43900,60,476041533735198,,,,,,10000.0,1000.0,4.896527876655208,98326,"[240, 126, 763, 7310, 89887]",[],GLAD2GLOW,3138611,100630,"[100630, 100664, 100892]",21379,Toner,"[""1PC-Glowing"", ""[ New ]1PC-VITA C"", ""1PC-Acne"", ""Set Glowing 2PCS"", ""Cerah & Hidrasi 2in1"", ""1PC Glycolic Toner"", ""3PCS-Glowing"", ""Glowing Set 3in1"", ""1PC-Exfoliating"", ""1PC-Repair"", ""3PCS-VC Brighten"", ""[Save 8K]2PCS-Glow"", ""Set Anti-wrinkle 2PC"", ""Set Smooth Skin 2PCS"", ""3PCS-Repair"", ""3PCS-Acne Care"", ""3PCS-Exfoliating"", ""Glow&DeepClean2in1"", ""1PC-Glowing-FS"", ""Top1 Club & Perks"", ""[LIVE DEAL]3pcs Glow""]"
Shopee,,id,2026-07-01,809769142,glad2glow-indo,Glad2Glow Official Store,KAB. TANGERANG,25090328302,Glad2Glow Acne Jerawat Bundle 7in1 paket Centella madeca cream-Moisturizer+Serum+Cleanser+Toner+Clay Stick+Gel Skincare  Mask Menghilangkan Menenangkan kemerahan pada kulit Atur Minyak BerlebihMerawat g2glow official store,https://shopee.co.id/product/809769142/25090328302,https://down-id.img.susercontent.com/file/id-11134207-81ztl-mq2pbivfrwgee2,"[""https://down-id.img.susercontent.com/file/id-11134207-81ztl-mq2pbivfrwgee2""]","[""OFFICIAL_SHOP""]","[""id-11134258-7r98z-lykpu80ygbvs76""]",FSS_new+PromoXtraPlus,id-11134258-822ws-mnciva8io4qu2f,False,False,False,1736476535,161500,599000,161500,73,932516454842368,,,,,,10000.0,1000.0,4.882608029420778,65260,"[161, 82, 752, 5267, 58998]",[],GLAD2GLOW,3138611,100630,"[100630, 100665]",17091,ACNE ALL IN 1,"[""[HOT]7PCS Acne&Mask"", ""7PCS-Acne"", ""5PCS-Acne(30g gel)"", ""HOT7PCS Acne&Peeling"", ""10PS Acne&Body serum"", ""10PCS Acne&Pads"", ""10PCS Acne  Skincare"", ""6PCS Acne&Mask"", ""[NEW]7PCS Acne&Clam"", ""9PCS Acne&Body serum"", ""8PCS Acne&Mask"", ""Peeling Acne 7in1"", ""Top1 Club & Perks""]"
Shopee,,id,2026-07-01,809769142,glad2glow-indo,Glad2Glow Official Store,KAB. TANGERANG,40027368442,Glad2Glow Cerah Glowing Outing Bundle all in 1 7in1-Brightening Moisturizer+Serum+Cleanser+toner+Peeling solution+Retinol 10%Niacinamide skincare paket pembersih perawatan kulit mencerahkan warna kulit g2glow official store,https://shopee.co.id/product/809769142/40027368442,https://down-id.img.susercontent.com/file/id-11134207-81zti-mq2pbivfyxamcb,"[""https://down-id.img.susercontent.com/file/id-11134207-81zti-mq2pbivfyxamcb""]","[""OFFICIAL_SHOP""]","[""id-11134258-7r98z-lykpu80ygbvs76""]",FSS_new+PromoXtraPlus,id-11134258-822ws-mnciva8io4qu2f,False,False,False,1766138706,229805,799000,229805,71,931791142240256,,,,,,10000.0,1000.0,4.9032750203417415,9832,"[29, 15, 82, 626, 9080]",[],GLAD2GLOW,3138611,100630,"[100630, 100665]",5475,Outing set,"[""[HOT]Glow 9PCS"", ""[HOT]Instant Glow"", ""[HOT]Day&Night 9in1"", ""All in1 Glow"", ""[NEW]All in1 Glow"", ""[NEW]Glow-PDRN9PCS"", ""[Extra Dis 25%] 9PCS"", ""[NEW]All in1 Glow-02"", ""[NEW]Outing 7PCS"", ""[NEW]Outing 7PCS-02"", ""[HOT]Outing 7PCS"", ""Whole Glow 7PCS"", ""[LIVE DEAL]FlashGlow"", ""[LIVE DEAL]Out 7PCS"", ""Top1 Club & Perks""]"
Shopee,,id,2026-07-01,809769142,glad2glow-indo,Glad2Glow Official Store,KAB. TANGERANG,24742813269,[Hemat 60%]Glad2Glow Facial Wash all Series-Low PH Gel Centella Mencerahkan Pencerah Wajah Anti Jerawat Penuaan Hilangkan Flek & Tenangkan face wash Pembersih Wajah Membersihkan kotoran dan minyak Menjaga pelindung kulit Mengobati Cleanser,https://shopee.co.id/product/809769142/24742813269,https://down-id.img.susercontent.com/file/id-11134207-822wh-mpt8qsbfsgzva7,"[""https://down-id.img.susercontent.com/file/id-11134207-822wh-mpt8qsbfsgzva7"", ""https://down-id.img.susercontent.com/file/id-11134207-822wj-mp67jv14cwlda5"", ""https://down-id.img.susercontent.com/file/id-11134207-822ws-mnkvw7xne13725"", ""https://down-id.img.susercontent.com/file/id-11134207-7rbk8-may2n7dffl2w29"", ""https://down-id.img.susercontent.com/file/id-11134207-8224s-mi9ofznuss8yf6"", ""https://down-id.img.susercontent.com/file/id-11134207-82250-mipbdjjbn4zk85"", ""https://down-id.img.susercontent.com/file/id-11134207-8224u-miay7f0sf2td39"", ""https://down-id.img.susercontent.com/file/id-11134207-8224p-mi58kdx7vt3ac6"", ""https://down-id.img.susercontent.com/file/id-11134207-822wr-mmhe60cvy5mrb8""]","[""OFFICIAL_SHOP""]","[""id-11134258-7r98z-lykpu80ygbvs76""]",PromoXtraPlusonly,id-11134258-822ws-mnciva8io4qu2f,False,False,False,1742284896,173400,399000,173400,57,476041533735198,,,,,,10000.0,1000.0,4.92524719841793,7643,"[37, 7, 42, 318, 7239]",[],GLAD2GLOW,3138611,100630,"[100630, 100664, 100891]",2131,cleanser,"[""Buy9 get 1Free-Glow"", ""Buy9 get 1Free-Gel"", ""Buy9 get 1Free-Acne"", ""Buy9 get 1Free-Pore"", ""Buy9 get 1Free -1"", ""Buy8 get 1Free-Milk"", ""Buy8 get1 free -2"", ""Buy9 get 1Free-Cerah"", ""[Buy6 get 1]-glow70g"", ""[Buy6 Get1]-Gel"", ""[Buy6 Get1]-ACNE"", ""[Buy6 Get1]-Pore"", ""[BUY5 GET1]-milk"", ""[Buy6 Get1]-Cerah"", ""5PCS-Glow"", ""7PCS Gentle repair"", ""7PCS Anti-Jerawat"", ""7PCS Gentle Glow"", ""Buy9 get 1Free-Lowph"", ""Buy9 get 1Free-Exfo."", ""Buy9 get 1Fre-Matcha"", ""Buy9 get 1Free-Calm"", ""Buy9 get 1Free-VC"", ""[Buy6 Get1]-Low ph"", ""[Buy6 Get1]-Calm"", ""[Buy6 Get1]-Exfo."", ""[Buy6 Get1]-Matcha"", ""[Buy6 Get1]-VC"", ""Top1 Club & Perks""]"
Shopee,,id,2026-07-01,809769142,glad2glow-indo,Glad2Glow Official Store,KAB. TANGERANG,28927852106,Glad2Glow Perfect cover cushion  Setting  dengan kandungan skincare mencegah kekusaman dan kulit kering sepanjang hari G2G Concealer Foundation Wajah Extract Mencerahkan Lasting refill Compact g2glow official store,https://shopee.co.id/product/809769142/28927852106,https://down-id.img.susercontent.com/file/id-11134207-7ra0u-mdb74ncyre3b2e,"[""https://down-id.img.susercontent.com/file/id-11134207-7ra0u-mdb74ncyre3b2e"", ""https://down-id.img.susercontent.com/file/id-11134207-8224z-mkovrejqkv0ma4"", ""https://down-id.img.susercontent.com/file/id-11134207-7rbkd-m6rxool55j7029"", ""https://down-id.img.susercontent.com/file/id-11134207-7rbkb-m6rxool5kzd50a"", ""https://down-id.img.susercontent.com/file/id-11134207-7rbkc-m6rxool55j8t14"", ""https://down-id.img.susercontent.com/file/id-11134207-7rbk0-m6rxool5kzlg42"", ""https://down-id.img.susercontent.com/file/id-11134207-7rbk5-m6rxool55jck7c"", ""https://down-id.img.susercontent.com/file/id-11134207-7rbk3-m6rxool5kzfw26""]","[""OFFICIAL_SHOP""]","[""id-11134258-7r98z-lykpu80ygbvs76""]",PromoXtraPlusonly,id-11134258-822ws-mnciva8io4qu2f,False,False,False,1740725112,77000,199000,77000,61,476041533735198,,,,,,10000.0,1000.0,4.908698659464444,30364,"[61, 28, 231, 1982, 28062]",[],GLAD2GLOW,3138611,100630,"[100630, 100662, 100881, 101628]",11016,Warna,"[""Save More-00REFILLx2"", ""Save More-01REFILLx2"", ""Save More-02REFILLx2"", ""Save More-03REFILLx2"", ""Save More-04REFILLx2"", ""Save More-05REFILLx2"", ""00 Affogato REFILL"", ""01Buttercream REFILL"", ""02 Praline REFILL"", ""03 Custard REFIL"", ""04 Ginger REFILL"", ""05 Cinnamon REFIL""]"
Shopee,,id,2026-07-01,809769142,glad2glow-indo,Glad2Glow Official Store,KAB. TANGERANG,40507001358,[Paket 5PCS]Glad2Glow Micellar Water 300ml cleansing oil cleansing balm micellar centella salycilic acid remover pembersih double cleansing pembersih make up make up remove cleanface facial wash Menghilangkan jerawat Penghapus riasan g2glow official store,https://shopee.co.id/product/809769142/40507001358,https://down-id.img.susercontent.com/file/id-11134207-822ws-mpwzx5pbn6kr2e,"[""https://down-id.img.susercontent.com/file/id-11134207-822ws-mpwzx5pbn6kr2e"", ""https://down-id.img.susercontent.com/file/id-11134207-822ws-mpx182w534su29"", ""https://down-id.img.susercontent.com/file/id-11134207-822wt-mpusgx06fq4hab"", ""https://down-id.img.susercontent.com/file/id-11134207-7rbk9-maxkoov70dpn2b"", ""https://down-id.img.susercontent.com/file/id-11134207-822wn-mpusgx06h4ox60"", ""https://down-id.img.susercontent.com/file/id-11134207-822wu-mozd4tanipduf5"", ""https://down-id.img.susercontent.com/file/id-11134207-822wm-mohwpoemspvy97"", ""https://down-id.img.susercontent.com/file/id-11134207-822wu-mpusgx00p8nf89""]","[""OFFICIAL_SHOP""]","[""id-11134258-7r98z-lykpu80ygbvs76""]",PromoXtraPlusonly,id-11134258-822ws-mnciva8io4qu2f,False,False,False,1751438721,150000,599000,150000,75,476041533735198,,,,,,10000.0,1000.0,4.927080434177568,3600,"[14, 6, 21, 146, 3413]",[],GLAD2GLOW,3138611,100630,"[100630, 100662, 100884]",1444,Makeup Remover,"[""8PCS+Free-Skintint02"", ""5PCS+Free-Skintint02"", ""5PCS-Bright+Free-02"", ""8Cherry+1pore clear"", ""8Brightening+1clear"", ""5Cherry+1clear"", ""5Brightening+1clear"", ""5Clean oil+1clear"", ""4Cherry+1Brightening"", ""Cherry-5PCS"", ""Cherry-230ml-5PCS"", ""Brightening-5PCS"", ""VC-5PCS"", ""Pore Clearing-5PCS"", ""Acne Care-5PCS"", ""Calm-5PCS"", ""[LIVE DEAL]bright"", ""Top1 Club & Perks""]"
Shopee,,id,2026-07-01,809769142,glad2glow-indo,Glad2Glow Official Store,KAB. TANGERANG,25564103539,Glad2Glow Peach Retinol Serum aging serum  Anti-kerut Pulihkan  glowing serum pelembab exfoliasi wajah Membantu mencegah glad2glow official store,https://shopee.co.id/product/809769142/25564103539,https://down-id.img.susercontent.com/file/id-11134207-822wl-mpsphe9ek3cwd8,"[""https://down-id.img.susercontent.com/file/id-11134207-822wl-mpsphe9ek3cwd8""]","[""OFFICIAL_SHOP""]","[""id-11134258-7r98z-lykpu80ygbvs76""]",FSS_new+PromoXtraPlus,id-11134258-822ws-mnciva8io4qu2f,False,False,False,1708344642,79900,199000,79900,60,476041533735198,,,,,,10000.0,1000.0,4.890006875618386,59631,"[140, 109, 434, 4804, 54144]",[],GLAD2GLOW,3138611,100630,"[100630, 100664, 100896]",27101,Retinol Serum,"[""[HOT SALE]Buy6 Get7"", ""[EXTRA 25% OFF]-6pcs"", ""Hot Sale 1PC"", ""Retinol Serum 3PCS"", ""[EXTRA DISC 20%]5PCS"", ""Flash Sale 1PC"", ""Retinol Serum 2PCS"", ""Anti-Aging 2PCS"", ""Day and Night Renew"", ""Kulit Halus 2PCS"", ""Set Dark Spot 2PCS""]"
Shopee,,id,2026-07-01,809769142,glad2glow-indo,Glad2Glow Official Store,KAB. TANGERANG,43150301998,[Hemat 5PCS] Glad2Glow Serum Series - Brightening Mencerahkan Mengurangi Flek Menghaluskan Kulit Meratakan Warna Skincare Kulit Memudarkan Jerawat Niacinamide AHA BHA Centella 377 Perawatan Kulit Peeling Lembut Eksfoliasi Tidak Perih g2glow official store,https://shopee.co.id/product/809769142/43150301998,https://down-id.img.susercontent.com/file/id-11134207-8224w-mj83fjenorgg11,"[""https://down-id.img.susercontent.com/file/id-11134207-8224w-mj83fjenorgg11"", ""https://down-id.img.susercontent.com/file/id-11134207-822wl-mpdmdxrkywb240"", ""https://down-id.img.susercontent.com/file/id-11134207-7rbkb-mb2aerfq9mlwba"", ""https://down-id.img.susercontent.com/file/id-11134207-7ra0h-mbp7hww6kcsm96"", ""https://down-id.img.susercontent.com/file/id-11134207-7ra0q-mbvr242gs0fn5b"", ""https://down-id.img.susercontent.com/file/id-11134207-7ra0u-mbp7hww6hjnqfb"", ""https://down-id.img.susercontent.com/file/id-11134207-7ra0j-mbp7hww6g53aa9"", ""https://down-id.img.susercontent.com/file/id-11134207-7ra0n-mbp7hww6iy86ea""]","[""OFFICIAL_SHOP""]","[""id-11134258-7r98z-lykpu80ygbvs76""]",PromoXtraPlusonly,id-11134258-822ws-mnciva8io4qu2f,False,False,False,1746777717,165000,599000,165000,72,476041533735198,,,,,,10000.0,632.0,4.897756187832524,4328,"[24, 5, 25, 281, 3993]",[],GLAD2GLOW,3138611,100630,"[100630, 100664, 100896]",1698,Serum,"[""[Peeling]-Buy3Get1"", ""[PDRN]-Buy3Get1"", ""Buy8 Get1 Free"", ""[Retinol]Buy6 Get1"", ""[Retinol]Buy9 Get1"", ""Buy9 Get1 Free"", ""Buy5 Get1"", ""Buy7 Get1"", ""PDRN"", ""Peeling-5PCS"", ""Cerah-5PCS"", ""Anti-kerut-5PCS"", ""Dark Spot-5PCS"", ""Anti Jerawat-5PCS"", ""[LIVE ONLY]5pcs-1"", ""[LIVE ONLY]5pcs-2"", ""[LIVE DEAL]5pcs""]"
Shopee,,id,2026-07-01,809769142,glad2glow-indo,Glad2Glow Official Store,KAB. TANGERANG,44357002770,[Hemat 60%]Glad2Glow Toner Complete Series-Brightening/Acne care/Barrier/Exfoliating/hydrating-Skincare toner centella/glycolic toner wajah eksfoliasi water gloglowing exfoliasi g2glow official store,https://shopee.co.id/product/809769142/44357002770,https://down-id.img.susercontent.com/file/id-11134207-7ra0h-mcimknsw7quwce,"[""https://down-id.img.susercontent.com/file/id-11134207-7ra0h-mcimknsw7quwce"", ""https://down-id.img.susercontent.com/file/id-11134207-822wh-motcndeve1vv30"", ""https://down-id.img.susercontent.com/file/id-11134207-7ra0o-mbp65pgv93vi11"", ""https://down-id.img.susercontent.com/file/id-11134207-7ra0u-mboxjl9oo04366"", ""https://down-id.img.susercontent.com/file/id-11134207-7ra0q-mbp71jgi1g28c6"", ""https://down-id.img.susercontent.com/file/id-11134207-7ra0n-mbp71jg8d3bo30"", ""https://down-id.img.susercontent.com/file/id-11134207-7ra0p-mbp65pgvg4pq59"", ""https://down-id.img.susercontent.com/file/id-11134207-7ra0s-mbp65pgveq5a98""]","[""OFFICIAL_SHOP""]","[""id-11134258-7r98z-lykpu80ygbvs76""]",PromoXtraPlusonly,id-11134258-822ws-mnciva8io4qu2f,False,False,False,1751440799,172500,499000,172500,65,476041533735198,,,,,,4000.0,416.0,4.954545454545454,990,"[3, 0, 2, 29, 956]",[],GLAD2GLOW,3138611,100630,"[100630, 100664, 100892]",360,Toner,"[""Buy8 Get1 Free-Glow"", ""Buy8 Get1 Free-Cerah"", ""Buy8 Get1 Fre-Repair"", ""Buy8 Get1 Free-ACNE"", ""Buy8 Get1 Free-Exfo."", ""Buy8 Get1 Free-VC"", ""Buy5 Get1 Free-Glow1"", ""Buy5 Get1 Free-Glow2"", ""Buy5 Get1 Free-Glow3"", ""Buy5 Get1 Fre-Repair"", ""Buy5 Get1 Free-ACNE"", ""Buy5 Get1 Free-VC"", ""Buy5 Get1 Free-Exfo."", ""Buy5 Get1 Free-Cerah"", ""Glowing-5PCS"", ""Glycolic Toner-5pcs"", ""Acne care-5PCS"", ""Repair-5PCS"", ""Exfoliating-5PCS"", ""VitaC Glow-5PCS"", ""[LIVE DEAL] 5pc Glow""]"
Shopee,,id,2026-07-01,809769142,glad2glow-indo,Glad2Glow Official Store,KAB. TANGERANG,50754762666,[BELI 7 DAPAT 9!] Glad2Glow Prefect Cover Glowing Outing Bundle all in 1 10in1 Brightening Moisturizer+Serum+Cushion+Cleanser+Clay Stick+Retinol+Micellar Water 10%Niacinamide skincare paket pembersih perawatan kulit mencerahkan warna kulit g2g official,https://shopee.co.id/product/809769142/50754762666,https://down-id.img.susercontent.com/file/id-11134207-822wn-moot8dotewb2b1,"[""https://down-id.img.susercontent.com/file/id-11134207-822wn-moot8dotewb2b1""]","[""OFFICIAL_SHOP""]","[""id-11134258-7r98z-lykpu80ygbvs76""]",PromoXtraPlusonly,id-11134258-822ws-mnciva8io4qu2f,False,False,False,1768546086,333925,899000,333925,63,931791142240256,,,,,,624.0,44.0,4.800904977375565,221,"[2, 1, 4, 25, 189]",[],GLAD2GLOW,3138611,100630,"[100630, 100665]",204,All in One,"[""[NEW]all in 1-02"", ""[NEW]all in 1-03"", ""[B7G9]all in 1-02"", ""[B7G9]all in 1-03"", ""GLOW Set 02"", ""GLOW Set 03"", ""[LIVE DEAL]9pcs-02""]"
Shopee,,id,2026-07-01,809769142,glad2glow-indo,Glad2Glow Official Store,KAB. TANGERANG,52463091977,[NEW SIZE] Glad2Glow Brightening Micellar Water 700ml  Kapasitas besar Lembut Cepat Menghapus Makeup & Mencerahkan kulit Penghapus Makeup Waterproof Hapus Riasan Tahan  dan Tanpa Iritasi g2glow official store,https://shopee.co.id/product/809769142/52463091977,https://down-id.img.susercontent.com/file/id-11134207-81ztl-mq2vchtmc0loc5,"[""https://down-id.img.susercontent.com/file/id-11134207-81ztl-mq2vchtmc0loc5"", ""https://down-id.img.susercontent.com/file/id-11134207-81ztp-mq2v2wcghwqp20"", ""https://down-id.img.susercontent.com/file/id-11134207-81ztf-mq2v2wcgkpvlf4"", ""https://down-id.img.susercontent.com/file/id-11134207-81zth-mq2vchtmn9581b"", ""https://down-id.img.susercontent.com/file/id-11134207-81ztm-mq2v2wcqoiypf2"", ""https://down-id.img.susercontent.com/file/id-11134207-81zti-mq2zm2iv7ific2""]","[""OFFICIAL_SHOP""]","[""id-11134258-7r98z-lykpu80ygbvs76""]",FSS_new+PromoXtraPlus,id-11134258-822ws-mnciva8io4qu2f,False,False,False,1782799873,149000,149000,149000,,0,,,,,,,,0.0,0,"[0, 0, 0, 0, 0]","[""Produk Baru""]",GLAD2GLOW,3138611,100630,"[100630, 100662, 100884]",2,Makeup Remover,"[""[Jumbo Size]1PC"", ""2PCS-700ml""]"
Shopee,,id,2026-07-02,809769142,glad2glow-indo,Glad2Glow Official Store,KAB. TANGERANG,26892712078,Glad2Glow Pomegranate Niacinamide Brightening Moisturizer 100g Day Cream Night Cream Skincare,https://shopee.co.id/product/809769142/26892712078,https://down-id.img.susercontent.com/file/id-11134207-822wt-mpbvvf9lzle590,"[""https://down-id.img.susercontent.com/file/id-11134207-822wt-mpbvvf9lzle590""]","[""OFFICIAL_SHOP""]","[""id-11134258-7r98z-lykpu80ygbvs76""]",FSS_new+PromoXtraPlus,id-11134258-822ws-mnciva8io4qu2f,False,False,False,1760005933,100000,149000,100000,33,280767477596160,,,,,,10000.0,1000.0,4.934239628850407,18537,"[28, 8, 76, 931, 17494]",[],GLAD2GLOW,3138611,100630,"[100630, 100664, 100893]",4481,variant,"[""100G-Cream-Bottled"", ""Bottled 2pcs"", ""Glowing 2PCS"", ""[EXTRA DISC 20%]3PCS"", ""Niacinamide 100G-DIS"", ""[UP TO DISC 20%]1PC"", ""Niacinamide Cerah"", ""Niacinamide Cerah2PC"", ""Set Glow 2PCS"", ""Top1 Club & Perks""]"
Shopee,,id,2026-07-02,809769142,glad2glow-indo,Glad2Glow Official Store,KAB. TANGERANG,41320590275,[HOT SALE]Glad2Glow Brightening Micellar Water 300ml Lembut Cepat Menghapus Makeup & Mencerahkan kulit Penghapus Makeup Waterproof Hapus Riasan Tahan  dan Tanpa Iritasi g2glow official store,https://shopee.co.id/product/809769142/41320590275,https://down-id.img.susercontent.com/file/id-11134207-822wt-mo868m6wdlvsf9,"[""https://down-id.img.susercontent.com/file/id-11134207-822wt-mo868m6wdlvsf9"", ""https://down-id.img.susercontent.com/file/id-11134207-822wk-mpxjb86tyozybe"", ""https://down-id.img.susercontent.com/file/id-11134207-81zth-mezdfa2radxpaa"", ""https://down-id.img.susercontent.com/file/id-11134207-81ztg-mezkl28uylmw68"", ""https://down-id.img.susercontent.com/file/id-11134207-81ztk-mezkl28v007c04"", ""https://down-id.img.susercontent.com/file/sg-11134201-824hg-mpg4trg3b4sge4"", ""https://down-id.img.susercontent.com/file/id-11134207-81zte-mezkl28v1ers49""]","[""OFFICIAL_SHOP""]","[""id-11134258-7r98z-lykpu80ygbvs76""]",PromoXtraPlusonly,id-11134258-822ws-mnciva8io4qu2f,False,False,False,1758539697,47900,99000,47900,52,931791142240256,,,,,,10000.0,1000.0,4.9242207946704735,42030,"[63, 33, 246, 2342, 39346]",[],GLAD2GLOW,3138611,100630,"[100630, 100662, 100884]",12405,Makeup Remover,"[""[Gift-pore clear]5PC"", ""[Save More]-5PCS"", ""[60%off] 300ml-3PCS"", ""[60%off]300ml-2PCS"", ""300ml-1PC"", ""230ml-Brightening"", ""Travel-130ml"", ""[27k/pc]130ml-2PCS"", ""[LIVE DEAL]3pcs"", ""Top1 Club & Perks""]"
Shopee,,id,2026-07-02,809769142,glad2glow-indo,Glad2Glow Official Store,KAB. TANGERANG,47806001969,[Ready Stock]Glad2Glow Perfect Cover Cushion Foundation Waterproof Make Up Setting Concealer BB Cream Tahan Lama Hingga 12 Jam Hasil Akhir Glowing Dan Menyatu Dengan Warna Kulit Tekstur Ringan Di Wajah g2glow official store,https://shopee.co.id/product/809769142/47806001969,https://down-id.img.susercontent.com/file/id-11134207-822wi-mogr4ac3b02333,"[""https://down-id.img.susercontent.com/file/id-11134207-822wi-mogr4ac3b02333""]","[""OFFICIAL_SHOP""]","[""id-11134258-7r98z-lykpu80ygbvs76""]",FSS_new+PromoXtraPlus,id-11134258-822ws-mnciva8io4qu2f,False,False,False,1770606302,78000,199000,78000,61,476043307925741,,,,,,8000.0,1000.0,4.929090909090909,2200,"[0, 0, 15, 126, 2059]","[""Add-on Deal""]",GLAD2GLOW,3138611,100630,"[100630, 100662, 100881, 101628]",2212,Cushion,"[""HEMAT 20k!  02+02"", ""HEMAT 20k!  03+03"", ""00 Affogato"", ""01 Buttercream"", ""02 Praline-hot sale"", ""03 Custard-hot sale"", ""04 Ginger-hot sale"", ""05 Cinnamon"", ""00 Affogato REFILL"", ""01Buttercream REFILL"", ""02 Praline REFILL"", ""03 Custard REFIL"", ""04 Ginger REFILL"", ""05 Cinnamon REFIL"", ""disc 20% - 01"", ""disc 20% - 02"", ""disc 20% - 03"", ""HERO-02""]"
Shopee,,id,2026-07-02,809769142,glad2glow-indo,Glad2Glow Official Store,KAB. TANGERANG,43079846216,"[New shades! ]Glad2Glow×GGBaby Special Edition BRIGHTENING LIP SERUM 7g Ready Stock! Mencerahkan, Melembabkan Bibir dengan Warna Natural | Lip tint&Lip care",https://shopee.co.id/product/809769142/43079846216,https://down-id.img.susercontent.com/file/id-11134207-822wi-mp8rknppyvb6a7,"[""https://down-id.img.susercontent.com/file/id-11134207-822wi-mp8rknppyvb6a7""]","[""OFFICIAL_SHOP""]","[""id-11134258-7r98z-lykpu80ygbvs76""]",FSS_new+PromoXtraPlus,id-11134258-822ws-mnciva8io4qu2f,False,False,False,1775630822,58900,159000,58900,63,476043307925741,,,,,,5000.0,1000.0,4.931582162492364,1637,"[1, 1, 5, 95, 1535]",[],GLAD2GLOW,3138611,100630,"[100630, 100664, 100900, 101673]",1328,LIP SERUM,"[""[Top 1]03-Berry Soda"", ""[NEW]-Cherry pop"", ""[NEW]-Pumpkin Frost"", ""Best Sellers-7PCS"", ""Hot & New Set-5PCS"", ""Hot & New Set-3PCS"", ""hot-01+02+03+04-4PCS"", ""hot-01-2PCS+03-2PCS"", ""2PCS Lebih Cuan-01*2"", ""2PCS Lebih Cuan-03*2"", ""2PCS Lebih Cuan 01+3"", ""01-Shopee Special"", ""01-Strawberry Glaze"", ""02-Peach Pie"", ""04-Pearl Sparkle"", ""01-3PCS"", ""03-3PCS"", ""[NEW]-Grape Jelly""]"
Shopee,,id,2026-07-02,809769142,glad2glow-indo,Glad2Glow Official Store,KAB. TANGERANG,55602023813,[NEW LAUNCH] Glad2Glow Perfect Cover Glow Cushion Refill - High Coverage&Glowing 12Jam g2g Official Store,https://shopee.co.id/product/809769142/55602023813,https://down-id.img.susercontent.com/file/id-11134207-8224w-mhkdenh0o5xc45,"[""https://down-id.img.susercontent.com/file/id-11134207-8224w-mhkdenh0o5xc45""]","[""OFFICIAL_SHOP""]","[""id-11134258-7r98z-lykpu80ygbvs76""]",PromoXtraPlusonly,id-11134258-822ws-mnciva8io4qu2f,False,False,False,1764000830,61000,199000,61000,69,476043307925741,,,,,,10000.0,1000.0,4.808265257087938,4162,"[71, 27, 69, 295, 3700]",[],GLAD2GLOW,3138611,100630,"[100630, 100662, 100881, 101628]",3198,cushion refill,"[""cushion+Refill 02"", ""cushion+Refill 03"", ""[2pcs save30Rb] 02"", ""[2pcs save30Rb]  03"", ""[2pcs save30Rb] 00"", ""[2pcs save30Rb]  01"", ""[2pcs save30Rb] 04"", ""[2pcs save30Rb]  05"", ""[REFILL]00-2PCS"", ""[REFILL]01-2PCS"", ""[REFILL]02-2PCS"", ""[REFILL]03-2PCS"", ""[REFILL]04-2PCS"", ""[REFILL]05-2PCS"", ""[LIVE DEAL]-02"", ""[LIVE DEAL]-03""]"
Shopee,,id,2026-07-02,809769142,glad2glow-indo,Glad2Glow Official Store,KAB. TANGERANG,53259701588,"[free gift]Glad2Glow Cherry Blossom Micellar Water 230ml, Kulit Lembap, Herry Blossom, Non Stripping",https://shopee.co.id/product/809769142/53259701588,https://down-id.img.susercontent.com/file/id-11134207-822wu-mno4q9gazpxcd8,"[""https://down-id.img.susercontent.com/file/id-11134207-822wu-mno4q9gazpxcd8"", ""https://down-id.img.susercontent.com/file/id-11134207-822wl-mno4q9gb3xmodc"", ""https://down-id.img.susercontent.com/file/id-11134207-822wk-mno4rb3a0jd0b3"", ""https://down-id.img.susercontent.com/file/id-11134207-822wr-mno4q9gb14hsc0"", ""https://down-id.img.susercontent.com/file/id-11134207-822wr-mno4rb3ibqbpab"", ""https://down-id.img.susercontent.com/file/id-11134207-822wp-mno4rb3iejgl47"", ""https://down-id.img.susercontent.com/file/id-11134207-822wo-mno4rb3id4w5da""]","[""OFFICIAL_SHOP""]","[""id-11134258-7r98z-lykpu80ygbvs76""]",FSS_new+PromoXtraPlus,id-11134258-822ws-mnciva8io4qu2f,False,False,False,1777466436,33000,89000,33000,63,476043307925741,,,,,,1000.0,1000.0,4.928909952606635,422,"[0, 0, 4, 22, 396]",[],GLAD2GLOW,3138611,100630,"[100630, 100662, 100884]",260,Makeup Remover,"[""5Cherry+1clearing"", ""5Cherry-230ml"", ""BIG SIZE-230ML-3PCS"", ""[Trial]Cherry-230ml""]"
Shopee,,id,2026-07-02,809769142,glad2glow-indo,Glad2Glow Official Store,KAB. TANGERANG,56153897478,[Shade Spesial Kulit Gelap] Glad2Glow Flawless Blurring Skin Tint 30G | Foundation Concealer Ringan | Coverage Tinggi | 12-Hour Soft-Focus | Oil Control | Bio-Mimetic Film Technology | g2g Official Store,https://shopee.co.id/product/809769142/56153897478,https://down-id.img.susercontent.com/file/id-11134207-82250-miwrv14cxtkwda,"[""https://down-id.img.susercontent.com/file/id-11134207-82250-miwrv14cxtkwda""]","[""OFFICIAL_SHOP""]","[""id-11134258-7r98z-lykpu80ygbvs76""]",PromoXtraPlusonly,id-11134258-822ws-mnciva8io4qu2f,False,False,False,1767003941,55000,99000,55000,44,476043307925741,,,,,,2000.0,243.0,4.917867435158501,694,"[1, 0, 5, 43, 645]","[""Add-on Deal""]",GLAD2GLOW,3138611,100630,"[100630, 100662, 100881, 101628]",750,Cushion,"[""[HOT]03 Custard"", ""04 Ginger"", ""05 Cinnamon"", ""03-2PCS"", ""04-2PCS"", ""[Save more]05-2PCS"", ""04 Ginger+03 lip"", ""[Save more]05+03 lip""]"
Shopee,,id,2026-07-02,809769142,glad2glow-indo,Glad2Glow Official Store,KAB. TANGERANG,48812376598,Glad2Glow Clay Stick&Face Mask Series-Pomegranate Brightening/Mugwort Acne/ Volcanic Pore-sleeping masker g2glow official store,https://shopee.co.id/product/809769142/48812376598,https://down-id.img.susercontent.com/file/id-11134207-822wm-mpki8rwwvwul29,"[""https://down-id.img.susercontent.com/file/id-11134207-822wm-mpki8rwwvwul29""]","[""OFFICIAL_SHOP""]","[""id-11134258-7r98z-lykpu80ygbvs76""]",FSS_new+PromoXtraPlus,id-11134258-822ws-mnciva8io4qu2f,False,False,False,1781680606,38900,99000,38900,61,476043307925741,,,,,,339.0,322.0,4.891089108910891,101,"[0, 0, 1, 9, 91]","[""Produk Baru""]",GLAD2GLOW,3138611,100630,"[100630, 100664, 100898]",114,Clay Stick,"[""1PC-ACNE gel"", ""ACNE Gel-100g"", ""1PC-Acne Care"", ""1PC-Glowing"", ""1PC-Eksfoliasi"", ""Pori Masker"", ""out of stock""]"
Shopee,,id,2026-07-02,809769142,glad2glow-indo,Glad2Glow Official Store,KAB. TANGERANG,47505564185,[100ML save 30%]Glad2Glow Blueberry Ceramide Low pH Gel Cleanser 100ml Gentle skin Facial Wash oil control skincare  pembersih wajah sabun cuci muka face wash micellar water g2glow official store,https://shopee.co.id/product/809769142/47505564185,https://down-id.img.susercontent.com/file/id-11134207-822ws-mm1irf40t6vc03,"[""https://down-id.img.susercontent.com/file/id-11134207-822ws-mm1irf40t6vc03""]","[""OFFICIAL_SHOP""]","[""id-11134258-7r98z-lykpu80ygbvs76""]",PromoXtraPlusonly,id-11134258-822ws-mnciva8io4qu2f,False,False,False,1769670261,38000,99000,38000,62,476043307925741,,,,,,5000.0,1000.0,4.89899586532782,1693,"[4, 2, 16, 117, 1554]",[],GLAD2GLOW,3138611,100630,"[100630, 100664, 100891]",350,Cleanser,"[""1PC Repair-100ml"", ""3pcs Repair-100ml"", ""5pcs Repair-100ml""]"
Shopee,,id,2026-07-02,809769142,glad2glow-indo,Glad2Glow Official Store,KAB. TANGERANG,26704788256,GLAD2GLOW Kiwi 3D Acid Acne Moisturizer Pelembab Wajah Jerawat Mencerahkan Pencerah Wajah&Penuaan Hilangkan Flek & Tenangkan Kulit Skincare Pelembab Esensi Wajah Perawatan Kulit day cream tone up g2g official store,https://shopee.co.id/product/809769142/26704788256,https://down-id.img.susercontent.com/file/id-11134207-822wi-moorjdqzhzbg9b,"[""https://down-id.img.susercontent.com/file/id-11134207-822wi-moorjdqzhzbg9b""]","[""OFFICIAL_SHOP""]","[""id-11134258-7r98z-lykpu80ygbvs76""]",FSS_new+PromoXtraPlus,id-11134258-822ws-mnciva8io4qu2f,False,False,False,1720430990,44900,99000,44900,55,476043307925741,,,,,,10000.0,1000.0,4.869445647466436,92361,"[260, 208, 899, 8596, 82398]","[""Add-on Deal""]",GLAD2GLOW,3138611,100630,"[100630, 100664, 100893]",19343,MOISTURIZER,"[""[HOT]Buy5 Get1Free"", ""[EXTRA DISC 20%]5PCS"", ""ACNE MOIST-100g 1pc"", ""ACNE MOIST-100g 2pcs"", ""ACNE MOIST-1pc"", ""ACNE MOIST-3pcs"", ""ACNE MOIST-2pcs"", ""[HOT]ACNE SET 1"", ""ACNE SET 2"", ""ACNE SET 4"", ""ACNE SET 5"", ""ACNE-1pc flash sale"", ""[LIVE DEAL]1pc""]"
Shopee,,id,2026-07-02,809769142,glad2glow-indo,Glad2Glow Official Store,KAB. TANGERANG,29317152516,Glad2Glow Centella Water Gel Soothing Moisturizer Madeca Cream Berjerawat Acne Cica Pelembab Wajah 100g  Menenangkan kulit Mengurangi kemerahan Mengontrol minyak Mengobati kulit berjerawat Menjaga g2glow official store,https://shopee.co.id/product/809769142/29317152516,https://down-id.img.susercontent.com/file/id-11134207-822wn-mnw81iiksv0j78,"[""https://down-id.img.susercontent.com/file/id-11134207-822wn-mnw81iiksv0j78""]","[""OFFICIAL_SHOP""]","[""id-11134258-7r98z-lykpu80ygbvs76""]",FSS_new+PromoXtraPlus,id-11134258-822ws-mnciva8io4qu2f,False,False,False,1731227282,78900,199000,78900,60,476043307925741,,,,,,10000.0,1000.0,4.903275358855758,58590,"[119, 97, 414, 4072, 53888]","[""Add-on Deal""]",GLAD2GLOW,3138611,100630,"[100630, 100664, 100893]",21117,Centella Sooth,"[""[EXTRA 20%OFF]100g*3"", ""[Ekstra Hemat]100g"", ""Centella Gel 55g"", ""Centella Gel 30g"", ""Centella Gel 100g*2"", ""Centella Gel 55g*3"", ""Centella Gel 30g*3"", ""ACNE SET"", ""ACNE SET 2"", ""ACNE&GLOWING SET"", ""ACNE&SMOOTH SET"", ""100g-flash sale"", ""[LIVE DEAL]1pc""]"
Shopee,,id,2026-07-02,809769142,glad2glow-indo,Glad2Glow Official Store,KAB. TANGERANG,44554737595,[BELI 7 DAPAT 9!] Glad2Glow Cerah Glowing Outing Bundle all in 1 10in1 Brightening Moisturizer+Serum+Tone Up Cream+Body Serum+Cleanser+Lip Care Serum+Retinol 10%Niacinamide skincare paket pembersih perawatan kulit mencerahkan warna kulit g2g official,https://shopee.co.id/product/809769142/44554737595,https://down-id.img.susercontent.com/file/id-11134207-81zti-mq2pbivg34zyae,"[""https://down-id.img.susercontent.com/file/id-11134207-81zti-mq2pbivg34zyae""]","[""OFFICIAL_SHOP""]","[""id-11134258-7r98z-lykpu80ygbvs76""]",PromoXtraPlusonly,id-11134258-822ws-mnciva8io4qu2f,False,False,False,1768462005,303050,400000,303050,24,931791142240256,,,,,,5000.0,857.0,4.889648882808937,2193,"[8, 6, 25, 142, 2012]",[],GLAD2GLOW,3138611,100630,"[100630, 100665]",1664,10pcs,"[""[HOT]Glow 9pcs-PDRN"", ""Lengkap Outting 10ps"", ""Skincare& Lip Set"", ""All in 1 9pcs-PDRN-3"", ""All in 1 9pcs 03"", ""All in 1 9pcs 01"", ""[LIVE DEAL]9pcs-03""]"
Shopee,,id,2026-07-02,809769142,glad2glow-indo,Glad2Glow Official Store,KAB. TANGERANG,55908771179,[HOT] Glad2Glow White Truffle Serum Spray 100ml |  12H Tahan Lama|Glass Skin Makeup Lock Mencerahkan Skin Prep  g2g Glad2Glow Official Store,https://shopee.co.id/product/809769142/55908771179,https://down-id.img.susercontent.com/file/id-11134207-822wh-mn0x6662e4g29b,"[""https://down-id.img.susercontent.com/file/id-11134207-822wh-mn0x6662e4g29b""]","[""OFFICIAL_SHOP""]","[""id-11134258-7r98z-lykpu80ygbvs76""]",FSS_new+PromoXtraPlus,id-11134258-822ws-mnciva8io4qu2f,False,False,False,1776137376,78900,169500,78900,53,476043307925741,,,,,,7000.0,1000.0,4.938007695596409,2339,"[1, 0, 10, 121, 2207]",[],GLAD2GLOW,3138611,100630,"[100630, 100662, 100881, 101633]",2293,serum,"[""1pcs"", ""3pcs"", ""5pcs""]"
Shopee,,id,2026-07-02,809769142,glad2glow-indo,Glad2Glow Official Store,KAB. TANGERANG,44429096395,Glad2Glow TONE UP BRIGHTENING BODY SERUM Skin Look Flawless Tone Up in 1 Use Tone Up Booster Body Serum Lotion,https://shopee.co.id/product/809769142/44429096395,https://down-id.img.susercontent.com/file/id-11134207-822wj-mpisresymjuo3b,"[""https://down-id.img.susercontent.com/file/id-11134207-822wj-mpisresymjuo3b"", ""https://down-id.img.susercontent.com/file/id-11134207-822wg-moyw16t2x3ws60"", ""https://down-id.img.susercontent.com/file/id-11134207-822wr-mnbaj8c7rnr61d"", ""https://down-id.img.susercontent.com/file/id-11134207-822wj-mnb3tt01haf5e6"", ""https://down-id.img.susercontent.com/file/id-11134207-822wo-mnbaj8c7ugw261"", ""https://down-id.img.susercontent.com/file/id-11134207-822ws-mnb3tt01iozldb"", ""https://down-id.img.susercontent.com/file/id-11134207-822wt-mnbaj8c7t2bm01"", ""https://down-id.img.susercontent.com/file/id-11134207-822wk-mnb3tt01eha9cf""]","[""OFFICIAL_SHOP""]","[""id-11134258-7r98z-lykpu80ygbvs76""]",FSS_new+PromoXtraPlus,id-11134258-822ws-mnciva8io4qu2f,False,False,False,1772800138,49000,99000,49000,51,476043307925741,,,,,,10000.0,1000.0,4.876835480970932,6674,"[22, 16, 95, 496, 6045]",[],GLAD2GLOW,3138611,100630,"[100630, 102002, 102007]",6197,body Serum,"[""1PC"", ""3pcs"", ""[HOT]Buy5 Get 6"", ""Buy7 Get 8"", ""ALL-Over Glow-2pcs"", ""tone up 2in1"", ""Bright 3-in-1"", ""5pcs"", ""Bright 2-in-1"", ""Top1 Club & Perks""]"
Shopee,,id,2026-07-02,809769142,glad2glow-indo,Glad2Glow Official Store,KAB. TANGERANG,52806158940,[Big Size 300ml] Glad2Glow Retinol Bight Body Serum / Niacinamide Bright Body Serum 300ml Body Lotion HandBody Body Cream Pelembab Badan Tekstur Ringan Wangi Tahan Lama Long Lasting Body Moisturizer Perfume,https://shopee.co.id/product/809769142/52806158940,https://down-id.img.susercontent.com/file/id-11134207-8224s-mknbi3wwdngj89,"[""https://down-id.img.susercontent.com/file/id-11134207-8224s-mknbi3wwdngj89"", ""https://down-id.img.susercontent.com/file/id-11134207-822ws-moteebyw42z247"", ""https://down-id.img.susercontent.com/file/id-11134207-8224p-mknbi3wwf20z48"", ""https://down-id.img.susercontent.com/file/id-11134207-8224y-mknbi3wwgglfce"", ""https://down-id.img.susercontent.com/file/id-11134207-8224q-mknbi3wwkoara8"", ""https://down-id.img.susercontent.com/file/id-11134207-8224u-mknnpax5yw3m4b"", ""https://down-id.img.susercontent.com/file/id-11134207-82252-mknnpax5xhj6a0"", ""https://down-id.img.susercontent.com/file/id-11134207-8224y-mknnpax23tvn4a"", ""https://down-id.img.susercontent.com/file/id-11134207-8224r-mknbi3wwm2v7f3""]","[""OFFICIAL_SHOP""]","[""id-11134258-7r98z-lykpu80ygbvs76""]",FSS_new+PromoXtraPlus,id-11134258-822ws-mnciva8io4qu2f,False,False,False,1770976094,57900,129000,57900,55,931791142240256,,,,,,6000.0,1000.0,4.909393183707398,2406,"[11, 2, 19, 130, 2244]","[""Add-on Deal""]",GLAD2GLOW,3138611,100630,"[100630, 102002, 102007]",2044,Variations,"[""300ml - night glow"", ""300ml - day glow"", ""300ml Day&Night 2in1"", ""Buy6 Get 7-Day"", ""Buy6 Get 7-Night"", ""buy4 get 1 free""]"
Shopee,,id,2026-07-02,809769142,glad2glow-indo,Glad2Glow Official Store,KAB. TANGERANG,50406870682,[NEW] GLAD2GLOW PDRN BRIGHTENING SERUM PDRN 10% NIACINAMIDE 3% TXA  SERUM Mencerahkan Wajah Serum Glow Bomb,https://shopee.co.id/product/809769142/50406870682,https://down-id.img.susercontent.com/file/id-11134207-822wg-mpew676ts3yk00,"[""https://down-id.img.susercontent.com/file/id-11134207-822wg-mpew676ts3yk00""]","[""OFFICIAL_SHOP""]","[""id-11134258-7r98z-lykpu80ygbvs76""]",FSS_new+PromoXtraPlus,id-11134258-822ws-mnciva8io4qu2f,False,False,False,1772800554,89500,199000,89500,55,931791142240256,,,,,,10000.0,1000.0,4.92296636964645,10437,"[12, 4, 54, 636, 9731]",[],GLAD2GLOW,3138611,100630,"[100630, 100664, 100896]",5298,PDRN,"[""Buy5 Get1 Free"", ""1PC"", ""Serum+Moisturizer"", ""PDRN-Buy2Get1"", ""3PCS"", ""5PCS"", ""glowing-3pcs"", ""Top1 Club & Perks"", ""out of stock""]"
Shopee,,id,2026-07-02,809769142,glad2glow-indo,Glad2Glow Official Store,KAB. TANGERANG,54256127181,"[New! Limited Edition] Glad2Glow Perfect Cover Glow Cushion Charm - Foundation High Coverage Tahan 12 Jam & Tekstur Ringan, Minim Oksidasi - glad2glow Official Store",https://shopee.co.id/product/809769142/54256127181,https://down-id.img.susercontent.com/file/id-11134207-8224q-mkoom5g55ddtf5,"[""https://down-id.img.susercontent.com/file/id-11134207-8224q-mkoom5g55ddtf5""]","[""OFFICIAL_SHOP""]","[""id-11134258-7r98z-lykpu80ygbvs76""]",FSS_new+PromoXtraPlus,id-11134258-822ws-mnciva8io4qu2f,False,False,False,1770896925,100000,199000,100000,50,476043307925741,,,,,,8000.0,1000.0,4.928994082840236,2535,"[3, 0, 21, 126, 2385]",[],GLAD2GLOW,3138611,100630,"[100630, 100662, 100881, 101628]",4525,Cushion,"[""00 Affogato"", ""01Buttercream"", ""02Praline"", ""03Custard"", ""04 Ginger"", ""05 Cinnamon"", ""02 Praline+Lip01"", ""03 Custard+Lip01"", ""02 Praline+Lip03"", ""03 Custard+Lip03"", ""02 Praline+Refill02"", ""03 Praline+Refill03""]"
Shopee,,id,2026-07-02,809769142,glad2glow-indo,Glad2Glow Official Store,KAB. TANGERANG,44050582778,Glad2Glow Moisturizer Series100G Water Gel Niacinamide Brightening Retinol CentellaMencerahkan Pemutih Kulit Pelembab Bercahaya Krim Siang dan Malam Perawatan Kulit Ekstrak Delima Delima Wajah g2g official store,https://shopee.co.id/product/809769142/44050582778,https://down-id.img.susercontent.com/file/id-11134207-822wr-moevfyao7wg04e,"[""https://down-id.img.susercontent.com/file/id-11134207-822wr-moevfyao7wg04e""]","[""OFFICIAL_SHOP""]","[""id-11134258-7r98z-lykpu80ygbvs76""]",PromoXtraPlusonly,id-11134258-822ws-mnciva8io4qu2f,False,False,False,1747029244,100000,159000,100000,37,476043307925741,,,,,,10000.0,1000.0,4.92618059159315,53956,"[74, 39, 268, 3034, 50541]","[""Add-on Deal""]",GLAD2GLOW,3138611,100630,"[100630, 100664, 100893]",14332,Bright moist,"[""Niacinamide 100G-DIS"", ""Niacinamide-Bottled"", ""Niacinamide Cerah"", ""B5 Panthenol Gel50ml"", ""B5 Cream50ml"", ""Ceramides Repair100g"", ""Repair 100g-Dis"", ""Retinol Halus 100g"", ""Centella Soothing"", ""Dark spot 100g"", ""Acne 100g"", ""Bright 100g"", ""Niacinamide Cerah2PC"", ""Ceramides Repair2PCS"", ""Retinol Halus 2PCS"", ""Centella Soothing2PC"", ""[UP TO DISC 20%]1PC"", ""[SAVE 60%]3PCS 100g"", ""[SAVE 9K]2PC 100+30g"", ""Set Glow 2PCS"", ""Set Cerah Plus 2PCS"", ""Set Cerah Basic 2PCS"", ""377 MOIST 2PCS"", ""Acne Gel 2pcs"", ""[LIVE DEAL]Bright""]"
Shopee,,id,2026-07-02,809769142,glad2glow-indo,Glad2Glow Official Store,KAB. TANGERANG,55509134650,"[Link]Glad2Glow×GGBaby Special Edition BRIGHTENING LIP SERUM 7g Ready Stock! Mencerahkan, Melembabkan Bibir dengan Warna Natural | Lip tint&Lip care",https://shopee.co.id/product/809769142/55509134650,https://down-id.img.susercontent.com/file/id-11134207-822wl-mnc801zfv28586,"[""https://down-id.img.susercontent.com/file/id-11134207-822wl-mnc801zfv28586""]","[""OFFICIAL_SHOP""]","[""id-11134258-7r98z-lykpu80ygbvs76""]",FSS_new+PromoXtraPlus,id-11134258-822ws-mnciva8io4qu2f,False,False,False,1776667939,58900,159000,58900,63,476043307925741,,,,,,581.0,313.0,4.927777777777778,180,"[0, 0, 2, 9, 169]",[],GLAD2GLOW,3138611,100630,"[100630, 100664, 100900, 101673]",139,LIP SERUM,"[""[Top 1]03-Berry Soda"", ""[NEW]-Cherry pop"", ""[NEW]-Pumpkin Frost"", ""Best Sellers-7PCS"", ""Hot & New Set-5PCS"", ""Hot & New Set-3PCS"", ""hot-01+02+03+04-4PCS"", ""hot-01-2PCS+03-2PCS"", ""2PCS Lebih Cuan-01*2"", ""2PCS Lebih Cuan-03*2"", ""2PCS Lebih Cuan 01+3"", ""01-Shopee Special"", ""01-Strawberry Glaze"", ""02-Peach Pie"", ""04-Pearl Sparkle"", ""01-3PCS"", ""03-3PCS"", ""[NEW]-Grape Jelly"", ""[LIVE DEAL]01*2+03*2"", ""[LIVE DEAL] 03"", ""[LIVE DEAL] 01""]"
Shopee,,id,2026-07-02,809769142,glad2glow-indo,Glad2Glow Official Store,KAB. TANGERANG,46503915754,[New]Glad2Glow Glycolic Acid Facial Wash 70ml Membersihkan & Merawat Kulit 2-in-1 Niacinamide face wash Pencerah Pembersihan micellar Lembut Hidrasi pembersih wajah Melindungi Barrier Kulit Sabun Wajah Cocok Untuk Kulit Sensitif g2glow official store,https://shopee.co.id/product/809769142/46503915754,https://down-id.img.susercontent.com/file/id-11134207-822wl-mpx07onz8flud7,"[""https://down-id.img.susercontent.com/file/id-11134207-822wl-mpx07onz8flud7""]","[""OFFICIAL_SHOP""]","[""id-11134258-7r98z-lykpu80ygbvs76""]",PromoXtraPlusonly,id-11134258-822ws-mnciva8io4qu2f,False,False,False,1766996355,36000,89000,36000,60,476043307925741,,,,,,10000.0,1000.0,4.92179802955665,6496,"[2, 3, 47, 397, 6047]",[],GLAD2GLOW,3138611,100630,"[100630, 100664, 100891]",1734,CLEANSER,"[""[EXTRA 25% OFF]-6pcs"", ""CLEANSER 1PC"", ""[100ML]-1pc"", ""Buy1 Get1 Free-100ML"", ""CLEANSER--3pcs"", ""CLEANSER--5pcs"", ""[NEW] 70ml+100ml"", ""MENCERAHKAN--2PCS"", ""Toner+Cleanser 2pcs""]"
Shopee,,id,2026-07-02,809769142,glad2glow-indo,Glad2Glow Official Store,KAB. TANGERANG,53257417325,"[100ML SAVE 30%]Glad2Glow Centella Salicylic Acid Acne Gel Cleanser facial wash pembersih wajah sabun cuci muka face wash skincare Menenangkan kulit berjerawat dan kemerahan,mengontrol minyak berlebih G2G glad2glow officia store",https://shopee.co.id/product/809769142/53257417325,https://down-id.img.susercontent.com/file/id-11134207-822wt-mm1irf40nklkff,"[""https://down-id.img.susercontent.com/file/id-11134207-822wt-mm1irf40nklkff""]","[""OFFICIAL_SHOP""]","[""id-11134258-7r98z-lykpu80ygbvs76""]",FSS_new+PromoXtraPlus,id-11134258-822ws-mnciva8io4qu2f,False,False,False,1773915419,39000,99000,39000,61,476043307925741,,,,,,3000.0,1000.0,4.906976744186046,1161,"[3, 0, 11, 74, 1073]",[],GLAD2GLOW,3138611,100630,"[100630, 100664, 100891]",165,Anti-Jerawat,"[""[100ml]-ACNE 1pc"", ""3PCS Acne Care"", ""5PCS Acne Care"", ""Set Acne Care 2PCS""]"
Shopee,,id,2026-07-02,809769142,glad2glow-indo,Glad2Glow Official Store,KAB. TANGERANG,28293199566,[Big Size]Glad2Glow Centella Salicylic Acid Acne Gel Cleanser 150ml facial wash skincare face wash sabun cuci muka cleansing balm exfoliating exfoliasi wajah sabun muka pembersih wajah merawat serta membantu menenangkan jerawat,https://shopee.co.id/product/809769142/28293199566,https://down-id.img.susercontent.com/file/id-11134207-822wk-moyul0v1pp1ofe,"[""https://down-id.img.susercontent.com/file/id-11134207-822wk-moyul0v1pp1ofe"", ""https://down-id.img.susercontent.com/file/id-11134207-822wg-moyw16t2x3ws60"", ""https://down-id.img.susercontent.com/file/id-11134207-82252-mg26lnjvhrf294"", ""https://down-id.img.susercontent.com/file/id-11134207-8224r-mg27lbyoscugaa"", ""https://down-id.img.susercontent.com/file/sg-11134201-824jj-mpe1p0v2szcwf4"", ""https://down-id.img.susercontent.com/file/id-11134207-8224o-mg27lbzohmh9f7"", ""https://down-id.img.susercontent.com/file/id-11134207-8224t-mg27lbzoj11p83"", ""https://down-id.img.susercontent.com/file/id-11134207-82251-mg27lbzdrcax6d""]","[""OFFICIAL_SHOP""]","[""id-11134258-7r98z-lykpu80ygbvs76""]",PromoXtraPlusonly,id-11134258-822ws-mnciva8io4qu2f,False,False,False,1760960682,46500,129000,46500,64,280770950463488,,,,,,10000.0,1000.0,4.9195317008821835,12131,"[22, 10, 92, 674, 11333]",[],GLAD2GLOW,3138611,100630,"[100630, 100664, 100891]",1726,Anti-Jerawat,"[""Big Size—1PC"", ""Big Size—3PCS"", ""Top1 Club & Perks""]"
Shopee,,id,2026-07-02,809769142,glad2glow-indo,Glad2Glow Official Store,KAB. TANGERANG,40781619061,Glad2Glow Perfect Airbrush Setting Spray -All DAY GLOW SETTINGSPRAY -White Truffle SerumSpray 100ml-All Day Matte Setting Spray -Kunci Makeup 12H Anti Luntur & Kontrol Minyak - Soft Matte Finish Anti Geser Waterproof & Sweatproof-glad2glow offcial,https://shopee.co.id/product/809769142/40781619061,https://down-id.img.susercontent.com/file/id-11134207-822wu-mpj34cey42ku1b,"[""https://down-id.img.susercontent.com/file/id-11134207-822wu-mpj34cey42ku1b""]","[""OFFICIAL_SHOP""]","[""id-11134258-7r98z-lykpu80ygbvs76""]",FSS_new+PromoXtraPlus,id-11134258-822ws-mnciva8io4qu2f,False,False,False,1781165176,69000,99000,69000,30,476043307925741,,,,,,443.0,431.0,4.947368421052632,133,"[0, 0, 0, 7, 126]","[""Produk Baru""]",GLAD2GLOW,3138611,100630,"[100630, 100662, 100881, 101633]",218,SPRAY,"[""Glow  Setting Spray"", ""Airbrush Spray"", ""Matte Setting Spray"", ""Top1 Club & Perks""]"
Shopee,,id,2026-07-02,809769142,glad2glow-indo,Glad2Glow Official Store,KAB. TANGERANG,24597552858,[Big Size]Glad2Glow Blueberry Ceramide Low pH Gel Cleanser 150ml facial wash skincare face wash sabun cuci muka cleansing balm exfoliating exfoliasi wajah sabun muka pembersih wajah Memperbaiki penghalang kulit tetap terhidrasi wajah,https://shopee.co.id/product/809769142/24597552858,https://down-id.img.susercontent.com/file/id-11134207-822wi-mp8u5dzu7z7w88,"[""https://down-id.img.susercontent.com/file/id-11134207-822wi-mp8u5dzu7z7w88"", ""https://down-id.img.susercontent.com/file/id-11134207-822wg-moyw16t2x3ws60"", ""https://down-id.img.susercontent.com/file/id-11134207-81ztl-memdjr2fb0uf4d"", ""https://down-id.img.susercontent.com/file/id-11134207-81ztf-messlohrbrpjc2"", ""https://down-id.img.susercontent.com/file/id-11134207-8224u-mg26lnk0dcek46"", ""https://down-id.img.susercontent.com/file/id-11134207-822wu-moytfn2ymq6nd5"", ""https://down-id.img.susercontent.com/file/id-11134207-8224s-mg26lninlij120"", ""https://down-id.img.susercontent.com/file/id-11134207-8224o-mg26lnikv6rzfd""]","[""OFFICIAL_SHOP""]","[""id-11134258-7r98z-lykpu80ygbvs76""]",PromoXtraPlusonly,id-11134258-822ws-mnciva8io4qu2f,False,False,False,1760959865,58000,129000,58000,55,476043307925741,,,,,,10000.0,1000.0,4.905086262616218,20113,"[64, 30, 160, 1243, 18616]",[],GLAD2GLOW,3138611,100630,"[100630, 100664, 100891]",3508,Cleanser,"[""1PCS Big Size"", ""[save 10K today]2PCS"", ""3PCS Big Size"", ""Top1 Club & Perks""]"
Shopee,,id,2026-07-02,809769142,glad2glow-indo,Glad2Glow Official Store,KAB. TANGERANG,43327781503,[HOT] Glad2Glow Glow Serum Spray 100ml White Truffle Radiance Mencerahkan & Melindungi Skin Barrier Skin Prep Face Glad2Glow Official Store,https://shopee.co.id/product/809769142/43327781503,https://down-id.img.susercontent.com/file/id-11134207-822wg-mpsphe9elhxca8,"[""https://down-id.img.susercontent.com/file/id-11134207-822wg-mpsphe9elhxca8""]","[""OFFICIAL_SHOP""]","[""id-11134258-7r98z-lykpu80ygbvs76""]",FSS_new+PromoXtraPlus,id-11134258-822ws-mnciva8io4qu2f,False,False,False,1767683612,78900,169500,78900,53,476043307925741,,,,,,10000.0,1000.0,4.923675932133464,19391,"[24, 5, 115, 1139, 18108]",[],GLAD2GLOW,3138611,100630,"[100630, 100664, 100896]",11360,serum,"[""Buy5 Get6"", ""[100ML]1PCS"", ""3pcs"", ""5pcs"", ""02 Glowing-2pcs"", ""03 Glowing-2pcs"", ""Spray+Lip 01-2pcs"", ""Spray+Lip 06-2pcs"", ""02 Perfect cover-2pc"", ""[LIVE DEAL] 02-2pc"", ""Top1 Club & Perks"", ""out of stock""]"
Shopee,,id,2026-07-02,809769142,glad2glow-indo,Glad2Glow Official Store,KAB. TANGERANG,55052557973,[Gift+50k/pc!] Glad2Glow BRIGHTENING LIP SERUM 7g  Mencerahkan Melembabkan dan menambahkan warna 3in1  liptint lipstick lipcream &Metal Applicatior cooling sensation Tahan Lama dan Vitamin E danVitamin C Cushion  g2g glad2glow official store,https://shopee.co.id/product/809769142/55052557973,https://down-id.img.susercontent.com/file/id-11134207-822wg-mpwzx5pi4cum37,"[""https://down-id.img.susercontent.com/file/id-11134207-822wg-mpwzx5pi4cum37""]","[""OFFICIAL_SHOP""]","[""id-11134258-7r98z-lykpu80ygbvs76""]",PromoXtraPlusonly,id-11134258-822ws-mnciva8io4qu2f,False,False,False,1764811675,58900,159000,58900,63,476043307925741,,,,,,10000.0,859.0,4.92493091802272,6514,"[12, 8, 48, 321, 6125]",[],GLAD2GLOW,3138611,100630,"[100630, 100664, 100900, 101673]",6667,LIP SERUM,"[""GIFT!Best Value-8pcs"", ""ALL IN SHADES-7pcs"", ""All Hot shades -7pcs"", ""Perfect 4 Shades-7pc"", ""BestValue&All in Set"", ""GIFT!Hot seller-5pcs"", ""GIFT! Top Duo-5pcs"", ""Save More-Lip03*4+06"", ""hot-01+02+03+04-4PCS"", ""hot-01-2PCS+03-2PCS"", ""LIP SERUM-01+03"", ""03-Berry Soda"", ""Top1 Club & Perks"", ""[LIVE DEAL]Lip01*5""]"
Shopee,,id,2026-07-02,809769142,glad2glow-indo,Glad2Glow Official Store,KAB. TANGERANG,48852152348,[NEW LAUNCH] Glad2Glow PORE CLEARING MICELLAR WATER Untuk Semua Kulit Lembut Cepat Menghapus Makeup & Mencerahkan kulit Penghapus Makeup Waterproof Hapus Riasan Tahan  dan Tanpa Iritasi g2glow official store,https://shopee.co.id/product/809769142/48852152348,https://down-id.img.susercontent.com/file/id-11134207-822wr-mmgy0itoo5xgee,"[""https://down-id.img.susercontent.com/file/id-11134207-822wr-mmgy0itoo5xgee"", ""https://down-id.img.susercontent.com/file/id-11134207-8224v-mhis7ug548ao34"", ""https://down-id.img.susercontent.com/file/id-11134207-8224x-mhis7ug55mv474"", ""https://down-id.img.susercontent.com/file/id-11134207-8224x-mhis7ug58g00e8"", ""https://down-id.img.susercontent.com/file/id-11134207-8224x-mhis7ug5b94wc5"", ""https://down-id.img.susercontent.com/file/id-11134207-8224o-mhis7ug5e29sa5"", ""https://down-id.img.susercontent.com/file/id-11134207-8224o-mhis7ug5cnpc66""]","[""OFFICIAL_SHOP""]","[""id-11134258-7r98z-lykpu80ygbvs76""]",FSS_new+PromoXtraPlus,id-11134258-822ws-mnciva8io4qu2f,False,False,False,1764145178,48000,89000,48000,46,476043307925741,,,,,,10000.0,1000.0,4.918077610684614,9509,"[19, 5, 64, 560, 8861]",[],GLAD2GLOW,3138611,100630,"[100630, 100662, 100884]",2746,Makeup Remover,"[""[Big sale] 300ml5PCS"", ""[Hot sale] 300ml5PCS"", ""[60%off] 300ml-3PCS"", ""300ml-2PCS"", ""[Hot]300ml-1PC"", ""230ml-Brightening""]"
Shopee,,id,2026-07-02,809769142,glad2glow-indo,Glad2Glow Official Store,KAB. TANGERANG,57859689025,Glad2Glow All IN ONE MAKEUP REMOVER 60ml Untuk Semua Kulit Lembut cleansing oil Penghapus Makeup Waterproof Hapus Riasan Tahan Air dengan dan Dual-Phase Makeup Melting Solution Tanpa Iritasi untuk Kulit Sensitif dan Berjerawat g2glow official store,https://shopee.co.id/product/809769142/57859689025,https://down-id.img.susercontent.com/file/sg-11134201-820o5-mnmsl23v356s29,"[""https://down-id.img.susercontent.com/file/sg-11134201-820o5-mnmsl23v356s29"", ""https://down-id.img.susercontent.com/file/sg-11134201-820m3-mnmsl2k8oz600d"", ""https://down-id.img.susercontent.com/file/sg-11134201-820mw-mnmsl2s7shs23d"", ""https://down-id.img.susercontent.com/file/sg-11134201-820mn-mnmsl3266dj402"", ""https://down-id.img.susercontent.com/file/sg-11134201-820n3-mnmsl3cj8d8i3e"", ""https://down-id.img.susercontent.com/file/sg-11134201-820oo-mnmsl3mkrxtx10"", ""https://down-id.img.susercontent.com/file/sg-11134201-824gl-mpmk3vogxjb444""]","[""OFFICIAL_SHOP""]","[""id-11134258-7r98z-lykpu80ygbvs76""]",FSS_new+PromoXtraPlus,id-11134258-822ws-mnciva8io4qu2f,False,False,False,1777460634,22000,99000,22000,78,476043307925741,,,,,,726.0,719.0,4.836734693877551,147,"[0, 2, 1, 16, 128]",[],GLAD2GLOW,3138611,100630,"[100630, 100662, 100884]",169,Makeup Remover,"[""pink 60ml-travel"", ""pink 60ml-travel*2"", ""blue 60ml-travel"", ""blue 60ml-travel*2""]"
Shopee,,id,2026-07-02,809769142,glad2glow-indo,Glad2Glow Official Store,KAB. TANGERANG,46810240565,Hot-Glad2Glow FLAWLESS BLURRING SKIN TINT 30G Concealer Foundation Bedak padat Make up Lightweight Coverage Long-lasting 12-Hour Soft-Focus Flawless Skin oil-control  Bio-Mimetic Film Technology  Care g2glow official store,https://shopee.co.id/product/809769142/46810240565,https://down-id.img.susercontent.com/file/id-11134207-822wl-mo11chgva58h74,"[""https://down-id.img.susercontent.com/file/id-11134207-822wl-mo11chgva58h74""]","[""OFFICIAL_SHOP""]","[""id-11134258-7r98z-lykpu80ygbvs76""]",FSS_new+PromoXtraPlus,id-11134258-822ws-mnciva8io4qu2f,False,False,False,1778323840,55000,159000,55000,65,476043307925741,,,,,,4000.0,1000.0,4.920159680638722,1002,"[0, 2, 10, 54, 936]",[],GLAD2GLOW,3138611,100630,"[100630, 100662, 100881, 101628]",580,Cushion,"[""Skintint+Spray-02"", ""Skintint+Spray-03"", ""00 Affogato"", ""01 Buttercream"", ""[HOT]02 Praline"", ""[HOT]03 Custard"", ""04 Ginger"", ""05 Cinnamon"", ""[Save more]02-2PCS"", ""[Save more]03-2PCS"", ""02 Praline+01 lip"", ""03 Custard+01 lip"", ""02 Praline*4+1"", ""03 Custard*4+1""]"
Shopee,,id,2026-07-02,809769142,glad2glow-indo,Glad2Glow Official Store,KAB. TANGERANG,48357124052,[Free Gift-Lip serum] Glad2Glow 8-in-1 Brightening Niacinamide Skincare & Makeup Set:  Glow Serum Spray+Serum+Cleanser+Glow Cushion +Powder+Micellar Water,https://shopee.co.id/product/809769142/48357124052,https://down-id.img.susercontent.com/file/id-11134207-81ztg-mq4eqb1gv20w29,"[""https://down-id.img.susercontent.com/file/id-11134207-81ztg-mq4eqb1gv20w29""]","[""OFFICIAL_SHOP""]","[""id-11134258-7r98z-lykpu80ygbvs76""]",FSS_new+PromoXtraPlus,id-11134258-822ws-mnciva8io4qu2f,False,False,False,1773303256,454500,556500,454500,18,476043307925741,,,,,,1000.0,315.0,4.912685337726524,607,"[0, 0, 6, 41, 560]",[],GLAD2GLOW,3138611,100630,"[100630, 100665]",636,combo,"[""Brightening Set-01"", ""Brightening Set-02"", ""PDRN Set-01"", ""PDRN Set-02""]"
Shopee,,id,2026-07-02,809769142,glad2glow-indo,Glad2Glow Official Store,KAB. TANGERANG,48150998499,[KHUSUS MEMBER]Glad2Glow Pomegranate Niacinamide Brightening Moisturizer,https://shopee.co.id/product/809769142/48150998499,https://down-id.img.susercontent.com/file/id-11134207-8224z-mgrxv1zqwxl9f9,"[""https://down-id.img.susercontent.com/file/id-11134207-8224z-mgrxv1zqwxl9f9"", ""https://down-id.img.susercontent.com/file/id-11134207-8224t-mgrxv1zqzqq5f7"", ""https://down-id.img.susercontent.com/file/id-11134207-82251-mgrxv1zr2jv17b"", ""https://down-id.img.susercontent.com/file/id-11134207-8224z-mgrxv1zr5czxdd"", ""https://down-id.img.susercontent.com/file/id-11134207-8224v-mgrxv1zr3yfh39"", ""https://down-id.img.susercontent.com/file/id-11134207-82252-mgrxv1zr15al4a""]","[""OFFICIAL_SHOP""]","[""id-11134258-7r98z-lykpu80ygbvs76""]",FSS_new+PromoXtraPlus,id-11134258-822ws-mnciva8io4qu2f,False,False,False,1762518035,100000,100000,100000,,0,,,,,,662.0,294.0,4.611702127659575,188,"[12, 1, 1, 20, 154]",[],GLAD2GLOW,3138611,100630,"[100630, 100664, 100893]",203,Moisturizer,"[""1PC""]"
Shopee,,id,2026-07-02,809769142,glad2glow-indo,Glad2Glow Official Store,KAB. TANGERANG,29270135197,[2PCS SAVE MORE]GLAD2GLOW Mugwort Salicylic Acid Acne Clear Micellar Water 300ml For Acne-Prone Skin Dan Oil-Control Hydrating Jerawat Control Membersihkan Makeup Waterproof g2glow official store,https://shopee.co.id/product/809769142/29270135197,https://down-id.img.susercontent.com/file/id-11134207-82251-mio2zz4142rs54,"[""https://down-id.img.susercontent.com/file/id-11134207-82251-mio2zz4142rs54"", ""https://down-id.img.susercontent.com/file/id-11134207-8224o-mjz1r2qtmubmb7"", ""https://down-id.img.susercontent.com/file/id-11134207-7ra0s-mb6ghkhu6of26d"", ""https://down-id.img.susercontent.com/file/id-11134207-7rasc-m3kb8u17pf4q73"", ""https://down-id.img.susercontent.com/file/id-11134207-7rasa-m3kb8u17v1ei01"", ""https://down-id.img.susercontent.com/file/id-11134207-7rasj-m3kb8u17qtp63f"", ""https://down-id.img.susercontent.com/file/id-11134207-7rbk9-m8bx527k3m0o83""]","[""OFFICIAL_SHOP""]","[""id-11134258-7r98z-lykpu80ygbvs76""]",PromoXtraPlusonly,id-11134258-822ws-mnciva8io4qu2f,False,False,False,1733726084,48900,109000,48900,55,476043307925741,,,,,,10000.0,1000.0,4.898294262519383,32889,"[101, 33, 334, 2174, 30247]",[],GLAD2GLOW,3138611,100630,"[100630, 100662, 100884]",7649,Micellar Water,"[""[50%OFF]2PCS-Acne"", ""1PC-Acne"", ""3PCS-Acne""]"
Shopee,,id,2026-07-02,809769142,glad2glow-indo,Glad2Glow Official Store,KAB. TANGERANG,58154516903,Glad2Glow B5 5% Panthenol 2% Niacinamide Barrier Boosting Gel Moisturizer 30ML/50ML Pro-Vitamin B5 Pelembap Skin Barrier Semua Jenis Kulit Redakan Kemerahan Jerawat Aman Untuk Jerawat Acne Brightening Hydration,https://shopee.co.id/product/809769142/58154516903,https://down-id.img.susercontent.com/file/id-11134207-822wu-mpwzcifhaole68,"[""https://down-id.img.susercontent.com/file/id-11134207-822wu-mpwzcifhaole68""]","[""OFFICIAL_SHOP""]","[""id-11134258-7r98z-lykpu80ygbvs76""]",FSS_new+PromoXtraPlus,id-11134258-822ws-mnciva8io4qu2f,False,False,False,1768207427,83900,199000,83900,58,476043307925741,,,,,,10000.0,1000.0,4.928674873280232,5524,"[9, 2, 34, 284, 5195]",[],GLAD2GLOW,3138611,100630,"[100630, 100664, 100893]",4329,Peeling,"[""[Diskon!] Gel 50ml"", ""[HOT]Day&Night"", ""B5 Gel 50ml 2PCS"", ""Oil Control Set"", ""[Gel]Buy5 Get1Free"", ""[Cream]Buy5 Get1Free"", ""B5 Day&Night Set"", ""B5 Panthenol Gel 1PC"", ""B5 Panthenol Gel3PCS"", ""B5 CICA Cream 1 PC"", ""B5 Panthenol Gel5PCS"", ""B5  Cream 50ml 1PCS"", ""[LIVE DEAL]2in1""]"
Shopee,,id,2026-07-02,809769142,glad2glow-indo,Glad2Glow Official Store,KAB. TANGERANG,41223358185,Glad2Glow Yuja Symwhite 377 Dark Spot Moisturizer 100g menghilangkan bekas jerawat brightening night cream day cream Hilangkan Flek & Tenangkan Kulit Skincare Pelembab Esensi Wajah Perawatan Kulit Pelembab g2g,https://shopee.co.id/product/809769142/41223358185,https://down-id.img.susercontent.com/file/id-11134207-8224p-mgw333a82a6j7e,"[""https://down-id.img.susercontent.com/file/id-11134207-8224p-mgw333a82a6j7e"", ""https://down-id.img.susercontent.com/file/id-11134207-81ztj-mfmg9q4v2wi386"", ""https://down-id.img.susercontent.com/file/id-11134207-81zth-mfmg9q4v03d774"", ""https://down-id.img.susercontent.com/file/id-11134207-81ztp-mfmg9q4uyosr6c"", ""https://down-id.img.susercontent.com/file/id-11134207-81ztl-mfmg9q4v1hxn69"", ""https://down-id.img.susercontent.com/file/id-11134207-81ztk-mfmg9q4uxa8bcc""]","[""OFFICIAL_SHOP""]","[""id-11134258-7r98z-lykpu80ygbvs76""]",FSS_new+PromoXtraPlus,id-11134258-822ws-mnciva8io4qu2f,False,False,False,1760007074,108900,199000,108900,45,476043307925741,,,,,,2000.0,286.0,4.936475409836065,976,"[2, 1, 0, 51, 922]","[""Add-on Deal""]",GLAD2GLOW,3138611,100630,"[100630, 100664, 100893]",464,377 MOIST,"[""[EXTRA DISC 20%]3PCS"", ""377 Moist 1PC 100g"", ""377 Moist 2PCS"", ""DARK SPOT SET 2PCS"", ""[LIVE DEAL]1pc""]"
Shopee,,id,2026-07-02,809769142,glad2glow-indo,Glad2Glow Official Store,KAB. TANGERANG,21429166155,Glad2Glow Centella Salicylic Acid Power Acne Serum skincare serum wajah Eksfoliasi Wajah skincare bpom essence Anti jerawat skincare Menyamarkan bekas jerawat Menenangkan kulit g2glow official store,https://shopee.co.id/product/809769142/21429166155,https://down-id.img.susercontent.com/file/id-11134207-822wu-mmtrusbbozcw26,"[""https://down-id.img.susercontent.com/file/id-11134207-822wu-mmtrusbbozcw26""]","[""OFFICIAL_SHOP""]","[""id-11134258-7r98z-lykpu80ygbvs76""]",PromoXtraPlusonly,id-11134258-822ws-mnciva8io4qu2f,False,False,False,1659091052,39900,79000,39900,49,476043307925741,,,,,,10000.0,1000.0,4.858590551409739,68880,"[235, 191, 801, 6625, 61028]",[],GLAD2GLOW,3138611,100630,"[100630, 100664, 100896]",24739,Acne Serum,"[""[EXTRA DISC 20%]5PCS"", ""1PC-Acne Serum"", ""2PCS-Acne Serum"", ""2PCS-Acne Care"", ""2PCS-Acne Care 2"", ""3PCS-Acne Serum"", ""1PC-Flash Sale"", ""[LIVE DEAL]-ACNE 1PC"", ""[LIVE DEAL]-ACNE 3PC""]"
Shopee,,id,2026-07-02,809769142,glad2glow-indo,Glad2Glow Official Store,KAB. TANGERANG,43429510165,[100g NEW LAUNCH]Glad2Glow Advanced Mugwort Acne Gel Mask 100g Masker Wajah Masker Komedo dan Pori Pori Wajah Masker Mask Sleeping Mask Mugwort Hijau Gel Masker,https://shopee.co.id/product/809769142/43429510165,https://down-id.img.susercontent.com/file/id-11134207-822wu-mm8qmaayqt51b0,"[""https://down-id.img.susercontent.com/file/id-11134207-822wu-mm8qmaayqt51b0"", ""https://down-id.img.susercontent.com/file/id-11134207-822wr-mpki8rwx75du82"", ""https://down-id.img.susercontent.com/file/id-11134207-822wt-mm8qmaaz92ira3"", ""https://down-id.img.susercontent.com/file/id-11134207-822wg-mm8qmaaz7nybf8"", ""https://down-id.img.susercontent.com/file/id-11134207-822wj-mm8qmaazeosje4"", ""https://down-id.img.susercontent.com/file/id-11134207-822wo-mm8qmaaz69dved""]","[""OFFICIAL_SHOP""]","[""id-11134258-7r98z-lykpu80ygbvs76""]",FSS_new+PromoXtraPlus,id-11134258-822ws-mnciva8io4qu2f,False,False,False,1774431806,58000,129000,58000,55,476043307925741,,,,,,1000.0,500.0,4.896103896103896,385,"[1, 0, 2, 32, 350]",[],GLAD2GLOW,3138611,100630,"[100630, 100664, 100898]",194,Clay Stick,"[""1PC"", ""[60% OFF]3PCS-Mask"", ""[70% OFF]5PCS-Mask"", ""ANTI-ACNE-2pcs"", ""MASK+SERUM-2PCS"", ""Buy2 Get1 Free""]"
Shopee,,id,2026-07-02,809769142,glad2glow-indo,Glad2Glow Official Store,KAB. TANGERANG,57552811859,Glad2Glow Madagascar Centella Light Cleansing Oil 200ml micellar water pembersih wajah Penghapus riasan lembut tanpa iritasi Menghapus riasan tahan air dengan cepat dan menyegarkan muka wajah g2glow official store,https://shopee.co.id/product/809769142/57552811859,https://down-id.img.susercontent.com/file/id-11134207-822wi-ml94cn76ppmqa7,"[""https://down-id.img.susercontent.com/file/id-11134207-822wi-ml94cn76ppmqa7""]","[""OFFICIAL_SHOP""]","[""id-11134258-7r98z-lykpu80ygbvs76""]",PromoXtraPlusonly,id-11134258-822ws-mnciva8io4qu2f,False,False,False,1765265385,69000,199000,69000,65,476043307925741,,,,,,6000.0,851.0,4.935511982570806,2295,"[3, 2, 12, 106, 2172]","[""Add-on Deal""]",GLAD2GLOW,3138611,100630,"[100630, 100662, 100884]",1502,size,"[""Save More-200ml"", ""Paket Hemat-200ml*2"", ""Clean Oil -300ml"", ""Paket Hemat-600ml""]"
Shopee,,id,2026-07-02,809769142,glad2glow-indo,Glad2Glow Official Store,KAB. TANGERANG,44503289989,[ New Launch ] GLAD2GLOW NIACINAMIDE BODY SERUM BODY LOTION 10X Cerah Instant Absorb Whiten Tone Up All Day Bright Glow pemutih badan dengan parfum tahan lama Long Lasting Fragrance Handbody Body Cream Butter G2Glow Official Store,https://shopee.co.id/product/809769142/44503289989,https://down-id.img.susercontent.com/file/id-11134207-8224s-mjw78a8wlaf421,"[""https://down-id.img.susercontent.com/file/id-11134207-8224s-mjw78a8wlaf421""]","[""OFFICIAL_SHOP""]","[""id-11134258-7r98z-lykpu80ygbvs76""]",PromoXtraPlusonly,id-11134258-822ws-mnciva8io4qu2f,False,False,False,1766054938,38900,98000,38900,60,476043307925741,,,,,,6000.0,1000.0,4.9346376167185415,2249,"[2, 2, 9, 115, 2121]",[],GLAD2GLOW,3138611,100630,"[100630, 102002, 102007]",1663,BODY SERUM,"[""1 PC-Glow Body Serum"", ""2PCS-Glow Body Serum"", ""[LIVE DEAL] 1PC Glow""]"
Shopee,,id,2026-07-02,809769142,glad2glow-indo,Glad2Glow Official Store,KAB. TANGERANG,50653226025,[BUY 3 SAVE 10.5k!TRAVEL&TRIAL! ] Glad2Glow PORE CLEARING MICELLAR WATER&BRIGHTENING MICELLAR WATER Cepat Menghapus Makeup & Mencerahkan kulit Penghapus Makeup Waterproof Hapus Riasan Tahan dan Tanpa Iritasi g2glow official store,https://shopee.co.id/product/809769142/50653226025,https://down-id.img.susercontent.com/file/id-11134207-822wm-mmgy0itopkhw0d,"[""https://down-id.img.susercontent.com/file/id-11134207-822wm-mmgy0itopkhw0d"", ""https://down-id.img.susercontent.com/file/id-11134207-8224w-micvowv008p4f8"", ""https://down-id.img.susercontent.com/file/id-11134207-8224p-micvowuzw0zs28"", ""https://down-id.img.susercontent.com/file/id-11134207-8224z-micvowuzumfcea"", ""https://down-id.img.susercontent.com/file/sg-11134201-824ji-mpl1x0khmv4f40"", ""https://down-id.img.susercontent.com/file/id-11134207-8224q-micfpw5pnock49"", ""https://down-id.img.susercontent.com/file/id-11134207-8224z-micfpw5pp2x05e"", ""https://down-id.img.susercontent.com/file/id-11134207-8224u-micfpw5pqhhg06""]","[""OFFICIAL_SHOP""]","[""id-11134258-7r98z-lykpu80ygbvs76""]",PromoXtraPlusonly,id-11134258-822ws-mnciva8io4qu2f,False,False,False,1765964668,33000,89000,33000,63,476043307925741,,,,,,8000.0,810.0,4.918214285714286,2800,"[5, 2, 20, 163, 2610]","[""Add-on Deal""]",GLAD2GLOW,3138611,100630,"[100630, 100662, 100884]",1259,Makeup Remover,"[""[HOT]Brightening"", ""Pore Clearing"", ""2PC-Pore Clearing""]"
Shopee,,id,2026-07-02,809769142,glad2glow-indo,Glad2Glow Official Store,KAB. TANGERANG,56102197568,[NEW]Glad2glow Perfect Vita C Bright Glow Cleanser Vita C Cleanser 3in1 Brightening facial wash skincare face wash g2g,https://shopee.co.id/product/809769142/56102197568,https://down-id.img.susercontent.com/file/id-11134207-822wr-mmhejf2zxs7916,"[""https://down-id.img.susercontent.com/file/id-11134207-822wr-mmhejf2zxs7916"", ""https://down-id.img.susercontent.com/file/id-11134207-822wg-moyw16t2x3ws60"", ""https://down-id.img.susercontent.com/file/id-11134207-82252-mhjzhfi1aqys6f"", ""https://down-id.img.susercontent.com/file/sg-11134201-824i7-mpmix1t10ob397"", ""https://down-id.img.susercontent.com/file/id-11134207-8224u-mhjzhfhvwwlib2"", ""https://down-id.img.susercontent.com/file/id-11134207-8224w-mhjzhfk5tam844"", ""https://down-id.img.susercontent.com/file/id-11134207-822wr-moyw16t3dypsaa"", ""https://down-id.img.susercontent.com/file/id-11134207-8224o-mhjzhfk5rw1sed""]","[""OFFICIAL_SHOP""]","[""id-11134258-7r98z-lykpu80ygbvs76""]",PromoXtraPlusonly,id-11134258-822ws-mnciva8io4qu2f,False,False,False,1764216302,33000,99000,33000,67,476043307925741,,,,,,10000.0,1000.0,4.919521254643005,4846,"[13, 3, 30, 269, 4531]","[""Add-on Deal""]",Glad2Glow Official Store,3990929,100630,"[100630, 100664, 100891]",1502,Cleanser,"[""1PC VITA C Cleanser"", ""2PCS Vita C Cleanser"", ""3PCS Vita C Cleanser"", ""5PCS Vita C Cleanser"", ""Set  VITA C 4PCS"", ""Set  VITA C 3PCS""]"
Shopee,,id,2026-07-02,809769142,glad2glow-indo,Glad2Glow Official Store,KAB. TANGERANG,48402536224,[TONE UP SET]Glad2Glow Niacinamide Brightening Tone Up Cream 4in1 bundle cerah Moisturizer  pemutih wajah day&Night Cream whitening cream skincare Mencerahkan warna kulit halus g2glow official store,https://shopee.co.id/product/809769142/48402536224,https://down-id.img.susercontent.com/file/id-11134207-822wp-mmqx6ssjkx6p6d,"[""https://down-id.img.susercontent.com/file/id-11134207-822wp-mmqx6ssjkx6p6d""]","[""OFFICIAL_SHOP""]","[""id-11134258-7r98z-lykpu80ygbvs76""]",PromoXtraPlusonly,id-11134258-822ws-mnciva8io4qu2f,False,False,False,1764742948,68875,129000,68875,47,931791142240256,,,,,,10000.0,1000.0,4.903371269057333,4657,"[8, 1, 42, 331, 4275]",[],GLAD2GLOW,3138611,100630,"[100630, 100665]",1637,SET,"[""4PCS Instant Glow 03"", ""4PCS Instant Glow 01"", ""4PCS Out Instan Glow"", ""4PCS Tone Up Set-01"", ""4PCS Tone Up Set-03"", ""4PCS Brightening Set"", ""2PCS Tone Up  Set-01"", ""2PCS Brightening Set"", ""2PCS Cerah Set"", ""[LIVE DEAL]Tone Up01"", ""[LIVE DEAL]Tone Up03""]"
Shopee,,id,2026-07-02,809769142,glad2glow-indo,Glad2Glow Official Store,KAB. TANGERANG,40619026889,[SET REPAIR&GLOWING]Glad2Glow Glowing&Sehat&Lembap Bundle 4in1-Blueberry Moisturizer+Cerah Krim+Brightening Serum+Pulihkan cleanser+eksfoliasi Toner-skincare Beauty Sets&Packages cream pemutih wajah facial wash eksfoliasi wajah peeling,https://shopee.co.id/product/809769142/40619026889,https://down-id.img.susercontent.com/file/id-11134207-8224t-mh6zkiuem9laaa,"[""https://down-id.img.susercontent.com/file/id-11134207-8224t-mh6zkiuem9laaa""]","[""OFFICIAL_SHOP""]","[""id-11134258-7r98z-lykpu80ygbvs76""]",FSS_new+PromoXtraPlus,id-11134258-822ws-mnciva8io4qu2f,False,False,False,1757922260,77400,179000,77400,57,476043307925741,,,,,,10000.0,712.0,4.916261630329121,7201,"[13, 6, 32, 469, 6681]",[],GLAD2GLOW,3138611,100630,"[100630, 100665]",1678,REPAIR&GLOW,"[""4IN1 SET(TONER)"", ""4IN1 Bright Cream"", ""4IN1 SET(MOIST)"", ""3IN1 SET(PEELING)"", ""3IN1 SET(GLOWING)"", ""2IN1 REPAIR&GLOW"", ""[LIVE DEAL]4IN1 SET"", ""[LIVE DEAL]2IN1""]"
Shopee,,id,2026-07-02,809769142,glad2glow-indo,Glad2Glow Official Store,KAB. TANGERANG,51450958596,Glad2Glow Day & Night Cleanser Set-Niacinamide Serum Facial Wash/Milk Amino Acid Gentle Cleanser/Volcanic Ash+BHA Deep Pore Clean Facial Cleanser/-Instant Glow Brightening facial wash skincare face wash sabun cuci muka Control Oil g2g official store,https://shopee.co.id/product/809769142/51450958596,https://down-id.img.susercontent.com/file/id-11134207-8224q-mik0vhmxu0p396,"[""https://down-id.img.susercontent.com/file/id-11134207-8224q-mik0vhmxu0p396"", ""https://down-id.img.susercontent.com/file/id-11134207-822ws-moteebyw42z247"", ""https://down-id.img.susercontent.com/file/id-11134207-8224u-mik0vhmxvf9j87"", ""https://down-id.img.susercontent.com/file/id-11134207-8224u-mik0vhmxwttz34"", ""https://down-id.img.susercontent.com/file/id-11134207-8224u-mik0vhmxy8ef17"", ""https://down-id.img.susercontent.com/file/id-11134207-8224y-mik0vhmxzmyv0a"", ""https://down-id.img.susercontent.com/file/id-11134207-8224y-mik0vhmy3uo7a5"", ""https://down-id.img.susercontent.com/file/id-11134207-8224r-mik0vhmy2g3r46"", ""https://down-id.img.susercontent.com/file/id-11134207-8224z-mik0vhmy598n70""]","[""OFFICIAL_SHOP""]","[""id-11134258-7r98z-lykpu80ygbvs76""]",PromoXtraPlusonly,id-11134258-822ws-mnciva8io4qu2f,False,False,False,1762497333,72900,199000,72900,63,476043307925741,,,,,,7000.0,684.0,4.923668821175746,3249,"[5, 1, 21, 183, 3039]","[""Add-on Deal""]",GLAD2GLOW,3138611,100630,"[100630, 100664, 100891]",1141,Cleanser Combo,"[""Day & Night Set 1"", ""Day & Night Set 2""]"
Shopee,,id,2026-07-02,809769142,glad2glow-indo,Glad2Glow Official Store,KAB. TANGERANG,43375172010,"Glad2glow Set Deep Cleaning& Repair 3lN1,Deep Pore Clean Facial Wash+Peeling Solution Serum+Blueberry 5% Ceramide Moisturizer,Pembersih Wajah Charcoa Volcanic Soil BHA Salicylic Acid,Eksfoliasi Wajah 60S Menghaluskan Kulit,Repair Barrier Pulihkan skincare",https://shopee.co.id/product/809769142/43375172010,https://down-id.img.susercontent.com/file/id-11134207-8224w-mi58kdx7szye4e,"[""https://down-id.img.susercontent.com/file/id-11134207-8224w-mi58kdx7szye4e"", ""https://down-id.img.susercontent.com/file/id-11134207-822wl-mp3bmsebry0yb3"", ""https://down-id.img.susercontent.com/file/id-11134207-8224t-mi58kdx7ueiub0"", ""https://down-id.img.susercontent.com/file/id-11134207-82251-mg3hp2klrkzwcc"", ""https://down-id.img.susercontent.com/file/id-11134207-8224p-mi58kdx7vt3ac6"", ""https://down-id.img.susercontent.com/file/id-11134207-8224p-mi5dsu7snx8i72"", ""https://down-id.img.susercontent.com/file/id-11134207-8224p-mi5dsu7i1urs69"", ""https://down-id.img.susercontent.com/file/id-11134207-8224w-mi5dsu7flczq98"", ""https://down-id.img.susercontent.com/file/id-11134207-8224t-mi5dsu7f5wqu00""]","[""OFFICIAL_SHOP""]","[""id-11134258-7r98z-lykpu80ygbvs76""]",FSS_new+PromoXtraPlus,id-11134258-822ws-mnciva8io4qu2f,False,False,False,1760955326,116400,199000,116400,42,476043307925741,,,,,,10000.0,355.0,4.900386627245849,4397,"[11, 5, 44, 291, 4046]","[""Add-on Deal""]",GLAD2GLOW,3138611,100630,"[100630, 100665]",1544,Set Repair 3PC,"[""Set Repair 3PCS"", ""Set Glowing 3PCS"", ""Peeling Solution 1PC""]"
Shopee,,id,2026-07-02,809769142,glad2glow-indo,Glad2Glow Official Store,KAB. TANGERANG,42870015565,[KHUSUS MEMBER]GLAD2GLOW Tremella Panthenol Sensitive Care Micellar Water-300ml,https://shopee.co.id/product/809769142/42870015565,https://down-id.img.susercontent.com/file/id-11134207-81ztl-metv8urn1wxu0f,"[""https://down-id.img.susercontent.com/file/id-11134207-81ztl-metv8urn1wxu0f"", ""https://down-id.img.susercontent.com/file/id-11134207-8224t-mj83fjenrklcad"", ""https://down-id.img.susercontent.com/file/id-11134207-81ztm-metv8urpwge923"", ""https://down-id.img.susercontent.com/file/id-11134207-81ztm-metv8uty08ap9e"", ""https://down-id.img.susercontent.com/file/id-11134207-81ztf-metv8utqbif408"", ""https://down-id.img.susercontent.com/file/id-11134207-81ztp-metv8us2tedj35"", ""https://down-id.img.susercontent.com/file/id-11134207-81ztl-metv8urm1e6e93""]","[""OFFICIAL_SHOP""]","[""id-11134258-7r98z-lykpu80ygbvs76""]",PromoXtraPlusonly,id-11134258-822ws-mnciva8io4qu2f,False,False,False,1758275893,39000,100000,39000,61,476043307925741,,,,,,1000.0,473.0,4.972665148063781,439,"[0, 0, 1, 10, 428]",[],GLAD2GLOW,3138611,100630,"[100630, 100662, 100884]",179,Micellar Water,"[""1PC-Calm""]"
Shopee,,id,2026-07-02,809769142,glad2glow-indo,Glad2Glow Official Store,KAB. TANGERANG,51902826015,[New]Glad2Glow All Day Matte Setting Spray Make up Flawless | 12H Tahan Lama | Soft Matte Finish | Powder Shield Oil Control Tech | Kontrol Minyak | Skin tint & Lip serum Set | g2g Glad2Glow Official Store,https://shopee.co.id/product/809769142/51902826015,https://down-id.img.susercontent.com/file/id-11134207-82251-mi5a7ol4un0i89,"[""https://down-id.img.susercontent.com/file/id-11134207-82251-mi5a7ol4un0i89"", ""https://down-id.img.susercontent.com/file/id-11134207-82251-mi11e0z2t8u8d9"", ""https://down-id.img.susercontent.com/file/id-11134207-8224s-mhzp0t274yrn38"", ""https://down-id.img.susercontent.com/file/id-11134207-8224q-mi11e0z2qfpc12"", ""https://down-id.img.susercontent.com/file/id-11134207-8224s-mhzp0t2725mrc6"", ""https://down-id.img.susercontent.com/file/id-11134207-82251-mhzp0t276dc385"", ""https://down-id.img.susercontent.com/file/id-11134207-8224v-mi02bzcgr668ed""]","[""OFFICIAL_SHOP""]","[""id-11134258-7r98z-lykpu80ygbvs76""]",PromoXtraPlusonly,id-11134258-822ws-mnciva8io4qu2f,False,False,False,1765279188,112955,399000,112955,72,931791142240256,,,,,,2000.0,184.0,4.927437641723356,882,"[1, 1, 3, 51, 826]","[""Add-on Deal""]",GLAD2GLOW,3138611,100630,"[100630, 100662, 100881, 101633]",1497,Colour code,"[""SET SKIN-02+LIP01"", ""SET SKIN-03+LIP01"", ""SKINTINT-02+LIP01"", ""SKINTINT-03+LIP01"", ""100ML+Skintint-02"", ""100ML+Skintint-03"", ""100ML+2IN1-02+LIP"", ""100ML+2IN1-03+LIP"", ""100ML+2IN1-02"", ""100ML+2IN1-03""]"
Shopee,,id,2026-07-02,809769142,glad2glow-indo,Glad2Glow Official Store,KAB. TANGERANG,42723371159,Glad2Glow Kiwi 3D Acid Acne Moisturizer 100g Jerawat Mencerahkan Penuaan Hilangkan Flek & Tenangkan Kulit Skincare Pelembab Esensi Wajah Perawatan Kulit Pelembab Wajah g2glow official store,https://shopee.co.id/product/809769142/42723371159,https://down-id.img.susercontent.com/file/id-11134207-81ztl-mfmfxqiwsr2h35,"[""https://down-id.img.susercontent.com/file/id-11134207-81ztl-mfmfxqiwsr2h35"", ""https://down-id.img.susercontent.com/file/id-11134207-82252-mh1fch7ijuo800"", ""https://down-id.img.susercontent.com/file/id-11134207-81zth-mfmfxqiwu5mx82"", ""https://down-id.img.susercontent.com/file/id-11134207-81zto-mfmg9q4tlix5d4"", ""https://down-id.img.susercontent.com/file/sg-11134201-824he-mphbtggvbaby9d"", ""https://down-id.img.susercontent.com/file/id-11134207-81zth-mfmfxqiwwyrt09""]","[""OFFICIAL_SHOP""]","[""id-11134258-7r98z-lykpu80ygbvs76""]",PromoXtraPlusonly,id-11134258-822ws-mnciva8io4qu2f,False,False,False,1760006399,100000,199000,100000,50,476043307925741,,,,,,3000.0,566.0,4.948893974065599,1311,"[0, 0, 3, 61, 1247]","[""Add-on Deal""]",GLAD2GLOW,3138611,100630,"[100630, 100664, 100893]",407,MOISTURIZER,"[""[EXTRA DISC 20%]3PCS"", ""Acne Moist 1PC"", ""Acne Moist 2PCS"", ""Acne Care Set 2PCS"", ""Acne Care Set 3PCS"", ""Moist&Cleanser 2PCS"", ""[LIVE DEAL]1pc""]"
Shopee,,id,2026-07-02,809769142,glad2glow-indo,Glad2Glow Official Store,KAB. TANGERANG,42126203734,[KHUSUS MEMBER]Glad2Glow Peeling Solution Serum,https://shopee.co.id/product/809769142/42126203734,https://down-id.img.susercontent.com/file/id-11134207-82252-mgry87rlv11q48,"[""https://down-id.img.susercontent.com/file/id-11134207-82252-mgry87rlv11q48"", ""https://down-id.img.susercontent.com/file/id-11134207-8224p-mgry87rl1j4c0d"", ""https://down-id.img.susercontent.com/file/id-11134207-8224o-mgrxv1zr864t3c"", ""https://down-id.img.susercontent.com/file/id-11134207-8224o-mgry87rgsf7ua5"", ""https://down-id.img.susercontent.com/file/id-11134207-8224y-mgry87rh7vgr78"", ""https://down-id.img.susercontent.com/file/id-11134207-8224r-mgry87rl04jwf1"", ""https://down-id.img.susercontent.com/file/id-11134207-8224x-mgep056p064r9d""]","[""OFFICIAL_SHOP""]","[""id-11134258-7r98z-lykpu80ygbvs76""]",FSS_new+PromoXtraPlus,id-11134258-822ws-mnciva8io4qu2f,False,False,False,1762518221,100000,100000,100000,,0,,,,,,665.0,274.0,4.895927601809955,221,"[1, 0, 0, 19, 201]",[],GLAD2GLOW,3138611,100630,"[100630, 100664, 100896]",222,Serum,"[""1PC""]"
Shopee,,id,2026-07-02,809769142,glad2glow-indo,Glad2Glow Official Store,KAB. TANGERANG,48752787269,Glad2Glow All Day Matte Setting Spray Make up Flawless | 12H Tahan Lama | Soft Matte Finish | Powder Shield Oil Control Tech | Kontrol Minyak | Skin tint & Lip serum Set | g2g Glad2Glow Official Store,https://shopee.co.id/product/809769142/48752787269,https://down-id.img.susercontent.com/file/id-11134207-822wr-mp8rjnw1ou82eb,"[""https://down-id.img.susercontent.com/file/id-11134207-822wr-mp8rjnw1ou82eb""]","[""OFFICIAL_SHOP""]","[""id-11134258-7r98z-lykpu80ygbvs76""]",PromoXtraPlusonly,id-11134258-822ws-mnciva8io4qu2f,False,False,False,1765189439,69000,139000,69000,50,476043307925741,,,,,,10000.0,1000.0,4.921686746987952,11288,"[10, 5, 85, 659, 10529]",[],GLAD2GLOW,3138611,100630,"[100630, 100662, 100881, 101633]",10012,Colour code,"[""100ML-Trial"", ""Airbrush  Spray-1PC"", ""100ML-5PCS+lip"", ""100ML-2PCS"", ""SAVE MORE-100ML-3PCS"", ""Airbrush  Spray-3PC"", ""SAVE MORE-100ML-5PCS"", ""Airbrush  Spray-5PC"", ""Lip-03&100ML"", ""Lip-01&100ML"", ""Airbrush +Matte"", ""SKINTINT-02+100ML"", ""Cushion-02+100ML"", ""SKINTINT-03+100ML"", ""Cushion-03+100ML"", ""[LIVE DEAL]-100ml"", ""[LIVE DEAL]-3pcs""]"
Shopee,,id,2026-07-02,809769142,glad2glow-indo,Glad2Glow Official Store,KAB. TANGERANG,41381802204,Glad2Glow Perfect Blur&Cover Loose Powder oil control Finishing Kontrol Minyak Tahan Lama Anti Luntur Halus Sempurna & Cover Tinggi bedak padat bedak tabur two way cake cushion foundation setting spray make up g2g glad2glow official store,https://shopee.co.id/product/809769142/41381802204,https://down-id.img.susercontent.com/file/id-11134207-822wq-mpuo93ycmsxu1d,"[""https://down-id.img.susercontent.com/file/id-11134207-822wq-mpuo93ycmsxu1d"", ""https://down-id.img.susercontent.com/file/id-11134207-822wp-mpllg7zrqyhb34"", ""https://down-id.img.susercontent.com/file/id-11134207-822wn-mpuo93ycjzsy40"", ""https://down-id.img.susercontent.com/file/id-11134207-822wp-mpuo93ycledeea"", ""https://down-id.img.susercontent.com/file/sg-11134201-8259f-mq2mbk9hrhu3fb"", ""https://down-id.img.susercontent.com/file/id-11134207-822wo-mpuo93yco7ia57"", ""https://down-id.img.susercontent.com/file/id-11134207-822wn-mpuo93ycpm2q25"", ""https://down-id.img.susercontent.com/file/id-11134207-822wo-mpuo93ycsf7m1b""]","[""OFFICIAL_SHOP""]","[""id-11134258-7r98z-lykpu80ygbvs76""]",FSS_new+PromoXtraPlus,id-11134258-822ws-mnciva8io4qu2f,False,False,False,1781748050,145000,199000,145000,27,476043307925741,,,,,,15.0,15.0,5.0,3,"[0, 0, 0, 0, 3]","[""Produk Baru""]",GLAD2GLOW,3138611,100630,"[100630, 100662, 100881, 101630]",42,Colour code,"[""Powder-2pcs"", ""Powder-3pcs"", ""Powder-5+1"", ""Loose powder8g-2pcs"", ""Loose powder8g-3pcs"", ""Loose powder8g-B5G1"", ""Loose powder20g-2pcs"", ""Loose powder20g-3pcs"", ""Loose powder20g-B5G1"", ""mini Powder-2pcs"", ""mini Powder-3pcs"", ""mini Powder-B5G1""]"
Shopee,,id,2026-07-02,809769142,glad2glow-indo,Glad2Glow Official Store,KAB. TANGERANG,24442098701,GLAD2GLOW Tremella Vita B5 Sensitive Calming Moisturizer | Gel Day & Night Cream Skincare g2g Pelembab Wajah Pemutih Wajah Mencerahkan g2glow official store,https://shopee.co.id/product/809769142/24442098701,https://down-id.img.susercontent.com/file/id-11134207-7ra0r-mb6jr038wrvo13,"[""https://down-id.img.susercontent.com/file/id-11134207-7ra0r-mb6jr038wrvo13"", ""https://down-id.img.susercontent.com/file/id-11134207-7rbk9-m6uzdak25qwc8c"", ""https://down-id.img.susercontent.com/file/id-11134207-7rbka-m6uzdak24cbw94"", ""https://down-id.img.susercontent.com/file/id-11134207-7rbk5-m6uzdak21j70f1"", ""https://down-id.img.susercontent.com/file/id-11134207-7rbke-m6uzdak28k183a"", ""https://down-id.img.susercontent.com/file/id-11134207-7rbka-m6uzdak29ylod3""]","[""OFFICIAL_SHOP""]","[""id-11134258-7r98z-lykpu80ygbvs76""]",PromoXtraPlusonly,id-11134258-822ws-mnciva8io4qu2f,False,False,False,1740909661,132000,299000,132000,56,476043307925741,,,,,,10000.0,805.0,4.915618735192273,5487,"[4, 5, 37, 358, 5083]",[],GLAD2GLOW,3138611,100630,"[100630, 100664, 100893]",3809,SENSITIVE,"[""SENSITIVE MOIST"", ""Moisturizer-3pcs"", ""Moisturizer-2pcs"", ""SENSITIVE 2in1"", ""SENSITIVE 3in1"", ""Sensitive 2PCS"", ""Moist & Glow Serum"", ""SENSITIVE 1PC-fs""]"
Shopee,,id,2026-07-02,809769142,glad2glow-indo,Glad2Glow Official Store,KAB. TANGERANG,50511536654,Glad2Glow Brightening Micellar Water 300ml Untuk Semua Kulit Lembut Cepat Menghapus Makeup & Mencerahkan kulit Penghapus Makeup Waterproof Hapus Riasan Tahan  dan Tanpa Iritasi g2glow official store,https://shopee.co.id/product/809769142/50511536654,https://down-id.img.susercontent.com/file/id-11134207-822wu-mozd4tanipduf5,"[""https://down-id.img.susercontent.com/file/id-11134207-822wu-mozd4tanipduf5"", ""https://down-id.img.susercontent.com/file/id-11134207-822wo-mozd4tanhate12"", ""https://down-id.img.susercontent.com/file/id-11134207-822wt-mozd4tanfw8y7d""]","[""OFFICIAL_SHOP""]","[""id-11134258-7r98z-lykpu80ygbvs76""]",FSS_new+PromoXtraPlus,id-11134258-822ws-mnciva8io4qu2f,False,False,False,1780401117,213500,319000,213500,33,476043307925741,,,,,,15.0,15.0,0.0,0,"[0, 0, 0, 0, 0]","[""Produk Baru""]",GLAD2GLOW,3138611,100630,"[100630, 100662, 100884]",10,Makeup Remover,"[""[Gift-pore clear]5PC""]"
Shopee,,id,2026-07-02,809769142,glad2glow-indo,Glad2Glow Official Store,KAB. TANGERANG,57909001846,[ New Launch! ]GLAD2GLOW CLEAN IT ALL CLEANSING BALM 80g Cleansing oil | Micellar water|  Makeup remover- Hapus Makeup Lumer 1 Detik - Anti Kusam & Tanpa Perih -g2g official store,https://shopee.co.id/product/809769142/57909001846,https://down-id.img.susercontent.com/file/id-11134207-822wj-mnw8n2vvdq0xe5,"[""https://down-id.img.susercontent.com/file/id-11134207-822wj-mnw8n2vvdq0xe5""]","[""OFFICIAL_SHOP""]","[""id-11134258-7r98z-lykpu80ygbvs76""]",FSS_new+PromoXtraPlus,id-11134258-822ws-mnciva8io4qu2f,False,False,False,1776414909,79000,129000,79000,39,476043307925741,,,,,,2000.0,978.0,4.966252220248668,563,"[0, 0, 1, 17, 545]",[],GLAD2GLOW,3138611,100630,"[100630, 100662, 100884]",1317,Makeup Remover,"[""[ New launch!]1PC"", ""3PC"", ""Special Gift 5pcs"", ""5PC"", ""High Cover+Balm-02"", ""High Cover+Balm-03"", ""Glow Cushion+Balm-02"", ""Glow Cushion+Balm-03"", ""2In1 cushion+Balm-02"", ""2In1 cushion+Balm-03"", ""Skin Tint+Balm-02"", ""Skin Tint+Balm-03""]"
Shopee,,id,2026-07-02,809769142,glad2glow-indo,Glad2Glow Official Store,KAB. TANGERANG,45308822576,[LINK]Glad2Glow Perfect Cover Cushion Foundation Waterproof Make Up Setting Concealer BB Cream Tahan Lama Hingga 12 Jam Hasil Akhir Glowing Dan Menyatu Dengan Warna Kulit Tekstur Ringan Di Wajah g2glow official store,https://shopee.co.id/product/809769142/45308822576,https://down-id.img.susercontent.com/file/id-11134207-822wt-mogr4ac386x7ab,"[""https://down-id.img.susercontent.com/file/id-11134207-822wt-mogr4ac386x7ab""]","[""OFFICIAL_SHOP""]","[""id-11134258-7r98z-lykpu80ygbvs76""]",FSS_new+PromoXtraPlus,id-11134258-822ws-mnciva8io4qu2f,False,False,False,1776163094,98900,999999999,98900,99,476043307925741,,,,,,25.0,6.0,5.0,5,"[0, 0, 0, 0, 5]",[],GLAD2GLOW,3138611,100630,"[100630, 100662, 100881, 101628]",21,Cushion,"[""03 Custard-hot sale""]"
Shopee,,id,2026-07-02,809769142,glad2glow-indo,Glad2Glow Official Store,KAB. TANGERANG,55202206676,Glad2Glow Perfect Cover Glow Cushion 3in1 Set - Brightening serum& Coverage Tinggi & Glowing 12Jam g2g Official store,https://shopee.co.id/product/809769142/55202206676,https://down-id.img.susercontent.com/file/id-11134207-822wh-mlptu7y21fr77f,"[""https://down-id.img.susercontent.com/file/id-11134207-822wh-mlptu7y21fr77f""]","[""OFFICIAL_SHOP""]","[""id-11134258-7r98z-lykpu80ygbvs76""]",FSS_new+PromoXtraPlus,id-11134258-822ws-mnciva8io4qu2f,False,False,False,1764228678,165400,399000,165400,59,476043307925741,,,,,,4000.0,790.0,4.807421625079974,1563,"[28, 10, 21, 117, 1387]",[],GLAD2GLOW,3138611,100630,"[100630, 100665]",969,GLOWSET,"[""Glow 3PC-Set"", ""Glow 2PC-Set"", ""[For Gifting]GlowSet""]"
Shopee,,id,2026-07-02,809769142,glad2glow-indo,Glad2Glow Official Store,KAB. TANGERANG,53308986174,[JADI MEMBER! SETIAP SENIN DAPATKAN HARGA TERBAIK]Glad2Glow Pomegranate Niacinamide Brightening Moisturizer Mencerahkan Pemutih Kulit Gel&Pomegranate Niacinamide Power Bright White Serum skincare peeling serum,https://shopee.co.id/product/809769142/53308986174,https://down-id.img.susercontent.com/file/id-11134207-822wp-mn54dc7wit52bc,"[""https://down-id.img.susercontent.com/file/id-11134207-822wp-mn54dc7wit52bc"", ""https://down-id.img.susercontent.com/file/id-11134207-822wt-mn54dc7wlm9y7f"", ""https://down-id.img.susercontent.com/file/id-11134207-822wu-mn54dc7wn0ue98""]","[""OFFICIAL_SHOP""]","[""id-11134258-7r98z-lykpu80ygbvs76""]",FSS_new+PromoXtraPlus,id-11134258-822ws-mnciva8io4qu2f,False,False,False,1776392533,77900,77900,77900,,0,,,,,,1000.0,409.0,4.9395465994962215,397,"[0, 0, 2, 20, 375]",[],GLAD2GLOW,3138611,100630,"[100630, 100665]",219,RENEW SET,"[""2PCS Glowing""]"
Shopee,,id,2026-07-02,809769142,glad2glow-indo,Glad2Glow Official Store,KAB. TANGERANG,49252294295,GLAD2GLOW PERFECT VITA C BRIGHT GLOW SERUM 17ml Antioksidan Ekstrak Tangerine  Serum Pencerah Kulit,https://shopee.co.id/product/809769142/49252294295,https://down-id.img.susercontent.com/file/id-11134207-8224r-mhludgpkcv0mb4,"[""https://down-id.img.susercontent.com/file/id-11134207-8224r-mhludgpkcv0mb4"", ""https://down-id.img.susercontent.com/file/id-11134207-822ws-moteebyw42z247"", ""https://down-id.img.susercontent.com/file/id-11134207-822wq-moteebyw2oema5"", ""https://down-id.img.susercontent.com/file/id-11134207-8224v-mhludgpjxerk5a"", ""https://down-id.img.susercontent.com/file/id-11134207-82251-mhludgpkihae6b"", ""https://down-id.img.susercontent.com/file/id-11134207-8224w-mhludgpke9l2d9"", ""https://down-id.img.susercontent.com/file/id-11134207-8224z-mhludgpkh2pyea"", ""https://down-id.img.susercontent.com/file/id-11134207-8224r-mhludgpkjvuuca"", ""https://down-id.img.susercontent.com/file/id-11134207-8224x-mhludgpkfo5i45""]","[""OFFICIAL_SHOP""]","[""id-11134258-7r98z-lykpu80ygbvs76""]",PromoXtraPlusonly,id-11134258-822ws-mnciva8io4qu2f,False,False,False,1764327910,39000,109000,39000,64,476043307925741,,,,,,9000.0,887.0,4.920068512703397,3503,"[5, 0, 21, 218, 3259]","[""Add-on Deal""]",Glad2Glow Official Store,3990929,100630,"[100630, 100664, 100896]",1163,vc serum,"[""VC Serum 1pc"", ""VC Serum 2pcs"", ""VC Serum 3pcs"", ""Antioksidan 2pcs"", ""Antioksidan 3pcs""]"
Shopee,,id,2026-07-02,809769142,glad2glow-indo,Glad2Glow Official Store,KAB. TANGERANG,28343930753,[KHUSUS MEMBER]Glad2Glow Tone Up Brightening Cream 30g,https://shopee.co.id/product/809769142/28343930753,https://down-id.img.susercontent.com/file/id-11134207-8224s-mix0iio541z93b,"[""https://down-id.img.susercontent.com/file/id-11134207-8224s-mix0iio541z93b"", ""https://down-id.img.susercontent.com/file/id-11134207-8224o-mix0iio9k6pz14"", ""https://down-id.img.susercontent.com/file/id-11134207-8224v-mix0iio9llaf85""]","[""OFFICIAL_SHOP""]","[""id-11134258-7r98z-lykpu80ygbvs76""]",FSS_new+PromoXtraPlus,id-11134258-822ws-mnciva8io4qu2f,False,False,False,1767183269,100000,100000,100000,,0,,,,,,396.0,204.0,4.891666666666667,120,"[1, 0, 2, 5, 112]",[],GLAD2GLOW,3138611,100630,"[100630, 100664, 100893]",103,Serum,"[""1PC""]"
Shopee,,id,2026-07-02,809769142,glad2glow-indo,Glad2Glow Official Store,KAB. TANGERANG,57905983411,GLAD2GLOW B5-CICA BARRIER CREAM 30ml Pelembab Wajahdengan Pro Vitamin B5 Panthenol danCentella Asiatica Menenangkan &Memperkuat Kulit Kemerahan Sensitif KeringSkincare 3-in-1 Cream Meleleh Ringan TidakLengket Semua Jenis,https://shopee.co.id/product/809769142/57905983411,https://down-id.img.susercontent.com/file/id-11134207-822wr-moevfyappa1bde,"[""https://down-id.img.susercontent.com/file/id-11134207-822wr-moevfyappa1bde""]","[""OFFICIAL_SHOP""]","[""id-11134258-7r98z-lykpu80ygbvs76""]",FSS_new+PromoXtraPlus,id-11134258-822ws-mnciva8io4qu2f,False,False,False,1770617330,44900,88000,44900,49,476043307925741,,,,,,2000.0,354.0,4.905437352245863,846,"[4, 0, 9, 46, 787]",[],GLAD2GLOW,3138611,100630,"[100630, 100664, 100893]",912,variant,"[""1pc"", ""3pcs"", ""5pcs"", ""50ml 1pcs""]"
Shopee,,id,2026-07-02,809769142,glad2glow-indo,Glad2Glow Official Store,KAB. TANGERANG,55705269616,[Cuma 50k/pc + Disc 20%]Glad2Glow FLAWLESS BLURRING SKIN TINT 30G Concealer Foundation Bedak padat Make up Lightweight Coverage Long-lasting 12-Hour Soft-Focus Flawless Skin oil-control Bio-Mimetic Film Technology Care g2glow official store,https://shopee.co.id/product/809769142/55705269616,https://down-id.img.susercontent.com/file/id-11134207-8224q-mjw3ua3xh4w0e3,"[""https://down-id.img.susercontent.com/file/id-11134207-8224q-mjw3ua3xh4w0e3""]","[""OFFICIAL_SHOP""]","[""id-11134258-7r98z-lykpu80ygbvs76""]",PromoXtraPlusonly,id-11134258-822ws-mnciva8io4qu2f,False,False,False,1769311108,58900,99000,58900,41,476043307925741,,,,,,5000.0,195.0,4.93125,1602,"[2, 2, 8, 80, 1510]",[],GLAD2GLOW,3138611,100630,"[100630, 100662, 100881, 101628]",1383,Cushion,"[""4PCS Paket Hemat-00"", ""4PCS Promo Terbaik"", ""[FAVORIT]4PCS-02"", ""[FAVORIT]4PCS-03"", ""4PCS-04 Ginger"", ""4PCS-05 Cinnamon"", ""02-2PCS+lip-03-2PCS"", ""03-2PCS+lip-03-2PCS"", ""HOT-02"", ""HOT-03"", ""02 Praline*4+1"", ""03 Custard*4+1""]"
Shopee,,id,2026-07-02,809769142,glad2glow-indo,Glad2Glow Official Store,KAB. TANGERANG,28853495832,Glad2Glow peeling gel Apricot Glycolic Acid Exfo Smooth Eksfoliasi peeling produk yang mampu mengangkat sel kulit mati  Komedo Kotoran Scrub Wajah Extract g2glow official store,https://shopee.co.id/product/809769142/28853495832,https://down-id.img.susercontent.com/file/id-11134207-8224z-mft19zfgp6a729,"[""https://down-id.img.susercontent.com/file/id-11134207-8224z-mft19zfgp6a729"", ""https://down-id.img.susercontent.com/file/id-11134207-8224x-mj2eva516qdhe7"", ""https://down-id.img.susercontent.com/file/id-11134207-7r98r-lwtsukkp2f5a9c"", ""https://down-id.img.susercontent.com/file/id-11134207-7r98u-lwtsukkp2f0t92"", ""https://down-id.img.susercontent.com/file/id-11134207-7r98w-lwtsukkp2esb7b"", ""https://down-id.img.susercontent.com/file/id-11134207-7r992-lwtsukkp2fbya4"", ""https://down-id.img.susercontent.com/file/id-11134207-7r98o-lwtsukkp2ffw9a"", ""https://down-id.img.susercontent.com/file/id-11134207-7r98t-lwtsukkp2ey288""]","[""OFFICIAL_SHOP""]","[""id-11134258-7r98z-lykpu80ygbvs76""]",PromoXtraPlusonly,id-11134258-822ws-mnciva8io4qu2f,False,False,False,1719045483,48900,99000,48900,51,476043307925741,,,,,,10000.0,1000.0,4.853334792960946,36544,"[120, 89, 467, 3678, 32190]",[],GLAD2GLOW,3138611,100630,"[100630, 100664, 100897]",21269,peeling gel,"[""1pc"", ""2pcs"", ""[ Diskon 15% ]3pcs""]"
Shopee,,id,2026-07-02,809769142,glad2glow-indo,Glad2Glow Official Store,KAB. TANGERANG,45102580489,"[Travelling] Glad2Glow 4 in 1 Flawless Makeup Set, 2in1 Perfect Pair Cushion Powder Foundation + Brightening Lip Serum 7g Mencerahkan, Melembabkan + 3-in-1 Liptint + Brightening Micellar Water 230 mL g2glow official store",https://shopee.co.id/product/809769142/45102580489,https://down-id.img.susercontent.com/file/id-11134207-8224w-mi2yafofrqwz3b,"[""https://down-id.img.susercontent.com/file/id-11134207-8224w-mi2yafofrqwz3b""]","[""OFFICIAL_SHOP""]","[""id-11134258-7r98z-lykpu80ygbvs76""]",PromoXtraPlusonly,id-11134258-822ws-mnciva8io4qu2f,False,False,False,1764819114,201780,299000,201780,33,931791142240256,,,,,,2000.0,180.0,4.917046490428441,1097,"[1, 1, 11, 62, 1022]","[""Add-on Deal""]",GLAD2GLOW,3138611,100630,"[100630, 100665]",815,combo,"[""2IN1-02+LIP 01+MW"", ""2IN1-03+LIP 01+MW"", ""2IN1-02+LIP 01"", ""2IN1-03+LIP 01""]"
Shopee,,id,2026-07-02,809769142,glad2glow-indo,Glad2Glow Official Store,KAB. TANGERANG,49204012647,[KHUSUS MEMBER]Glad2Glow Niacinamide Serum Facial Wash Brightening,https://shopee.co.id/product/809769142/49204012647,https://down-id.img.susercontent.com/file/id-11134207-8224s-mix0iio9oefb80,"[""https://down-id.img.susercontent.com/file/id-11134207-8224s-mix0iio9oefb80"", ""https://down-id.img.susercontent.com/file/id-11134207-8224u-mix0iio9pszr66"", ""https://down-id.img.susercontent.com/file/id-11134207-82250-mix0iio9r7k7e3""]","[""OFFICIAL_SHOP""]","[""id-11134258-7r98z-lykpu80ygbvs76""]",PromoXtraPlusonly,id-11134258-822ws-mnciva8io4qu2f,False,False,False,1767183442,100000,100000,100000,,0,,,,,,305.0,168.0,4.980392156862745,102,"[0, 0, 0, 2, 100]",[],GLAD2GLOW,3138611,100630,"[100630, 100664, 100893]",65,Serum,"[""1PC""]"
Shopee,,id,2026-07-02,809769142,glad2glow-indo,Glad2Glow Official Store,KAB. TANGERANG,27070128649,GLAD2GLOW PERFECT VITA C BRIGHT GLOW MICELLAR WATER 300ml Pembersih Wajah Make Up Remover Cleansing Water Mencerahkan Dark Spot Membersihkan makeup waterproof dan kotoran Memberikan rasa lembab dan mencerahkan kulit kusam,https://shopee.co.id/product/809769142/27070128649,https://down-id.img.susercontent.com/file/id-11134207-822wl-mmty6jmycged79,"[""https://down-id.img.susercontent.com/file/id-11134207-822wl-mmty6jmycged79"", ""https://down-id.img.susercontent.com/file/id-11134207-8224v-mhsqlbwurpj617"", ""https://down-id.img.susercontent.com/file/id-11134207-82252-mhuemm86wo3lf2""]","[""OFFICIAL_SHOP""]","[""id-11134258-7r98z-lykpu80ygbvs76""]",PromoXtraPlusonly,id-11134258-822ws-mnciva8io4qu2f,False,False,False,1733726417,48900,99000,48900,51,476043307925741,,,,,,10000.0,818.0,4.91072705601907,8390,"[16, 12, 58, 533, 7771]",[],GLAD2GLOW,3138611,100630,"[100630, 100662, 100884]",2687,VITAMIN C,"[""130ml-Travel&Trial"", ""230ml-1PC"", ""300ml-1PCS"", ""2PCS-300ml"", ""3PCS-300ml"", ""5PCS-300ml"", ""130ml+300ml"", ""130ml+300ml*3""]"
Shopee,,id,2026-07-02,809769142,glad2glow-indo,Glad2Glow Official Store,KAB. TANGERANG,47902284839,GLAD2GLOW PERFECT VITA C BRIGHT GLOW MOISTURIZER vitamin c Mencerahkan Pemutih Kulit Gel Pelembab Bercahaya Krim Siang dan Malam Ekstrak Delima Asam Lemak Asam Delima Pelembab Esensi Wajah Perawatan g2glow official store,https://shopee.co.id/product/809769142/47902284839,https://down-id.img.susercontent.com/file/id-11134207-8224v-mhludgpkpi4m8b,"[""https://down-id.img.susercontent.com/file/id-11134207-8224v-mhludgpkpi4m8b"", ""https://down-id.img.susercontent.com/file/id-11134207-8224v-mhluqq3vu6m99a"", ""https://down-id.img.susercontent.com/file/id-11134207-8224p-mhluqq3xfrwg66"", ""https://down-id.img.susercontent.com/file/sg-11134201-824i4-mpjpeef88emkb5"", ""https://down-id.img.susercontent.com/file/id-11134207-8224r-mhluqq49x9mqfa""]","[""OFFICIAL_SHOP""]","[""id-11134258-7r98z-lykpu80ygbvs76""]",PromoXtraPlusonly,id-11134258-822ws-mnciva8io4qu2f,False,False,False,1764328440,48900,109000,48900,55,476043307925741,,,,,,10000.0,1000.0,4.900077309625049,5174,"[24, 4, 35, 339, 4772]","[""Add-on Deal""]",GLAD2GLOW,3138611,100630,"[100630, 100664, 100893]",1951,VC Moisturizer,"[""VC Moisturizer 1pc"", ""VC Moisturizer 2pcs"", ""VC Moisturizer 3pcs"", ""Antioksidan 2pcs"", ""Antioksidan 3pcs"", ""Antioksidan 4pcs"", ""Antioksidan&Clean""]"
Shopee,,id,2026-07-02,809769142,glad2glow-indo,Glad2Glow Official Store,KAB. TANGERANG,56205985876,Glad2Glow Perfect Cover Cushion Foundation High coverage&Tahan Lama Hingga 12 Jam g2g official store,https://shopee.co.id/product/809769142/56205985876,https://down-id.img.susercontent.com/file/id-11134207-822wi-mlxei6eumxan41,"[""https://down-id.img.susercontent.com/file/id-11134207-822wi-mlxei6eumxan41""]","[""OFFICIAL_SHOP""]","[""id-11134258-7r98z-lykpu80ygbvs76""]",FSS_new+PromoXtraPlus,id-11134258-822ws-mnciva8io4qu2f,False,False,False,1770606840,155000,299000,155000,48,476043307925741,,,,,,10000.0,150.0,4.92876129718235,3762,"[3, 1, 22, 209, 3527]",[],GLAD2GLOW,3138611,100630,"[100630, 100662, 100881, 101628]",2162,SET,"[""Matte dan Dewy"", ""Matte Cushion+Refill"", ""Glow Cushion+Refill""]"
Shopee,,id,2026-07-02,809769142,glad2glow-indo,Glad2Glow Official Store,KAB. TANGERANG,45500753312,[NEW LAUNCH] Glad2Glow FLAWLESS BLURRING SKIN TINT 30G+ BRIGHTENING LIP SERUM 7g Mencerahkan Melembabkan 3in1 liptint  Foundation Bedak padat Make up Lightweight Coverage Long-lasting 12-Hour Soft-Focus Flawless Skin oil-control g2glow official store,https://shopee.co.id/product/809769142/45500753312,https://down-id.img.susercontent.com/file/id-11134207-8224r-mikzvrm2se0x71,"[""https://down-id.img.susercontent.com/file/id-11134207-8224r-mikzvrm2se0x71"", ""https://down-id.img.susercontent.com/file/id-11134207-822wr-moteywdafabm98"", ""https://down-id.img.susercontent.com/file/id-11134207-8224v-mgm67lhh1y4ue7"", ""https://down-id.img.susercontent.com/file/id-11134207-82252-mgm67lhhbs3y9a"", ""https://down-id.img.susercontent.com/file/id-11134207-8224x-mgm67lhh3cpad4"", ""https://down-id.img.susercontent.com/file/id-11134207-8224y-mgm67lhh4r9q18"", ""https://down-id.img.susercontent.com/file/id-11134207-82251-mgm67lhhadji94"", ""https://down-id.img.susercontent.com/file/id-11134207-8224w-mgm67lhh65u6cf""]","[""OFFICIAL_SHOP""]","[""id-11134258-7r98z-lykpu80ygbvs76""]",FSS_new+PromoXtraPlus,id-11134258-822ws-mnciva8io4qu2f,False,False,False,1762169302,103930,299000,103930,65,931791142240256,,,,,,6000.0,208.0,4.939634630659254,2518,"[0, 0, 16, 120, 2382]","[""Add-on Deal""]",GLAD2GLOW,3138611,100630,"[100630, 100662, 100881, 101628]",2961,Warna,"[""02 Praline+01"", ""03 Custard+01"", ""02 Praline+03"", ""03 Custard+03""]"
Shopee,,id,2026-07-02,809769142,glad2glow-indo,Glad2Glow Official Store,KAB. TANGERANG,56803564499,[HOT!BUY 3 SAVE 10.5K!] Glad2Glow BRIGHTENING MICELLAR WATER Cepat Menghapus Makeup & Mencerahkan kulit Penghapus Makeup Waterproof Hapus Riasan Tahan dan Tanpa Iritasi g2glow official store,https://shopee.co.id/product/809769142/56803564499,https://down-id.img.susercontent.com/file/id-11134207-8224q-mi11e0z2nmkg17,"[""https://down-id.img.susercontent.com/file/id-11134207-8224q-mi11e0z2nmkg17"", ""https://down-id.img.susercontent.com/file/id-11134207-8224w-micvowv008p4f8"", ""https://down-id.img.susercontent.com/file/id-11134207-8224p-micvowuzw0zs28"", ""https://down-id.img.susercontent.com/file/id-11134207-8224z-micvowuzumfcea"", ""https://down-id.img.susercontent.com/file/sg-11134201-824ji-mpl1x0khmv4f40"", ""https://down-id.img.susercontent.com/file/id-11134207-8224v-mimxabj4v2tk5d""]","[""OFFICIAL_SHOP""]","[""id-11134258-7r98z-lykpu80ygbvs76""]",FSS_new+PromoXtraPlus,id-11134258-822ws-mnciva8io4qu2f,False,False,False,1766572575,38900,99000,38900,61,476043307925741,,,,,,3000.0,337.0,4.90996015936255,1255,"[2, 2, 3, 93, 1155]","[""Add-on Deal""]",GLAD2GLOW,3138611,100630,"[100630, 100662, 100884]",416,Makeup Remover,"[""HOT-Brightening230ml"", ""Travel&Trial-130ml""]"
Shopee,,id,2026-07-02,809769142,glad2glow-indo,Glad2Glow Official Store,KAB. TANGERANG,40074160523,[NEW LAUNCH]Glad2Glow All IN ONE MAKEUP REMOVER Untuk Semua Kulit Lembut cleansing oil Micellar water Penghapus Makeup Waterproof Hapus Riasan Tahan Air dengan dan Dual-Phase Makeup Melting Solution Tanpa Iritasi untuk Kulit Sensitif g2glow official store,https://shopee.co.id/product/809769142/40074160523,https://down-id.img.susercontent.com/file/id-11134207-8224s-mfxbuk4x5ki088,"[""https://down-id.img.susercontent.com/file/id-11134207-8224s-mfxbuk4x5ki088""]","[""OFFICIAL_SHOP""]","[""id-11134258-7r98z-lykpu80ygbvs76""]",PromoXtraPlusonly,id-11134258-822ws-mnciva8io4qu2f,False,False,False,1760442271,29000,129000,29000,78,476043307925741,,,,,,9000.0,1000.0,4.944842105263158,2375,"[1, 2, 8, 105, 2259]","[""Add-on Deal""]",GLAD2GLOW,3138611,100630,"[100630, 100662, 100884]",2094,Makeup Remover,"[""[40%off]150ml-3PCS"", ""150ml-2PCS"", ""150ml-1PC"", ""150m+300ml""]"
Shopee,,id,2026-07-02,809769142,glad2glow-indo,Glad2Glow Official Store,KAB. TANGERANG,52610001656,[New Launch]Glad2Glow Perfect Airbrush Setting Spray 100ml - Kunci Makeup 12H Anti Luntur & Kontrol Minyak - Soft Matte Finish Anti Geser Waterproof & Sweatproof-glad2glow offical,https://shopee.co.id/product/809769142/52610001656,https://down-id.img.susercontent.com/file/id-11134207-822wl-mpx0d7b9rkzlb1,"[""https://down-id.img.susercontent.com/file/id-11134207-822wl-mpx0d7b9rkzlb1""]","[""OFFICIAL_SHOP""]","[""id-11134258-7r98z-lykpu80ygbvs76""]",FSS_new+PromoXtraPlus,id-11134258-822ws-mnciva8io4qu2f,False,False,False,1778057928,69000,139000,69000,50,476043307925741,,,,,,5000.0,1000.0,4.901152213462705,1649,"[5, 2, 15, 107, 1520]",[],GLAD2GLOW,3138611,100630,"[100630, 100662, 100881, 101633]",1464,Colour code,"[""[Save more!]3PC"", ""[Trial]1PC"", ""[Save more]2PC"", ""BUY5GET6"", ""[Gift+Save more]3PCS"", ""Skin Tint-02+Spray"", ""Skin Tint-03+Spray"", ""[Glow Set]Lip06"", ""Top1 Club & Perks"", ""out of stock-1"", ""out of stock-2""]"
Shopee,,id,2026-07-02,809769142,glad2glow-indo,Glad2Glow Official Store,KAB. TANGERANG,24192367557,Glad2Glow Yuzu Aha Blackhead Exfoliating Cleanser facial wash skincare face wash sabun cuci muka cleansing balm exfoliating exfoliasi wajah sabun muka pembersih wajah Yuzu Aha Blackhead Exfoliating Cleanser  g2glow official store,https://shopee.co.id/product/809769142/24192367557,https://down-id.img.susercontent.com/file/id-11134207-82251-mhpy75ar7sp40c,"[""https://down-id.img.susercontent.com/file/id-11134207-82251-mhpy75ar7sp40c"", ""https://down-id.img.susercontent.com/file/id-11134207-822wg-moyw16t2x3ws60"", ""https://down-id.img.susercontent.com/file/id-11134207-7rbka-maunf19g4rjf8f"", ""https://down-id.img.susercontent.com/file/id-11134207-7rbk8-maunf19gadt758"", ""https://down-id.img.susercontent.com/file/id-11134207-7rbk2-maunf19gbsdn45"", ""https://down-id.img.susercontent.com/file/id-11134207-7rbk1-maunf19gelij68"", ""https://down-id.img.susercontent.com/file/id-11134207-7rbk3-maunf19g7kobbf""]","[""OFFICIAL_SHOP""]","[""id-11134258-7r98z-lykpu80ygbvs76""]",PromoXtraPlusonly,id-11134258-822ws-mnciva8io4qu2f,False,False,False,1741317361,34000,89000,34000,62,476043307925741,,,,,,10000.0,1000.0,4.890556651513852,23318,"[41, 20, 210, 1908, 21139]",[],GLAD2GLOW,3138611,100630,"[100630, 100664, 100891]",8827,Eksfoliasi,"[""1PC-Exfoliating"", ""2PC-Exfoliating"", ""3PCS-Exfoliating"", ""5PCS-Exfoliating"", ""2PCS Clean & Glowing""]"
Shopee,,id,2026-07-02,809769142,glad2glow-indo,Glad2Glow Official Store,KAB. TANGERANG,49662627211,[[Launching 6 July]GLAD2GLOW PERFECT BLURRING POWDER FOUNDATION 4.5g,https://shopee.co.id/product/809769142/49662627211,https://down-id.img.susercontent.com/file/id-11134207-822wq-mq1q97zsvapt31,"[""https://down-id.img.susercontent.com/file/id-11134207-822wq-mq1q97zsvapt31"", ""https://down-id.img.susercontent.com/file/id-11134207-81ztk-mq2wgt5nyhhe38"", ""https://down-id.img.susercontent.com/file/id-11134207-822wh-mq1q97zsy3up35"", ""https://down-id.img.susercontent.com/file/id-11134207-81ztp-mq2wgt5js6ps34""]","[""OFFICIAL_SHOP""]","[""id-11134258-7r98z-lykpu80ygbvs76""]",FSS_new+PromoXtraPlus,id-11134258-822ws-mnciva8io4qu2f,False,False,False,1782121288,99000,99000,99000,,0,,,,,,6.0,4.0,5.0,5,"[0, 0, 0, 0, 5]","[""Produk Baru""]",GLAD2GLOW,3138611,100630,"[100630, 100662, 100881, 101630]",26,colour code,"[""00 Affogato"", ""01 Buttercream"", ""02 Praline - Hot!"", ""03 Custard - Hot!"", ""04 Ginger"", ""05 Cinnamon""]"
Shopee,,id,2026-07-02,809769142,glad2glow-indo,Glad2Glow Official Store,KAB. TANGERANG,40877444059,[NEW LAUNCH] Glad2Glow FLAWLESS Perfect Cushion+ BRIGHTENING LIP SERUM 7g Mencerahkan Melembabkan 3in1 liptint Foundation Bedak padat Make up Lightweight Coverage Long-lasting 12-Hour Soft-Focus Flawless Skin oil-control g2glow official store,https://shopee.co.id/product/809769142/40877444059,https://down-id.img.susercontent.com/file/id-11134207-8224r-milair4l1ibl7c,"[""https://down-id.img.susercontent.com/file/id-11134207-8224r-milair4l1ibl7c""]","[""OFFICIAL_SHOP""]","[""id-11134258-7r98z-lykpu80ygbvs76""]",PromoXtraPlusonly,id-11134258-822ws-mnciva8io4qu2f,False,False,False,1766480277,139555,299000,139555,53,931791142240256,,,,,,1000.0,98.0,4.946009389671362,426,"[0, 0, 1, 21, 404]",[],GLAD2GLOW,3138611,100630,"[100630, 100662, 100881, 101628]",344,combo,"[""Cushion 02 + Lip 01"", ""Cushion 02 + Lip 03"", ""Cushion 03 + Lip 01"", ""Cushion 03 + Lip 03""]"
Shopee,,id,2026-07-02,809769142,glad2glow-indo,Glad2Glow Official Store,KAB. TANGERANG,43426829042,[NEW]GLAD2GLOW PERFECT VITA C BRIGHT GLOW TONER G2G Toner 3in1 Function Bright Toner Kulit Tampak Cerah Brightening Even Skin Tone Hydrating Glad2Glow Official,https://shopee.co.id/product/809769142/43426829042,https://down-id.img.susercontent.com/file/id-11134207-82252-mhl9qxnuf7yaa0,"[""https://down-id.img.susercontent.com/file/id-11134207-82252-mhl9qxnuf7yaa0"", ""https://down-id.img.susercontent.com/file/id-11134207-822wi-motc6mbtrv9p9f"", ""https://down-id.img.susercontent.com/file/id-11134207-822wg-motbzcpo7klnd5"", ""https://down-id.img.susercontent.com/file/id-11134207-8224t-mhl9qxnr81dtc3"", ""https://down-id.img.susercontent.com/file/id-11134207-8224r-mhl9qxnscruu2c"", ""https://down-id.img.susercontent.com/file/id-11134207-8224s-mhl9qxnugmiq41"", ""https://down-id.img.susercontent.com/file/id-11134207-8224u-mhl9qxnse6faca""]","[""OFFICIAL_SHOP""]","[""id-11134258-7r98z-lykpu80ygbvs76""]",FSS_new+PromoXtraPlus,id-11134258-822ws-mnciva8io4qu2f,False,False,False,1764293555,39000,90000,39000,57,476043307925741,,,,,,1000.0,202.0,4.934027777777778,576,"[2, 0, 2, 26, 546]",[],GLAD2GLOW,3138611,100630,"[100630, 100664, 100892]",162,Vita C Toner,"[""1 PC"", ""2 PCS"", ""3 PCS"", ""5 PCS""]"
Shopee,,id,2026-07-02,809769142,glad2glow-indo,Glad2Glow Official Store,KAB. TANGERANG,46103531817,"[Free Gift+Extra Disc]Glad2Glow 8 IN 1 Super Glow Skincare & Makeup Set: Brightening Micellar Water+Moisturizer+Toner+Milk Cleanser+Peeling Serum+Flawless Skin Tint+Perfect Blurring Powder|Kulit Cerah, Glowing&Halus Sepanjang Hari",https://shopee.co.id/product/809769142/46103531817,https://down-id.img.susercontent.com/file/id-11134207-822wq-mlmxe111v6kl69,"[""https://down-id.img.susercontent.com/file/id-11134207-822wq-mlmxe111v6kl69""]","[""OFFICIAL_SHOP""]","[""id-11134258-7r98z-lykpu80ygbvs76""]",FSS_new+PromoXtraPlus,id-11134258-822ws-mnciva8io4qu2f,False,False,False,1766482214,315400,499000,315400,37,931791142240256,,,,,,2000.0,135.0,4.872881355932203,944,"[6, 2, 13, 64, 859]",[],GLAD2GLOW,3138611,100630,"[100630, 100665]",868,combo,"[""Skintint+TWC-02"", ""Skintint+TWC-03"", ""Skintint+Powder-02"", ""Skintint+Powder-03""]"
Shopee,,id,2026-07-02,809769142,glad2glow-indo,Glad2Glow Official Store,KAB. TANGERANG,55201716278,"[NEW LAUNCH]Glad2Glow B12 All IN ONE MAKEUP REMOVER Untuk Semua Kulit Lembut cleansing oil&Micellar water 3:7 Tanpa Iritasi untuk Kulit Sensitif Diperkaya dengan Vitamin B12, Niacinamide, dan Vitamin E g2glow official store",https://shopee.co.id/product/809769142/55201716278,https://down-id.img.susercontent.com/file/id-11134207-8224s-mhfll011wzd85a,"[""https://down-id.img.susercontent.com/file/id-11134207-8224s-mhfll011wzd85a"", ""https://down-id.img.susercontent.com/file/id-11134207-82251-mk6emcu7jw1v2c"", ""https://down-id.img.susercontent.com/file/sg-11134201-824iy-mpllyjoku1os3a"", ""https://down-id.img.susercontent.com/file/sg-11134201-824is-mpllylecrmrnc3"", ""https://down-id.img.susercontent.com/file/id-11134207-8224p-mhbr2atvf66gef"", ""https://down-id.img.susercontent.com/file/id-11134207-8224p-mhbr2atv85c824"", ""https://down-id.img.susercontent.com/file/id-11134207-8224r-mhbr2atvdrm0b5"", ""https://down-id.img.susercontent.com/file/id-11134207-8224v-mhbr2atv6qrs5d"", ""https://down-id.img.susercontent.com/file/id-11134207-8224u-mhbr2atv5c7c80""]","[""OFFICIAL_SHOP""]","[""id-11134258-7r98z-lykpu80ygbvs76""]",FSS_new+PromoXtraPlus,id-11134258-822ws-mnciva8io4qu2f,False,False,False,1763538597,50000,159000,50000,69,476043307925741,,,,,,2000.0,512.0,4.929752066115703,726,"[1, 0, 1, 45, 679]","[""Add-on Deal""]",GLAD2GLOW,3138611,100630,"[100630, 100662, 100884]",948,Makeup Remover,"[""Hot sale-150ml-3PCS"", ""150ml-2PCS"", ""150ml-1PC"", ""150m+230ml"", ""150ml+230ml*2""]"
Shopee,,id,2026-07-02,809769142,glad2glow-indo,Glad2Glow Official Store,KAB. TANGERANG,48806582584,Glad2Glow Glow SerumSpray 100ml White Truffle RadianceMencerahkan & Melindungi Skin BarrierSkin Prep Face Glad2Glow Official Store,https://shopee.co.id/product/809769142/48806582584,https://down-id.img.susercontent.com/file/id-11134207-822wr-ml937yss29e03c,"[""https://down-id.img.susercontent.com/file/id-11134207-822wr-ml937yss29e03c"", ""https://down-id.img.susercontent.com/file/id-11134207-8224w-ml4v5q1fz8cq36"", ""https://down-id.img.susercontent.com/file/id-11134207-822wi-ml8phm5qktfzc2""]","[""OFFICIAL_SHOP""]","[""id-11134258-7r98z-lykpu80ygbvs76""]",FSS_new+PromoXtraPlus,id-11134258-822ws-mnciva8io4qu2f,False,False,False,1772249663,237500,399000,237500,40,931791142240256,,,,,,46.0,7.0,4.9375,16,"[0, 0, 0, 1, 15]",[],GLAD2GLOW,3138611,100630,"[100630, 100665]",72,serum,"[""set-01"", ""set-02"", ""set-03""]"
Shopee,,id,2026-07-02,809769142,glad2glow-indo,Glad2Glow Official Store,KAB. TANGERANG,54800619577,[Cocok Untuk Pemula] Glad2Glow Tone up Set Cerah Glowing  Bundle 4in1-Brightening Moisturizer+Cleanser+day cream+Lip serum+10%Niacinamide skincare paket pembersih perawatan kulit mencerahkan warna kulit pelembab wajah all in 1g2glow official store,https://shopee.co.id/product/809769142/54800619577,https://down-id.img.susercontent.com/file/id-11134207-8224y-mhg5h9ysw0sgd3,"[""https://down-id.img.susercontent.com/file/id-11134207-8224y-mhg5h9ysw0sgd3""]","[""OFFICIAL_SHOP""]","[""id-11134258-7r98z-lykpu80ygbvs76""]",FSS_new+PromoXtraPlus,id-11134258-822ws-mnciva8io4qu2f,False,False,False,1761962444,100000,129000,100000,22,476043307925741,,,,,,5000.0,83.0,4.908114558472554,2514,"[3, 1, 22, 172, 2316]","[""Add-on Deal""]",GLAD2GLOW,3138611,100630,"[100630, 100665]",1489,Set,"[""OUTING SET 4PCS-01"", ""OUTING SET 3PCS-01"", ""OUTING SET 2PCS-01"", ""OUTING SET2 2PCS-01""]"
Shopee,,id,2026-07-02,809769142,glad2glow-indo,Glad2Glow Official Store,KAB. TANGERANG,56659622964,[ADD ON DEAL]Glad2Glow Glycolic Acid Facial Wash 70ml Membersihkan & Merawat Kulit 2-in-1 Niacinamide Pencerah Pembersihan Lembut Hidrasi Melindungi Barrier Kulit Sabun Wajah Cocok Untuk Kulit Sensitif,https://shopee.co.id/product/809769142/56659622964,https://down-id.img.susercontent.com/file/sg-11134201-820mv-mnlcyktmxix248,"[""https://down-id.img.susercontent.com/file/sg-11134201-820mv-mnlcyktmxix248"", ""https://down-id.img.susercontent.com/file/sg-11134201-820lz-mnlcyl1xnl6tbe"", ""https://down-id.img.susercontent.com/file/sg-11134201-820nz-mnlcylagdp1c51"", ""https://down-id.img.susercontent.com/file/sg-11134201-820mp-mnlcylhte4n88b"", ""https://down-id.img.susercontent.com/file/sg-11134201-824ht-mpm6dym9qjv072""]","[""OFFICIAL_SHOP""]","[""id-11134258-7r98z-lykpu80ygbvs76""]",FSS_new+PromoXtraPlus,id-11134258-822ws-mnciva8io4qu2f,False,False,False,1777373823,89000,89000,89000,,0,,,,,,41.0,19.0,4.923076923076923,13,"[0, 0, 0, 1, 12]",[],GLAD2GLOW,3138611,100630,"[100630, 100664, 100891]",24,CLEANSER,"[""CLEANSER 1PC 70ml""]"
Shopee,,id,2026-07-02,809769142,glad2glow-indo,Glad2Glow Official Store,KAB. TANGERANG,45502579334,"[Free Gift]Glad2Glow 8 IN 1 Super Glow Niacinamide Skincare & Makeup Paket: Brightening Micellar Water 130ml + Moisturizer+Toner+Serum+Niacinamide Cleanser+Flawless Cushion+Perfect Blurring Powder untuk Kulit Cerah, Glowing & Halus Sepanjang Hari",https://shopee.co.id/product/809769142/45502579334,https://down-id.img.susercontent.com/file/id-11134207-822wk-mpx0yswuemmm41,"[""https://down-id.img.susercontent.com/file/id-11134207-822wk-mpx0yswuemmm41""]","[""OFFICIAL_SHOP""]","[""id-11134258-7r98z-lykpu80ygbvs76""]",FSS_new+PromoXtraPlus,id-11134258-822ws-mnciva8io4qu2f,False,False,False,1764819117,360353,777000,360353,54,933244862808064,,,,,,9000.0,702.0,4.893502291722836,3709,"[7, 11, 49, 236, 3406]",[],GLAD2GLOW,3138611,100630,"[100630, 100665]",2670,combo,"[""Oil Balance Set"", ""Refreshing Set"", ""Oil Balance Set-PDRN"", ""Refreshing Set-PDRN"", ""Top1 Club & Perks""]"
Shopee,,id,2026-07-02,809769142,glad2glow-indo,Glad2Glow Official Store,KAB. TANGERANG,55460830635,"[NEW LAUNCH] All DAY GLOW SETTING SPRAY 100ml- Korean Glass Skin, Glowing Seharian, Anti-Luntur Sweat Proof & Transfer Proof, Formula Ringan Bebas Lengket Bebas Kusam-glad2glow offica",https://shopee.co.id/product/809769142/55460830635,https://down-id.img.susercontent.com/file/id-11134207-822wl-mpitzftcmqkv0d,"[""https://down-id.img.susercontent.com/file/id-11134207-822wl-mpitzftcmqkv0d""]","[""OFFICIAL_SHOP""]","[""id-11134258-7r98z-lykpu80ygbvs76""]",FSS_new+PromoXtraPlus,id-11134258-822ws-mnciva8io4qu2f,False,False,False,1779246251,69000,179000,69000,61,476043307925741,,,,,,1000.0,1000.0,4.964743589743589,312,"[1, 0, 0, 7, 304]","[""Any 2 at Rp127.000""]",GLAD2GLOW,3138611,100630,"[100630, 100662, 100881, 101633]",725,Colour code,"[""[Glow Spray]1PC""]"
Shopee,,id,2026-07-02,809769142,glad2glow-indo,Glad2Glow Official Store,KAB. TANGERANG,52152560531,"[New Launch] Glad2Glow Brightening Tone Up Cream, Brightening Lip Serum 7g, 3-in-1 liptint, Day Cream Moisturizer, Cerah dan Glowing Tanpa Whitecast, Mencerahkan, Melembabkan g2g official store",https://shopee.co.id/product/809769142/52152560531,https://down-id.img.susercontent.com/file/id-11134207-8224z-mi2ymxa04ava6a,"[""https://down-id.img.susercontent.com/file/id-11134207-8224z-mi2ymxa04ava6a""]","[""OFFICIAL_SHOP""]","[""id-11134258-7r98z-lykpu80ygbvs76""]",PromoXtraPlusonly,id-11134258-822ws-mnciva8io4qu2f,False,False,False,1764819113,90400,299000,90400,70,476043307925741,,,,,,1000.0,69.0,4.911552346570397,554,"[0, 1, 6, 34, 513]","[""Add-on Deal""]",GLAD2GLOW,3138611,100630,"[100630, 100665]",454,combo,"[""Tone Up + Lip 01"", ""Tone Up + TWC 02"", ""Tone Up + TWC 03"", ""Tone Up + Powder 02"", ""Tone Up + Powder 03"", ""Tone Up+TWC02+Lip01"", ""Tone Up+TWC03+Lip01"", ""ToneUp+Powder02Lip01"", ""ToneUp+Powder03Lip01"", ""4 SET-TWC 02"", ""4 SET-TWC 03"", ""4 SET-Powder 02"", ""4 SET-Powder 03""]"
Shopee,,id,2026-07-02,809769142,glad2glow-indo,Glad2Glow Official Store,KAB. TANGERANG,44480446034,[ADD ON DEAL] Glad2Glow PORE CLEARING MICELLAR WATER 130ML,https://shopee.co.id/product/809769142/44480446034,https://down-id.img.susercontent.com/file/sg-11134201-820o3-mnlcyageru9wcd,"[""https://down-id.img.susercontent.com/file/sg-11134201-820o3-mnlcyageru9wcd"", ""https://down-id.img.susercontent.com/file/sg-11134201-820ny-mnlcyar6xfra4e"", ""https://down-id.img.susercontent.com/file/sg-11134201-820o2-mnlcybivyuwzd6"", ""https://down-id.img.susercontent.com/file/sg-11134201-820n0-mnlcybrundvl93"", ""https://down-id.img.susercontent.com/file/sg-11134201-820nw-mnlcyc4x20i0d6"", ""https://down-id.img.susercontent.com/file/sg-11134201-820lm-mnlcycg7tmv665"", ""https://down-id.img.susercontent.com/file/sg-11134201-820o5-mnlcycq7t2bpf3"", ""https://down-id.img.susercontent.com/file/sg-11134201-820no-mnlcyd1n3mki97""]","[""OFFICIAL_SHOP""]","[""id-11134258-7r98z-lykpu80ygbvs76""]",FSS_new+PromoXtraPlus,id-11134258-822ws-mnciva8io4qu2f,False,False,False,1777373812,69000,69000,69000,,0,,,,,,52.0,20.0,5.0,18,"[0, 0, 0, 0, 18]",[],GLAD2GLOW,3138611,100630,"[100630, 100662, 100884]",23,Makeup Remover,"[""[Hot]300ml-1PC"", ""230ml-Brightening"", ""130ml-1PC""]"
Shopee,,id,2026-07-02,809769142,glad2glow-indo,Glad2Glow Official Store,KAB. TANGERANG,58058986912,"[JADI MEMBER! SETIAP SENIN DAPATKAN HARGA TERBAIK]Glad2Glow×GGBaby Special Edition BRIGHTENING LIP SERUM 7g Ready Stock! Mencerahkan, Melembabkan Bibir dengan Warna Natural | Lip tint&Lip care",https://shopee.co.id/product/809769142/58058986912,https://down-id.img.susercontent.com/file/id-11134207-822wq-modch01bbjsxe0,"[""https://down-id.img.susercontent.com/file/id-11134207-822wq-modch01bbjsxe0"", ""https://down-id.img.susercontent.com/file/id-11134207-822wj-mn9hjdfu5kat8b"", ""https://down-id.img.susercontent.com/file/id-11134207-822wo-mn9hjdfufe9xe6"", ""https://down-id.img.susercontent.com/file/id-11134207-822wr-mn9hjdfu6yv955"", ""https://down-id.img.susercontent.com/file/id-11134207-822wt-mn9hjdfu8dfpff"", ""https://down-id.img.susercontent.com/file/id-11134207-822wr-mn9hjdfu9s054e"", ""https://down-id.img.susercontent.com/file/id-11134207-822wm-mn9hjdfub6kld3"", ""https://down-id.img.susercontent.com/file/id-11134207-822wp-mn9hjdfucl514a""]","[""OFFICIAL_SHOP""]","[""id-11134258-7r98z-lykpu80ygbvs76""]",FSS_new+PromoXtraPlus,id-11134258-822ws-mnciva8io4qu2f,False,False,False,1776395729,327900,327900,327900,,0,,,,,,1000.0,595.0,4.941747572815534,206,"[1, 1, 0, 5, 199]",[],GLAD2GLOW,3138611,100630,"[100630, 100664, 100900, 101673]",215,LIP SERUM,"[""All in 7pcs"", ""HOT SALE-7PCS"", ""Mix-7pcs"", ""[Gift!]balm  9pcs"", ""[Gift!]balm  6pcs"", ""HOT Day&Night-6pcs""]"
Shopee,,id,2026-07-02,809769142,glad2glow-indo,Glad2Glow Official Store,KAB. TANGERANG,55407453466,[SALE!!] Glad2Glow Glow Serum Spray 100ml 2IN1 Combo Serum Spray + Perfect Vita C Bright Glow Cleanser/Propolis Hyaluronic Acid Essence Toner,https://shopee.co.id/product/809769142/55407453466,https://down-id.img.susercontent.com/file/id-11134207-822wi-mm1ksds5igap62,"[""https://down-id.img.susercontent.com/file/id-11134207-822wi-mm1ksds5igap62"", ""https://down-id.img.susercontent.com/file/id-11134207-822wr-moteywdafabm98"", ""https://down-id.img.susercontent.com/file/id-11134207-822wg-moteywdadvr601"", ""https://down-id.img.susercontent.com/file/id-11134207-822wu-mm1ksdspj1mp73"", ""https://down-id.img.susercontent.com/file/id-11134207-822wi-mm191te6pk3p1b"", ""https://down-id.img.susercontent.com/file/id-11134207-822wo-mm191te6sd8l02"", ""https://down-id.img.susercontent.com/file/id-11134207-822wj-mm1irf40krgo61"", ""https://down-id.img.susercontent.com/file/sg-11134201-824i7-mplifosup91f64"", ""https://down-id.img.susercontent.com/file/id-11134207-822wp-mm1irf40m614d1""]","[""OFFICIAL_SHOP""]","[""id-11134258-7r98z-lykpu80ygbvs76""]",FSS_new+PromoXtraPlus,id-11134258-822ws-mnciva8io4qu2f,False,False,False,1773994294,114000,199000,114000,43,476043307925741,,,,,,259.0,53.0,4.956140350877193,114,"[0, 0, 0, 5, 109]",[],GLAD2GLOW,3138611,100630,"[100630, 100664, 100896]",77,serum,"[""[Clean+Serum]-2pcs"", ""[Toner +Serum]-2pcs""]"
Shopee,,id,2026-07-02,809769142,glad2glow-indo,Glad2Glow Official Store,KAB. TANGERANG,52558972921,[JADI MEMBER! SETIAP SENIN DAPATKAN HARGA TERBAIK]Glad2Glow Perfect Blurring Powder Foundation waterproof setting two way cake TWC Mengandung squalane dan vitamin E concealer pengontrol minyak meratakan warna kulit bantalan udara yang menjaga kelembapan,https://shopee.co.id/product/809769142/52558972921,https://down-id.img.susercontent.com/file/id-11134207-822ws-moxcvjcvkwel14,"[""https://down-id.img.susercontent.com/file/id-11134207-822ws-moxcvjcvkwel14"", ""https://down-id.img.susercontent.com/file/id-11134207-822wt-mowjotgu4b9q02"", ""https://down-id.img.susercontent.com/file/id-11134207-822wp-mn9hv8kyam12d8"", ""https://down-id.img.susercontent.com/file/id-11134207-822wn-mn9hv8kyc0li59"", ""https://down-id.img.susercontent.com/file/sg-11134201-824h9-mpkmoqetfqblf5"", ""https://down-id.img.susercontent.com/file/id-11134207-822wr-mn9hv8kyetqe07"", ""https://down-id.img.susercontent.com/file/id-11134207-822wl-mn9hv8kyg8aucc"", ""https://down-id.img.susercontent.com/file/id-11134207-822wk-mn9hv8kyhmva2a"", ""https://down-id.img.susercontent.com/file/id-11134207-822wk-mn9hv8kyj1fq7a""]","[""OFFICIAL_SHOP""]","[""id-11134258-7r98z-lykpu80ygbvs76""]",FSS_new+PromoXtraPlus,id-11134258-822ws-mnciva8io4qu2f,False,False,False,1776390956,195000,195000,195000,,0,,,,,,248.0,163.0,5.0,30,"[0, 0, 0, 0, 30]",[],GLAD2GLOW,3138611,100630,"[100630, 100662, 100881, 101630]",35,GLOWSET,"[""Cover Cushion 2pcs"", ""COVER GLOW 2pcs"", ""skin tint 4pcs""]"
Shopee,,id,2026-07-02,809769142,glad2glow-indo,Glad2Glow Official Store,KAB. TANGERANG,56009621582,[JADI MEMBER! SETIAP SENIN DAPATKAN HARGA TERBAIK]Glad2Glow Pomegranate Niacinamide Brightening Moisturizer Mencerahkan Pemutih Kulit Gel Pelembab Bercahaya Krim Siang dan Malam Perawatan Kulit Ekstrak DelimaPelembab Esensi Wajah Perawatan Kulit,https://shopee.co.id/product/809769142/56009621582,https://down-id.img.susercontent.com/file/id-11134207-822wi-mo26yjjw1fd1f6,"[""https://down-id.img.susercontent.com/file/id-11134207-822wi-mo26yjjw1fd1f6"", ""https://down-id.img.susercontent.com/file/id-11134207-822wk-mnzclqk7435ycb"", ""https://down-id.img.susercontent.com/file/id-11134207-822ws-mnla1kvwx2pv4d"", ""https://down-id.img.susercontent.com/file/id-11134207-822wl-mnzi3hmngc1v75"", ""https://down-id.img.susercontent.com/file/id-11134207-822wt-mnzi3hmnaps3d0"", ""https://down-id.img.susercontent.com/file/id-11134207-822wn-mnzi3hmothxkc9"", ""https://down-id.img.susercontent.com/file/id-11134207-822wt-mnzi3hmn3oxv45"", ""https://down-id.img.susercontent.com/file/id-11134207-822wg-mnzi3hmndiwzc2""]","[""OFFICIAL_SHOP""]","[""id-11134258-7r98z-lykpu80ygbvs76""]",FSS_new+PromoXtraPlus,id-11134258-822ws-mnciva8io4qu2f,False,False,False,1777367174,72900,72900,72900,,0,,,,,,435.0,274.0,4.903225806451613,62,"[0, 0, 0, 6, 56]",[],GLAD2GLOW,3138611,100630,"[100630, 100665]",61,variant,"[""Cerah Buy8 Get9"", ""Anti-kerut-Buy8 Get9"", ""Ceramide8+1"", ""Tenang 30g-8+1"", ""Dark Spot 9"", ""cleanser-Glow-10pcs"", ""cleanser-Milk-9pcs"", ""cleanser-Pore-10pcs"", ""cleanser-Acne-10pcs"", ""cleanser-Gel-10pcs"", ""serum-Peeling-9pcs"", ""serum-Retinol-10pcs"", ""serum-Cerah-10pcs"", ""Body Lotion 2pcs"", ""Body Lotion 4pcs""]"
Shopee,,id,2026-07-02,809769142,glad2glow-indo,Glad2Glow Official Store,KAB. TANGERANG,52150640468,[Cocok Untuk Pemula] Glad2Glow Acne&Cerah Set Glowing  Bundle 4in1-Brightening Moisturizer+Cleanser+Mugwort acne gel mask+10%Niacinamide skincare paket pembersih perawatan kulit mencerahkan warna kulit pelembab wajah all in 1g2glow official store,https://shopee.co.id/product/809769142/52150640468,https://down-id.img.susercontent.com/file/id-11134207-8224y-mgit36mq3ggbc6,"[""https://down-id.img.susercontent.com/file/id-11134207-8224y-mgit36mq3ggbc6""]","[""OFFICIAL_SHOP""]","[""id-11134258-7r98z-lykpu80ygbvs76""]",PromoXtraPlusonly,id-11134258-822ws-mnciva8io4qu2f,False,False,False,1761966581,78500,99000,78500,21,476043307925741,,,,,,2000.0,147.0,4.906439854191981,823,"[0, 0, 8, 61, 754]","[""Add-on Deal""]",GLAD2GLOW,3138611,100630,"[100630, 100665]",370,Set,"[""Acne Cerah Set 4PCS"", ""Acne Cerah Set 3PCS"", ""Acne Cerah Set 2PCS"", ""Glow & Acne Care 4ps""]"
Shopee,,id,2026-07-02,809769142,glad2glow-indo,Glad2Glow Official Store,KAB. TANGERANG,56505624072,[ JADI MEMBER! Flash Sale 10RB Setiap Senin! ] PORE CLEARING MICELLAR WATER 130ML/Moist & Smooth Hand Body Serum 180ml/PERFECT VITA C BRIGHT GLOW TONER 80ml,https://shopee.co.id/product/809769142/56505624072,https://down-id.img.susercontent.com/file/id-11134207-822wj-mpx1nuf1ea6k1e,"[""https://down-id.img.susercontent.com/file/id-11134207-822wj-mpx1nuf1ea6k1e"", ""https://down-id.img.susercontent.com/file/id-11134207-822wk-mpx1nuf1for022"", ""https://down-id.img.susercontent.com/file/id-11134207-8224t-mk6ft2h3uosna8"", ""https://down-id.img.susercontent.com/file/id-11134207-8224w-mk6ft2h3xhxjc4"", ""https://down-id.img.susercontent.com/file/id-11134207-8224t-mk3o3q7cgbur6a"", ""https://down-id.img.susercontent.com/file/id-11134207-8224y-mk3o3q7chqf7b4""]","[""OFFICIAL_SHOP""]","[""id-11134258-7r98z-lykpu80ygbvs76""]",FSS_new+PromoXtraPlus,id-11134258-822ws-mnciva8io4qu2f,False,False,False,1769769533,100000,100000,100000,,0,,,,,,488.0,130.0,4.91044776119403,67,"[0, 0, 1, 4, 62]",[],GLAD2GLOW,3138611,100630,"[100630, 100662, 100884]",638,1pc,"[""body lotion180ml"", ""VC toner80ml"", ""micellar water130ml""]"
Shopee,,id,2026-07-02,809769142,glad2glow-indo,Glad2Glow Official Store,KAB. TANGERANG,42880446008,[ADD ON DEAL] GLAD2GLOW PERFECT VITA C BRIGHT GLOW MICELLAR WATER 300ml Pembersih Wajah Make Up Remover Cleansing Water Mencerahkan Dark Spot Membersihkan makeup waterproof 130ML & 230ML,https://shopee.co.id/product/809769142/42880446008,https://down-id.img.susercontent.com/file/sg-11134201-820l4-mnlcxt2lzqx23f,"[""https://down-id.img.susercontent.com/file/sg-11134201-820l4-mnlcxt2lzqx23f"", ""https://down-id.img.susercontent.com/file/sg-11134201-820ld-mnlcxtc6wz5v0c"", ""https://down-id.img.susercontent.com/file/sg-11134201-820ok-mnlcxtlizchya0"", ""https://down-id.img.susercontent.com/file/sg-11134201-820on-mnlcxtty1eyu52"", ""https://down-id.img.susercontent.com/file/sg-11134201-824j1-mpgtv80c4jkb8e"", ""https://down-id.img.susercontent.com/file/sg-11134201-820ls-mnlcxuef7oqoe1""]","[""OFFICIAL_SHOP""]","[""id-11134258-7r98z-lykpu80ygbvs76""]",FSS_new+PromoXtraPlus,id-11134258-822ws-mnciva8io4qu2f,False,False,False,1777373788,79000,79000,79000,,0,,,,,,23.0,12.0,5.0,8,"[0, 0, 0, 0, 8]",[],GLAD2GLOW,3138611,100630,"[100630, 100662, 100884]",11,VITAMIN C,"[""130ml-Travel&Trial"", ""230ml-1PC""]"
Shopee,,id,2026-07-02,809769142,glad2glow-indo,Glad2Glow Official Store,KAB. TANGERANG,41880136036,[JADI MEMBER! SETIAP SENIN DAPATKAN HARGA TERBAIK]Glad2Glow Cherry Blossom Micellar Water 300ml Untuk Semua Kulit Lembut cleansing oil Penghapus Makeup Waterproof Hapus Riasan Tahan Air dengan Centella & Tanpa Iritasi untuk Kulit Sensitif & Berjerawat,https://shopee.co.id/product/809769142/41880136036,https://down-id.img.susercontent.com/file/id-11134207-822wm-mo26yjjvym8501,"[""https://down-id.img.susercontent.com/file/id-11134207-822wm-mo26yjjvym8501"", ""https://down-id.img.susercontent.com/file/id-11134207-822wo-mo9mj92i4dmod0"", ""https://down-id.img.susercontent.com/file/id-11134207-822wl-mowjotgu8iz267"", ""https://down-id.img.susercontent.com/file/id-11134207-822wr-mn9ht0kbmjnna3"", ""https://down-id.img.susercontent.com/file/id-11134207-822wk-mn9ht0k6pk3o17"", ""https://down-id.img.susercontent.com/file/id-11134207-822wi-mn9ht0k6qyo4ec"", ""https://down-id.img.susercontent.com/file/sg-11134201-824g3-mphlxrienjez66"", ""https://down-id.img.susercontent.com/file/sg-11134201-824ij-mphlxt8o3thea3"", ""https://down-id.img.susercontent.com/file/id-11134207-822wr-mn9ht0k6wkxw25""]","[""OFFICIAL_SHOP""]","[""id-11134258-7r98z-lykpu80ygbvs76""]",FSS_new+PromoXtraPlus,id-11134258-822ws-mnciva8io4qu2f,False,False,False,1776396701,157000,157000,157000,,0,,,,,,254.0,65.0,4.846153846153846,52,"[1, 1, 0, 1, 49]",[],GLAD2GLOW,3138611,100630,"[100630, 100662, 100884]",42,Makeup Remover,"[""300ML-B9G1Free"", ""300ML-B9G3"", ""9Brightening+1clear"", ""Clean Oil-200ml 2pcs"", ""8Brightening+1clear"", ""Pore Clearing-8+1"", ""8Cherry+1pore clear""]"
Shopee,,id,2026-07-02,809769142,glad2glow-indo,Glad2Glow Official Store,KAB. TANGERANG,53759613273,[JADI MEMBER! SETIAP SENIN DAPATKAN HARGA TERBAIK]Glad2Glow FLAWLESS BLURRING SKIN TINT 30G Concealer Foundation Bedak padat Make up Lightweight Coverage Long-lasting 12-Hour Soft-Focus Flawless Skin oil-control Bio-Mimetic Film Technology Care,https://shopee.co.id/product/809769142/53759613273,https://down-id.img.susercontent.com/file/id-11134207-822wq-mo24r4bgmd4w7c,"[""https://down-id.img.susercontent.com/file/id-11134207-822wq-mo24r4bgmd4w7c"", ""https://down-id.img.susercontent.com/file/id-11134207-822wn-mnmwcrang45c7c"", ""https://down-id.img.susercontent.com/file/id-11134207-822wu-mo24r4bggqv4ae"", ""https://down-id.img.susercontent.com/file/id-11134207-822wj-mo24r4bgfcao0e"", ""https://down-id.img.susercontent.com/file/id-11134207-822wj-mo24r4bgi5fk01"", ""https://down-id.img.susercontent.com/file/id-11134207-822wn-mo24r4bgjk008d"", ""https://down-id.img.susercontent.com/file/id-11134207-822wm-mo24r4bgkykgf9""]","[""OFFICIAL_SHOP""]","[""id-11134258-7r98z-lykpu80ygbvs76""]",FSS_new+PromoXtraPlus,id-11134258-822ws-mnciva8io4qu2f,False,False,False,1777369057,245000,245000,245000,,0,,,,,,53.0,27.0,4.875,16,"[0, 0, 0, 2, 14]",[],GLAD2GLOW,3138611,100630,"[100630, 100662, 100881, 101628]",58,Cushion,"[""4+1 Paket Hemat"", ""Face&Body Bright Set"", ""Cushion +Powder"", ""Glow Set"", ""Skintint+TWC""]"
Shopee,,id,2026-07-02,809769142,glad2glow-indo,Glad2Glow Official Store,KAB. TANGERANG,48707430412,Glad2Glow Paket Makeup 3in1-FLAWLESS BLURRING SKIN TINT+PERFECT BLURRING POWDER FOUNDATION+BRIGHTENING LIP SERUM Ringan tanpa beban Tahan make up seharian g2glow official,https://shopee.co.id/product/809769142/48707430412,https://down-id.img.susercontent.com/file/id-11134207-822wn-mlzz9sp5np4z1e,"[""https://down-id.img.susercontent.com/file/id-11134207-822wn-mlzz9sp5np4z1e""]","[""OFFICIAL_SHOP""]","[""id-11134258-7r98z-lykpu80ygbvs76""]",FSS_new+PromoXtraPlus,id-11134258-822ws-mnciva8io4qu2f,False,False,False,1773902949,185900,399000,185900,53,476043307925741,,,,,,409.0,194.0,4.891891891891892,148,"[0, 1, 1, 11, 135]",[],GLAD2GLOW,3138611,100630,"[100630, 100665]",191,SET,"[""3pcs Makeup""]"
Shopee,,id,2026-07-02,809769142,glad2glow-indo,Glad2Glow Official Store,KAB. TANGERANG,41078528259,[ FREE GIFT FOR 6/6! ]Dapatkan Hadiah Dengan Min. Pembelian 300RB,https://shopee.co.id/product/809769142/41078528259,https://down-id.img.susercontent.com/file/id-11134207-8224w-mk6wzwj43n5sab,"[""https://down-id.img.susercontent.com/file/id-11134207-8224w-mk6wzwj43n5sab"", ""https://down-id.img.susercontent.com/file/id-11134207-8224t-mk6wzwj451q8ab"", ""https://down-id.img.susercontent.com/file/id-11134207-822ws-mp3irksp8y6aa5""]","[""OFFICIAL_SHOP""]","[""id-11134258-7r98z-lykpu80ygbvs76""]",FSS_new+PromoXtraPlus,id-11134258-822ws-mnciva8io4qu2f,False,False,False,1769961827,300000,300000,300000,,0,,,,,,10000.0,1000.0,4.917345750873109,3437,"[16, 3, 30, 151, 3237]",[],GLAD2GLOW,3138611,100630,"[100630, 100663, 100885, 101650]",55,random color,"[""random""]"
Shopee,,id,2026-07-02,809769142,glad2glow-indo,Glad2Glow Official Store,KAB. TANGERANG,27408030377,Glad2Glow Peeling Solution Serum Eksfoliasi Wajah 60 detik Menghaluskan Kulit AHA BHA PHA serum wajah glowing pelembab mencerahkan peeling exfoliating serum g2glow official store,https://shopee.co.id/product/809769142/27408030377,https://down-id.img.susercontent.com/file/id-11134207-81ztp-mq44fmkk232n3e,"[""https://down-id.img.susercontent.com/file/id-11134207-81ztp-mq44fmkk232n3e""]","[""OFFICIAL_SHOP""]","[""id-11134258-7r98z-lykpu80ygbvs76""]",FSS_new+PromoXtraPlus,id-11134258-822ws-mnciva8io4qu2f,False,False,False,1723774635,47900,109000,47900,56,470649164558504,,,,,,10000.0,1000.0,4.85805276835616,396049,"[1183, 898, 4548, 39695, 349725]","[""Any 2 at Rp82.900""]",GLAD2GLOW,3138611,100630,"[100630, 100664, 100896]",138690,Peeling,"[""1PC-Serum"", ""Top1 Club & Perks""]"
Shopee,,id,2026-07-02,809769142,glad2glow-indo,Glad2Glow Official Store,KAB. TANGERANG,29905930406,[Hot Sale!]Glad2Glow Perfect Cover Cushion Foundation Waterproof Make Up Setting Concealer BB Cream Tahan Lama Hingga 12 Jam Hasil Akhir Glowing Dan Menyatu Dengan Warna Kulit Tekstur Ringan Di Wajah g2glow official store,https://shopee.co.id/product/809769142/29905930406,https://down-id.img.susercontent.com/file/id-11134207-822ws-mphkg88ycob0cf,"[""https://down-id.img.susercontent.com/file/id-11134207-822ws-mphkg88ycob0cf""]","[""OFFICIAL_SHOP""]","[""id-11134258-7r98z-lykpu80ygbvs76""]",FSS_new+PromoXtraPlus,id-11134258-822ws-mnciva8io4qu2f,False,False,False,1721646528,77900,199000,77900,61,280767477596160,,,,,,10000.0,1000.0,4.881625728672238,387870,"[1002, 730, 3867, 31981, 350290]",[],GLAD2GLOW,3138611,100630,"[100630, 100662, 100881, 101628]",250579,Cushion,"[""2PCS-02-Praline"", ""2PCS-03-Custard"", ""00 Affogato"", ""01 Buttercream"", ""02 Praline-hot sale"", ""03 Custard-hot sale"", ""04 Ginger-hot sale"", ""05 Cinnamon"", ""Cushion+Spray Set02"", ""Cushion+Spray Set03"", ""2PCS-01-Buttercream"", ""BUY 2 GET 1-02"", ""BUY 2 GET 1-03"", ""Disc20%-Makeup Set02"", ""Disc20%-Makeup Set03"", ""20%OFF-Matte spray02"", ""20%OFF-Matte spray03"", ""01Buttercream REFILL"", ""02 Praline REFILL"", ""03 Custard REFILL"", ""Extra Disc 20% - 01"", ""Extra Disc 20% - 03"", ""Extra Disc 20% - 02"", ""[LIVE DEAL]-02"", ""[LIVE DEAL]-03"", ""Top1 Club & Perks""]"
Shopee,,id,2026-07-02,809769142,glad2glow-indo,Glad2Glow Official Store,KAB. TANGERANG,44855098355,[Full Range Base Makeup G2G]Glad2Glow Perfect Cover Glow Cushion | Perfect Cover Cushion  | FlawLess Blurring Skin Tint | 2in1 Perfect Pair Cushion Powder |  Perfect Blurring Powder | Foundation,https://shopee.co.id/product/809769142/44855098355,https://down-id.img.susercontent.com/file/id-11134207-8224y-mjrupqkt9zbbd8,"[""https://down-id.img.susercontent.com/file/id-11134207-8224y-mjrupqkt9zbbd8"", ""https://down-id.img.susercontent.com/file/id-11134207-82251-ml4wm4olnevh14"", ""https://down-id.img.susercontent.com/file/id-11134207-82252-mjrupqkth05jf3"", ""https://down-id.img.susercontent.com/file/id-11134207-8224u-mjrupqkte70nef"", ""https://down-id.img.susercontent.com/file/id-11134207-8224x-mjs7sbjlnsao3b"", ""https://down-id.img.susercontent.com/file/id-11134207-8224p-mj7vvf79wjk38c"", ""https://down-id.img.susercontent.com/file/id-11134207-8224t-mjs7sbjpww7695"", ""https://down-id.img.susercontent.com/file/id-11134207-82252-mjrupqktbdvr94""]","[""OFFICIAL_SHOP""]","[""id-11134258-7r98z-lykpu80ygbvs76""]",FSS_new+PromoXtraPlus,id-11134258-822ws-mnciva8io4qu2f,False,False,False,1769074293,100000,159000,100000,37,476043307925741,,,,,,10000.0,1000.0,4.9284601218302875,7059,"[8, 4, 47, 367, 6633]",[],GLAD2GLOW,3138611,100630,"[100630, 100662, 100881, 101628]",5108,Cushion,"[""Flawless Skintint15g"", ""Cover Cushion"", ""Glow Cusion"", ""Flawless Skintint30g"", ""2in1 Cushion"", ""Blurring Powder"", ""Loose Powder"", ""Top1 Club & Perks""]"
Shopee,,id,2026-07-02,809769142,glad2glow-indo,Glad2Glow Official Store,KAB. TANGERANG,20636165691,Glad2Glow Blueberry 5% Ceramide Moisturizer Repair Barrier Pulihkan skincare day cream Night Cream  repair cream  skincare Sensitive G2G glad2glow official store,https://shopee.co.id/product/809769142/20636165691,https://down-id.img.susercontent.com/file/id-11134207-822wh-mpspbthdmzv265,"[""https://down-id.img.susercontent.com/file/id-11134207-822wh-mpspbthdmzv265""]","[""OFFICIAL_SHOP""]","[""id-11134258-7r98z-lykpu80ygbvs76""]",FSS_new+PromoXtraPlus,id-11134258-822ws-mnciva8io4qu2f,False,False,False,1660884553,44900,99000,44900,55,476043307925741,,,,,,10000.0,1000.0,4.878143283350769,335521,"[608, 555, 3008, 30772, 300578]",[],GLAD2GLOW,3138611,100630,"[100630, 100664, 100893]",115980,Pulih krim,"[""[HOT]Buy5 Get1Free"", ""[EXTRA DISC 20%]5PCS"", ""[HOT]Flash Sale 1PC"", ""[HOT]BIG SIZE 100g"", ""Krim Pemulih 3PCS"", ""1PC-Flash Sale"", ""Set Pulih&Tenang-3PC"", ""BIG SIZE 100g-Dis"", ""[LIVE DEAL]5pcs"", ""Top1 Club & Perks""]"
Shopee,,id,2026-07-02,809769142,glad2glow-indo,Glad2Glow Official Store,KAB. TANGERANG,48059253956,[NEW LAUNCH! ]Glad2Glow Lip Balm GLOWY TINT LIP BALM Melembapkan & Menghaluskan - Tekstur Ringan Tidak Lengket - 24H Color Lock - G2G Glad2glow official store,https://shopee.co.id/product/809769142/48059253956,https://down-id.img.susercontent.com/file/id-11134207-81zto-mq2p56re603l34,"[""https://down-id.img.susercontent.com/file/id-11134207-81zto-mq2p56re603l34""]","[""OFFICIAL_SHOP""]","[""id-11134258-7r98z-lykpu80ygbvs76""]",FSS_new+PromoXtraPlus,id-11134258-822ws-mnciva8io4qu2f,False,False,False,1776766634,79000,179000,79000,56,476043307925741,,,,,,10000.0,1000.0,4.937843962447394,3089,"[2, 1, 22, 137, 2927]",[],GLAD2GLOW,3138611,100630,"[100630, 100664, 100900, 101673]",6855,LIP SERUM,"[""BestValue&All in Set"", ""All in set!"", ""02 Cherry Fizz"", ""03 Red Velvet Latte"", ""04 Rose Milk Tea"", ""Duo set 02*2pcs"", ""Duo set 02+03"", ""Duo set 02+04"", ""[Gift!]All in 6pcs"", ""[Gift!]all in&02*3"", ""All in 10pcs"", ""All in&care set!"", ""HOT Day&Night-6pcs"", ""Top1 Club & Perks""]"
Shopee,,id,2026-07-02,809769142,glad2glow-indo,Glad2Glow Official Store,KAB. TANGERANG,29131802740,Glad2Glow Pomegranate Niacinamide Brightening Clay Mask Masker Wajah Masker Pencerah Mud Mask Masker Niacinamide  Masker Merah Muda Pink Masker Komedo Masker Glad2Glow Clay Mask Masker G2G Clay Masker Gel Mask Sheetmask Skincare Bpom G2Glow Official Store,https://shopee.co.id/product/809769142/29131802740,https://down-id.img.susercontent.com/file/id-11134207-8224s-mh6zunrbuqdm07,"[""https://down-id.img.susercontent.com/file/id-11134207-8224s-mh6zunrbuqdm07"", ""https://down-id.img.susercontent.com/file/id-11134207-822wo-mp66vn66jzeo2b"", ""https://down-id.img.susercontent.com/file/id-11134207-822wt-motbej4i0lqkbd"", ""https://down-id.img.susercontent.com/file/id-11134207-7ra0g-mb63uu9ddny04f"", ""https://down-id.img.susercontent.com/file/id-11134207-7rbk5-m8cr9cvjplv1a9"", ""https://down-id.img.susercontent.com/file/id-11134207-7rbk6-m849757ld17i32"", ""https://down-id.img.susercontent.com/file/id-11134207-7rbk2-m849757lefryf9"", ""https://down-id.img.susercontent.com/file/id-11134207-822wg-moyul0v1wpvwf7"", ""https://down-id.img.susercontent.com/file/id-11134207-7rbk0-m849757lh8wucd""]","[""OFFICIAL_SHOP""]","[""id-11134258-7r98z-lykpu80ygbvs76""]",FSS_new+PromoXtraPlus,id-11134258-822ws-mnciva8io4qu2f,False,False,False,1743650897,30900,99000,30900,69,931791142240256,,,,,,10000.0,1000.0,4.882811109132989,22468,"[49, 32, 281, 1779, 20327]",[],GLAD2GLOW,3138611,100630,"[100630, 100664, 100898]",10166,Brightening,"[""1pcs Masker"", ""Glow+Pori Masker"", ""1PC-Pori Masker""]"
Shopee,,id,2026-07-02,809769142,glad2glow-indo,Glad2Glow Official Store,KAB. TANGERANG,41075294736,[Hot sale]Glad2Glow FLAWLESS BLURRING SKIN TINT 30G Concealer Foundation Bedak padat Make up Lightweight Coverage Long-lasting 12-Hour Soft-Focus Flawless Skin oil-control  Bio-Mimetic Film Technology  Care g2glow official store,https://shopee.co.id/product/809769142/41075294736,https://down-id.img.susercontent.com/file/id-11134207-81ztj-mq2pzxsqb4zm66,"[""https://down-id.img.susercontent.com/file/id-11134207-81ztj-mq2pzxsqb4zm66""]","[""OFFICIAL_SHOP""]","[""id-11134258-7r98z-lykpu80ygbvs76""]",FSS_new+PromoXtraPlus,id-11134258-822ws-mnciva8io4qu2f,False,False,False,1761032253,51900,159000,51900,67,476407239303767,,,,,,10000.0,1000.0,4.92240318414138,90205,"[86, 50, 559, 5387, 84123]",[],GLAD2GLOW,3138611,100630,"[100630, 100662, 100881, 101628]",58053,Cushion,"[""skin tint02-15g+30g"", ""skin tint03-15g+30g"", ""[Save more]02-2PCS"", ""[Save more]03-2PCS"", ""00 Affogato"", ""01 Buttercream"", ""[HOT]02 Praline"", ""[HOT]03 Custard"", ""04 Ginger"", ""05 Cinnamon"", ""02 Praline*4+1"", ""03 Custard*4+1"", ""Skintint+Spray-02"", ""Skintint+Spray-03"", ""02 Praline+01 lip"", ""03 Custard+01 lip"", ""Top1 Club & Perks""]"
Shopee,,id,2026-07-02,809769142,glad2glow-indo,Glad2Glow Official Store,KAB. TANGERANG,43631046033,[2IN1 Make Up Set] Glad2Glow High Cover & Glow Cushion / Skin Tint + Glowy Tint Lip Balm - 12H Flawless Matte Finish | Korean Glowing Look | No-Makeup Look-glad2glow official,https://shopee.co.id/product/809769142/43631046033,https://down-id.img.susercontent.com/file/id-11134207-822wj-mogphoo9fsox13,"[""https://down-id.img.susercontent.com/file/id-11134207-822wj-mogphoo9fsox13"", ""https://down-id.img.susercontent.com/file/id-11134207-822wu-mogphoo9h79d02"", ""https://down-id.img.susercontent.com/file/id-11134207-822wp-mogappoph0xt65"", ""https://down-id.img.susercontent.com/file/id-11134207-822wp-mogappopifi949"", ""https://down-id.img.susercontent.com/file/id-11134207-822wn-mogappopju2p99""]","[""OFFICIAL_SHOP""]","[""id-11134258-7r98z-lykpu80ygbvs76""]",FSS_new+PromoXtraPlus,id-11134258-822ws-mnciva8io4qu2f,False,False,False,1779263297,119039,299000,119039,60,920815772681216,,,,,,512.0,420.0,4.903409090909091,176,"[0, 0, 3, 11, 162]",[],GLAD2GLOW,3138611,100630,"[100630, 100665]",243,Make Up Set,"[""High Cover+02"", ""Glow Cushion+02"", ""Skin Tint+02"", ""High Cover+02+03+04"", ""Glow Cushion+02-04"", ""Skin Tint+02+03+04""]"
Shopee,,id,2026-07-02,809769142,glad2glow-indo,Glad2Glow Official Store,KAB. TANGERANG,28776573319,Glad2Glow Perfect Cover Cushion Oil-Control matte  Foundation Waterproof Sweatproof Finish Poreless Cushion Refill BB CC Cream Makeup refill g2glow official store,https://shopee.co.id/product/809769142/28776573319,https://down-id.img.susercontent.com/file/id-11134207-8224w-mj9r7betslc542,"[""https://down-id.img.susercontent.com/file/id-11134207-8224w-mj9r7betslc542"", ""https://down-id.img.susercontent.com/file/id-11134207-8224z-mkovrejqkv0ma4"", ""https://down-id.img.susercontent.com/file/id-11134207-7rbk3-m6drcayuhxg850"", ""https://down-id.img.susercontent.com/file/id-11134207-7rbk6-m6drcayunjq03e"", ""https://down-id.img.susercontent.com/file/id-11134207-7rbka-m6drcayuoyag05"", ""https://down-id.img.susercontent.com/file/id-11134207-7rbk0-m6drcayugivs9b"", ""https://down-id.img.susercontent.com/file/id-11134207-7rbkd-m6drcayukql4ea"", ""https://down-id.img.susercontent.com/file/id-11134207-7rbk1-m6drcayurrfc46""]","[""OFFICIAL_SHOP""]","[""id-11134258-7r98z-lykpu80ygbvs76""]",FSS_new+PromoXtraPlus,id-11134258-822ws-mnciva8io4qu2f,False,False,False,1739871912,78000,199000,78000,61,476043307925741,,,,,,10000.0,1000.0,4.892402113113735,25746,"[62, 50, 261, 1850, 23523]",[],GLAD2GLOW,3138611,100630,"[100630, 100662, 100881, 101628]",17321,Warna,"[""cushion+Refill 00"", ""cushion+Refill 01"", ""cushion+Refill 02"", ""cushion+Refill 03"", ""cushion+Refill 04"", ""cushion+Refill 05"", ""00 Affogato REFILL"", ""01Buttercream REFILL"", ""02 Praline REFILL"", ""03 Custard REFIL"", ""04 Ginger REFILL"", ""05 Cinnamon REFIL"", ""Top1 Club & Perks""]"
Shopee,,id,2026-07-02,809769142,glad2glow-indo,Glad2Glow Official Store,KAB. TANGERANG,52853506754,[NEW LAUNCH] Glad2Glow FLAWLESS Perfect Cushion+ Perfect Blurring Powder Foundation waterproof setting two way cake TWC Foundation Bedak padat Make up Lightweight Coverage Long-lasting 12-Hour Soft-Focus Flawless Skin oil-control g2glow official store,https://shopee.co.id/product/809769142/52853506754,https://down-id.img.susercontent.com/file/id-11134207-82252-mikzvrlwffgi24,"[""https://down-id.img.susercontent.com/file/id-11134207-82252-mikzvrlwffgi24"", ""https://down-id.img.susercontent.com/file/id-11134207-822wr-mpxle70gthxe53"", ""https://down-id.img.susercontent.com/file/id-11134207-822wn-mpx182wbah3h28"", ""https://down-id.img.susercontent.com/file/id-11134207-8224z-miay7f0sghdt05""]","[""OFFICIAL_SHOP""]","[""id-11134258-7r98z-lykpu80ygbvs76""]",PromoXtraPlusonly,id-11134258-822ws-mnciva8io4qu2f,False,False,False,1766479364,118000,223500,118000,47,476043307925741,,,,,,8000.0,1000.0,4.904109589041096,2920,"[10, 9, 15, 183, 2703]",[],GLAD2GLOW,3138611,100630,"[100630, 100665]",1672,combo,"[""Cushion + TWC"", ""Cushion + Power"", ""Cushion + Spray"", ""Skin + TWC"", ""Skin + Power"", ""Skin + Spray"", ""Top1 Club & Perks""]"
Shopee,,id,2026-07-02,809769142,glad2glow-indo,Glad2Glow Official Store,KAB. TANGERANG,54301642346,Glad2Glow 4 IN 1 Paket Makeup Flawless ： Flawless Blurring Skin TIint+Brightening Lip Serum 7g Mencerahkan Melembabkan 3in1 liptint+Perfect Blurring Powder Foundation waterproof setting two way cake+Brightening Micellar Water 230ml g2glow official store,https://shopee.co.id/product/809769142/54301642346,https://down-id.img.susercontent.com/file/id-11134207-81zti-mq49i20c3z0rf9,"[""https://down-id.img.susercontent.com/file/id-11134207-81zti-mq49i20c3z0rf9""]","[""OFFICIAL_SHOP""]","[""id-11134258-7r98z-lykpu80ygbvs76""]",PromoXtraPlusonly,id-11134258-822ws-mnciva8io4qu2f,False,False,False,1763463703,223000,325000,223000,31,476043307925741,,,,,,9000.0,853.0,4.905168210628961,4102,"[5, 3, 49, 262, 3783]",[],GLAD2GLOW,3138611,100630,"[100630, 100665]",5421,combo,"[""Brightening Set-01"", ""Brightening Set-02"", ""PDRN Set-01"", ""PDRN Set-02""]"
Shopee,,id,2026-07-02,809769142,glad2glow-indo,Glad2Glow Official Store,KAB. TANGERANG,40978051346,[JADI MEMBER! SETIAP SENIN DAPATKAN HARGA TERBAIK]Glad2Glow Cerah Glowing Bundle all in 1 7in1 Skincare Set-Brightening Moisturizer+Serum+Cleanser+toner+Peeling solution+Retinol+Niacinamide,https://shopee.co.id/product/809769142/40978051346,https://down-id.img.susercontent.com/file/id-11134207-822wr-modch01b8qo138,"[""https://down-id.img.susercontent.com/file/id-11134207-822wr-modch01b8qo138"", ""https://down-id.img.susercontent.com/file/id-11134207-822wk-mn9i0646ipky14"", ""https://down-id.img.susercontent.com/file/id-11134207-8224r-mj5j7b9v7g1x65"", ""https://down-id.img.susercontent.com/file/id-11134207-8224v-mji5mii06uiu04"", ""https://down-id.img.susercontent.com/file/id-11134207-822ws-mnzclqk6ygw66c"", ""https://down-id.img.susercontent.com/file/id-11134207-822wq-mnzclqk6x2bqc6"", ""https://down-id.img.susercontent.com/file/id-11134207-822wr-mnzclqk6zvgme6""]","[""OFFICIAL_SHOP""]","[""id-11134258-7r98z-lykpu80ygbvs76""]",PromoXtraPlusonly,id-11134258-822ws-mnciva8io4qu2f,False,False,False,1768471213,77900,77900,77900,,0,,,,,,4000.0,826.0,4.920076726342711,1564,"[4, 0, 6, 97, 1457]",[],GLAD2GLOW,3138611,100630,"[100630, 100665]",1090,7pcs,"[""Outing 9pcs"", ""Cerah 7PCS-retinol"", ""[HOT]Cerah7PCS"", ""[HOT]4PCS Glowing"", ""Acne Care 5in1"", ""2PCS Glowing"", ""Glow+Retinol""]"
Shopee,,id,2026-07-02,809769142,glad2glow-indo,Glad2Glow Official Store,KAB. TANGERANG,42123681277,Glad2Glow 2lN1 VELVET MAKEUP SET-LOOSE POWDER+CUSHION Coverage Tinggi Second Skin Flawless Semi Matte Transferproof Tahan Lama instan Blurring Minyak Extract Air Blurry Technology,https://shopee.co.id/product/809769142/42123681277,https://down-id.img.susercontent.com/file/id-11134207-8224u-mhiyk70uvx8hc5,"[""https://down-id.img.susercontent.com/file/id-11134207-8224u-mhiyk70uvx8hc5"", ""https://down-id.img.susercontent.com/file/id-11134207-822wm-motlh2pr7wnh71"", ""https://down-id.img.susercontent.com/file/id-11134207-81ztf-mfpc0lfua68e13"", ""https://down-id.img.susercontent.com/file/id-11134207-81ztg-mfpc0lfu8rnye7"", ""https://down-id.img.susercontent.com/file/id-11134207-81zto-mfpc0lfu7d3i39"", ""https://down-id.img.susercontent.com/file/id-11134207-81ztm-mfpc0lfu0c9a00"", ""https://down-id.img.susercontent.com/file/id-11134207-81ztp-mfpc0lfu1qtqc2"", ""https://down-id.img.susercontent.com/file/id-11134207-81ztk-mfpc0lfu4jym62""]","[""OFFICIAL_SHOP""]","[""id-11134258-7r98z-lykpu80ygbvs76""]",FSS_new+PromoXtraPlus,id-11134258-822ws-mnciva8io4qu2f,False,False,False,1760182249,155230,299000,155230,48,931791142240256,,,,,,10000.0,518.0,4.9221292775665395,6575,"[8, 4, 48, 372, 6143]",[],GLAD2GLOW,3138611,100630,"[100630, 100665]",4417,Cushion,"[""makeup 02+02"", ""makeup 02+01"", ""makeup 03+02"", ""makeup 03+03"", ""01+01"", ""cushion+loose powder"", ""Lip 01+Cushion 03+03"", ""Lip 01+Cushion 02+02"", ""Lip 01+Cushion 01+01"", ""Lip 03+Cushion 02+02"", ""Lip 03+Cushion 03+03"", ""Lip 03+Cushion 01+01"", ""[LIVE DEAL]-02+02"", ""[LIVE DEAL]-03+03""]"
Shopee,,id,2026-07-02,809769142,glad2glow-indo,Glad2Glow Official Store,KAB. TANGERANG,44164974080,Glad2Glow Blueberry Moisturizer 100g 5% Ceramide Menjaga Skin Barrier  Mencerahkan wajah Menjaga kelembapan kulit Penyerapan cepat Pelembab wajah  perawatan kulit Perawatan g2glow official store,https://shopee.co.id/product/809769142/44164974080,https://down-id.img.susercontent.com/file/id-11134207-8224w-mg7g9r4xf3f173,"[""https://down-id.img.susercontent.com/file/id-11134207-8224w-mg7g9r4xf3f173"", ""https://down-id.img.susercontent.com/file/id-11134207-822wt-mo0yyir76kg5d9"", ""https://down-id.img.susercontent.com/file/id-11134207-7ra0i-mde0k6yxe87s0d"", ""https://down-id.img.susercontent.com/file/id-11134207-7ra0t-mde0k6yxfms8b7"", ""https://down-id.img.susercontent.com/file/id-11134207-7ra0r-mde0k6yxl920a3"", ""https://down-id.img.susercontent.com/file/id-11134207-7ra0t-mde0k6yxmnmgeb""]","[""OFFICIAL_SHOP""]","[""id-11134258-7r98z-lykpu80ygbvs76""]",FSS_new+PromoXtraPlus,id-11134258-822ws-mnciva8io4qu2f,False,False,False,1756104909,100000,199000,100000,50,476043307925741,,,,,,10000.0,1000.0,4.935334117954754,15294,"[24, 8, 77, 715, 14470]",[],GLAD2GLOW,3138611,100630,"[100630, 100664, 100893]",4387,BIG SIZE 100g,"[""[EXTRA DISC 20%]3PCS"", ""BIG SIZE 100g-1PC"", ""BIG SIZE 100g-Dis"", ""BIG SIZE 100g-2PCS"", ""Set Pulih&Tenang2PCS"", ""Pulih&Cerah 100g 2PC"", ""Set Pulih&Halus 2PCS"", ""Set Pulih&Tenang-3PC"", ""Pulih&Anti-Aging2PCS"", ""[LIVE DEAL]1pc""]"
Shopee,,id,2026-07-02,809769142,glad2glow-indo,Glad2Glow Official Store,KAB. TANGERANG,50253502913,[NEW LAUNCH] Glad2Glow 2in1 Perfect Pair Cushion Powder Foundation + BRIGHTENING LIP SERUM 7g Mencerahkan Melembabkan 3in1 liptint Foundation Bedak padat Make up Lightweight Coverage Long-lasting 12-Hour Soft-Focus Flawless Skin oil-control g2glow,https://shopee.co.id/product/809769142/50253502913,https://down-id.img.susercontent.com/file/id-11134207-822wh-motku11mcmq6fa,"[""https://down-id.img.susercontent.com/file/id-11134207-822wh-motku11mcmq6fa""]","[""OFFICIAL_SHOP""]","[""id-11134258-7r98z-lykpu80ygbvs76""]",FSS_new+PromoXtraPlus,id-11134258-822ws-mnciva8io4qu2f,False,False,False,1766482885,201780,299000,201780,33,931791142240256,,,,,,1000.0,29.0,4.912195121951219,615,"[1, 0, 4, 42, 568]","[""Add-on Deal""]",GLAD2GLOW,3138611,100630,"[100630, 100665]",486,combo,"[""Cushion-02 + Lip-01"", ""Cushion-02 + Lip-03"", ""Cushion-03 + Lip-01"", ""Cushion-03 + Lip-03""]"
Shopee,,id,2026-07-02,809769142,glad2glow-indo,Glad2Glow Official Store,KAB. TANGERANG,49007392678,"[Link Khusus-New Shades]Glad2Glow×GGBaby Special Edition BRIGHTENING LIP SERUM 7g  Mencerahkan, Melembabkan Bibir dengan  Lip tint&Lip care",https://shopee.co.id/product/809769142/49007392678,https://down-id.img.susercontent.com/file/id-11134207-822wk-mm0764vpov0g4e,"[""https://down-id.img.susercontent.com/file/id-11134207-822wk-mm0764vpov0g4e"", ""https://down-id.img.susercontent.com/file/sg-11134201-824hs-mpkcq381ubr444"", ""https://down-id.img.susercontent.com/file/id-11134207-822wg-mmio60v3vymn78"", ""https://down-id.img.susercontent.com/file/id-11134207-822wn-mm18u3jc0u0wc7"", ""https://down-id.img.susercontent.com/file/id-11134207-822ws-mm18u3jm1tz459"", ""https://down-id.img.susercontent.com/file/id-11134207-822wq-mm18u3je0gzmeb"", ""https://down-id.img.susercontent.com/file/id-11134207-822wk-mm18u3jdtg5k49"", ""https://down-id.img.susercontent.com/file/id-11134207-822wm-mm0764vpm1vk51""]","[""OFFICIAL_SHOP""]","[""id-11134258-7r98z-lykpu80ygbvs76""]",FSS_new+PromoXtraPlus,id-11134258-822ws-mnciva8io4qu2f,False,False,False,1773831595,58900,109000,58900,46,476043307925741,,,,,,666.0,26.0,4.934523809523809,168,"[0, 1, 0, 8, 159]",[],GLAD2GLOW,3138611,100630,"[100630, 100664, 100900, 101673]",297,LIP SERUM,"[""[NEW]-Pumpkin Frost"", ""[NEW]-Grape Jelly"", ""New set-05+06+07"", ""Pumpkin Frost-2PCS"", ""Grape Jelly-2PCS"", ""Pumpkin Frost-4PCS"", ""Grape Jelly-4PCS""]"
Shopee,,id,2026-07-02,809769142,glad2glow-indo,Glad2Glow Official Store,KAB. TANGERANG,26341558563,Glad2Glow Acne Jerawat Bundle 4pcs paket Centella madeca cream-Moisturizer+Serum+Cleanser+Toner Skincare Centella Masker Menghilangkan Menenangkan kemerahan pada kulit Atur Minyak BerlebihMerawat Kulit g2glow official store acnaway,https://shopee.co.id/product/809769142/26341558563,https://down-id.img.susercontent.com/file/id-11134207-8224v-mjtr76myk9oie6,"[""https://down-id.img.susercontent.com/file/id-11134207-8224v-mjtr76myk9oie6"", ""https://down-id.img.susercontent.com/file/id-11134207-822wp-mp684vfns2rv5e"", ""https://down-id.img.susercontent.com/file/id-11134207-82252-mgly0z9z4b2l78"", ""https://down-id.img.susercontent.com/file/id-11134207-81ztd-mep56s47jeo63b"", ""https://down-id.img.susercontent.com/file/id-11134207-81ztl-mep56s47nmdi77"", ""https://down-id.img.susercontent.com/file/id-11134207-81ztf-mep56s47m7t2e3"", ""https://down-id.img.susercontent.com/file/id-11134207-81ztm-mep56s47p0xyc2"", ""https://down-id.img.susercontent.com/file/id-11134207-81zte-mep56s47qfiefa""]","[""OFFICIAL_SHOP""]","[""id-11134258-7r98z-lykpu80ygbvs76""]",PromoXtraPlusonly,id-11134258-822ws-mnciva8io4qu2f,False,False,False,1757991016,77400,199000,77400,61,476043307925741,,,,,,10000.0,1000.0,4.9023053361276805,6203,"[13, 4, 41, 460, 5685]",[],GLAD2GLOW,3138611,100630,"[100630, 100665]",2140,Set Acne Care,"[""Deep Clean Acne 5pcs"", ""Anti Jerawat 5pcs"", ""Peeling Acne 5pcs"", ""Peeling Acne Care"", ""Deep Clean Acne Set"", ""Anti Jerawat 150ML"", ""Anti Jerawat 5in1"", ""Anti Jerawat 4in1"", ""Anti Jerawat 2in1"", ""[LIVE DEAL]Acne 5in1"", ""[LIVE DEAL]Acne 4in1""]"
Shopee,,id,2026-07-02,809769142,glad2glow-indo,Glad2Glow Official Store,KAB. TANGERANG,43226040976,[NEW LAUNCH]Glad2Glow Natural Glowing Set Bundle 4in1-Brightening Moisturizer+Cleanser+lip serum+skin tint 10%Niacinamide skincare paket pembersih perawatan kulit mencerahkan warna kulit pelembab wajah all in 1g2glow official store,https://shopee.co.id/product/809769142/43226040976,https://down-id.img.susercontent.com/file/id-11134207-8224o-mgiut4nu6xamf6,"[""https://down-id.img.susercontent.com/file/id-11134207-8224o-mgiut4nu6xamf6""]","[""OFFICIAL_SHOP""]","[""id-11134258-7r98z-lykpu80ygbvs76""]",PromoXtraPlusonly,id-11134258-822ws-mnciva8io4qu2f,False,False,False,1761968364,100000,149000,100000,33,476043307925741,,,,,,1000.0,18.0,4.88086642599278,831,"[0, 2, 16, 61, 752]","[""Add-on Deal""]",GLAD2GLOW,3138611,100630,"[100630, 100665]",783,Set,"[""01-Strawberry 4PCS"", ""01-Strawberry 2PCS"", ""01-Strawberry 2PCS-1"", ""01-Strawberry 4PCS-2""]"
Shopee,,id,2026-07-02,809769142,glad2glow-indo,Glad2Glow Official Store,KAB. TANGERANG,50802739806,"[Buy3 Disc 34%]Glad2Glow Niacinamide Serum Facial Wash Instant Glow 100g, Pencuci Wajah Brightening,Mencerahkan Pembersih Pori,Ceramide Ectoin Sakura,Untuk Kulit Kusam Berminyak Kulit Sensitif,Melembabkan,pembersih wajah,sabun cuci muka",https://shopee.co.id/product/809769142/50802739806,https://down-id.img.susercontent.com/file/id-11134207-81ztk-mq48fv18ufwr7d,"[""https://down-id.img.susercontent.com/file/id-11134207-81ztk-mq48fv18ufwr7d""]","[""OFFICIAL_SHOP""]","[""id-11134258-7r98z-lykpu80ygbvs76""]",FSS_new+PromoXtraPlus,id-11134258-822ws-mnciva8io4qu2f,False,False,False,1765162441,45900,99000,45900,54,470649164558504,,,,,,10000.0,1000.0,4.91715205083296,49102,"[66, 28, 342, 3036, 45630]","[""Any 2 at Rp90.400""]",GLAD2GLOW,3138611,100630,"[100630, 100664, 100891]",13273,Cleanser,"[""[100g]-1pc"", ""Top1 Club & Perks""]"
Shopee,,id,2026-07-02,809769142,glad2glow-indo,Glad2Glow Official Store,KAB. TANGERANG,42358562447,[100g NEW SIZE]Glad2Glow Advanced Mugwort Acne Gel Mask 50/100g Masker Komedo dan Pori Pori Wajah Mask,https://shopee.co.id/product/809769142/42358562447,https://down-id.img.susercontent.com/file/id-11134207-822wn-mpx07onz2tc27a,"[""https://down-id.img.susercontent.com/file/id-11134207-822wn-mpx07onz2tc27a""]","[""OFFICIAL_SHOP""]","[""id-11134258-7r98z-lykpu80ygbvs76""]",PromoXtraPlusonly,id-11134258-822ws-mnciva8io4qu2f,False,False,False,1752566406,38900,90000,38900,57,476043307925741,,,,,,10000.0,1000.0,4.9047611293841795,61417,"[85, 44, 530, 4317, 56441]",[],GLAD2GLOW,3138611,100630,"[100630, 100664, 100898]",22049,Clay Stick,"[""Buy 2 Get 1free"", ""[NEW SIZE]-100g-1pc"", ""100g-3pc"", ""[save 36k]Buy6 Get 7"", ""1PC"", ""[60% OFF]3PCS-Mask"", ""[70% OFF]5PCS-Mask"", ""Mask+Tone up Cream"", ""Mask+Peeling 2IN1"", ""[EXTRA 25% OFF]-6pcs"", ""50g-2pcs"", ""Top1 Club & Perks""]"
Shopee,,id,2026-07-02,809769142,glad2glow-indo,Glad2Glow Official Store,KAB. TANGERANG,27455737082,"[BUY 100ml Save 30%]Glad2Glow Centella Salicylic Acid Acne Gel Cleanser facial wash pembersih wajah sabun cuci muka face wash skincare,Menenangkan kulit berjerawat dan kemerahan,mengontrol minyak berlebih,G2G glad2glow officia store",https://shopee.co.id/product/809769142/27455737082,https://down-id.img.susercontent.com/file/id-11134207-822wj-mpx07onyylmq98,"[""https://down-id.img.susercontent.com/file/id-11134207-822wj-mpx07onyylmq98""]","[""OFFICIAL_SHOP""]","[""id-11134258-7r98z-lykpu80ygbvs76""]",PromoXtraPlusonly,id-11134258-822ws-mnciva8io4qu2f,False,False,False,1721383726,37000,129000,37000,71,280767477596160,,,,,,10000.0,1000.0,4.870735167953541,121228,"[327, 262, 1411, 10754, 108474]",[],GLAD2GLOW,3138611,100630,"[100630, 100664, 100891]",18208,Anti-Jerawat,"[""[HOT SALE]Buy6 Get7"", ""[100ml]-ACNE 1pc"", ""[SAVE 30%]100ml-3pc"", ""[SAVE 30%]100ml-5pc"", ""[EXTRA 25% OFF]-6pcs"", ""Set Acne Care 2PCS"", ""Top1 Club & Perks""]"
Shopee,,id,2026-07-02,809769142,glad2glow-indo,Glad2Glow Official Store,KAB. TANGERANG,55062234188,[2pcs Paket Foundation] Glad2Glow Perfect Cover Glow Cushion | Perfect Cover Cushion  | FlawLess Blurring Skin Tint | 2in1 Perfect Pair Cushion Powder |  Perfect Blurring Powder | Foundation,https://shopee.co.id/product/809769142/55062234188,https://down-id.img.susercontent.com/file/id-11134207-822wp-mpx0d7b9q6f58d,"[""https://down-id.img.susercontent.com/file/id-11134207-822wp-mpx0d7b9q6f58d"", ""https://down-id.img.susercontent.com/file/id-11134207-822wj-mpx0d7b9orup4e"", ""https://down-id.img.susercontent.com/file/id-11134207-822wo-mphkg88y8glo41"", ""https://down-id.img.susercontent.com/file/id-11134207-822ws-mphkg88ycob0cf"", ""https://down-id.img.susercontent.com/file/id-11134207-822wo-mphkg88ye2vg7b"", ""https://down-id.img.susercontent.com/file/id-11134207-822wp-mphkg88y9v6418"", ""https://down-id.img.susercontent.com/file/id-11134207-822wr-mphkg88yb9qk99"", ""https://down-id.img.susercontent.com/file/id-11134207-822wr-mpug4berk6bx92""]","[""OFFICIAL_SHOP""]","[""id-11134258-7r98z-lykpu80ygbvs76""]",FSS_new+PromoXtraPlus,id-11134258-822ws-mnciva8io4qu2f,False,False,False,1781504572,75500,199000,75500,62,476043307925741,,,,,,123.0,120.0,4.894736842105263,19,"[0, 0, 1, 0, 18]","[""Produk Baru""]",GLAD2GLOW,3138611,100630,"[100630, 100662, 100881, 101628]",44,Cushion,"[""Skintint15g-2pc"", ""Cover Cushion-2pc"", ""Glow Cusion-2pc"", ""Skintint15g-3pc"", ""Cover Cushion-3pc"", ""Glow Cusion-3pc"", ""BUY5GET1"", ""[96K OFF]BUY8GET1"", ""Top1 Club & Perks""]"
Shopee,,id,2026-07-02,809769142,glad2glow-indo,Glad2Glow Official Store,KAB. TANGERANG,43360906112,Glad2Glow Perfect Blur&Cover Loose Powder oil control Finishing Kontrol Minyak Tahan Lama Anti Luntur Halus Sempurna & Cover Tinggi bedak padat bedak tabur two way cake cushion foundation setting spray make up g2g glad2glow official store,https://shopee.co.id/product/809769142/43360906112,https://down-id.img.susercontent.com/file/id-11134207-81ztd-mq2pzxsq445e74,"[""https://down-id.img.susercontent.com/file/id-11134207-81ztd-mq2pzxsq445e74""]","[""OFFICIAL_SHOP""]","[""id-11134258-7r98z-lykpu80ygbvs76""]",PromoXtraPlusonly,id-11134258-822ws-mnciva8io4qu2f,False,False,False,1753871015,59000,180000,59000,67,476043307925741,,,,,,10000.0,1000.0,4.916279069767442,26660,"[41, 26, 200, 1590, 24803]",[],GLAD2GLOW,3138611,100630,"[100630, 100662, 100881, 101630]",22848,Colour code,"[""BUY 4 GET 1-01"", ""BUY 4 GET 1-02"", ""BUY 2 GET 1-02"", ""BUY 2 GET 1-01"", ""00 Milkshake"", ""01 Marshmallow- HOT!"", ""02 Cupcake - HOT!"", ""03 Honey"", ""02 Powder+02 Cushion"", ""03 Powder+03 Cushion"", ""[LIVE DEAL]-01"", ""[LIVE DEAL]-02"", ""01 Marshmallow-2pcs"", ""02 Cupcake-2pcs""]"
Shopee,,id,2026-07-02,809769142,glad2glow-indo,Glad2Glow Official Store,KAB. TANGERANG,44328247175,[JADI MEMBER! SETIAP SENIN DAPATKAN HARGA TERBAIK]Glad2Glow Cerah Glowing Bundle 4in1 Brightening,https://shopee.co.id/product/809769142/44328247175,https://down-id.img.susercontent.com/file/id-11134207-822wl-mn5p3rtcsr2807,"[""https://down-id.img.susercontent.com/file/id-11134207-822wl-mn5p3rtcsr2807"", ""https://down-id.img.susercontent.com/file/id-11134207-822wj-mn5p3rtcu5moc7"", ""https://down-id.img.susercontent.com/file/id-11134207-8224t-mjt7sn57474645""]","[""OFFICIAL_SHOP""]","[""id-11134258-7r98z-lykpu80ygbvs76""]",FSS_new+PromoXtraPlus,id-11134258-822ws-mnciva8io4qu2f,False,False,False,1769133054,146500,146500,146500,,0,,,,,,5000.0,256.0,4.9200595829195635,2014,"[3, 0, 21, 107, 1883]","[""Add-on Deal""]",GLAD2GLOW,3138611,100630,"[100630, 100665]",991,Set,"[""[HOT]4PCS Glowing""]"
Shopee,,id,2026-07-02,809769142,glad2glow-indo,Glad2Glow Official Store,KAB. TANGERANG,52351401583,[NEW! FREE EXCLUSIVE CHARM] Glad2Glow Perfect Cover Glow Cushion Charm- High Coverage&Glowing Tahan 12 Jam g2g Official Store,https://shopee.co.id/product/809769142/52351401583,https://down-id.img.susercontent.com/file/id-11134207-81ztc-mq2pzxsqdy4hce,"[""https://down-id.img.susercontent.com/file/id-11134207-81ztc-mq2pzxsqdy4hce""]","[""OFFICIAL_SHOP""]","[""id-11134258-7r98z-lykpu80ygbvs76""]",PromoXtraPlusonly,id-11134258-822ws-mnciva8io4qu2f,False,False,False,1763108864,61000,199000,61000,69,476043307925741,,,,,,10000.0,1000.0,4.896910205434062,48290,"[164, 93, 490, 3063, 44480]",[],GLAD2GLOW,3138611,100630,"[100630, 100662, 100881, 101628]",36135,Cushion,"[""BUY 2 GET 1-02"", ""BUY 2 GET 1-03"", ""[Free charm] - 00"", ""[Free charm] - 01"", ""[Free charm] - 02"", ""[Free charm] - 03"", ""[Free charm] - 04"", ""[Free charm] - 05"", ""2PCS-02-Praline"", ""2PCS-03-Custard"", ""00 Affogato"", ""01 Buttercream-HOT"", ""02 Praline-hot sale"", ""03 Custard-hot sale"", ""04 Ginger"", ""05 Cinnamon"", ""3pcs-Glow Set-02"", ""3pcs-Glow Set-03"", ""Base makeup 02"", ""Base makeup 03"", ""Disc 20%-Charm Set02"", ""Disc 20%-Charm Set03"", ""00 Affogato REFILL"", ""01Buttercream REFILL"", ""02 Praline REFILL"", ""03 Custard REFIL"", ""04 Ginger REFILL"", ""05 Cinnamon REFIL"", ""Disc 20%-01"", ""Disc 20%-02-Praline"", ""Disc 20%-03Custard"", ""[LIVE DEAL]-03"", ""[LIVE DEAL]-02"", ""out of stock2"", ""out of stock1"", ""Top1 Club & Perks""]"
Shopee,,id,2026-07-02,809769142,glad2glow-indo,Glad2Glow Official Store,KAB. TANGERANG,29870133400,[2PCS SAVE MORE]GLAD2GLOW Tremella Panthenol Sensitive Care Micellar Water-300ml  Membersihkan makeup waterproof dan kotoran Menenangkan dan menghidrasi kulit Tidak terasa lengket setelah membersihkan g2glow official store,https://shopee.co.id/product/809769142/29870133400,https://down-id.img.susercontent.com/file/id-11134207-8224p-miplfpimmxaf90,"[""https://down-id.img.susercontent.com/file/id-11134207-8224p-miplfpimmxaf90"", ""https://down-id.img.susercontent.com/file/id-11134207-8224o-mjz1r2qtmubmb7"", ""https://down-id.img.susercontent.com/file/id-11134207-7rasg-m3kbjtjv2jfy2c"", ""https://down-id.img.susercontent.com/file/id-11134207-7ras8-m3kbjtjv3y0e54"", ""https://down-id.img.susercontent.com/file/id-11134207-7rasa-m3kbjtjv5cku11"", ""https://down-id.img.susercontent.com/file/id-11134207-7rash-m3kbjtjv85pq74"", ""https://down-id.img.susercontent.com/file/id-11134207-7rasa-m3kbjtjv6r5aba""]","[""OFFICIAL_SHOP""]","[""id-11134258-7r98z-lykpu80ygbvs76""]",FSS_new+PromoXtraPlus,id-11134258-822ws-mnciva8io4qu2f,False,False,False,1733726666,39000,109000,39000,64,476043307925741,,,,,,10000.0,1000.0,4.915180055401662,18051,"[30, 32, 108, 1099, 16782]",[],GLAD2GLOW,3138611,100630,"[100630, 100662, 100884]",7039,Micellar Water,"[""[50%OFF]2PCS-Calm"", ""Calm&Cleanser 2PCS"", ""1PC-Calm"", ""3PCS-Calm""]"
Shopee,,id,2026-07-02,809769142,glad2glow-indo,Glad2Glow Official Store,KAB. TANGERANG,57903895781,[Buy4 Disc40%]GLAD2GLOW 7% GLYCOLIC ACID ESSENCE TONER 3-in-1 Eksfoliasi toner badan toner wajah skin hydrating brightening Mencerahkan dan meratakan warna kulit g2glow official store,https://shopee.co.id/product/809769142/57903895781,https://down-id.img.susercontent.com/file/id-11134207-81zti-mq48fv16tedo68,"[""https://down-id.img.susercontent.com/file/id-11134207-81zti-mq48fv16tedo68""]","[""OFFICIAL_SHOP""]","[""id-11134258-7r98z-lykpu80ygbvs76""]",PromoXtraPlusonly,id-11134258-822ws-mnciva8io4qu2f,False,False,False,1766996592,37000,99000,37000,63,470649164558504,,,,,,10000.0,1000.0,4.933669609079445,3965,"[3, 1, 24, 200, 3737]","[""Any 2 at Rp71.000""]",GLAD2GLOW,3138611,100630,"[100630, 100664, 100892]",5017,Vita C Toner,"[""1 PC"", ""Top1 Club & Perks""]"
Shopee,,id,2026-07-02,809769142,glad2glow-indo,Glad2Glow Official Store,KAB. TANGERANG,56253578980,[NEW LAUNCH] Glad2Glow FLAWLESS Perfect Foundation+ BRIGHTENING LIP SERUM 7g Mencerahkan Melembabkan 3in1 liptint Foundation Bedak padat Make up Lightweight Coverage Long-lasting 12-Hour Soft-Focus Flawless Skin oil-control g2glow official store,https://shopee.co.id/product/809769142/56253578980,https://down-id.img.susercontent.com/file/id-11134207-8224r-milair4l1ibl7c,"[""https://down-id.img.susercontent.com/file/id-11134207-8224r-milair4l1ibl7c""]","[""OFFICIAL_SHOP""]","[""id-11134258-7r98z-lykpu80ygbvs76""]",FSS_new+PromoXtraPlus,id-11134258-822ws-mnciva8io4qu2f,False,False,False,1766574701,109400,299000,109400,63,476043307925741,,,,,,1000.0,76.0,4.913232104121475,461,"[0, 0, 5, 30, 426]","[""Add-on Deal""]",GLAD2GLOW,3138611,100630,"[100630, 100665]",423,combo,"[""Cushion 02 + Lip 01"", ""Cushion 03 + Lip 01"", ""Cushion 02 + Lip 03"", ""Cushion 03 + Lip 03"", ""Skintint 02 + Lip 01"", ""Skintint 03 + Lip 01"", ""Skintint 02 + Lip 03"", ""Skintint 03 + Lip 03"", ""2 IN 1- 02 + Lip 01"", ""2 IN 1- 02 + Lip 03"", ""2 IN 1- 03 + Lip 01"", ""2 IN 1- 03 + Lip 03"", ""GLOW 02 + Lip 01"", ""GLOW 02 + Lip 03"", ""GLOW 03 + Lip 01"", ""GLOW 03 + Lip 03""]"
Shopee,,id,2026-07-02,809769142,glad2glow-indo,Glad2Glow Official Store,KAB. TANGERANG,57861978788,"Glad2Glow Niacinamide Serum Facial Wash Instant Glow 70g, Pencuci Wajah Brightening,Mencerahkan Pembersih Pori,Ceramide Ectoin Sakura,Untuk Kulit Kusam Berminyak Kulit Sensitif,Melembabkan,pembersih wajah,sabun cuci muka",https://shopee.co.id/product/809769142/57861978788,https://down-id.img.susercontent.com/file/id-11134207-822wn-mp8sw0si11j486,"[""https://down-id.img.susercontent.com/file/id-11134207-822wn-mp8sw0si11j486""]","[""OFFICIAL_SHOP""]","[""id-11134258-7r98z-lykpu80ygbvs76""]",FSS_new+PromoXtraPlus,id-11134258-822ws-mnciva8io4qu2f,False,False,False,1781083325,37900,129000,37900,71,932516454842368,,,,,,1000.0,1000.0,4.923694779116466,498,"[0, 0, 2, 34, 462]","[""Produk Baru""]",GLAD2GLOW,3138611,100630,"[100630, 100664, 100891]",202,Cleanser,"[""[HOT!]-5pcs"", ""[70g]--1PC"", ""[70g]--3pcs"", ""Glowing-3pcs""]"
Shopee,,id,2026-07-02,809769142,glad2glow-indo,Glad2Glow Official Store,KAB. TANGERANG,48463111664,[NEW SIZE] Glad2Glow Cherry Blossom Micellar Water 700ml  Kapasitas besar Lembut cleansing oil Penghapus Makeup Waterproof Hapus Riasan Tahan Air dengan Centella & Tanpa Iritasi untuk Kulit Sensitif & Berjerawat g2glow official store,https://shopee.co.id/product/809769142/48463111664,https://down-id.img.susercontent.com/file/id-11134207-81zte-mq2v2wcqrc3l98,"[""https://down-id.img.susercontent.com/file/id-11134207-81zte-mq2v2wcqrc3l98"", ""https://down-id.img.susercontent.com/file/id-11134207-81ztk-mq2zm2j573swe9"", ""https://down-id.img.susercontent.com/file/id-11134207-81ztm-mq2vchtjohzi74"", ""https://down-id.img.susercontent.com/file/id-11134207-81zth-mq2vchtleayodd"", ""https://down-id.img.susercontent.com/file/id-11134207-81zth-mq2zm2j58idcf9"", ""https://down-id.img.susercontent.com/file/id-11134207-81zth-mq2v2wcgnj0h41"", ""https://down-id.img.susercontent.com/file/id-11134207-81ztf-mq2v2wcqsqo121"", ""https://down-id.img.susercontent.com/file/id-11134207-81ztq-mq2vchtccf7z1f"", ""https://down-id.img.susercontent.com/file/id-11134207-81ztk-mq2v2wcqpxj545""]","[""OFFICIAL_SHOP""]","[""id-11134258-7r98z-lykpu80ygbvs76""]",FSS_new+PromoXtraPlus,id-11134258-822ws-mnciva8io4qu2f,False,False,False,1782793183,99000,149000,99000,34,476043307925741,,,,,,1.0,,0.0,0,"[0, 0, 0, 0, 0]","[""Produk Baru""]",GLAD2GLOW,3138611,100630,"[100630, 100662, 100884]",3,Makeup Remover,"[""[Cherry]1PC"", ""[Brightening]1PC"", ""[Jumbo Size]1PC"", ""[Jumbo Size]1PC-02""]"
Shopee,,id,2026-07-02,809769142,glad2glow-indo,Glad2Glow Official Store,KAB. TANGERANG,41901683742,GLAD2GLOW Acne Drying Lotion Mengeringkan Jerawat Dengan BHA & Bahan Alami Spot Jerawat Niacinamide,https://shopee.co.id/product/809769142/41901683742,https://down-id.img.susercontent.com/file/id-11134207-822wo-moyv1u5tlogc9a,"[""https://down-id.img.susercontent.com/file/id-11134207-822wo-moyv1u5tlogc9a""]","[""OFFICIAL_SHOP""]","[""id-11134258-7r98z-lykpu80ygbvs76""]",PromoXtraPlusonly,id-11134258-822ws-mnciva8io4qu2f,False,False,False,1747824885,68900,172500,68900,60,476043307925741,,,,,,10000.0,1000.0,4.907026860617256,12993,"[20, 13, 116, 857, 11987]",[],GLAD2GLOW,3138611,100630,"[100630, 100664, 100904]",9551,Acne Lotion,"[""1PC"", ""[ BUY 1 FREE 1 ]2PCS"", ""Lotion+Mask-2IN1"", ""[ HEMAT 50K ]3PCS""]"
Shopee,,id,2026-07-02,809769142,glad2glow-indo,Glad2Glow Official Store,KAB. TANGERANG,21829166888,Glad2Glow Serum Series-Peeling| Exfoliating | Mencerahkan Wajah | Retinol |Niacinamide| Dark Spot | Acne | Jerawat Glowing Brightening Glow G2G,https://shopee.co.id/product/809769142/21829166888,https://down-id.img.susercontent.com/file/id-11134207-822wh-moyqb994ka3275,"[""https://down-id.img.susercontent.com/file/id-11134207-822wh-moyqb994ka3275"", ""https://down-id.img.susercontent.com/file/id-11134207-822wg-mpx182w57ci6f7"", ""https://down-id.img.susercontent.com/file/id-11134207-7ra0g-md2xvtke6shkc5"", ""https://down-id.img.susercontent.com/file/id-11134207-7rbk7-maxkoov6urfv35"", ""https://down-id.img.susercontent.com/file/id-11134207-822ws-mnb493jtfnyg78"", ""https://down-id.img.susercontent.com/file/id-11134207-7ra0o-mbp7hww5wh5293"", ""https://down-id.img.susercontent.com/file/id-11134207-7ra0g-mbqlaa9mefjwab"", ""https://down-id.img.susercontent.com/file/id-11134207-7ra0s-mbp7hwvvhfie0f""]","[""OFFICIAL_SHOP""]","[""id-11134258-7r98z-lykpu80ygbvs76""]",PromoXtraPlusonly,id-11134258-822ws-mnciva8io4qu2f,False,False,False,1659091261,39900,109000,39900,63,476043307925741,,,,,,10000.0,1000.0,4.89141968461795,257847,"[551, 413, 2049, 20456, 234378]",[],GLAD2GLOW,3138611,100630,"[100630, 100664, 100896]",82138,Serum,"[""PDRN"", ""Smooth Skin"", ""Glowing"", ""Anti-wrinkle"", ""Acne"", ""Antioksidan"", ""Dark Spot"", ""Glowing-DISC"", ""Smooth Skin-2PCS"", ""Glowing-2PCS"", ""2pcs Glowing Set"", ""2pcs Glass Skin Set"", ""2pcs Skin Renew Set"", ""3pcs Ultimate Glow"", ""[live] glow 1pc"", ""[live] retinol 1pc"", ""[live] peeling 1pc"", ""Top1 Club & Perks""]"
Shopee,,id,2026-07-02,809769142,glad2glow-indo,Glad2Glow Official Store,KAB. TANGERANG,23668056941,Glad2Glow Centella Water Gel Moisturizer Madeca Cream Cica Pelembab Wajah 30/55g Pengontrol Minyak Pelembab Menyembuhkan Jerawat  Krim Anti Jerawat Memperbaiki Penghalang Kulit Kelembapan Kulit g2glow official store,https://shopee.co.id/product/809769142/23668056941,https://down-id.img.susercontent.com/file/id-11134207-822wp-mpwzcifgzg1uf7,"[""https://down-id.img.susercontent.com/file/id-11134207-822wp-mpwzcifgzg1uf7""]","[""OFFICIAL_SHOP""]","[""id-11134258-7r98z-lykpu80ygbvs76""]",PromoXtraPlusonly,id-11134258-822ws-mnciva8io4qu2f,False,False,False,1684240172,58900,129000,58900,54,476043307925741,,,,,,10000.0,1000.0,4.860069906116601,271509,"[639, 625, 2902, 27757, 239586]",[],GLAD2GLOW,3138611,100630,"[100630, 100664, 100893]",88739,Set,"[""[HOT]Buy5 Get1Free"", ""[EXTRA DISC20%]55g*5"", ""30g"", ""55g-1PC"", ""[60% off]55g-2pcs"", ""[HEMAT 40%]55g-3pcs"", ""Acne Set"", ""[HEMAT 50%] 30g-3pcs"", ""55g-discount"", ""30g-discount""]"
Shopee,,id,2026-07-02,809769142,glad2glow-indo,Glad2Glow Official Store,KAB. TANGERANG,27938088991,Glad2Glow Centella Salicylic Acid Exfoliating Acne Toner Pads Gentle Eksfoliasi Kulit Jerawat Kulit Sensitif Centella Pads Lactic Acid Malic AHA BHA Peeling Serum Acne Spot Serum Cica Acne Clear Pad Treatment Jerawat Acne Mask Glad2Glow Official Store,https://shopee.co.id/product/809769142/27938088991,https://down-id.img.susercontent.com/file/id-11134207-822wq-mnw994goxxj98b,"[""https://down-id.img.susercontent.com/file/id-11134207-822wq-mnw994goxxj98b""]","[""OFFICIAL_SHOP""]","[""id-11134258-7r98z-lykpu80ygbvs76""]",PromoXtraPlusonly,id-11134258-822ws-mnciva8io4qu2f,False,False,False,1751015386,58900,138000,58900,57,476043307925741,,,,,,10000.0,1000.0,4.914632728963273,17208,"[18, 8, 110, 1153, 15919]",[],GLAD2GLOW,3138611,100630,"[100630, 100664, 100904]",10165,Acne Pads,"[""1PC- Acne Toner Pad"", ""2PCS-Acne Toner Pads"", ""[ HEMAT 50k ] 3pcs"", ""[HOT ]Eksfo Acne2in1"", ""[ HEMAT 80k ] 5pcs""]"
Shopee,,id,2026-07-02,809769142,glad2glow-indo,Glad2Glow Official Store,KAB. TANGERANG,45462078618,Glad2Glow Perfect Airbrush Setting Spray -All DAY GLOW SETTINGSPRAY -White Truffle SerumSpray 100ml-All Day Matte Setting Spray -Kunci Makeup 12H Anti Luntur & Kontrol Minyak - Soft Matte Finish Anti Geser Waterproof & Sweatproof-glad2glow offcial,https://shopee.co.id/product/809769142/45462078618,https://down-id.img.susercontent.com/file/id-11134207-822wl-mpj34cetxrtb7e,"[""https://down-id.img.susercontent.com/file/id-11134207-822wl-mpj34cetxrtb7e"", ""https://down-id.img.susercontent.com/file/id-11134207-822wn-mpc5x4c9ih3g17"", ""https://down-id.img.susercontent.com/file/id-11134207-822wq-mpcaaunw2ha935"", ""https://down-id.img.susercontent.com/file/id-11134207-822wo-mpcaaunw83ke79"", ""https://down-id.img.susercontent.com/file/id-11134207-822ws-mpc5x4c9fnyk7a""]","[""OFFICIAL_SHOP""]","[""id-11134258-7r98z-lykpu80ygbvs76""]",FSS_new+PromoXtraPlus,id-11134258-822ws-mnciva8io4qu2f,False,False,False,1781183390,128900,199000,128900,35,476043307925741,,,,,,146.0,145.0,4.0,12,"[3, 0, 0, 0, 9]","[""Produk Baru""]",GLAD2GLOW,3138611,100630,"[100630, 100662, 100881, 101633]",46,SPRAY,"[""Glow Spray-5pc"", ""Matte Spray-5pc"", ""Airbrush Spray-5pc"", ""Airbrush Spray-2pc"", ""Airbrush Spray-3pc"", ""Matte Spray-2pc"", ""Matte Spray-3pc"", ""Glow Spray-2pc"", ""Glow Spray-3pc"", ""Top1 Club & Perks""]"
Shopee,,id,2026-07-02,809769142,glad2glow-indo,Glad2Glow Official Store,KAB. TANGERANG,20830189495,Glad2Glow Berry Eye Cream Brightening Eye Serum | Krim Mata with Electronic Massager with Peptide mata panda  kantung mata untuk Mengurangi Kantung Mata Eye Cream Eye Serum Penghilang Mata Panda Kantung Mata Cream Treatment g2glow official store,https://shopee.co.id/product/809769142/20830189495,https://down-id.img.susercontent.com/file/id-11134207-7ra0l-mb6ghkhtwufyf7,"[""https://down-id.img.susercontent.com/file/id-11134207-7ra0l-mb6ghkhtwufyf7"", ""https://down-id.img.susercontent.com/file/id-11134207-8224x-mj2eva516qdhe7"", ""https://down-id.img.susercontent.com/file/id-11134207-81zto-methg3pj6ups2d"", ""https://down-id.img.susercontent.com/file/id-11134207-7r98o-lkl2u24kttt775"", ""https://down-id.img.susercontent.com/file/id-11134207-7r98o-lkl2u24au91l0d"", ""https://down-id.img.susercontent.com/file/id-11134207-7r98o-lkl2u2ig9jjj20""]","[""OFFICIAL_SHOP""]","[""id-11134258-7r98z-lykpu80ygbvs76""]",PromoXtraPlusonly,id-11134258-822ws-mnciva8io4qu2f,False,False,False,1659404760,100000,129000,100000,22,476043307925741,,,,,,10000.0,751.0,4.879146518784026,29573,"[46, 40, 288, 2694, 26505]",[],GLAD2GLOW,3138611,100630,"[100630, 100664, 100899, 101669]",56474,Quantity,"[""1pc"", ""2pcs"", ""[48% off]3pcs""]"
Shopee,,id,2026-07-02,809769142,glad2glow-indo,Glad2Glow Official Store,KAB. TANGERANG,16797836904,Glad2Glow 2pcs Skincare Paket- Moisturizer+Serum-Beauty Sets & Packages Mencerahkan warna kulit  Menghilangkan jerawat pengelupasan kulit penghalang perbaikan Anti penuaan kulit halusMencerahkan bintik g2glow official store,https://shopee.co.id/product/809769142/16797836904,https://down-id.img.susercontent.com/file/id-11134207-822wk-mpbvvf9m57nx1e,"[""https://down-id.img.susercontent.com/file/id-11134207-822wk-mpbvvf9m57nx1e"", ""https://down-id.img.susercontent.com/file/id-11134207-822wn-mo4sk3yezfnpd2"", ""https://down-id.img.susercontent.com/file/id-11134207-7ra0p-mbhmkwvima1wb2"", ""https://down-id.img.susercontent.com/file/id-11134207-7rbkc-maaqujd7vrroad"", ""https://down-id.img.susercontent.com/file/sg-11134201-823r7-mp67j0fq1t6q51"", ""https://down-id.img.susercontent.com/file/id-11134207-7ra0p-mbho4whhbuc7ed"", ""https://down-id.img.susercontent.com/file/id-11134207-7ra0l-mbho4whhenh39c"", ""https://down-id.img.susercontent.com/file/id-11134207-7ra0u-mbho4whhd8wnd1"", ""https://down-id.img.susercontent.com/file/id-11134207-7ra0l-mbho79h2n92l1d""]","[""OFFICIAL_SHOP""]","[""id-11134258-7r98z-lykpu80ygbvs76""]",FSS_new+PromoXtraPlus,id-11134258-822ws-mnciva8io4qu2f,False,False,False,1686737660,78400,199000,78400,61,476043307925741,,,,,,10000.0,1000.0,4.8773530928381215,141569,"[247, 197, 1174, 13436, 126515]","[""Add-on Deal""]",GLAD2GLOW,3138611,100630,"[100630, 100665]",40380,Set,"[""2PCS PDRN"", ""2PCS Glowing"", ""2PCS Retinol"", ""2PCS Repair"", ""2PCS Dark Spot"", ""2PCS Acne Care"", ""2PCS Glowing-FS"", ""Top1 Club & Perks""]"
Shopee,,id,2026-07-02,809769142,glad2glow-indo,Glad2Glow Official Store,KAB. TANGERANG,52463091977,[NEW SIZE] Glad2Glow Brightening Micellar Water 700ml  Kapasitas besar Lembut Cepat Menghapus Makeup & Mencerahkan kulit Penghapus Makeup Waterproof Hapus Riasan Tahan  dan Tanpa Iritasi g2glow official store,https://shopee.co.id/product/809769142/52463091977,https://down-id.img.susercontent.com/file/id-11134207-81ztl-mq2vchtmc0loc5,"[""https://down-id.img.susercontent.com/file/id-11134207-81ztl-mq2vchtmc0loc5"", ""https://down-id.img.susercontent.com/file/id-11134207-81ztp-mq2v2wcghwqp20"", ""https://down-id.img.susercontent.com/file/id-11134207-81ztf-mq2v2wcgkpvlf4"", ""https://down-id.img.susercontent.com/file/id-11134207-81zth-mq2vchtmn9581b"", ""https://down-id.img.susercontent.com/file/id-11134207-81ztm-mq2v2wcqoiypf2"", ""https://down-id.img.susercontent.com/file/id-11134207-81zti-mq2zm2iv7ific2""]","[""OFFICIAL_SHOP""]","[""id-11134258-7r98z-lykpu80ygbvs76""]",FSS_new+PromoXtraPlus,id-11134258-822ws-mnciva8io4qu2f,False,False,False,1782799873,149000,149000,149000,,0,,,,,,,,0.0,0,"[0, 0, 0, 0, 0]","[""Produk Baru""]",GLAD2GLOW,3138611,100630,"[100630, 100662, 100884]",2,Makeup Remover,"[""[Jumbo Size]1PC"", ""2PCS-700ml""]"
Shopee,,id,2026-07-02,809769142,glad2glow-indo,Glad2Glow Official Store,KAB. TANGERANG,27383676128,"[Ukuran Besar, Lebih Hemat]Glad2Glow Madagascar Centella Light Cleansing Oil 200ml - micellar water pembersih wajah Penghapus riasan - lembut tanpa iritasi Menghapus riasan tahan air dengan cepat dan menyegarkan muka wajah g2glow official store",https://shopee.co.id/product/809769142/27383676128,https://down-id.img.susercontent.com/file/id-11134207-822wg-mp6nph3r6rkbb1,"[""https://down-id.img.susercontent.com/file/id-11134207-822wg-mp6nph3r6rkbb1""]","[""OFFICIAL_SHOP""]","[""id-11134258-7r98z-lykpu80ygbvs76""]",FSS_new+PromoXtraPlus,id-11134258-822ws-mnciva8io4qu2f,False,False,False,1744796728,58900,199000,58900,70,476043307925741,,,,,,10000.0,1000.0,4.906596394361484,47814,"[87, 41, 370, 3255, 44061]",[],GLAD2GLOW,3138611,100630,"[100630, 100662, 100884]",25177,Makeup Remover,"[""Clean Oil-200ml"", ""[CUMA75K/PC!]200ml*2"", ""1PC-Clean Oil-100ml"", ""Clean Oil -100ml*2"", ""[LIVE DEAL]-100ml"", ""Clean Oil -100ml-FS""]"
Shopee,,id,2026-07-02,809769142,glad2glow-indo,Glad2Glow Official Store,KAB. TANGERANG,49459172555,[ Free Gift&SaveMore-5PCS]Glad2Glow Micellar Water 300ml cleansing oil micellar remover make up remove facial wash g2glow official store,https://shopee.co.id/product/809769142/49459172555,https://down-id.img.susercontent.com/file/id-11134207-822wi-mne3vn0rku14a3,"[""https://down-id.img.susercontent.com/file/id-11134207-822wi-mne3vn0rku14a3"", ""https://down-id.img.susercontent.com/file/id-11134207-822wh-mn9g0l0n7c3pb3"", ""https://down-id.img.susercontent.com/file/id-11134207-822wp-mn9g0l0na58l04"", ""https://down-id.img.susercontent.com/file/id-11134207-822wg-mn9g0l0n8qo5ac"", ""https://down-id.img.susercontent.com/file/id-11134207-822wk-mn9u5niffxu042""]","[""OFFICIAL_SHOP""]","[""id-11134258-7r98z-lykpu80ygbvs76""]",FSS_new+PromoXtraPlus,id-11134258-822ws-mnciva8io4qu2f,False,False,False,1776676565,169000,599000,169000,72,476043307925741,,,,,,153.0,107.0,4.782608695652174,23,"[1, 0, 0, 1, 21]",[],GLAD2GLOW,3138611,100630,"[100630, 100662, 100884]",26,Makeup Remover,"[""Cherry-230ml-5PCS"", ""4Cherry+1Brightening"", ""Cherry-5PCS"", ""Brightening-5PCS"", ""VC -5PCS"", ""Pore Clearing-5PCS"", ""Acne Care-5PCS"", ""Calm-5PCS"", ""Cleansing Oil-5PCS""]"
Shopee,,id,2026-07-02,809769142,glad2glow-indo,Glad2Glow Official Store,KAB. TANGERANG,51702755108,Glad2Glow Retinol/Niacinamide Bright Body Serum Body Lotion 10X Cerah Instant Absorb Whiten Tone Up All Day Bright Glow pemutih badan dengan parfum tahan lama Long Lasting Fragrance Body Cream Butter G2Glow Official Store,https://shopee.co.id/product/809769142/51702755108,https://down-id.img.susercontent.com/file/id-11134207-822wg-mpx07onz5mgy0d,"[""https://down-id.img.susercontent.com/file/id-11134207-822wg-mpx07onz5mgy0d""]","[""OFFICIAL_SHOP""]","[""id-11134258-7r98z-lykpu80ygbvs76""]",PromoXtraPlusonly,id-11134258-822ws-mnciva8io4qu2f,False,False,False,1765163957,73900,192000,73900,62,476043307925741,,,,,,10000.0,1000.0,4.918993913354815,44688,"[81, 47, 332, 2491, 41737]",[],GLAD2GLOW,3138611,100630,"[100630, 102002, 102007]",20814,BODY SERUM,"[""Day&Night Glow 2in1"", ""Buy6 Get7"", ""Buy3 Get1 Free"", ""1 PC - Night Glow"", ""5 PC - Night Glow"", ""1 PC - Day Glow"", ""5 PC - Day Glow"", ""3 PC - Night Glow"", ""3 PC - Day Glow"", ""[300ml]- Night Glow"", ""[300ml] -Day Glow"", ""Day&Night Glow 4pcs"", ""[SAVE 38.9k]-6IN1"", ""1PC"", ""3PC"", ""Tone up-3pcs"", ""Buy6 Get1 -tone up"", ""Buy6 Get1-glow"", ""Top1 Club & Perks""]"
Shopee,,id,2026-07-02,809769142,glad2glow-indo,Glad2Glow Official Store,KAB. TANGERANG,18083979760,Glad2Glow Yuja Symwhite 377 Dark Spot Moisturizer menghilangkan bekas jerawat brightening night cream day cream Hilangkan Kulit Skincare Pelembab Esensi Wajah Perawatan Wajah Pembersih day cream tone up g2g official store,https://shopee.co.id/product/809769142/18083979760,https://down-id.img.susercontent.com/file/id-11134207-822wp-mpwzcifh3nr639,"[""https://down-id.img.susercontent.com/file/id-11134207-822wp-mpwzcifh3nr639""]","[""OFFICIAL_SHOP""]","[""id-11134258-7r98z-lykpu80ygbvs76""]",FSS_new+PromoXtraPlus,id-11134258-822ws-mnciva8io4qu2f,False,False,False,1694167664,81900,199000,81900,59,476043307925741,,,,,,10000.0,1000.0,4.883781209806482,101854,"[161, 130, 867, 9069, 91627]",[],GLAD2GLOW,3138611,100630,"[100630, 100664, 100893]",33624,377,"[""[HOT]Buy5 Get1Free"", ""5pcs"", ""[EXTRA DISC 20%]5PCS"", ""[Big Moist] 100g 1pc"", ""[Big Moist] 100g 2pc"", ""1pc"", ""Dark Spot Set"", ""1pc-flash sale"", ""[60% off]2pcs"", ""3PCS"", ""Top1 Club & Perks""]"
Shopee,,id,2026-07-02,809769142,glad2glow-indo,Glad2Glow Official Store,KAB. TANGERANG,46312750544,[ FREE GIFT FOR 6/25! ]Dapatkan Hadiah Dengan Min. Pembelian 300RB,https://shopee.co.id/product/809769142/46312750544,https://down-id.img.susercontent.com/file/id-11134207-822wl-mpun7vwk0dfvfa,"[""https://down-id.img.susercontent.com/file/id-11134207-822wl-mpun7vwk0dfvfa"", ""https://down-id.img.susercontent.com/file/id-11134207-822wg-mpug4berlkwd0a"", ""https://down-id.img.susercontent.com/file/id-11134207-822wu-mpun7vwhv47502""]","[""OFFICIAL_SHOP""]","[""id-11134258-7r98z-lykpu80ygbvs76""]",FSS_new+PromoXtraPlus,id-11134258-822ws-mnciva8io4qu2f,False,False,False,1782294639,9999999,9999999,9999999,,0,,,,,,1000.0,987.0,4.8984375,256,"[2, 0, 1, 16, 237]","[""Produk Baru""]",GLAD2GLOW,3138611,100630,"[100630, 100663, 100885, 101650]",11,random color,"[""Makeup puff""]"
Shopee,,id,2026-07-02,809769142,glad2glow-indo,Glad2Glow Official Store,KAB. TANGERANG,42705013074,[KHUSUS MEMBER]GLAD2GLOW Mugwort Salicylic Acid Acne Clear Micellar Water 300ml For Acne-Prone Skin/Panthenol Sensitive Care Pembersih Wajah Make Up Remover Cleansing Water Dan Oil-Control Hydrating Jerawat Control  Makeup Waterproof g2glow official store,https://shopee.co.id/product/809769142/42705013074,https://down-id.img.susercontent.com/file/sg-11134201-7rash-mb55i0bfnx3kfc,"[""https://down-id.img.susercontent.com/file/sg-11134201-7rash-mb55i0bfnx3kfc"", ""https://down-id.img.susercontent.com/file/sg-11134201-7raui-mb55ca4pl7ft7c"", ""https://down-id.img.susercontent.com/file/sg-11134201-7rav6-mb55calwqgeo9a"", ""https://down-id.img.susercontent.com/file/sg-11134201-7rau4-mb55cavwaebn08"", ""https://down-id.img.susercontent.com/file/sg-11134201-7ravm-mb55cb5bwl4978""]","[""OFFICIAL_SHOP""]","[""id-11134258-7r98z-lykpu80ygbvs76""]",PromoXtraPlusonly,id-11134258-822ws-mnciva8io4qu2f,False,False,False,1750241577,48900,100000,48900,51,476043307925741,,,,,,1000.0,270.0,4.9438943894389435,606,"[0, 0, 4, 26, 576]",[],GLAD2GLOW,3138611,100630,"[100630, 100662, 100884]",289,Warna,"[""1PC-Acne Care""]"
Shopee,,id,2026-07-02,809769142,glad2glow-indo,Glad2Glow Official Store,KAB. TANGERANG,42328071723,[ Cocok Untuk Si Perfeksionis ]Glad2Glow Instant Glowing Bundle all in 1 7in1-Brightening Moisturizer+Serum+Cleanser+Body Serum+Retinol 10%Niacinamide skincare paket pembersih perawatan kulit mencerahkan warna kulit g2glow official store,https://shopee.co.id/product/809769142/42328071723,https://down-id.img.susercontent.com/file/id-11134207-81ztd-mq2pbivg1qfi63,"[""https://down-id.img.susercontent.com/file/id-11134207-81ztd-mq2pbivg1qfi63""]","[""OFFICIAL_SHOP""]","[""id-11134258-7r98z-lykpu80ygbvs76""]",FSS_new+PromoXtraPlus,id-11134258-822ws-mnciva8io4qu2f,False,False,False,1768544880,214605,799000,214605,73,931791142240256,,,,,,8000.0,1000.0,4.910833575370317,3443,"[12, 3, 30, 190, 3208]",[],GLAD2GLOW,3138611,100630,"[100630, 100665]",1301,Instant Glow,"[""[NEW]PDRN+Retinol"", ""[NEW]9PCS-PDRN"", ""BodyGlow+Retinol"", ""KULIT CERAH 8PCS"", ""KULIT CERAH 7PCS"", ""[NEW!]Instant Glow"", ""GlowInstan & Retinol"", ""GlowFocus Retinol"", ""[Extra Dis 25%] 9PCS"", ""[LIVE DEAL]BodyGlow""]"
Shopee,,id,2026-07-02,809769142,glad2glow-indo,Glad2Glow Official Store,KAB. TANGERANG,43754734954,Glad2Glow 2in1 Perfect Pair Cushion Powder Foundation & Lip serum Waterproof Make Up Setting BB Cream Concealer Foundation bedak padat Wajah  Cover Tinggi  long lasting Tahan 12Jam tahan lama Velvet To Matte skin tint g2g,https://shopee.co.id/product/809769142/43754734954,https://down-id.img.susercontent.com/file/id-11134207-822wr-mphkg88yb9qk99,"[""https://down-id.img.susercontent.com/file/id-11134207-822wr-mphkg88yb9qk99""]","[""OFFICIAL_SHOP""]","[""id-11134258-7r98z-lykpu80ygbvs76""]",PromoXtraPlusonly,id-11134258-822ws-mnciva8io4qu2f,False,False,False,1750126924,168900,422500,168900,60,476043307925741,,,,,,10000.0,1000.0,4.903690439992342,88797,"[168, 95, 734, 6127, 81673]",[],GLAD2GLOW,3138611,100630,"[100630, 100662, 100881, 101628]",47394,Shade,"[""2pcs Hemat Banget-02"", ""2pcs Hemat Banget-03"", ""00 Affogato"", ""01 Buttercream"", ""02 Praline"", ""03 Custard"", ""04 Ginger"", ""05 Cinnamon"", ""02 Praline-FS"", ""EXTRA 25%OFF-Glow-02"", ""EXTRA 25%OFF-Glow-03"", ""[LIVE DEAL]-03"", ""Top1 Club & Perks""]"
Shopee,,id,2026-07-02,809769142,glad2glow-indo,Glad2Glow Official Store,KAB. TANGERANG,22853217492,Glad2Glow 3pcs Paket Skincare- Moisturizer+Serum+Toner-Acne Kit Glowing Kit Dark Spot Barrier Bright bundle Beauty Sets Packages Mencerahkan warna kulit Menghilangkan jerawat penghalang perbaikan Mencerahkan bintik hitam Anti penuaang2glow official store,https://shopee.co.id/product/809769142/22853217492,https://down-id.img.susercontent.com/file/id-11134207-7ra0t-mbgluo7142mvd9,"[""https://down-id.img.susercontent.com/file/id-11134207-7ra0t-mbgluo7142mvd9"", ""https://down-id.img.susercontent.com/file/id-11134207-7ra0m-mbgluo712o2f4d"", ""https://down-id.img.susercontent.com/file/id-11134207-7ra0t-mbglzowg0bj88c"", ""https://down-id.img.susercontent.com/file/id-11134207-7ra0q-mbgluo715h7be8"", ""https://down-id.img.susercontent.com/file/id-11134207-7ra0n-mbgluo7119hz6e"", ""https://down-id.img.susercontent.com/file/id-11134207-7ra0r-mbglzowg0bh003""]","[""OFFICIAL_SHOP""]","[""id-11134258-7r98z-lykpu80ygbvs76""]",FSS_new+PromoXtraPlus,id-11134258-822ws-mnciva8io4qu2f,False,False,False,1693540505,116000,299000,116000,61,476043307925741,,,,,,10000.0,211.0,4.8582042423567,53840,"[131, 113, 542, 5687, 47367]","[""Add-on Deal""]",GLAD2GLOW,3138611,100630,"[100630, 100665]",20798,Set,"[""3PCS Glowing"", ""3PCS Repair"", ""3PCS Acne Care"", ""3PCS Dark Spot"", ""3PCS Anti-wrinkle""]"
Shopee,,id,2026-07-02,809769142,glad2glow-indo,Glad2Glow Official Store,KAB. TANGERANG,28376448249,Glad2ght & Moist Body Serum Series--Brighten/Moist/Smooth Badan Body Cream Body Lotion Glow Peeling Menghidrasi Kulit Mencerahkan Dan Pemutih Tubuh Atasi Belang,https://shopee.co.id/product/809769142/28376448249,https://down-id.img.susercontent.com/file/id-11134207-822wh-mpx07onz711ea4,"[""https://down-id.img.susercontent.com/file/id-11134207-822wh-mpx07onz711ea4""]","[""OFFICIAL_SHOP""]","[""id-11134258-7r98z-lykpu80ygbvs76""]",PromoXtraPlusonly,id-11134258-822ws-mnciva8io4qu2f,False,False,False,1739787674,73900,192000,73900,62,476043307925741,,,,,,10000.0,1000.0,4.889184270260322,48902,"[115, 91, 415, 3856, 44425]","[""Add-on Deal""]",GLAD2GLOW,3138611,100630,"[100630, 102002, 102007]",28784,BODY SERUM,"[""[180ml] NightGlow"", ""[180ml]ALL Day Glow"", ""[New]Day&Night Glow"", ""[300ml] NightGlow"", ""[300ml]ALL Day Glow"", ""[HOT !]Bright -300ml"", ""Bright 180ml-1PC"", ""[SAVE 50%]2pcs-300ml"", ""Bright 300ml-2PCS"", ""[Hemat26K]Bright 3PC"", ""Bright&Smooth 3pcs"", ""Bright(300+180ml)2PC"", ""Bright 300ml-1PC-fs""]"
Shopee,,id,2026-07-02,809769142,glad2glow-indo,Glad2Glow Official Store,KAB. TANGERANG,42951674418,Glad2Glow Double Bright Tone up Cream Day Cream Cerah Instan Niacinamide Moisturizer brightening wajah pemutih  Night Cream whitening skincare glowing Mencerahkan warna halus glad2glow official store,https://shopee.co.id/product/809769142/42951674418,https://down-id.img.susercontent.com/file/id-11134207-822wq-mpwzcifh52bme5,"[""https://down-id.img.susercontent.com/file/id-11134207-822wq-mpwzcifh52bme5""]","[""OFFICIAL_SHOP""]","[""id-11134258-7r98z-lykpu80ygbvs76""]",FSS_new+PromoXtraPlus,id-11134258-822ws-mnciva8io4qu2f,False,False,False,1747824556,88900,180000,88900,51,476043307925741,,,,,,10000.0,1000.0,4.903496286327994,77287,"[108, 65, 599, 5633, 70882]",[],GLAD2GLOW,3138611,100630,"[100630, 100664, 100893]",28135,Bright Cream,"[""[HOT]Buy4 Get1Free"", ""[EXTRA DISC 20%]4PCS"", ""1PC-Bright Cream"", ""1PC-DISC"", ""2PCS-Bright Cream"", ""Set Cerah 2PCS"", ""Set Double Cerah 2PC"", ""Top1 Club & Perks"", ""[LIVE DEAL]4pcs""]"
Shopee,,id,2026-07-02,809769142,glad2glow-indo,Glad2Glow Official Store,KAB. TANGERANG,44350293738,[Hemat 8PCS]Glad2Glow Moisturizer Series Mencerahkan Pencerah Wajah Anti Jerawat Penuaan Hilangkan Flek Tenangkan Kulit Niacinamide 377 Retinol Centella Skincare Pelembab Esensi Perawatan Kulit Pelembab Pembersih day cream tone up g2glow official store,https://shopee.co.id/product/809769142/44350293738,https://down-id.img.susercontent.com/file/id-11134207-822wr-mpwzcifh7vgicb,"[""https://down-id.img.susercontent.com/file/id-11134207-822wr-mpwzcifh7vgicb""]","[""OFFICIAL_SHOP""]","[""id-11134258-7r98z-lykpu80ygbvs76""]",FSS_new+PromoXtraPlus,id-11134258-822ws-mnciva8io4qu2f,False,False,False,1746779146,173400,599000,173400,71,476043307925741,,,,,,10000.0,1000.0,4.925332527206772,10006,"[39, 3, 32, 520, 9412]",[],GLAD2GLOW,3138611,100630,"[100630, 100664, 100893]",2110,30ml,"[""PDRN Moisturizer9"", ""Cerah Buy8 Get1Free"", ""Anti-kerut-8+1"", ""Ceramide8+1"", ""Acne Moisturize 8+1"", ""B5 Gel 8+1"", ""B5 Cream 8+1"", ""Double Bright Cream9"", ""Brightening  Cream 9"", ""Dark Spot 8+1"", ""Tenang 30g-8+1"", ""PDRN-Buy5 Get 1Free"", ""Cerah Buy5 Get 1Free"", ""Anti-kerut-B5G1free"", ""Double Bright-4+1"", ""Ceramide-Buy5 Get 1"", ""ToneUpBuy5 Get 1Free"", ""Tenang 30g-5+1"", ""Dark Spot 5+1"", ""B5 Cream 5+1"", ""B5 Gel 5+1"", ""Acne Moisturize 5+1"", ""ToneUp5pcs"", ""Cerah 30g-5PCS"", ""Dark Spot-5PCS"", ""B5 Gel-5PCS"", ""Repair Matahari-5PCS"", ""Anti-kerut-5PCS"", ""B5 Cream-5PCS"", ""Anti Jerawat-5PCS"", ""PDRN-30g-5PCS"", ""Tenang 55g-5PCS"", ""Sejukkan-5PCS"", ""Cerah 100g-3PCS"", ""Tenang 100g-3PCS"", ""[livedeal] glow 5pcs"", ""[live] retinol 5pcs"", ""Top1 Club & Perks""]"
Shopee,,id,2026-07-02,809769142,glad2glow-indo,Glad2Glow Official Store,KAB. TANGERANG,43426213694,[KHUSUS MEMBER]Glad2Glow Blueberry Ceramide Low pH Gel Cleanser,https://shopee.co.id/product/809769142/43426213694,https://down-id.img.susercontent.com/file/id-11134207-8224v-mhtz4cl15urm56,"[""https://down-id.img.susercontent.com/file/id-11134207-8224v-mhtz4cl15urm56"", ""https://down-id.img.susercontent.com/file/id-11134207-8224s-mgrx9sq1ovtbee"", ""https://down-id.img.susercontent.com/file/id-11134207-8224o-mgrx9sq1nh8vb9"", ""https://down-id.img.susercontent.com/file/id-11134207-8224w-mgrxv1zswkjsc2"", ""https://down-id.img.susercontent.com/file/id-11134207-82250-mgrx9sq1qadrfb"", ""https://down-id.img.susercontent.com/file/id-11134207-8224o-mgrx9sq1m2of57""]","[""OFFICIAL_SHOP""]","[""id-11134258-7r98z-lykpu80ygbvs76""]",PromoXtraPlusonly,id-11134258-822ws-mnciva8io4qu2f,False,False,False,1762517785,100000,100000,100000,,0,,,,,,153.0,25.0,4.925,40,"[0, 0, 0, 3, 37]",[],Glad2Glow Official Store,3990929,100630,"[100630, 100664, 100891]",52,Cleanser,"[""1PC""]"
Shopee,,id,2026-07-02,809769142,glad2glow-indo,Glad2Glow Official Store,KAB. TANGERANG,56459618045,[ADD ON DEAL] Glad2Glow Low pH 5.5 Gentle Face Wash  Pencuci Muka pH Seimbang Sabun Wajah Facial Cleanser g2g,https://shopee.co.id/product/809769142/56459618045,https://down-id.img.susercontent.com/file/sg-11134201-820nt-mnlcsh5m2o03ce,"[""https://down-id.img.susercontent.com/file/sg-11134201-820nt-mnlcsh5m2o03ce"", ""https://down-id.img.susercontent.com/file/sg-11134201-820nb-mnlcshensufcf7"", ""https://down-id.img.susercontent.com/file/sg-11134201-820lb-mnlcshnbmvid7b"", ""https://down-id.img.susercontent.com/file/sg-11134201-820op-mnlcshus1k3o8f"", ""https://down-id.img.susercontent.com/file/sg-11134201-820oj-mnlcsi2cbci0bf""]","[""OFFICIAL_SHOP""]","[""id-11134258-7r98z-lykpu80ygbvs76""]",FSS_new+PromoXtraPlus,id-11134258-822ws-mnciva8io4qu2f,False,False,False,1777373538,79000,79000,79000,,0,,,,,,16.0,8.0,5.0,3,"[0, 0, 0, 0, 3]",[],GLAD2GLOW,3138611,100630,"[100630, 100664, 100891]",22,CLEANSER,"[""low pH cleanser 1PC""]"
Shopee,,id,2026-07-02,809769142,glad2glow-indo,Glad2Glow Official Store,KAB. TANGERANG,10599605978,Glad2Glow bundle 3in1 paket Skincare- Moisturizer+Serum+Cleanser- Face Wash  Glowing Kit Dark Spot Acne Kit Mencerahkan warna kulit Menghilangkan jerawat Anti penuaan kulit halus Mencerahkan bintik hitam Beauty Sets & Packages g2glow official store,https://shopee.co.id/product/809769142/10599605978,https://down-id.img.susercontent.com/file/id-11134207-7rbk7-ma9a4kqjxxmt06,"[""https://down-id.img.susercontent.com/file/id-11134207-7rbk7-ma9a4kqjxxmt06"", ""https://down-id.img.susercontent.com/file/sg-11134201-823pl-mp59bmf93pc1ee"", ""https://down-id.img.susercontent.com/file/id-11134207-7ra0k-mbho79h31ar18a"", ""https://down-id.img.susercontent.com/file/id-11134207-7ra0h-mbho79h2yhm527"", ""https://down-id.img.susercontent.com/file/id-11134207-7ra0j-mbho79h2zw6l96"", ""https://down-id.img.susercontent.com/file/id-11134207-7ra0j-mbho79h2x31p87""]","[""OFFICIAL_SHOP""]","[""id-11134258-7r98z-lykpu80ygbvs76""]",FSS_new+PromoXtraPlus,id-11134258-822ws-mnciva8io4qu2f,False,False,False,1695212914,116400,279000,116400,58,476043307925741,,,,,,10000.0,1000.0,4.86427864782633,53573,"[103, 93, 490, 5600, 47287]","[""Add-on Deal""]",GLAD2GLOW,3138611,100630,"[100630, 100665]",18960,Set,"[""✨3PCS Repair&Glowing"", ""3PCS Glowing"", ""3PCS Dark Spot"", ""3PCS Glowing&Smooth"", ""3PCS Anti-wrinkle"", ""3PCS Acne Care""]"
Shopee,,id,2026-07-02,809769142,glad2glow-indo,Glad2Glow Official Store,KAB. TANGERANG,43564342526,Glad2Glow Deep Pore Clean Facial Wash Pembersih Wajah Charcoa Volcanic Soil BHA Salicylic Acid Deep Cleansing Minyak Berlebih Kotoran jerawat Blackhead Exfoliate Gentle Foam Non Drying Non rritating Untuk Kuit Berminyak sabun cuci muka G2G Cleanser,https://shopee.co.id/product/809769142/43564342526,https://down-id.img.susercontent.com/file/id-11134207-822wr-moqm1f48tuki4c,"[""https://down-id.img.susercontent.com/file/id-11134207-822wr-moqm1f48tuki4c"", ""https://down-id.img.susercontent.com/file/id-11134207-822wg-moyw16t2x3ws60"", ""https://down-id.img.susercontent.com/file/id-11134207-8224w-mila4hgoyjnr42"", ""https://down-id.img.susercontent.com/file/id-11134207-8224y-mila4hgp1csnbb"", ""https://down-id.img.susercontent.com/file/id-11134207-8224z-mila4hgp45xjd3"", ""https://down-id.img.susercontent.com/file/id-11134207-8224z-mila4hgp5khz5d"", ""https://down-id.img.susercontent.com/file/id-11134207-82252-mila4hgozy8710""]","[""OFFICIAL_SHOP""]","[""id-11134258-7r98z-lykpu80ygbvs76""]",PromoXtraPlusonly,id-11134258-822ws-mnciva8io4qu2f,False,False,False,1755773598,38900,79000,38900,51,476043307925741,,,,,,10000.0,1000.0,4.901915247433912,34878,"[64, 30, 337, 2401, 32046]",[],GLAD2GLOW,3138611,100630,"[100630, 100664, 100891]",10493,CLEANSER,"[""[HOT SALE]Buy6 Get7"", ""Volcano cleanser 5PC"", ""Volcano cleanser 1PC"", ""Volcano cleanser 3PC"", ""Volcano 1PC-FS"", ""Volcano cleanser 2PC"", ""Top1 Club & Perks""]"
Shopee,,id,2026-07-02,809769142,glad2glow-indo,Glad2Glow Official Store,KAB. TANGERANG,28030007092,[Set Eksfoliasi]Glad2Glow Kulit Halus Bundle all in 1 - 2/3/4/5 PCS eksfoliasi wajah Skincare Set-Pulihkan/Cerah Krim+Peeling Solution+ Cleanser+Eksfoliasi Toner-peeling whitening Moisturizer facial wash Pelembab G2G glad2glow official store,https://shopee.co.id/product/809769142/28030007092,https://down-id.img.susercontent.com/file/id-11134207-81ztp-mq2pbivfxiq631,"[""https://down-id.img.susercontent.com/file/id-11134207-81ztp-mq2pbivfxiq631""]","[""OFFICIAL_SHOP""]","[""id-11134258-7r98z-lykpu80ygbvs76""]",PromoXtraPlusonly,id-11134258-822ws-mnciva8io4qu2f,False,False,False,1742285025,77400,299000,77400,74,476043307925741,,,,,,10000.0,1000.0,4.9009093028678015,12867,"[21, 20, 106, 919, 11801]",[],GLAD2GLOW,3138611,100630,"[100630, 100665]",4134,Set Eksfoliasi,"[""Set Eksfoliasi 5PCS"", ""Set Kulit Halus 4PCS"", ""Set Kulit Halus 3PCS"", ""Set Eksfoliasi 2PCS"", ""Set Eksfoliasi 2in1"", ""Set Eksfoliasi 4PCS"", ""Set Eksfoliasi 3PCS""]"
Shopee,,id,2026-07-02,809769142,glad2glow-indo,Glad2Glow Official Store,KAB. TANGERANG,18584356032,[DISKON 60%] Glad2Glow Clay Stick&Face Mask Series-Pomegranate Brightening/Mugwort Acne/ Volcanic Pore-sleeping masker g2glow official store,https://shopee.co.id/product/809769142/18584356032,https://down-id.img.susercontent.com/file/id-11134207-822wk-mpirguuc4rgs8c,"[""https://down-id.img.susercontent.com/file/id-11134207-822wk-mpirguuc4rgs8c""]","[""OFFICIAL_SHOP""]","[""id-11134258-7r98z-lykpu80ygbvs76""]",PromoXtraPlusonly,id-11134258-822ws-mnciva8io4qu2f,False,False,False,1695181815,48900,99000,48900,51,476043307925741,,,,,,10000.0,1000.0,4.848648882262055,277661,"[731, 657, 3698, 29733, 242842]",[],GLAD2GLOW,3138611,100630,"[100630, 100664, 100898]",122224,Clay Stick,"[""1PC-Acne Care"", ""1PC-Glowing"", ""1PC-Eksfoliasi"", ""3PC-Skincare"", ""2PC-Glow&Eksfoliasi"", ""2PC-Eksfoliasi&Acne"", ""2PCS-Glowing&Acne"", ""Pori Masker"", ""Top1 Club & Perks"", ""out of stock""]"
Shopee,,id,2026-07-02,809769142,glad2glow-indo,Glad2Glow Official Store,KAB. TANGERANG,29572980090,"[Pekerja Kantor Wajib Punya] Glad2Glow Flawless Makeup Set: Perfect Cover Cushion+Perfect Blurring Powder Foundation+Lip Serum+Cherry Blossom Micellar Water untuk traveling dan aktivitas harian Aplikasikan & touch-up kapan saja, di mana saja",https://shopee.co.id/product/809769142/29572980090,https://down-id.img.susercontent.com/file/id-11134207-81ztg-mq47ctug2pzf60,"[""https://down-id.img.susercontent.com/file/id-11134207-81ztg-mq47ctug2pzf60""]","[""OFFICIAL_SHOP""]","[""id-11134258-7r98z-lykpu80ygbvs76""]",FSS_new+PromoXtraPlus,id-11134258-822ws-mnciva8io4qu2f,False,False,False,1736325047,220625,220625,220625,,0,,,,,,10000.0,987.0,4.8677811195821965,42891,"[177, 132, 501, 3565, 38516]",[],GLAD2GLOW,3138611,100630,"[100630, 100665]",39016,Warna,"[""Powder Foundation+03"", ""Loose Power + 03"", ""Setting Spray + 03"", ""Top1 Club & Perks""]"
Shopee,,id,2026-07-02,809769142,glad2glow-indo,Glad2Glow Official Store,KAB. TANGERANG,29144828706,[OUT OF STOCK]GLAD2GLOW DAMASK ROSE PETAL GLOW GEL MASK 50g Brighten Soothing Hydrogel Masker Komedo dan Pori Pori Wajah,https://shopee.co.id/product/809769142/29144828706,https://down-id.img.susercontent.com/file/id-11134207-822wg-mp07jp32953gc3,"[""https://down-id.img.susercontent.com/file/id-11134207-822wg-mp07jp32953gc3""]","[""OFFICIAL_SHOP""]","[""id-11134258-7r98z-lykpu80ygbvs76""]",FSS_new+PromoXtraPlus,id-11134258-822ws-mnciva8io4qu2f,False,False,False,1778842963,73910,77800,73910,5,472077299900445,,,,,,10000.0,1000.0,4.925695931477516,4670,"[2, 2, 23, 287, 4356]",[],GLAD2GLOW,3138611,100630,"[100630, 100664, 100898]",4497,Clay Stick,"[""Bright-3pc"", ""Buy6 Get1 Free-Glow"", ""Bright-1pc"", ""Acne&Glowing-2pc"", ""Bright&Serum-2pc"", ""Bright&Moist-2pc"", ""Bright&Spray-2pc"", ""out of stock""]"
Shopee,,id,2026-07-02,809769142,glad2glow-indo,Glad2Glow Official Store,KAB. TANGERANG,56159614182,[ADD ON DEAL] Glad2Glow All IN ONE MAKEUP REMOVER Untuk Semua Kulit Lembut cleansing oil Penghapus Makeup Waterproof 150ML,https://shopee.co.id/product/809769142/56159614182,https://down-id.img.susercontent.com/file/sg-11134201-823pt-mp26qvzheoe81f,"[""https://down-id.img.susercontent.com/file/sg-11134201-823pt-mp26qvzheoe81f"", ""https://down-id.img.susercontent.com/file/sg-11134201-820l5-mnlcy1zfx4ht9a"", ""https://down-id.img.susercontent.com/file/sg-11134201-820mo-mnlcy267jw1yb6"", ""https://down-id.img.susercontent.com/file/sg-11134201-820lc-mnlcy2dqkooy03"", ""https://down-id.img.susercontent.com/file/sg-11134201-820nz-mnlcy2mnb0ue65"", ""https://down-id.img.susercontent.com/file/sg-11134201-820m2-mnlcy2vzajgo6e"", ""https://down-id.img.susercontent.com/file/sg-11134201-824i1-mpmit0u7fmry8f""]","[""OFFICIAL_SHOP""]","[""id-11134258-7r98z-lykpu80ygbvs76""]",FSS_new+PromoXtraPlus,id-11134258-822ws-mnciva8io4qu2f,False,False,False,1777373799,99000,99000,99000,,0,,,,,,19.0,10.0,5.0,4,"[0, 0, 0, 0, 4]",[],GLAD2GLOW,3138611,100630,"[100630, 100662, 100884]",19,Makeup Remover,"[""150ml-Brightening"", ""150ml-1PC""]"
Shopee,,id,2026-07-02,809769142,glad2glow-indo,Glad2Glow Official Store,KAB. TANGERANG,55559898858,[ FREE GIFT FOR 6/25! ]Dapatkan Hadiah Dengan Min. Pembelian 300RB,https://shopee.co.id/product/809769142/55559898858,https://down-id.img.susercontent.com/file/id-11134207-822wr-mntp1d4pasjq22,"[""https://down-id.img.susercontent.com/file/id-11134207-822wr-mntp1d4pasjq22"", ""https://down-id.img.susercontent.com/file/id-11134207-822wm-mntp1d4n5jb833"", ""https://down-id.img.susercontent.com/file/id-11134207-822wg-mp3e35uhgxsb5a""]","[""OFFICIAL_SHOP""]","[""id-11134258-7r98z-lykpu80ygbvs76""]",FSS_new+PromoXtraPlus,id-11134258-822ws-mnciva8io4qu2f,False,False,False,1777878611,999999999,999999999,999999999,,0,,,,,,2000.0,1000.0,4.899676375404531,618,"[8, 1, 1, 25, 583]",[],GLAD2GLOW,3138611,100630,"[100630, 100663, 100885, 101650]",17,random color,"[""Cosmetic bag""]"
Shopee,,id,2026-07-02,809769142,glad2glow-indo,Glad2Glow Official Store,KAB. TANGERANG,51904991108,[ Cocok Untuk Setelah Makeup 7in1 ]Glad2Glow Glow/Eksfoliasi/Vita C Make Up Remove Bundle Moisturizer+Serum+Cleanser+Micellar Water Peeling 10%Niacinamide skincare paket pembersih perawatan kulit mencerahkan warna kulit g2glow official store,https://shopee.co.id/product/809769142/51904991108,https://down-id.img.susercontent.com/file/id-11134207-822ws-mpx1nuf1a2h8de,"[""https://down-id.img.susercontent.com/file/id-11134207-822ws-mpx1nuf1a2h8de""]","[""OFFICIAL_SHOP""]","[""id-11134258-7r98z-lykpu80ygbvs76""]",FSS_new+PromoXtraPlus,id-11134258-822ws-mnciva8io4qu2f,False,False,False,1768960216,218500,899000,218500,76,931791142240256,,,,,,3000.0,552.0,4.895081967213115,1525,"[2, 2, 18, 110, 1393]",[],GLAD2GLOW,3138611,100630,"[100630, 100665]",622,4pcs,"[""[NEW]Glow 7pcs-PDRN"", ""Glow & Soften Set"", ""Glow 7pcs"", ""NEW-Glow 7pcs-Cherry"", ""Glow AntiAge 7pcs"", ""Glow7in1-Cherry300ml"", ""Acne Care 7pcs"", ""Double Bright 7pcs"", ""Exfoliate Glow 7pcs"", ""[LIVE DEAL]Flash7PCS""]"
Shopee,,id,2026-07-02,809769142,glad2glow-indo,Glad2Glow Official Store,KAB. TANGERANG,18024029084,Glad2Glow Centella Ceramide Soothing Toner Acne hydrating toner Kulit Jerawat Berminyak Toner eksfoliasi wajah Menenangkan kemerahan pada kulit,https://shopee.co.id/product/809769142/18024029084,https://down-id.img.susercontent.com/file/id-11134207-822wp-mmhean9jd4p49b,"[""https://down-id.img.susercontent.com/file/id-11134207-822wp-mmhean9jd4p49b"", ""https://down-id.img.susercontent.com/file/id-11134207-822wg-moyw16t2x3ws60"", ""https://down-id.img.susercontent.com/file/id-11134207-7r98s-lz9ucdzy7kkbfe"", ""https://down-id.img.susercontent.com/file/id-11134207-7r991-m0473ghxoqiv56"", ""https://down-id.img.susercontent.com/file/id-11134207-7r98z-lz9ucdzy8z4r57"", ""https://down-id.img.susercontent.com/file/id-11134207-7r98r-lz9ucdzyheqw76"", ""https://down-id.img.susercontent.com/file/sg-11134201-823r8-mp6j1halxuz09f""]","[""OFFICIAL_SHOP""]","[""id-11134258-7r98z-lykpu80ygbvs76""]",PromoXtraPlusonly,id-11134258-822ws-mnciva8io4qu2f,False,False,False,1657872089,44900,109000,44900,59,476043307925741,,,,,,10000.0,1000.0,4.8782300008255595,48452,"[103, 94, 440, 4326, 43489]",[],GLAD2GLOW,3138611,100630,"[100630, 100664, 100892]",15612,TONER,"[""1PC-Acne"", ""[40%OFF]3PCS-Acne"", ""Tone UP Cream 2in1"", ""[EXTRA DISC 20%]5PCS"", ""1PC-Acne-FS""]"
Shopee,,id,2026-07-02,809769142,glad2glow-indo,Glad2Glow Official Store,KAB. TANGERANG,40064375511,"Glad2Glow Matcha Salicylic Acid Acne Cleanser facial wash,Anti Jerawat Kontrol Minyak Face Wash Oily Acne Prone Skin Friendly sabun cuci muka,micellar water,skincare,Jerawat,kontrol minyak,lembut tidak kering,cocok untuk semua kulit,G2G Cleanser",https://shopee.co.id/product/809769142/40064375511,https://down-id.img.susercontent.com/file/id-11134207-822wr-mpspu7v26y309b,"[""https://down-id.img.susercontent.com/file/id-11134207-822wr-mpspu7v26y309b""]","[""OFFICIAL_SHOP""]","[""id-11134258-7r98z-lykpu80ygbvs76""]",PromoXtraPlusonly,id-11134258-822ws-mnciva8io4qu2f,False,False,False,1755773607,41000,99000,41000,59,476043307925741,,,,,,10000.0,1000.0,4.918186209395,16562,"[22, 13, 108, 1012, 15407]",[],GLAD2GLOW,3138611,100630,"[100630, 100664, 100891]",3964,CLEANSER,"[""Acne Cleanser 1PC"", ""Acne Cleanser 3PCS"", ""Acne Cleanser 5PCS"", ""Set--acne care 2PCS"", ""Set--acne care 3PCS"", ""Acne Cleanser 2PCS""]"
Shopee,,id,2026-07-02,809769142,glad2glow-indo,Glad2Glow Official Store,KAB. TANGERANG,40258704146,[SPECIAL DISCOUNT]GLAD2GLOW Tropical Velvet Moist & Smooth Hand Body Serum 300ml | Body Cream Body Lotion Menghidrasi Kulit Mencerahkan Dan Pemutih Tubuh Atasi Kulit Belang Brighty Body Care Whitening Skinvu body lotion glad2glow official store,https://shopee.co.id/product/809769142/40258704146,https://down-id.img.susercontent.com/file/id-11134207-8224y-mgxga43upxje37,"[""https://down-id.img.susercontent.com/file/id-11134207-8224y-mgxga43upxje37"", ""https://down-id.img.susercontent.com/file/id-11134207-8224v-mgpxsgwa0c9897"", ""https://down-id.img.susercontent.com/file/id-11134207-822wq-motbmdj8ye4v0d"", ""https://down-id.img.susercontent.com/file/id-11134207-7ra0l-mc92nt7lccf20b"", ""https://down-id.img.susercontent.com/file/id-11134207-7ra0o-mc92nt8zab4508"", ""https://down-id.img.susercontent.com/file/id-11134207-7ra0r-mc92nt8zab7p7d"", ""https://down-id.img.susercontent.com/file/sg-11134201-824iv-mpg36l7ka1vk1b"", ""https://down-id.img.susercontent.com/file/id-11134207-7ra0k-mc92nt8fb49s59"", ""https://down-id.img.susercontent.com/file/id-11134207-7ra0o-mc92nt999whxf9""]","[""OFFICIAL_SHOP""]","[""id-11134258-7r98z-lykpu80ygbvs76""]",FSS_new+PromoXtraPlus,id-11134258-822ws-mnciva8io4qu2f,False,False,False,1752660142,39000,129000,39000,70,476043307925741,,,,,,6000.0,823.0,4.937334510150044,2266,"[2, 0, 11, 112, 2141]","[""Add-on Deal""]",GLAD2GLOW,3138611,100630,"[100630, 102002, 102007]",1153,Body Cream,"[""Moist 300ml-1PC"", ""Moist (180+3OOml)2PC"", ""Moist 300ml-2PCS"", ""Moist 180ml-2PCS"", ""Moist 180ml-3PCS"", ""Moist 180ml""]"
Shopee,,id,2026-07-02,809769142,glad2glow-indo,Glad2Glow Official Store,KAB. TANGERANG,29826448226,Glad2Glow Creamy Berry Overnight Bright Body Serum 300ml body lotion handbody aha whitening body serum body serum lotion handbody pemutih badan pemutih badan hb pemutih badan citra hand body brighty purbasari body serum slavina g2glow official store,https://shopee.co.id/product/809769142/29826448226,https://down-id.img.susercontent.com/file/id-11134207-822wg-motbej4ibua4ea,"[""https://down-id.img.susercontent.com/file/id-11134207-822wg-motbej4ibua4ea""]","[""OFFICIAL_SHOP""]","[""id-11134258-7r98z-lykpu80ygbvs76""]",PromoXtraPlusonly,id-11134258-822ws-mnciva8io4qu2f,False,False,False,1739788037,100000,250000,100000,60,476043307925741,,,,,,10000.0,1000.0,4.917205980807855,13443,"[20, 11, 99, 802, 12511]",[],GLAD2GLOW,3138611,100630,"[100630, 102002, 102007]",6345,Body serum,"[""Hemat26K⚡Bright 3PC"", ""✨[HOT]Bright -300ml"", ""✨[HOT]Bright 300mlx2"", ""Bright(300+180ml)2PC"", ""Bright -180ml"", ""Bright 180ml-2PCS"", ""Bright -300ml-fs""]"
Shopee,,id,2026-07-02,809769142,glad2glow-indo,Glad2Glow Official Store,KAB. TANGERANG,24704461451,Glad2Glow Pomegranate Niacinamide Brightening Clay Stick Masker Brightening Glowing Mud Clay Masker Mencerahkan Clay Pembersih Komedo Masker Wajah,https://shopee.co.id/product/809769142/24704461451,https://down-id.img.susercontent.com/file/id-11134207-7ra0m-mdbom5w8x8nr35,"[""https://down-id.img.susercontent.com/file/id-11134207-7ra0m-mdbom5w8x8nr35"", ""https://down-id.img.susercontent.com/file/id-11134207-822wg-moyw16t2x3ws60"", ""https://down-id.img.susercontent.com/file/id-11134207-7r98s-lykhgdwzvv3c85"", ""https://down-id.img.susercontent.com/file/id-11134207-7r98y-lykhgdwzugiw16"", ""https://down-id.img.susercontent.com/file/sg-11134201-823pw-mpa631ft7jm3f6"", ""https://down-id.img.susercontent.com/file/id-11134207-7r98y-lpkmhsfapfnxc7"", ""https://down-id.img.susercontent.com/file/id-11134207-7r990-lpkmhsfapg3108""]","[""OFFICIAL_SHOP""]","[""id-11134258-7r98z-lykpu80ygbvs76""]",PromoXtraPlusonly,id-11134258-822ws-mnciva8io4qu2f,False,False,False,1703235346,134500,219000,134500,39,476043307925741,,,,,,10000.0,350.0,4.827484521605923,78336,"[325, 321, 1239, 8774, 67677]",[],GLAD2GLOW,3138611,100630,"[100630, 100664, 100898]",52300,Type,"[""Glow Clay Stick 1pc"", ""Glow Clay Stick 2pcs"", ""Glow Clay Stick 3pcs"", ""Bright Clay Mask"", ""[Favorit]GLOWING SET"", ""Brightening Set"", ""Moist & Masker"", ""Bright Clay Stick-fs"", ""Bright Clay Mask-fs"", ""Face Wash & Masker"", ""Toner & Masker"", ""Serum & Masker"", ""Moist 100g & Masker"", ""Tone UP Cream 2in1""]"
Shopee,,id,2026-07-02,809769142,glad2glow-indo,Glad2Glow Official Store,KAB. TANGERANG,29601433725,Glad2Glow 2in1 Eyelash & BROW INTENSE SERUM Eyelash Extension -Serum Penumbuh Bulu Mata dan Alis g2glow official store,https://shopee.co.id/product/809769142/29601433725,https://down-id.img.susercontent.com/file/id-11134207-81zth-methg3ppv1twa4,"[""https://down-id.img.susercontent.com/file/id-11134207-81zth-methg3ppv1twa4"", ""https://down-id.img.susercontent.com/file/sg-11134201-824h0-mpf7on6l3kle6d"", ""https://down-id.img.susercontent.com/file/id-11134207-7r98y-lvy70wcl76lqd7"", ""https://down-id.img.susercontent.com/file/id-11134207-7r98v-lvy70wcl76h902"", ""https://down-id.img.susercontent.com/file/id-11134207-7r98p-lvy70wcb7kuz01"", ""https://down-id.img.susercontent.com/file/id-11134207-7r98t-lw6vvs6q1ua562"", ""https://down-id.img.susercontent.com/file/id-11134207-7rbk6-m8wpqpm6flrhee""]","[""OFFICIAL_SHOP""]","[""id-11134258-7r98z-lykpu80ygbvs76""]",FSS_new+PromoXtraPlus,id-11134258-822ws-mnciva8io4qu2f,False,False,False,1717132338,48900,99000,48900,51,476043307925741,,,,,,10000.0,387.0,4.875916571614796,12274,"[33, 22, 123, 1079, 11017]",[],GLAD2GLOW,3138611,100630,"[100630, 100664, 100899, 101671]",10621,variant,"[""1pc"", ""[34% off]-3pcs""]"
Shopee,,id,2026-07-02,809769142,glad2glow-indo,Glad2Glow Official Store,KAB. TANGERANG,40253957457,Glad2Glow Niacinamide Brightening Toner badan face mist hydrating toner centellaToner eksfoliasi wajah glycocid acid glycolic acid combo brightening agent Mencerahkan dan meratakan warna kulit Memberikan efek glowing g2glow,https://shopee.co.id/product/809769142/40253957457,https://down-id.img.susercontent.com/file/id-11134207-822wl-mmhejf2zqrd10f,"[""https://down-id.img.susercontent.com/file/id-11134207-822wl-mmhejf2zqrd10f"", ""https://down-id.img.susercontent.com/file/id-11134207-7rbka-m9ockd8q6mnnab"", ""https://down-id.img.susercontent.com/file/id-11134207-7rbkc-matinxuz1d0e24"", ""https://down-id.img.susercontent.com/file/id-11134207-7rbk2-ma9ou82na7b40e"", ""https://down-id.img.susercontent.com/file/id-11134207-7rbk9-matinxuzgt9a7b"", ""https://down-id.img.susercontent.com/file/id-11134207-822wg-moyw16t2x3ws60""]","[""OFFICIAL_SHOP""]","[""id-11134258-7r98z-lykpu80ygbvs76""]",PromoXtraPlusonly,id-11134258-822ws-mnciva8io4qu2f,False,False,False,1749537431,44900,99000,44900,55,476043307925741,,,,,,10000.0,1000.0,4.922047788309636,20256,"[24, 12, 128, 1191, 18901]",[],GLAD2GLOW,3138611,100630,"[100630, 100664, 100892]",3366,TONER,"[""1PC-Glowing"", ""[40%OFF]3PCS-Glowing"", ""Tone UP Cream 2in1"", ""[40%OFF]2PCS-Glowing"", ""[HEMAT 60%]5PCS"", ""1PC-Glowing-FS""]"
Shopee,,id,2026-07-02,809769142,glad2glow-indo,Glad2Glow Official Store,KAB. TANGERANG,26777568629,Glad2Glow Tremella Vita B5 Sensitive Calming Gel Cleanser facial wash skincare face wash sabun cuci muka cleansing balm exfoliating exfoliasi wajah sabun muka pembersih wajah Menenangkan kulit sensitif menghidrasi & menutrisi kulit g2glow official store,https://shopee.co.id/product/809769142/26777568629,https://down-id.img.susercontent.com/file/id-11134207-822wl-moytfn2ypjbj3b,"[""https://down-id.img.susercontent.com/file/id-11134207-822wl-moytfn2ypjbj3b"", ""https://down-id.img.susercontent.com/file/id-11134207-822wg-moyw16t2x3ws60"", ""https://down-id.img.susercontent.com/file/id-11134207-7rbk5-m77bwgrcmqla61"", ""https://down-id.img.susercontent.com/file/id-11134207-8224o-mhq0gsuz02kob2"", ""https://down-id.img.susercontent.com/file/id-11134207-7rbk2-m77bwgrclc0u6f"", ""https://down-id.img.susercontent.com/file/id-11134207-7rbk6-m77bwgrco55q46"", ""https://down-id.img.susercontent.com/file/id-11134207-7rbkb-m77bwgrcscv249"", ""https://down-id.img.susercontent.com/file/id-11134207-7rbkd-m77bwgrcpjq6a1""]","[""OFFICIAL_SHOP""]","[""id-11134258-7r98z-lykpu80ygbvs76""]",PromoXtraPlusonly,id-11134258-822ws-mnciva8io4qu2f,False,False,False,1740562150,107000,199000,107000,46,476043307925741,,,,,,10000.0,533.0,4.905556971705328,7847,"[20, 9, 57, 520, 7241]",[],GLAD2GLOW,3138611,100630,"[100630, 100664, 100891]",2996,CLEANSER,"[""3PCS Sensitive Skin"", ""1PCS Sensitive Skin"", ""2PCS Sensitive Skin"", ""Set Sensitive Skin"", ""1PC-Calm-FS""]"
Shopee,,id,2026-07-02,809769142,glad2glow-indo,Glad2Glow Official Store,KAB. TANGERANG,24443458397,Glad2Glow Volcano 3D Acid Pore Clay Stick Masker Wajah Clay Masker Stik Deep Cleansing Pori Pori Masker Komedo Dan Pori Pori Wajah Pembersih Komedo clay Masker Masker Organik Masker Jerawat Sheetmask Masker Glad2Glow Clay Mask Masker G2Glow Official Store,https://shopee.co.id/product/809769142/24443458397,https://down-id.img.susercontent.com/file/id-11134207-822wl-mmhejf2zuz2d8c,"[""https://down-id.img.susercontent.com/file/id-11134207-822wl-mmhejf2zuz2d8c"", ""https://down-id.img.susercontent.com/file/id-11134207-7rbk5-m849757l60dacb"", ""https://down-id.img.susercontent.com/file/id-11134207-7rbk0-m849757la82m77"", ""https://down-id.img.susercontent.com/file/id-11134207-7rbk7-m849757l8ti63d"", ""https://down-id.img.susercontent.com/file/id-11134207-7rbk0-m849757l7exqb5"", ""https://down-id.img.susercontent.com/file/id-11134207-822wg-moyw16t2x3ws60""]","[""OFFICIAL_SHOP""]","[""id-11134258-7r98z-lykpu80ygbvs76""]",FSS_new+PromoXtraPlus,id-11134258-822ws-mnciva8io4qu2f,False,False,False,1743649907,48900,109000,48900,55,476043307925741,,,,,,10000.0,409.0,4.901112484548825,5663,"[10, 9, 48, 397, 5199]",[],GLAD2GLOW,3138611,100630,"[100630, 100664, 100898]",2273,Clay Stick,"[""1pc"", ""[60%OFF]3pcs"", ""2pcs"", ""Face Wash & Masker"", ""Deep clean duo"", ""Toner & Masker"", ""Serum & Masker"", ""Moist & Masker"", ""Moist 100g & Masker""]"
Shopee,,id,2026-07-02,809769142,glad2glow-indo,Glad2Glow Official Store,KAB. TANGERANG,46457066270,"Glad2Glow 2IN1 Glow Makeup Set:Base Makeup + Glow Serum Spray Perfect Cover Cushion Skin Tint : Cover Tinggi, Tahan 12 Jam All Day Hydration g2g Official Store",https://shopee.co.id/product/809769142/46457066270,https://down-id.img.susercontent.com/file/id-11134207-822wp-mpwzx5pibdou77,"[""https://down-id.img.susercontent.com/file/id-11134207-822wp-mpwzx5pibdou77"", ""https://down-id.img.susercontent.com/file/id-11134207-822wl-mpxl0ab2cs97a3"", ""https://down-id.img.susercontent.com/file/id-11134207-822wq-mpmb042gln2m50"", ""https://down-id.img.susercontent.com/file/id-11134207-822wq-mlx5yq2l0l4yf0"", ""https://down-id.img.susercontent.com/file/id-11134207-822wn-mpmb042gk8i601"", ""https://down-id.img.susercontent.com/file/id-11134207-822wq-mpmb042gn1n248"", ""https://down-id.img.susercontent.com/file/id-11134207-822wq-mpmb042gpury8b"", ""https://down-id.img.susercontent.com/file/id-11134207-822wi-mpmb042gog7i26"", ""https://down-id.img.susercontent.com/file/id-11134207-822wm-mlx5yq2l1zpe04""]","[""OFFICIAL_SHOP""]","[""id-11134258-7r98z-lykpu80ygbvs76""]",FSS_new+PromoXtraPlus,id-11134258-822ws-mnciva8io4qu2f,False,False,False,1773194462,128000,399000,128000,68,476043307925741,,,,,,5000.0,1000.0,4.913183279742765,1866,"[3, 0, 13, 124, 1726]",[],GLAD2GLOW,3138611,100630,"[100630, 100665]",1195,GLOWSET,"[""Cushion+ Spray"", ""Cushion+ Moisturizer"", ""Cushion+ Serum"", ""Cushion+ Remover"", ""Cushion+ Lip Serum"", ""Cushion+Gel Mask"", ""Top1 Club & Perks""]"
Shopee,,id,2026-07-02,809769142,glad2glow-indo,Glad2Glow Official Store,KAB. TANGERANG,22873282452,Glad2Glow Mugwort Salicylic Acid Acne Clay Stick Masker Wajah Masker Jerawat Acne Clay Stik Anti Pores Acne Jerawat Komedo Cleansing Mugwort Mask,https://shopee.co.id/product/809769142/22873282452,https://down-id.img.susercontent.com/file/id-11134207-822wi-mmhean9j7ifc1b,"[""https://down-id.img.susercontent.com/file/id-11134207-822wi-mmhean9j7ifc1b"", ""https://down-id.img.susercontent.com/file/id-11134207-7qul5-lj41n51eiyqy6f"", ""https://down-id.img.susercontent.com/file/id-11134207-7quky-lj41n51ekdbec6"", ""https://down-id.img.susercontent.com/file/id-11134207-7qul6-lj41n51elrvu4f"", ""https://down-id.img.susercontent.com/file/id-11134207-7qul4-lj41n51en6gaa2"", ""https://down-id.img.susercontent.com/file/id-11134207-7qul2-lj41n51eol0qa1"", ""https://down-id.img.susercontent.com/file/id-11134207-822wg-moyw16t2x3ws60""]","[""OFFICIAL_SHOP""]","[""id-11134258-7r98z-lykpu80ygbvs76""]",FSS_new+PromoXtraPlus,id-11134258-822ws-mnciva8io4qu2f,False,False,False,1689078789,48900,99000,48900,51,476043307925741,,,,,,10000.0,562.0,4.8299671949725305,50602,"[150, 169, 772, 5953, 43558]",[],GLAD2GLOW,3138611,100630,"[100630, 100664, 100898]",37991,Clay Stick,"[""[save 58k]Buy5 Get6"", ""[EXTRA 25% OFF]-6pcs"", ""1pcs"", ""[30%OFF]3pcs"", ""2pcs"", ""2in1 Acne Care"", ""Cleanser& Masker"", ""Toner & Masker"", ""Serum & Masker"", ""Moist & Masker"", ""Moist 100g & Masker""]"
Shopee,,id,2026-07-02,809769142,glad2glow-indo,Glad2Glow Official Store,KAB. TANGERANG,23856176929,Glad2Glow Volcano 3D Acid Pore Clay Mask Masker Wajah Masker Glad2Glow Masker Komedo Dan Pori Pori Wajah Deep Pores Cleansing Masker Organik Clay Mask Clay Masker Mud Mask Face Masker Jelly Mask Sheetmask Wash Off Mask Masker Jerawat G2Glow Official Store,https://shopee.co.id/product/809769142/23856176929,https://down-id.img.susercontent.com/file/id-11134207-7ra0m-mb63uu9dqb205f,"[""https://down-id.img.susercontent.com/file/id-11134207-7ra0m-mb63uu9dqb205f"", ""https://down-id.img.susercontent.com/file/id-11134207-822wo-mp66vn66jzeo2b"", ""https://down-id.img.susercontent.com/file/id-11134207-822wl-mot6p28s5ibw99"", ""https://down-id.img.susercontent.com/file/id-11134207-7r98y-lmpor0xnvtscdc"", ""https://down-id.img.susercontent.com/file/id-11134207-7r98x-lmpor0xnvtpbc3"", ""https://down-id.img.susercontent.com/file/id-11134207-7r98y-lmpor0xnvttg2a""]","[""OFFICIAL_SHOP""]","[""id-11134258-7r98z-lykpu80ygbvs76""]",FSS_new+PromoXtraPlus,id-11134258-822ws-mnciva8io4qu2f,False,False,False,1695815859,31900,99000,31900,68,476043307925741,,,,,,10000.0,1000.0,4.843298870837105,41978,"[93, 97, 586, 4743, 36459]",[],GLAD2GLOW,3138611,100630,"[100630, 100664, 100898]",20836,Type,"[""1PC"", ""Face Wash & Masker"", ""[60%OFF]2PCS"", ""[60%OFF]3PCS"", ""[50%OFF]4PCS""]"
Shopee,,id,2026-07-02,809769142,glad2glow-indo,Glad2Glow Official Store,KAB. TANGERANG,20229171522,[BUY 100ml Save 30%]Glad2Glow Blueberry Ceramide Low pH Gel Cleanser Gentle skin Facial Wash oil control skincare  pembersih wajah sabun cuci muka face wash micellar water g2glow official store,https://shopee.co.id/product/809769142/20229171522,https://down-id.img.susercontent.com/file/id-11134207-822wg-mo4rgeieqe4g56,"[""https://down-id.img.susercontent.com/file/id-11134207-822wg-mo4rgeieqe4g56""]","[""OFFICIAL_SHOP""]","[""id-11134258-7r98z-lykpu80ygbvs76""]",PromoXtraPlusonly,id-11134258-822ws-mnciva8io4qu2f,False,False,False,1659091832,37000,129000,37000,71,470649164558504,,,,,,10000.0,1000.0,4.868676480497051,282051,"[848, 599, 2914, 26014, 251676]",[],GLAD2GLOW,3138611,100630,"[100630, 100664, 100891]",63691,Cleanser,"[""[HOT SALE]Buy6 Get7"", ""[100ml ]- Repair 1PC"", ""[SAVE 30%]100ml-3PC"", ""[SAVE 30%]100ml-5PC"", ""1PC Repair-70ml"", ""3PCS-Repair-70ml"", ""5PCS-Repair"", ""[EXTRA 25% OFF]-6pcs"", ""1PC Repair-FS"", ""Set Repair 2PCS"", ""Top1 Club & Perks""]"
Shopee,,id,2026-07-02,809769142,glad2glow-indo,Glad2Glow Official Store,KAB. TANGERANG,55150606338,[Cocok Untuk Pemula] Glad2Glow Cerah Retinol Bundle 4in1-Brightening Moisturizer+Serum+Cleanser+toner Retinol  skincare paket pembersih perawatan kulit warna kulit pelembab wajah all in 1g2glow official store,https://shopee.co.id/product/809769142/55150606338,https://down-id.img.susercontent.com/file/id-11134207-81ztd-mq2pbivg0bv2e2,"[""https://down-id.img.susercontent.com/file/id-11134207-81ztd-mq2pbivg0bv2e2""]","[""OFFICIAL_SHOP""]","[""id-11134258-7r98z-lykpu80ygbvs76""]",PromoXtraPlusonly,id-11134258-822ws-mnciva8io4qu2f,False,False,False,1761908479,109900,169000,109900,35,476043307925741,,,,,,10000.0,1000.0,4.89922138974585,6807,"[14, 4, 58, 502, 6229]",[],GLAD2GLOW,3138611,100630,"[100630, 100665]",2664,Set,"[""Glow Retinol 5PCS"", ""Glow Retinol 4PCS"", ""[HOT]RETINOL 4PCS"", ""Instant Glow 4PCS"", ""Daily Glow 3PCS"", ""Retinol Care 3PCS"", ""OUTING SET 3PCS"", ""[LIVE DEAL]Anti-age"", ""[LIVE DEAL]Glow""]"
Shopee,,id,2026-07-02,809769142,glad2glow-indo,Glad2Glow Official Store,KAB. TANGERANG,28426633621,[SPOT-LIGHTENING] Glad2Glow 377 Dark Spot Concealer  bundle 4PCS Skincare Paket-SymWhite 377 Moisturizer+ 377 Serum+Cleanser +Niacinamide Day Cream Memperbaiki warna kulit kusam dan mencerahkan kulit G2G g2g officialstore,https://shopee.co.id/product/809769142/28426633621,https://down-id.img.susercontent.com/file/id-11134207-822wm-mmqx6ssbw7bc25,"[""https://down-id.img.susercontent.com/file/id-11134207-822wm-mmqx6ssbw7bc25""]","[""OFFICIAL_SHOP""]","[""id-11134258-7r98z-lykpu80ygbvs76""]",FSS_new+PromoXtraPlus,id-11134258-822ws-mnciva8io4qu2f,False,False,False,1739935645,79900,199000,79900,60,476043307925741,,,,,,10000.0,1000.0,4.902895977468928,16333,"[27, 19, 128, 1165, 14994]",[],GLAD2GLOW,3138611,100630,"[100630, 100665]",3391,377 DARK SPOT,"[""Spot-Lightening Set"", ""2PCS-Dark Spot Hot"", ""Dark Spot Set 3in1"", ""4PCS Anti Flek AM PM"", ""[LIVE DEAL]2PCS"", ""[LIVE DEAL]Spot Set""]"
Shopee,,id,2026-07-02,809769142,glad2glow-indo,Glad2Glow Official Store,KAB. TANGERANG,29028423239,Glad2Glow Symwhite 377 Dark Spot Bundle 7PCS-Yuja Skincare Cerah 377 Moisturizer+Dark Spot Serum+Cleanser+Brightening Moisturizer+ Peeling Serum+Toner+Clay Stick Meringankan flek hitam mencerahkan g2glow official store,https://shopee.co.id/product/809769142/29028423239,https://down-id.img.susercontent.com/file/id-11134207-81zte-mq2pbivfuplae5,"[""https://down-id.img.susercontent.com/file/id-11134207-81zte-mq2pbivfuplae5""]","[""OFFICIAL_SHOP""]","[""id-11134258-7r98z-lykpu80ygbvs76""]",PromoXtraPlusonly,id-11134258-822ws-mnciva8io4qu2f,False,False,False,1741157668,75905,299000,75905,75,931791142240256,,,,,,10000.0,1000.0,4.8952456247529375,27827,"[44, 41, 252, 2112, 25378]",[],GLAD2GLOW,3138611,100630,"[100630, 100665]",6445,Dark Spot Set,"[""7PCS Set Anti Flek"", ""2PCS-Dark Spot Hot"", ""7PCS Anti Flek AM PM"", ""[NEW]Spot Light 4in1"", ""3PCS Set Anti Flek"", ""4PCS-Dark Spot &Glow"", ""5PCS Set Anti Flek"", ""3PCS Deep Clean Flek"", ""[LIVE DEAL]7PCS""]"
Shopee,,id,2026-07-02,809769142,glad2glow-indo,Glad2Glow Official Store,KAB. TANGERANG,19793942236,Glad2Glow Cerah Glowing Bundle 4in1-Brightening Moisturizer+Serum+Cleanser+toner+Peeling solution+Retinol 10%Niacinamide skincare paket pembersih perawatan kulit mencerahkan warna kulit pelembab wajah g2glow official store,https://shopee.co.id/product/809769142/19793942236,https://down-id.img.susercontent.com/file/id-11134207-822wi-mp8rz9f0ml1e80,"[""https://down-id.img.susercontent.com/file/id-11134207-822wi-mp8rz9f0ml1e80""]","[""OFFICIAL_SHOP""]","[""id-11134258-7r98z-lykpu80ygbvs76""]",FSS_new+PromoXtraPlus,id-11134258-822ws-mnciva8io4qu2f,False,False,False,1696760965,100000,299000,100000,67,476043307925741,,,,,,10000.0,1000.0,4.858291297672976,132229,"[297, 300, 1444, 13762, 116426]",[],GLAD2GLOW,3138611,100630,"[100630, 100665]",50343,Set,"[""[HOT]4PCS Glowing"", ""SET CERAH 5 PCS-pdrn"", ""5PCS Glowing-pdrn"", ""Glowing 5PCS-pdrn"", ""[EXTRA 25% OFF]5PCS"", ""4PCS Instant Glowing"", ""5PCS Body Glowing"", ""[HOT]Cleanser 3PCS"", ""[HOT]Glow-3PCS"", ""3PCS Toner Set"", ""[LIVE DEAL]4PCSFlash"", ""[LIVE DEAL]5PCS Glow"", ""[LIVE DEAL]5PCS-PDRN"", ""Top1 Club & Perks""]"
Shopee,,id,2026-07-02,809769142,glad2glow-indo,Glad2Glow Official Store,KAB. TANGERANG,48209634222,[Add On Deal] Glad2Glow Barrier Toner Propolis Hyaluronic Acid Essence 80ml Toner,https://shopee.co.id/product/809769142/48209634222,https://down-id.img.susercontent.com/file/sg-11134201-820o3-mnlcx26p2xoid8,"[""https://down-id.img.susercontent.com/file/sg-11134201-820o3-mnlcx26p2xoid8"", ""https://down-id.img.susercontent.com/file/sg-11134201-820m1-mnlcx2g66i9u45"", ""https://down-id.img.susercontent.com/file/sg-11134201-820lk-mnlcx2nptqf797"", ""https://down-id.img.susercontent.com/file/sg-11134201-820lw-mnlcx2x7gyyp38"", ""https://down-id.img.susercontent.com/file/sg-11134201-820nv-mnlcx39he70l5d"", ""https://down-id.img.susercontent.com/file/sg-11134201-824ir-mpjw2es56dqk34""]","[""OFFICIAL_SHOP""]","[""id-11134258-7r98z-lykpu80ygbvs76""]",FSS_new+PromoXtraPlus,id-11134258-822ws-mnciva8io4qu2f,False,False,False,1777373753,99000,99000,99000,,0,,,,,,8.0,4.0,5.0,3,"[0, 0, 0, 0, 3]",[],Glad2Glow Official Store,3990929,100630,"[100630, 100664, 100892]",7,Toner,"[""1PC""]"
Shopee,,id,2026-07-02,809769142,glad2glow-indo,Glad2Glow Official Store,KAB. TANGERANG,56857456458,[Cocok Untuk Pemula]Glad2Glow Cerah Bundle 3in1 Moisturizer+Serum+Cleanser Niacinamide+Retinol+Symwhite 377 g2glow official store,https://shopee.co.id/product/809769142/56857456458,https://down-id.img.susercontent.com/file/id-11134207-822wj-mm1glczjc5xc3d,"[""https://down-id.img.susercontent.com/file/id-11134207-822wj-mm1glczjc5xc3d"", ""https://down-id.img.susercontent.com/file/id-11134207-822wt-mm1glczjdkhs67"", ""https://down-id.img.susercontent.com/file/id-11134207-822wp-mm1glczjez28e3"", ""https://down-id.img.susercontent.com/file/id-11134207-822wi-mm1glczjgdmo98"", ""https://down-id.img.susercontent.com/file/id-11134207-822wt-mm1er3z7r0u867""]","[""OFFICIAL_SHOP""]","[""id-11134258-7r98z-lykpu80ygbvs76""]",FSS_new+PromoXtraPlus,id-11134258-822ws-mnciva8io4qu2f,False,False,False,1773990539,114500,200000,114500,43,476043307925741,,,,,,279.0,31.0,4.952,125,"[0, 0, 0, 6, 119]",[],GLAD2GLOW,3138611,100630,"[100630, 100665]",25,SET,"[""[Niacinamide]3pcs"", ""[Retinol]3pcs"", ""[Symwhite 377]3pcs""]"
Shopee,,id,2026-07-02,809769142,glad2glow-indo,Glad2Glow Official Store,KAB. TANGERANG,25439085414,Glad2Glow Retinol Set All In 1 bundle paket Skincare-Moisturizer+Serum+Cleanser+Toner+ Clay Stick-peach moisturizer skin barrier Retinoid Memudarkan Garis Halus Memudarkan Kerutan Menghaluskan  merawat jerawat dan kemerahan g2glow official store,https://shopee.co.id/product/809769142/25439085414,https://down-id.img.susercontent.com/file/id-11134207-7ra0o-mc0idfmy8y7n93,"[""https://down-id.img.susercontent.com/file/id-11134207-7ra0o-mc0idfmy8y7n93"", ""https://down-id.img.susercontent.com/file/id-11134207-7ra0u-mbgmb10h3ivr54"", ""https://down-id.img.susercontent.com/file/id-11134207-7ra0j-mbgmb10gzb6fe9"", ""https://down-id.img.susercontent.com/file/id-11134207-7ra0j-mbgmb10h6c0n5a"", ""https://down-id.img.susercontent.com/file/id-11134207-7ra0s-mbgmb10h0pqv81""]","[""OFFICIAL_SHOP""]","[""id-11134258-7r98z-lykpu80ygbvs76""]",PromoXtraPlusonly,id-11134258-822ws-mnciva8io4qu2f,False,False,False,1733295846,120000,299000,120000,60,476043307925741,,,,,,6000.0,31.0,4.852634900599559,3169,"[8, 7, 36, 342, 2776]","[""Add-on Deal""]",GLAD2GLOW,3138611,100630,"[100630, 100665]",3953,Anti-wrinkle,"[""6PCS Anti-wrinkle"", ""5PCS Anti-wrinkle"", ""4PCS Anti-wrinkle"", ""3PCS Anti-wrinkle 1"", ""3PCS Anti-wrinkle 2""]"
Shopee,,id,2026-07-02,809769142,glad2glow-indo,Glad2Glow Official Store,KAB. TANGERANG,41680446046,[ADD ON DEAL] Glad2Glow Yuzu Aha Blackhead Exfoliating Cleanser facial wash skincare face wash,https://shopee.co.id/product/809769142/41680446046,https://down-id.img.susercontent.com/file/sg-11134201-820od-mnlcxav4oxl12d,"[""https://down-id.img.susercontent.com/file/sg-11134201-820od-mnlcxav4oxl12d"", ""https://down-id.img.susercontent.com/file/sg-11134201-820o3-mnlcxbgx4ao1f1"", ""https://down-id.img.susercontent.com/file/sg-11134201-820m4-mnlcxbno36kj47"", ""https://down-id.img.susercontent.com/file/sg-11134201-820mm-mnlcxbvkeyv811"", ""https://down-id.img.susercontent.com/file/sg-11134201-820mf-mnlcxc2b3z7pd9"", ""https://down-id.img.susercontent.com/file/sg-11134201-820nn-mnlcxccv864g88"", ""https://down-id.img.susercontent.com/file/sg-11134201-820m6-mnlcxcl4jpj67d""]","[""OFFICIAL_SHOP""]","[""id-11134258-7r98z-lykpu80ygbvs76""]",FSS_new+PromoXtraPlus,id-11134258-822ws-mnciva8io4qu2f,False,False,False,1777373764,199000,199000,199000,,0,,,,,,27.0,5.0,4.909090909090909,11,"[0, 0, 0, 1, 10]",[],Glad2Glow Official Store,3990929,100630,"[100630, 100664, 100891]",29,Eksfoliasi,"[""1PC-Clean""]"
Shopee,,id,2026-07-02,809769142,glad2glow-indo,Glad2Glow Official Store,KAB. TANGERANG,29430013001,Glad2Glow Cerah&Pulihkan Bundle all in 1 7in1 Glowing skincare Brightening Set-Pulihkan/Cerah Krim+ Serum+Pulihkan cleanser+Cerah Toner whitening Moisturizer facial wash glad2glow official store,https://shopee.co.id/product/809769142/29430013001,https://down-id.img.susercontent.com/file/id-11134207-81zti-mq2pbivftb0ue2,"[""https://down-id.img.susercontent.com/file/id-11134207-81zti-mq2pbivftb0ue2""]","[""OFFICIAL_SHOP""]","[""id-11134258-7r98z-lykpu80ygbvs76""]",PromoXtraPlusonly,id-11134258-822ws-mnciva8io4qu2f,False,False,False,1742286857,135280,499000,135280,73,931791142240256,,,,,,10000.0,1000.0,4.8884023958807665,28549,"[65, 42, 276, 2248, 25918]",[],GLAD2GLOW,3138611,100630,"[100630, 100665]",11022,REPAIR&GLOW,"[""Repair&Glow 7PCS"", ""[HEMAT 64K]  7PCS"", ""Pulihkan&Cerah 6PCS"", ""Repair & Glow 5PCS"", ""Repair & Glow 4PCS"", ""[LIVE DEAL]Glow&Peel""]"
Shopee,,id,2026-07-02,809769142,glad2glow-indo,Glad2Glow Official Store,KAB. TANGERANG,55659614172,[ ADD ON DEAL ] GLAD2GLOW PERFECT VITA C BRIGHT GLOW TONER G2G Toner 3in1 Function Bright Toner Kulit Tampak Cerah Brightening Even Skin Tone Hydrating Glad2Glow Official,https://shopee.co.id/product/809769142/55659614172,https://down-id.img.susercontent.com/file/sg-11134201-820l6-mnlcxjsf7ais4c,"[""https://down-id.img.susercontent.com/file/sg-11134201-820l6-mnlcxjsf7ais4c"", ""https://down-id.img.susercontent.com/file/sg-11134201-824hv-mplhjizunoy736"", ""https://down-id.img.susercontent.com/file/sg-11134201-820o1-mnlcxkb0vjereb"", ""https://down-id.img.susercontent.com/file/sg-11134201-820n1-mnlcxkl0nzlv31"", ""https://down-id.img.susercontent.com/file/sg-11134201-820o0-mnlcxksymq6c25"", ""https://down-id.img.susercontent.com/file/sg-11134201-820o5-mnlcxlb57dad25"", ""https://down-id.img.susercontent.com/file/sg-11134201-820l9-mnlcxljgxzwg4e""]","[""OFFICIAL_SHOP""]","[""id-11134258-7r98z-lykpu80ygbvs76""]",FSS_new+PromoXtraPlus,id-11134258-822ws-mnciva8io4qu2f,False,False,False,1777373776,90000,90000,90000,,0,,,,,,22.0,7.0,5.0,9,"[0, 0, 0, 0, 9]",[],GLAD2GLOW,3138611,100630,"[100630, 100664, 100892]",7,Vita C Toner,"[""1 PC""]"
Shopee,,id,2026-07-02,809769142,glad2glow-indo,Glad2Glow Official Store,KAB. TANGERANG,21729164441,Glad2Glow Daily Exfoliating Toner toner badan face mist hydrating toner centella Toner eksfoliasi wajah glycocid acid glycolic acid kulit halus Eksfoliasi Lembut Jaga kulit Anda tetap terhidrasi Rawat kulitmu Skincare Mikrodermabrasi g2glow official store,https://shopee.co.id/product/809769142/21729164441,https://down-id.img.susercontent.com/file/id-11134207-822wk-mmhejf2zny8525,"[""https://down-id.img.susercontent.com/file/id-11134207-822wk-mmhejf2zny8525"", ""https://down-id.img.susercontent.com/file/id-11134207-822wg-moyw16t2x3ws60"", ""https://down-id.img.susercontent.com/file/id-11134207-7r98z-lzk6da8gqlzv71"", ""https://down-id.img.susercontent.com/file/id-11134207-7r98s-lzk6da8gkzd4f7"", ""https://down-id.img.susercontent.com/file/id-11134207-7r98o-lzk6da8gs0kb36"", ""https://down-id.img.susercontent.com/file/id-11134207-7r98u-lzk6da8gtf4r89"", ""https://down-id.img.susercontent.com/file/id-11134207-7r98r-lzk6da8gjksoe2""]","[""OFFICIAL_SHOP""]","[""id-11134258-7r98z-lykpu80ygbvs76""]",PromoXtraPlusonly,id-11134258-822ws-mnciva8io4qu2f,False,False,False,1659090863,44900,99000,44900,55,476043307925741,,,,,,10000.0,588.0,4.8681363823086405,21909,"[70, 51, 208, 2040, 19540]",[],GLAD2GLOW,3138611,100630,"[100630, 100664, 100892]",18390,TONER,"[""1PC-Exfoliating"", ""3PCS-Exfoliating"", ""[HEMAT 60%]5PCS"", ""1PC-Exfoliating-FS""]"
Shopee,,id,2026-07-02,809769142,glad2glow-indo,Glad2Glow Official Store,KAB. TANGERANG,49506878130,[NEW LAUNCH]Glad2Glow PDRN5% Moisturizer Niacinamide 1% TXA Brightening Day Cream Pemutih Kulit Gloglowing Skincare  Serum glad2glow official store,https://shopee.co.id/product/809769142/49506878130,https://down-id.img.susercontent.com/file/id-11134207-822wt-mpwzcifh9a0y34,"[""https://down-id.img.susercontent.com/file/id-11134207-822wt-mpwzcifh9a0y34""]","[""OFFICIAL_SHOP""]","[""id-11134258-7r98z-lykpu80ygbvs76""]",FSS_new+PromoXtraPlus,id-11134258-822ws-mnciva8io4qu2f,False,False,False,1772793271,89500,196000,89500,54,931791142240256,,,,,,10000.0,1000.0,4.922844784226939,9941,"[14, 7, 59, 572, 9289]",[],GLAD2GLOW,3138611,100630,"[100630, 100664, 100893]",5666,PDRN,"[""[HOT]Buy5 Get1 Free"", ""GLOWING BASE SET"", ""Moisturizer+Serum"", ""5PCS"", ""1PC"", ""3PCS"", ""Top1 Club & Perks"", ""out of stock""]"
Shopee,,id,2026-07-02,809769142,glad2glow-indo,Glad2Glow Official Store,KAB. TANGERANG,20282626747,Glad2Glow Yuja Symwhite 377 Dark Spot Serum Eksfoliasi Wajah collagen serum wajah cream pemutih wajah pelembab whitening cream malam cream flek hitam membandel Menyamarkan noda hitam bekas kusam g2glow official store,https://shopee.co.id/product/809769142/20282626747,https://down-id.img.susercontent.com/file/id-11134207-822wt-mnw994goqwp11c,"[""https://down-id.img.susercontent.com/file/id-11134207-822wt-mnw994goqwp11c""]","[""OFFICIAL_SHOP""]","[""id-11134258-7r98z-lykpu80ygbvs76""]",PromoXtraPlusonly,id-11134258-822ws-mnciva8io4qu2f,False,False,False,1691295786,173400,300000,173400,42,476043307925741,,,,,,10000.0,1000.0,4.885294653152879,49431,"[91, 65, 437, 4237, 44601]",[],GLAD2GLOW,3138611,100630,"[100630, 100664, 100896]",19094,Dark Spot,"[""[EXTRA DISC 20%]5PCS"", ""[HOT]3PCS-Dark Spot"", ""1PC-Dark Spot"", ""[HOT]2PCS-Dark Spot"", ""2PCS-Dark Spot"", ""1PC-Flash Sale""]"
Shopee,,id,2026-07-02,809769142,glad2glow-indo,Glad2Glow Official Store,KAB. TANGERANG,54953271920,"[Beli 6, 31K/PC]GLAD2GLOW NIACINAMIDE/RETINOL BRIGHT BODY SERUM BODY LOTION 10X Cerah Instant Absorb Whiten Tone Up All Day Bright Glow pemutih badan dengan parfum tahan lama Long Lasting Fragrance Handbody Body Cream Butter G2Glow Official Store",https://shopee.co.id/product/809769142/54953271920,https://down-id.img.susercontent.com/file/id-11134207-822wo-mprjwiessjy823,"[""https://down-id.img.susercontent.com/file/id-11134207-822wo-mprjwiessjy823"", ""https://down-id.img.susercontent.com/file/id-11134207-82251-mifo34bksnwo6d"", ""https://down-id.img.susercontent.com/file/id-11134207-8224u-mifo34bku2h4f9"", ""https://down-id.img.susercontent.com/file/id-11134207-8224s-mifo34bkvh1k25"", ""https://down-id.img.susercontent.com/file/id-11134207-8224v-mifo34bkwvm07b"", ""https://down-id.img.susercontent.com/file/id-11134207-8224x-mifo34bkzoqwd9"", ""https://down-id.img.susercontent.com/file/id-11134207-8224o-mifo34bkya6ge3"", ""https://down-id.img.susercontent.com/file/id-11134207-822wm-mphbb5fgh898fe""]","[""OFFICIAL_SHOP""]","[""id-11134258-7r98z-lykpu80ygbvs76""]",FSS_new+PromoXtraPlus,id-11134258-822ws-mnciva8io4qu2f,False,False,False,1766045336,106400,269000,106400,60,476043307925741,,,,,,9000.0,1000.0,4.936103663985701,2238,"[5, 4, 9, 93, 2127]","[""Add-on Deal""]",GLAD2GLOW,3138611,100630,"[100630, 102002, 102007]",892,BODY SERUM,"[""[SAVE 38.9k]6in1"", ""5PC - Night Glow"", ""5PC - Day Glow"", ""3PC - Night Glow"", ""3PC - Day Glow"", ""buy8 get 9"", ""Buy6 Get7- Day 300ml"", ""Buy6 Get7- 300ml"", ""buy8 get 1-tone up"", ""[SAVE 110k]9in1"", ""Top1 Club & Perks""]"
Shopee,,id,2026-07-02,809769142,glad2glow-indo,Glad2Glow Official Store,KAB. TANGERANG,48659174387,GLAD2GLOW [2-IN-1 SET] PDRN Brightening Duo: Serum/Moisturizer + Cushion/Skin Tint - Double Brightening 5% Niacinamide - Deep Repair & Anti Kusam - Base Makeup Sempurna-glad2glow offical,https://shopee.co.id/product/809769142/48659174387,https://down-id.img.susercontent.com/file/id-11134207-822wk-mnfijn9e603l50,"[""https://down-id.img.susercontent.com/file/id-11134207-822wk-mnfijn9e603l50"", ""https://down-id.img.susercontent.com/file/id-11134207-822wh-mnfijn9e7eo1e5"", ""https://down-id.img.susercontent.com/file/id-11134207-822wr-mn9u5nia23gl82"", ""https://down-id.img.susercontent.com/file/id-11134207-822wr-mn9u5nia3i11fc"", ""https://down-id.img.susercontent.com/file/id-11134207-822wt-mn9u5nia4wlhf4""]","[""OFFICIAL_SHOP""]","[""id-11134258-7r98z-lykpu80ygbvs76""]",FSS_new+PromoXtraPlus,id-11134258-822ws-mnciva8io4qu2f,False,False,False,1776682754,100000,399000,100000,75,476043307925741,,,,,,692.0,69.0,4.944186046511628,215,"[1, 0, 2, 4, 208]",[],GLAD2GLOW,3138611,100630,"[100630, 100665]",142,PDRNserumSET,"[""CUSHION+ SERUM"", ""GLOWCUSHION+SERUM"", ""SKINTINT+ SERUM"", ""CUSHION +CREAM"", ""GLOWCUSHION+CREAM"", ""SKINTINT+CREAM""]"
Shopee,,id,2026-07-02,809769142,glad2glow-indo,Glad2Glow Official Store,KAB. TANGERANG,29490268069,"Glad2Glow Ultimate Moisturizing Face Wash,Low pH 5.5 Gentle Face Wash,facial wash pembersih wajah sabun cuci muka face wash skincare micellar water,Untuk kulit normal–kering,Hidrasi mendalam,Merawat skin barrier,G2G glad2glow officia store",https://shopee.co.id/product/809769142/29490268069,https://down-id.img.susercontent.com/file/id-11134207-822wi-mmhejf2zwdmtc2,"[""https://down-id.img.susercontent.com/file/id-11134207-822wi-mmhejf2zwdmtc2"", ""https://down-id.img.susercontent.com/file/id-11134207-822wg-moyw16t2x3ws60"", ""https://down-id.img.susercontent.com/file/id-11134207-8224s-mhq0gsutm87754"", ""https://down-id.img.susercontent.com/file/id-11134207-81ztp-mdwzltjjrvnma4"", ""https://down-id.img.susercontent.com/file/id-11134207-7ra0r-mdv913pile346a"", ""https://down-id.img.susercontent.com/file/id-11134207-7ra0r-mdv913pio78053"", ""https://down-id.img.susercontent.com/file/id-11134207-7ra0j-mdv913pimsnk42""]","[""OFFICIAL_SHOP""]","[""id-11134258-7r98z-lykpu80ygbvs76""]",FSS_new+PromoXtraPlus,id-11134258-822ws-mnciva8io4qu2f,False,False,False,1755773602,29000,79000,29000,63,476043307925741,,,,,,10000.0,902.0,4.922888616891065,4085,"[2, 4, 33, 229, 3817]","[""Add-on Deal""]",GLAD2GLOW,3138611,100630,"[100630, 100664, 100891]",1611,CLEANSER,"[""Melembabkan 3PCS"", ""Melembabkan 1PC"", ""Melembabkan 2PCS"", ""Set cleansing 2PCS"", ""Set Anti-Aging 2PCS"", ""Set Anti-Aging 3PCS""]"
Shopee,,id,2026-07-02,809769142,glad2glow-indo,Glad2Glow Official Store,KAB. TANGERANG,23457178413,Glad2Glow bundle 5in1 paket Skincare- Moisturizer+Serum+Cleanser+Toner+ Clay Stick- Face Wash  Glowing Kit Dark Spot Acne Kit Mencerahkan warna kulit Menghilangkan jerawat Anti penuaan Mencerahkan bintik hitam Beauty Sets & Packages g2glow official store,https://shopee.co.id/product/809769142/23457178413,https://down-id.img.susercontent.com/file/id-11134207-7ra0o-mbgluo6qglg3c1,"[""https://down-id.img.susercontent.com/file/id-11134207-7ra0o-mbgluo6qglg3c1"", ""https://down-id.img.susercontent.com/file/id-11134207-7ra0m-mbgluo70g71p39"", ""https://down-id.img.susercontent.com/file/id-11134207-7ra0p-mbgluo70g6tv77"", ""https://down-id.img.susercontent.com/file/id-11134207-7ra0i-mbglm0x2v3io86"", ""https://down-id.img.susercontent.com/file/id-11134207-7ra0s-mbglm0x30psg0a"", ""https://down-id.img.susercontent.com/file/id-11134207-7ra0p-mbgluo70rfiv5b"", ""https://down-id.img.susercontent.com/file/id-11134207-7ra0r-mbglm0x37qmo1d""]","[""OFFICIAL_SHOP""]","[""id-11134258-7r98z-lykpu80ygbvs76""]",PromoXtraPlusonly,id-11134258-822ws-mnciva8io4qu2f,False,False,False,1696762229,187000,499000,187000,63,476043307925741,,,,,,10000.0,134.0,4.844695566259109,16194,"[61, 47, 203, 1724, 14159]",[],GLAD2GLOW,3138611,100630,"[100630, 100665]",9295,Set,"[""5PCS Glowing"", ""5PCS Acne Care"", ""5PCS Anti-wrinkle"", ""5PCS Repair"", ""5PCS Dark Spot"", ""5PCS Glowing&Acne""]"
Shopee,,id,2026-07-02,809769142,glad2glow-indo,Glad2Glow Official Store,KAB. TANGERANG,26888816475,[KHUSUS MEMBER]Glad2Glow Propolis Hyaluronic Acid Barrier Essence Toner badan face mist hydrating toner centella Toner eksfoliasi wajah glycocid acid glycolic acid Memperbaiki penghalang kulit Jaga kulit Anda G2G Toner g2glow official store,https://shopee.co.id/product/809769142/26888816475,https://down-id.img.susercontent.com/file/sg-11134201-7rdyb-mcbznq636x9uc3,"[""https://down-id.img.susercontent.com/file/sg-11134201-7rdyb-mcbznq636x9uc3"", ""https://down-id.img.susercontent.com/file/id-11134207-822wt-mot779eruj9p87"", ""https://down-id.img.susercontent.com/file/id-11134207-822wi-mot6p28sb4lo20"", ""https://down-id.img.susercontent.com/file/sg-11134201-7rdw6-mcbznqd0y5eof4"", ""https://down-id.img.susercontent.com/file/sg-11134201-7rdw9-mcbznqlmk6mp8f"", ""https://down-id.img.susercontent.com/file/sg-11134201-7rdxt-mcbznqtea6c9f2"", ""https://down-id.img.susercontent.com/file/sg-11134201-7rdwv-mcbznr01z2lu86"", ""https://down-id.img.susercontent.com/file/id-11134207-822wo-moytfn2yqxvz8f"", ""https://down-id.img.susercontent.com/file/sg-11134201-7rdyx-mcbznrflcc3b20""]","[""OFFICIAL_SHOP""]","[""id-11134258-7r98z-lykpu80ygbvs76""]",FSS_new+PromoXtraPlus,id-11134258-822ws-mnciva8io4qu2f,False,False,False,1752835005,37500,100000,37500,63,476043307925741,,,,,,1000.0,11.0,4.959349593495935,369,"[0, 1, 1, 10, 357]","[""Add-on Deal""]",GLAD2GLOW,3138611,100630,"[100630, 100664, 100892]",165,TONER,"[""1PC-Repair""]"
Shopee,,id,2026-07-02,809769142,glad2glow-indo,Glad2Glow Official Store,KAB. TANGERANG,55157456628,Glad2Glow Set Makeup Lengkap 2in1 Pore Clearing Micellar+Cushion Foundation Sempurna untuk Makeup Sehari-hari Tanpa Repot G2G / Make Up Set Lengkap,https://shopee.co.id/product/809769142/55157456628,https://down-id.img.susercontent.com/file/id-11134207-822wl-mm8keq8fhatg99,"[""https://down-id.img.susercontent.com/file/id-11134207-822wl-mm8keq8fhatg99"", ""https://down-id.img.susercontent.com/file/id-11134207-822wn-mm8keq8fk3yc91"", ""https://down-id.img.susercontent.com/file/id-11134207-822wt-mm8keq8fliisa5"", ""https://down-id.img.susercontent.com/file/id-11134207-822wn-mm1g8jthoooyfb"", ""https://down-id.img.susercontent.com/file/id-11134207-822wt-mm1g8jthrhtu9f"", ""https://down-id.img.susercontent.com/file/id-11134207-822wo-mm1g8jthx43me0"", ""https://down-id.img.susercontent.com/file/id-11134207-822wu-mm1g8jthvpj64d"", ""https://down-id.img.susercontent.com/file/id-11134207-822wh-mm1g8jthuayq14"", ""https://down-id.img.susercontent.com/file/id-11134207-822wm-mm1g8jthswea5f""]","[""OFFICIAL_SHOP""]","[""id-11134258-7r98z-lykpu80ygbvs76""]",FSS_new+PromoXtraPlus,id-11134258-822ws-mnciva8io4qu2f,False,False,False,1773991023,103000,299000,103000,66,476043307925741,,,,,,223.0,60.0,4.942857142857143,70,"[0, 0, 0, 4, 66]",[],GLAD2GLOW,3138611,100630,"[100630, 100665]",46,SET,"[""Kulit Kering Set"", ""Kulit Kombinasi Set"", ""Kulit Berminyak Set""]"
Shopee,,id,2026-07-02,809769142,glad2glow-indo,Glad2Glow Official Store,KAB. TANGERANG,27580011874,[SENSITIVE SET]Glad2Glow Bundle all in 1 Tremella Vita B5 Sensitive Calming Moisturizer+Peeling Solution+Glad2Glow  Gel Cleanser+Tremella Panthenol Sensitive Care Micellar Water g2glow official store,https://shopee.co.id/product/809769142/27580011874,https://down-id.img.susercontent.com/file/id-11134207-7rbk1-m7hdwpjymbiuc8,"[""https://down-id.img.susercontent.com/file/id-11134207-7rbk1-m7hdwpjymbiuc8"", ""https://down-id.img.susercontent.com/file/id-11134207-7rbka-m7hdwpjyp4nq0c"", ""https://down-id.img.susercontent.com/file/id-11134207-7rbkc-m7hdwpjynq3a09"", ""https://down-id.img.susercontent.com/file/id-11134207-7rbk1-m7hdwpjyqj8627""]","[""OFFICIAL_SHOP""]","[""id-11134258-7r98z-lykpu80ygbvs76""]",FSS_new+PromoXtraPlus,id-11134258-822ws-mnciva8io4qu2f,False,False,False,1742284775,90500,299000,90500,70,476043307925741,,,,,,2000.0,47.0,4.898520084566596,946,"[2, 2, 10, 62, 870]","[""Add-on Deal""]",GLAD2GLOW,3138611,100630,"[100630, 100665]",948,SENSITIVE SET,"[""5PCS Sensitive Care"", ""4PCS Sensitive Care"", ""3PCS Sensitive Care"", ""2PCS Sensitive Care""]"
Shopee,,id,2026-07-02,809769142,glad2glow-indo,Glad2Glow Official Store,KAB. TANGERANG,48403527392,[NEW LAUNCH] Glad2Glow FLAWLESS BLURRING SKIN TINT 30G+ BRIGHTENING LIP SERUM 7g*2 Mencerahkan Melembabkan 3in1 liptint Foundation Bedak padat Make up Lightweight Coverage Long-lasting 12-Hour Soft-Focus Flawless Skin oil-control g2glow official store,https://shopee.co.id/product/809769142/48403527392,https://down-id.img.susercontent.com/file/id-11134207-8224p-milair4l8j5tc0,"[""https://down-id.img.susercontent.com/file/id-11134207-8224p-milair4l8j5tc0""]","[""OFFICIAL_SHOP""]","[""id-11134258-7r98z-lykpu80ygbvs76""]",FSS_new+PromoXtraPlus,id-11134258-822ws-mnciva8io4qu2f,False,False,False,1766481462,160500,299000,160500,46,476043307925741,,,,,,54.0,3.0,4.823529411764706,17,"[0, 0, 0, 3, 14]",[],GLAD2GLOW,3138611,100630,"[100630, 100665]",77,combo,"[""Skintint 01+ Lip01*2"", ""Skintint 02+ Lip01*2"", ""Skintint 03+ Lip01*2""]"
Shopee,,id,2026-07-02,809769142,glad2glow-indo,Glad2Glow Official Store,KAB. TANGERANG,57457465945,Glad2glow Brightening Lip Serum Strawberry Glaze Melembabkan Bibir& Pore Clearing Micellar Water&Vita C Bright Glow Cleanser,https://shopee.co.id/product/809769142/57457465945,https://down-id.img.susercontent.com/file/id-11134207-822wq-mm1pfq80su8560,"[""https://down-id.img.susercontent.com/file/id-11134207-822wq-mm1pfq80su8560"", ""https://down-id.img.susercontent.com/file/id-11134207-822wn-mm1q053fvev949"", ""https://down-id.img.susercontent.com/file/id-11134207-822wi-mm1pfq8d3b4f9f"", ""https://down-id.img.susercontent.com/file/id-11134207-822wm-mm1pfq8cz3f3c4"", ""https://down-id.img.susercontent.com/file/id-11134207-822wm-mm1pfq8d1wjz04"", ""https://down-id.img.susercontent.com/file/id-11134207-822wn-mm18u3jc0u0wc7"", ""https://down-id.img.susercontent.com/file/id-11134207-822wk-mm18u3jdtg5k49"", ""https://down-id.img.susercontent.com/file/id-11134207-822wj-mm1irf40krgo61"", ""https://down-id.img.susercontent.com/file/sg-11134201-824i7-mplifosup91f64""]","[""OFFICIAL_SHOP""]","[""id-11134258-7r98z-lykpu80ygbvs76""]",FSS_new+PromoXtraPlus,id-11134258-822ws-mnciva8io4qu2f,False,False,False,1774005853,126500,199000,126500,36,476043307925741,,,,,,30.0,7.0,4.9,10,"[0, 0, 0, 1, 9]",[],GLAD2GLOW,3138611,100630,"[100630, 100665]",44,LIP SERUM,"[""01*2"", ""03*2"", ""05*2"", ""07*2"", ""01+03"", ""05+07""]"
Shopee,,id,2026-07-02,809769142,glad2glow-indo,Glad2Glow Official Store,KAB. TANGERANG,27160062024,Glad2Glow Propolis Hyaluronic Acid Barrier Essence Toner badan face mist hydrating toner centella Toner eksfoliasi wajah glycocid acid glycolic acid Memperbaiki penghalang kulit Jaga kulit Anda tetap terhidrasi Skincare G2G Toner g2glow official stor,https://shopee.co.id/product/809769142/27160062024,https://down-id.img.susercontent.com/file/id-11134207-822wm-mmhejf2zs5xhee,"[""https://down-id.img.susercontent.com/file/id-11134207-822wm-mmhejf2zs5xhee"", ""https://down-id.img.susercontent.com/file/id-11134207-822wg-moyw16t2x3ws60"", ""https://down-id.img.susercontent.com/file/id-11134207-7r98x-lzpzsdt6b0o0f1"", ""https://down-id.img.susercontent.com/file/id-11134207-7r992-lzpzsdt6b09404"", ""https://down-id.img.susercontent.com/file/id-11134207-7r98p-lzpzsdt6b0m6aa"", ""https://down-id.img.susercontent.com/file/id-11134207-7r991-lzpzsdt6b0m393"", ""https://down-id.img.susercontent.com/file/id-11134207-7rbk4-m790mbsppi5jd4""]","[""OFFICIAL_SHOP""]","[""id-11134258-7r98z-lykpu80ygbvs76""]",FSS_new+PromoXtraPlus,id-11134258-822ws-mnciva8io4qu2f,False,False,False,1725352706,37500,109000,37500,66,476043307925741,,,,,,10000.0,327.0,4.879517062127945,11927,"[37, 27, 103, 1002, 10758]",[],GLAD2GLOW,3138611,100630,"[100630, 100664, 100892]",5158,TONER,"[""1PC-Repair"", ""[26%OFF]3PCS-Repair"", ""[HEMAT 60%]5PCS"", ""[30%OFF]2PCS-Repair""]"
Shopee,,id,2026-07-02,809769142,glad2glow-indo,Glad2Glow Official Store,KAB. TANGERANG,52652820141,"Glad2Glow 2in1 Set Cleansing Oil & Facial Wash - Centella Madagascar - Untuk Kulit Berjerawat, Berminyak, Sensitif & Cerah  g2glow official store",https://shopee.co.id/product/809769142/52652820141,https://down-id.img.susercontent.com/file/id-11134207-8224q-mipbjjie58g874,"[""https://down-id.img.susercontent.com/file/id-11134207-8224q-mipbjjie58g874"", ""https://down-id.img.susercontent.com/file/id-11134207-8224q-mifmnn2raneo42"", ""https://down-id.img.susercontent.com/file/id-11134207-8224w-mipbjji7fmrl7a"", ""https://down-id.img.susercontent.com/file/id-11134207-8224p-miptb7ceodfn4f"", ""https://down-id.img.susercontent.com/file/id-11134207-8224v-miptb7cemyv776"", ""https://down-id.img.susercontent.com/file/id-11134207-8224p-mipbjjifz95304"", ""https://down-id.img.susercontent.com/file/id-11134207-8224o-mifmdn8nrpc722"", ""https://down-id.img.susercontent.com/file/id-11134207-8224v-mifmnn2rc1z4cf""]","[""OFFICIAL_SHOP""]","[""id-11134258-7r98z-lykpu80ygbvs76""]",PromoXtraPlusonly,id-11134258-822ws-mnciva8io4qu2f,False,False,False,1765273610,87000,299000,87000,71,476043307925741,,,,,,787.0,15.0,4.927492447129909,331,"[0, 0, 4, 16, 311]",[],GLAD2GLOW,3138611,100630,"[100630, 100665]",189,Makeup Remover,"[""[hot]Oil+Repair 2PCS"", ""Oil +Eksfoliasi 2PCS"", ""Oil + Acne care 2PCS"", ""Oil+Calm 2PCS""]"
Shopee,,id,2026-07-02,809769142,glad2glow-indo,Glad2Glow Official Store,KAB. TANGERANG,54053319677,"Glad2Glow 2in1 Set Cleansing Oil & Clay Mask - Eksfoliasi, Cerah, Anti Jerawat - Untuk Kulit Berminyak & Berkomedo  g2glow official store",https://shopee.co.id/product/809769142/54053319677,https://down-id.img.susercontent.com/file/id-11134207-8224y-mipbjjig229z49,"[""https://down-id.img.susercontent.com/file/id-11134207-8224y-mipbjjig229z49"", ""https://down-id.img.susercontent.com/file/id-11134207-82250-mifmnn2r0tfk0e"", ""https://down-id.img.susercontent.com/file/id-11134207-8224w-miptb7celkar9c"", ""https://down-id.img.susercontent.com/file/id-11134207-8224o-miptb7ca6u4k68"", ""https://down-id.img.susercontent.com/file/id-11134207-8224q-miptb7cek5qb01"", ""https://down-id.img.susercontent.com/file/id-11134207-8224t-mipbjjig3guf19"", ""https://down-id.img.susercontent.com/file/id-11134207-8224o-mifmdn8nrpc722"", ""https://down-id.img.susercontent.com/file/id-11134207-8224s-mifmdn8now7bcd""]","[""OFFICIAL_SHOP""]","[""id-11134258-7r98z-lykpu80ygbvs76""]",PromoXtraPlusonly,id-11134258-822ws-mnciva8io4qu2f,False,False,False,1766130942,101000,299000,101000,66,476043307925741,,,,,,191.0,10.0,4.895348837209302,86,"[1, 0, 0, 5, 80]",[],GLAD2GLOW,3138611,100630,"[100630, 100665]",70,Makeup Remover,"[""Clean&Eksfoliasi 2PC"", ""Clean&Glowing 2PCS"", ""Clean&Acne Care 2PCS""]"
Shopee,,id,2026-07-02,809769142,glad2glow-indo,Glad2Glow Official Store,KAB. TANGERANG,22355348169,"[Buy5 Save36k ]Glad2Glow Milk Amino Acid Gentle Cleanser facial wash,pembersih pencerah,pembersih wajah sabun cuci muka face wash skincare micellar water,Mencerahkan kulit , untuk semua jenis kulit ,Lembab Tanpa Ketarik,G2G glad2glow officia store",https://shopee.co.id/product/809769142/22355348169,https://down-id.img.susercontent.com/file/id-11134207-822wj-mpx07onyx72ae8,"[""https://down-id.img.susercontent.com/file/id-11134207-822wj-mpx07onyx72ae8""]","[""OFFICIAL_SHOP""]","[""id-11134258-7r98z-lykpu80ygbvs76""]",PromoXtraPlusonly,id-11134258-822ws-mnciva8io4qu2f,False,False,False,1695205084,43900,99000,43900,56,470649164558504,,,,,,10000.0,1000.0,4.874766556335944,185805,"[492, 434, 1876, 16247, 166756]","[""Any 2 at Rp82.900""]",GLAD2GLOW,3138611,100630,"[100630, 100664, 100891]",58572,Milk Cleanser,"[""1PC-Glowing"", ""Top1 Club & Perks""]"
Shopee,,id,2026-07-02,809769142,glad2glow-indo,Glad2Glow Official Store,KAB. TANGERANG,43514974352,Glad2Glow Peach Retinol Moisturizer 100g Pelembab Anti Penuaan Penghalang Kulit Mencerahkan Flek Hitam Mengurangi kerutan mencerahkan warna kulit menghaluskan kulit mengecilkan pori-pori membesar g2glow official store,https://shopee.co.id/product/809769142/43514974352,https://down-id.img.susercontent.com/file/id-11134207-8224q-mg7g9r4xkpot63,"[""https://down-id.img.susercontent.com/file/id-11134207-8224q-mg7g9r4xkpot63"", ""https://down-id.img.susercontent.com/file/id-11134207-822wt-mo0yyir76kg5d9"", ""https://down-id.img.susercontent.com/file/id-11134207-8224r-mg7g9r4xjb4d0e"", ""https://down-id.img.susercontent.com/file/id-11134207-7ra0j-mdb5xuarzupo24"", ""https://down-id.img.susercontent.com/file/id-11134207-7ra0h-mdb5xuas19a4dd"", ""https://down-id.img.susercontent.com/file/id-11134207-7ra0j-mdb5xuas42f0e8"", ""https://down-id.img.susercontent.com/file/id-11134207-7ra0k-mdb5xuas9oosd1""]","[""OFFICIAL_SHOP""]","[""id-11134258-7r98z-lykpu80ygbvs76""]",FSS_new+PromoXtraPlus,id-11134258-822ws-mnciva8io4qu2f,False,False,False,1756105464,108000,199000,108000,46,476043307925741,,,,,,10000.0,978.0,4.925561408372609,7214,"[12, 4, 41, 395, 6762]",[],GLAD2GLOW,3138611,100630,"[100630, 100664, 100893]",3824,BIG SIZE 100g,"[""[EXTRA DISC 20%]3PCS"", ""BIG SIZE 100g-1PC"", ""Set Anti-Aging 2PCS"", ""Day Cream+Krim 2PCS"", ""BIG SIZE 100g-2PCS"", ""Anti-Aging&Cerah 3PC"", ""Anti-Aging&Cerah-BIG"", ""Anti-Aging&Pulih 2PC"", ""Set Cerah 2PCS"", ""Anti-Aging&Cerah 2PC"", ""[LIVE DEAL]1pc""]"
Shopee,,id,2026-07-02,809769142,glad2glow-indo,Glad2Glow Official Store,KAB. TANGERANG,24577552378,Glad2Glow Perfect Blurring Powder Foundation waterproof setting two way cake TWC Mengandung squalane dan vitamin E concealer pengontrol minyak meratakan warna kulit bantalan udara yang menjaga kelembapan alas bedak krim BB concealer g2glow official store,https://shopee.co.id/product/809769142/24577552378,https://down-id.img.susercontent.com/file/id-11134207-822wn-mprlgkpo3r4005,"[""https://down-id.img.susercontent.com/file/id-11134207-822wn-mprlgkpo3r4005""]","[""OFFICIAL_SHOP""]","[""id-11134258-7r98z-lykpu80ygbvs76""]",FSS_new+PromoXtraPlus,id-11134258-822ws-mnciva8io4qu2f,False,False,False,1714476440,88900,149000,88900,40,476043307925741,,,,,,10000.0,1000.0,4.8899608238275345,132994,"[368, 217, 1099, 10313, 120997]",[],GLAD2GLOW,3138611,100630,"[100630, 100662, 100881, 101630]",64933,colour code,"[""00 Affogato"", ""01 Buttercream"", ""02 Praline - Hot!"", ""03 Custard - Hot!"", ""04 Ginger"", ""05 Cinnamon"", ""Makeup Set 02"", ""Makeup Set 03"", ""Makeup Remover 02"", ""Makeup Remover 03"", ""02-Praline"", ""03-Custard"", ""[LIVE DEAL]-03"", ""02 Praline-2pcs"", ""03 Custard-2pcs"", ""BUY 2 GET 1-02"", ""BUY 2 GET 1-03"", ""BUY 4 GET 1-02"", ""BUY 4 GET 1-03"", ""Top1 Club & Perks""]"
Shopee,,id,2026-07-02,809769142,glad2glow-indo,Glad2Glow Official Store,KAB. TANGERANG,29954788720,Glad2Glow Peach Retinol Moisturizer Pelembab Anti Penuaan Penghalang Kulit Mencerahkan Flek Hitam Mengurangi kerutan mencerahkan warna kulit menghaluskan kulit mengecilkan membesar melembabkan g2glow official store,https://shopee.co.id/product/809769142/29954788720,https://down-id.img.susercontent.com/file/id-11134207-822wk-mpwzcifh0uma57,"[""https://down-id.img.susercontent.com/file/id-11134207-822wk-mpwzcifh0uma57""]","[""OFFICIAL_SHOP""]","[""id-11134258-7r98z-lykpu80ygbvs76""]",PromoXtraPlusonly,id-11134258-822ws-mnciva8io4qu2f,False,False,False,1720431282,81900,199000,81900,59,476043307925741,,,,,,10000.0,1000.0,4.877719520029843,241278,"[578, 418, 2174, 21588, 216520]",[],GLAD2GLOW,3138611,100630,"[100630, 100664, 100893]",88941,Anti-Aging,"[""[HOT]BUY 5 GET 1Free"", ""[EXTRA DISC 20%]5PCS"", ""[HOT]Flash Sale-1PC"", ""Krim 3PCS"", ""[HOT]BIG SIZE 100g"", ""Glowing&Smooth 3in1"", ""Set Anti-Aging 2PCS"", ""Set Kulit Halus 2PCS"", ""1PCS-Dis"", ""Krim 2PCS"", ""[LIVE DEAL]5pcs"", ""Top1 Club & Perks""]"
Shopee,,id,2026-07-02,809769142,glad2glow-indo,Glad2Glow Official Store,KAB. TANGERANG,40656993496,[Better savings]Glad2Glow Clay Stick&Face Mask Complete Series-Brightening/Mugwort/Acne/Pore-face masker Sheet Mask g2glow official store,https://shopee.co.id/product/809769142/40656993496,https://down-id.img.susercontent.com/file/id-11134207-822wk-mpt8qsbfr2ff7a,"[""https://down-id.img.susercontent.com/file/id-11134207-822wk-mpt8qsbfr2ff7a"", ""https://down-id.img.susercontent.com/file/id-11134207-822wi-motbmdj92lu7d1"", ""https://down-id.img.susercontent.com/file/id-11134207-7ra0k-mboxjl9owfir13"", ""https://down-id.img.susercontent.com/file/id-11134207-7ra0h-mbp71jgicolsa6"", ""https://down-id.img.susercontent.com/file/id-11134207-7ra0o-mbp71jgifhqoc3"", ""https://down-id.img.susercontent.com/file/id-11134207-7ra0g-mbp71jgi9vgw90"", ""https://down-id.img.susercontent.com/file/id-11134207-7ra0h-mbp71jgiba1cd4"", ""https://down-id.img.susercontent.com/file/id-11134207-7ra0m-mbp71jgie3683b""]","[""OFFICIAL_SHOP""]","[""id-11134258-7r98z-lykpu80ygbvs76""]",PromoXtraPlusonly,id-11134258-822ws-mnciva8io4qu2f,False,False,False,1751440225,145000,339000,145000,57,476043307925741,,,,,,2000.0,184.0,4.945770065075922,461,"[1, 0, 3, 15, 442]",[],GLAD2GLOW,3138611,100630,"[100630, 100664, 100898]",458,Clay Stick,"[""Buy 9 Get1 Free-GEL"", ""Buy 8 Get1 Free-ACNE"", ""Buy8 Get1 Free-Glow"", ""Buy8 Get1 Free-Pore"", ""Buy8 Get1 Free-Clay2"", ""Buy 8 Get1 Free-Clay"", ""Buy8 Get1 Free-pore1"", ""Buy 6 Get1 Free-GEL"", ""Buy 5 Get1 Free-ACNE"", ""Buy 5 Get1 Free-Glow"", ""Buy 5 Get1 Free-Pore"", ""Gel Mask-5PCS"", ""Glowing-5PCS"", ""Eksfoliasi-5PCS"", ""Eksfoliasi Mask-5PCS"", ""ACNE-5PCS"", ""Glow Clay Mask-5PCS"", ""out of stock""]"
Shopee,,id,2026-07-02,809769142,glad2glow-indo,Glad2Glow Official Store,KAB. TANGERANG,40872286136,[OUTING SET]Glad2Glow  Niacinamide Tone Up Cream 4in1  cerah Moisturizer  day &Night Cream whitening cream skincare glowing g2glow official store,https://shopee.co.id/product/809769142/40872286136,https://down-id.img.susercontent.com/file/id-11134207-81ztf-mq2pbivfw45q42,"[""https://down-id.img.susercontent.com/file/id-11134207-81ztf-mq2pbivfw45q42""]","[""OFFICIAL_SHOP""]","[""id-11134258-7r98z-lykpu80ygbvs76""]",FSS_new+PromoXtraPlus,id-11134258-822ws-mnciva8io4qu2f,False,False,False,1759147032,130055,249000,130055,48,931791142240256,,,,,,10000.0,1000.0,4.913508159115792,19181,"[25, 13, 139, 1242, 17762]",[],GLAD2GLOW,3138611,100630,"[100630, 100665]",5354,SET,"[""[NEW]5PCS Outing Set"", ""[HOT]4PCS Outing Set"", ""[NEW]Tone Up 5PCS"", ""5PCS Instant Glowing"", ""Instant Glowing 5PCS"", ""5PCS Instant Glow03"", ""5PCS GLOWING SET-03"", ""5PCS GLOWING SET"", ""HOT-4PCS Tone Up Set"", ""4PCS Instant Glowing"", ""3PCS Outing Set"", ""4PCS GLOWING SET-01"", ""Top1 Club & Perks""]"
Shopee,,id,2026-07-02,809769142,glad2glow-indo,Glad2Glow Official Store,KAB. TANGERANG,19691541572,Glad2Glow Pomegranate Niacinamide Brightening Moisturizer Mencerahkan Pemutih Kulit Gel Pelembab Bercahaya Krim Siang dan Malam Perawatan Kulit Ekstrak DelimaPelembab Esensi Wajah Perawatan Kulit g2glow official store,https://shopee.co.id/product/809769142/19691541572,https://down-id.img.susercontent.com/file/id-11134207-81ztg-mq44fmkjv28f46,"[""https://down-id.img.susercontent.com/file/id-11134207-81ztg-mq44fmkjv28f46""]","[""OFFICIAL_SHOP""]","[""id-11134258-7r98z-lykpu80ygbvs76""]",PromoXtraPlusonly,id-11134258-822ws-mnciva8io4qu2f,False,False,False,1691151275,43900,109000,43900,60,470649164558504,,,,,,10000.0,1000.0,4.879688143457459,463812,"[766, 654, 3991, 42793, 415608]","[""Any 2 at Rp82.900""]",GLAD2GLOW,3138611,100630,"[100630, 100664, 100893]",143890,variant,"[""Bright moisturizer"", ""Top1 Club & Perks""]"
Shopee,,id,2026-07-02,809769142,glad2glow-indo,Glad2Glow Official Store,KAB. TANGERANG,48860851679,[NEW LAUNCH]GLAD2GLOW FLAWLESS BLURRING SKIN TINT 15g Concealer Foundation Bedak padat Make up Lightweight Coverage Long-lasting 12-Hour Soft-Focus Flawless Skin oil-control  Bio-Mimetic Film Technology  Care g2glow official store,https://shopee.co.id/product/809769142/48860851679,https://down-id.img.susercontent.com/file/id-11134207-822wo-mprb9eo0bzeo99,"[""https://down-id.img.susercontent.com/file/id-11134207-822wo-mprb9eo0bzeo99""]","[""OFFICIAL_SHOP""]","[""id-11134258-7r98z-lykpu80ygbvs76""]",FSS_new+PromoXtraPlus,id-11134258-822ws-mnciva8io4qu2f,False,False,False,1779246440,39000,99000,39000,61,476043307925741,,,,,,10000.0,1000.0,4.876334067423344,11806,"[26, 24, 172, 940, 10644]","[""Any 2 at Rp71.000""]",GLAD2GLOW,3138611,100630,"[100630, 100662, 100881, 101628]",16907,SKIN TINT,"[""00 Affogato"", ""01 Buttercream"", ""02 Praline"", ""03 Custard"", ""04 Ginger"", ""05 Cinnamon"", ""Top1 Club & Perks""]"
Shopee,,id,2026-07-02,809769142,glad2glow-indo,Glad2Glow Official Store,KAB. TANGERANG,42464292818,"[New shades! ]Glad2Glow BRIGHTENING LIP SERUM ×GGBaby Special Edition  7g Ready Stock! Mencerahkan, Melembabkan Bibir dengan Warna Natural | Lip tint&Lip care g2g glad2glow official store",https://shopee.co.id/product/809769142/42464292818,https://down-id.img.susercontent.com/file/id-11134207-81zto-mq2p56red0xtfe,"[""https://down-id.img.susercontent.com/file/id-11134207-81zto-mq2p56red0xtfe""]","[""OFFICIAL_SHOP""]","[""id-11134258-7r98z-lykpu80ygbvs76""]",PromoXtraPlusonly,id-11134258-822ws-mnciva8io4qu2f,False,False,False,1755757162,57900,159000,57900,64,470649164558504,,,,,,10000.0,1000.0,4.9166280174032115,135915,"[226, 120, 1062, 7937, 126570]",[],GLAD2GLOW,3138611,100630,"[100630, 100664, 100900, 101673]",107318,LIP SERUM,"[""All Hot shades -7pcs"", ""ALL IN SHADES-7pcs"", ""[Top 1]03-Berry Soda"", ""[NEW]-Cherry pop"", ""[NEW]-Grape Jelly"", ""[NEW]-Pumpkin Frost"", ""Perfect 4 Shades-7pc"", ""5PCS 01+03+05+06+07"", ""Hot & New Set-5PCS"", ""01-Strawberry Glaze"", ""02-Peach Pie"", ""04-Pearl Sparkle"", ""[LIVE DEAL] 03"", ""[LIVE DEAL]all in 7p"", ""Top1 Club & Perks""]"
Shopee,,id,2026-07-02,809769142,glad2glow-indo,Glad2Glow Official Store,KAB. TANGERANG,42800295602,Glad2Glow Moisturizer Series Mencerahkan Pencerah Wajah Anti Jerawat Penuaan Hilangkan Flek Tenangkan Kulit Niacinamide 377 Retinol Centella Skincare Pelembab Esensi Perawatan Kulit day cream tone up g2g official store,https://shopee.co.id/product/809769142/42800295602,https://down-id.img.susercontent.com/file/id-11134207-822wl-mpwzcifh296q7e,"[""https://down-id.img.susercontent.com/file/id-11134207-822wl-mpwzcifh296q7e""]","[""OFFICIAL_SHOP""]","[""id-11134258-7r98z-lykpu80ygbvs76""]",FSS_new+PromoXtraPlus,id-11134258-822ws-mnciva8io4qu2f,False,False,False,1746776049,40900,99000,40900,59,476407239303767,,,,,,10000.0,1000.0,4.916140481972725,160599,"[200, 85, 1060, 10292, 148962]",[],GLAD2GLOW,3138611,100630,"[100630, 100664, 100893]",36488,Moisturizer,"[""[NEW]PDRNGlowing-30g"", ""Glowing-100g-DISC"", ""Glowing-100g-Bottled"", ""Glowing-100g"", ""Glowing-30g"", ""B5 Panthenol Gel"", ""B5 Panthenol Cream"", ""Repair-100g-big size"", ""Anti-wrinkle-100g"", ""Anti-wrinkle-30g"", ""Repair"", ""Antioksidan​"", ""Soothing-55g"", ""Soothing-100g"", ""Calm"", ""Acne"", ""Dark Spot"", ""Soothing-30g"", ""Tone Up Cream 30g"", ""[LIVE DEAL]Glow-30g"", ""[LIVE DEAL]Repair"", ""Top1 Club & Perks""]"
Shopee,,id,2026-07-02,809769142,glad2glow-indo,Glad2Glow Official Store,KAB. TANGERANG,42752568783,[HOT SALE]Glad2Glow Cherry Blossom Micellar Water 300ml Lembut cleansing oil Penghapus Makeup Waterproof Hapus Riasan Tahan Air dengan Centella & Tanpa Iritasi untuk Kulit Sensitif & Berjerawat g2glow official store,https://shopee.co.id/product/809769142/42752568783,https://down-id.img.susercontent.com/file/id-11134207-81zth-mq2p56rea7sxc6,"[""https://down-id.img.susercontent.com/file/id-11134207-81zth-mq2p56rea7sxc6""]","[""OFFICIAL_SHOP""]","[""id-11134258-7r98z-lykpu80ygbvs76""]",FSS_new+PromoXtraPlus,id-11134258-822ws-mnciva8io4qu2f,False,False,False,1748516145,48900,129000,48900,62,476043307925741,,,,,,10000.0,1000.0,4.922906880353689,112200,"[170, 108, 688, 6269, 104965]",[],GLAD2GLOW,3138611,100630,"[100630, 100662, 100884]",25704,Makeup Remover,"[""5Cherry+1pore clear"", ""SAVE MORE-300ML-5PCS"", ""HOT COMBO-5PCS"", ""BIG SIZE-300ML-3PCS"", ""[Trial]Cherry-1PC"", ""300ML-2PCS"", ""NEW-Brightening-2pcs"", ""1PC-FS"", ""Top1 Club & Perks""]"
Shopee,,id,2026-07-02,809769142,glad2glow-indo,Glad2Glow Official Store,KAB. TANGERANG,41101567247,Glad2Glow Facial Wash All Series-Pembersih low pH lembut/niacinamide/brightening/ACNE/eksfoliasi/asam amino/wajah sabun cuci muka face wash skincare,https://shopee.co.id/product/809769142/41101567247,https://down-id.img.susercontent.com/file/id-11134207-822wk-mpx07onz1erm7d,"[""https://down-id.img.susercontent.com/file/id-11134207-822wk-mpx07onz1erm7d""]","[""OFFICIAL_SHOP""]","[""id-11134258-7r98z-lykpu80ygbvs76""]",PromoXtraPlusonly,id-11134258-822ws-mnciva8io4qu2f,False,False,False,1747740526,38900,99000,38900,61,476043307925741,,,,,,10000.0,1000.0,4.902320478638584,78393,"[156, 78, 661, 5477, 72021]",[],GLAD2GLOW,3138611,100630,"[100630, 100664, 100891]",14254,Facial Cleanse,"[""[100g]-1pc Glow"", ""[save 26%]-Repair"", ""[save 26%]-100mlACNE"", ""[hot]-Gentle Glow"", ""[hot]-Gentle Repair"", ""[new]-Instant Glow"", ""Volcano"", ""Glycolic Acid"", ""Big Size-Repair"", ""Big Size-Acne care"", ""Anti-Jerawat 100ML"", ""Sensitive Skin"", ""Vita C Bright"", ""Matha Acne"", ""Moisturizing Cleansr"", ""Eksfoliasi"", ""Top1 Club & Perks""]"
Shopee,,id,2026-07-02,809769142,glad2glow-indo,Glad2Glow Official Store,KAB. TANGERANG,41500309150,Glad2Glow Pomegranate Niacinamide Power Bright Serum  Mencerahkan Wajah Pemutih Wajah  Serum Glowing  Serum And Essence Wajah  Bekas Jerawat g2glow official store,https://shopee.co.id/product/809769142/41500309150,https://down-id.img.susercontent.com/file/id-11134207-81zti-mq44fmkk3hn31f,"[""https://down-id.img.susercontent.com/file/id-11134207-81zti-mq44fmkk3hn31f"", ""https://down-id.img.susercontent.com/file/id-11134207-822wk-mpxjb86tyozybe"", ""https://down-id.img.susercontent.com/file/id-11134207-7ra0l-mdmjvucm5grz8d"", ""https://down-id.img.susercontent.com/file/id-11134207-7rbka-m9jxzupuizxa52"", ""https://down-id.img.susercontent.com/file/id-11134207-7rbk6-m9jxzupun7mmcb"", ""https://down-id.img.susercontent.com/file/id-11134207-7rbk6-m9jxzupult2656"", ""https://down-id.img.susercontent.com/file/id-11134207-7rbkb-ma2emwo5uvmafb""]","[""OFFICIAL_SHOP""]","[""id-11134258-7r98z-lykpu80ygbvs76""]",FSS_new+PromoXtraPlus,id-11134258-822ws-mnciva8io4qu2f,False,False,False,1746780038,39900,99000,39900,60,470649164558504,,,,,,10000.0,1000.0,4.923456469518925,61612,"[53, 30, 384, 3646, 57499]",[],GLAD2GLOW,3138611,100630,"[100630, 100664, 100896]",10749,GLOWING SERUM,"[""Buy6 Get1 Free"", ""[EXTRA 25% OFF]-6pcs"", ""1PC-Cerah"", ""Glowing-Buy 2 Get 1"", ""3PCS"", ""[EXTRA DISC 20%]5PCS"", ""2PCS-Cerah"", ""[70% off]4PCS"", ""[HOT]Set Glow 2PCS"", ""micellar water&serum"", ""[LIVE DEAL]-3pcs"", ""Top1 Club & Perks""]"
Shopee,,id,2026-07-02,809769142,glad2glow-indo,Glad2Glow Official Store,KAB. TANGERANG,45151558561,GLAD2GLOW 2%Niacinamide Brightening Tone Up Cream Day Cream Cerah Instan Moisturizer wajah cream pemutih wajah  Night Cream base make up whitening cream skincare glowing BB cream Mencerahkan warna kulit halus g2glow official store,https://shopee.co.id/product/809769142/45151558561,https://down-id.img.susercontent.com/file/id-11134207-822wo-mpsphe9e8utc56,"[""https://down-id.img.susercontent.com/file/id-11134207-822wo-mpsphe9e8utc56""]","[""OFFICIAL_SHOP""]","[""id-11134258-7r98z-lykpu80ygbvs76""]",PromoXtraPlusonly,id-11134258-822ws-mnciva8io4qu2f,False,False,False,1763377649,39900,129000,39900,69,470649164558504,,,,,,10000.0,1000.0,4.906288171202424,40958,"[60, 25, 366, 2798, 37709]",[],GLAD2GLOW,3138611,100630,"[100630, 100664, 100893]",16319,day cream,"[""30ml"", ""[HOT]Buy5 Get1Free"", ""30ml-3pcs"", ""[EXTRA 25% OFF]-6pcs"", ""[HOT SALE]30ml-5pcs"", ""30ml-FS"", ""30ml-2pcs"", ""Tone Up Cream Set"", ""[LIVE DEAL]1pc"", ""Top1 Club & Perks""]"
Shopee,,id,2026-07-02,809769142,glad2glow-indo,Glad2Glow Official Store,KAB. TANGERANG,25614268730,[HOT SALE]Glad2Glow Micellar Water 300ml cleansing oil cleansing balm micellar centella salycilic acid remover pembersih double cleansing pembersih make up remove cleanface facial  Menghilangkan jerawat Penghapus riasan g2glow official store,https://shopee.co.id/product/809769142/25614268730,https://down-id.img.susercontent.com/file/id-11134207-7ra0g-mdlh1tqlz8p702,"[""https://down-id.img.susercontent.com/file/id-11134207-7ra0g-mdlh1tqlz8p702"", ""https://down-id.img.susercontent.com/file/id-11134207-822wg-mpx182w57ci6f7"", ""https://down-id.img.susercontent.com/file/id-11134207-822wh-mnl66lqp14w5db"", ""https://down-id.img.susercontent.com/file/id-11134207-7rbk6-majaz3opfeky54"", ""https://down-id.img.susercontent.com/file/id-11134207-7rbk9-maxkoov70dpn2b"", ""https://down-id.img.susercontent.com/file/id-11134207-7ra0h-mbp7n0hwsf9832"", ""https://down-id.img.susercontent.com/file/id-11134207-7ra0g-mbrfv0xnou8k8d"", ""https://down-id.img.susercontent.com/file/id-11134207-7ra0n-mbp7n0hwsfvb79""]","[""OFFICIAL_SHOP""]","[""id-11134258-7r98z-lykpu80ygbvs76""]",FSS_new+PromoXtraPlus,id-11134258-822ws-mnciva8io4qu2f,False,False,False,1708420091,48900,99000,48900,51,476043307925741,,,,,,10000.0,1000.0,4.880229106928544,278321,"[852, 728, 2597, 22546, 251598]",[],GLAD2GLOW,3138611,100630,"[100630, 100662, 100884]",109015,Makeup Remover,"[""1PC-All Skins"", ""300ml-Brightening"", ""Big Size 200ml-Oil"", ""Cleans Oil-100ml"", ""1PC-Cleansing Balm"", ""HOT-VC-230ml"", ""1PC-VC-300ml"", ""1PC-Pore Clear"", ""1PC-Calm"", ""1PC-Acne"", ""[50%OFF]2PCS-Acne"", ""[50%OFF]2PCS-Calm"", ""[55%OFF]3PC-All Skin"", ""3PC-Brightening"", ""1PC-All Skins-disc"", ""[LIVE DEAL]cherry"", ""[LIVE DEAL]bright"", ""Top1 Club & Perks""]"
Shopee,,id,2026-07-02,809769142,glad2glow-indo,Glad2Glow Official Store,KAB. TANGERANG,26617444732,[Cocok Untuk Pemula]Glad2Glow Cerah Glowing Bundle all in 1 7in1-Brightening Moisturizer+Serum+Cleanser+toner+Peeling solution+Retinol 10%Niacinamide skincare paket pembersih perawatan kulit mencerahkan warna kulit g2glow official store,https://shopee.co.id/product/809769142/26617444732,https://down-id.img.susercontent.com/file/id-11134207-822wk-mpbzjx9knpc1a4,"[""https://down-id.img.susercontent.com/file/id-11134207-822wk-mpbzjx9knpc1a4""]","[""OFFICIAL_SHOP""]","[""id-11134258-7r98z-lykpu80ygbvs76""]",PromoXtraPlusonly,id-11134258-822ws-mnciva8io4qu2f,False,False,False,1731485205,184900,599000,184900,69,476043307925741,,,,,,10000.0,1000.0,4.875858084687011,323743,"[888, 622, 3410, 27952, 290871]",[],GLAD2GLOW,3138611,100630,"[100630, 100665]",123905,7in1 Glowing,"[""Bright Terlaris 9PCS"", ""Bright Lengkap 10PCS"", ""Favorit PDRN&RT 7PCS"", ""Favorit Cerah 7PCS"", ""Favorit Glow&RT 7PCS"", ""Premium Glow&RT 9PCS"", ""Hemat Glow&Fresh 8PS"", ""Klasik PDRN&RT 7PCS"", ""Favorit Flash 7PCS"", ""Klasik Renew 7PCS"", ""Hemat Glow&RT 8PCS"", ""Set Glow Harian 5PCS"", ""Top1 Club & Perks""]"
Shopee,,id,2026-07-02,809769142,glad2glow-indo,Glad2Glow Official Store,KAB. TANGERANG,29372960469,Glad2Glow Day & Night Renew Cerah Bundle 4-IN-1 Moisturizer+Serum Set Brightening 10%Niacinamide Peeling Eksfoliasi Retinol  tone up Pelembab Tubuh Kit Perawatan Kulit Hidrasi Delima Pelembab Wajah Pencerah g2glow official store,https://shopee.co.id/product/809769142/29372960469,https://down-id.img.susercontent.com/file/id-11134207-822wj-mpbvvf9ly6tp5e,"[""https://down-id.img.susercontent.com/file/id-11134207-822wj-mpbvvf9ly6tp5e""]","[""OFFICIAL_SHOP""]","[""id-11134258-7r98z-lykpu80ygbvs76""]",PromoXtraPlusonly,id-11134258-822ws-mnciva8io4qu2f,False,False,False,1736315715,74005,199000,74005,63,920815772681216,,,,,,10000.0,1000.0,4.8938635831715045,158089,"[265, 155, 1178, 12898, 143593]",[],GLAD2GLOW,3138611,100630,"[100630, 100665]",31701,RENEW SET,"[""5PCS Glowing-pdrn"", ""HOT-Glowing 5PCS"", ""Glow & PDRN 4PCS"", ""Glowing 5PCS"", ""PDRN+Retinol 5PCS"", ""[EXTRA 25% OFF]5pcs"", ""Glow+Retinol Set"", ""5PCS Glowing Set1"", ""5PCS Glowing Set2"", ""5PCS Glowing Set3"", ""[60%0FF]4PCS Peeling"", ""2PCS Glowing"", ""Top1 Club & Perks""]"
Shopee,,id,2026-07-02,809769142,glad2glow-indo,Glad2Glow Official Store,KAB. TANGERANG,27810365257,Glad2Glow Toner Complete Series - Brighten/Acne Toner/Barrier/Exfoliating toner-Skincare centella wajah eksfoliasi hydrating glowing brightening glycolic water g2glow Official Store,https://shopee.co.id/product/809769142/27810365257,https://down-id.img.susercontent.com/file/id-11134207-822wt-mpx07onz00768c,"[""https://down-id.img.susercontent.com/file/id-11134207-822wt-mpx07onz00768c""]","[""OFFICIAL_SHOP""]","[""id-11134258-7r98z-lykpu80ygbvs76""]",FSS_new+PromoXtraPlus,id-11134258-822ws-mnciva8io4qu2f,False,False,False,1725588783,44900,109000,44900,59,476043307925741,,,,,,10000.0,1000.0,4.896579763175281,98385,"[240, 126, 763, 7311, 89945]",[],GLAD2GLOW,3138611,100630,"[100630, 100664, 100892]",21389,Toner,"[""1PC-Glowing"", ""[ New ]1PC-VITA C"", ""1PC-Acne"", ""Set Glowing 2PCS"", ""Cerah & Hidrasi 2in1"", ""1PC Glycolic Toner"", ""3PCS-Glowing"", ""Glowing Set 3in1"", ""1PC-Exfoliating"", ""1PC-Repair"", ""3PCS-VC Brighten"", ""[Save 8K]2PCS-Glow"", ""Set Anti-wrinkle 2PC"", ""Set Smooth Skin 2PCS"", ""3PCS-Repair"", ""3PCS-Acne Care"", ""3PCS-Exfoliating"", ""Glow&DeepClean2in1"", ""1PC-Glowing-FS"", ""Top1 Club & Perks"", ""[LIVE DEAL]3pcs Glow""]"
Shopee,,id,2026-07-02,809769142,glad2glow-indo,Glad2Glow Official Store,KAB. TANGERANG,25090328302,Glad2Glow Acne Jerawat Bundle 7in1 paket Centella madeca cream-Moisturizer+Serum+Cleanser+Toner+Clay Stick+Gel Skincare  Mask Menghilangkan Menenangkan kemerahan pada kulit Atur Minyak BerlebihMerawat g2glow official store,https://shopee.co.id/product/809769142/25090328302,https://down-id.img.susercontent.com/file/id-11134207-81ztl-mq2pbivfrwgee2,"[""https://down-id.img.susercontent.com/file/id-11134207-81ztl-mq2pbivfrwgee2""]","[""OFFICIAL_SHOP""]","[""id-11134258-7r98z-lykpu80ygbvs76""]",FSS_new+PromoXtraPlus,id-11134258-822ws-mnciva8io4qu2f,False,False,False,1736476535,161500,599000,161500,73,932516454842368,,,,,,10000.0,1000.0,4.882599709102044,65315,"[161, 82, 753, 5272, 59047]",[],GLAD2GLOW,3138611,100630,"[100630, 100665]",17103,ACNE ALL IN 1,"[""[HOT]7PCS Acne&Mask"", ""7PCS-Acne"", ""5PCS-Acne(30g gel)"", ""HOT7PCS Acne&Peeling"", ""10PS Acne&Body serum"", ""10PCS Acne&Pads"", ""10PCS Acne  Skincare"", ""6PCS Acne&Mask"", ""[NEW]7PCS Acne&Clam"", ""9PCS Acne&Body serum"", ""8PCS Acne&Mask"", ""Peeling Acne 7in1"", ""Top1 Club & Perks""]"
Shopee,,id,2026-07-02,809769142,glad2glow-indo,Glad2Glow Official Store,KAB. TANGERANG,40027368442,Glad2Glow Cerah Glowing Outing Bundle all in 1 7in1-Brightening Moisturizer+Serum+Cleanser+toner+Peeling solution+Retinol 10%Niacinamide skincare paket pembersih perawatan kulit mencerahkan warna kulit g2glow official store,https://shopee.co.id/product/809769142/40027368442,https://down-id.img.susercontent.com/file/id-11134207-81zti-mq2pbivfyxamcb,"[""https://down-id.img.susercontent.com/file/id-11134207-81zti-mq2pbivfyxamcb""]","[""OFFICIAL_SHOP""]","[""id-11134258-7r98z-lykpu80ygbvs76""]",FSS_new+PromoXtraPlus,id-11134258-822ws-mnciva8io4qu2f,False,False,False,1766138706,229805,799000,229805,71,931791142240256,,,,,,10000.0,1000.0,4.903003944573682,9887,"[30, 15, 83, 628, 9131]",[],GLAD2GLOW,3138611,100630,"[100630, 100665]",5508,Outing set,"[""[HOT]Glow 9PCS"", ""[HOT]Instant Glow"", ""[HOT]Day&Night 9in1"", ""All in1 Glow"", ""[NEW]All in1 Glow"", ""[NEW]Glow-PDRN9PCS"", ""[Extra Dis 25%] 9PCS"", ""[NEW]All in1 Glow-02"", ""[NEW]Outing 7PCS"", ""[NEW]Outing 7PCS-02"", ""[HOT]Outing 7PCS"", ""Whole Glow 7PCS"", ""[LIVE DEAL]FlashGlow"", ""[LIVE DEAL]Out 7PCS"", ""Top1 Club & Perks""]"
Shopee,,id,2026-07-02,809769142,glad2glow-indo,Glad2Glow Official Store,KAB. TANGERANG,24742813269,[Hemat 60%]Glad2Glow Facial Wash all Series-Low PH Gel Centella Mencerahkan Pencerah Wajah Anti Jerawat Penuaan Hilangkan Flek & Tenangkan face wash Pembersih Wajah Membersihkan kotoran dan minyak Menjaga pelindung kulit Mengobati Cleanser,https://shopee.co.id/product/809769142/24742813269,https://down-id.img.susercontent.com/file/id-11134207-822wh-mpt8qsbfsgzva7,"[""https://down-id.img.susercontent.com/file/id-11134207-822wh-mpt8qsbfsgzva7"", ""https://down-id.img.susercontent.com/file/id-11134207-822wj-mp67jv14cwlda5"", ""https://down-id.img.susercontent.com/file/id-11134207-822ws-mnkvw7xne13725"", ""https://down-id.img.susercontent.com/file/id-11134207-7rbk8-may2n7dffl2w29"", ""https://down-id.img.susercontent.com/file/id-11134207-8224s-mi9ofznuss8yf6"", ""https://down-id.img.susercontent.com/file/id-11134207-82250-mipbdjjbn4zk85"", ""https://down-id.img.susercontent.com/file/id-11134207-8224u-miay7f0sf2td39"", ""https://down-id.img.susercontent.com/file/id-11134207-8224p-mi58kdx7vt3ac6"", ""https://down-id.img.susercontent.com/file/id-11134207-822wr-mmhe60cvy5mrb8""]","[""OFFICIAL_SHOP""]","[""id-11134258-7r98z-lykpu80ygbvs76""]",PromoXtraPlusonly,id-11134258-822ws-mnciva8io4qu2f,False,False,False,1742284896,173400,399000,173400,57,476043307925741,,,,,,10000.0,1000.0,4.925351557366277,7667,"[37, 7, 42, 319, 7262]",[],GLAD2GLOW,3138611,100630,"[100630, 100664, 100891]",2135,cleanser,"[""Buy9 get 1Free-Glow"", ""Buy9 get 1Free-Gel"", ""Buy9 get 1Free-Acne"", ""Buy9 get 1Free-Pore"", ""Buy9 get 1Free -1"", ""Buy8 get 1Free-Milk"", ""Buy8 get1 free -2"", ""Buy9 get 1Free-Cerah"", ""[Buy6 get 1]-glow70g"", ""[Buy6 Get1]-Gel"", ""[Buy6 Get1]-ACNE"", ""[Buy6 Get1]-Pore"", ""[BUY5 GET1]-milk"", ""[Buy6 Get1]-Cerah"", ""5PCS-Glow"", ""7PCS Gentle repair"", ""7PCS Anti-Jerawat"", ""7PCS Gentle Glow"", ""Buy9 get 1Free-Lowph"", ""Buy9 get 1Free-Exfo."", ""Buy9 get 1Fre-Matcha"", ""Buy9 get 1Free-Calm"", ""Buy9 get 1Free-VC"", ""[Buy6 Get1]-Low ph"", ""[Buy6 Get1]-Calm"", ""[Buy6 Get1]-Exfo."", ""[Buy6 Get1]-Matcha"", ""[Buy6 Get1]-VC"", ""Top1 Club & Perks""]"
Shopee,,id,2026-07-02,809769142,glad2glow-indo,Glad2Glow Official Store,KAB. TANGERANG,28927852106,Glad2Glow Perfect cover cushion  Setting  dengan kandungan skincare mencegah kekusaman dan kulit kering sepanjang hari G2G Concealer Foundation Wajah Extract Mencerahkan Lasting refill Compact g2glow official store,https://shopee.co.id/product/809769142/28927852106,https://down-id.img.susercontent.com/file/id-11134207-7ra0u-mdb74ncyre3b2e,"[""https://down-id.img.susercontent.com/file/id-11134207-7ra0u-mdb74ncyre3b2e"", ""https://down-id.img.susercontent.com/file/id-11134207-8224z-mkovrejqkv0ma4"", ""https://down-id.img.susercontent.com/file/id-11134207-7rbkd-m6rxool55j7029"", ""https://down-id.img.susercontent.com/file/id-11134207-7rbkb-m6rxool5kzd50a"", ""https://down-id.img.susercontent.com/file/id-11134207-7rbkc-m6rxool55j8t14"", ""https://down-id.img.susercontent.com/file/id-11134207-7rbk0-m6rxool5kzlg42"", ""https://down-id.img.susercontent.com/file/id-11134207-7rbk5-m6rxool55jck7c"", ""https://down-id.img.susercontent.com/file/id-11134207-7rbk3-m6rxool5kzfw26""]","[""OFFICIAL_SHOP""]","[""id-11134258-7r98z-lykpu80ygbvs76""]",PromoXtraPlusonly,id-11134258-822ws-mnciva8io4qu2f,False,False,False,1740725112,78000,199000,78000,61,476043307925741,,,,,,10000.0,1000.0,4.908720107891188,30404,"[61, 28, 231, 1985, 28099]",[],GLAD2GLOW,3138611,100630,"[100630, 100662, 100881, 101628]",11018,Warna,"[""Save More-00REFILLx2"", ""Save More-01REFILLx2"", ""Save More-02REFILLx2"", ""Save More-03REFILLx2"", ""Save More-04REFILLx2"", ""Save More-05REFILLx2"", ""00 Affogato REFILL"", ""01Buttercream REFILL"", ""02 Praline REFILL"", ""03 Custard REFIL"", ""04 Ginger REFILL"", ""05 Cinnamon REFIL""]"
Shopee,,id,2026-07-02,809769142,glad2glow-indo,Glad2Glow Official Store,KAB. TANGERANG,40507001358,[Paket 5PCS]Glad2Glow Micellar Water 300ml cleansing oil cleansing balm micellar centella salycilic acid remover pembersih double cleansing pembersih make up make up remove cleanface facial wash Menghilangkan jerawat Penghapus riasan g2glow official store,https://shopee.co.id/product/809769142/40507001358,https://down-id.img.susercontent.com/file/id-11134207-822ws-mpwzx5pbn6kr2e,"[""https://down-id.img.susercontent.com/file/id-11134207-822ws-mpwzx5pbn6kr2e"", ""https://down-id.img.susercontent.com/file/id-11134207-822ws-mpx182w534su29"", ""https://down-id.img.susercontent.com/file/id-11134207-822wt-mpusgx06fq4hab"", ""https://down-id.img.susercontent.com/file/id-11134207-7rbk9-maxkoov70dpn2b"", ""https://down-id.img.susercontent.com/file/id-11134207-822wn-mpusgx06h4ox60"", ""https://down-id.img.susercontent.com/file/id-11134207-822wu-mozd4tanipduf5"", ""https://down-id.img.susercontent.com/file/id-11134207-822wm-mohwpoemspvy97"", ""https://down-id.img.susercontent.com/file/id-11134207-822wu-mpusgx00p8nf89""]","[""OFFICIAL_SHOP""]","[""id-11134258-7r98z-lykpu80ygbvs76""]",PromoXtraPlusonly,id-11134258-822ws-mnciva8io4qu2f,False,False,False,1751438721,150000,599000,150000,75,476043307925741,,,,,,10000.0,1000.0,4.926336194959845,3618,"[15, 6, 21, 146, 3430]",[],GLAD2GLOW,3138611,100630,"[100630, 100662, 100884]",1446,Makeup Remover,"[""8PCS+Free-Skintint02"", ""5PCS+Free-Skintint02"", ""5PCS-Bright+Free-02"", ""8Cherry+1pore clear"", ""8Brightening+1clear"", ""5Cherry+1clear"", ""5Brightening+1clear"", ""5Clean oil+1clear"", ""4Cherry+1Brightening"", ""Cherry-5PCS"", ""Cherry-230ml-5PCS"", ""Brightening-5PCS"", ""VC-5PCS"", ""Pore Clearing-5PCS"", ""Acne Care-5PCS"", ""Calm-5PCS"", ""[LIVE DEAL]bright"", ""Top1 Club & Perks""]"
Shopee,,id,2026-07-02,809769142,glad2glow-indo,Glad2Glow Official Store,KAB. TANGERANG,25564103539,Glad2Glow Peach Retinol Serum aging serum  Anti-kerut Pulihkan  glowing serum pelembab exfoliasi wajah Membantu mencegah glad2glow official store,https://shopee.co.id/product/809769142/25564103539,https://down-id.img.susercontent.com/file/id-11134207-822wl-mpsphe9ek3cwd8,"[""https://down-id.img.susercontent.com/file/id-11134207-822wl-mpsphe9ek3cwd8""]","[""OFFICIAL_SHOP""]","[""id-11134258-7r98z-lykpu80ygbvs76""]",FSS_new+PromoXtraPlus,id-11134258-822ws-mnciva8io4qu2f,False,False,False,1708344642,79900,199000,79900,60,931791142240256,,,,,,10000.0,1000.0,4.890054813349649,59657,"[140, 109, 434, 4804, 54170]",[],GLAD2GLOW,3138611,100630,"[100630, 100664, 100896]",27102,Retinol Serum,"[""[HOT SALE]Buy6 Get7"", ""[EXTRA 25% OFF]-6pcs"", ""Hot Sale 1PC"", ""Retinol Serum 3PCS"", ""[EXTRA DISC 20%]5PCS"", ""Flash Sale 1PC"", ""Retinol Serum 2PCS"", ""Anti-Aging 2PCS"", ""Day and Night Renew"", ""Kulit Halus 2PCS"", ""Set Dark Spot 2PCS""]"
Shopee,,id,2026-07-02,809769142,glad2glow-indo,Glad2Glow Official Store,KAB. TANGERANG,43150301998,[Hemat 5PCS] Glad2Glow Serum Series - Brightening Mencerahkan Mengurangi Flek Menghaluskan Kulit Meratakan Warna Skincare Kulit Memudarkan Jerawat Niacinamide AHA BHA Centella 377 Perawatan Kulit Peeling Lembut Eksfoliasi Tidak Perih g2glow official store,https://shopee.co.id/product/809769142/43150301998,https://down-id.img.susercontent.com/file/id-11134207-8224w-mj83fjenorgg11,"[""https://down-id.img.susercontent.com/file/id-11134207-8224w-mj83fjenorgg11"", ""https://down-id.img.susercontent.com/file/id-11134207-822wl-mpdmdxrkywb240"", ""https://down-id.img.susercontent.com/file/id-11134207-7rbkb-mb2aerfq9mlwba"", ""https://down-id.img.susercontent.com/file/id-11134207-7ra0h-mbp7hww6kcsm96"", ""https://down-id.img.susercontent.com/file/id-11134207-7ra0q-mbvr242gs0fn5b"", ""https://down-id.img.susercontent.com/file/id-11134207-7ra0u-mbp7hww6hjnqfb"", ""https://down-id.img.susercontent.com/file/id-11134207-7ra0j-mbp7hww6g53aa9"", ""https://down-id.img.susercontent.com/file/id-11134207-7ra0n-mbp7hww6iy86ea""]","[""OFFICIAL_SHOP""]","[""id-11134258-7r98z-lykpu80ygbvs76""]",PromoXtraPlusonly,id-11134258-822ws-mnciva8io4qu2f,False,False,False,1746777717,166000,599000,166000,72,476043307925741,,,,,,10000.0,631.0,4.897803468208092,4330,"[24, 5, 25, 281, 3995]",[],GLAD2GLOW,3138611,100630,"[100630, 100664, 100896]",1698,Serum,"[""[Peeling]-Buy3Get1"", ""[PDRN]-Buy3Get1"", ""Buy8 Get1 Free"", ""[Retinol]Buy6 Get1"", ""[Retinol]Buy9 Get1"", ""Buy9 Get1 Free"", ""Buy5 Get1"", ""Buy7 Get1"", ""PDRN"", ""Peeling-5PCS"", ""Cerah-5PCS"", ""Anti-kerut-5PCS"", ""Dark Spot-5PCS"", ""Anti Jerawat-5PCS"", ""[LIVE ONLY]5pcs-1"", ""[LIVE ONLY]5pcs-2"", ""[LIVE DEAL]5pcs""]"
Shopee,,id,2026-07-02,809769142,glad2glow-indo,Glad2Glow Official Store,KAB. TANGERANG,44357002770,[Hemat 60%]Glad2Glow Toner Complete Series-Brightening/Acne care/Barrier/Exfoliating/hydrating-Skincare toner centella/glycolic toner wajah eksfoliasi water gloglowing exfoliasi g2glow official store,https://shopee.co.id/product/809769142/44357002770,https://down-id.img.susercontent.com/file/id-11134207-7ra0h-mcimknsw7quwce,"[""https://down-id.img.susercontent.com/file/id-11134207-7ra0h-mcimknsw7quwce"", ""https://down-id.img.susercontent.com/file/id-11134207-822wh-motcndeve1vv30"", ""https://down-id.img.susercontent.com/file/id-11134207-7ra0o-mbp65pgv93vi11"", ""https://down-id.img.susercontent.com/file/id-11134207-7ra0u-mboxjl9oo04366"", ""https://down-id.img.susercontent.com/file/id-11134207-7ra0q-mbp71jgi1g28c6"", ""https://down-id.img.susercontent.com/file/id-11134207-7ra0n-mbp71jg8d3bo30"", ""https://down-id.img.susercontent.com/file/id-11134207-7ra0p-mbp65pgvg4pq59"", ""https://down-id.img.susercontent.com/file/id-11134207-7ra0s-mbp65pgveq5a98""]","[""OFFICIAL_SHOP""]","[""id-11134258-7r98z-lykpu80ygbvs76""]",PromoXtraPlusonly,id-11134258-822ws-mnciva8io4qu2f,False,False,False,1751440799,172500,499000,172500,65,476043307925741,,,,,,4000.0,430.0,4.954545454545454,990,"[3, 0, 2, 29, 956]",[],GLAD2GLOW,3138611,100630,"[100630, 100664, 100892]",360,Toner,"[""Buy8 Get1 Free-Glow"", ""Buy8 Get1 Free-Cerah"", ""Buy8 Get1 Fre-Repair"", ""Buy8 Get1 Free-ACNE"", ""Buy8 Get1 Free-Exfo."", ""Buy8 Get1 Free-VC"", ""Buy5 Get1 Free-Glow1"", ""Buy5 Get1 Free-Glow2"", ""Buy5 Get1 Free-Glow3"", ""Buy5 Get1 Fre-Repair"", ""Buy5 Get1 Free-ACNE"", ""Buy5 Get1 Free-VC"", ""Buy5 Get1 Free-Exfo."", ""Buy5 Get1 Free-Cerah"", ""Glowing-5PCS"", ""Glycolic Toner-5pcs"", ""Acne care-5PCS"", ""Repair-5PCS"", ""Exfoliating-5PCS"", ""VitaC Glow-5PCS"", ""[LIVE DEAL] 5pc Glow""]"
Shopee,,id,2026-07-02,809769142,glad2glow-indo,Glad2Glow Official Store,KAB. TANGERANG,50754762666,[BELI 7 DAPAT 9!] Glad2Glow Prefect Cover Glowing Outing Bundle all in 1 10in1 Brightening Moisturizer+Serum+Cushion+Cleanser+Clay Stick+Retinol+Micellar Water 10%Niacinamide skincare paket pembersih perawatan kulit mencerahkan warna kulit g2g official,https://shopee.co.id/product/809769142/50754762666,https://down-id.img.susercontent.com/file/id-11134207-822wn-moot8dotewb2b1,"[""https://down-id.img.susercontent.com/file/id-11134207-822wn-moot8dotewb2b1""]","[""OFFICIAL_SHOP""]","[""id-11134258-7r98z-lykpu80ygbvs76""]",PromoXtraPlusonly,id-11134258-822ws-mnciva8io4qu2f,False,False,False,1768546086,333925,899000,333925,63,931791142240256,,,,,,625.0,46.0,4.800904977375565,221,"[2, 1, 4, 25, 189]",[],GLAD2GLOW,3138611,100630,"[100630, 100665]",205,All in One,"[""[NEW]all in 1-02"", ""[NEW]all in 1-03"", ""[B7G9]all in 1-02"", ""[B7G9]all in 1-03"", ""GLOW Set 02"", ""GLOW Set 03"", ""[LIVE DEAL]9pcs-02""]"
Shopee,,id,2026-07-03,809769142,glad2glow.indo,Glad2Glow Official Store,KAB. TANGERANG,48812376598,Glad2Glow Clay Stick&Face Mask Series-Pomegranate Brightening/Mugwort Acne/ Volcanic Pore-sleeping masker g2glow official store,https://shopee.co.id/product/809769142/48812376598,https://down-id.img.susercontent.com/file/id-11134207-822wm-mpki8rwwvwul29,"[""https://down-id.img.susercontent.com/file/id-11134207-822wm-mpki8rwwvwul29""]","[""OFFICIAL_SHOP""]","[""id-11134258-7r98z-lykpu80ygbvs76""]",FSS+Promo_Xtra,id-11134258-8224z-mkvwcf6270g1ad,False,False,False,1781680606,38900,99000,38900,61,476043307925741,,,,,,410.0,395.0,4.884297520661157,121,"[0, 0, 1, 12, 108]","[""Produk Baru""]",GLAD2GLOW,3138611,100630,"[100630, 100664, 100898]",139,Clay Stick,"[""1PC-ACNE gel"", ""ACNE Gel-100g"", ""1PC-Acne Care"", ""1PC-Glowing"", ""1PC-Eksfoliasi"", ""Pori Masker"", ""out of stock""]"
Shopee,,id,2026-07-03,809769142,glad2glow.indo,Glad2Glow Official Store,KAB. TANGERANG,53257417325,"[100ML SAVE 30%]Glad2Glow Centella Salicylic Acid Acne Gel Cleanser facial wash pembersih wajah sabun cuci muka face wash skincare Menenangkan kulit berjerawat dan kemerahan,mengontrol minyak berlebih G2G glad2glow officia store",https://shopee.co.id/product/809769142/53257417325,https://down-id.img.susercontent.com/file/id-11134207-822wt-mm1irf40nklkff,"[""https://down-id.img.susercontent.com/file/id-11134207-822wt-mm1irf40nklkff""]","[""OFFICIAL_SHOP""]","[""id-11134258-7r98z-lykpu80ygbvs76""]",FSS+Promo_Xtra,id-11134258-8224z-mkvwcf6270g1ad,False,False,False,1773915419,39000,99000,39000,61,476043307925741,,,,,,4000.0,1000.0,4.90725126475548,1186,"[3, 0, 11, 76, 1096]",[],GLAD2GLOW,3138611,100630,"[100630, 100664, 100891]",167,Anti-Jerawat,"[""[100ml]-ACNE 1pc"", ""3PCS Acne Care"", ""5PCS Acne Care"", ""Set Acne Care 2PCS""]"
Shopee,,id,2026-07-03,809769142,glad2glow.indo,Glad2Glow Official Store,KAB. TANGERANG,50653226025,[BUY 3 SAVE 10.5k!TRAVEL&TRIAL! ] Glad2Glow PORE CLEARING MICELLAR WATER&BRIGHTENING MICELLAR WATER Cepat Menghapus Makeup & Mencerahkan kulit Penghapus Makeup Waterproof Hapus Riasan Tahan dan Tanpa Iritasi g2glow official store,https://shopee.co.id/product/809769142/50653226025,https://down-id.img.susercontent.com/file/id-11134207-822wm-mmgy0itopkhw0d,"[""https://down-id.img.susercontent.com/file/id-11134207-822wm-mmgy0itopkhw0d"", ""https://down-id.img.susercontent.com/file/id-11134207-8224w-micvowv008p4f8"", ""https://down-id.img.susercontent.com/file/id-11134207-8224p-micvowuzw0zs28"", ""https://down-id.img.susercontent.com/file/id-11134207-8224z-micvowuzumfcea"", ""https://down-id.img.susercontent.com/file/sg-11134201-824ji-mpl1x0khmv4f40"", ""https://down-id.img.susercontent.com/file/id-11134207-8224q-micfpw5pnock49"", ""https://down-id.img.susercontent.com/file/id-11134207-8224z-micfpw5pp2x05e"", ""https://down-id.img.susercontent.com/file/id-11134207-8224u-micfpw5pqhhg06""]","[""OFFICIAL_SHOP""]","[""id-11134258-7r98z-lykpu80ygbvs76""]",Promo_Xtra,id-11134258-822wn-mlx9cgtbn85k12,False,False,False,1765964668,33000,89000,33000,63,476043307925741,,,,,,8000.0,835.0,4.918381831085877,2818,"[5, 2, 20, 164, 2627]","[""Add-on Deal""]",GLAD2GLOW,3138611,100630,"[100630, 100662, 100884]",1262,Makeup Remover,"[""[HOT]Brightening"", ""Pore Clearing"", ""2PC-Pore Clearing""]"
Shopee,,id,2026-07-03,809769142,glad2glow.indo,Glad2Glow Official Store,KAB. TANGERANG,57859689025,Glad2Glow All IN ONE MAKEUP REMOVER 60ml Untuk Semua Kulit Lembut cleansing oil Penghapus Makeup Waterproof Hapus Riasan Tahan Air dengan dan Dual-Phase Makeup Melting Solution Tanpa Iritasi untuk Kulit Sensitif dan Berjerawat g2glow official store,https://shopee.co.id/product/809769142/57859689025,https://down-id.img.susercontent.com/file/sg-11134201-820o5-mnmsl23v356s29,"[""https://down-id.img.susercontent.com/file/sg-11134201-820o5-mnmsl23v356s29"", ""https://down-id.img.susercontent.com/file/sg-11134201-820m3-mnmsl2k8oz600d"", ""https://down-id.img.susercontent.com/file/sg-11134201-820mw-mnmsl2s7shs23d"", ""https://down-id.img.susercontent.com/file/sg-11134201-820mn-mnmsl3266dj402"", ""https://down-id.img.susercontent.com/file/sg-11134201-820n3-mnmsl3cj8d8i3e"", ""https://down-id.img.susercontent.com/file/sg-11134201-820oo-mnmsl3mkrxtx10"", ""https://down-id.img.susercontent.com/file/sg-11134201-824gl-mpmk3vogxjb444""]","[""OFFICIAL_SHOP""]","[""id-11134258-7r98z-lykpu80ygbvs76""]",FSS+Promo_Xtra,id-11134258-8224z-mkvwcf6270g1ad,False,False,False,1777460634,22000,99000,22000,78,476043307925741,,,,,,759.0,750.0,4.8389261744966445,149,"[0, 2, 1, 16, 130]",[],GLAD2GLOW,3138611,100630,"[100630, 100662, 100884]",174,Makeup Remover,"[""pink 60ml-travel"", ""pink 60ml-travel*2"", ""blue 60ml-travel"", ""blue 60ml-travel*2""]"
Shopee,,id,2026-07-03,809769142,glad2glow.indo,Glad2Glow Official Store,KAB. TANGERANG,27070128649,GLAD2GLOW PERFECT VITA C BRIGHT GLOW MICELLAR WATER 300ml Pembersih Wajah Make Up Remover Cleansing Water Mencerahkan Dark Spot Membersihkan makeup waterproof dan kotoran Memberikan rasa lembab dan mencerahkan kulit kusam,https://shopee.co.id/product/809769142/27070128649,https://down-id.img.susercontent.com/file/id-11134207-822wl-mmty6jmycged79,"[""https://down-id.img.susercontent.com/file/id-11134207-822wl-mmty6jmycged79"", ""https://down-id.img.susercontent.com/file/id-11134207-8224v-mhsqlbwurpj617"", ""https://down-id.img.susercontent.com/file/id-11134207-82252-mhuemm86wo3lf2""]","[""OFFICIAL_SHOP""]","[""id-11134258-7r98z-lykpu80ygbvs76""]",Promo_Xtra,id-11134258-822wn-mlx9cgtbn85k12,False,False,False,1733726417,48900,99000,48900,51,476043307925741,,,,,,10000.0,839.0,4.910669680028548,8407,"[16, 12, 58, 535, 7786]",[],GLAD2GLOW,3138611,100630,"[100630, 100662, 100884]",2693,VITAMIN C,"[""130ml-Travel&Trial"", ""230ml-1PC"", ""300ml-1PCS"", ""2PCS-300ml"", ""3PCS-300ml"", ""5PCS-300ml"", ""130ml+300ml"", ""130ml+300ml*3""]"
Shopee,,id,2026-07-03,809769142,glad2glow.indo,Glad2Glow Official Store,KAB. TANGERANG,56153897478,[Shade Spesial Kulit Gelap] Glad2Glow Flawless Blurring Skin Tint 30G | Foundation Concealer Ringan | Coverage Tinggi | 12-Hour Soft-Focus | Oil Control | Bio-Mimetic Film Technology | g2g Official Store,https://shopee.co.id/product/809769142/56153897478,https://down-id.img.susercontent.com/file/id-11134207-82250-miwrv14cxtkwda,"[""https://down-id.img.susercontent.com/file/id-11134207-82250-miwrv14cxtkwda""]","[""OFFICIAL_SHOP""]","[""id-11134258-7r98z-lykpu80ygbvs76""]",Promo_Xtra,id-11134258-822wn-mlx9cgtbn85k12,False,False,False,1767003941,55000,99000,55000,44,476043307925741,,,,,,2000.0,259.0,4.9167862266857965,697,"[1, 0, 5, 44, 647]","[""Add-on Deal""]",GLAD2GLOW,3138611,100630,"[100630, 100662, 100881, 101628]",752,Cushion,"[""[HOT]03 Custard"", ""04 Ginger"", ""05 Cinnamon"", ""03-2PCS"", ""04-2PCS"", ""[Save more]05-2PCS"", ""04 Ginger+03 lip"", ""[Save more]05+03 lip""]"
Shopee,,id,2026-07-03,809769142,glad2glow.indo,Glad2Glow Official Store,KAB. TANGERANG,43079846216,"[New shades! ]Glad2Glow×GGBaby Special Edition BRIGHTENING LIP SERUM 7g Ready Stock! Mencerahkan, Melembabkan Bibir dengan Warna Natural | Lip tint&Lip care",https://shopee.co.id/product/809769142/43079846216,https://down-id.img.susercontent.com/file/id-11134207-822wi-mp8rknppyvb6a7,"[""https://down-id.img.susercontent.com/file/id-11134207-822wi-mp8rknppyvb6a7""]","[""OFFICIAL_SHOP""]","[""id-11134258-7r98z-lykpu80ygbvs76""]",FSS+Promo_Xtra,id-11134258-8224z-mkvwcf6270g1ad,False,False,False,1775630822,58900,159000,58900,63,476043307925741,,,,,,5000.0,1000.0,4.93257074051776,1661,"[1, 1, 5, 95, 1559]",[],GLAD2GLOW,3138611,100630,"[100630, 100664, 100900, 101673]",1349,LIP SERUM,"[""[Top 1]03-Berry Soda"", ""[NEW]-Cherry pop"", ""[NEW]-Pumpkin Frost"", ""Best Sellers-7PCS"", ""Hot & New Set-5PCS"", ""Hot & New Set-3PCS"", ""hot-01+02+03+04-4PCS"", ""hot-01-2PCS+03-2PCS"", ""2PCS Lebih Cuan-01*2"", ""2PCS Lebih Cuan-03*2"", ""2PCS Lebih Cuan 01+3"", ""01-Shopee Special"", ""01-Strawberry Glaze"", ""02-Peach Pie"", ""04-Pearl Sparkle"", ""01-3PCS"", ""03-3PCS"", ""[NEW]-Grape Jelly""]"
Shopee,,id,2026-07-03,809769142,glad2glow.indo,Glad2Glow Official Store,KAB. TANGERANG,47806001969,[Ready Stock]Glad2Glow Perfect Cover Cushion Foundation Waterproof Make Up Setting Concealer BB Cream Tahan Lama Hingga 12 Jam Hasil Akhir Glowing Dan Menyatu Dengan Warna Kulit Tekstur Ringan Di Wajah g2glow official store,https://shopee.co.id/product/809769142/47806001969,https://down-id.img.susercontent.com/file/id-11134207-822wi-mogr4ac3b02333,"[""https://down-id.img.susercontent.com/file/id-11134207-822wi-mogr4ac3b02333""]","[""OFFICIAL_SHOP""]","[""id-11134258-7r98z-lykpu80ygbvs76""]",FSS+Promo_Xtra,id-11134258-8224z-mkvwcf6270g1ad,False,False,False,1770606302,78000,199000,78000,61,476043307925741,,,,,,8000.0,1000.0,4.929627969520395,2231,"[0, 0, 15, 127, 2089]","[""Add-on Deal""]",GLAD2GLOW,3138611,100630,"[100630, 100662, 100881, 101628]",2225,Cushion,"[""HEMAT 20k!  02+02"", ""HEMAT 20k!  03+03"", ""00 Affogato"", ""01 Buttercream"", ""02 Praline-hot sale"", ""03 Custard-hot sale"", ""04 Ginger-hot sale"", ""05 Cinnamon"", ""00 Affogato REFILL"", ""01Buttercream REFILL"", ""02 Praline REFILL"", ""03 Custard REFIL"", ""04 Ginger REFILL"", ""05 Cinnamon REFIL"", ""disc 20% - 01"", ""disc 20% - 02"", ""disc 20% - 03"", ""HERO-02""]"
Shopee,,id,2026-07-03,809769142,glad2glow.indo,Glad2Glow Official Store,KAB. TANGERANG,55602023813,[NEW LAUNCH] Glad2Glow Perfect Cover Glow Cushion Refill - High Coverage&Glowing 12Jam g2g Official Store,https://shopee.co.id/product/809769142/55602023813,https://down-id.img.susercontent.com/file/id-11134207-8224w-mhkdenh0o5xc45,"[""https://down-id.img.susercontent.com/file/id-11134207-8224w-mhkdenh0o5xc45""]","[""OFFICIAL_SHOP""]","[""id-11134258-7r98z-lykpu80ygbvs76""]",Promo_Xtra,id-11134258-822wn-mlx9cgtbn85k12,False,False,False,1764000830,61000,199000,61000,69,476043307925741,,,,,,10000.0,1000.0,4.8089382832820995,4229,"[72, 27, 71, 297, 3762]",[],GLAD2GLOW,3138611,100630,"[100630, 100662, 100881, 101628]",3232,cushion refill,"[""cushion+Refill 02"", ""cushion+Refill 03"", ""[2pcs save30Rb] 02"", ""[2pcs save30Rb]  03"", ""[2pcs save30Rb] 00"", ""[2pcs save30Rb]  01"", ""[2pcs save30Rb] 04"", ""[2pcs save30Rb]  05"", ""[REFILL]00-2PCS"", ""[REFILL]01-2PCS"", ""[REFILL]02-2PCS"", ""[REFILL]03-2PCS"", ""[REFILL]04-2PCS"", ""[REFILL]05-2PCS"", ""[LIVE DEAL]-02"", ""[LIVE DEAL]-03""]"
Shopee,,id,2026-07-03,809769142,glad2glow.indo,Glad2Glow Official Store,KAB. TANGERANG,48150998499,[KHUSUS MEMBER]Glad2Glow Pomegranate Niacinamide Brightening Moisturizer,https://shopee.co.id/product/809769142/48150998499,https://down-id.img.susercontent.com/file/id-11134207-8224z-mgrxv1zqwxl9f9,"[""https://down-id.img.susercontent.com/file/id-11134207-8224z-mgrxv1zqwxl9f9"", ""https://down-id.img.susercontent.com/file/id-11134207-8224t-mgrxv1zqzqq5f7"", ""https://down-id.img.susercontent.com/file/id-11134207-82251-mgrxv1zr2jv17b"", ""https://down-id.img.susercontent.com/file/id-11134207-8224z-mgrxv1zr5czxdd"", ""https://down-id.img.susercontent.com/file/id-11134207-8224v-mgrxv1zr3yfh39"", ""https://down-id.img.susercontent.com/file/id-11134207-82252-mgrxv1zr15al4a""]","[""OFFICIAL_SHOP""]","[""id-11134258-7r98z-lykpu80ygbvs76""]",FSS+Promo_Xtra,id-11134258-8224z-mkvwcf6270g1ad,False,False,False,1762518035,100000,100000,100000,,0,,,,,,664.0,289.0,4.592592592592593,189,"[13, 1, 1, 20, 154]",[],GLAD2GLOW,3138611,100630,"[100630, 100664, 100893]",204,Moisturizer,"[""1PC""]"
Shopee,,id,2026-07-03,809769142,glad2glow.indo,Glad2Glow Official Store,KAB. TANGERANG,56009621582,[JADI MEMBER! SETIAP SENIN DAPATKAN HARGA TERBAIK]Glad2Glow Pomegranate Niacinamide Brightening Moisturizer Mencerahkan Pemutih Kulit Gel Pelembab Bercahaya Krim Siang dan Malam Perawatan Kulit Ekstrak DelimaPelembab Esensi Wajah Perawatan Kulit,https://shopee.co.id/product/809769142/56009621582,https://down-id.img.susercontent.com/file/id-11134207-822wi-mo26yjjw1fd1f6,"[""https://down-id.img.susercontent.com/file/id-11134207-822wi-mo26yjjw1fd1f6"", ""https://down-id.img.susercontent.com/file/id-11134207-822wk-mnzclqk7435ycb"", ""https://down-id.img.susercontent.com/file/id-11134207-822ws-mnla1kvwx2pv4d"", ""https://down-id.img.susercontent.com/file/id-11134207-822wl-mnzi3hmngc1v75"", ""https://down-id.img.susercontent.com/file/id-11134207-822wt-mnzi3hmnaps3d0"", ""https://down-id.img.susercontent.com/file/id-11134207-822wn-mnzi3hmothxkc9"", ""https://down-id.img.susercontent.com/file/id-11134207-822wt-mnzi3hmn3oxv45"", ""https://down-id.img.susercontent.com/file/id-11134207-822wg-mnzi3hmndiwzc2""]","[""OFFICIAL_SHOP""]","[""id-11134258-7r98z-lykpu80ygbvs76""]",FSS+Promo_Xtra,id-11134258-8224z-mkvwcf6270g1ad,False,False,False,1777367174,72900,72900,72900,,0,,,,,,441.0,277.0,4.90625,64,"[0, 0, 0, 6, 58]",[],GLAD2GLOW,3138611,100630,"[100630, 100665]",63,variant,"[""Cerah Buy8 Get9"", ""Anti-kerut-Buy8 Get9"", ""Ceramide8+1"", ""Tenang 30g-8+1"", ""Dark Spot 9"", ""cleanser-Glow-10pcs"", ""cleanser-Milk-9pcs"", ""cleanser-Pore-10pcs"", ""cleanser-Acne-10pcs"", ""cleanser-Gel-10pcs"", ""serum-Peeling-9pcs"", ""serum-Retinol-10pcs"", ""serum-Cerah-10pcs"", ""Body Lotion 2pcs"", ""Body Lotion 4pcs""]"
Shopee,,id,2026-07-03,809769142,glad2glow.indo,Glad2Glow Official Store,KAB. TANGERANG,41381802204,Glad2Glow Perfect Blur&Cover Loose Powder oil control Finishing Kontrol Minyak Tahan Lama Anti Luntur Halus Sempurna & Cover Tinggi bedak padat bedak tabur two way cake cushion foundation setting spray make up g2g glad2glow official store,https://shopee.co.id/product/809769142/41381802204,https://down-id.img.susercontent.com/file/id-11134207-822wq-mpuo93ycmsxu1d,"[""https://down-id.img.susercontent.com/file/id-11134207-822wq-mpuo93ycmsxu1d"", ""https://down-id.img.susercontent.com/file/id-11134207-822wp-mpllg7zrqyhb34"", ""https://down-id.img.susercontent.com/file/id-11134207-822wn-mpuo93ycjzsy40"", ""https://down-id.img.susercontent.com/file/id-11134207-822wp-mpuo93ycledeea"", ""https://down-id.img.susercontent.com/file/sg-11134201-8259f-mq2mbk9hrhu3fb"", ""https://down-id.img.susercontent.com/file/id-11134207-822wo-mpuo93yco7ia57"", ""https://down-id.img.susercontent.com/file/id-11134207-822wn-mpuo93ycpm2q25"", ""https://down-id.img.susercontent.com/file/id-11134207-822wo-mpuo93ycsf7m1b""]","[""OFFICIAL_SHOP""]","[""id-11134258-7r98z-lykpu80ygbvs76""]",FSS+Promo_Xtra,id-11134258-8224z-mkvwcf6270g1ad,False,False,False,1781748050,145000,199000,145000,27,476043307925741,,,,,,17.0,16.0,5.0,3,"[0, 0, 0, 0, 3]","[""Produk Baru""]",GLAD2GLOW,3138611,100630,"[100630, 100662, 100881, 101630]",43,Colour code,"[""Powder-2pcs"", ""Powder-3pcs"", ""Powder-5+1"", ""Loose powder8g-2pcs"", ""Loose powder8g-3pcs"", ""Loose powder8g-B5G1"", ""Loose powder20g-2pcs"", ""Loose powder20g-3pcs"", ""Loose powder20g-B5G1"", ""mini Powder-2pcs"", ""mini Powder-3pcs"", ""mini Powder-B5G1""]"
Shopee,,id,2026-07-03,809769142,glad2glow.indo,Glad2Glow Official Store,KAB. TANGERANG,42126203734,[KHUSUS MEMBER]Glad2Glow Peeling Solution Serum,https://shopee.co.id/product/809769142/42126203734,https://down-id.img.susercontent.com/file/id-11134207-82252-mgry87rlv11q48,"[""https://down-id.img.susercontent.com/file/id-11134207-82252-mgry87rlv11q48"", ""https://down-id.img.susercontent.com/file/id-11134207-8224p-mgry87rl1j4c0d"", ""https://down-id.img.susercontent.com/file/id-11134207-8224o-mgrxv1zr864t3c"", ""https://down-id.img.susercontent.com/file/id-11134207-8224o-mgry87rgsf7ua5"", ""https://down-id.img.susercontent.com/file/id-11134207-8224y-mgry87rh7vgr78"", ""https://down-id.img.susercontent.com/file/id-11134207-8224r-mgry87rl04jwf1"", ""https://down-id.img.susercontent.com/file/id-11134207-8224x-mgep056p064r9d""]","[""OFFICIAL_SHOP""]","[""id-11134258-7r98z-lykpu80ygbvs76""]",FSS+Promo_Xtra,id-11134258-8224z-mkvwcf6270g1ad,False,False,False,1762518221,100000,100000,100000,,0,,,,,,669.0,262.0,4.896396396396397,222,"[1, 0, 0, 19, 202]",[],GLAD2GLOW,3138611,100630,"[100630, 100664, 100896]",223,Serum,"[""1PC""]"
Shopee,,id,2026-07-03,809769142,glad2glow.indo,Glad2Glow Official Store,KAB. TANGERANG,44503289989,[ New Launch ] GLAD2GLOW NIACINAMIDE BODY SERUM BODY LOTION 10X Cerah Instant Absorb Whiten Tone Up All Day Bright Glow pemutih badan dengan parfum tahan lama Long Lasting Fragrance Handbody Body Cream Butter G2Glow Official Store,https://shopee.co.id/product/809769142/44503289989,https://down-id.img.susercontent.com/file/id-11134207-8224s-mjw78a8wlaf421,"[""https://down-id.img.susercontent.com/file/id-11134207-8224s-mjw78a8wlaf421""]","[""OFFICIAL_SHOP""]","[""id-11134258-7r98z-lykpu80ygbvs76""]",Promo_Xtra,id-11134258-822wn-mlx9cgtbn85k12,False,False,False,1766054938,38900,98000,38900,60,476043307925741,,,,,,6000.0,1000.0,4.93532776066872,2273,"[2, 2, 9, 115, 2145]",[],GLAD2GLOW,3138611,100630,"[100630, 102002, 102007]",1678,BODY SERUM,"[""1 PC-Glow Body Serum"", ""2PCS-Glow Body Serum"", ""[LIVE DEAL] 1PC Glow""]"
Shopee,,id,2026-07-03,809769142,glad2glow.indo,Glad2Glow Official Store,KAB. TANGERANG,53259701588,"[free gift]Glad2Glow Cherry Blossom Micellar Water 230ml, Kulit Lembap, Herry Blossom, Non Stripping",https://shopee.co.id/product/809769142/53259701588,https://down-id.img.susercontent.com/file/id-11134207-822wu-mno4q9gazpxcd8,"[""https://down-id.img.susercontent.com/file/id-11134207-822wu-mno4q9gazpxcd8"", ""https://down-id.img.susercontent.com/file/id-11134207-822wl-mno4q9gb3xmodc"", ""https://down-id.img.susercontent.com/file/id-11134207-822wk-mno4rb3a0jd0b3"", ""https://down-id.img.susercontent.com/file/id-11134207-822wr-mno4q9gb14hsc0"", ""https://down-id.img.susercontent.com/file/id-11134207-822wr-mno4rb3ibqbpab"", ""https://down-id.img.susercontent.com/file/id-11134207-822wp-mno4rb3iejgl47"", ""https://down-id.img.susercontent.com/file/id-11134207-822wo-mno4rb3id4w5da""]","[""OFFICIAL_SHOP""]","[""id-11134258-7r98z-lykpu80ygbvs76""]",FSS+Promo_Xtra,id-11134258-8224z-mkvwcf6270g1ad,False,False,False,1777466436,33000,89000,33000,63,476043307925741,,,,,,1000.0,1000.0,4.923404255319149,470,"[1, 0, 4, 24, 441]",[],GLAD2GLOW,3138611,100630,"[100630, 100662, 100884]",278,Makeup Remover,"[""5Cherry+1clearing"", ""5Cherry-230ml"", ""BIG SIZE-230ML-3PCS"", ""[Trial]Cherry-230ml""]"
Shopee,,id,2026-07-03,809769142,glad2glow.indo,Glad2Glow Official Store,KAB. TANGERANG,29317152516,Glad2Glow Centella Water Gel Soothing Moisturizer Madeca Cream Berjerawat Acne Cica Pelembab Wajah 100g  Menenangkan kulit Mengurangi kemerahan Mengontrol minyak Mengobati kulit berjerawat Menjaga g2glow official store,https://shopee.co.id/product/809769142/29317152516,https://down-id.img.susercontent.com/file/id-11134207-822wn-mnw81iiksv0j78,"[""https://down-id.img.susercontent.com/file/id-11134207-822wn-mnw81iiksv0j78""]","[""OFFICIAL_SHOP""]","[""id-11134258-7r98z-lykpu80ygbvs76""]",FSS+Promo_Xtra,id-11134258-8224z-mkvwcf6270g1ad,False,False,False,1731227282,78900,199000,78900,60,476043307925741,,,,,,10000.0,1000.0,4.9033203790822935,58669,"[119, 97, 415, 4075, 53963]","[""Add-on Deal""]",GLAD2GLOW,3138611,100630,"[100630, 100664, 100893]",21128,Centella Sooth,"[""[EXTRA 20%OFF]100g*3"", ""[Ekstra Hemat]100g"", ""Centella Gel 55g"", ""Centella Gel 30g"", ""Centella Gel 100g*2"", ""Centella Gel 55g*3"", ""Centella Gel 30g*3"", ""ACNE SET"", ""ACNE SET 2"", ""ACNE&GLOWING SET"", ""ACNE&SMOOTH SET"", ""100g-flash sale"", ""[LIVE DEAL]1pc""]"
Shopee,,id,2026-07-03,809769142,glad2glow.indo,Glad2Glow Official Store,KAB. TANGERANG,48752787269,Glad2Glow All Day Matte Setting Spray Make up Flawless | 12H Tahan Lama | Soft Matte Finish | Powder Shield Oil Control Tech | Kontrol Minyak | Skin tint & Lip serum Set | g2g Glad2Glow Official Store,https://shopee.co.id/product/809769142/48752787269,https://down-id.img.susercontent.com/file/id-11134207-822wr-mp8rjnw1ou82eb,"[""https://down-id.img.susercontent.com/file/id-11134207-822wr-mp8rjnw1ou82eb""]","[""OFFICIAL_SHOP""]","[""id-11134258-7r98z-lykpu80ygbvs76""]",Promo_Xtra,id-11134258-822wn-mlx9cgtbn85k12,False,False,False,1765189439,69000,139000,69000,50,476043307925741,,,,,,10000.0,1000.0,4.921530594251455,11342,"[10, 5, 86, 663, 10578]",[],GLAD2GLOW,3138611,100630,"[100630, 100662, 100881, 101633]",10029,Colour code,"[""100ML-Trial"", ""Airbrush  Spray-1PC"", ""100ML-5PCS+lip"", ""100ML-2PCS"", ""SAVE MORE-100ML-3PCS"", ""Airbrush  Spray-3PC"", ""SAVE MORE-100ML-5PCS"", ""Airbrush  Spray-5PC"", ""Lip-03&100ML"", ""Lip-01&100ML"", ""Airbrush +Matte"", ""SKINTINT-02+100ML"", ""Cushion-02+100ML"", ""SKINTINT-03+100ML"", ""Cushion-03+100ML"", ""[LIVE DEAL]-100ml"", ""[LIVE DEAL]-3pcs""]"
Shopee,,id,2026-07-03,809769142,glad2glow.indo,Glad2Glow Official Store,KAB. TANGERANG,40781619061,Glad2Glow Perfect Airbrush Setting Spray -All DAY GLOW SETTINGSPRAY -White Truffle SerumSpray 100ml-All Day Matte Setting Spray -Kunci Makeup 12H Anti Luntur & Kontrol Minyak - Soft Matte Finish Anti Geser Waterproof & Sweatproof-glad2glow offcial,https://shopee.co.id/product/809769142/40781619061,https://down-id.img.susercontent.com/file/id-11134207-822wu-mpj34cey42ku1b,"[""https://down-id.img.susercontent.com/file/id-11134207-822wu-mpj34cey42ku1b""]","[""OFFICIAL_SHOP""]","[""id-11134258-7r98z-lykpu80ygbvs76""]",FSS+Promo_Xtra,id-11134258-8224z-mkvwcf6270g1ad,False,False,False,1781165176,69000,99000,69000,30,476043307925741,,,,,,506.0,494.0,4.94,150,"[0, 0, 1, 7, 142]","[""Produk Baru""]",GLAD2GLOW,3138611,100630,"[100630, 100662, 100881, 101633]",231,SPRAY,"[""Glow  Setting Spray"", ""Airbrush Spray"", ""Matte Setting Spray"", ""Top1 Club & Perks""]"
Shopee,,id,2026-07-03,809769142,glad2glow.indo,Glad2Glow Official Store,KAB. TANGERANG,29131802740,Glad2Glow Pomegranate Niacinamide Brightening Clay Mask Masker Wajah Masker Pencerah Mud Mask Masker Niacinamide  Masker Merah Muda Pink Masker Komedo Masker Glad2Glow Clay Mask Masker G2G Clay Masker Gel Mask Sheetmask Skincare Bpom G2Glow Official Store,https://shopee.co.id/product/809769142/29131802740,https://down-id.img.susercontent.com/file/id-11134207-8224s-mh6zunrbuqdm07,"[""https://down-id.img.susercontent.com/file/id-11134207-8224s-mh6zunrbuqdm07"", ""https://down-id.img.susercontent.com/file/id-11134207-822wo-mp66vn66jzeo2b"", ""https://down-id.img.susercontent.com/file/id-11134207-822wt-motbej4i0lqkbd"", ""https://down-id.img.susercontent.com/file/id-11134207-7ra0g-mb63uu9ddny04f"", ""https://down-id.img.susercontent.com/file/id-11134207-7rbk5-m8cr9cvjplv1a9"", ""https://down-id.img.susercontent.com/file/id-11134207-7rbk6-m849757ld17i32"", ""https://down-id.img.susercontent.com/file/id-11134207-7rbk2-m849757lefryf9"", ""https://down-id.img.susercontent.com/file/id-11134207-822wg-moyul0v1wpvwf7"", ""https://down-id.img.susercontent.com/file/id-11134207-7rbk0-m849757lh8wucd""]","[""OFFICIAL_SHOP""]","[""id-11134258-7r98z-lykpu80ygbvs76""]",FSS+Promo_Xtra,id-11134258-8224z-mkvwcf6270g1ad,False,False,False,1743650897,30900,99000,30900,69,931791142240256,,,,,,10000.0,1000.0,4.882914907798267,22505,"[49, 32, 282, 1779, 20363]",[],GLAD2GLOW,3138611,100630,"[100630, 100664, 100898]",10183,Brightening,"[""1pcs Masker"", ""Glow+Pori Masker"", ""1PC-Pori Masker""]"
Shopee,,id,2026-07-03,809769142,glad2glow.indo,Glad2Glow Official Store,KAB. TANGERANG,43375172010,"Glad2glow Set Deep Cleaning& Repair 3lN1,Deep Pore Clean Facial Wash+Peeling Solution Serum+Blueberry 5% Ceramide Moisturizer,Pembersih Wajah Charcoa Volcanic Soil BHA Salicylic Acid,Eksfoliasi Wajah 60S Menghaluskan Kulit,Repair Barrier Pulihkan skincare",https://shopee.co.id/product/809769142/43375172010,https://down-id.img.susercontent.com/file/id-11134207-8224w-mi58kdx7szye4e,"[""https://down-id.img.susercontent.com/file/id-11134207-8224w-mi58kdx7szye4e"", ""https://down-id.img.susercontent.com/file/id-11134207-822wl-mp3bmsebry0yb3"", ""https://down-id.img.susercontent.com/file/id-11134207-8224t-mi58kdx7ueiub0"", ""https://down-id.img.susercontent.com/file/id-11134207-82251-mg3hp2klrkzwcc"", ""https://down-id.img.susercontent.com/file/id-11134207-8224p-mi58kdx7vt3ac6"", ""https://down-id.img.susercontent.com/file/id-11134207-8224p-mi5dsu7snx8i72"", ""https://down-id.img.susercontent.com/file/id-11134207-8224p-mi5dsu7i1urs69"", ""https://down-id.img.susercontent.com/file/id-11134207-8224w-mi5dsu7flczq98"", ""https://down-id.img.susercontent.com/file/id-11134207-8224t-mi5dsu7f5wqu00""]","[""OFFICIAL_SHOP""]","[""id-11134258-7r98z-lykpu80ygbvs76""]",FSS+Promo_Xtra,id-11134258-8224z-mkvwcf6270g1ad,False,False,False,1760955326,116400,199000,116400,42,476043307925741,,,,,,10000.0,366.0,4.900522371110607,4403,"[11, 5, 44, 291, 4052]","[""Add-on Deal""]",GLAD2GLOW,3138611,100630,"[100630, 100665]",1549,Set Repair 3PC,"[""Set Repair 3PCS"", ""Set Glowing 3PCS"", ""Peeling Solution 1PC""]"
Shopee,,id,2026-07-03,809769142,glad2glow.indo,Glad2Glow Official Store,KAB. TANGERANG,50511536654,Glad2Glow Brightening Micellar Water 300ml Untuk Semua Kulit Lembut Cepat Menghapus Makeup & Mencerahkan kulit Penghapus Makeup Waterproof Hapus Riasan Tahan  dan Tanpa Iritasi g2glow official store,https://shopee.co.id/product/809769142/50511536654,https://down-id.img.susercontent.com/file/id-11134207-822wu-mozd4tanipduf5,"[""https://down-id.img.susercontent.com/file/id-11134207-822wu-mozd4tanipduf5"", ""https://down-id.img.susercontent.com/file/id-11134207-822wo-mozd4tanhate12"", ""https://down-id.img.susercontent.com/file/id-11134207-822wt-mozd4tanfw8y7d""]","[""OFFICIAL_SHOP""]","[""id-11134258-7r98z-lykpu80ygbvs76""]",FSS+Promo_Xtra,id-11134258-8224z-mkvwcf6270g1ad,False,False,False,1780401117,213500,319000,213500,33,476043307925741,,,,,,15.0,15.0,0.0,0,"[0, 0, 0, 0, 0]",[],GLAD2GLOW,3138611,100630,"[100630, 100662, 100884]",10,Makeup Remover,"[""[Gift-pore clear]5PC""]"
Shopee,,id,2026-07-03,809769142,glad2glow.indo,Glad2Glow Official Store,KAB. TANGERANG,48463111664,[NEW SIZE] Glad2Glow Cherry Blossom Micellar Water 700ml  Kapasitas besar Lembut cleansing oil Penghapus Makeup Waterproof Hapus Riasan Tahan Air dengan Centella & Tanpa Iritasi untuk Kulit Sensitif & Berjerawat g2glow official store,https://shopee.co.id/product/809769142/48463111664,https://down-id.img.susercontent.com/file/id-11134207-81zte-mq2v2wcqrc3l98,"[""https://down-id.img.susercontent.com/file/id-11134207-81zte-mq2v2wcqrc3l98"", ""https://down-id.img.susercontent.com/file/id-11134207-81ztk-mq2zm2j573swe9"", ""https://down-id.img.susercontent.com/file/id-11134207-81ztm-mq2vchtjohzi74"", ""https://down-id.img.susercontent.com/file/id-11134207-81zth-mq2vchtleayodd"", ""https://down-id.img.susercontent.com/file/id-11134207-81zth-mq2zm2j58idcf9"", ""https://down-id.img.susercontent.com/file/id-11134207-81zth-mq2v2wcgnj0h41"", ""https://down-id.img.susercontent.com/file/id-11134207-81ztf-mq2v2wcqsqo121"", ""https://down-id.img.susercontent.com/file/id-11134207-81ztq-mq2vchtccf7z1f"", ""https://down-id.img.susercontent.com/file/id-11134207-81ztk-mq2v2wcqpxj545""]","[""OFFICIAL_SHOP""]","[""id-11134258-7r98z-lykpu80ygbvs76""]",FSS+Promo_Xtra,id-11134258-8224z-mkvwcf6270g1ad,False,False,False,1782793183,99000,149000,99000,34,476043307925741,,,,,,3.0,2.0,0.0,0,"[0, 0, 0, 0, 0]","[""Produk Baru""]",GLAD2GLOW,3138611,100630,"[100630, 100662, 100884]",13,Makeup Remover,"[""[Cherry]1PC"", ""[Brightening]1PC"", ""[Jumbo Size]1PC"", ""[Jumbo Size]1PC-02""]"
Shopee,,id,2026-07-03,809769142,glad2glow.indo,Glad2Glow Official Store,KAB. TANGERANG,47505564185,[100ML save 30%]Glad2Glow Blueberry Ceramide Low pH Gel Cleanser 100ml Gentle skin Facial Wash oil control skincare  pembersih wajah sabun cuci muka face wash micellar water g2glow official store,https://shopee.co.id/product/809769142/47505564185,https://down-id.img.susercontent.com/file/id-11134207-822ws-mm1irf40t6vc03,"[""https://down-id.img.susercontent.com/file/id-11134207-822ws-mm1irf40t6vc03""]","[""OFFICIAL_SHOP""]","[""id-11134258-7r98z-lykpu80ygbvs76""]",Promo_Xtra,id-11134258-822wn-mlx9cgtbn85k12,False,False,False,1769670261,38000,99000,38000,62,476043307925741,,,,,,5000.0,1000.0,4.899425287356322,1740,"[4, 2, 16, 121, 1597]",[],GLAD2GLOW,3138611,100630,"[100630, 100664, 100891]",356,Cleanser,"[""1PC Repair-100ml"", ""3pcs Repair-100ml"", ""5pcs Repair-100ml""]"
Shopee,,id,2026-07-03,809769142,glad2glow.indo,Glad2Glow Official Store,KAB. TANGERANG,48852152348,[NEW LAUNCH] Glad2Glow PORE CLEARING MICELLAR WATER Untuk Semua Kulit Lembut Cepat Menghapus Makeup & Mencerahkan kulit Penghapus Makeup Waterproof Hapus Riasan Tahan  dan Tanpa Iritasi g2glow official store,https://shopee.co.id/product/809769142/48852152348,https://down-id.img.susercontent.com/file/id-11134207-822wr-mmgy0itoo5xgee,"[""https://down-id.img.susercontent.com/file/id-11134207-822wr-mmgy0itoo5xgee"", ""https://down-id.img.susercontent.com/file/id-11134207-8224v-mhis7ug548ao34"", ""https://down-id.img.susercontent.com/file/id-11134207-8224x-mhis7ug55mv474"", ""https://down-id.img.susercontent.com/file/id-11134207-8224x-mhis7ug58g00e8"", ""https://down-id.img.susercontent.com/file/id-11134207-8224x-mhis7ug5b94wc5"", ""https://down-id.img.susercontent.com/file/id-11134207-8224o-mhis7ug5e29sa5"", ""https://down-id.img.susercontent.com/file/id-11134207-8224o-mhis7ug5cnpc66""]","[""OFFICIAL_SHOP""]","[""id-11134258-7r98z-lykpu80ygbvs76""]",FSS+Promo_Xtra,id-11134258-8224z-mkvwcf6270g1ad,False,False,False,1764145178,48000,89000,48000,46,476043307925741,,,,,,10000.0,1000.0,4.918101199791341,9585,"[19, 5, 64, 566, 8931]",[],GLAD2GLOW,3138611,100630,"[100630, 100662, 100884]",2761,Makeup Remover,"[""[Big sale] 300ml5PCS"", ""[Hot sale] 300ml5PCS"", ""[60%off] 300ml-3PCS"", ""300ml-2PCS"", ""[Hot]300ml-1PC"", ""230ml-Brightening""]"
Shopee,,id,2026-07-03,809769142,glad2glow.indo,Glad2Glow Official Store,KAB. TANGERANG,52150640468,[Cocok Untuk Pemula] Glad2Glow Acne&Cerah Set Glowing  Bundle 4in1-Brightening Moisturizer+Cleanser+Mugwort acne gel mask+10%Niacinamide skincare paket pembersih perawatan kulit mencerahkan warna kulit pelembab wajah all in 1g2glow official store,https://shopee.co.id/product/809769142/52150640468,https://down-id.img.susercontent.com/file/id-11134207-8224y-mgit36mq3ggbc6,"[""https://down-id.img.susercontent.com/file/id-11134207-8224y-mgit36mq3ggbc6""]","[""OFFICIAL_SHOP""]","[""id-11134258-7r98z-lykpu80ygbvs76""]",Promo_Xtra,id-11134258-822wn-mlx9cgtbn85k12,False,False,False,1761966581,78500,99000,78500,21,476043307925741,,,,,,2000.0,149.0,4.906553398058253,824,"[0, 0, 8, 61, 755]","[""Add-on Deal""]",GLAD2GLOW,3138611,100630,"[100630, 100665]",370,Set,"[""Acne Cerah Set 4PCS"", ""Acne Cerah Set 3PCS"", ""Acne Cerah Set 2PCS"", ""Glow & Acne Care 4ps""]"
Shopee,,id,2026-07-03,809769142,glad2glow.indo,Glad2Glow Official Store,KAB. TANGERANG,26704788256,GLAD2GLOW Kiwi 3D Acid Acne Moisturizer Pelembab Wajah Jerawat Mencerahkan Pencerah Wajah&Penuaan Hilangkan Flek & Tenangkan Kulit Skincare Pelembab Esensi Wajah Perawatan Kulit day cream tone up g2g official store,https://shopee.co.id/product/809769142/26704788256,https://down-id.img.susercontent.com/file/id-11134207-822wi-moorjdqzhzbg9b,"[""https://down-id.img.susercontent.com/file/id-11134207-822wi-moorjdqzhzbg9b""]","[""OFFICIAL_SHOP""]","[""id-11134258-7r98z-lykpu80ygbvs76""]",FSS+Promo_Xtra,id-11134258-8224z-mkvwcf6270g1ad,False,False,False,1720430990,44900,99000,44900,55,476043307925741,,,,,,10000.0,1000.0,4.869508764336723,92421,"[260, 208, 899, 8598, 82456]","[""Add-on Deal""]",GLAD2GLOW,3138611,100630,"[100630, 100664, 100893]",19349,MOISTURIZER,"[""[HOT]Buy5 Get1Free"", ""[EXTRA DISC 20%]5PCS"", ""ACNE MOIST-100g 1pc"", ""ACNE MOIST-100g 2pcs"", ""ACNE MOIST-1pc"", ""ACNE MOIST-3pcs"", ""ACNE MOIST-2pcs"", ""[HOT]ACNE SET 1"", ""ACNE SET 2"", ""ACNE SET 4"", ""ACNE SET 5"", ""ACNE-1pc flash sale"", ""[LIVE DEAL]1pc""]"
Shopee,,id,2026-07-03,809769142,glad2glow.indo,Glad2Glow Official Store,KAB. TANGERANG,56205985876,Glad2Glow Perfect Cover Cushion Foundation High coverage&Tahan Lama Hingga 12 Jam g2g official store,https://shopee.co.id/product/809769142/56205985876,https://down-id.img.susercontent.com/file/id-11134207-822wi-mlxei6eumxan41,"[""https://down-id.img.susercontent.com/file/id-11134207-822wi-mlxei6eumxan41""]","[""OFFICIAL_SHOP""]","[""id-11134258-7r98z-lykpu80ygbvs76""]",FSS+Promo_Xtra,id-11134258-8224z-mkvwcf6270g1ad,False,False,False,1770606840,155000,299000,155000,48,476043307925741,,,,,,10000.0,152.0,4.92826780021254,3764,"[3, 1, 23, 209, 3528]",[],GLAD2GLOW,3138611,100630,"[100630, 100662, 100881, 101628]",2162,SET,"[""Matte dan Dewy"", ""Matte Cushion+Refill"", ""Glow Cushion+Refill""]"
Shopee,,id,2026-07-03,809769142,glad2glow.indo,Glad2Glow Official Store,KAB. TANGERANG,55705269616,[Cuma 50k/pc + Disc 20%]Glad2Glow FLAWLESS BLURRING SKIN TINT 30G Concealer Foundation Bedak padat Make up Lightweight Coverage Long-lasting 12-Hour Soft-Focus Flawless Skin oil-control Bio-Mimetic Film Technology Care g2glow official store,https://shopee.co.id/product/809769142/55705269616,https://down-id.img.susercontent.com/file/id-11134207-8224q-mjw3ua3xh4w0e3,"[""https://down-id.img.susercontent.com/file/id-11134207-8224q-mjw3ua3xh4w0e3""]","[""OFFICIAL_SHOP""]","[""id-11134258-7r98z-lykpu80ygbvs76""]",Promo_Xtra,id-11134258-822wn-mlx9cgtbn85k12,False,False,False,1769311108,58900,99000,58900,41,476043307925741,,,,,,5000.0,196.0,4.931292941911305,1603,"[2, 2, 8, 80, 1511]",[],GLAD2GLOW,3138611,100630,"[100630, 100662, 100881, 101628]",1386,Cushion,"[""4PCS Paket Hemat-00"", ""4PCS Promo Terbaik"", ""[FAVORIT]4PCS-02"", ""[FAVORIT]4PCS-03"", ""4PCS-04 Ginger"", ""4PCS-05 Cinnamon"", ""02-2PCS+lip-03-2PCS"", ""03-2PCS+lip-03-2PCS"", ""HOT-02"", ""HOT-03"", ""02 Praline*4+1"", ""03 Custard*4+1""]"
Shopee,,id,2026-07-03,809769142,glad2glow.indo,Glad2Glow Official Store,KAB. TANGERANG,56803564499,[HOT!BUY 3 SAVE 10.5K!] Glad2Glow BRIGHTENING MICELLAR WATER Cepat Menghapus Makeup & Mencerahkan kulit Penghapus Makeup Waterproof Hapus Riasan Tahan dan Tanpa Iritasi g2glow official store,https://shopee.co.id/product/809769142/56803564499,https://down-id.img.susercontent.com/file/id-11134207-8224q-mi11e0z2nmkg17,"[""https://down-id.img.susercontent.com/file/id-11134207-8224q-mi11e0z2nmkg17"", ""https://down-id.img.susercontent.com/file/id-11134207-8224w-micvowv008p4f8"", ""https://down-id.img.susercontent.com/file/id-11134207-8224p-micvowuzw0zs28"", ""https://down-id.img.susercontent.com/file/id-11134207-8224z-micvowuzumfcea"", ""https://down-id.img.susercontent.com/file/sg-11134201-824ji-mpl1x0khmv4f40"", ""https://down-id.img.susercontent.com/file/id-11134207-8224v-mimxabj4v2tk5d""]","[""OFFICIAL_SHOP""]","[""id-11134258-7r98z-lykpu80ygbvs76""]",FSS+Promo_Xtra,id-11134258-8224z-mkvwcf6270g1ad,False,False,False,1766572575,38900,99000,38900,61,476043307925741,,,,,,3000.0,346.0,4.910459587955626,1262,"[2, 2, 3, 93, 1162]","[""Add-on Deal""]",GLAD2GLOW,3138611,100630,"[100630, 100662, 100884]",417,Makeup Remover,"[""HOT-Brightening230ml"", ""Travel&Trial-130ml""]"
Shopee,,id,2026-07-03,809769142,glad2glow.indo,Glad2Glow Official Store,KAB. TANGERANG,55150606338,[Cocok Untuk Pemula] Glad2Glow Cerah Retinol Bundle 4in1-Brightening Moisturizer+Serum+Cleanser+toner Retinol  skincare paket pembersih perawatan kulit warna kulit pelembab wajah all in 1g2glow official store,https://shopee.co.id/product/809769142/55150606338,https://down-id.img.susercontent.com/file/id-11134207-81ztd-mq2pbivg0bv2e2,"[""https://down-id.img.susercontent.com/file/id-11134207-81ztd-mq2pbivg0bv2e2""]","[""OFFICIAL_SHOP""]","[""id-11134258-7r98z-lykpu80ygbvs76""]",Promo_Xtra,id-11134258-822wn-mlx9cgtbn85k12,False,False,False,1761908479,109900,169000,109900,35,476043307925741,,,,,,10000.0,1000.0,4.899414348462665,6830,"[14, 4, 58, 503, 6251]",[],GLAD2GLOW,3138611,100630,"[100630, 100665]",2669,Set,"[""Glow Retinol 5PCS"", ""Glow Retinol 4PCS"", ""[HOT]RETINOL 4PCS"", ""Instant Glow 4PCS"", ""Daily Glow 3PCS"", ""Retinol Care 3PCS"", ""OUTING SET 3PCS"", ""[LIVE DEAL]Anti-age"", ""[LIVE DEAL]Glow""]"
Shopee,,id,2026-07-03,809769142,glad2glow.indo,Glad2Glow Official Store,KAB. TANGERANG,49662627211,"[Launching 6 July,Add to the Cart]Glad2Glow PERFECT BLURRING POWDER FOUNDATION 4.5g TWC 12H Oil Control Tahan Lama Waterproof Sweatproof Transferproof Full Coverage Melembabkan Tidak Bikin Kering BPOM- g2glow official store",https://shopee.co.id/product/809769142/49662627211,https://down-id.img.susercontent.com/file/id-11134207-81zth-mq6znahstptt76,"[""https://down-id.img.susercontent.com/file/id-11134207-81zth-mq6znahstptt76""]","[""OFFICIAL_SHOP""]","[""id-11134258-7r98z-lykpu80ygbvs76""]",FSS+Promo_Xtra,id-11134258-8224z-mkvwcf6270g1ad,False,False,False,1782121288,99000,99000,99000,,0,,,,,,13.0,11.0,5.0,11,"[0, 0, 0, 0, 11]","[""Produk Baru""]",GLAD2GLOW,3138611,100630,"[100630, 100662, 100881, 101630]",40,colour code,"[""00 Affogato"", ""01 Buttercream"", ""02 Praline - Hot!"", ""03 Custard - Hot!"", ""04 Ginger"", ""05 Cinnamon""]"
Shopee,,id,2026-07-03,809769142,glad2glow.indo,Glad2Glow Official Store,KAB. TANGERANG,28853495832,Glad2Glow peeling gel Apricot Glycolic Acid Exfo Smooth Eksfoliasi peeling produk yang mampu mengangkat sel kulit mati  Komedo Kotoran Scrub Wajah Extract g2glow official store,https://shopee.co.id/product/809769142/28853495832,https://down-id.img.susercontent.com/file/id-11134207-8224z-mft19zfgp6a729,"[""https://down-id.img.susercontent.com/file/id-11134207-8224z-mft19zfgp6a729"", ""https://down-id.img.susercontent.com/file/id-11134207-8224x-mj2eva516qdhe7"", ""https://down-id.img.susercontent.com/file/id-11134207-7r98r-lwtsukkp2f5a9c"", ""https://down-id.img.susercontent.com/file/id-11134207-7r98u-lwtsukkp2f0t92"", ""https://down-id.img.susercontent.com/file/id-11134207-7r98w-lwtsukkp2esb7b"", ""https://down-id.img.susercontent.com/file/id-11134207-7r992-lwtsukkp2fbya4"", ""https://down-id.img.susercontent.com/file/id-11134207-7r98o-lwtsukkp2ffw9a"", ""https://down-id.img.susercontent.com/file/id-11134207-7r98t-lwtsukkp2ey288""]","[""OFFICIAL_SHOP""]","[""id-11134258-7r98z-lykpu80ygbvs76""]",Promo_Xtra,id-11134258-822wn-mlx9cgtbn85k12,False,False,False,1719045483,48900,99000,48900,51,476043307925741,,,,,,10000.0,1000.0,4.853320932268301,36561,"[120, 89, 468, 3679, 32205]",[],GLAD2GLOW,3138611,100630,"[100630, 100664, 100897]",21274,peeling gel,"[""1pc"", ""2pcs"", ""[ Diskon 15% ]3pcs""]"
Shopee,,id,2026-07-03,809769142,glad2glow.indo,Glad2Glow Official Store,KAB. TANGERANG,25439085414,Glad2Glow Retinol Set All In 1 bundle paket Skincare-Moisturizer+Serum+Cleanser+Toner+ Clay Stick-peach moisturizer skin barrier Retinoid Memudarkan Garis Halus Memudarkan Kerutan Menghaluskan  merawat jerawat dan kemerahan g2glow official store,https://shopee.co.id/product/809769142/25439085414,https://down-id.img.susercontent.com/file/id-11134207-7ra0o-mc0idfmy8y7n93,"[""https://down-id.img.susercontent.com/file/id-11134207-7ra0o-mc0idfmy8y7n93"", ""https://down-id.img.susercontent.com/file/id-11134207-7ra0u-mbgmb10h3ivr54"", ""https://down-id.img.susercontent.com/file/id-11134207-7ra0j-mbgmb10gzb6fe9"", ""https://down-id.img.susercontent.com/file/id-11134207-7ra0j-mbgmb10h6c0n5a"", ""https://down-id.img.susercontent.com/file/id-11134207-7ra0s-mbgmb10h0pqv81""]","[""OFFICIAL_SHOP""]","[""id-11134258-7r98z-lykpu80ygbvs76""]",Promo_Xtra,id-11134258-822wn-mlx9cgtbn85k12,False,False,False,1733295846,120000,299000,120000,60,476043307925741,,,,,,6000.0,33.0,4.85272784610533,3171,"[8, 7, 36, 342, 2778]","[""Add-on Deal""]",GLAD2GLOW,3138611,100630,"[100630, 100665]",3954,Anti-wrinkle,"[""6PCS Anti-wrinkle"", ""5PCS Anti-wrinkle"", ""4PCS Anti-wrinkle"", ""3PCS Anti-wrinkle 1"", ""3PCS Anti-wrinkle 2""]"
Shopee,,id,2026-07-03,809769142,glad2glow.indo,Glad2Glow Official Store,KAB. TANGERANG,46810240565,Hot-Glad2Glow FLAWLESS BLURRING SKIN TINT 30G Concealer Foundation Bedak padat Make up Lightweight Coverage Long-lasting 12-Hour Soft-Focus Flawless Skin oil-control  Bio-Mimetic Film Technology  Care g2glow official store,https://shopee.co.id/product/809769142/46810240565,https://down-id.img.susercontent.com/file/id-11134207-822wl-mo11chgva58h74,"[""https://down-id.img.susercontent.com/file/id-11134207-822wl-mo11chgva58h74""]","[""OFFICIAL_SHOP""]","[""id-11134258-7r98z-lykpu80ygbvs76""]",FSS+Promo_Xtra,id-11134258-8224z-mkvwcf6270g1ad,False,False,False,1778323840,55000,159000,55000,65,476043307925741,,,,,,4000.0,1000.0,4.918547595682041,1019,"[0, 2, 11, 55, 951]",[],GLAD2GLOW,3138611,100630,"[100630, 100662, 100881, 101628]",589,Cushion,"[""Skintint+Spray-02"", ""Skintint+Spray-03"", ""00 Affogato"", ""01 Buttercream"", ""[HOT]02 Praline"", ""[HOT]03 Custard"", ""04 Ginger"", ""05 Cinnamon"", ""[Save more]02-2PCS"", ""[Save more]03-2PCS"", ""02 Praline+01 lip"", ""03 Custard+01 lip"", ""02 Praline*4+1"", ""03 Custard*4+1""]"
Shopee,,id,2026-07-03,809769142,glad2glow.indo,Glad2Glow Official Store,KAB. TANGERANG,55509134650,"[Link]Glad2Glow×GGBaby Special Edition BRIGHTENING LIP SERUM 7g Ready Stock! Mencerahkan, Melembabkan Bibir dengan Warna Natural | Lip tint&Lip care",https://shopee.co.id/product/809769142/55509134650,https://down-id.img.susercontent.com/file/id-11134207-81zte-mq5zcj5y5zbfd0,"[""https://down-id.img.susercontent.com/file/id-11134207-81zte-mq5zcj5y5zbfd0""]","[""OFFICIAL_SHOP""]","[""id-11134258-7r98z-lykpu80ygbvs76""]",FSS+Promo_Xtra,id-11134258-8224z-mkvwcf6270g1ad,False,False,False,1776667939,58900,159000,58900,63,476043307925741,,,,,,601.0,322.0,4.92972972972973,185,"[0, 0, 2, 9, 174]",[],GLAD2GLOW,3138611,100630,"[100630, 100664, 100900, 101673]",143,LIP SERUM,"[""[Top 1]03-Berry Soda"", ""[NEW]-Cherry pop"", ""[NEW]-Pumpkin Frost"", ""Best Sellers-7PCS"", ""Hot & New Set-5PCS"", ""Hot & New Set-3PCS"", ""hot-01+02+03+04-4PCS"", ""hot-01-2PCS+03-2PCS"", ""2PCS Lebih Cuan-01*2"", ""2PCS Lebih Cuan-03*2"", ""2PCS Lebih Cuan 01+3"", ""01-Shopee Special"", ""01-Strawberry Glaze"", ""02-Peach Pie"", ""04-Pearl Sparkle"", ""01-3PCS"", ""03-3PCS"", ""[NEW]-Grape Jelly"", ""[LIVE DEAL]01*2+03*2"", ""[LIVE DEAL] 03"", ""[LIVE DEAL] 01""]"
Shopee,,id,2026-07-03,809769142,glad2glow.indo,Glad2Glow Official Store,KAB. TANGERANG,52610001656,[New Launch]Glad2Glow Perfect Airbrush Setting Spray 100ml - Kunci Makeup 12H Anti Luntur & Kontrol Minyak - Soft Matte Finish Anti Geser Waterproof & Sweatproof-glad2glow offical,https://shopee.co.id/product/809769142/52610001656,https://down-id.img.susercontent.com/file/id-11134207-822wl-mpx0d7b9rkzlb1,"[""https://down-id.img.susercontent.com/file/id-11134207-822wl-mpx0d7b9rkzlb1""]","[""OFFICIAL_SHOP""]","[""id-11134258-7r98z-lykpu80ygbvs76""]",FSS+Promo_Xtra,id-11134258-8224z-mkvwcf6270g1ad,False,False,False,1778057928,69000,139000,69000,50,476043307925741,,,,,,5000.0,1000.0,4.902395209580838,1670,"[5, 2, 15, 107, 1541]",[],GLAD2GLOW,3138611,100630,"[100630, 100662, 100881, 101633]",1479,Colour code,"[""[Save more!]3PC"", ""[Trial]1PC"", ""[Save more]2PC"", ""BUY5GET6"", ""[Gift+Save more]3PCS"", ""Skin Tint-02+Spray"", ""Skin Tint-03+Spray"", ""[Glow Set]Lip06"", ""Top1 Club & Perks"", ""out of stock-1"", ""out of stock-2""]"
Shopee,,id,2026-07-03,809769142,glad2glow.indo,Glad2Glow Official Store,KAB. TANGERANG,41901683742,GLAD2GLOW Acne Drying Lotion Mengeringkan Jerawat Dengan BHA & Bahan Alami Spot Jerawat Niacinamide,https://shopee.co.id/product/809769142/41901683742,https://down-id.img.susercontent.com/file/id-11134207-822wo-moyv1u5tlogc9a,"[""https://down-id.img.susercontent.com/file/id-11134207-822wo-moyv1u5tlogc9a""]","[""OFFICIAL_SHOP""]","[""id-11134258-7r98z-lykpu80ygbvs76""]",Promo_Xtra,id-11134258-822wn-mlx9cgtbn85k12,False,False,False,1747824885,68900,172500,68900,60,476043307925741,,,,,,10000.0,1000.0,4.906944551257402,13003,"[20, 13, 116, 859, 11995]",[],GLAD2GLOW,3138611,100630,"[100630, 100664, 100904]",9552,Acne Lotion,"[""1PC"", ""[ BUY 1 FREE 1 ]2PCS"", ""Lotion+Mask-2IN1"", ""[ HEMAT 50K ]3PCS""]"
Shopee,,id,2026-07-03,809769142,glad2glow.indo,Glad2Glow Official Store,KAB. TANGERANG,42870015565,[KHUSUS MEMBER]GLAD2GLOW Tremella Panthenol Sensitive Care Micellar Water-300ml,https://shopee.co.id/product/809769142/42870015565,https://down-id.img.susercontent.com/file/id-11134207-81ztl-metv8urn1wxu0f,"[""https://down-id.img.susercontent.com/file/id-11134207-81ztl-metv8urn1wxu0f"", ""https://down-id.img.susercontent.com/file/id-11134207-8224t-mj83fjenrklcad"", ""https://down-id.img.susercontent.com/file/id-11134207-81ztm-metv8urpwge923"", ""https://down-id.img.susercontent.com/file/id-11134207-81ztm-metv8uty08ap9e"", ""https://down-id.img.susercontent.com/file/id-11134207-81ztf-metv8utqbif408"", ""https://down-id.img.susercontent.com/file/id-11134207-81ztp-metv8us2tedj35"", ""https://down-id.img.susercontent.com/file/id-11134207-81ztl-metv8urm1e6e93""]","[""OFFICIAL_SHOP""]","[""id-11134258-7r98z-lykpu80ygbvs76""]",Promo_Xtra,id-11134258-822wn-mlx9cgtbn85k12,False,False,False,1758275893,39000,100000,39000,61,476043307925741,,,,,,1000.0,480.0,4.9708520179372195,446,"[0, 0, 1, 11, 434]",[],GLAD2GLOW,3138611,100630,"[100630, 100662, 100884]",183,Micellar Water,"[""1PC-Calm""]"
Shopee,,id,2026-07-03,809769142,glad2glow.indo,Glad2Glow Official Store,KAB. TANGERANG,41223358185,Glad2Glow Yuja Symwhite 377 Dark Spot Moisturizer 100g menghilangkan bekas jerawat brightening night cream day cream Hilangkan Flek & Tenangkan Kulit Skincare Pelembab Esensi Wajah Perawatan Kulit Pelembab g2g,https://shopee.co.id/product/809769142/41223358185,https://down-id.img.susercontent.com/file/id-11134207-8224p-mgw333a82a6j7e,"[""https://down-id.img.susercontent.com/file/id-11134207-8224p-mgw333a82a6j7e"", ""https://down-id.img.susercontent.com/file/id-11134207-81ztj-mfmg9q4v2wi386"", ""https://down-id.img.susercontent.com/file/id-11134207-81zth-mfmg9q4v03d774"", ""https://down-id.img.susercontent.com/file/id-11134207-81ztp-mfmg9q4uyosr6c"", ""https://down-id.img.susercontent.com/file/id-11134207-81ztl-mfmg9q4v1hxn69"", ""https://down-id.img.susercontent.com/file/id-11134207-81ztk-mfmg9q4uxa8bcc""]","[""OFFICIAL_SHOP""]","[""id-11134258-7r98z-lykpu80ygbvs76""]",FSS+Promo_Xtra,id-11134258-8224z-mkvwcf6270g1ad,False,False,False,1760007074,108900,199000,108900,45,476043307925741,,,,,,2000.0,295.0,4.936799184505607,981,"[2, 1, 0, 51, 927]","[""Add-on Deal""]",GLAD2GLOW,3138611,100630,"[100630, 100664, 100893]",465,377 MOIST,"[""[EXTRA DISC 20%]3PCS"", ""377 Moist 1PC 100g"", ""377 Moist 2PCS"", ""DARK SPOT SET 2PCS"", ""[LIVE DEAL]1pc""]"
Shopee,,id,2026-07-03,809769142,glad2glow.indo,Glad2Glow Official Store,KAB. TANGERANG,29870133400,[2PCS SAVE MORE]GLAD2GLOW Tremella Panthenol Sensitive Care Micellar Water-300ml  Membersihkan makeup waterproof dan kotoran Menenangkan dan menghidrasi kulit Tidak terasa lengket setelah membersihkan g2glow official store,https://shopee.co.id/product/809769142/29870133400,https://down-id.img.susercontent.com/file/id-11134207-8224p-miplfpimmxaf90,"[""https://down-id.img.susercontent.com/file/id-11134207-8224p-miplfpimmxaf90"", ""https://down-id.img.susercontent.com/file/id-11134207-8224o-mjz1r2qtmubmb7"", ""https://down-id.img.susercontent.com/file/id-11134207-7rasg-m3kbjtjv2jfy2c"", ""https://down-id.img.susercontent.com/file/id-11134207-7ras8-m3kbjtjv3y0e54"", ""https://down-id.img.susercontent.com/file/id-11134207-7rasa-m3kbjtjv5cku11"", ""https://down-id.img.susercontent.com/file/id-11134207-7rash-m3kbjtjv85pq74"", ""https://down-id.img.susercontent.com/file/id-11134207-7rasa-m3kbjtjv6r5aba""]","[""OFFICIAL_SHOP""]","[""id-11134258-7r98z-lykpu80ygbvs76""]",FSS+Promo_Xtra,id-11134258-8224z-mkvwcf6270g1ad,False,False,False,1733726666,39000,109000,39000,64,476043307925741,,,,,,10000.0,1000.0,4.915202740028726,18103,"[30, 32, 108, 1103, 16830]",[],GLAD2GLOW,3138611,100630,"[100630, 100662, 100884]",7049,Micellar Water,"[""[50%OFF]2PCS-Calm"", ""Calm&Cleanser 2PCS"", ""1PC-Calm"", ""3PCS-Calm""]"
Shopee,,id,2026-07-03,809769142,glad2glow.indo,Glad2Glow Official Store,KAB. TANGERANG,53759613273,[JADI MEMBER! SETIAP SENIN DAPATKAN HARGA TERBAIK]Glad2Glow FLAWLESS BLURRING SKIN TINT 30G Concealer Foundation Bedak padat Make up Lightweight Coverage Long-lasting 12-Hour Soft-Focus Flawless Skin oil-control Bio-Mimetic Film Technology Care,https://shopee.co.id/product/809769142/53759613273,https://down-id.img.susercontent.com/file/id-11134207-822wq-mo24r4bgmd4w7c,"[""https://down-id.img.susercontent.com/file/id-11134207-822wq-mo24r4bgmd4w7c"", ""https://down-id.img.susercontent.com/file/id-11134207-822wn-mnmwcrang45c7c"", ""https://down-id.img.susercontent.com/file/id-11134207-822wu-mo24r4bggqv4ae"", ""https://down-id.img.susercontent.com/file/id-11134207-822wj-mo24r4bgfcao0e"", ""https://down-id.img.susercontent.com/file/id-11134207-822wj-mo24r4bgi5fk01"", ""https://down-id.img.susercontent.com/file/id-11134207-822wn-mo24r4bgjk008d"", ""https://down-id.img.susercontent.com/file/id-11134207-822wm-mo24r4bgkykgf9""]","[""OFFICIAL_SHOP""]","[""id-11134258-7r98z-lykpu80ygbvs76""]",FSS+Promo_Xtra,id-11134258-8224z-mkvwcf6270g1ad,False,False,False,1777369057,245000,245000,245000,,0,,,,,,55.0,28.0,4.882352941176471,17,"[0, 0, 0, 2, 15]",[],GLAD2GLOW,3138611,100630,"[100630, 100662, 100881, 101628]",58,Cushion,"[""4+1 Paket Hemat"", ""Face&Body Bright Set"", ""Cushion +Powder"", ""Glow Set"", ""Skintint+TWC""]"
Shopee,,id,2026-07-03,809769142,glad2glow.indo,Glad2Glow Official Store,KAB. TANGERANG,51450958596,Glad2Glow Day & Night Cleanser Set-Niacinamide Serum Facial Wash/Milk Amino Acid Gentle Cleanser/Volcanic Ash+BHA Deep Pore Clean Facial Cleanser/-Instant Glow Brightening facial wash skincare face wash sabun cuci muka Control Oil g2g official store,https://shopee.co.id/product/809769142/51450958596,https://down-id.img.susercontent.com/file/id-11134207-8224q-mik0vhmxu0p396,"[""https://down-id.img.susercontent.com/file/id-11134207-8224q-mik0vhmxu0p396"", ""https://down-id.img.susercontent.com/file/id-11134207-822ws-moteebyw42z247"", ""https://down-id.img.susercontent.com/file/id-11134207-8224u-mik0vhmxvf9j87"", ""https://down-id.img.susercontent.com/file/id-11134207-8224u-mik0vhmxwttz34"", ""https://down-id.img.susercontent.com/file/id-11134207-8224u-mik0vhmxy8ef17"", ""https://down-id.img.susercontent.com/file/id-11134207-8224y-mik0vhmxzmyv0a"", ""https://down-id.img.susercontent.com/file/id-11134207-8224y-mik0vhmy3uo7a5"", ""https://down-id.img.susercontent.com/file/id-11134207-8224r-mik0vhmy2g3r46"", ""https://down-id.img.susercontent.com/file/id-11134207-8224z-mik0vhmy598n70""]","[""OFFICIAL_SHOP""]","[""id-11134258-7r98z-lykpu80ygbvs76""]",Promo_Xtra,id-11134258-822wn-mlx9cgtbn85k12,False,False,False,1762497333,72900,199000,72900,63,476043307925741,,,,,,7000.0,706.0,4.924019607843137,3264,"[5, 1, 21, 183, 3054]","[""Add-on Deal""]",GLAD2GLOW,3138611,100630,"[100630, 100664, 100891]",1143,Cleanser Combo,"[""Day & Night Set 1"", ""Day & Night Set 2""]"
Shopee,,id,2026-07-03,809769142,glad2glow.indo,Glad2Glow Official Store,KAB. TANGERANG,55202206676,Glad2Glow Perfect Cover Glow Cushion 3in1 Set - Brightening serum& Coverage Tinggi & Glowing 12Jam g2g Official store,https://shopee.co.id/product/809769142/55202206676,https://down-id.img.susercontent.com/file/id-11134207-822wh-mlptu7y21fr77f,"[""https://down-id.img.susercontent.com/file/id-11134207-822wh-mlptu7y21fr77f""]","[""OFFICIAL_SHOP""]","[""id-11134258-7r98z-lykpu80ygbvs76""]",FSS+Promo_Xtra,id-11134258-8224z-mkvwcf6270g1ad,False,False,False,1764228678,165400,399000,165400,59,476043307925741,,,,,,4000.0,795.0,4.807888040712468,1572,"[28, 10, 21, 118, 1395]",[],GLAD2GLOW,3138611,100630,"[100630, 100665]",979,GLOWSET,"[""Glow 3PC-Set"", ""Glow 2PC-Set"", ""[For Gifting]GlowSet""]"
Shopee,,id,2026-07-03,809769142,glad2glow.indo,Glad2Glow Official Store,KAB. TANGERANG,48402536224,[TONE UP SET]Glad2Glow Niacinamide Brightening Tone Up Cream 4in1 bundle cerah Moisturizer  pemutih wajah day&Night Cream whitening cream skincare Mencerahkan warna kulit halus g2glow official store,https://shopee.co.id/product/809769142/48402536224,https://down-id.img.susercontent.com/file/id-11134207-822wp-mmqx6ssjkx6p6d,"[""https://down-id.img.susercontent.com/file/id-11134207-822wp-mmqx6ssjkx6p6d""]","[""OFFICIAL_SHOP""]","[""id-11134258-7r98z-lykpu80ygbvs76""]",Promo_Xtra,id-11134258-822wn-mlx9cgtbn85k12,False,False,False,1764742948,68875,129000,68875,47,931791142240256,,,,,,10000.0,1000.0,4.903887227680478,4682,"[8, 1, 42, 331, 4300]",[],GLAD2GLOW,3138611,100630,"[100630, 100665]",1647,SET,"[""4PCS Instant Glow 03"", ""4PCS Instant Glow 01"", ""4PCS Out Instan Glow"", ""4PCS Tone Up Set-01"", ""4PCS Tone Up Set-03"", ""4PCS Brightening Set"", ""2PCS Tone Up  Set-01"", ""2PCS Brightening Set"", ""2PCS Cerah Set"", ""[LIVE DEAL]Tone Up01"", ""[LIVE DEAL]Tone Up03""]"
Shopee,,id,2026-07-03,809769142,glad2glow.indo,Glad2Glow Official Store,KAB. TANGERANG,53308986174,[JADI MEMBER! SETIAP SENIN DAPATKAN HARGA TERBAIK]Glad2Glow Pomegranate Niacinamide Brightening Moisturizer Mencerahkan Pemutih Kulit Gel&Pomegranate Niacinamide Power Bright White Serum skincare peeling serum,https://shopee.co.id/product/809769142/53308986174,https://down-id.img.susercontent.com/file/id-11134207-822wp-mn54dc7wit52bc,"[""https://down-id.img.susercontent.com/file/id-11134207-822wp-mn54dc7wit52bc"", ""https://down-id.img.susercontent.com/file/id-11134207-822wt-mn54dc7wlm9y7f"", ""https://down-id.img.susercontent.com/file/id-11134207-822wu-mn54dc7wn0ue98""]","[""OFFICIAL_SHOP""]","[""id-11134258-7r98z-lykpu80ygbvs76""]",FSS+Promo_Xtra,id-11134258-8224z-mkvwcf6270g1ad,False,False,False,1776392533,77900,77900,77900,,0,,,,,,1000.0,425.0,4.935643564356436,404,"[0, 0, 2, 22, 380]",[],GLAD2GLOW,3138611,100630,"[100630, 100665]",222,RENEW SET,"[""2PCS Glowing""]"
Shopee,,id,2026-07-03,809769142,glad2glow.indo,Glad2Glow Official Store,KAB. TANGERANG,24442098701,GLAD2GLOW Tremella Vita B5 Sensitive Calming Moisturizer | Gel Day & Night Cream Skincare g2g Pelembab Wajah Pemutih Wajah Mencerahkan g2glow official store,https://shopee.co.id/product/809769142/24442098701,https://down-id.img.susercontent.com/file/id-11134207-7ra0r-mb6jr038wrvo13,"[""https://down-id.img.susercontent.com/file/id-11134207-7ra0r-mb6jr038wrvo13"", ""https://down-id.img.susercontent.com/file/id-11134207-7rbk9-m6uzdak25qwc8c"", ""https://down-id.img.susercontent.com/file/id-11134207-7rbka-m6uzdak24cbw94"", ""https://down-id.img.susercontent.com/file/id-11134207-7rbk5-m6uzdak21j70f1"", ""https://down-id.img.susercontent.com/file/id-11134207-7rbke-m6uzdak28k183a"", ""https://down-id.img.susercontent.com/file/id-11134207-7rbka-m6uzdak29ylod3""]","[""OFFICIAL_SHOP""]","[""id-11134258-7r98z-lykpu80ygbvs76""]",Promo_Xtra,id-11134258-822wn-mlx9cgtbn85k12,False,False,False,1740909661,132000,299000,132000,56,476043307925741,,,,,,10000.0,812.0,4.915423790469261,5498,"[4, 5, 38, 358, 5093]",[],GLAD2GLOW,3138611,100630,"[100630, 100664, 100893]",3812,SENSITIVE,"[""SENSITIVE MOIST"", ""Moisturizer-3pcs"", ""Moisturizer-2pcs"", ""SENSITIVE 2in1"", ""SENSITIVE 3in1"", ""Sensitive 2PCS"", ""Moist & Glow Serum"", ""SENSITIVE 1PC-fs""]"
Shopee,,id,2026-07-03,809769142,glad2glow.indo,Glad2Glow Official Store,KAB. TANGERANG,29490268069,"Glad2Glow Ultimate Moisturizing Face Wash,Low pH 5.5 Gentle Face Wash,facial wash pembersih wajah sabun cuci muka face wash skincare micellar water,Untuk kulit normal–kering,Hidrasi mendalam,Merawat skin barrier,G2G glad2glow officia store",https://shopee.co.id/product/809769142/29490268069,https://down-id.img.susercontent.com/file/id-11134207-822wi-mmhejf2zwdmtc2,"[""https://down-id.img.susercontent.com/file/id-11134207-822wi-mmhejf2zwdmtc2"", ""https://down-id.img.susercontent.com/file/id-11134207-822wg-moyw16t2x3ws60"", ""https://down-id.img.susercontent.com/file/id-11134207-8224s-mhq0gsutm87754"", ""https://down-id.img.susercontent.com/file/id-11134207-81ztp-mdwzltjjrvnma4"", ""https://down-id.img.susercontent.com/file/id-11134207-7ra0r-mdv913pile346a"", ""https://down-id.img.susercontent.com/file/id-11134207-7ra0r-mdv913pio78053"", ""https://down-id.img.susercontent.com/file/id-11134207-7ra0j-mdv913pimsnk42""]","[""OFFICIAL_SHOP""]","[""id-11134258-7r98z-lykpu80ygbvs76""]",FSS+Promo_Xtra,id-11134258-8224z-mkvwcf6270g1ad,False,False,False,1755773602,29000,79000,29000,63,476043307925741,,,,,,10000.0,915.0,4.923133235724744,4098,"[2, 4, 33, 229, 3830]","[""Add-on Deal""]",GLAD2GLOW,3138611,100630,"[100630, 100664, 100891]",1614,CLEANSER,"[""Melembabkan 3PCS"", ""Melembabkan 1PC"", ""Melembabkan 2PCS"", ""Set cleansing 2PCS"", ""Set Anti-Aging 2PCS"", ""Set Anti-Aging 3PCS""]"
Shopee,,id,2026-07-03,809769142,glad2glow.indo,Glad2Glow Official Store,KAB. TANGERANG,51902826015,[New]Glad2Glow All Day Matte Setting Spray Make up Flawless | 12H Tahan Lama | Soft Matte Finish | Powder Shield Oil Control Tech | Kontrol Minyak | Skin tint & Lip serum Set | g2g Glad2Glow Official Store,https://shopee.co.id/product/809769142/51902826015,https://down-id.img.susercontent.com/file/id-11134207-82251-mi5a7ol4un0i89,"[""https://down-id.img.susercontent.com/file/id-11134207-82251-mi5a7ol4un0i89"", ""https://down-id.img.susercontent.com/file/id-11134207-82251-mi11e0z2t8u8d9"", ""https://down-id.img.susercontent.com/file/id-11134207-8224s-mhzp0t274yrn38"", ""https://down-id.img.susercontent.com/file/id-11134207-8224q-mi11e0z2qfpc12"", ""https://down-id.img.susercontent.com/file/id-11134207-8224s-mhzp0t2725mrc6"", ""https://down-id.img.susercontent.com/file/id-11134207-82251-mhzp0t276dc385"", ""https://down-id.img.susercontent.com/file/id-11134207-8224v-mi02bzcgr668ed""]","[""OFFICIAL_SHOP""]","[""id-11134258-7r98z-lykpu80ygbvs76""]",Promo_Xtra,id-11134258-822wn-mlx9cgtbn85k12,False,False,False,1765279188,112955,399000,112955,72,931791142240256,,,,,,2000.0,193.0,4.927846674182638,887,"[1, 1, 3, 51, 831]","[""Add-on Deal""]",GLAD2GLOW,3138611,100630,"[100630, 100662, 100881, 101633]",1507,Colour code,"[""SET SKIN-02+LIP01"", ""SET SKIN-03+LIP01"", ""SKINTINT-02+LIP01"", ""SKINTINT-03+LIP01"", ""100ML+Skintint-02"", ""100ML+Skintint-03"", ""100ML+2IN1-02+LIP"", ""100ML+2IN1-03+LIP"", ""100ML+2IN1-02"", ""100ML+2IN1-03""]"
Shopee,,id,2026-07-03,809769142,glad2glow.indo,Glad2Glow Official Store,KAB. TANGERANG,24192367557,Glad2Glow Yuzu Aha Blackhead Exfoliating Cleanser facial wash skincare face wash sabun cuci muka cleansing balm exfoliating exfoliasi wajah sabun muka pembersih wajah Yuzu Aha Blackhead Exfoliating Cleanser  g2glow official store,https://shopee.co.id/product/809769142/24192367557,https://down-id.img.susercontent.com/file/id-11134207-82251-mhpy75ar7sp40c,"[""https://down-id.img.susercontent.com/file/id-11134207-82251-mhpy75ar7sp40c"", ""https://down-id.img.susercontent.com/file/id-11134207-822wg-moyw16t2x3ws60"", ""https://down-id.img.susercontent.com/file/id-11134207-7rbka-maunf19g4rjf8f"", ""https://down-id.img.susercontent.com/file/id-11134207-7rbk8-maunf19gadt758"", ""https://down-id.img.susercontent.com/file/id-11134207-7rbk2-maunf19gbsdn45"", ""https://down-id.img.susercontent.com/file/id-11134207-7rbk1-maunf19gelij68"", ""https://down-id.img.susercontent.com/file/id-11134207-7rbk3-maunf19g7kobbf""]","[""OFFICIAL_SHOP""]","[""id-11134258-7r98z-lykpu80ygbvs76""]",Promo_Xtra,id-11134258-822wn-mlx9cgtbn85k12,False,False,False,1741317361,34000,89000,34000,62,476043307925741,,,,,,10000.0,1000.0,4.8905581236089715,23364,"[41, 20, 210, 1913, 21180]",[],GLAD2GLOW,3138611,100630,"[100630, 100664, 100891]",8884,Eksfoliasi,"[""1PC-Exfoliating"", ""2PC-Exfoliating"", ""3PCS-Exfoliating"", ""5PCS-Exfoliating"", ""2PCS Clean & Glowing""]"
Shopee,,id,2026-07-03,809769142,glad2glow.indo,Glad2Glow Official Store,KAB. TANGERANG,55460830635,"[NEW LAUNCH] All DAY GLOW SETTING SPRAY 100ml- Korean Glass Skin, Glowing Seharian, Anti-Luntur Sweat Proof & Transfer Proof, Formula Ringan Bebas Lengket Bebas Kusam-glad2glow offica",https://shopee.co.id/product/809769142/55460830635,https://down-id.img.susercontent.com/file/id-11134207-822wl-mpitzftcmqkv0d,"[""https://down-id.img.susercontent.com/file/id-11134207-822wl-mpitzftcmqkv0d""]","[""OFFICIAL_SHOP""]","[""id-11134258-7r98z-lykpu80ygbvs76""]",FSS+Promo_Xtra,id-11134258-8224z-mkvwcf6270g1ad,False,False,False,1779246251,69000,179000,69000,61,476043307925741,,,,,,1000.0,1000.0,4.9614243323442135,337,"[1, 0, 0, 9, 327]","[""Any 2 at Rp127.000""]",GLAD2GLOW,3138611,100630,"[100630, 100662, 100881, 101633]",735,Colour code,"[""[Glow Spray]1PC""]"
Shopee,,id,2026-07-03,809769142,glad2glow.indo,Glad2Glow Official Store,KAB. TANGERANG,58058986912,"[JADI MEMBER! SETIAP SENIN DAPATKAN HARGA TERBAIK]Glad2Glow×GGBaby Special Edition BRIGHTENING LIP SERUM 7g Ready Stock! Mencerahkan, Melembabkan Bibir dengan Warna Natural | Lip tint&Lip care",https://shopee.co.id/product/809769142/58058986912,https://down-id.img.susercontent.com/file/id-11134207-822wq-modch01bbjsxe0,"[""https://down-id.img.susercontent.com/file/id-11134207-822wq-modch01bbjsxe0"", ""https://down-id.img.susercontent.com/file/id-11134207-822wj-mn9hjdfu5kat8b"", ""https://down-id.img.susercontent.com/file/id-11134207-822wo-mn9hjdfufe9xe6"", ""https://down-id.img.susercontent.com/file/id-11134207-822wr-mn9hjdfu6yv955"", ""https://down-id.img.susercontent.com/file/id-11134207-822wt-mn9hjdfu8dfpff"", ""https://down-id.img.susercontent.com/file/id-11134207-822wr-mn9hjdfu9s054e"", ""https://down-id.img.susercontent.com/file/id-11134207-822wm-mn9hjdfub6kld3"", ""https://down-id.img.susercontent.com/file/id-11134207-822wp-mn9hjdfucl514a""]","[""OFFICIAL_SHOP""]","[""id-11134258-7r98z-lykpu80ygbvs76""]",FSS+Promo_Xtra,id-11134258-8224z-mkvwcf6270g1ad,False,False,False,1776395729,327900,327900,327900,,0,,,,,,1000.0,602.0,4.9423076923076925,208,"[1, 1, 0, 5, 201]",[],GLAD2GLOW,3138611,100630,"[100630, 100664, 100900, 101673]",218,LIP SERUM,"[""All in 7pcs"", ""HOT SALE-7PCS"", ""Mix-7pcs"", ""[Gift!]balm  9pcs"", ""[Gift!]balm  6pcs"", ""HOT Day&Night-6pcs""]"
Shopee,,id,2026-07-03,809769142,glad2glow.indo,Glad2Glow Official Store,KAB. TANGERANG,44328247175,[JADI MEMBER! SETIAP SENIN DAPATKAN HARGA TERBAIK]Glad2Glow Cerah Glowing Bundle 4in1 Brightening,https://shopee.co.id/product/809769142/44328247175,https://down-id.img.susercontent.com/file/id-11134207-822wl-mn5p3rtcsr2807,"[""https://down-id.img.susercontent.com/file/id-11134207-822wl-mn5p3rtcsr2807"", ""https://down-id.img.susercontent.com/file/id-11134207-822wj-mn5p3rtcu5moc7"", ""https://down-id.img.susercontent.com/file/id-11134207-8224t-mjt7sn57474645""]","[""OFFICIAL_SHOP""]","[""id-11134258-7r98z-lykpu80ygbvs76""]",FSS+Promo_Xtra,id-11134258-8224z-mkvwcf6270g1ad,False,False,False,1769133054,146500,146500,146500,,0,,,,,,5000.0,268.0,4.920454545454546,2024,"[3, 0, 21, 107, 1893]","[""Add-on Deal""]",GLAD2GLOW,3138611,100630,"[100630, 100665]",995,Set,"[""[HOT]4PCS Glowing""]"
Shopee,,id,2026-07-03,809769142,glad2glow.indo,Glad2Glow Official Store,KAB. TANGERANG,47902284839,GLAD2GLOW PERFECT VITA C BRIGHT GLOW MOISTURIZER vitamin c Mencerahkan Pemutih Kulit Gel Pelembab Bercahaya Krim Siang dan Malam Ekstrak Delima Asam Lemak Asam Delima Pelembab Esensi Wajah Perawatan g2glow official store,https://shopee.co.id/product/809769142/47902284839,https://down-id.img.susercontent.com/file/id-11134207-8224v-mhludgpkpi4m8b,"[""https://down-id.img.susercontent.com/file/id-11134207-8224v-mhludgpkpi4m8b"", ""https://down-id.img.susercontent.com/file/id-11134207-8224v-mhluqq3vu6m99a"", ""https://down-id.img.susercontent.com/file/id-11134207-8224p-mhluqq3xfrwg66"", ""https://down-id.img.susercontent.com/file/sg-11134201-824i4-mpjpeef88emkb5"", ""https://down-id.img.susercontent.com/file/id-11134207-8224r-mhluqq49x9mqfa""]","[""OFFICIAL_SHOP""]","[""id-11134258-7r98z-lykpu80ygbvs76""]",Promo_Xtra,id-11134258-822wn-mlx9cgtbn85k12,False,False,False,1764328440,48900,109000,48900,55,476043307925741,,,,,,10000.0,1000.0,4.900481231953802,5195,"[24, 4, 35, 339, 4793]","[""Add-on Deal""]",GLAD2GLOW,3138611,100630,"[100630, 100664, 100893]",1954,VC Moisturizer,"[""VC Moisturizer 1pc"", ""VC Moisturizer 2pcs"", ""VC Moisturizer 3pcs"", ""Antioksidan 2pcs"", ""Antioksidan 3pcs"", ""Antioksidan 4pcs"", ""Antioksidan&Clean""]"
Shopee,,id,2026-07-03,809769142,glad2glow.indo,Glad2Glow Official Store,KAB. TANGERANG,23457178413,Glad2Glow bundle 5in1 paket Skincare- Moisturizer+Serum+Cleanser+Toner+ Clay Stick- Face Wash  Glowing Kit Dark Spot Acne Kit Mencerahkan warna kulit Menghilangkan jerawat Anti penuaan Mencerahkan bintik hitam Beauty Sets & Packages g2glow official store,https://shopee.co.id/product/809769142/23457178413,https://down-id.img.susercontent.com/file/id-11134207-7ra0o-mbgluo6qglg3c1,"[""https://down-id.img.susercontent.com/file/id-11134207-7ra0o-mbgluo6qglg3c1"", ""https://down-id.img.susercontent.com/file/id-11134207-7ra0m-mbgluo70g71p39"", ""https://down-id.img.susercontent.com/file/id-11134207-7ra0p-mbgluo70g6tv77"", ""https://down-id.img.susercontent.com/file/id-11134207-7ra0i-mbglm0x2v3io86"", ""https://down-id.img.susercontent.com/file/id-11134207-7ra0s-mbglm0x30psg0a"", ""https://down-id.img.susercontent.com/file/id-11134207-7ra0p-mbgluo70rfiv5b"", ""https://down-id.img.susercontent.com/file/id-11134207-7ra0r-mbglm0x37qmo1d""]","[""OFFICIAL_SHOP""]","[""id-11134258-7r98z-lykpu80ygbvs76""]",Promo_Xtra,id-11134258-822wn-mlx9cgtbn85k12,False,False,False,1696762229,187000,499000,187000,63,476043307925741,,,,,,10000.0,141.0,4.844672181750833,16198,"[61, 47, 203, 1725, 14162]",[],GLAD2GLOW,3138611,100630,"[100630, 100665]",9297,Set,"[""5PCS Glowing"", ""5PCS Acne Care"", ""5PCS Anti-wrinkle"", ""5PCS Repair"", ""5PCS Dark Spot"", ""5PCS Glowing&Acne""]"
Shopee,,id,2026-07-03,809769142,glad2glow.indo,Glad2Glow Official Store,KAB. TANGERANG,40619026889,[SET REPAIR&GLOWING]Glad2Glow Glowing&Sehat&Lembap Bundle 4in1-Blueberry Moisturizer+Cerah Krim+Brightening Serum+Pulihkan cleanser+eksfoliasi Toner-skincare Beauty Sets&Packages cream pemutih wajah facial wash eksfoliasi wajah peeling,https://shopee.co.id/product/809769142/40619026889,https://down-id.img.susercontent.com/file/id-11134207-8224t-mh6zkiuem9laaa,"[""https://down-id.img.susercontent.com/file/id-11134207-8224t-mh6zkiuem9laaa""]","[""OFFICIAL_SHOP""]","[""id-11134258-7r98z-lykpu80ygbvs76""]",FSS+Promo_Xtra,id-11134258-8224z-mkvwcf6270g1ad,False,False,False,1757922260,77400,179000,77400,57,476043307925741,,,,,,10000.0,730.0,4.915985027034521,7213,"[13, 6, 32, 472, 6690]",[],GLAD2GLOW,3138611,100630,"[100630, 100665]",1681,REPAIR&GLOW,"[""4IN1 SET(TONER)"", ""4IN1 Bright Cream"", ""4IN1 SET(MOIST)"", ""3IN1 SET(PEELING)"", ""3IN1 SET(GLOWING)"", ""2IN1 REPAIR&GLOW"", ""[LIVE DEAL]4IN1 SET"", ""[LIVE DEAL]2IN1""]"
Shopee,,id,2026-07-03,809769142,glad2glow.indo,Glad2Glow Official Store,KAB. TANGERANG,44554737595,[BELI 7 DAPAT 9!] Glad2Glow Cerah Glowing Outing Bundle all in 1 10in1 Brightening Moisturizer+Serum+Tone Up Cream+Body Serum+Cleanser+Lip Care Serum+Retinol 10%Niacinamide skincare paket pembersih perawatan kulit mencerahkan warna kulit g2g official,https://shopee.co.id/product/809769142/44554737595,https://down-id.img.susercontent.com/file/id-11134207-81zti-mq2pbivg34zyae,"[""https://down-id.img.susercontent.com/file/id-11134207-81zti-mq2pbivg34zyae""]","[""OFFICIAL_SHOP""]","[""id-11134258-7r98z-lykpu80ygbvs76""]",Promo_Xtra,id-11134258-822wn-mlx9cgtbn85k12,False,False,False,1768462005,303050,400000,303050,24,931791142240256,,,,,,5000.0,858.0,4.890299184043518,2206,"[8, 6, 25, 142, 2025]",[],GLAD2GLOW,3138611,100630,"[100630, 100665]",1671,10pcs,"[""[HOT]Glow 9pcs-PDRN"", ""Lengkap Outting 10ps"", ""Skincare& Lip Set"", ""All in 1 9pcs-PDRN-3"", ""All in 1 9pcs 03"", ""All in 1 9pcs 01"", ""[LIVE DEAL]9pcs-03""]"
Shopee,,id,2026-07-03,809769142,glad2glow.indo,Glad2Glow Official Store,KAB. TANGERANG,49459172555,[ Free Gift&SaveMore-5PCS]Glad2Glow Micellar Water 300ml cleansing oil micellar remover make up remove facial wash g2glow official store,https://shopee.co.id/product/809769142/49459172555,https://down-id.img.susercontent.com/file/id-11134207-822wi-mne3vn0rku14a3,"[""https://down-id.img.susercontent.com/file/id-11134207-822wi-mne3vn0rku14a3"", ""https://down-id.img.susercontent.com/file/id-11134207-822wh-mn9g0l0n7c3pb3"", ""https://down-id.img.susercontent.com/file/id-11134207-822wp-mn9g0l0na58l04"", ""https://down-id.img.susercontent.com/file/id-11134207-822wg-mn9g0l0n8qo5ac"", ""https://down-id.img.susercontent.com/file/id-11134207-822wk-mn9u5niffxu042"", ""https://down-id.img.susercontent.com/file/id-11134207-81ztd-mq5u9ilv57gid5""]","[""OFFICIAL_SHOP""]","[""id-11134258-7r98z-lykpu80ygbvs76""]",FSS+Promo_Xtra,id-11134258-8224z-mkvwcf6270g1ad,False,False,False,1776676565,169000,599000,169000,72,476043307925741,,,,,,154.0,108.0,4.782608695652174,23,"[1, 0, 0, 1, 21]",[],GLAD2GLOW,3138611,100630,"[100630, 100662, 100884]",26,Makeup Remover,"[""Cherry-230ml-5PCS"", ""4Cherry+1Brightening"", ""Cherry-5PCS"", ""Brightening-5PCS"", ""VC -5PCS"", ""Pore Clearing-5PCS"", ""Acne Care-5PCS"", ""Calm-5PCS"", ""Cleansing Oil-5PCS""]"
Shopee,,id,2026-07-03,809769142,glad2glow.indo,Glad2Glow Official Store,KAB. TANGERANG,29826448226,Glad2Glow Creamy Berry Overnight Bright Body Serum 300ml body lotion handbody aha whitening body serum body serum lotion handbody pemutih badan pemutih badan hb pemutih badan citra hand body brighty purbasari body serum slavina g2glow official store,https://shopee.co.id/product/809769142/29826448226,https://down-id.img.susercontent.com/file/id-11134207-822wg-motbej4ibua4ea,"[""https://down-id.img.susercontent.com/file/id-11134207-822wg-motbej4ibua4ea""]","[""OFFICIAL_SHOP""]","[""id-11134258-7r98z-lykpu80ygbvs76""]",Promo_Xtra,id-11134258-822wn-mlx9cgtbn85k12,False,False,False,1739788037,100000,250000,100000,60,476043307925741,,,,,,10000.0,1000.0,4.917267523972348,13453,"[20, 11, 99, 802, 12521]",[],GLAD2GLOW,3138611,100630,"[100630, 102002, 102007]",6349,Body serum,"[""Hemat26K⚡Bright 3PC"", ""✨[HOT]Bright -300ml"", ""✨[HOT]Bright 300mlx2"", ""Bright(300+180ml)2PC"", ""Bright -180ml"", ""Bright 180ml-2PCS"", ""Bright -300ml-fs""]"
Shopee,,id,2026-07-03,809769142,glad2glow.indo,Glad2Glow Official Store,KAB. TANGERANG,44480446034,[ADD ON DEAL] Glad2Glow PORE CLEARING MICELLAR WATER 130ML,https://shopee.co.id/product/809769142/44480446034,https://down-id.img.susercontent.com/file/sg-11134201-820o3-mnlcyageru9wcd,"[""https://down-id.img.susercontent.com/file/sg-11134201-820o3-mnlcyageru9wcd"", ""https://down-id.img.susercontent.com/file/sg-11134201-820ny-mnlcyar6xfra4e"", ""https://down-id.img.susercontent.com/file/sg-11134201-820o2-mnlcybivyuwzd6"", ""https://down-id.img.susercontent.com/file/sg-11134201-820n0-mnlcybrundvl93"", ""https://down-id.img.susercontent.com/file/sg-11134201-820nw-mnlcyc4x20i0d6"", ""https://down-id.img.susercontent.com/file/sg-11134201-820lm-mnlcycg7tmv665"", ""https://down-id.img.susercontent.com/file/sg-11134201-820o5-mnlcycq7t2bpf3"", ""https://down-id.img.susercontent.com/file/sg-11134201-820no-mnlcyd1n3mki97""]","[""OFFICIAL_SHOP""]","[""id-11134258-7r98z-lykpu80ygbvs76""]",FSS+Promo_Xtra,id-11134258-8224z-mkvwcf6270g1ad,False,False,False,1777373812,69000,69000,69000,,0,,,,,,53.0,19.0,5.0,18,"[0, 0, 0, 0, 18]",[],GLAD2GLOW,3138611,100630,"[100630, 100662, 100884]",23,Makeup Remover,"[""[Hot]300ml-1PC"", ""230ml-Brightening"", ""130ml-1PC""]"
Shopee,,id,2026-07-03,809769142,glad2glow.indo,Glad2Glow Official Store,KAB. TANGERANG,48707430412,Glad2Glow Paket Makeup 3in1-FLAWLESS BLURRING SKIN TINT+PERFECT BLURRING POWDER FOUNDATION+BRIGHTENING LIP SERUM Ringan tanpa beban Tahan make up seharian g2glow official,https://shopee.co.id/product/809769142/48707430412,https://down-id.img.susercontent.com/file/id-11134207-822wn-mlzz9sp5np4z1e,"[""https://down-id.img.susercontent.com/file/id-11134207-822wn-mlzz9sp5np4z1e""]","[""OFFICIAL_SHOP""]","[""id-11134258-7r98z-lykpu80ygbvs76""]",FSS+Promo_Xtra,id-11134258-8224z-mkvwcf6270g1ad,False,False,False,1773902949,185900,399000,185900,53,476043307925741,,,,,,417.0,199.0,4.894736842105263,152,"[0, 1, 1, 11, 139]",[],GLAD2GLOW,3138611,100630,"[100630, 100665]",195,SET,"[""3pcs Makeup""]"
Shopee,,id,2026-07-03,809769142,glad2glow.indo,Glad2Glow Official Store,KAB. TANGERANG,45308822576,[LINK]Glad2Glow Perfect Cover Cushion Foundation Waterproof Make Up Setting Concealer BB Cream Tahan Lama Hingga 12 Jam Hasil Akhir Glowing Dan Menyatu Dengan Warna Kulit Tekstur Ringan Di Wajah g2glow official store,https://shopee.co.id/product/809769142/45308822576,https://down-id.img.susercontent.com/file/id-11134207-822wt-mogr4ac386x7ab,"[""https://down-id.img.susercontent.com/file/id-11134207-822wt-mogr4ac386x7ab""]","[""OFFICIAL_SHOP""]","[""id-11134258-7r98z-lykpu80ygbvs76""]",FSS+Promo_Xtra,id-11134258-8224z-mkvwcf6270g1ad,False,False,False,1776163094,98900,999999999,98900,99,476043307925741,,,,,,25.0,6.0,5.0,5,"[0, 0, 0, 0, 5]",[],GLAD2GLOW,3138611,100630,"[100630, 100662, 100881, 101628]",21,Cushion,"[""03 Custard-hot sale""]"
Shopee,,id,2026-07-03,809769142,glad2glow.indo,Glad2Glow Official Store,KAB. TANGERANG,46103531817,"[Free Gift+Extra Disc]Glad2Glow 8 IN 1 Super Glow Skincare & Makeup Set: Brightening Micellar Water+Moisturizer+Toner+Milk Cleanser+Peeling Serum+Flawless Skin Tint+Perfect Blurring Powder|Kulit Cerah, Glowing&Halus Sepanjang Hari",https://shopee.co.id/product/809769142/46103531817,https://down-id.img.susercontent.com/file/id-11134207-822wq-mlmxe111v6kl69,"[""https://down-id.img.susercontent.com/file/id-11134207-822wq-mlmxe111v6kl69""]","[""OFFICIAL_SHOP""]","[""id-11134258-7r98z-lykpu80ygbvs76""]",FSS+Promo_Xtra,id-11134258-8224z-mkvwcf6270g1ad,False,False,False,1766482214,315400,499000,315400,37,931791142240256,,,,,,2000.0,135.0,4.873015873015873,945,"[6, 2, 13, 64, 860]",[],GLAD2GLOW,3138611,100630,"[100630, 100665]",872,combo,"[""Skintint+TWC-02"", ""Skintint+TWC-03"", ""Skintint+Powder-02"", ""Skintint+Powder-03""]"
Shopee,,id,2026-07-03,809769142,glad2glow.indo,Glad2Glow Official Store,KAB. TANGERANG,21429166155,Glad2Glow Centella Salicylic Acid Power Acne Serum skincare serum wajah Eksfoliasi Wajah skincare bpom essence Anti jerawat skincare Menyamarkan bekas jerawat Menenangkan kulit g2glow official store,https://shopee.co.id/product/809769142/21429166155,https://down-id.img.susercontent.com/file/id-11134207-822wu-mmtrusbbozcw26,"[""https://down-id.img.susercontent.com/file/id-11134207-822wu-mmtrusbbozcw26""]","[""OFFICIAL_SHOP""]","[""id-11134258-7r98z-lykpu80ygbvs76""]",Promo_Xtra,id-11134258-822wn-mlx9cgtbn85k12,False,False,False,1659091052,39900,79000,39900,49,476043307925741,,,,,,10000.0,1000.0,4.858622490425902,68938,"[235, 191, 802, 6629, 61081]",[],GLAD2GLOW,3138611,100630,"[100630, 100664, 100896]",24751,Acne Serum,"[""[EXTRA DISC 20%]5PCS"", ""1PC-Acne Serum"", ""2PCS-Acne Serum"", ""2PCS-Acne Care"", ""2PCS-Acne Care 2"", ""3PCS-Acne Serum"", ""1PC-Flash Sale"", ""[LIVE DEAL]-ACNE 1PC"", ""[LIVE DEAL]-ACNE 3PC""]"
Shopee,,id,2026-07-03,809769142,glad2glow.indo,Glad2Glow Official Store,KAB. TANGERANG,54800619577,[Cocok Untuk Pemula] Glad2Glow Tone up Set Cerah Glowing  Bundle 4in1-Brightening Moisturizer+Cleanser+day cream+Lip serum+10%Niacinamide skincare paket pembersih perawatan kulit mencerahkan warna kulit pelembab wajah all in 1g2glow official store,https://shopee.co.id/product/809769142/54800619577,https://down-id.img.susercontent.com/file/id-11134207-8224y-mhg5h9ysw0sgd3,"[""https://down-id.img.susercontent.com/file/id-11134207-8224y-mhg5h9ysw0sgd3""]","[""OFFICIAL_SHOP""]","[""id-11134258-7r98z-lykpu80ygbvs76""]",FSS+Promo_Xtra,id-11134258-8224z-mkvwcf6270g1ad,False,False,False,1761962444,100000,129000,100000,22,476043307925741,,,,,,5000.0,80.0,4.908114558472554,2514,"[3, 1, 22, 172, 2316]","[""Add-on Deal""]",GLAD2GLOW,3138611,100630,"[100630, 100665]",1490,Set,"[""OUTING SET 4PCS-01"", ""OUTING SET 3PCS-01"", ""OUTING SET 2PCS-01"", ""OUTING SET2 2PCS-01""]"
Shopee,,id,2026-07-03,809769142,glad2glow.indo,Glad2Glow Official Store,KAB. TANGERANG,40074160523,[NEW LAUNCH]Glad2Glow All IN ONE MAKEUP REMOVER Untuk Semua Kulit Lembut cleansing oil Micellar water Penghapus Makeup Waterproof Hapus Riasan Tahan Air dengan dan Dual-Phase Makeup Melting Solution Tanpa Iritasi untuk Kulit Sensitif g2glow official store,https://shopee.co.id/product/809769142/40074160523,https://down-id.img.susercontent.com/file/id-11134207-8224s-mfxbuk4x5ki088,"[""https://down-id.img.susercontent.com/file/id-11134207-8224s-mfxbuk4x5ki088""]","[""OFFICIAL_SHOP""]","[""id-11134258-7r98z-lykpu80ygbvs76""]",Promo_Xtra,id-11134258-822wn-mlx9cgtbn85k12,False,False,False,1760442271,29000,129000,29000,78,476043307925741,,,,,,9000.0,1000.0,4.944281524926686,2387,"[1, 2, 8, 107, 2269]","[""Add-on Deal""]",GLAD2GLOW,3138611,100630,"[100630, 100662, 100884]",2102,Makeup Remover,"[""[40%off]150ml-3PCS"", ""150ml-2PCS"", ""150ml-1PC"", ""150m+300ml""]"
Shopee,,id,2026-07-03,809769142,glad2glow.indo,Glad2Glow Official Store,KAB. TANGERANG,49204012647,[KHUSUS MEMBER]Glad2Glow Niacinamide Serum Facial Wash Brightening,https://shopee.co.id/product/809769142/49204012647,https://down-id.img.susercontent.com/file/id-11134207-8224s-mix0iio9oefb80,"[""https://down-id.img.susercontent.com/file/id-11134207-8224s-mix0iio9oefb80"", ""https://down-id.img.susercontent.com/file/id-11134207-8224u-mix0iio9pszr66"", ""https://down-id.img.susercontent.com/file/id-11134207-82250-mix0iio9r7k7e3""]","[""OFFICIAL_SHOP""]","[""id-11134258-7r98z-lykpu80ygbvs76""]",Promo_Xtra,id-11134258-822wn-mlx9cgtbn85k12,False,False,False,1767183442,100000,100000,100000,,0,,,,,,307.0,164.0,4.980582524271845,103,"[0, 0, 0, 2, 101]",[],GLAD2GLOW,3138611,100630,"[100630, 100664, 100893]",66,Serum,"[""1PC""]"
Shopee,,id,2026-07-03,809769142,glad2glow.indo,Glad2Glow Official Store,KAB. TANGERANG,55157456628,Glad2Glow Set Makeup Lengkap 2in1 Pore Clearing Micellar+Cushion Foundation Sempurna untuk Makeup Sehari-hari Tanpa Repot G2G / Make Up Set Lengkap,https://shopee.co.id/product/809769142/55157456628,https://down-id.img.susercontent.com/file/id-11134207-822wl-mm8keq8fhatg99,"[""https://down-id.img.susercontent.com/file/id-11134207-822wl-mm8keq8fhatg99"", ""https://down-id.img.susercontent.com/file/id-11134207-822wn-mm8keq8fk3yc91"", ""https://down-id.img.susercontent.com/file/id-11134207-822wt-mm8keq8fliisa5"", ""https://down-id.img.susercontent.com/file/id-11134207-822wn-mm1g8jthoooyfb"", ""https://down-id.img.susercontent.com/file/id-11134207-822wt-mm1g8jthrhtu9f"", ""https://down-id.img.susercontent.com/file/id-11134207-822wo-mm1g8jthx43me0"", ""https://down-id.img.susercontent.com/file/id-11134207-822wu-mm1g8jthvpj64d"", ""https://down-id.img.susercontent.com/file/id-11134207-822wh-mm1g8jthuayq14"", ""https://down-id.img.susercontent.com/file/id-11134207-822wm-mm1g8jthswea5f""]","[""OFFICIAL_SHOP""]","[""id-11134258-7r98z-lykpu80ygbvs76""]",FSS+Promo_Xtra,id-11134258-8224z-mkvwcf6270g1ad,False,False,False,1773991023,103000,299000,103000,66,476043307925741,,,,,,225.0,60.0,4.943661971830986,71,"[0, 0, 0, 4, 67]",[],GLAD2GLOW,3138611,100630,"[100630, 100665]",47,SET,"[""Kulit Kering Set"", ""Kulit Kombinasi Set"", ""Kulit Berminyak Set""]"
Shopee,,id,2026-07-03,809769142,glad2glow.indo,Glad2Glow Official Store,KAB. TANGERANG,41880136036,[JADI MEMBER! SETIAP SENIN DAPATKAN HARGA TERBAIK]Glad2Glow Cherry Blossom Micellar Water 300ml Untuk Semua Kulit Lembut cleansing oil Penghapus Makeup Waterproof Hapus Riasan Tahan Air dengan Centella & Tanpa Iritasi untuk Kulit Sensitif & Berjerawat,https://shopee.co.id/product/809769142/41880136036,https://down-id.img.susercontent.com/file/id-11134207-822wm-mo26yjjvym8501,"[""https://down-id.img.susercontent.com/file/id-11134207-822wm-mo26yjjvym8501"", ""https://down-id.img.susercontent.com/file/id-11134207-822wo-mo9mj92i4dmod0"", ""https://down-id.img.susercontent.com/file/id-11134207-822wl-mowjotgu8iz267"", ""https://down-id.img.susercontent.com/file/id-11134207-822wr-mn9ht0kbmjnna3"", ""https://down-id.img.susercontent.com/file/id-11134207-822wk-mn9ht0k6pk3o17"", ""https://down-id.img.susercontent.com/file/id-11134207-822wi-mn9ht0k6qyo4ec"", ""https://down-id.img.susercontent.com/file/sg-11134201-824g3-mphlxrienjez66"", ""https://down-id.img.susercontent.com/file/sg-11134201-824ij-mphlxt8o3thea3"", ""https://down-id.img.susercontent.com/file/id-11134207-822wr-mn9ht0k6wkxw25""]","[""OFFICIAL_SHOP""]","[""id-11134258-7r98z-lykpu80ygbvs76""]",FSS+Promo_Xtra,id-11134258-8224z-mkvwcf6270g1ad,False,False,False,1776396701,157000,157000,157000,,0,,,,,,254.0,64.0,4.846153846153846,52,"[1, 1, 0, 1, 49]",[],GLAD2GLOW,3138611,100630,"[100630, 100662, 100884]",42,Makeup Remover,"[""300ML-B9G1Free"", ""300ML-B9G3"", ""9Brightening+1clear"", ""Clean Oil-200ml 2pcs"", ""8Brightening+1clear"", ""Pore Clearing-8+1"", ""8Cherry+1pore clear""]"
Shopee,,id,2026-07-03,809769142,glad2glow.indo,Glad2Glow Official Store,KAB. TANGERANG,18024029084,Glad2Glow Centella Ceramide Soothing Toner Acne hydrating toner Kulit Jerawat Berminyak Toner eksfoliasi wajah Menenangkan kemerahan pada kulit,https://shopee.co.id/product/809769142/18024029084,https://down-id.img.susercontent.com/file/id-11134207-822wp-mmhean9jd4p49b,"[""https://down-id.img.susercontent.com/file/id-11134207-822wp-mmhean9jd4p49b"", ""https://down-id.img.susercontent.com/file/id-11134207-822wg-moyw16t2x3ws60"", ""https://down-id.img.susercontent.com/file/id-11134207-7r98s-lz9ucdzy7kkbfe"", ""https://down-id.img.susercontent.com/file/id-11134207-7r991-m0473ghxoqiv56"", ""https://down-id.img.susercontent.com/file/id-11134207-7r98z-lz9ucdzy8z4r57"", ""https://down-id.img.susercontent.com/file/id-11134207-7r98r-lz9ucdzyheqw76"", ""https://down-id.img.susercontent.com/file/sg-11134201-823r8-mp6j1halxuz09f""]","[""OFFICIAL_SHOP""]","[""id-11134258-7r98z-lykpu80ygbvs76""]",Promo_Xtra,id-11134258-822wn-mlx9cgtbn85k12,False,False,False,1657872089,44900,109000,44900,59,476043307925741,,,,,,10000.0,1000.0,4.8782470546970105,48467,"[103, 94, 440, 4327, 43503]",[],GLAD2GLOW,3138611,100630,"[100630, 100664, 100892]",15612,TONER,"[""1PC-Acne"", ""[40%OFF]3PCS-Acne"", ""Tone UP Cream 2in1"", ""[EXTRA DISC 20%]5PCS"", ""1PC-Acne-FS""]"
Shopee,,id,2026-07-03,809769142,glad2glow.indo,Glad2Glow Official Store,KAB. TANGERANG,56253578980,[NEW LAUNCH] Glad2Glow FLAWLESS Perfect Foundation+ BRIGHTENING LIP SERUM 7g Mencerahkan Melembabkan 3in1 liptint Foundation Bedak padat Make up Lightweight Coverage Long-lasting 12-Hour Soft-Focus Flawless Skin oil-control g2glow official store,https://shopee.co.id/product/809769142/56253578980,https://down-id.img.susercontent.com/file/id-11134207-8224r-milair4l1ibl7c,"[""https://down-id.img.susercontent.com/file/id-11134207-8224r-milair4l1ibl7c""]","[""OFFICIAL_SHOP""]","[""id-11134258-7r98z-lykpu80ygbvs76""]",FSS+Promo_Xtra,id-11134258-8224z-mkvwcf6270g1ad,False,False,False,1766574701,109400,299000,109400,63,476043307925741,,,,,,1000.0,78.0,4.913419913419913,462,"[0, 0, 5, 30, 427]","[""Add-on Deal""]",GLAD2GLOW,3138611,100630,"[100630, 100665]",423,combo,"[""Cushion 02 + Lip 01"", ""Cushion 03 + Lip 01"", ""Cushion 02 + Lip 03"", ""Cushion 03 + Lip 03"", ""Skintint 02 + Lip 01"", ""Skintint 03 + Lip 01"", ""Skintint 02 + Lip 03"", ""Skintint 03 + Lip 03"", ""2 IN 1- 02 + Lip 01"", ""2 IN 1- 02 + Lip 03"", ""2 IN 1- 03 + Lip 01"", ""2 IN 1- 03 + Lip 03"", ""GLOW 02 + Lip 01"", ""GLOW 02 + Lip 03"", ""GLOW 03 + Lip 01"", ""GLOW 03 + Lip 03""]"
Shopee,,id,2026-07-03,809769142,glad2glow.indo,Glad2Glow Official Store,KAB. TANGERANG,48357124052,[Free Gift-Lip serum] Glad2Glow 8-in-1 Brightening Niacinamide Skincare & Makeup Set:  Glow Serum Spray+Serum+Cleanser+Glow Cushion +Powder+Micellar Water,https://shopee.co.id/product/809769142/48357124052,https://down-id.img.susercontent.com/file/id-11134207-81ztg-mq4eqb1gv20w29,"[""https://down-id.img.susercontent.com/file/id-11134207-81ztg-mq4eqb1gv20w29""]","[""OFFICIAL_SHOP""]","[""id-11134258-7r98z-lykpu80ygbvs76""]",FSS+Promo_Xtra,id-11134258-8224z-mkvwcf6270g1ad,False,False,False,1773303256,454500,556500,454500,18,476043307925741,,,,,,1000.0,316.0,4.913114754098361,610,"[0, 0, 6, 41, 563]",[],GLAD2GLOW,3138611,100630,"[100630, 100665]",638,combo,"[""Brightening Set-01"", ""Brightening Set-02"", ""PDRN Set-01"", ""PDRN Set-02""]"
Shopee,,id,2026-07-03,809769142,glad2glow.indo,Glad2Glow Official Store,KAB. TANGERANG,26341558563,Glad2Glow Acne Jerawat Bundle 4pcs paket Centella madeca cream-Moisturizer+Serum+Cleanser+Toner Skincare Centella Masker Menghilangkan Menenangkan kemerahan pada kulit Atur Minyak BerlebihMerawat Kulit g2glow official store acnaway,https://shopee.co.id/product/809769142/26341558563,https://down-id.img.susercontent.com/file/id-11134207-8224v-mjtr76myk9oie6,"[""https://down-id.img.susercontent.com/file/id-11134207-8224v-mjtr76myk9oie6"", ""https://down-id.img.susercontent.com/file/id-11134207-822wp-mp684vfns2rv5e"", ""https://down-id.img.susercontent.com/file/id-11134207-82252-mgly0z9z4b2l78"", ""https://down-id.img.susercontent.com/file/id-11134207-81ztd-mep56s47jeo63b"", ""https://down-id.img.susercontent.com/file/id-11134207-81ztl-mep56s47nmdi77"", ""https://down-id.img.susercontent.com/file/id-11134207-81ztf-mep56s47m7t2e3"", ""https://down-id.img.susercontent.com/file/id-11134207-81ztm-mep56s47p0xyc2"", ""https://down-id.img.susercontent.com/file/id-11134207-81zte-mep56s47qfiefa""]","[""OFFICIAL_SHOP""]","[""id-11134258-7r98z-lykpu80ygbvs76""]",Promo_Xtra,id-11134258-822wn-mlx9cgtbn85k12,False,False,False,1757991016,77400,199000,77400,61,476043307925741,,,,,,10000.0,1000.0,4.902039505379798,6227,"[13, 4, 41, 464, 5705]",[],GLAD2GLOW,3138611,100630,"[100630, 100665]",2142,Set Acne Care,"[""Deep Clean Acne 5pcs"", ""Anti Jerawat 5pcs"", ""Peeling Acne 5pcs"", ""Peeling Acne Care"", ""Deep Clean Acne Set"", ""Anti Jerawat 150ML"", ""Anti Jerawat 5in1"", ""Anti Jerawat 4in1"", ""Anti Jerawat 2in1"", ""[LIVE DEAL]Acne 5in1"", ""[LIVE DEAL]Acne 4in1""]"
Shopee,,id,2026-07-03,809769142,glad2glow.indo,Glad2Glow Official Store,KAB. TANGERANG,56659622964,[ADD ON DEAL]Glad2Glow Glycolic Acid Facial Wash 70ml Membersihkan & Merawat Kulit 2-in-1 Niacinamide Pencerah Pembersihan Lembut Hidrasi Melindungi Barrier Kulit Sabun Wajah Cocok Untuk Kulit Sensitif,https://shopee.co.id/product/809769142/56659622964,https://down-id.img.susercontent.com/file/sg-11134201-820mv-mnlcyktmxix248,"[""https://down-id.img.susercontent.com/file/sg-11134201-820mv-mnlcyktmxix248"", ""https://down-id.img.susercontent.com/file/sg-11134201-820lz-mnlcyl1xnl6tbe"", ""https://down-id.img.susercontent.com/file/sg-11134201-820nz-mnlcylagdp1c51"", ""https://down-id.img.susercontent.com/file/sg-11134201-820mp-mnlcylhte4n88b"", ""https://down-id.img.susercontent.com/file/sg-11134201-824ht-mpm6dym9qjv072""]","[""OFFICIAL_SHOP""]","[""id-11134258-7r98z-lykpu80ygbvs76""]",FSS+Promo_Xtra,id-11134258-8224z-mkvwcf6270g1ad,False,False,False,1777373823,89000,89000,89000,,0,,,,,,42.0,18.0,4.923076923076923,13,"[0, 0, 0, 1, 12]",[],GLAD2GLOW,3138611,100630,"[100630, 100664, 100891]",24,CLEANSER,"[""CLEANSER 1PC 70ml""]"
Shopee,,id,2026-07-03,809769142,glad2glow.indo,Glad2Glow Official Store,KAB. TANGERANG,23856176929,Glad2Glow Volcano 3D Acid Pore Clay Mask Masker Wajah Masker Glad2Glow Masker Komedo Dan Pori Pori Wajah Deep Pores Cleansing Masker Organik Clay Mask Clay Masker Mud Mask Face Masker Jelly Mask Sheetmask Wash Off Mask Masker Jerawat G2Glow Official Store,https://shopee.co.id/product/809769142/23856176929,https://down-id.img.susercontent.com/file/id-11134207-7ra0m-mb63uu9dqb205f,"[""https://down-id.img.susercontent.com/file/id-11134207-7ra0m-mb63uu9dqb205f"", ""https://down-id.img.susercontent.com/file/id-11134207-822wo-mp66vn66jzeo2b"", ""https://down-id.img.susercontent.com/file/id-11134207-822wl-mot6p28s5ibw99"", ""https://down-id.img.susercontent.com/file/id-11134207-7r98y-lmpor0xnvtscdc"", ""https://down-id.img.susercontent.com/file/id-11134207-7r98x-lmpor0xnvtpbc3"", ""https://down-id.img.susercontent.com/file/id-11134207-7r98y-lmpor0xnvttg2a""]","[""OFFICIAL_SHOP""]","[""id-11134258-7r98z-lykpu80ygbvs76""]",FSS+Promo_Xtra,id-11134258-8224z-mkvwcf6270g1ad,False,False,False,1695815859,31900,99000,31900,68,476043307925741,,,,,,10000.0,1000.0,4.843357142857143,42000,"[93, 97, 586, 4744, 36480]",[],GLAD2GLOW,3138611,100630,"[100630, 100664, 100898]",20838,Type,"[""1PC"", ""Face Wash & Masker"", ""[60%OFF]2PCS"", ""[60%OFF]3PCS"", ""[50%OFF]4PCS""]"
Shopee,,id,2026-07-03,809769142,glad2glow.indo,Glad2Glow Official Store,KAB. TANGERANG,52152560531,"[New Launch] Glad2Glow Brightening Tone Up Cream, Brightening Lip Serum 7g, 3-in-1 liptint, Day Cream Moisturizer, Cerah dan Glowing Tanpa Whitecast, Mencerahkan, Melembabkan g2g official store",https://shopee.co.id/product/809769142/52152560531,https://down-id.img.susercontent.com/file/id-11134207-8224z-mi2ymxa04ava6a,"[""https://down-id.img.susercontent.com/file/id-11134207-8224z-mi2ymxa04ava6a""]","[""OFFICIAL_SHOP""]","[""id-11134258-7r98z-lykpu80ygbvs76""]",Promo_Xtra,id-11134258-822wn-mlx9cgtbn85k12,False,False,False,1764819113,90400,299000,90400,70,476043307925741,,,,,,1000.0,69.0,4.911711711711711,555,"[0, 1, 6, 34, 514]","[""Add-on Deal""]",GLAD2GLOW,3138611,100630,"[100630, 100665]",457,combo,"[""Tone Up + Lip 01"", ""Tone Up + TWC 02"", ""Tone Up + TWC 03"", ""Tone Up + Powder 02"", ""Tone Up + Powder 03"", ""Tone Up+TWC02+Lip01"", ""Tone Up+TWC03+Lip01"", ""ToneUp+Powder02Lip01"", ""ToneUp+Powder03Lip01"", ""4 SET-TWC 02"", ""4 SET-TWC 03"", ""4 SET-Powder 02"", ""4 SET-Powder 03""]"
Shopee,,id,2026-07-03,809769142,glad2glow.indo,Glad2Glow Official Store,KAB. TANGERANG,49252294295,GLAD2GLOW PERFECT VITA C BRIGHT GLOW SERUM 17ml Antioksidan Ekstrak Tangerine  Serum Pencerah Kulit,https://shopee.co.id/product/809769142/49252294295,https://down-id.img.susercontent.com/file/id-11134207-8224r-mhludgpkcv0mb4,"[""https://down-id.img.susercontent.com/file/id-11134207-8224r-mhludgpkcv0mb4"", ""https://down-id.img.susercontent.com/file/id-11134207-822ws-moteebyw42z247"", ""https://down-id.img.susercontent.com/file/id-11134207-822wq-moteebyw2oema5"", ""https://down-id.img.susercontent.com/file/id-11134207-8224v-mhludgpjxerk5a"", ""https://down-id.img.susercontent.com/file/id-11134207-82251-mhludgpkihae6b"", ""https://down-id.img.susercontent.com/file/id-11134207-8224w-mhludgpke9l2d9"", ""https://down-id.img.susercontent.com/file/id-11134207-8224z-mhludgpkh2pyea"", ""https://down-id.img.susercontent.com/file/id-11134207-8224r-mhludgpkjvuuca"", ""https://down-id.img.susercontent.com/file/id-11134207-8224x-mhludgpkfo5i45""]","[""OFFICIAL_SHOP""]","[""id-11134258-7r98z-lykpu80ygbvs76""]",Promo_Xtra,id-11134258-822wn-mlx9cgtbn85k12,False,False,False,1764327910,39000,109000,39000,64,476043307925741,,,,,,9000.0,908.0,4.919965821703219,3511,"[5, 0, 21, 219, 3266]","[""Add-on Deal""]",Glad2Glow Official Store,3990929,100630,"[100630, 100664, 100896]",1165,vc serum,"[""VC Serum 1pc"", ""VC Serum 2pcs"", ""VC Serum 3pcs"", ""Antioksidan 2pcs"", ""Antioksidan 3pcs""]"
Shopee,,id,2026-07-03,809769142,glad2glow.indo,Glad2Glow Official Store,KAB. TANGERANG,43426829042,[NEW]GLAD2GLOW PERFECT VITA C BRIGHT GLOW TONER G2G Toner 3in1 Function Bright Toner Kulit Tampak Cerah Brightening Even Skin Tone Hydrating Glad2Glow Official,https://shopee.co.id/product/809769142/43426829042,https://down-id.img.susercontent.com/file/id-11134207-82252-mhl9qxnuf7yaa0,"[""https://down-id.img.susercontent.com/file/id-11134207-82252-mhl9qxnuf7yaa0"", ""https://down-id.img.susercontent.com/file/id-11134207-822wi-motc6mbtrv9p9f"", ""https://down-id.img.susercontent.com/file/id-11134207-822wg-motbzcpo7klnd5"", ""https://down-id.img.susercontent.com/file/id-11134207-8224t-mhl9qxnr81dtc3"", ""https://down-id.img.susercontent.com/file/id-11134207-8224r-mhl9qxnscruu2c"", ""https://down-id.img.susercontent.com/file/id-11134207-8224s-mhl9qxnugmiq41"", ""https://down-id.img.susercontent.com/file/id-11134207-8224u-mhl9qxnse6faca""]","[""OFFICIAL_SHOP""]","[""id-11134258-7r98z-lykpu80ygbvs76""]",FSS+Promo_Xtra,id-11134258-8224z-mkvwcf6270g1ad,False,False,False,1764293555,39000,90000,39000,57,476043307925741,,,,,,1000.0,203.0,4.934142114384748,577,"[2, 0, 2, 26, 547]",[],GLAD2GLOW,3138611,100630,"[100630, 100664, 100892]",163,Vita C Toner,"[""1 PC"", ""2 PCS"", ""3 PCS"", ""5 PCS""]"
Shopee,,id,2026-07-03,809769142,glad2glow.indo,Glad2Glow Official Store,KAB. TANGERANG,42723371159,Glad2Glow Kiwi 3D Acid Acne Moisturizer 100g Jerawat Mencerahkan Penuaan Hilangkan Flek & Tenangkan Kulit Skincare Pelembab Esensi Wajah Perawatan Kulit Pelembab Wajah g2glow official store,https://shopee.co.id/product/809769142/42723371159,https://down-id.img.susercontent.com/file/id-11134207-81ztl-mfmfxqiwsr2h35,"[""https://down-id.img.susercontent.com/file/id-11134207-81ztl-mfmfxqiwsr2h35"", ""https://down-id.img.susercontent.com/file/id-11134207-82252-mh1fch7ijuo800"", ""https://down-id.img.susercontent.com/file/id-11134207-81zth-mfmfxqiwu5mx82"", ""https://down-id.img.susercontent.com/file/id-11134207-81zto-mfmg9q4tlix5d4"", ""https://down-id.img.susercontent.com/file/sg-11134201-824he-mphbtggvbaby9d"", ""https://down-id.img.susercontent.com/file/id-11134207-81zth-mfmfxqiwwyrt09""]","[""OFFICIAL_SHOP""]","[""id-11134258-7r98z-lykpu80ygbvs76""]",Promo_Xtra,id-11134258-822wn-mlx9cgtbn85k12,False,False,False,1760006399,100000,199000,100000,50,476043307925741,,,,,,3000.0,562.0,4.949126803340926,1317,"[0, 0, 3, 61, 1253]","[""Add-on Deal""]",GLAD2GLOW,3138611,100630,"[100630, 100664, 100893]",407,MOISTURIZER,"[""[EXTRA DISC 20%]3PCS"", ""Acne Moist 1PC"", ""Acne Moist 2PCS"", ""Acne Care Set 2PCS"", ""Acne Care Set 3PCS"", ""Moist&Cleanser 2PCS"", ""[LIVE DEAL]1pc""]"
Shopee,,id,2026-07-03,809769142,glad2glow.indo,Glad2Glow Official Store,KAB. TANGERANG,43226040976,[NEW LAUNCH]Glad2Glow Natural Glowing Set Bundle 4in1-Brightening Moisturizer+Cleanser+lip serum+skin tint 10%Niacinamide skincare paket pembersih perawatan kulit mencerahkan warna kulit pelembab wajah all in 1g2glow official store,https://shopee.co.id/product/809769142/43226040976,https://down-id.img.susercontent.com/file/id-11134207-8224o-mgiut4nu6xamf6,"[""https://down-id.img.susercontent.com/file/id-11134207-8224o-mgiut4nu6xamf6""]","[""OFFICIAL_SHOP""]","[""id-11134258-7r98z-lykpu80ygbvs76""]",Promo_Xtra,id-11134258-822wn-mlx9cgtbn85k12,False,False,False,1761968364,100000,149000,100000,33,476043307925741,,,,,,1000.0,17.0,4.88086642599278,831,"[0, 2, 16, 61, 752]","[""Add-on Deal""]",GLAD2GLOW,3138611,100630,"[100630, 100665]",783,Set,"[""01-Strawberry 4PCS"", ""01-Strawberry 2PCS"", ""01-Strawberry 2PCS-1"", ""01-Strawberry 4PCS-2""]"
Shopee,,id,2026-07-03,809769142,glad2glow.indo,Glad2Glow Official Store,KAB. TANGERANG,55201716278,"[NEW LAUNCH]Glad2Glow B12 All IN ONE MAKEUP REMOVER Untuk Semua Kulit Lembut cleansing oil&Micellar water 3:7 Tanpa Iritasi untuk Kulit Sensitif Diperkaya dengan Vitamin B12, Niacinamide, dan Vitamin E g2glow official store",https://shopee.co.id/product/809769142/55201716278,https://down-id.img.susercontent.com/file/id-11134207-8224s-mhfll011wzd85a,"[""https://down-id.img.susercontent.com/file/id-11134207-8224s-mhfll011wzd85a"", ""https://down-id.img.susercontent.com/file/id-11134207-82251-mk6emcu7jw1v2c"", ""https://down-id.img.susercontent.com/file/sg-11134201-824iy-mpllyjoku1os3a"", ""https://down-id.img.susercontent.com/file/sg-11134201-824is-mpllylecrmrnc3"", ""https://down-id.img.susercontent.com/file/id-11134207-8224p-mhbr2atvf66gef"", ""https://down-id.img.susercontent.com/file/id-11134207-8224p-mhbr2atv85c824"", ""https://down-id.img.susercontent.com/file/id-11134207-8224r-mhbr2atvdrm0b5"", ""https://down-id.img.susercontent.com/file/id-11134207-8224v-mhbr2atv6qrs5d"", ""https://down-id.img.susercontent.com/file/id-11134207-8224u-mhbr2atv5c7c80""]","[""OFFICIAL_SHOP""]","[""id-11134258-7r98z-lykpu80ygbvs76""]",FSS+Promo_Xtra,id-11134258-8224z-mkvwcf6270g1ad,False,False,False,1763538597,29000,89000,29000,67,476043307925741,,,,,,2000.0,518.0,4.930422919508867,733,"[1, 0, 1, 45, 686]","[""Add-on Deal""]",GLAD2GLOW,3138611,100630,"[100630, 100662, 100884]",950,Makeup Remover,"[""Hot sale-150ml-3PCS"", ""150ml-2PCS"", ""150ml-1PC"", ""150m+230ml"", ""150ml+230ml*2""]"
Shopee,,id,2026-07-03,809769142,glad2glow.indo,Glad2Glow Official Store,KAB. TANGERANG,42705013074,[KHUSUS MEMBER]GLAD2GLOW Mugwort Salicylic Acid Acne Clear Micellar Water 300ml For Acne-Prone Skin/Panthenol Sensitive Care Pembersih Wajah Make Up Remover Cleansing Water Dan Oil-Control Hydrating Jerawat Control  Makeup Waterproof g2glow official store,https://shopee.co.id/product/809769142/42705013074,https://down-id.img.susercontent.com/file/sg-11134201-7rash-mb55i0bfnx3kfc,"[""https://down-id.img.susercontent.com/file/sg-11134201-7rash-mb55i0bfnx3kfc"", ""https://down-id.img.susercontent.com/file/sg-11134201-7raui-mb55ca4pl7ft7c"", ""https://down-id.img.susercontent.com/file/sg-11134201-7rav6-mb55calwqgeo9a"", ""https://down-id.img.susercontent.com/file/sg-11134201-7rau4-mb55cavwaebn08"", ""https://down-id.img.susercontent.com/file/sg-11134201-7ravm-mb55cb5bwl4978"", ""https://down-id.img.susercontent.com/file/id-11134207-81ztl-mq5u9ilv3sw29b""]","[""OFFICIAL_SHOP""]","[""id-11134258-7r98z-lykpu80ygbvs76""]",Promo_Xtra,id-11134258-822wn-mlx9cgtbn85k12,False,False,False,1750241577,48900,100000,48900,51,476043307925741,,,,,,1000.0,285.0,4.944262295081967,610,"[0, 0, 4, 26, 580]",[],GLAD2GLOW,3138611,100630,"[100630, 100662, 100884]",290,Warna,"[""1PC-Acne Care""]"
Shopee,,id,2026-07-03,809769142,glad2glow.indo,Glad2Glow Official Store,KAB. TANGERANG,57905983411,GLAD2GLOW B5-CICA BARRIER CREAM 30ml Pelembab Wajahdengan Pro Vitamin B5 Panthenol danCentella Asiatica Menenangkan &Memperkuat Kulit Kemerahan Sensitif KeringSkincare 3-in-1 Cream Meleleh Ringan TidakLengket Semua Jenis,https://shopee.co.id/product/809769142/57905983411,https://down-id.img.susercontent.com/file/id-11134207-822wr-moevfyappa1bde,"[""https://down-id.img.susercontent.com/file/id-11134207-822wr-moevfyappa1bde""]","[""OFFICIAL_SHOP""]","[""id-11134258-7r98z-lykpu80ygbvs76""]",FSS+Promo_Xtra,id-11134258-8224z-mkvwcf6270g1ad,False,False,False,1770617330,44900,88000,44900,49,476043307925741,,,,,,2000.0,360.0,4.906213364595545,853,"[4, 0, 9, 46, 794]",[],GLAD2GLOW,3138611,100630,"[100630, 100664, 100893]",914,variant,"[""1pc"", ""3pcs"", ""5pcs"", ""50ml 1pcs""]"
Shopee,,id,2026-07-03,809769142,glad2glow.indo,Glad2Glow Official Store,KAB. TANGERANG,28426633621,[SPOT-LIGHTENING] Glad2Glow 377 Dark Spot Concealer  bundle 4PCS Skincare Paket-SymWhite 377 Moisturizer+ 377 Serum+Cleanser +Niacinamide Day Cream Memperbaiki warna kulit kusam dan mencerahkan kulit G2G g2g officialstore,https://shopee.co.id/product/809769142/28426633621,https://down-id.img.susercontent.com/file/id-11134207-822wm-mmqx6ssbw7bc25,"[""https://down-id.img.susercontent.com/file/id-11134207-822wm-mmqx6ssbw7bc25""]","[""OFFICIAL_SHOP""]","[""id-11134258-7r98z-lykpu80ygbvs76""]",FSS+Promo_Xtra,id-11134258-8224z-mkvwcf6270g1ad,False,False,False,1739935645,79900,199000,79900,60,476043307925741,,,,,,10000.0,1000.0,4.902947651663405,16352,"[27, 19, 128, 1166, 15012]",[],GLAD2GLOW,3138611,100630,"[100630, 100665]",3393,377 DARK SPOT,"[""Spot-Lightening Set"", ""2PCS-Dark Spot Hot"", ""Dark Spot Set 3in1"", ""4PCS Anti Flek AM PM"", ""[LIVE DEAL]2PCS"", ""[LIVE DEAL]Spot Set""]"
Shopee,,id,2026-07-03,809769142,glad2glow.indo,Glad2Glow Official Store,KAB. TANGERANG,56459618045,[ADD ON DEAL] Glad2Glow Low pH 5.5 Gentle Face Wash  Pencuci Muka pH Seimbang Sabun Wajah Facial Cleanser g2g,https://shopee.co.id/product/809769142/56459618045,https://down-id.img.susercontent.com/file/sg-11134201-820nt-mnlcsh5m2o03ce,"[""https://down-id.img.susercontent.com/file/sg-11134201-820nt-mnlcsh5m2o03ce"", ""https://down-id.img.susercontent.com/file/sg-11134201-820nb-mnlcshensufcf7"", ""https://down-id.img.susercontent.com/file/sg-11134201-820lb-mnlcshnbmvid7b"", ""https://down-id.img.susercontent.com/file/sg-11134201-820op-mnlcshus1k3o8f"", ""https://down-id.img.susercontent.com/file/sg-11134201-820oj-mnlcsi2cbci0bf""]","[""OFFICIAL_SHOP""]","[""id-11134258-7r98z-lykpu80ygbvs76""]",FSS+Promo_Xtra,id-11134258-8224z-mkvwcf6270g1ad,False,False,False,1777373538,79000,79000,79000,,0,,,,,,17.0,9.0,5.0,3,"[0, 0, 0, 0, 3]",[],GLAD2GLOW,3138611,100630,"[100630, 100664, 100891]",22,CLEANSER,"[""low pH cleanser 1PC""]"
Shopee,,id,2026-07-03,809769142,glad2glow.indo,Glad2Glow Official Store,KAB. TANGERANG,26777568629,Glad2Glow Tremella Vita B5 Sensitive Calming Gel Cleanser facial wash skincare face wash sabun cuci muka cleansing balm exfoliating exfoliasi wajah sabun muka pembersih wajah Menenangkan kulit sensitif menghidrasi & menutrisi kulit g2glow official store,https://shopee.co.id/product/809769142/26777568629,https://down-id.img.susercontent.com/file/id-11134207-822wl-moytfn2ypjbj3b,"[""https://down-id.img.susercontent.com/file/id-11134207-822wl-moytfn2ypjbj3b"", ""https://down-id.img.susercontent.com/file/id-11134207-822wg-moyw16t2x3ws60"", ""https://down-id.img.susercontent.com/file/id-11134207-7rbk5-m77bwgrcmqla61"", ""https://down-id.img.susercontent.com/file/id-11134207-8224o-mhq0gsuz02kob2"", ""https://down-id.img.susercontent.com/file/id-11134207-7rbk2-m77bwgrclc0u6f"", ""https://down-id.img.susercontent.com/file/id-11134207-7rbk6-m77bwgrco55q46"", ""https://down-id.img.susercontent.com/file/id-11134207-7rbkb-m77bwgrcscv249"", ""https://down-id.img.susercontent.com/file/id-11134207-7rbkd-m77bwgrcpjq6a1""]","[""OFFICIAL_SHOP""]","[""id-11134258-7r98z-lykpu80ygbvs76""]",Promo_Xtra,id-11134258-822wn-mlx9cgtbn85k12,False,False,False,1740562150,107000,199000,107000,46,476043307925741,,,,,,10000.0,537.0,4.905525846702317,7855,"[20, 9, 57, 521, 7248]",[],GLAD2GLOW,3138611,100630,"[100630, 100664, 100891]",2999,CLEANSER,"[""3PCS Sensitive Skin"", ""1PCS Sensitive Skin"", ""2PCS Sensitive Skin"", ""Set Sensitive Skin"", ""1PC-Calm-FS""]"
Shopee,,id,2026-07-03,809769142,glad2glow.indo,Glad2Glow Official Store,KAB. TANGERANG,52558972921,[JADI MEMBER! SETIAP SENIN DAPATKAN HARGA TERBAIK]Glad2Glow Perfect Blurring Powder Foundation waterproof setting two way cake TWC Mengandung squalane dan vitamin E concealer pengontrol minyak meratakan warna kulit bantalan udara yang menjaga kelembapan,https://shopee.co.id/product/809769142/52558972921,https://down-id.img.susercontent.com/file/id-11134207-822ws-moxcvjcvkwel14,"[""https://down-id.img.susercontent.com/file/id-11134207-822ws-moxcvjcvkwel14"", ""https://down-id.img.susercontent.com/file/id-11134207-822wt-mowjotgu4b9q02"", ""https://down-id.img.susercontent.com/file/id-11134207-822wp-mn9hv8kyam12d8"", ""https://down-id.img.susercontent.com/file/id-11134207-822wn-mn9hv8kyc0li59"", ""https://down-id.img.susercontent.com/file/sg-11134201-824h9-mpkmoqetfqblf5"", ""https://down-id.img.susercontent.com/file/id-11134207-822wr-mn9hv8kyetqe07"", ""https://down-id.img.susercontent.com/file/id-11134207-822wl-mn9hv8kyg8aucc"", ""https://down-id.img.susercontent.com/file/id-11134207-822wk-mn9hv8kyhmva2a"", ""https://down-id.img.susercontent.com/file/id-11134207-822wk-mn9hv8kyj1fq7a""]","[""OFFICIAL_SHOP""]","[""id-11134258-7r98z-lykpu80ygbvs76""]",FSS+Promo_Xtra,id-11134258-8224z-mkvwcf6270g1ad,False,False,False,1776390956,195000,195000,195000,,0,,,,,,248.0,164.0,5.0,30,"[0, 0, 0, 0, 30]",[],GLAD2GLOW,3138611,100630,"[100630, 100662, 100881, 101630]",36,GLOWSET,"[""Cover Cushion 2pcs"", ""COVER GLOW 2pcs"", ""skin tint 4pcs""]"
Shopee,,id,2026-07-03,809769142,glad2glow.indo,Glad2Glow Official Store,KAB. TANGERANG,41680446046,[ADD ON DEAL] Glad2Glow Yuzu Aha Blackhead Exfoliating Cleanser facial wash skincare face wash,https://shopee.co.id/product/809769142/41680446046,https://down-id.img.susercontent.com/file/sg-11134201-820od-mnlcxav4oxl12d,"[""https://down-id.img.susercontent.com/file/sg-11134201-820od-mnlcxav4oxl12d"", ""https://down-id.img.susercontent.com/file/sg-11134201-820o3-mnlcxbgx4ao1f1"", ""https://down-id.img.susercontent.com/file/sg-11134201-820m4-mnlcxbno36kj47"", ""https://down-id.img.susercontent.com/file/sg-11134201-820mm-mnlcxbvkeyv811"", ""https://down-id.img.susercontent.com/file/sg-11134201-820mf-mnlcxc2b3z7pd9"", ""https://down-id.img.susercontent.com/file/sg-11134201-820nn-mnlcxccv864g88"", ""https://down-id.img.susercontent.com/file/sg-11134201-820m6-mnlcxcl4jpj67d""]","[""OFFICIAL_SHOP""]","[""id-11134258-7r98z-lykpu80ygbvs76""]",FSS+Promo_Xtra,id-11134258-8224z-mkvwcf6270g1ad,False,False,False,1777373764,199000,199000,199000,,0,,,,,,28.0,6.0,4.916666666666667,12,"[0, 0, 0, 1, 11]",[],Glad2Glow Official Store,3990929,100630,"[100630, 100664, 100891]",30,Eksfoliasi,"[""1PC-Clean""]"
Shopee,,id,2026-07-03,809769142,glad2glow.indo,Glad2Glow Official Store,KAB. TANGERANG,48806582584,Glad2Glow Glow SerumSpray 100ml White Truffle RadianceMencerahkan & Melindungi Skin BarrierSkin Prep Face Glad2Glow Official Store,https://shopee.co.id/product/809769142/48806582584,https://down-id.img.susercontent.com/file/id-11134207-822wr-ml937yss29e03c,"[""https://down-id.img.susercontent.com/file/id-11134207-822wr-ml937yss29e03c"", ""https://down-id.img.susercontent.com/file/id-11134207-8224w-ml4v5q1fz8cq36"", ""https://down-id.img.susercontent.com/file/id-11134207-822wi-ml8phm5qktfzc2""]","[""OFFICIAL_SHOP""]","[""id-11134258-7r98z-lykpu80ygbvs76""]",FSS+Promo_Xtra,id-11134258-8224z-mkvwcf6270g1ad,False,False,False,1772249663,237500,399000,237500,40,931791142240256,,,,,,46.0,7.0,4.9375,16,"[0, 0, 0, 1, 15]",[],GLAD2GLOW,3138611,100630,"[100630, 100665]",73,serum,"[""set-01"", ""set-02"", ""set-03""]"
Shopee,,id,2026-07-03,809769142,glad2glow.indo,Glad2Glow Official Store,KAB. TANGERANG,42880446008,[ADD ON DEAL] GLAD2GLOW PERFECT VITA C BRIGHT GLOW MICELLAR WATER 300ml Pembersih Wajah Make Up Remover Cleansing Water Mencerahkan Dark Spot Membersihkan makeup waterproof 130ML & 230ML,https://shopee.co.id/product/809769142/42880446008,https://down-id.img.susercontent.com/file/sg-11134201-820l4-mnlcxt2lzqx23f,"[""https://down-id.img.susercontent.com/file/sg-11134201-820l4-mnlcxt2lzqx23f"", ""https://down-id.img.susercontent.com/file/sg-11134201-820ld-mnlcxtc6wz5v0c"", ""https://down-id.img.susercontent.com/file/sg-11134201-820ok-mnlcxtlizchya0"", ""https://down-id.img.susercontent.com/file/sg-11134201-820on-mnlcxtty1eyu52"", ""https://down-id.img.susercontent.com/file/sg-11134201-824j1-mpgtv80c4jkb8e"", ""https://down-id.img.susercontent.com/file/sg-11134201-820ls-mnlcxuef7oqoe1""]","[""OFFICIAL_SHOP""]","[""id-11134258-7r98z-lykpu80ygbvs76""]",FSS+Promo_Xtra,id-11134258-8224z-mkvwcf6270g1ad,False,False,False,1777373788,79000,79000,79000,,0,,,,,,25.0,14.0,5.0,8,"[0, 0, 0, 0, 8]",[],GLAD2GLOW,3138611,100630,"[100630, 100662, 100884]",11,VITAMIN C,"[""130ml-Travel&Trial"", ""230ml-1PC""]"
Shopee,,id,2026-07-03,809769142,glad2glow.indo,Glad2Glow Official Store,KAB. TANGERANG,22853217492,Glad2Glow 3pcs Paket Skincare- Moisturizer+Serum+Toner-Acne Kit Glowing Kit Dark Spot Barrier Bright bundle Beauty Sets Packages Mencerahkan warna kulit Menghilangkan jerawat penghalang perbaikan Mencerahkan bintik hitam Anti penuaang2glow official store,https://shopee.co.id/product/809769142/22853217492,https://down-id.img.susercontent.com/file/id-11134207-7ra0t-mbgluo7142mvd9,"[""https://down-id.img.susercontent.com/file/id-11134207-7ra0t-mbgluo7142mvd9"", ""https://down-id.img.susercontent.com/file/id-11134207-7ra0m-mbgluo712o2f4d"", ""https://down-id.img.susercontent.com/file/id-11134207-7ra0t-mbglzowg0bj88c"", ""https://down-id.img.susercontent.com/file/id-11134207-7ra0q-mbgluo715h7be8"", ""https://down-id.img.susercontent.com/file/id-11134207-7ra0n-mbgluo7119hz6e"", ""https://down-id.img.susercontent.com/file/id-11134207-7ra0r-mbglzowg0bh003""]","[""OFFICIAL_SHOP""]","[""id-11134258-7r98z-lykpu80ygbvs76""]",FSS+Promo_Xtra,id-11134258-8224z-mkvwcf6270g1ad,False,False,False,1693540505,116000,299000,116000,61,476043307925741,,,,,,10000.0,218.0,4.858214776568478,53844,"[131, 113, 542, 5687, 47371]","[""Add-on Deal""]",GLAD2GLOW,3138611,100630,"[100630, 100665]",20798,Set,"[""3PCS Glowing"", ""3PCS Repair"", ""3PCS Acne Care"", ""3PCS Dark Spot"", ""3PCS Anti-wrinkle""]"
Shopee,,id,2026-07-03,809769142,glad2glow.indo,Glad2Glow Official Store,KAB. TANGERANG,52463091977,[NEW SIZE] Glad2Glow Brightening Micellar Water 700ml  Kapasitas besar Lembut Cepat Menghapus Makeup & Mencerahkan kulit Penghapus Makeup Waterproof Hapus Riasan Tahan  dan Tanpa Iritasi g2glow official store,https://shopee.co.id/product/809769142/52463091977,https://down-id.img.susercontent.com/file/id-11134207-81ztl-mq2vchtmc0loc5,"[""https://down-id.img.susercontent.com/file/id-11134207-81ztl-mq2vchtmc0loc5"", ""https://down-id.img.susercontent.com/file/id-11134207-81ztp-mq2v2wcghwqp20"", ""https://down-id.img.susercontent.com/file/id-11134207-81ztf-mq2v2wcgkpvlf4"", ""https://down-id.img.susercontent.com/file/id-11134207-81zth-mq2vchtmn9581b"", ""https://down-id.img.susercontent.com/file/id-11134207-81ztm-mq2v2wcqoiypf2"", ""https://down-id.img.susercontent.com/file/id-11134207-81zti-mq2zm2iv7ific2""]","[""OFFICIAL_SHOP""]","[""id-11134258-7r98z-lykpu80ygbvs76""]",FSS+Promo_Xtra,id-11134258-8224z-mkvwcf6270g1ad,False,False,False,1782799873,149000,149000,149000,,0,,,,,,,,0.0,0,"[0, 0, 0, 0, 0]","[""Produk Baru""]",GLAD2GLOW,3138611,100630,"[100630, 100662, 100884]",5,Makeup Remover,"[""[Jumbo Size]1PC"", ""2PCS-700ml""]"
Shopee,,id,2026-07-03,809769142,glad2glow.indo,Glad2Glow Official Store,KAB. TANGERANG,45462078618,Glad2Glow Perfect Airbrush Setting Spray -All DAY GLOW SETTINGSPRAY -White Truffle SerumSpray 100ml-All Day Matte Setting Spray -Kunci Makeup 12H Anti Luntur & Kontrol Minyak - Soft Matte Finish Anti Geser Waterproof & Sweatproof-glad2glow offcial,https://shopee.co.id/product/809769142/45462078618,https://down-id.img.susercontent.com/file/id-11134207-822wl-mpj34cetxrtb7e,"[""https://down-id.img.susercontent.com/file/id-11134207-822wl-mpj34cetxrtb7e"", ""https://down-id.img.susercontent.com/file/id-11134207-822wn-mpc5x4c9ih3g17"", ""https://down-id.img.susercontent.com/file/id-11134207-822wq-mpcaaunw2ha935"", ""https://down-id.img.susercontent.com/file/id-11134207-822wo-mpcaaunw83ke79"", ""https://down-id.img.susercontent.com/file/id-11134207-822ws-mpc5x4c9fnyk7a""]","[""OFFICIAL_SHOP""]","[""id-11134258-7r98z-lykpu80ygbvs76""]",FSS+Promo_Xtra,id-11134258-8224z-mkvwcf6270g1ad,False,False,False,1781183390,128900,199000,128900,35,476043307925741,,,,,,164.0,162.0,4.0,12,"[3, 0, 0, 0, 9]","[""Produk Baru""]",GLAD2GLOW,3138611,100630,"[100630, 100662, 100881, 101633]",47,SPRAY,"[""Glow Spray-5pc"", ""Matte Spray-5pc"", ""Airbrush Spray-5pc"", ""Airbrush Spray-2pc"", ""Airbrush Spray-3pc"", ""Matte Spray-2pc"", ""Matte Spray-3pc"", ""Glow Spray-2pc"", ""Glow Spray-3pc"", ""Top1 Club & Perks""]"
Shopee,,id,2026-07-03,809769142,glad2glow.indo,Glad2Glow Official Store,KAB. TANGERANG,40258704146,[SPECIAL DISCOUNT]GLAD2GLOW Tropical Velvet Moist & Smooth Hand Body Serum 300ml | Body Cream Body Lotion Menghidrasi Kulit Mencerahkan Dan Pemutih Tubuh Atasi Kulit Belang Brighty Body Care Whitening Skinvu body lotion glad2glow official store,https://shopee.co.id/product/809769142/40258704146,https://down-id.img.susercontent.com/file/id-11134207-8224y-mgxga43upxje37,"[""https://down-id.img.susercontent.com/file/id-11134207-8224y-mgxga43upxje37"", ""https://down-id.img.susercontent.com/file/id-11134207-8224v-mgpxsgwa0c9897"", ""https://down-id.img.susercontent.com/file/id-11134207-822wq-motbmdj8ye4v0d"", ""https://down-id.img.susercontent.com/file/id-11134207-7ra0l-mc92nt7lccf20b"", ""https://down-id.img.susercontent.com/file/id-11134207-7ra0o-mc92nt8zab4508"", ""https://down-id.img.susercontent.com/file/id-11134207-7ra0r-mc92nt8zab7p7d"", ""https://down-id.img.susercontent.com/file/sg-11134201-824iv-mpg36l7ka1vk1b"", ""https://down-id.img.susercontent.com/file/id-11134207-7ra0k-mc92nt8fb49s59"", ""https://down-id.img.susercontent.com/file/id-11134207-7ra0o-mc92nt999whxf9""]","[""OFFICIAL_SHOP""]","[""id-11134258-7r98z-lykpu80ygbvs76""]",FSS+Promo_Xtra,id-11134258-8224z-mkvwcf6270g1ad,False,False,False,1752660142,39000,129000,39000,70,476043307925741,,,,,,6000.0,850.0,4.937225636523266,2278,"[2, 0, 11, 113, 2152]","[""Add-on Deal""]",GLAD2GLOW,3138611,100630,"[100630, 102002, 102007]",1161,Body Cream,"[""Moist 300ml-1PC"", ""Moist (180+3OOml)2PC"", ""Moist 300ml-2PCS"", ""Moist 180ml-2PCS"", ""Moist 180ml-3PCS"", ""Moist 180ml""]"
Shopee,,id,2026-07-03,809769142,glad2glow.indo,Glad2Glow Official Store,KAB. TANGERANG,27580011874,[SENSITIVE SET]Glad2Glow Bundle all in 1 Tremella Vita B5 Sensitive Calming Moisturizer+Peeling Solution+Glad2Glow  Gel Cleanser+Tremella Panthenol Sensitive Care Micellar Water g2glow official store,https://shopee.co.id/product/809769142/27580011874,https://down-id.img.susercontent.com/file/id-11134207-7rbk1-m7hdwpjymbiuc8,"[""https://down-id.img.susercontent.com/file/id-11134207-7rbk1-m7hdwpjymbiuc8"", ""https://down-id.img.susercontent.com/file/id-11134207-7rbka-m7hdwpjyp4nq0c"", ""https://down-id.img.susercontent.com/file/id-11134207-7rbkc-m7hdwpjynq3a09"", ""https://down-id.img.susercontent.com/file/id-11134207-7rbk1-m7hdwpjyqj8627""]","[""OFFICIAL_SHOP""]","[""id-11134258-7r98z-lykpu80ygbvs76""]",FSS+Promo_Xtra,id-11134258-8224z-mkvwcf6270g1ad,False,False,False,1742284775,90500,299000,90500,70,476043307925741,,,,,,2000.0,51.0,4.898627243928194,947,"[2, 2, 10, 62, 871]","[""Add-on Deal""]",GLAD2GLOW,3138611,100630,"[100630, 100665]",947,SENSITIVE SET,"[""5PCS Sensitive Care"", ""4PCS Sensitive Care"", ""3PCS Sensitive Care"", ""2PCS Sensitive Care""]"
Shopee,,id,2026-07-03,809769142,glad2glow.indo,Glad2Glow Official Store,KAB. TANGERANG,48659174387,GLAD2GLOW [2-IN-1 SET] PDRN Brightening Duo: Serum/Moisturizer + Cushion/Skin Tint - Double Brightening 5% Niacinamide - Deep Repair & Anti Kusam - Base Makeup Sempurna-glad2glow offical,https://shopee.co.id/product/809769142/48659174387,https://down-id.img.susercontent.com/file/id-11134207-822wk-mnfijn9e603l50,"[""https://down-id.img.susercontent.com/file/id-11134207-822wk-mnfijn9e603l50"", ""https://down-id.img.susercontent.com/file/id-11134207-822wh-mnfijn9e7eo1e5"", ""https://down-id.img.susercontent.com/file/id-11134207-822wr-mn9u5nia23gl82"", ""https://down-id.img.susercontent.com/file/id-11134207-822wr-mn9u5nia3i11fc"", ""https://down-id.img.susercontent.com/file/id-11134207-822wt-mn9u5nia4wlhf4""]","[""OFFICIAL_SHOP""]","[""id-11134258-7r98z-lykpu80ygbvs76""]",FSS+Promo_Xtra,id-11134258-8224z-mkvwcf6270g1ad,False,False,False,1776682754,100000,399000,100000,75,476043307925741,,,,,,692.0,66.0,4.944186046511628,215,"[1, 0, 2, 4, 208]",[],GLAD2GLOW,3138611,100630,"[100630, 100665]",142,PDRNserumSET,"[""CUSHION+ SERUM"", ""GLOWCUSHION+SERUM"", ""SKINTINT+ SERUM"", ""CUSHION +CREAM"", ""GLOWCUSHION+CREAM"", ""SKINTINT+CREAM""]"
Shopee,,id,2026-07-03,809769142,glad2glow.indo,Glad2Glow Official Store,KAB. TANGERANG,55407453466,[SALE!!] Glad2Glow Glow Serum Spray 100ml 2IN1 Combo Serum Spray + Perfect Vita C Bright Glow Cleanser/Propolis Hyaluronic Acid Essence Toner,https://shopee.co.id/product/809769142/55407453466,https://down-id.img.susercontent.com/file/id-11134207-822wi-mm1ksds5igap62,"[""https://down-id.img.susercontent.com/file/id-11134207-822wi-mm1ksds5igap62"", ""https://down-id.img.susercontent.com/file/id-11134207-822wr-moteywdafabm98"", ""https://down-id.img.susercontent.com/file/id-11134207-822wg-moteywdadvr601"", ""https://down-id.img.susercontent.com/file/id-11134207-822wu-mm1ksdspj1mp73"", ""https://down-id.img.susercontent.com/file/id-11134207-822wi-mm191te6pk3p1b"", ""https://down-id.img.susercontent.com/file/id-11134207-822wo-mm191te6sd8l02"", ""https://down-id.img.susercontent.com/file/id-11134207-822wj-mm1irf40krgo61"", ""https://down-id.img.susercontent.com/file/sg-11134201-824i7-mplifosup91f64"", ""https://down-id.img.susercontent.com/file/id-11134207-822wp-mm1irf40m614d1""]","[""OFFICIAL_SHOP""]","[""id-11134258-7r98z-lykpu80ygbvs76""]",FSS+Promo_Xtra,id-11134258-8224z-mkvwcf6270g1ad,False,False,False,1773994294,114000,199000,114000,43,476043307925741,,,,,,261.0,52.0,4.956140350877193,114,"[0, 0, 0, 5, 109]",[],GLAD2GLOW,3138611,100630,"[100630, 100664, 100896]",77,serum,"[""[Clean+Serum]-2pcs"", ""[Toner +Serum]-2pcs""]"
Shopee,,id,2026-07-03,809769142,glad2glow.indo,Glad2Glow Official Store,KAB. TANGERANG,41078528259,[ FREE GIFT FOR 6/6! ]Dapatkan Hadiah Dengan Min. Pembelian 300RB,https://shopee.co.id/product/809769142/41078528259,https://down-id.img.susercontent.com/file/id-11134207-8224w-mk6wzwj43n5sab,"[""https://down-id.img.susercontent.com/file/id-11134207-8224w-mk6wzwj43n5sab"", ""https://down-id.img.susercontent.com/file/id-11134207-8224t-mk6wzwj451q8ab"", ""https://down-id.img.susercontent.com/file/id-11134207-822ws-mp3irksp8y6aa5""]","[""OFFICIAL_SHOP""]","[""id-11134258-7r98z-lykpu80ygbvs76""]",FSS+Promo_Xtra,id-11134258-8224z-mkvwcf6270g1ad,False,False,False,1769961827,300000,300000,300000,,0,,,,,,10000.0,1000.0,4.917247386759582,3445,"[16, 3, 30, 152, 3244]",[],GLAD2GLOW,3138611,100630,"[100630, 100663, 100885, 101650]",55,random color,"[""random""]"
Shopee,,id,2026-07-03,809769142,glad2glow.indo,Glad2Glow Official Store,KAB. TANGERANG,56159614182,[ADD ON DEAL] Glad2Glow All IN ONE MAKEUP REMOVER Untuk Semua Kulit Lembut cleansing oil Penghapus Makeup Waterproof 150ML,https://shopee.co.id/product/809769142/56159614182,https://down-id.img.susercontent.com/file/sg-11134201-823pt-mp26qvzheoe81f,"[""https://down-id.img.susercontent.com/file/sg-11134201-823pt-mp26qvzheoe81f"", ""https://down-id.img.susercontent.com/file/sg-11134201-820l5-mnlcy1zfx4ht9a"", ""https://down-id.img.susercontent.com/file/sg-11134201-820mo-mnlcy267jw1yb6"", ""https://down-id.img.susercontent.com/file/sg-11134201-820lc-mnlcy2dqkooy03"", ""https://down-id.img.susercontent.com/file/sg-11134201-820nz-mnlcy2mnb0ue65"", ""https://down-id.img.susercontent.com/file/sg-11134201-820m2-mnlcy2vzajgo6e"", ""https://down-id.img.susercontent.com/file/sg-11134201-824i1-mpmit0u7fmry8f""]","[""OFFICIAL_SHOP""]","[""id-11134258-7r98z-lykpu80ygbvs76""]",FSS+Promo_Xtra,id-11134258-8224z-mkvwcf6270g1ad,False,False,False,1777373799,99000,99000,99000,,0,,,,,,20.0,12.0,5.0,4,"[0, 0, 0, 0, 4]",[],GLAD2GLOW,3138611,100630,"[100630, 100662, 100884]",19,Makeup Remover,"[""150ml-Brightening"", ""150ml-1PC""]"
Shopee,,id,2026-07-03,809769142,glad2glow.indo,Glad2Glow Official Store,KAB. TANGERANG,29601433725,Glad2Glow 2in1 Eyelash & BROW INTENSE SERUM Eyelash Extension -Serum Penumbuh Bulu Mata dan Alis g2glow official store,https://shopee.co.id/product/809769142/29601433725,https://down-id.img.susercontent.com/file/id-11134207-81zth-methg3ppv1twa4,"[""https://down-id.img.susercontent.com/file/id-11134207-81zth-methg3ppv1twa4"", ""https://down-id.img.susercontent.com/file/sg-11134201-824h0-mpf7on6l3kle6d"", ""https://down-id.img.susercontent.com/file/id-11134207-7r98y-lvy70wcl76lqd7"", ""https://down-id.img.susercontent.com/file/id-11134207-7r98v-lvy70wcl76h902"", ""https://down-id.img.susercontent.com/file/id-11134207-7r98p-lvy70wcb7kuz01"", ""https://down-id.img.susercontent.com/file/id-11134207-7r98t-lw6vvs6q1ua562"", ""https://down-id.img.susercontent.com/file/id-11134207-7rbk6-m8wpqpm6flrhee""]","[""OFFICIAL_SHOP""]","[""id-11134258-7r98z-lykpu80ygbvs76""]",FSS+Promo_Xtra,id-11134258-8224z-mkvwcf6270g1ad,False,False,False,1717132338,48900,99000,48900,51,476043307925741,,,,,,10000.0,402.0,4.876017583848909,12284,"[33, 22, 123, 1079, 11027]",[],GLAD2GLOW,3138611,100630,"[100630, 100664, 100899, 101671]",10623,variant,"[""1pc"", ""[34% off]-3pcs""]"
Shopee,,id,2026-07-03,809769142,glad2glow.indo,Glad2Glow Official Store,KAB. TANGERANG,56505624072,[ JADI MEMBER! Flash Sale 10RB Setiap Senin! ] PORE CLEARING MICELLAR WATER 130ML/Moist & Smooth Hand Body Serum 180ml/PERFECT VITA C BRIGHT GLOW TONER 80ml,https://shopee.co.id/product/809769142/56505624072,https://down-id.img.susercontent.com/file/id-11134207-822wj-mpx1nuf1ea6k1e,"[""https://down-id.img.susercontent.com/file/id-11134207-822wj-mpx1nuf1ea6k1e"", ""https://down-id.img.susercontent.com/file/id-11134207-822wk-mpx1nuf1for022"", ""https://down-id.img.susercontent.com/file/id-11134207-8224t-mk6ft2h3uosna8"", ""https://down-id.img.susercontent.com/file/id-11134207-8224w-mk6ft2h3xhxjc4"", ""https://down-id.img.susercontent.com/file/id-11134207-8224t-mk3o3q7cgbur6a"", ""https://down-id.img.susercontent.com/file/id-11134207-8224y-mk3o3q7chqf7b4""]","[""OFFICIAL_SHOP""]","[""id-11134258-7r98z-lykpu80ygbvs76""]",FSS+Promo_Xtra,id-11134258-8224z-mkvwcf6270g1ad,False,False,False,1769769533,100000,100000,100000,,0,,,,,,494.0,134.0,4.91044776119403,67,"[0, 0, 1, 4, 62]",[],GLAD2GLOW,3138611,100630,"[100630, 100662, 100884]",637,1pc,"[""body lotion180ml"", ""VC toner80ml"", ""micellar water130ml""]"
Shopee,,id,2026-07-03,809769142,glad2glow.indo,Glad2Glow Official Store,KAB. TANGERANG,43426213694,[KHUSUS MEMBER]Glad2Glow Blueberry Ceramide Low pH Gel Cleanser,https://shopee.co.id/product/809769142/43426213694,https://down-id.img.susercontent.com/file/id-11134207-8224v-mhtz4cl15urm56,"[""https://down-id.img.susercontent.com/file/id-11134207-8224v-mhtz4cl15urm56"", ""https://down-id.img.susercontent.com/file/id-11134207-8224s-mgrx9sq1ovtbee"", ""https://down-id.img.susercontent.com/file/id-11134207-8224o-mgrx9sq1nh8vb9"", ""https://down-id.img.susercontent.com/file/id-11134207-8224w-mgrxv1zswkjsc2"", ""https://down-id.img.susercontent.com/file/id-11134207-82250-mgrx9sq1qadrfb"", ""https://down-id.img.susercontent.com/file/id-11134207-8224o-mgrx9sq1m2of57""]","[""OFFICIAL_SHOP""]","[""id-11134258-7r98z-lykpu80ygbvs76""]",Promo_Xtra,id-11134258-822wn-mlx9cgtbn85k12,False,False,False,1762517785,100000,100000,100000,,0,,,,,,153.0,23.0,4.925,40,"[0, 0, 0, 3, 37]",[],Glad2Glow Official Store,3990929,100630,"[100630, 100664, 100891]",52,Cleanser,"[""1PC""]"
Shopee,,id,2026-07-03,809769142,glad2glow.indo,Glad2Glow Official Store,KAB. TANGERANG,55659614172,[ ADD ON DEAL ] GLAD2GLOW PERFECT VITA C BRIGHT GLOW TONER G2G Toner 3in1 Function Bright Toner Kulit Tampak Cerah Brightening Even Skin Tone Hydrating Glad2Glow Official,https://shopee.co.id/product/809769142/55659614172,https://down-id.img.susercontent.com/file/sg-11134201-820l6-mnlcxjsf7ais4c,"[""https://down-id.img.susercontent.com/file/sg-11134201-820l6-mnlcxjsf7ais4c"", ""https://down-id.img.susercontent.com/file/sg-11134201-824hv-mplhjizunoy736"", ""https://down-id.img.susercontent.com/file/sg-11134201-820o1-mnlcxkb0vjereb"", ""https://down-id.img.susercontent.com/file/sg-11134201-820n1-mnlcxkl0nzlv31"", ""https://down-id.img.susercontent.com/file/sg-11134201-820o0-mnlcxksymq6c25"", ""https://down-id.img.susercontent.com/file/sg-11134201-820o5-mnlcxlb57dad25"", ""https://down-id.img.susercontent.com/file/sg-11134201-820l9-mnlcxljgxzwg4e""]","[""OFFICIAL_SHOP""]","[""id-11134258-7r98z-lykpu80ygbvs76""]",FSS+Promo_Xtra,id-11134258-8224z-mkvwcf6270g1ad,False,False,False,1777373776,90000,90000,90000,,0,,,,,,22.0,7.0,5.0,9,"[0, 0, 0, 0, 9]",[],GLAD2GLOW,3138611,100630,"[100630, 100664, 100892]",7,Vita C Toner,"[""1 PC""]"
Shopee,,id,2026-07-03,809769142,glad2glow.indo,Glad2Glow Official Store,KAB. TANGERANG,26888816475,[KHUSUS MEMBER]Glad2Glow Propolis Hyaluronic Acid Barrier Essence Toner badan face mist hydrating toner centella Toner eksfoliasi wajah glycocid acid glycolic acid Memperbaiki penghalang kulit Jaga kulit Anda G2G Toner g2glow official store,https://shopee.co.id/product/809769142/26888816475,https://down-id.img.susercontent.com/file/sg-11134201-7rdyb-mcbznq636x9uc3,"[""https://down-id.img.susercontent.com/file/sg-11134201-7rdyb-mcbznq636x9uc3"", ""https://down-id.img.susercontent.com/file/id-11134207-822wt-mot779eruj9p87"", ""https://down-id.img.susercontent.com/file/id-11134207-822wi-mot6p28sb4lo20"", ""https://down-id.img.susercontent.com/file/sg-11134201-7rdw6-mcbznqd0y5eof4"", ""https://down-id.img.susercontent.com/file/sg-11134201-7rdw9-mcbznqlmk6mp8f"", ""https://down-id.img.susercontent.com/file/sg-11134201-7rdxt-mcbznqtea6c9f2"", ""https://down-id.img.susercontent.com/file/sg-11134201-7rdwv-mcbznr01z2lu86"", ""https://down-id.img.susercontent.com/file/id-11134207-822wo-moytfn2yqxvz8f"", ""https://down-id.img.susercontent.com/file/sg-11134201-7rdyx-mcbznrflcc3b20""]","[""OFFICIAL_SHOP""]","[""id-11134258-7r98z-lykpu80ygbvs76""]",FSS+Promo_Xtra,id-11134258-8224z-mkvwcf6270g1ad,False,False,False,1752835005,37500,100000,37500,63,476043307925741,,,,,,1000.0,11.0,4.959349593495935,369,"[0, 1, 1, 10, 357]","[""Add-on Deal""]",GLAD2GLOW,3138611,100630,"[100630, 100664, 100892]",165,TONER,"[""1PC-Repair""]"
Shopee,,id,2026-07-03,809769142,glad2glow.indo,Glad2Glow Official Store,KAB. TANGERANG,48403527392,[NEW LAUNCH] Glad2Glow FLAWLESS BLURRING SKIN TINT 30G+ BRIGHTENING LIP SERUM 7g*2 Mencerahkan Melembabkan 3in1 liptint Foundation Bedak padat Make up Lightweight Coverage Long-lasting 12-Hour Soft-Focus Flawless Skin oil-control g2glow official store,https://shopee.co.id/product/809769142/48403527392,https://down-id.img.susercontent.com/file/id-11134207-8224p-milair4l8j5tc0,"[""https://down-id.img.susercontent.com/file/id-11134207-8224p-milair4l8j5tc0""]","[""OFFICIAL_SHOP""]","[""id-11134258-7r98z-lykpu80ygbvs76""]",FSS+Promo_Xtra,id-11134258-8224z-mkvwcf6270g1ad,False,False,False,1766481462,160500,299000,160500,46,476043307925741,,,,,,54.0,3.0,4.823529411764706,17,"[0, 0, 0, 3, 14]",[],GLAD2GLOW,3138611,100630,"[100630, 100665]",77,combo,"[""Skintint 01+ Lip01*2"", ""Skintint 02+ Lip01*2"", ""Skintint 03+ Lip01*2""]"
Shopee,,id,2026-07-03,809769142,glad2glow.indo,Glad2Glow Official Store,KAB. TANGERANG,57457465945,Glad2glow Brightening Lip Serum Strawberry Glaze Melembabkan Bibir& Pore Clearing Micellar Water&Vita C Bright Glow Cleanser,https://shopee.co.id/product/809769142/57457465945,https://down-id.img.susercontent.com/file/id-11134207-822wq-mm1pfq80su8560,"[""https://down-id.img.susercontent.com/file/id-11134207-822wq-mm1pfq80su8560"", ""https://down-id.img.susercontent.com/file/id-11134207-822wn-mm1q053fvev949"", ""https://down-id.img.susercontent.com/file/id-11134207-822wi-mm1pfq8d3b4f9f"", ""https://down-id.img.susercontent.com/file/id-11134207-822wm-mm1pfq8cz3f3c4"", ""https://down-id.img.susercontent.com/file/id-11134207-822wm-mm1pfq8d1wjz04"", ""https://down-id.img.susercontent.com/file/id-11134207-822wn-mm18u3jc0u0wc7"", ""https://down-id.img.susercontent.com/file/id-11134207-822wk-mm18u3jdtg5k49"", ""https://down-id.img.susercontent.com/file/id-11134207-822wj-mm1irf40krgo61"", ""https://down-id.img.susercontent.com/file/sg-11134201-824i7-mplifosup91f64""]","[""OFFICIAL_SHOP""]","[""id-11134258-7r98z-lykpu80ygbvs76""]",FSS+Promo_Xtra,id-11134258-8224z-mkvwcf6270g1ad,False,False,False,1774005853,126500,199000,126500,36,476043307925741,,,,,,30.0,7.0,4.9,10,"[0, 0, 0, 1, 9]",[],GLAD2GLOW,3138611,100630,"[100630, 100665]",44,LIP SERUM,"[""01*2"", ""03*2"", ""05*2"", ""07*2"", ""01+03"", ""05+07""]"
Shopee,,id,2026-07-03,809769142,glad2glow.indo,Glad2Glow Official Store,KAB. TANGERANG,56857456458,[Cocok Untuk Pemula]Glad2Glow Cerah Bundle 3in1 Moisturizer+Serum+Cleanser Niacinamide+Retinol+Symwhite 377 g2glow official store,https://shopee.co.id/product/809769142/56857456458,https://down-id.img.susercontent.com/file/id-11134207-822wj-mm1glczjc5xc3d,"[""https://down-id.img.susercontent.com/file/id-11134207-822wj-mm1glczjc5xc3d"", ""https://down-id.img.susercontent.com/file/id-11134207-822wt-mm1glczjdkhs67"", ""https://down-id.img.susercontent.com/file/id-11134207-822wp-mm1glczjez28e3"", ""https://down-id.img.susercontent.com/file/id-11134207-822wi-mm1glczjgdmo98"", ""https://down-id.img.susercontent.com/file/id-11134207-822wt-mm1er3z7r0u867""]","[""OFFICIAL_SHOP""]","[""id-11134258-7r98z-lykpu80ygbvs76""]",FSS+Promo_Xtra,id-11134258-8224z-mkvwcf6270g1ad,False,False,False,1773990539,114500,200000,114500,43,476043307925741,,,,,,280.0,30.0,4.952,125,"[0, 0, 0, 6, 119]",[],GLAD2GLOW,3138611,100630,"[100630, 100665]",25,SET,"[""[Niacinamide]3pcs"", ""[Retinol]3pcs"", ""[Symwhite 377]3pcs""]"
Shopee,,id,2026-07-03,809769142,glad2glow.indo,Glad2Glow Official Store,KAB. TANGERANG,48209634222,[Add On Deal] Glad2Glow Barrier Toner Propolis Hyaluronic Acid Essence 80ml Toner,https://shopee.co.id/product/809769142/48209634222,https://down-id.img.susercontent.com/file/sg-11134201-820o3-mnlcx26p2xoid8,"[""https://down-id.img.susercontent.com/file/sg-11134201-820o3-mnlcx26p2xoid8"", ""https://down-id.img.susercontent.com/file/sg-11134201-820m1-mnlcx2g66i9u45"", ""https://down-id.img.susercontent.com/file/sg-11134201-820lk-mnlcx2nptqf797"", ""https://down-id.img.susercontent.com/file/sg-11134201-820lw-mnlcx2x7gyyp38"", ""https://down-id.img.susercontent.com/file/sg-11134201-820nv-mnlcx39he70l5d"", ""https://down-id.img.susercontent.com/file/sg-11134201-824ir-mpjw2es56dqk34""]","[""OFFICIAL_SHOP""]","[""id-11134258-7r98z-lykpu80ygbvs76""]",FSS+Promo_Xtra,id-11134258-8224z-mkvwcf6270g1ad,False,False,False,1777373753,99000,99000,99000,,0,,,,,,8.0,4.0,5.0,3,"[0, 0, 0, 0, 3]",[],Glad2Glow Official Store,3990929,100630,"[100630, 100664, 100892]",8,Toner,"[""1PC""]"
Shopee,,id,2026-07-03,809769142,glad2glow.indo,Glad2Glow Official Store,KAB. TANGERANG,54053319677,"Glad2Glow 2in1 Set Cleansing Oil & Clay Mask - Eksfoliasi, Cerah, Anti Jerawat - Untuk Kulit Berminyak & Berkomedo  g2glow official store",https://shopee.co.id/product/809769142/54053319677,https://down-id.img.susercontent.com/file/id-11134207-8224y-mipbjjig229z49,"[""https://down-id.img.susercontent.com/file/id-11134207-8224y-mipbjjig229z49"", ""https://down-id.img.susercontent.com/file/id-11134207-82250-mifmnn2r0tfk0e"", ""https://down-id.img.susercontent.com/file/id-11134207-8224w-miptb7celkar9c"", ""https://down-id.img.susercontent.com/file/id-11134207-8224o-miptb7ca6u4k68"", ""https://down-id.img.susercontent.com/file/id-11134207-8224q-miptb7cek5qb01"", ""https://down-id.img.susercontent.com/file/id-11134207-8224t-mipbjjig3guf19"", ""https://down-id.img.susercontent.com/file/id-11134207-8224o-mifmdn8nrpc722"", ""https://down-id.img.susercontent.com/file/id-11134207-8224s-mifmdn8now7bcd""]","[""OFFICIAL_SHOP""]","[""id-11134258-7r98z-lykpu80ygbvs76""]",Promo_Xtra,id-11134258-822wn-mlx9cgtbn85k12,False,False,False,1766130942,101000,299000,101000,66,476043307925741,,,,,,191.0,10.0,4.895348837209302,86,"[1, 0, 0, 5, 80]",[],GLAD2GLOW,3138611,100630,"[100630, 100665]",70,Makeup Remover,"[""Clean&Eksfoliasi 2PC"", ""Clean&Glowing 2PCS"", ""Clean&Acne Care 2PCS""]"
Shopee,,id,2026-07-03,809769142,glad2glow.indo,Glad2Glow Official Store,KAB. TANGERANG,22873282452,Glad2Glow Mugwort Salicylic Acid Acne Clay Stick Masker Wajah Masker Jerawat Acne Clay Stik Anti Pores Acne Jerawat Komedo Cleansing Mugwort Mask,https://shopee.co.id/product/809769142/22873282452,https://down-id.img.susercontent.com/file/id-11134207-822wi-mmhean9j7ifc1b,"[""https://down-id.img.susercontent.com/file/id-11134207-822wi-mmhean9j7ifc1b"", ""https://down-id.img.susercontent.com/file/id-11134207-7qul5-lj41n51eiyqy6f"", ""https://down-id.img.susercontent.com/file/id-11134207-7quky-lj41n51ekdbec6"", ""https://down-id.img.susercontent.com/file/id-11134207-7qul6-lj41n51elrvu4f"", ""https://down-id.img.susercontent.com/file/id-11134207-7qul4-lj41n51en6gaa2"", ""https://down-id.img.susercontent.com/file/id-11134207-7qul2-lj41n51eol0qa1"", ""https://down-id.img.susercontent.com/file/id-11134207-822wg-moyw16t2x3ws60""]","[""OFFICIAL_SHOP""]","[""id-11134258-7r98z-lykpu80ygbvs76""]",FSS+Promo_Xtra,id-11134258-8224z-mkvwcf6270g1ad,False,False,False,1689078789,48900,99000,48900,51,476043307925741,,,,,,10000.0,564.0,4.829973915105525,50604,"[150, 169, 772, 5953, 43560]",[],GLAD2GLOW,3138611,100630,"[100630, 100664, 100898]",37989,Clay Stick,"[""[save 58k]Buy5 Get6"", ""[EXTRA 25% OFF]-6pcs"", ""1pcs"", ""[30%OFF]3pcs"", ""2pcs"", ""2in1 Acne Care"", ""Cleanser& Masker"", ""Toner & Masker"", ""Serum & Masker"", ""Moist & Masker"", ""Moist 100g & Masker""]"
Shopee,,id,2026-07-03,809769142,glad2glow.indo,Glad2Glow Official Store,KAB. TANGERANG,24704461451,Glad2Glow Pomegranate Niacinamide Brightening Clay Stick Masker Brightening Glowing Mud Clay Masker Mencerahkan Clay Pembersih Komedo Masker Wajah,https://shopee.co.id/product/809769142/24704461451,https://down-id.img.susercontent.com/file/id-11134207-7ra0m-mdbom5w8x8nr35,"[""https://down-id.img.susercontent.com/file/id-11134207-7ra0m-mdbom5w8x8nr35"", ""https://down-id.img.susercontent.com/file/id-11134207-822wg-moyw16t2x3ws60"", ""https://down-id.img.susercontent.com/file/id-11134207-7r98s-lykhgdwzvv3c85"", ""https://down-id.img.susercontent.com/file/id-11134207-7r98y-lykhgdwzugiw16"", ""https://down-id.img.susercontent.com/file/sg-11134201-823pw-mpa631ft7jm3f6"", ""https://down-id.img.susercontent.com/file/id-11134207-7r98y-lpkmhsfapfnxc7"", ""https://down-id.img.susercontent.com/file/id-11134207-7r990-lpkmhsfapg3108""]","[""OFFICIAL_SHOP""]","[""id-11134258-7r98z-lykpu80ygbvs76""]",Promo_Xtra,id-11134258-822wn-mlx9cgtbn85k12,False,False,False,1703235346,48900,99000,48900,51,476043307925741,,,,,,10000.0,360.0,4.827491128188108,78339,"[325, 321, 1239, 8774, 67680]",[],GLAD2GLOW,3138611,100630,"[100630, 100664, 100898]",52298,Type,"[""Glow Clay Stick 1pc"", ""Glow Clay Stick 2pcs"", ""Glow Clay Stick 3pcs"", ""Bright Clay Mask"", ""[Favorit]GLOWING SET"", ""Brightening Set"", ""Moist & Masker"", ""Bright Clay Stick-fs"", ""Bright Clay Mask-fs"", ""Face Wash & Masker"", ""Toner & Masker"", ""Serum & Masker"", ""Moist 100g & Masker"", ""Tone UP Cream 2in1""]"
Shopee,,id,2026-07-03,809769142,glad2glow.indo,Glad2Glow Official Store,KAB. TANGERANG,58154516903,Glad2Glow B5 5% Panthenol 2% Niacinamide Barrier Boosting Gel Moisturizer 30ML/50ML Pro-Vitamin B5 Pelembap Skin Barrier Semua Jenis Kulit Redakan Kemerahan Jerawat Aman Untuk Jerawat Acne Brightening Hydration,https://shopee.co.id/product/809769142/58154516903,https://down-id.img.susercontent.com/file/id-11134207-822wu-mpwzcifhaole68,"[""https://down-id.img.susercontent.com/file/id-11134207-822wu-mpwzcifhaole68""]","[""OFFICIAL_SHOP""]","[""id-11134258-7r98z-lykpu80ygbvs76""]",FSS+Promo_Xtra,id-11134258-8224z-mkvwcf6270g1ad,False,False,False,1768207427,83900,199000,83900,58,476043307925741,,,,,,10000.0,1000.0,4.928775948460988,5588,"[9, 2, 35, 286, 5256]",[],GLAD2GLOW,3138611,100630,"[100630, 100664, 100893]",4354,Peeling,"[""[Diskon!] Gel 50ml"", ""[HOT]Day&Night"", ""B5 Gel 50ml 2PCS"", ""Oil Control Set"", ""[Gel]Buy5 Get1Free"", ""[Cream]Buy5 Get1Free"", ""B5 Day&Night Set"", ""B5 Panthenol Gel 1PC"", ""B5 Panthenol Gel3PCS"", ""B5 CICA Cream 1 PC"", ""B5 Panthenol Gel5PCS"", ""B5  Cream 50ml 1PCS"", ""[LIVE DEAL]2in1""]"
Shopee,,id,2026-07-03,809769142,glad2glow.indo,Glad2Glow Official Store,KAB. TANGERANG,44164974080,Glad2Glow Blueberry Moisturizer 100g 5% Ceramide Menjaga Skin Barrier  Mencerahkan wajah Menjaga kelembapan kulit Penyerapan cepat Pelembab wajah  perawatan kulit Perawatan g2glow official store,https://shopee.co.id/product/809769142/44164974080,https://down-id.img.susercontent.com/file/id-11134207-8224w-mg7g9r4xf3f173,"[""https://down-id.img.susercontent.com/file/id-11134207-8224w-mg7g9r4xf3f173"", ""https://down-id.img.susercontent.com/file/id-11134207-822wt-mo0yyir76kg5d9"", ""https://down-id.img.susercontent.com/file/id-11134207-7ra0i-mde0k6yxe87s0d"", ""https://down-id.img.susercontent.com/file/id-11134207-7ra0t-mde0k6yxfms8b7"", ""https://down-id.img.susercontent.com/file/id-11134207-7ra0r-mde0k6yxl920a3"", ""https://down-id.img.susercontent.com/file/id-11134207-7ra0t-mde0k6yxmnmgeb""]","[""OFFICIAL_SHOP""]","[""id-11134258-7r98z-lykpu80ygbvs76""]",FSS+Promo_Xtra,id-11134258-8224z-mkvwcf6270g1ad,False,False,False,1756104909,100000,199000,100000,50,476043307925741,,,,,,10000.0,1000.0,4.9353701527614575,15318,"[24, 8, 77, 716, 14493]",[],GLAD2GLOW,3138611,100630,"[100630, 100664, 100893]",4396,BIG SIZE 100g,"[""[EXTRA DISC 20%]3PCS"", ""BIG SIZE 100g-1PC"", ""BIG SIZE 100g-Dis"", ""BIG SIZE 100g-2PCS"", ""Set Pulih&Tenang2PCS"", ""Pulih&Cerah 100g 2PC"", ""Set Pulih&Halus 2PCS"", ""Set Pulih&Tenang-3PC"", ""Pulih&Anti-Aging2PCS"", ""[LIVE DEAL]1pc""]"
Shopee,,id,2026-07-03,809769142,glad2glow.indo,Glad2Glow Official Store,KAB. TANGERANG,46503915754,[New]Glad2Glow Glycolic Acid Facial Wash 70ml Membersihkan & Merawat Kulit 2-in-1 Niacinamide face wash Pencerah Pembersihan micellar Lembut Hidrasi pembersih wajah Melindungi Barrier Kulit Sabun Wajah Cocok Untuk Kulit Sensitif g2glow official store,https://shopee.co.id/product/809769142/46503915754,https://down-id.img.susercontent.com/file/id-11134207-822wl-mpx07onz8flud7,"[""https://down-id.img.susercontent.com/file/id-11134207-822wl-mpx07onz8flud7""]","[""OFFICIAL_SHOP""]","[""id-11134258-7r98z-lykpu80ygbvs76""]",Promo_Xtra,id-11134258-822wn-mlx9cgtbn85k12,False,False,False,1766996355,36000,89000,36000,60,476043307925741,,,,,,10000.0,1000.0,4.921679389312977,6550,"[2, 3, 47, 402, 6096]",[],GLAD2GLOW,3138611,100630,"[100630, 100664, 100891]",1744,CLEANSER,"[""[EXTRA 25% OFF]-6pcs"", ""CLEANSER 1PC"", ""[100ML]-1pc"", ""Buy1 Get1 Free-100ML"", ""CLEANSER--3pcs"", ""CLEANSER--5pcs"", ""[NEW] 70ml+100ml"", ""MENCERAHKAN--2PCS"", ""Toner+Cleanser 2pcs""]"
Shopee,,id,2026-07-03,809769142,glad2glow.indo,Glad2Glow Official Store,KAB. TANGERANG,24597552858,[Big Size]Glad2Glow Blueberry Ceramide Low pH Gel Cleanser 150ml facial wash skincare face wash sabun cuci muka cleansing balm exfoliating exfoliasi wajah sabun muka pembersih wajah Memperbaiki penghalang kulit tetap terhidrasi wajah,https://shopee.co.id/product/809769142/24597552858,https://down-id.img.susercontent.com/file/id-11134207-822wi-mp8u5dzu7z7w88,"[""https://down-id.img.susercontent.com/file/id-11134207-822wi-mp8u5dzu7z7w88"", ""https://down-id.img.susercontent.com/file/id-11134207-822wg-moyw16t2x3ws60"", ""https://down-id.img.susercontent.com/file/id-11134207-81ztl-memdjr2fb0uf4d"", ""https://down-id.img.susercontent.com/file/id-11134207-81ztf-messlohrbrpjc2"", ""https://down-id.img.susercontent.com/file/id-11134207-8224u-mg26lnk0dcek46"", ""https://down-id.img.susercontent.com/file/id-11134207-822wu-moytfn2ymq6nd5"", ""https://down-id.img.susercontent.com/file/id-11134207-8224s-mg26lninlij120"", ""https://down-id.img.susercontent.com/file/id-11134207-8224o-mg26lnikv6rzfd""]","[""OFFICIAL_SHOP""]","[""id-11134258-7r98z-lykpu80ygbvs76""]",Promo_Xtra,id-11134258-822wn-mlx9cgtbn85k12,False,False,False,1760959865,58000,129000,58000,55,476043307925741,,,,,,10000.0,1000.0,4.9051203327721105,20194,"[64, 31, 160, 1247, 18692]",[],GLAD2GLOW,3138611,100630,"[100630, 100664, 100891]",3515,Cleanser,"[""1PCS Big Size"", ""[save 10K today]2PCS"", ""3PCS Big Size"", ""Top1 Club & Perks""]"
Shopee,,id,2026-07-03,809769142,glad2glow.indo,Glad2Glow Official Store,KAB. TANGERANG,40064375511,"Glad2Glow Matcha Salicylic Acid Acne Cleanser facial wash,Anti Jerawat Kontrol Minyak Face Wash Oily Acne Prone Skin Friendly sabun cuci muka,micellar water,skincare,Jerawat,kontrol minyak,lembut tidak kering,cocok untuk semua kulit,G2G Cleanser",https://shopee.co.id/product/809769142/40064375511,https://down-id.img.susercontent.com/file/id-11134207-822wr-mpspu7v26y309b,"[""https://down-id.img.susercontent.com/file/id-11134207-822wr-mpspu7v26y309b""]","[""OFFICIAL_SHOP""]","[""id-11134258-7r98z-lykpu80ygbvs76""]",Promo_Xtra,id-11134258-822wn-mlx9cgtbn85k12,False,False,False,1755773607,41000,99000,41000,59,476043307925741,,,,,,10000.0,1000.0,4.918028846153846,16640,"[22, 13, 109, 1019, 15477]",[],GLAD2GLOW,3138611,100630,"[100630, 100664, 100891]",3986,CLEANSER,"[""Acne Cleanser 1PC"", ""Acne Cleanser 3PCS"", ""Acne Cleanser 5PCS"", ""Set--acne care 2PCS"", ""Set--acne care 3PCS"", ""Acne Cleanser 2PCS""]"
Shopee,,id,2026-07-03,809769142,glad2glow.indo,Glad2Glow Official Store,KAB. TANGERANG,57552811859,Glad2Glow Madagascar Centella Light Cleansing Oil 200ml micellar water pembersih wajah Penghapus riasan lembut tanpa iritasi Menghapus riasan tahan air dengan cepat dan menyegarkan muka wajah g2glow official store,https://shopee.co.id/product/809769142/57552811859,https://down-id.img.susercontent.com/file/id-11134207-822wi-ml94cn76ppmqa7,"[""https://down-id.img.susercontent.com/file/id-11134207-822wi-ml94cn76ppmqa7""]","[""OFFICIAL_SHOP""]","[""id-11134258-7r98z-lykpu80ygbvs76""]",Promo_Xtra,id-11134258-822wn-mlx9cgtbn85k12,False,False,False,1765265385,69000,199000,69000,65,476043307925741,,,,,,6000.0,862.0,4.935329861111111,2304,"[3, 2, 12, 107, 2180]","[""Add-on Deal""]",GLAD2GLOW,3138611,100630,"[100630, 100662, 100884]",1503,size,"[""Save More-200ml"", ""Paket Hemat-200ml*2"", ""Clean Oil -300ml"", ""Paket Hemat-600ml""]"
Shopee,,id,2026-07-03,809769142,glad2glow.indo,Glad2Glow Official Store,KAB. TANGERANG,44050582778,Glad2Glow Moisturizer Series100G Water Gel Niacinamide Brightening Retinol CentellaMencerahkan Pemutih Kulit Pelembab Bercahaya Krim Siang dan Malam Perawatan Kulit Ekstrak Delima Delima Wajah g2g official store,https://shopee.co.id/product/809769142/44050582778,https://down-id.img.susercontent.com/file/id-11134207-822wr-moevfyao7wg04e,"[""https://down-id.img.susercontent.com/file/id-11134207-822wr-moevfyao7wg04e""]","[""OFFICIAL_SHOP""]","[""id-11134258-7r98z-lykpu80ygbvs76""]",Promo_Xtra,id-11134258-822wn-mlx9cgtbn85k12,False,False,False,1747029244,100000,159000,100000,37,476043307925741,,,,,,10000.0,1000.0,4.92622707908872,53990,"[74, 39, 268, 3034, 50575]","[""Add-on Deal""]",GLAD2GLOW,3138611,100630,"[100630, 100664, 100893]",14332,Bright moist,"[""Niacinamide 100G-DIS"", ""Niacinamide-Bottled"", ""Niacinamide Cerah"", ""B5 Panthenol Gel50ml"", ""B5 Cream50ml"", ""Ceramides Repair100g"", ""Repair 100g-Dis"", ""Retinol Halus 100g"", ""Centella Soothing"", ""Dark spot 100g"", ""Acne 100g"", ""Bright 100g"", ""Niacinamide Cerah2PC"", ""Ceramides Repair2PCS"", ""Retinol Halus 2PCS"", ""Centella Soothing2PC"", ""[UP TO DISC 20%]1PC"", ""[SAVE 60%]3PCS 100g"", ""[SAVE 9K]2PC 100+30g"", ""Set Glow 2PCS"", ""Set Cerah Plus 2PCS"", ""Set Cerah Basic 2PCS"", ""377 MOIST 2PCS"", ""Acne Gel 2pcs"", ""[LIVE DEAL]Bright""]"
Shopee,,id,2026-07-03,809769142,glad2glow.indo,Glad2Glow Official Store,KAB. TANGERANG,55052557973,[Gift+50k/pc!] Glad2Glow BRIGHTENING LIP SERUM 7g  Mencerahkan Melembabkan dan menambahkan warna 3in1  liptint lipstick lipcream &Metal Applicatior cooling sensation Tahan Lama dan Vitamin E danVitamin C Cushion  g2g glad2glow official store,https://shopee.co.id/product/809769142/55052557973,https://down-id.img.susercontent.com/file/id-11134207-822wg-mpwzx5pi4cum37,"[""https://down-id.img.susercontent.com/file/id-11134207-822wg-mpwzx5pi4cum37""]","[""OFFICIAL_SHOP""]","[""id-11134258-7r98z-lykpu80ygbvs76""]",Promo_Xtra,id-11134258-822wn-mlx9cgtbn85k12,False,False,False,1764811675,58900,159000,58900,63,476043307925741,,,,,,10000.0,864.0,4.924835097407578,6519,"[12, 8, 48, 322, 6129]",[],GLAD2GLOW,3138611,100630,"[100630, 100664, 100900, 101673]",6669,LIP SERUM,"[""GIFT!Best Value-8pcs"", ""ALL IN SHADES-7pcs"", ""8pcs + Skintint"", ""7pcs + Skintint"", ""All Hot shades -7pcs"", ""Perfect 4 Shades-7pc"", ""BestValue&All in Set"", ""GIFT!Hot seller-5pcs"", ""GIFT! Top Duo-5pcs"", ""Save More-Lip03*4+06"", ""hot-01+02+03+04-4PCS"", ""hot-01-2PCS+03-2PCS"", ""LIP SERUM-01+03"", ""03-Berry Soda"", ""Top1 Club & Perks"", ""[LIVE DEAL]Lip01*5""]"
Shopee,,id,2026-07-03,809769142,glad2glow.indo,Glad2Glow Official Store,KAB. TANGERANG,45500753312,[NEW LAUNCH] Glad2Glow FLAWLESS BLURRING SKIN TINT 30G+ BRIGHTENING LIP SERUM 7g Mencerahkan Melembabkan 3in1 liptint  Foundation Bedak padat Make up Lightweight Coverage Long-lasting 12-Hour Soft-Focus Flawless Skin oil-control g2glow official store,https://shopee.co.id/product/809769142/45500753312,https://down-id.img.susercontent.com/file/id-11134207-8224r-mikzvrm2se0x71,"[""https://down-id.img.susercontent.com/file/id-11134207-8224r-mikzvrm2se0x71"", ""https://down-id.img.susercontent.com/file/id-11134207-822wr-moteywdafabm98"", ""https://down-id.img.susercontent.com/file/id-11134207-8224v-mgm67lhh1y4ue7"", ""https://down-id.img.susercontent.com/file/id-11134207-82252-mgm67lhhbs3y9a"", ""https://down-id.img.susercontent.com/file/id-11134207-8224x-mgm67lhh3cpad4"", ""https://down-id.img.susercontent.com/file/id-11134207-8224y-mgm67lhh4r9q18"", ""https://down-id.img.susercontent.com/file/id-11134207-82251-mgm67lhhadji94"", ""https://down-id.img.susercontent.com/file/id-11134207-8224w-mgm67lhh65u6cf""]","[""OFFICIAL_SHOP""]","[""id-11134258-7r98z-lykpu80ygbvs76""]",FSS+Promo_Xtra,id-11134258-8224z-mkvwcf6270g1ad,False,False,False,1762169302,103930,299000,103930,65,931791142240256,,,,,,6000.0,214.0,4.939333862014275,2522,"[0, 0, 16, 121, 2385]","[""Add-on Deal""]",GLAD2GLOW,3138611,100630,"[100630, 100662, 100881, 101628]",2963,Warna,"[""02 Praline+01"", ""03 Custard+01"", ""02 Praline+03"", ""03 Custard+03""]"
Shopee,,id,2026-07-03,809769142,glad2glow.indo,Glad2Glow Official Store,KAB. TANGERANG,27455737082,"[BUY 100ml Save 30%]Glad2Glow Centella Salicylic Acid Acne Gel Cleanser facial wash pembersih wajah sabun cuci muka face wash skincare,Menenangkan kulit berjerawat dan kemerahan,mengontrol minyak berlebih,G2G glad2glow officia store",https://shopee.co.id/product/809769142/27455737082,https://down-id.img.susercontent.com/file/id-11134207-822wj-mpx07onyylmq98,"[""https://down-id.img.susercontent.com/file/id-11134207-822wj-mpx07onyylmq98""]","[""OFFICIAL_SHOP""]","[""id-11134258-7r98z-lykpu80ygbvs76""]",Promo_Xtra,id-11134258-822wn-mlx9cgtbn85k12,False,False,False,1721383726,37000,129000,37000,71,470649164558504,,,,,,10000.0,1000.0,4.870764335935246,121325,"[328, 263, 1411, 10756, 108567]",[],GLAD2GLOW,3138611,100630,"[100630, 100664, 100891]",18209,Anti-Jerawat,"[""[HOT SALE]Buy6 Get7"", ""[100ml]-ACNE 1pc"", ""[SAVE 30%]100ml-3pc"", ""[SAVE 30%]100ml-5pc"", ""[EXTRA 25% OFF]-6pcs"", ""Set Acne Care 2PCS"", ""Top1 Club & Perks""]"
Shopee,,id,2026-07-03,809769142,glad2glow.indo,Glad2Glow Official Store,KAB. TANGERANG,40978051346,[JADI MEMBER! SETIAP SENIN DAPATKAN HARGA TERBAIK]Glad2Glow Cerah Glowing Bundle all in 1 7in1 Skincare Set-Brightening Moisturizer+Serum+Cleanser+toner+Peeling solution+Retinol+Niacinamide,https://shopee.co.id/product/809769142/40978051346,https://down-id.img.susercontent.com/file/id-11134207-822wr-modch01b8qo138,"[""https://down-id.img.susercontent.com/file/id-11134207-822wr-modch01b8qo138"", ""https://down-id.img.susercontent.com/file/id-11134207-822wk-mn9i0646ipky14"", ""https://down-id.img.susercontent.com/file/id-11134207-8224r-mj5j7b9v7g1x65"", ""https://down-id.img.susercontent.com/file/id-11134207-8224v-mji5mii06uiu04"", ""https://down-id.img.susercontent.com/file/id-11134207-822ws-mnzclqk6ygw66c"", ""https://down-id.img.susercontent.com/file/id-11134207-822wq-mnzclqk6x2bqc6"", ""https://down-id.img.susercontent.com/file/id-11134207-822wr-mnzclqk6zvgme6""]","[""OFFICIAL_SHOP""]","[""id-11134258-7r98z-lykpu80ygbvs76""]",Promo_Xtra,id-11134258-822wn-mlx9cgtbn85k12,False,False,False,1768471213,77900,77900,77900,,0,,,,,,4000.0,855.0,4.920454545454546,1584,"[4, 0, 6, 98, 1476]",[],GLAD2GLOW,3138611,100630,"[100630, 100665]",1093,7pcs,"[""Outing 9pcs"", ""Cerah 7PCS-retinol"", ""[HOT]Cerah7PCS"", ""[HOT]4PCS Glowing"", ""Acne Care 5in1"", ""2PCS Glowing"", ""Glow+Retinol""]"
Shopee,,id,2026-07-03,809769142,glad2glow.indo,Glad2Glow Official Store,KAB. TANGERANG,41075294736,[Hot sale]Glad2Glow FLAWLESS BLURRING SKIN TINT 30G Concealer Foundation Bedak padat Make up Lightweight Coverage Long-lasting 12-Hour Soft-Focus Flawless Skin oil-control  Bio-Mimetic Film Technology  Care g2glow official store,https://shopee.co.id/product/809769142/41075294736,https://down-id.img.susercontent.com/file/id-11134207-81ztj-mq2pzxsqb4zm66,"[""https://down-id.img.susercontent.com/file/id-11134207-81ztj-mq2pzxsqb4zm66""]","[""OFFICIAL_SHOP""]","[""id-11134258-7r98z-lykpu80ygbvs76""]",FSS+Promo_Xtra,id-11134258-8224z-mkvwcf6270g1ad,False,False,False,1761032253,55000,159000,55000,65,476043307925741,,,,,,10000.0,1000.0,4.922460395547056,90465,"[86, 50, 559, 5402, 84368]",[],GLAD2GLOW,3138611,100630,"[100630, 100662, 100881, 101628]",58117,Cushion,"[""skin tint02-15g+30g"", ""skin tint03-15g+30g"", ""[Save more]02-2PCS"", ""[Save more]03-2PCS"", ""00 Affogato"", ""01 Buttercream"", ""[HOT]02 Praline"", ""[HOT]03 Custard"", ""04 Ginger"", ""05 Cinnamon"", ""02 Praline*4+1"", ""03 Custard*4+1"", ""Skintint+Spray-02"", ""Skintint+Spray-03"", ""02 Praline+01 lip"", ""03 Custard+01 lip"", ""Top1 Club & Perks""]"
Shopee,,id,2026-07-03,809769142,glad2glow.indo,Glad2Glow Official Store,KAB. TANGERANG,43327781503,[HOT] Glad2Glow Glow Serum Spray 100ml White Truffle Radiance Mencerahkan & Melindungi Skin Barrier Skin Prep Face Glad2Glow Official Store,https://shopee.co.id/product/809769142/43327781503,https://down-id.img.susercontent.com/file/id-11134207-822wg-mpsphe9elhxca8,"[""https://down-id.img.susercontent.com/file/id-11134207-822wg-mpsphe9elhxca8""]","[""OFFICIAL_SHOP""]","[""id-11134258-7r98z-lykpu80ygbvs76""]",FSS+Promo_Xtra,id-11134258-8224z-mkvwcf6270g1ad,False,False,False,1767683612,78900,169500,78900,53,476043307925741,,,,,,10000.0,1000.0,4.923767967145791,19480,"[24, 5, 116, 1142, 18193]",[],GLAD2GLOW,3138611,100630,"[100630, 100664, 100896]",11390,serum,"[""Buy5 Get6"", ""[100ML]1PCS"", ""3pcs"", ""5pcs"", ""02 Glowing-2pcs"", ""03 Glowing-2pcs"", ""Spray+Lip 01-2pcs"", ""Spray+Lip 06-2pcs"", ""02 Perfect cover-2pc"", ""[LIVE DEAL] 02-2pc"", ""Top1 Club & Perks"", ""out of stock""]"
Shopee,,id,2026-07-03,809769142,glad2glow.indo,Glad2Glow Official Store,KAB. TANGERANG,27408030377,Glad2Glow Peeling Solution Serum Eksfoliasi Wajah 60 detik Menghaluskan Kulit AHA BHA PHA serum wajah glowing pelembab mencerahkan peeling exfoliating serum g2glow official store,https://shopee.co.id/product/809769142/27408030377,https://down-id.img.susercontent.com/file/id-11134207-81ztp-mq44fmkk232n3e,"[""https://down-id.img.susercontent.com/file/id-11134207-81ztp-mq44fmkk232n3e""]","[""OFFICIAL_SHOP""]","[""id-11134258-7r98z-lykpu80ygbvs76""]",FSS+Promo_Xtra,id-11134258-8224z-mkvwcf6270g1ad,False,False,False,1723774635,45900,109000,45900,58,476407260266547,,,,,,10000.0,1000.0,4.858075798217967,396381,"[1186, 899, 4552, 39710, 350034]","[""Any 2 at Rp82.900""]",GLAD2GLOW,3138611,100630,"[100630, 100664, 100896]",138736,Peeling,"[""1PC-Serum"", ""Top1 Club & Perks""]"
Shopee,,id,2026-07-03,809769142,glad2glow.indo,Glad2Glow Official Store,KAB. TANGERANG,52853506754,[NEW LAUNCH] Glad2Glow FLAWLESS Perfect Cushion+ Perfect Blurring Powder Foundation waterproof setting two way cake TWC Foundation Bedak padat Make up Lightweight Coverage Long-lasting 12-Hour Soft-Focus Flawless Skin oil-control g2glow official store,https://shopee.co.id/product/809769142/52853506754,https://down-id.img.susercontent.com/file/id-11134207-82252-mikzvrlwffgi24,"[""https://down-id.img.susercontent.com/file/id-11134207-82252-mikzvrlwffgi24"", ""https://down-id.img.susercontent.com/file/id-11134207-822wr-mpxle70gthxe53"", ""https://down-id.img.susercontent.com/file/id-11134207-822wn-mpx182wbah3h28"", ""https://down-id.img.susercontent.com/file/id-11134207-8224z-miay7f0sghdt05""]","[""OFFICIAL_SHOP""]","[""id-11134258-7r98z-lykpu80ygbvs76""]",Promo_Xtra,id-11134258-822wn-mlx9cgtbn85k12,False,False,False,1766479364,118000,223500,118000,47,476043307925741,,,,,,8000.0,1000.0,4.904778041341918,2951,"[10, 9, 15, 184, 2733]",[],GLAD2GLOW,3138611,100630,"[100630, 100665]",1681,combo,"[""Cushion + TWC"", ""Cushion + Power"", ""Cushion + Spray"", ""Skin + TWC"", ""Skin + Power"", ""Skin + Spray"", ""Top1 Club & Perks""]"
Shopee,,id,2026-07-03,809769142,glad2glow.indo,Glad2Glow Official Store,KAB. TANGERANG,28376448249,Glad2ght & Moist Body Serum Series--Brighten/Moist/Smooth Badan Body Cream Body Lotion Glow Peeling Menghidrasi Kulit Mencerahkan Dan Pemutih Tubuh Atasi Belang,https://shopee.co.id/product/809769142/28376448249,https://down-id.img.susercontent.com/file/id-11134207-822wh-mpx07onz711ea4,"[""https://down-id.img.susercontent.com/file/id-11134207-822wh-mpx07onz711ea4""]","[""OFFICIAL_SHOP""]","[""id-11134258-7r98z-lykpu80ygbvs76""]",Promo_Xtra,id-11134258-822wn-mlx9cgtbn85k12,False,False,False,1739787674,73900,192000,73900,62,476043307925741,,,,,,10000.0,1000.0,4.8892227809804165,48919,"[115, 91, 415, 3856, 44442]","[""Add-on Deal""]",GLAD2GLOW,3138611,100630,"[100630, 102002, 102007]",28784,BODY SERUM,"[""[180ml] NightGlow"", ""[180ml]ALL Day Glow"", ""[New]Day&Night Glow"", ""[300ml] NightGlow"", ""[300ml]ALL Day Glow"", ""[HOT !]Bright -300ml"", ""Bright 180ml-1PC"", ""[SAVE 50%]2pcs-300ml"", ""Bright 300ml-2PCS"", ""[Hemat26K]Bright 3PC"", ""Bright&Smooth 3pcs"", ""Bright(300+180ml)2PC"", ""Bright 300ml-1PC-fs""]"
Shopee,,id,2026-07-03,809769142,glad2glow.indo,Glad2Glow Official Store,KAB. TANGERANG,52806158940,[Big Size 300ml] Glad2Glow Retinol Bight Body Serum / Niacinamide Bright Body Serum 300ml Body Lotion HandBody Body Cream Pelembab Badan Tekstur Ringan Wangi Tahan Lama Long Lasting Body Moisturizer Perfume,https://shopee.co.id/product/809769142/52806158940,https://down-id.img.susercontent.com/file/id-11134207-8224s-mknbi3wwdngj89,"[""https://down-id.img.susercontent.com/file/id-11134207-8224s-mknbi3wwdngj89"", ""https://down-id.img.susercontent.com/file/id-11134207-822ws-moteebyw42z247"", ""https://down-id.img.susercontent.com/file/id-11134207-8224p-mknbi3wwf20z48"", ""https://down-id.img.susercontent.com/file/id-11134207-8224y-mknbi3wwgglfce"", ""https://down-id.img.susercontent.com/file/id-11134207-8224q-mknbi3wwkoara8"", ""https://down-id.img.susercontent.com/file/id-11134207-8224u-mknnpax5yw3m4b"", ""https://down-id.img.susercontent.com/file/id-11134207-82252-mknnpax5xhj6a0"", ""https://down-id.img.susercontent.com/file/id-11134207-8224y-mknnpax23tvn4a"", ""https://down-id.img.susercontent.com/file/id-11134207-8224r-mknbi3wwm2v7f3""]","[""OFFICIAL_SHOP""]","[""id-11134258-7r98z-lykpu80ygbvs76""]",FSS+Promo_Xtra,id-11134258-8224z-mkvwcf6270g1ad,False,False,False,1770976094,57900,129000,57900,55,931791142240256,,,,,,7000.0,1000.0,4.9094985731757035,2453,"[11, 2, 20, 132, 2288]","[""Add-on Deal""]",GLAD2GLOW,3138611,100630,"[100630, 102002, 102007]",2081,Variations,"[""300ml - night glow"", ""300ml - day glow"", ""300ml Day&Night 2in1"", ""Buy6 Get 7-Day"", ""Buy6 Get 7-Night"", ""buy4 get 1 free""]"
Shopee,,id,2026-07-03,809769142,glad2glow.indo,Glad2Glow Official Store,KAB. TANGERANG,45102580489,"[Travelling] Glad2Glow 4 in 1 Flawless Makeup Set, 2in1 Perfect Pair Cushion Powder Foundation + Brightening Lip Serum 7g Mencerahkan, Melembabkan + 3-in-1 Liptint + Brightening Micellar Water 230 mL g2glow official store",https://shopee.co.id/product/809769142/45102580489,https://down-id.img.susercontent.com/file/id-11134207-8224w-mi2yafofrqwz3b,"[""https://down-id.img.susercontent.com/file/id-11134207-8224w-mi2yafofrqwz3b""]","[""OFFICIAL_SHOP""]","[""id-11134258-7r98z-lykpu80ygbvs76""]",Promo_Xtra,id-11134258-822wn-mlx9cgtbn85k12,False,False,False,1764819114,201780,299000,201780,33,931791142240256,,,,,,2000.0,182.0,4.91712204007286,1098,"[1, 1, 11, 62, 1023]","[""Add-on Deal""]",GLAD2GLOW,3138611,100630,"[100630, 100665]",817,combo,"[""2IN1-02+LIP 01+MW"", ""2IN1-03+LIP 01+MW"", ""2IN1-02+LIP 01"", ""2IN1-03+LIP 01""]"
Shopee,,id,2026-07-03,809769142,glad2glow.indo,Glad2Glow Official Store,KAB. TANGERANG,42123681277,Glad2Glow 2lN1 VELVET MAKEUP SET-LOOSE POWDER+CUSHION Coverage Tinggi Second Skin Flawless Semi Matte Transferproof Tahan Lama instan Blurring Minyak Extract Air Blurry Technology,https://shopee.co.id/product/809769142/42123681277,https://down-id.img.susercontent.com/file/id-11134207-8224u-mhiyk70uvx8hc5,"[""https://down-id.img.susercontent.com/file/id-11134207-8224u-mhiyk70uvx8hc5"", ""https://down-id.img.susercontent.com/file/id-11134207-822wm-motlh2pr7wnh71"", ""https://down-id.img.susercontent.com/file/id-11134207-81ztf-mfpc0lfua68e13"", ""https://down-id.img.susercontent.com/file/id-11134207-81ztg-mfpc0lfu8rnye7"", ""https://down-id.img.susercontent.com/file/id-11134207-81zto-mfpc0lfu7d3i39"", ""https://down-id.img.susercontent.com/file/id-11134207-81ztm-mfpc0lfu0c9a00"", ""https://down-id.img.susercontent.com/file/id-11134207-81ztp-mfpc0lfu1qtqc2"", ""https://down-id.img.susercontent.com/file/id-11134207-81ztk-mfpc0lfu4jym62""]","[""OFFICIAL_SHOP""]","[""id-11134258-7r98z-lykpu80ygbvs76""]",FSS+Promo_Xtra,id-11134258-8224z-mkvwcf6270g1ad,False,False,False,1760182249,155230,299000,155230,48,931791142240256,,,,,,10000.0,527.0,4.922212093588575,6582,"[8, 4, 48, 372, 6150]",[],GLAD2GLOW,3138611,100630,"[100630, 100665]",4419,Cushion,"[""makeup 02+02"", ""makeup 02+01"", ""makeup 03+02"", ""makeup 03+03"", ""01+01"", ""cushion+loose powder"", ""Lip 01+Cushion 03+03"", ""Lip 01+Cushion 02+02"", ""Lip 01+Cushion 01+01"", ""Lip 03+Cushion 02+02"", ""Lip 03+Cushion 03+03"", ""Lip 03+Cushion 01+01"", ""[LIVE DEAL]-02+02"", ""[LIVE DEAL]-03+03""]"
Shopee,,id,2026-07-03,809769142,glad2glow.indo,Glad2Glow Official Store,KAB. TANGERANG,54301642346,Glad2Glow 4 IN 1 Paket Makeup Flawless ： Flawless Blurring Skin TIint+Brightening Lip Serum 7g Mencerahkan Melembabkan 3in1 liptint+Perfect Blurring Powder Foundation waterproof setting two way cake+Brightening Micellar Water 230ml g2glow official store,https://shopee.co.id/product/809769142/54301642346,https://down-id.img.susercontent.com/file/id-11134207-81zti-mq49i20c3z0rf9,"[""https://down-id.img.susercontent.com/file/id-11134207-81zti-mq49i20c3z0rf9""]","[""OFFICIAL_SHOP""]","[""id-11134258-7r98z-lykpu80ygbvs76""]",Promo_Xtra,id-11134258-822wn-mlx9cgtbn85k12,False,False,False,1763463703,223000,325000,223000,31,476043307925741,,,,,,9000.0,858.0,4.90508639571672,4109,"[5, 3, 49, 263, 3789]",[],GLAD2GLOW,3138611,100630,"[100630, 100665]",5422,combo,"[""Brightening Set-01"", ""Brightening Set-02"", ""PDRN Set-01"", ""PDRN Set-02""]"
Shopee,,id,2026-07-03,809769142,glad2glow.indo,Glad2Glow Official Store,KAB. TANGERANG,28343930753,[KHUSUS MEMBER]Glad2Glow Tone Up Brightening Cream 30g,https://shopee.co.id/product/809769142/28343930753,https://down-id.img.susercontent.com/file/id-11134207-8224s-mix0iio541z93b,"[""https://down-id.img.susercontent.com/file/id-11134207-8224s-mix0iio541z93b"", ""https://down-id.img.susercontent.com/file/id-11134207-8224o-mix0iio9k6pz14"", ""https://down-id.img.susercontent.com/file/id-11134207-8224v-mix0iio9llaf85""]","[""OFFICIAL_SHOP""]","[""id-11134258-7r98z-lykpu80ygbvs76""]",FSS+Promo_Xtra,id-11134258-8224z-mkvwcf6270g1ad,False,False,False,1767183269,100000,100000,100000,,0,,,,,,397.0,193.0,4.892561983471074,121,"[1, 0, 2, 5, 113]",[],GLAD2GLOW,3138611,100630,"[100630, 100664, 100893]",104,Serum,"[""1PC""]"
Shopee,,id,2026-07-03,809769142,glad2glow.indo,Glad2Glow Official Store,KAB. TANGERANG,43631046033,[2IN1 Make Up Set] Glad2Glow High Cover & Glow Cushion / Skin Tint + Glowy Tint Lip Balm - 12H Flawless Matte Finish | Korean Glowing Look | No-Makeup Look-glad2glow official,https://shopee.co.id/product/809769142/43631046033,https://down-id.img.susercontent.com/file/id-11134207-822wj-mogphoo9fsox13,"[""https://down-id.img.susercontent.com/file/id-11134207-822wj-mogphoo9fsox13"", ""https://down-id.img.susercontent.com/file/id-11134207-822wu-mogphoo9h79d02"", ""https://down-id.img.susercontent.com/file/id-11134207-822wp-mogappoph0xt65"", ""https://down-id.img.susercontent.com/file/id-11134207-822wp-mogappopifi949"", ""https://down-id.img.susercontent.com/file/id-11134207-822wn-mogappopju2p99""]","[""OFFICIAL_SHOP""]","[""id-11134258-7r98z-lykpu80ygbvs76""]",FSS+Promo_Xtra,id-11134258-8224z-mkvwcf6270g1ad,False,False,False,1779263297,119039,299000,119039,60,920815772681216,,,,,,521.0,406.0,4.905555555555556,180,"[0, 0, 3, 11, 166]",[],GLAD2GLOW,3138611,100630,"[100630, 100665]",246,Make Up Set,"[""High Cover+02"", ""Glow Cushion+02"", ""Skin Tint+02"", ""High Cover+02+03+04"", ""Glow Cushion+02-04"", ""Skin Tint+02+03+04""]"
Shopee,,id,2026-07-03,809769142,glad2glow.indo,Glad2Glow Official Store,KAB. TANGERANG,43754734954,Glad2Glow 2in1 Perfect Pair Cushion Powder Foundation & Lip serum Waterproof Make Up Setting BB Cream Concealer Foundation bedak padat Wajah  Cover Tinggi  long lasting Tahan 12Jam tahan lama Velvet To Matte skin tint g2g,https://shopee.co.id/product/809769142/43754734954,https://down-id.img.susercontent.com/file/id-11134207-822wr-mphkg88yb9qk99,"[""https://down-id.img.susercontent.com/file/id-11134207-822wr-mphkg88yb9qk99""]","[""OFFICIAL_SHOP""]","[""id-11134258-7r98z-lykpu80ygbvs76""]",Promo_Xtra,id-11134258-822wn-mlx9cgtbn85k12,False,False,False,1750126924,168900,422500,168900,60,476043307925741,,,,,,10000.0,1000.0,4.903648059016688,88924,"[169, 95, 734, 6139, 81787]",[],GLAD2GLOW,3138611,100630,"[100630, 100662, 100881, 101628]",47441,Shade,"[""2pcs Hemat Banget-02"", ""2pcs Hemat Banget-03"", ""00 Affogato"", ""01 Buttercream"", ""02 Praline"", ""03 Custard"", ""04 Ginger"", ""05 Cinnamon"", ""02 Praline-FS"", ""EXTRA 25%OFF-Glow-02"", ""EXTRA 25%OFF-Glow-03"", ""[LIVE DEAL]-03"", ""Top1 Club & Perks""]"
Shopee,,id,2026-07-03,809769142,glad2glow.indo,Glad2Glow Official Store,KAB. TANGERANG,50802739806,"[Buy3 Disc 34%]Glad2Glow Niacinamide Serum Facial Wash Instant Glow 100g, Pencuci Wajah Brightening,Mencerahkan Pembersih Pori,Ceramide Ectoin Sakura,Untuk Kulit Kusam Berminyak Kulit Sensitif,Melembabkan,pembersih wajah,sabun cuci muka",https://shopee.co.id/product/809769142/50802739806,https://down-id.img.susercontent.com/file/id-11134207-81ztk-mq48fv18ufwr7d,"[""https://down-id.img.susercontent.com/file/id-11134207-81ztk-mq48fv18ufwr7d""]","[""OFFICIAL_SHOP""]","[""id-11134258-7r98z-lykpu80ygbvs76""]",FSS+Promo_Xtra,id-11134258-8224z-mkvwcf6270g1ad,False,False,False,1765162441,45900,99000,45900,54,470649164558504,,,,,,10000.0,1000.0,4.917013201986354,49538,"[66, 28, 349, 3065, 46030]","[""Any 2 at Rp90.400""]",GLAD2GLOW,3138611,100630,"[100630, 100664, 100891]",13303,Cleanser,"[""[100g]-1pc"", ""Top1 Club & Perks""]"
Shopee,,id,2026-07-03,809769142,glad2glow.indo,Glad2Glow Official Store,KAB. TANGERANG,57909001846,[ New Launch! ]GLAD2GLOW CLEAN IT ALL CLEANSING BALM 80g Cleansing oil | Micellar water|  Makeup remover- Hapus Makeup Lumer 1 Detik - Anti Kusam & Tanpa Perih -g2g official store,https://shopee.co.id/product/809769142/57909001846,https://down-id.img.susercontent.com/file/id-11134207-822wj-mnw8n2vvdq0xe5,"[""https://down-id.img.susercontent.com/file/id-11134207-822wj-mnw8n2vvdq0xe5""]","[""OFFICIAL_SHOP""]","[""id-11134258-7r98z-lykpu80ygbvs76""]",FSS+Promo_Xtra,id-11134258-8224z-mkvwcf6270g1ad,False,False,False,1776414909,79000,129000,79000,39,476043307925741,,,,,,2000.0,976.0,4.966898954703833,574,"[0, 0, 1, 17, 556]",[],GLAD2GLOW,3138611,100630,"[100630, 100662, 100884]",1324,Makeup Remover,"[""[ New launch!]1PC"", ""3PC"", ""Special Gift 5pcs"", ""5PC"", ""High Cover+Balm-02"", ""High Cover+Balm-03"", ""Glow Cushion+Balm-02"", ""Glow Cushion+Balm-03"", ""2In1 cushion+Balm-02"", ""2In1 cushion+Balm-03"", ""Skin Tint+Balm-02"", ""Skin Tint+Balm-03""]"
Shopee,,id,2026-07-03,809769142,glad2glow.indo,Glad2Glow Official Store,KAB. TANGERANG,24443458397,Glad2Glow Volcano 3D Acid Pore Clay Stick Masker Wajah Clay Masker Stik Deep Cleansing Pori Pori Masker Komedo Dan Pori Pori Wajah Pembersih Komedo clay Masker Masker Organik Masker Jerawat Sheetmask Masker Glad2Glow Clay Mask Masker G2Glow Official Store,https://shopee.co.id/product/809769142/24443458397,https://down-id.img.susercontent.com/file/id-11134207-822wl-mmhejf2zuz2d8c,"[""https://down-id.img.susercontent.com/file/id-11134207-822wl-mmhejf2zuz2d8c"", ""https://down-id.img.susercontent.com/file/id-11134207-7rbk5-m849757l60dacb"", ""https://down-id.img.susercontent.com/file/id-11134207-7rbk0-m849757la82m77"", ""https://down-id.img.susercontent.com/file/id-11134207-7rbk7-m849757l8ti63d"", ""https://down-id.img.susercontent.com/file/id-11134207-7rbk0-m849757l7exqb5"", ""https://down-id.img.susercontent.com/file/id-11134207-822wg-moyw16t2x3ws60""]","[""OFFICIAL_SHOP""]","[""id-11134258-7r98z-lykpu80ygbvs76""]",FSS+Promo_Xtra,id-11134258-8224z-mkvwcf6270g1ad,False,False,False,1743649907,48900,109000,48900,55,476043307925741,,,,,,10000.0,414.0,4.901199717713479,5668,"[10, 9, 48, 397, 5204]",[],GLAD2GLOW,3138611,100630,"[100630, 100664, 100898]",2274,Clay Stick,"[""1pc"", ""[60%OFF]3pcs"", ""2pcs"", ""Face Wash & Masker"", ""Deep clean duo"", ""Toner & Masker"", ""Serum & Masker"", ""Moist & Masker"", ""Moist 100g & Masker""]"
Shopee,,id,2026-07-03,809769142,glad2glow.indo,Glad2Glow Official Store,KAB. TANGERANG,29144828706,[OUT OF STOCK]GLAD2GLOW DAMASK ROSE PETAL GLOW GEL MASK 50g Brighten Soothing Hydrogel Masker Komedo dan Pori Pori Wajah,https://shopee.co.id/product/809769142/29144828706,https://down-id.img.susercontent.com/file/id-11134207-822wg-mp07jp32953gc3,"[""https://down-id.img.susercontent.com/file/id-11134207-822wg-mp07jp32953gc3""]","[""OFFICIAL_SHOP""]","[""id-11134258-7r98z-lykpu80ygbvs76""]",FSS+Promo_Xtra,id-11134258-8224z-mkvwcf6270g1ad,False,False,False,1778842963,73910,77800,73910,5,472077299900445,,,,,,10000.0,1000.0,4.925041876046901,4776,"[2, 2, 25, 294, 4453]",[],GLAD2GLOW,3138611,100630,"[100630, 100664, 100898]",4541,Clay Stick,"[""Bright-3pc"", ""Buy6 Get1 Free-Glow"", ""Bright-1pc"", ""Acne&Glowing-2pc"", ""Bright&Serum-2pc"", ""Bright&Moist-2pc"", ""Bright&Spray-2pc"", ""out of stock""]"
Shopee,,id,2026-07-03,809769142,glad2glow.indo,Glad2Glow Official Store,KAB. TANGERANG,40877444059,[NEW LAUNCH] Glad2Glow FLAWLESS Perfect Cushion+ BRIGHTENING LIP SERUM 7g Mencerahkan Melembabkan 3in1 liptint Foundation Bedak padat Make up Lightweight Coverage Long-lasting 12-Hour Soft-Focus Flawless Skin oil-control g2glow official store,https://shopee.co.id/product/809769142/40877444059,https://down-id.img.susercontent.com/file/id-11134207-8224r-milair4l1ibl7c,"[""https://down-id.img.susercontent.com/file/id-11134207-8224r-milair4l1ibl7c""]","[""OFFICIAL_SHOP""]","[""id-11134258-7r98z-lykpu80ygbvs76""]",Promo_Xtra,id-11134258-822wn-mlx9cgtbn85k12,False,False,False,1766480277,139555,299000,139555,53,931791142240256,,,,,,1000.0,97.0,4.946261682242991,428,"[0, 0, 1, 21, 406]",[],GLAD2GLOW,3138611,100630,"[100630, 100662, 100881, 101628]",345,combo,"[""Cushion 02 + Lip 01"", ""Cushion 02 + Lip 03"", ""Cushion 03 + Lip 01"", ""Cushion 03 + Lip 03""]"
Shopee,,id,2026-07-03,809769142,glad2glow.indo,Glad2Glow Official Store,KAB. TANGERANG,42358562447,[100g NEW SIZE]Glad2Glow Advanced Mugwort Acne Gel Mask 50/100g Masker Komedo dan Pori Pori Wajah Mask,https://shopee.co.id/product/809769142/42358562447,https://down-id.img.susercontent.com/file/id-11134207-822wn-mpx07onz2tc27a,"[""https://down-id.img.susercontent.com/file/id-11134207-822wn-mpx07onz2tc27a""]","[""OFFICIAL_SHOP""]","[""id-11134258-7r98z-lykpu80ygbvs76""]",Promo_Xtra,id-11134258-822wn-mlx9cgtbn85k12,False,False,False,1752566406,38900,90000,38900,57,476043307925741,,,,,,10000.0,1000.0,4.904553130683294,61587,"[85, 44, 536, 4334, 56588]",[],GLAD2GLOW,3138611,100630,"[100630, 100664, 100898]",22075,Clay Stick,"[""Buy 2 Get 1free"", ""[NEW SIZE]-100g-1pc"", ""100g-3pc"", ""[save 36k]Buy6 Get 7"", ""1PC"", ""[60% OFF]3PCS-Mask"", ""[70% OFF]5PCS-Mask"", ""Mask+Tone up Cream"", ""Mask+Peeling 2IN1"", ""[EXTRA 25% OFF]-6pcs"", ""50g-2pcs"", ""Top1 Club & Perks""]"
Shopee,,id,2026-07-03,809769142,glad2glow.indo,Glad2Glow Official Store,KAB. TANGERANG,27938088991,Glad2Glow Centella Salicylic Acid Exfoliating Acne Toner Pads Gentle Eksfoliasi Kulit Jerawat Kulit Sensitif Centella Pads Lactic Acid Malic AHA BHA Peeling Serum Acne Spot Serum Cica Acne Clear Pad Treatment Jerawat Acne Mask Glad2Glow Official Store,https://shopee.co.id/product/809769142/27938088991,https://down-id.img.susercontent.com/file/id-11134207-822wq-mnw994goxxj98b,"[""https://down-id.img.susercontent.com/file/id-11134207-822wq-mnw994goxxj98b""]","[""OFFICIAL_SHOP""]","[""id-11134258-7r98z-lykpu80ygbvs76""]",Promo_Xtra,id-11134258-822wn-mlx9cgtbn85k12,False,False,False,1751015386,58900,138000,58900,57,476043307925741,,,,,,10000.0,1000.0,4.914738124238733,17241,"[18, 8, 110, 1154, 15951]",[],GLAD2GLOW,3138611,100630,"[100630, 100664, 100904]",10167,Acne Pads,"[""1PC- Acne Toner Pad"", ""2PCS-Acne Toner Pads"", ""[ HEMAT 50k ] 3pcs"", ""[HOT ]Eksfo Acne2in1"", ""[ HEMAT 80k ] 5pcs""]"
Shopee,,id,2026-07-03,809769142,glad2glow.indo,Glad2Glow Official Store,KAB. TANGERANG,20830189495,Glad2Glow Berry Eye Cream Brightening Eye Serum | Krim Mata with Electronic Massager with Peptide mata panda  kantung mata untuk Mengurangi Kantung Mata Eye Cream Eye Serum Penghilang Mata Panda Kantung Mata Cream Treatment g2glow official store,https://shopee.co.id/product/809769142/20830189495,https://down-id.img.susercontent.com/file/id-11134207-7ra0l-mb6ghkhtwufyf7,"[""https://down-id.img.susercontent.com/file/id-11134207-7ra0l-mb6ghkhtwufyf7"", ""https://down-id.img.susercontent.com/file/id-11134207-8224x-mj2eva516qdhe7"", ""https://down-id.img.susercontent.com/file/id-11134207-81zto-methg3pj6ups2d"", ""https://down-id.img.susercontent.com/file/id-11134207-7r98o-lkl2u24kttt775"", ""https://down-id.img.susercontent.com/file/id-11134207-7r98o-lkl2u24au91l0d"", ""https://down-id.img.susercontent.com/file/id-11134207-7r98o-lkl2u2ig9jjj20""]","[""OFFICIAL_SHOP""]","[""id-11134258-7r98z-lykpu80ygbvs76""]",Promo_Xtra,id-11134258-822wn-mlx9cgtbn85k12,False,False,False,1659404760,100000,129000,100000,22,476043307925741,,,,,,10000.0,769.0,4.879171033503499,29579,"[46, 40, 288, 2694, 26511]",[],GLAD2GLOW,3138611,100630,"[100630, 100664, 100899, 101669]",56482,Quantity,"[""1pc"", ""2pcs"", ""[48% off]3pcs""]"
Shopee,,id,2026-07-03,809769142,glad2glow.indo,Glad2Glow Official Store,KAB. TANGERANG,43514974352,Glad2Glow Peach Retinol Moisturizer 100g Pelembab Anti Penuaan Penghalang Kulit Mencerahkan Flek Hitam Mengurangi kerutan mencerahkan warna kulit menghaluskan kulit mengecilkan pori-pori membesar g2glow official store,https://shopee.co.id/product/809769142/43514974352,https://down-id.img.susercontent.com/file/id-11134207-8224q-mg7g9r4xkpot63,"[""https://down-id.img.susercontent.com/file/id-11134207-8224q-mg7g9r4xkpot63"", ""https://down-id.img.susercontent.com/file/id-11134207-822wt-mo0yyir76kg5d9"", ""https://down-id.img.susercontent.com/file/id-11134207-8224r-mg7g9r4xjb4d0e"", ""https://down-id.img.susercontent.com/file/id-11134207-7ra0j-mdb5xuarzupo24"", ""https://down-id.img.susercontent.com/file/id-11134207-7ra0h-mdb5xuas19a4dd"", ""https://down-id.img.susercontent.com/file/id-11134207-7ra0j-mdb5xuas42f0e8"", ""https://down-id.img.susercontent.com/file/id-11134207-7ra0k-mdb5xuas9oosd1""]","[""OFFICIAL_SHOP""]","[""id-11134258-7r98z-lykpu80ygbvs76""]",FSS+Promo_Xtra,id-11134258-8224z-mkvwcf6270g1ad,False,False,False,1756105464,108000,199000,108000,46,476043307925741,,,,,,10000.0,976.0,4.925280199252802,7227,"[12, 4, 41, 398, 6772]",[],GLAD2GLOW,3138611,100630,"[100630, 100664, 100893]",3829,BIG SIZE 100g,"[""[EXTRA DISC 20%]3PCS"", ""BIG SIZE 100g-1PC"", ""Set Anti-Aging 2PCS"", ""Day Cream+Krim 2PCS"", ""BIG SIZE 100g-2PCS"", ""Anti-Aging&Cerah 3PC"", ""Anti-Aging&Cerah-BIG"", ""Anti-Aging&Pulih 2PC"", ""Set Cerah 2PCS"", ""Anti-Aging&Cerah 2PC"", ""[LIVE DEAL]1pc""]"
Shopee,,id,2026-07-03,809769142,glad2glow.indo,Glad2Glow Official Store,KAB. TANGERANG,18584356032,[DISKON 60%] Glad2Glow Clay Stick&Face Mask Series-Pomegranate Brightening/Mugwort Acne/ Volcanic Pore-sleeping masker g2glow official store,https://shopee.co.id/product/809769142/18584356032,https://down-id.img.susercontent.com/file/id-11134207-822wk-mpirguuc4rgs8c,"[""https://down-id.img.susercontent.com/file/id-11134207-822wk-mpirguuc4rgs8c""]","[""OFFICIAL_SHOP""]","[""id-11134258-7r98z-lykpu80ygbvs76""]",Promo_Xtra,id-11134258-822wn-mlx9cgtbn85k12,False,False,False,1695181815,48900,99000,48900,51,476043307925741,,,,,,10000.0,1000.0,4.848667775354024,277808,"[731, 657, 3701, 29744, 242975]",[],GLAD2GLOW,3138611,100630,"[100630, 100664, 100898]",122272,Clay Stick,"[""1PC-Acne Care"", ""1PC-Glowing"", ""1PC-Eksfoliasi"", ""3PC-Skincare"", ""2PC-Glow&Eksfoliasi"", ""2PC-Eksfoliasi&Acne"", ""2PCS-Glowing&Acne"", ""Pori Masker"", ""Top1 Club & Perks"", ""out of stock""]"
Shopee,,id,2026-07-03,809769142,glad2glow.indo,Glad2Glow Official Store,KAB. TANGERANG,44429096395,Glad2Glow TONE UP BRIGHTENING BODY SERUM Skin Look Flawless Tone Up in 1 Use Tone Up Booster Body Serum Lotion,https://shopee.co.id/product/809769142/44429096395,https://down-id.img.susercontent.com/file/id-11134207-822wj-mpisresymjuo3b,"[""https://down-id.img.susercontent.com/file/id-11134207-822wj-mpisresymjuo3b"", ""https://down-id.img.susercontent.com/file/id-11134207-822wg-moyw16t2x3ws60"", ""https://down-id.img.susercontent.com/file/id-11134207-822wr-mnbaj8c7rnr61d"", ""https://down-id.img.susercontent.com/file/id-11134207-822wj-mnb3tt01haf5e6"", ""https://down-id.img.susercontent.com/file/id-11134207-822wo-mnbaj8c7ugw261"", ""https://down-id.img.susercontent.com/file/id-11134207-822ws-mnb3tt01iozldb"", ""https://down-id.img.susercontent.com/file/id-11134207-822wt-mnbaj8c7t2bm01"", ""https://down-id.img.susercontent.com/file/id-11134207-822wk-mnb3tt01eha9cf""]","[""OFFICIAL_SHOP""]","[""id-11134258-7r98z-lykpu80ygbvs76""]",FSS+Promo_Xtra,id-11134258-8224z-mkvwcf6270g1ad,False,False,False,1772800138,49000,99000,49000,51,476043307925741,,,,,,10000.0,1000.0,4.876341714453757,6801,"[22, 17, 98, 506, 6158]",[],GLAD2GLOW,3138611,100630,"[100630, 102002, 102007]",6253,body Serum,"[""1PC"", ""3pcs"", ""[HOT]Buy5 Get 6"", ""Buy7 Get 8"", ""ALL-Over Glow-2pcs"", ""tone up 2in1"", ""Bright 3-in-1"", ""5pcs"", ""Bright 2-in-1"", ""Top1 Club & Perks""]"
Shopee,,id,2026-07-03,809769142,glad2glow.indo,Glad2Glow Official Store,KAB. TANGERANG,45502579334,"[Free Gift]Glad2Glow 8 IN 1 Super Glow Niacinamide Skincare & Makeup Paket: Brightening Micellar Water 130ml + Moisturizer+Toner+Serum+Niacinamide Cleanser+Flawless Cushion+Perfect Blurring Powder untuk Kulit Cerah, Glowing & Halus Sepanjang Hari",https://shopee.co.id/product/809769142/45502579334,https://down-id.img.susercontent.com/file/id-11134207-822wk-mpx0yswuemmm41,"[""https://down-id.img.susercontent.com/file/id-11134207-822wk-mpx0yswuemmm41""]","[""OFFICIAL_SHOP""]","[""id-11134258-7r98z-lykpu80ygbvs76""]",FSS+Promo_Xtra,id-11134258-8224z-mkvwcf6270g1ad,False,False,False,1764819117,360353,777000,360353,54,933244862808064,,,,,,9000.0,706.0,4.8936170212765955,3713,"[7, 11, 49, 236, 3410]",[],GLAD2GLOW,3138611,100630,"[100630, 100665]",2677,combo,"[""Oil Balance Set"", ""Refreshing Set"", ""Oil Balance Set-PDRN"", ""Refreshing Set-PDRN"", ""Top1 Club & Perks""]"
Shopee,,id,2026-07-03,809769142,glad2glow.indo,Glad2Glow Official Store,KAB. TANGERANG,20636165691,Glad2Glow Blueberry 5% Ceramide Moisturizer Repair Barrier Pulihkan skincare day cream Night Cream  repair cream  skincare Sensitive G2G glad2glow official store,https://shopee.co.id/product/809769142/20636165691,https://down-id.img.susercontent.com/file/id-11134207-822wh-mpspbthdmzv265,"[""https://down-id.img.susercontent.com/file/id-11134207-822wh-mpspbthdmzv265""]","[""OFFICIAL_SHOP""]","[""id-11134258-7r98z-lykpu80ygbvs76""]",FSS+Promo_Xtra,id-11134258-8224z-mkvwcf6270g1ad,False,False,False,1660884553,44900,99000,44900,55,476043307925741,,,,,,10000.0,1000.0,4.878179045258762,335718,"[608, 555, 3008, 30784, 300763]",[],GLAD2GLOW,3138611,100630,"[100630, 100664, 100893]",116007,Pulih krim,"[""[HOT]Buy5 Get1Free"", ""[EXTRA DISC 20%]5PCS"", ""[HOT]Flash Sale 1PC"", ""[HOT]BIG SIZE 100g"", ""Krim Pemulih 3PCS"", ""1PC-Flash Sale"", ""Set Pulih&Tenang-3PC"", ""BIG SIZE 100g-Dis"", ""[LIVE DEAL]5pcs"", ""Top1 Club & Perks""]"
Shopee,,id,2026-07-03,809769142,glad2glow.indo,Glad2Glow Official Store,KAB. TANGERANG,40253957457,Glad2Glow Niacinamide Brightening Toner badan face mist hydrating toner centellaToner eksfoliasi wajah glycocid acid glycolic acid combo brightening agent Mencerahkan dan meratakan warna kulit Memberikan efek glowing g2glow,https://shopee.co.id/product/809769142/40253957457,https://down-id.img.susercontent.com/file/id-11134207-822wl-mmhejf2zqrd10f,"[""https://down-id.img.susercontent.com/file/id-11134207-822wl-mmhejf2zqrd10f"", ""https://down-id.img.susercontent.com/file/id-11134207-7rbka-m9ockd8q6mnnab"", ""https://down-id.img.susercontent.com/file/id-11134207-7rbkc-matinxuz1d0e24"", ""https://down-id.img.susercontent.com/file/id-11134207-7rbk2-ma9ou82na7b40e"", ""https://down-id.img.susercontent.com/file/id-11134207-7rbk9-matinxuzgt9a7b"", ""https://down-id.img.susercontent.com/file/id-11134207-822wg-moyw16t2x3ws60""]","[""OFFICIAL_SHOP""]","[""id-11134258-7r98z-lykpu80ygbvs76""]",Promo_Xtra,id-11134258-822wn-mlx9cgtbn85k12,False,False,False,1749537431,44900,99000,44900,55,476043307925741,,,,,,10000.0,1000.0,4.9219749926159295,20314,"[24, 12, 128, 1197, 18953]",[],GLAD2GLOW,3138611,100630,"[100630, 100664, 100892]",3374,TONER,"[""1PC-Glowing"", ""[40%OFF]3PCS-Glowing"", ""Tone UP Cream 2in1"", ""[40%OFF]2PCS-Glowing"", ""[HEMAT 60%]5PCS"", ""1PC-Glowing-FS""]"
Shopee,,id,2026-07-03,809769142,glad2glow.indo,Glad2Glow Official Store,KAB. TANGERANG,41320590275,[HOT SALE]Glad2Glow Brightening Micellar Water 300ml Lembut Cepat Menghapus Makeup & Mencerahkan kulit Penghapus Makeup Waterproof Hapus Riasan Tahan  dan Tanpa Iritasi g2glow official store,https://shopee.co.id/product/809769142/41320590275,https://down-id.img.susercontent.com/file/id-11134207-822wt-mo868m6wdlvsf9,"[""https://down-id.img.susercontent.com/file/id-11134207-822wt-mo868m6wdlvsf9"", ""https://down-id.img.susercontent.com/file/id-11134207-822wk-mpxjb86tyozybe"", ""https://down-id.img.susercontent.com/file/id-11134207-81zth-mezdfa2radxpaa"", ""https://down-id.img.susercontent.com/file/id-11134207-81ztg-mezkl28uylmw68"", ""https://down-id.img.susercontent.com/file/id-11134207-81ztk-mezkl28v007c04"", ""https://down-id.img.susercontent.com/file/sg-11134201-824hg-mpg4trg3b4sge4"", ""https://down-id.img.susercontent.com/file/id-11134207-81zte-mezkl28v1ers49""]","[""OFFICIAL_SHOP""]","[""id-11134258-7r98z-lykpu80ygbvs76""]",Promo_Xtra,id-11134258-822wn-mlx9cgtbn85k12,False,False,False,1758539697,48900,99000,48900,51,476043307925741,,,,,,10000.0,1000.0,4.924216916036326,42173,"[63, 34, 246, 2350, 39480]",[],GLAD2GLOW,3138611,100630,"[100630, 100662, 100884]",12413,Makeup Remover,"[""[Gift-pore clear]5PC"", ""[Save More]-5PCS"", ""[60%off] 300ml-3PCS"", ""[60%off]300ml-2PCS"", ""300ml-1PC"", ""230ml-Brightening"", ""Travel-130ml"", ""[27k/pc]130ml-2PCS"", ""[LIVE DEAL]3pcs"", ""Top1 Club & Perks""]"
Shopee,,id,2026-07-03,809769142,glad2glow.indo,Glad2Glow Official Store,KAB. TANGERANG,16797836904,Glad2Glow 2pcs Skincare Paket- Moisturizer+Serum-Beauty Sets & Packages Mencerahkan warna kulit  Menghilangkan jerawat pengelupasan kulit penghalang perbaikan Anti penuaan kulit halusMencerahkan bintik g2glow official store,https://shopee.co.id/product/809769142/16797836904,https://down-id.img.susercontent.com/file/id-11134207-822wk-mpbvvf9m57nx1e,"[""https://down-id.img.susercontent.com/file/id-11134207-822wk-mpbvvf9m57nx1e"", ""https://down-id.img.susercontent.com/file/id-11134207-822wn-mo4sk3yezfnpd2"", ""https://down-id.img.susercontent.com/file/id-11134207-7ra0p-mbhmkwvima1wb2"", ""https://down-id.img.susercontent.com/file/id-11134207-7rbkc-maaqujd7vrroad"", ""https://down-id.img.susercontent.com/file/sg-11134201-823r7-mp67j0fq1t6q51"", ""https://down-id.img.susercontent.com/file/id-11134207-7ra0p-mbho4whhbuc7ed"", ""https://down-id.img.susercontent.com/file/id-11134207-7ra0l-mbho4whhenh39c"", ""https://down-id.img.susercontent.com/file/id-11134207-7ra0u-mbho4whhd8wnd1"", ""https://down-id.img.susercontent.com/file/id-11134207-7ra0l-mbho79h2n92l1d""]","[""OFFICIAL_SHOP""]","[""id-11134258-7r98z-lykpu80ygbvs76""]",FSS+Promo_Xtra,id-11134258-8224z-mkvwcf6270g1ad,False,False,False,1686737660,78400,199000,78400,61,476043307925741,,,,,,10000.0,1000.0,4.8773795244478935,141730,"[248, 197, 1176, 13444, 126665]","[""Add-on Deal""]",GLAD2GLOW,3138611,100630,"[100630, 100665]",40407,Set,"[""2PCS PDRN"", ""2PCS Glowing"", ""2PCS Retinol"", ""2PCS Repair"", ""2PCS Dark Spot"", ""2PCS Acne Care"", ""2PCS Glowing-FS"", ""Top1 Club & Perks""]"
Shopee,,id,2026-07-03,809769142,glad2glow.indo,Glad2Glow Official Store,KAB. TANGERANG,55062234188,[2pcs Paket Foundation] Glad2Glow Perfect Cover Glow Cushion | Perfect Cover Cushion  | FlawLess Blurring Skin Tint | 2in1 Perfect Pair Cushion Powder |  Perfect Blurring Powder | Foundation,https://shopee.co.id/product/809769142/55062234188,https://down-id.img.susercontent.com/file/id-11134207-822wp-mpx0d7b9q6f58d,"[""https://down-id.img.susercontent.com/file/id-11134207-822wp-mpx0d7b9q6f58d"", ""https://down-id.img.susercontent.com/file/id-11134207-822wj-mpx0d7b9orup4e"", ""https://down-id.img.susercontent.com/file/id-11134207-822wo-mphkg88y8glo41"", ""https://down-id.img.susercontent.com/file/id-11134207-822ws-mphkg88ycob0cf"", ""https://down-id.img.susercontent.com/file/id-11134207-822wo-mphkg88ye2vg7b"", ""https://down-id.img.susercontent.com/file/id-11134207-822wp-mphkg88y9v6418"", ""https://down-id.img.susercontent.com/file/id-11134207-822wr-mphkg88yb9qk99"", ""https://down-id.img.susercontent.com/file/id-11134207-822wr-mpug4berk6bx92""]","[""OFFICIAL_SHOP""]","[""id-11134258-7r98z-lykpu80ygbvs76""]",FSS+Promo_Xtra,id-11134258-8224z-mkvwcf6270g1ad,False,False,False,1781504572,75500,199000,75500,62,476043307925741,,,,,,140.0,139.0,4.9,20,"[0, 0, 1, 0, 19]","[""Produk Baru""]",GLAD2GLOW,3138611,100630,"[100630, 100662, 100881, 101628]",48,Cushion,"[""Skintint15g-2pc"", ""Cover Cushion-2pc"", ""Glow Cusion-2pc"", ""Skintint15g-3pc"", ""Cover Cushion-3pc"", ""Glow Cusion-3pc"", ""BUY5GET1"", ""[96K OFF]BUY8GET1"", ""Top1 Club & Perks""]"
Shopee,,id,2026-07-03,809769142,glad2glow.indo,Glad2Glow Official Store,KAB. TANGERANG,50406870682,[NEW] GLAD2GLOW PDRN BRIGHTENING SERUM PDRN 10% NIACINAMIDE 3% TXA  SERUM Mencerahkan Wajah Serum Glow Bomb,https://shopee.co.id/product/809769142/50406870682,https://down-id.img.susercontent.com/file/id-11134207-822wg-mpew676ts3yk00,"[""https://down-id.img.susercontent.com/file/id-11134207-822wg-mpew676ts3yk00""]","[""OFFICIAL_SHOP""]","[""id-11134258-7r98z-lykpu80ygbvs76""]",FSS+Promo_Xtra,id-11134258-8224z-mkvwcf6270g1ad,False,False,False,1772800554,89500,199000,89500,55,931791142240256,,,,,,10000.0,1000.0,4.922982654600301,10608,"[12, 4, 55, 647, 9890]",[],GLAD2GLOW,3138611,100630,"[100630, 100664, 100896]",5350,PDRN,"[""Buy5 Get1 Free"", ""1PC"", ""Serum+Moisturizer"", ""PDRN-Buy2Get1"", ""3PCS"", ""5PCS"", ""glowing-3pcs"", ""Top1 Club & Perks"", ""out of stock""]"
Shopee,,id,2026-07-03,809769142,glad2glow.indo,Glad2Glow Official Store,KAB. TANGERANG,54256127181,"[New! Limited Edition] Glad2Glow Perfect Cover Glow Cushion Charm - Foundation High Coverage Tahan 12 Jam & Tekstur Ringan, Minim Oksidasi - glad2glow Official Store",https://shopee.co.id/product/809769142/54256127181,https://down-id.img.susercontent.com/file/id-11134207-8224q-mkoom5g55ddtf5,"[""https://down-id.img.susercontent.com/file/id-11134207-8224q-mkoom5g55ddtf5""]","[""OFFICIAL_SHOP""]","[""id-11134258-7r98z-lykpu80ygbvs76""]",FSS+Promo_Xtra,id-11134258-8224z-mkvwcf6270g1ad,False,False,False,1770896925,100000,199000,100000,50,476043307925741,,,,,,8000.0,1000.0,4.9292343387471,2586,"[3, 0, 21, 129, 2433]",[],GLAD2GLOW,3138611,100630,"[100630, 100662, 100881, 101628]",4574,Cushion,"[""00 Affogato"", ""01Buttercream"", ""02Praline"", ""03Custard"", ""04 Ginger"", ""05 Cinnamon"", ""02 Praline+Lip01"", ""03 Custard+Lip01"", ""02 Praline+Lip03"", ""03 Custard+Lip03"", ""02 Praline+Refill02"", ""03 Praline+Refill03""]"
Shopee,,id,2026-07-03,809769142,glad2glow.indo,Glad2Glow Official Store,KAB. TANGERANG,49506878130,[NEW LAUNCH]Glad2Glow PDRN5% Moisturizer Niacinamide 1% TXA Brightening Day Cream Pemutih Kulit Gloglowing Skincare  Serum glad2glow official store,https://shopee.co.id/product/809769142/49506878130,https://down-id.img.susercontent.com/file/id-11134207-822wt-mpwzcifh9a0y34,"[""https://down-id.img.susercontent.com/file/id-11134207-822wt-mpwzcifh9a0y34""]","[""OFFICIAL_SHOP""]","[""id-11134258-7r98z-lykpu80ygbvs76""]",FSS+Promo_Xtra,id-11134258-8224z-mkvwcf6270g1ad,False,False,False,1772793271,89500,196000,89500,54,931791142240256,,,,,,10000.0,1000.0,4.922923918448533,10055,"[14, 7, 59, 580, 9395]",[],GLAD2GLOW,3138611,100630,"[100630, 100664, 100893]",5691,PDRN,"[""[HOT]Buy5 Get1 Free"", ""GLOWING BASE SET"", ""Moisturizer+Serum"", ""5PCS"", ""1PC"", ""3PCS"", ""Top1 Club & Perks"", ""out of stock""]"
Shopee,,id,2026-07-03,809769142,glad2glow.indo,Glad2Glow Official Store,KAB. TANGERANG,43429510165,[100g NEW LAUNCH]Glad2Glow Advanced Mugwort Acne Gel Mask 100g Masker Wajah Masker Komedo dan Pori Pori Wajah Masker Mask Sleeping Mask Mugwort Hijau Gel Masker,https://shopee.co.id/product/809769142/43429510165,https://down-id.img.susercontent.com/file/id-11134207-822wu-mm8qmaayqt51b0,"[""https://down-id.img.susercontent.com/file/id-11134207-822wu-mm8qmaayqt51b0"", ""https://down-id.img.susercontent.com/file/id-11134207-822wr-mpki8rwx75du82"", ""https://down-id.img.susercontent.com/file/id-11134207-822wt-mm8qmaaz92ira3"", ""https://down-id.img.susercontent.com/file/id-11134207-822wg-mm8qmaaz7nybf8"", ""https://down-id.img.susercontent.com/file/id-11134207-822wj-mm8qmaazeosje4"", ""https://down-id.img.susercontent.com/file/id-11134207-822wo-mm8qmaaz69dved""]","[""OFFICIAL_SHOP""]","[""id-11134258-7r98z-lykpu80ygbvs76""]",FSS+Promo_Xtra,id-11134258-8224z-mkvwcf6270g1ad,False,False,False,1774431806,58000,129000,58000,55,476043307925741,,,,,,1000.0,494.0,4.892583120204604,391,"[1, 0, 2, 34, 354]",[],GLAD2GLOW,3138611,100630,"[100630, 100664, 100898]",195,Clay Stick,"[""1PC"", ""[60% OFF]3PCS-Mask"", ""[70% OFF]5PCS-Mask"", ""ANTI-ACNE-2pcs"", ""MASK+SERUM-2PCS"", ""Buy2 Get1 Free""]"
Shopee,,id,2026-07-03,809769142,glad2glow.indo,Glad2Glow Official Store,KAB. TANGERANG,44357002770,[Hemat 60%]Glad2Glow Toner Complete Series-Brightening/Acne care/Barrier/Exfoliating/hydrating-Skincare toner centella/glycolic toner wajah eksfoliasi water gloglowing exfoliasi g2glow official store,https://shopee.co.id/product/809769142/44357002770,https://down-id.img.susercontent.com/file/id-11134207-7ra0h-mcimknsw7quwce,"[""https://down-id.img.susercontent.com/file/id-11134207-7ra0h-mcimknsw7quwce"", ""https://down-id.img.susercontent.com/file/id-11134207-822wh-motcndeve1vv30"", ""https://down-id.img.susercontent.com/file/id-11134207-7ra0o-mbp65pgv93vi11"", ""https://down-id.img.susercontent.com/file/id-11134207-7ra0u-mboxjl9oo04366"", ""https://down-id.img.susercontent.com/file/id-11134207-7ra0q-mbp71jgi1g28c6"", ""https://down-id.img.susercontent.com/file/id-11134207-7ra0n-mbp71jg8d3bo30"", ""https://down-id.img.susercontent.com/file/id-11134207-7ra0p-mbp65pgvg4pq59"", ""https://down-id.img.susercontent.com/file/id-11134207-7ra0s-mbp65pgveq5a98""]","[""OFFICIAL_SHOP""]","[""id-11134258-7r98z-lykpu80ygbvs76""]",Promo_Xtra,id-11134258-822wn-mlx9cgtbn85k12,False,False,False,1751440799,172500,499000,172500,65,476043307925741,,,,,,4000.0,434.0,4.954637096774194,992,"[3, 0, 2, 29, 958]",[],GLAD2GLOW,3138611,100630,"[100630, 100664, 100892]",360,Toner,"[""Buy8 Get1 Free-Glow"", ""Buy8 Get1 Free-Cerah"", ""Buy8 Get1 Fre-Repair"", ""Buy8 Get1 Free-ACNE"", ""Buy8 Get1 Free-Exfo."", ""Buy8 Get1 Free-VC"", ""Buy5 Get1 Free-Glow1"", ""Buy5 Get1 Free-Glow2"", ""Buy5 Get1 Free-Glow3"", ""Buy5 Get1 Fre-Repair"", ""Buy5 Get1 Free-ACNE"", ""Buy5 Get1 Free-VC"", ""Buy5 Get1 Free-Exfo."", ""Buy5 Get1 Free-Cerah"", ""Glowing-5PCS"", ""Glycolic Toner-5pcs"", ""Acne care-5PCS"", ""Repair-5PCS"", ""Exfoliating-5PCS"", ""VitaC Glow-5PCS"", ""[LIVE DEAL] 5pc Glow""]"
Shopee,,id,2026-07-03,809769142,glad2glow.indo,Glad2Glow Official Store,KAB. TANGERANG,43360906112,Glad2Glow Perfect Blur&Cover Loose Powder oil control Finishing Kontrol Minyak Tahan Lama Anti Luntur Halus Sempurna & Cover Tinggi bedak padat bedak tabur two way cake cushion foundation setting spray make up g2g glad2glow official store,https://shopee.co.id/product/809769142/43360906112,https://down-id.img.susercontent.com/file/id-11134207-81ztd-mq2pzxsq445e74,"[""https://down-id.img.susercontent.com/file/id-11134207-81ztd-mq2pzxsq445e74""]","[""OFFICIAL_SHOP""]","[""id-11134258-7r98z-lykpu80ygbvs76""]",Promo_Xtra,id-11134258-822wn-mlx9cgtbn85k12,False,False,False,1753871015,59000,180000,59000,67,476043307925741,,,,,,10000.0,1000.0,4.916379955123411,26740,"[41, 26, 200, 1594, 24879]",[],GLAD2GLOW,3138611,100630,"[100630, 100662, 100881, 101630]",22884,Colour code,"[""BUY 4 GET 1-01"", ""BUY 4 GET 1-02"", ""BUY 2 GET 1-02"", ""BUY 2 GET 1-01"", ""00 Milkshake"", ""01 Marshmallow- HOT!"", ""02 Cupcake - HOT!"", ""03 Honey"", ""02 Powder+02 Cushion"", ""03 Powder+03 Cushion"", ""[LIVE DEAL]-01"", ""[LIVE DEAL]-02"", ""01 Marshmallow-2pcs"", ""02 Cupcake-2pcs""]"
Shopee,,id,2026-07-03,809769142,glad2glow.indo,Glad2Glow Official Store,KAB. TANGERANG,26892712078,Glad2Glow Pomegranate Niacinamide Brightening Moisturizer 100g Day Cream Night Cream Skincare,https://shopee.co.id/product/809769142/26892712078,https://down-id.img.susercontent.com/file/id-11134207-822wt-mpbvvf9lzle590,"[""https://down-id.img.susercontent.com/file/id-11134207-822wt-mpbvvf9lzle590""]","[""OFFICIAL_SHOP""]","[""id-11134258-7r98z-lykpu80ygbvs76""]",FSS+Promo_Xtra,id-11134258-8224z-mkvwcf6270g1ad,False,False,False,1760005933,100000,149000,100000,33,476043307925741,,,,,,10000.0,1000.0,4.9342944423602555,18659,"[28, 9, 76, 935, 17611]",[],GLAD2GLOW,3138611,100630,"[100630, 100664, 100893]",4501,variant,"[""100G-Cream-Bottled"", ""Bottled 2pcs"", ""Glowing 2PCS"", ""[EXTRA DISC 20%]3PCS"", ""Niacinamide 100G-DIS"", ""[UP TO DISC 20%]1PC"", ""Niacinamide Cerah"", ""Niacinamide Cerah2PC"", ""Set Glow 2PCS"", ""Top1 Club & Perks""]"
Shopee,,id,2026-07-03,809769142,glad2glow.indo,Glad2Glow Official Store,KAB. TANGERANG,18083979760,Glad2Glow Yuja Symwhite 377 Dark Spot Moisturizer menghilangkan bekas jerawat brightening night cream day cream Hilangkan Kulit Skincare Pelembab Esensi Wajah Perawatan Wajah Pembersih day cream tone up g2g official store,https://shopee.co.id/product/809769142/18083979760,https://down-id.img.susercontent.com/file/id-11134207-822wp-mpwzcifh3nr639,"[""https://down-id.img.susercontent.com/file/id-11134207-822wp-mpwzcifh3nr639""]","[""OFFICIAL_SHOP""]","[""id-11134258-7r98z-lykpu80ygbvs76""]",FSS+Promo_Xtra,id-11134258-8224z-mkvwcf6270g1ad,False,False,False,1694167664,81900,199000,81900,59,476043307925741,,,,,,10000.0,1000.0,4.883785268610446,101935,"[161, 130, 868, 9076, 91700]",[],GLAD2GLOW,3138611,100630,"[100630, 100664, 100893]",33634,377,"[""[HOT]Buy5 Get1Free"", ""5pcs"", ""[EXTRA DISC 20%]5PCS"", ""[Big Moist] 100g 1pc"", ""[Big Moist] 100g 2pc"", ""1pc"", ""Dark Spot Set"", ""1pc-flash sale"", ""[60% off]2pcs"", ""3PCS"", ""Top1 Club & Perks""]"
Shopee,,id,2026-07-03,809769142,glad2glow.indo,Glad2Glow Official Store,KAB. TANGERANG,28293199566,[Big Size]Glad2Glow Centella Salicylic Acid Acne Gel Cleanser 150ml facial wash skincare face wash sabun cuci muka cleansing balm exfoliating exfoliasi wajah sabun muka pembersih wajah merawat serta membantu menenangkan jerawat,https://shopee.co.id/product/809769142/28293199566,https://down-id.img.susercontent.com/file/id-11134207-822wk-moyul0v1pp1ofe,"[""https://down-id.img.susercontent.com/file/id-11134207-822wk-moyul0v1pp1ofe"", ""https://down-id.img.susercontent.com/file/id-11134207-822wg-moyw16t2x3ws60"", ""https://down-id.img.susercontent.com/file/id-11134207-82252-mg26lnjvhrf294"", ""https://down-id.img.susercontent.com/file/id-11134207-8224r-mg27lbyoscugaa"", ""https://down-id.img.susercontent.com/file/sg-11134201-824jj-mpe1p0v2szcwf4"", ""https://down-id.img.susercontent.com/file/id-11134207-8224o-mg27lbzohmh9f7"", ""https://down-id.img.susercontent.com/file/id-11134207-8224t-mg27lbzoj11p83"", ""https://down-id.img.susercontent.com/file/id-11134207-82251-mg27lbzdrcax6d""]","[""OFFICIAL_SHOP""]","[""id-11134258-7r98z-lykpu80ygbvs76""]",Promo_Xtra,id-11134258-822wn-mlx9cgtbn85k12,False,False,False,1760960682,46500,129000,46500,64,476043307925741,,,,,,10000.0,1000.0,4.919740941137891,12200,"[22, 10, 92, 677, 11399]",[],GLAD2GLOW,3138611,100630,"[100630, 100664, 100891]",1731,Anti-Jerawat,"[""Big Size—1PC"", ""2pcs"", ""Big Size—3PCS"", ""Top1 Club & Perks""]"
Shopee,,id,2026-07-03,809769142,glad2glow.indo,Glad2Glow Official Store,KAB. TANGERANG,23668056941,Glad2Glow Centella Water Gel Moisturizer Madeca Cream Cica Pelembab Wajah 30/55g Pengontrol Minyak Pelembab Menyembuhkan Jerawat  Krim Anti Jerawat Memperbaiki Penghalang Kulit Kelembapan Kulit g2glow official store,https://shopee.co.id/product/809769142/23668056941,https://down-id.img.susercontent.com/file/id-11134207-822wp-mpwzcifgzg1uf7,"[""https://down-id.img.susercontent.com/file/id-11134207-822wp-mpwzcifgzg1uf7""]","[""OFFICIAL_SHOP""]","[""id-11134258-7r98z-lykpu80ygbvs76""]",Promo_Xtra,id-11134258-822wn-mlx9cgtbn85k12,False,False,False,1684240172,58900,129000,58900,54,476043307925741,,,,,,10000.0,1000.0,4.860089184123606,271575,"[639, 625, 2902, 27761, 239648]",[],GLAD2GLOW,3138611,100630,"[100630, 100664, 100893]",88745,Set,"[""[HOT]Buy5 Get1Free"", ""[EXTRA DISC20%]55g*5"", ""30g"", ""55g-1PC"", ""[60% off]55g-2pcs"", ""[HEMAT 40%]55g-3pcs"", ""Acne Set"", ""[HEMAT 50%] 30g-3pcs"", ""55g-discount"", ""30g-discount""]"
Shopee,,id,2026-07-03,809769142,glad2glow.indo,Glad2Glow Official Store,KAB. TANGERANG,21729164441,Glad2Glow Daily Exfoliating Toner toner badan face mist hydrating toner centella Toner eksfoliasi wajah glycocid acid glycolic acid kulit halus Eksfoliasi Lembut Jaga kulit Anda tetap terhidrasi Rawat kulitmu Skincare Mikrodermabrasi g2glow official store,https://shopee.co.id/product/809769142/21729164441,https://down-id.img.susercontent.com/file/id-11134207-822wk-mmhejf2zny8525,"[""https://down-id.img.susercontent.com/file/id-11134207-822wk-mmhejf2zny8525"", ""https://down-id.img.susercontent.com/file/id-11134207-822wg-moyw16t2x3ws60"", ""https://down-id.img.susercontent.com/file/id-11134207-7r98z-lzk6da8gqlzv71"", ""https://down-id.img.susercontent.com/file/id-11134207-7r98s-lzk6da8gkzd4f7"", ""https://down-id.img.susercontent.com/file/id-11134207-7r98o-lzk6da8gs0kb36"", ""https://down-id.img.susercontent.com/file/id-11134207-7r98u-lzk6da8gtf4r89"", ""https://down-id.img.susercontent.com/file/id-11134207-7r98r-lzk6da8gjksoe2""]","[""OFFICIAL_SHOP""]","[""id-11134258-7r98z-lykpu80ygbvs76""]",Promo_Xtra,id-11134258-822wn-mlx9cgtbn85k12,False,False,False,1659090863,44900,99000,44900,55,476043307925741,,,,,,10000.0,597.0,4.868184514303965,21917,"[70, 51, 208, 2040, 19548]",[],GLAD2GLOW,3138611,100630,"[100630, 100664, 100892]",18390,TONER,"[""1PC-Exfoliating"", ""3PCS-Exfoliating"", ""[HEMAT 60%]5PCS"", ""1PC-Exfoliating-FS""]"
Shopee,,id,2026-07-03,809769142,glad2glow.indo,Glad2Glow Official Store,KAB. TANGERANG,46457066270,"Glad2Glow 2IN1 Glow Makeup Set:Base Makeup + Glow Serum Spray Perfect Cover Cushion Skin Tint : Cover Tinggi, Tahan 12 Jam All Day Hydration g2g Official Store",https://shopee.co.id/product/809769142/46457066270,https://down-id.img.susercontent.com/file/id-11134207-822wp-mpwzx5pibdou77,"[""https://down-id.img.susercontent.com/file/id-11134207-822wp-mpwzx5pibdou77"", ""https://down-id.img.susercontent.com/file/id-11134207-822wl-mpxl0ab2cs97a3"", ""https://down-id.img.susercontent.com/file/id-11134207-822wq-mpmb042gln2m50"", ""https://down-id.img.susercontent.com/file/id-11134207-822wq-mlx5yq2l0l4yf0"", ""https://down-id.img.susercontent.com/file/id-11134207-822wn-mpmb042gk8i601"", ""https://down-id.img.susercontent.com/file/id-11134207-822wq-mpmb042gn1n248"", ""https://down-id.img.susercontent.com/file/id-11134207-822wq-mpmb042gpury8b"", ""https://down-id.img.susercontent.com/file/id-11134207-822wi-mpmb042gog7i26"", ""https://down-id.img.susercontent.com/file/id-11134207-822wm-mlx5yq2l1zpe04""]","[""OFFICIAL_SHOP""]","[""id-11134258-7r98z-lykpu80ygbvs76""]",FSS+Promo_Xtra,id-11134258-8224z-mkvwcf6270g1ad,False,False,False,1773194462,128000,399000,128000,68,476043307925741,,,,,,5000.0,1000.0,4.9136,1875,"[3, 0, 13, 124, 1735]",[],GLAD2GLOW,3138611,100630,"[100630, 100665]",1196,GLOWSET,"[""Cushion+ Spray"", ""Cushion+ Moisturizer"", ""Cushion+ Serum"", ""Cushion+ Remover"", ""Cushion+ Lip Serum"", ""Cushion+Gel Mask"", ""Top1 Club & Perks""]"
Shopee,,id,2026-07-03,809769142,glad2glow.indo,Glad2Glow Official Store,KAB. TANGERANG,29905930406,[Hot Sale!]Glad2Glow Perfect Cover Cushion Foundation Waterproof Make Up Setting Concealer BB Cream Tahan Lama Hingga 12 Jam Hasil Akhir Glowing Dan Menyatu Dengan Warna Kulit Tekstur Ringan Di Wajah g2glow official store,https://shopee.co.id/product/809769142/29905930406,https://down-id.img.susercontent.com/file/id-11134207-822ws-mphkg88ycob0cf,"[""https://down-id.img.susercontent.com/file/id-11134207-822ws-mphkg88ycob0cf""]","[""OFFICIAL_SHOP""]","[""id-11134258-7r98z-lykpu80ygbvs76""]",FSS+Promo_Xtra,id-11134258-8224z-mkvwcf6270g1ad,False,False,False,1721646528,78900,199000,78900,60,476043307925741,,,,,,10000.0,1000.0,4.881641914828952,388261,"[1003, 730, 3871, 32009, 350648]",[],GLAD2GLOW,3138611,100630,"[100630, 100662, 100881, 101628]",250790,Cushion,"[""2PCS-02-Praline"", ""2PCS-03-Custard"", ""00 Affogato"", ""01 Buttercream"", ""02 Praline-hot sale"", ""03 Custard-hot sale"", ""04 Ginger-hot sale"", ""05 Cinnamon"", ""Cushion+Spray Set02"", ""Cushion+Spray Set03"", ""2PCS-01-Buttercream"", ""BUY 2 GET 1-02"", ""BUY 2 GET 1-03"", ""Disc20%-Makeup Set02"", ""Disc20%-Makeup Set03"", ""20%OFF-Matte spray02"", ""20%OFF-Matte spray03"", ""01Buttercream REFILL"", ""02 Praline REFILL"", ""03 Custard REFILL"", ""Extra Disc 20% - 01"", ""Extra Disc 20% - 03"", ""Extra Disc 20% - 02"", ""[LIVE DEAL]-02"", ""[LIVE DEAL]-03"", ""Top1 Club & Perks""]"
Shopee,,id,2026-07-03,809769142,glad2glow.indo,Glad2Glow Official Store,KAB. TANGERANG,55908771179,[HOT] Glad2Glow White Truffle Serum Spray 100ml |  12H Tahan Lama|Glass Skin Makeup Lock Mencerahkan Skin Prep  g2g Glad2Glow Official Store,https://shopee.co.id/product/809769142/55908771179,https://down-id.img.susercontent.com/file/id-11134207-822wh-mn0x6662e4g29b,"[""https://down-id.img.susercontent.com/file/id-11134207-822wh-mn0x6662e4g29b""]","[""OFFICIAL_SHOP""]","[""id-11134258-7r98z-lykpu80ygbvs76""]",FSS+Promo_Xtra,id-11134258-8224z-mkvwcf6270g1ad,False,False,False,1776137376,78900,169500,78900,53,476043307925741,,,,,,7000.0,1000.0,4.937214137214137,2405,"[1, 0, 11, 125, 2268]",[],GLAD2GLOW,3138611,100630,"[100630, 100662, 100881, 101633]",2314,serum,"[""1pcs"", ""3pcs"", ""5pcs""]"
Shopee,,id,2026-07-03,809769142,glad2glow.indo,Glad2Glow Official Store,KAB. TANGERANG,19691541572,Glad2Glow Pomegranate Niacinamide Brightening Moisturizer Mencerahkan Pemutih Kulit Gel Pelembab Bercahaya Krim Siang dan Malam Perawatan Kulit Ekstrak DelimaPelembab Esensi Wajah Perawatan Kulit g2glow official store,https://shopee.co.id/product/809769142/19691541572,https://down-id.img.susercontent.com/file/id-11134207-81ztg-mq44fmkjv28f46,"[""https://down-id.img.susercontent.com/file/id-11134207-81ztg-mq44fmkjv28f46""]","[""OFFICIAL_SHOP""]","[""id-11134258-7r98z-lykpu80ygbvs76""]",Promo_Xtra,id-11134258-822wn-mlx9cgtbn85k12,False,False,False,1691151275,41900,109000,41900,62,476407260266547,,,,,,10000.0,1000.0,4.879726070481488,464216,"[767, 654, 3992, 42818, 415985]","[""Any 2 at Rp82.900""]",GLAD2GLOW,3138611,100630,"[100630, 100664, 100893]",143952,variant,"[""Bright moisturizer"", ""Top1 Club & Perks""]"
Shopee,,id,2026-07-03,809769142,glad2glow.indo,Glad2Glow Official Store,KAB. TANGERANG,21829166888,Glad2Glow Serum Series-Peeling| Exfoliating | Mencerahkan Wajah | Retinol |Niacinamide| Dark Spot | Acne | Jerawat Glowing Brightening Glow G2G,https://shopee.co.id/product/809769142/21829166888,https://down-id.img.susercontent.com/file/id-11134207-822wh-moyqb994ka3275,"[""https://down-id.img.susercontent.com/file/id-11134207-822wh-moyqb994ka3275"", ""https://down-id.img.susercontent.com/file/id-11134207-822wg-mpx182w57ci6f7"", ""https://down-id.img.susercontent.com/file/id-11134207-7ra0g-md2xvtke6shkc5"", ""https://down-id.img.susercontent.com/file/id-11134207-7rbk7-maxkoov6urfv35"", ""https://down-id.img.susercontent.com/file/id-11134207-822ws-mnb493jtfnyg78"", ""https://down-id.img.susercontent.com/file/id-11134207-7ra0o-mbp7hww5wh5293"", ""https://down-id.img.susercontent.com/file/id-11134207-7ra0g-mbqlaa9mefjwab"", ""https://down-id.img.susercontent.com/file/id-11134207-7ra0s-mbp7hwvvhfie0f""]","[""OFFICIAL_SHOP""]","[""id-11134258-7r98z-lykpu80ygbvs76""]",Promo_Xtra,id-11134258-822wn-mlx9cgtbn85k12,False,False,False,1659091261,39900,109000,39900,63,476043307925741,,,,,,10000.0,1000.0,4.89145219982716,258044,"[551, 413, 2050, 20467, 234563]",[],GLAD2GLOW,3138611,100630,"[100630, 100664, 100896]",82170,Serum,"[""PDRN"", ""Smooth Skin"", ""Glowing"", ""Anti-wrinkle"", ""Acne"", ""Antioksidan"", ""Dark Spot"", ""Glowing-DISC"", ""Smooth Skin-2PCS"", ""Glowing-2PCS"", ""2pcs Glowing Set"", ""2pcs Glass Skin Set"", ""2pcs Skin Renew Set"", ""3pcs Ultimate Glow"", ""[live] glow 1pc"", ""[live] retinol 1pc"", ""[live] peeling 1pc"", ""Top1 Club & Perks""]"
Shopee,,id,2026-07-03,809769142,glad2glow.indo,Glad2Glow Official Store,KAB. TANGERANG,22355348169,"[Buy5 Save36k ]Glad2Glow Milk Amino Acid Gentle Cleanser facial wash,pembersih pencerah,pembersih wajah sabun cuci muka face wash skincare micellar water,Mencerahkan kulit , untuk semua jenis kulit ,Lembab Tanpa Ketarik,G2G glad2glow officia store",https://shopee.co.id/product/809769142/22355348169,https://down-id.img.susercontent.com/file/id-11134207-822wj-mpx07onyx72ae8,"[""https://down-id.img.susercontent.com/file/id-11134207-822wj-mpx07onyx72ae8""]","[""OFFICIAL_SHOP""]","[""id-11134258-7r98z-lykpu80ygbvs76""]",Promo_Xtra,id-11134258-822wn-mlx9cgtbn85k12,False,False,False,1695205084,43900,99000,43900,56,470649164558504,,,,,,10000.0,1000.0,4.874791606165231,185946,"[492, 434, 1876, 16260, 166884]","[""Any 2 at Rp82.900""]",GLAD2GLOW,3138611,100630,"[100630, 100664, 100891]",58588,Milk Cleanser,"[""1PC-Glowing"", ""Top1 Club & Perks""]"
Shopee,,id,2026-07-03,809769142,glad2glow.indo,Glad2Glow Official Store,KAB. TANGERANG,20229171522,[BUY 100ml Save 30%]Glad2Glow Blueberry Ceramide Low pH Gel Cleanser Gentle skin Facial Wash oil control skincare  pembersih wajah sabun cuci muka face wash micellar water g2glow official store,https://shopee.co.id/product/809769142/20229171522,https://down-id.img.susercontent.com/file/id-11134207-822wg-mo4rgeieqe4g56,"[""https://down-id.img.susercontent.com/file/id-11134207-822wg-mo4rgeieqe4g56""]","[""OFFICIAL_SHOP""]","[""id-11134258-7r98z-lykpu80ygbvs76""]",Promo_Xtra,id-11134258-822wn-mlx9cgtbn85k12,False,False,False,1659091832,37000,129000,37000,71,470649164558504,,,,,,10000.0,1000.0,4.868682679936628,282209,"[848, 599, 2918, 26025, 251819]",[],GLAD2GLOW,3138611,100630,"[100630, 100664, 100891]",63719,Cleanser,"[""[HOT SALE]Buy6 Get7"", ""[100ml ]- Repair 1PC"", ""[SAVE 30%]100ml-3PC"", ""[SAVE 30%]100ml-5PC"", ""1PC Repair-70ml"", ""3PCS-Repair-70ml"", ""5PCS-Repair"", ""[EXTRA 25% OFF]-6pcs"", ""1PC Repair-FS"", ""Set Repair 2PCS"", ""Top1 Club & Perks""]"
Shopee,,id,2026-07-03,809769142,glad2glow.indo,Glad2Glow Official Store,KAB. TANGERANG,10599605978,Glad2Glow bundle 3in1 paket Skincare- Moisturizer+Serum+Cleanser- Face Wash  Glowing Kit Dark Spot Acne Kit Mencerahkan warna kulit Menghilangkan jerawat Anti penuaan kulit halus Mencerahkan bintik hitam Beauty Sets & Packages g2glow official store,https://shopee.co.id/product/809769142/10599605978,https://down-id.img.susercontent.com/file/id-11134207-7rbk7-ma9a4kqjxxmt06,"[""https://down-id.img.susercontent.com/file/id-11134207-7rbk7-ma9a4kqjxxmt06"", ""https://down-id.img.susercontent.com/file/sg-11134201-823pl-mp59bmf93pc1ee"", ""https://down-id.img.susercontent.com/file/id-11134207-7ra0k-mbho79h31ar18a"", ""https://down-id.img.susercontent.com/file/id-11134207-7ra0h-mbho79h2yhm527"", ""https://down-id.img.susercontent.com/file/id-11134207-7ra0j-mbho79h2zw6l96"", ""https://down-id.img.susercontent.com/file/id-11134207-7ra0j-mbho79h2x31p87""]","[""OFFICIAL_SHOP""]","[""id-11134258-7r98z-lykpu80ygbvs76""]",FSS+Promo_Xtra,id-11134258-8224z-mkvwcf6270g1ad,False,False,False,1695212914,116400,279000,116400,58,476043307925741,,,,,,10000.0,1000.0,4.864319546488644,53626,"[103, 93, 490, 5605, 47335]","[""Add-on Deal""]",GLAD2GLOW,3138611,100630,"[100630, 100665]",18968,Set,"[""✨3PCS Repair&Glowing"", ""3PCS Glowing"", ""3PCS Dark Spot"", ""3PCS Glowing&Smooth"", ""3PCS Anti-wrinkle"", ""3PCS Acne Care""]"
Shopee,,id,2026-07-03,809769142,glad2glow.indo,Glad2Glow Official Store,KAB. TANGERANG,20282626747,Glad2Glow Yuja Symwhite 377 Dark Spot Serum Eksfoliasi Wajah collagen serum wajah cream pemutih wajah pelembab whitening cream malam cream flek hitam membandel Menyamarkan noda hitam bekas kusam g2glow official store,https://shopee.co.id/product/809769142/20282626747,https://down-id.img.susercontent.com/file/id-11134207-822wt-mnw994goqwp11c,"[""https://down-id.img.susercontent.com/file/id-11134207-822wt-mnw994goqwp11c""]","[""OFFICIAL_SHOP""]","[""id-11134258-7r98z-lykpu80ygbvs76""]",Promo_Xtra,id-11134258-822wn-mlx9cgtbn85k12,False,False,False,1691295786,173400,300000,173400,42,476043307925741,,,,,,10000.0,1000.0,4.885290966789967,49473,"[91, 65, 437, 4242, 44638]",[],GLAD2GLOW,3138611,100630,"[100630, 100664, 100896]",19102,Dark Spot,"[""[EXTRA DISC 20%]5PCS"", ""[HOT]3PCS-Dark Spot"", ""1PC-Dark Spot"", ""[HOT]2PCS-Dark Spot"", ""2PCS-Dark Spot"", ""1PC-Flash Sale""]"
Shopee,,id,2026-07-03,809769142,glad2glow.indo,Glad2Glow Official Store,KAB. TANGERANG,48860851679,[NEW LAUNCH]GLAD2GLOW FLAWLESS BLURRING SKIN TINT 15g Concealer Foundation Bedak padat Make up Lightweight Coverage Long-lasting 12-Hour Soft-Focus Flawless Skin oil-control  Bio-Mimetic Film Technology  Care g2glow official store,https://shopee.co.id/product/809769142/48860851679,https://down-id.img.susercontent.com/file/id-11134207-822wo-mprb9eo0bzeo99,"[""https://down-id.img.susercontent.com/file/id-11134207-822wo-mprb9eo0bzeo99""]","[""OFFICIAL_SHOP""]","[""id-11134258-7r98z-lykpu80ygbvs76""]",FSS+Promo_Xtra,id-11134258-8224z-mkvwcf6270g1ad,False,False,False,1779246440,39000,99000,39000,61,476043307925741,,,,,,10000.0,1000.0,4.875626423690205,13170,"[26, 25, 193, 1073, 11853]","[""Any 2 at Rp71.000""]",GLAD2GLOW,3138611,100630,"[100630, 100662, 100881, 101628]",17668,SKIN TINT,"[""00 Affogato"", ""01 Buttercream"", ""02 Praline"", ""03 Custard"", ""04 Ginger"", ""05 Cinnamon"", ""Top1 Club & Perks""]"
Shopee,,id,2026-07-03,809769142,glad2glow.indo,Glad2Glow Official Store,KAB. TANGERANG,42464292818,"[New shades! ]Glad2Glow BRIGHTENING LIP SERUM ×GGBaby Special Edition  7g Ready Stock! Mencerahkan, Melembabkan Bibir dengan Warna Natural | Lip tint&Lip care g2g glad2glow official store",https://shopee.co.id/product/809769142/42464292818,https://down-id.img.susercontent.com/file/id-11134207-81zto-mq2p56red0xtfe,"[""https://down-id.img.susercontent.com/file/id-11134207-81zto-mq2p56red0xtfe""]","[""OFFICIAL_SHOP""]","[""id-11134258-7r98z-lykpu80ygbvs76""]",Promo_Xtra,id-11134258-822wn-mlx9cgtbn85k12,False,False,False,1755757162,50900,159000,50900,68,476407260266547,,,,,,10000.0,1000.0,4.916483821894564,136806,"[229, 121, 1072, 7996, 127388]",[],GLAD2GLOW,3138611,100630,"[100630, 100664, 100900, 101673]",107542,LIP SERUM,"[""All Hot shades -7pcs"", ""ALL IN SHADES-7pcs"", ""[Top 1]03-Berry Soda"", ""[NEW]-Cherry pop"", ""[NEW]-Grape Jelly"", ""[NEW]-Pumpkin Frost"", ""Perfect 4 Shades-7pc"", ""5PCS 01+03+05+06+07"", ""Hot & New Set-5PCS"", ""01-Strawberry Glaze"", ""02-Peach Pie"", ""04-Pearl Sparkle"", ""[LIVE DEAL] 03"", ""[LIVE DEAL]all in 7p"", ""Top1 Club & Perks""]"
Shopee,,id,2026-07-03,809769142,glad2glow.indo,Glad2Glow Official Store,KAB. TANGERANG,42800295602,Glad2Glow Moisturizer Series Mencerahkan Pencerah Wajah Anti Jerawat Penuaan Hilangkan Flek Tenangkan Kulit Niacinamide 377 Retinol Centella Skincare Pelembab Esensi Perawatan Kulit day cream tone up g2g official store,https://shopee.co.id/product/809769142/42800295602,https://down-id.img.susercontent.com/file/id-11134207-822wl-mpwzcifh296q7e,"[""https://down-id.img.susercontent.com/file/id-11134207-822wl-mpwzcifh296q7e""]","[""OFFICIAL_SHOP""]","[""id-11134258-7r98z-lykpu80ygbvs76""]",FSS+Promo_Xtra,id-11134258-8224z-mkvwcf6270g1ad,False,False,False,1746776049,44900,99000,44900,55,476043307925741,,,,,,10000.0,1000.0,4.916125349762069,161190,"[200, 85, 1064, 10336, 149505]",[],GLAD2GLOW,3138611,100630,"[100630, 100664, 100893]",36537,Moisturizer,"[""[NEW]PDRNGlowing-30g"", ""Glowing-100g-DISC"", ""Glowing-100g-Bottled"", ""Glowing-100g"", ""Glowing-30g"", ""B5 Panthenol Gel"", ""B5 Panthenol Cream"", ""Repair-100g-big size"", ""Anti-wrinkle-100g"", ""Anti-wrinkle-30g"", ""Repair"", ""Antioksidan​"", ""Soothing-55g"", ""Soothing-100g"", ""Calm"", ""Acne"", ""Dark Spot"", ""Soothing-30g"", ""Tone Up Cream 30g"", ""[LIVE DEAL]Glow-30g"", ""[LIVE DEAL]Repair"", ""Top1 Club & Perks""]"
Shopee,,id,2026-07-03,809769142,glad2glow.indo,Glad2Glow Official Store,KAB. TANGERANG,42752568783,[HOT SALE]Glad2Glow Cherry Blossom Micellar Water 300ml Lembut cleansing oil Penghapus Makeup Waterproof Hapus Riasan Tahan Air dengan Centella & Tanpa Iritasi untuk Kulit Sensitif & Berjerawat g2glow official store,https://shopee.co.id/product/809769142/42752568783,https://down-id.img.susercontent.com/file/id-11134207-81zth-mq2p56rea7sxc6,"[""https://down-id.img.susercontent.com/file/id-11134207-81zth-mq2p56rea7sxc6""]","[""OFFICIAL_SHOP""]","[""id-11134258-7r98z-lykpu80ygbvs76""]",FSS+Promo_Xtra,id-11134258-8224z-mkvwcf6270g1ad,False,False,False,1748516145,48900,129000,48900,62,476043307925741,,,,,,10000.0,1000.0,4.9229464824745195,112647,"[171, 108, 690, 6291, 105387]",[],GLAD2GLOW,3138611,100630,"[100630, 100662, 100884]",25767,Makeup Remover,"[""5Cherry+1pore clear"", ""SAVE MORE-300ML-5PCS"", ""HOT COMBO-5PCS"", ""BIG SIZE-300ML-3PCS"", ""[Trial]Cherry-1PC"", ""300ML-2PCS"", ""NEW-Brightening-2pcs"", ""1PC-FS"", ""Top1 Club & Perks""]"
Shopee,,id,2026-07-03,809769142,glad2glow.indo,Glad2Glow Official Store,KAB. TANGERANG,41101567247,Glad2Glow Facial Wash All Series-Pembersih low pH lembut/niacinamide/brightening/ACNE/eksfoliasi/asam amino/wajah sabun cuci muka face wash skincare,https://shopee.co.id/product/809769142/41101567247,https://down-id.img.susercontent.com/file/id-11134207-822wk-mpx07onz1erm7d,"[""https://down-id.img.susercontent.com/file/id-11134207-822wk-mpx07onz1erm7d""]","[""OFFICIAL_SHOP""]","[""id-11134258-7r98z-lykpu80ygbvs76""]",Promo_Xtra,id-11134258-822wn-mlx9cgtbn85k12,False,False,False,1747740526,38900,99000,38900,61,476043307925741,,,,,,10000.0,1000.0,4.9021573604060915,78804,"[158, 79, 667, 5507, 72393]",[],GLAD2GLOW,3138611,100630,"[100630, 100664, 100891]",14296,Facial Cleanse,"[""[100g]-1pc Glow"", ""[save 26%]-Repair"", ""[save 26%]-100mlACNE"", ""[hot]-Gentle Glow"", ""[hot]-Gentle Repair"", ""[new]-Instant Glow"", ""Volcano"", ""Glycolic Acid"", ""Big Size-Repair"", ""Big Size-Acne care"", ""Anti-Jerawat 100ML"", ""Sensitive Skin"", ""Vita C Bright"", ""Matha Acne"", ""Moisturizing Cleansr"", ""Eksfoliasi"", ""Top1 Club & Perks""]"
Shopee,,id,2026-07-03,809769142,glad2glow.indo,Glad2Glow Official Store,KAB. TANGERANG,41500309150,Glad2Glow Pomegranate Niacinamide Power Bright Serum  Mencerahkan Wajah Pemutih Wajah  Serum Glowing  Serum And Essence Wajah  Bekas Jerawat g2glow official store,https://shopee.co.id/product/809769142/41500309150,https://down-id.img.susercontent.com/file/id-11134207-81zti-mq44fmkk3hn31f,"[""https://down-id.img.susercontent.com/file/id-11134207-81zti-mq44fmkk3hn31f"", ""https://down-id.img.susercontent.com/file/id-11134207-822wk-mpxjb86tyozybe"", ""https://down-id.img.susercontent.com/file/id-11134207-7ra0l-mdmjvucm5grz8d"", ""https://down-id.img.susercontent.com/file/id-11134207-7rbka-m9jxzupuizxa52"", ""https://down-id.img.susercontent.com/file/id-11134207-7rbk6-m9jxzupun7mmcb"", ""https://down-id.img.susercontent.com/file/id-11134207-7rbk6-m9jxzupult2656"", ""https://down-id.img.susercontent.com/file/id-11134207-7rbkb-ma2emwo5uvmafb""]","[""OFFICIAL_SHOP""]","[""id-11134258-7r98z-lykpu80ygbvs76""]",FSS+Promo_Xtra,id-11134258-8224z-mkvwcf6270g1ad,False,False,False,1746780038,39900,99000,39900,60,470649164558504,,,,,,10000.0,1000.0,4.923524481836057,62046,"[53, 30, 386, 3671, 57906]",[],GLAD2GLOW,3138611,100630,"[100630, 100664, 100896]",10790,GLOWING SERUM,"[""Buy6 Get1 Free"", ""[EXTRA 25% OFF]-6pcs"", ""1PC-Cerah"", ""Glowing-Buy 2 Get 1"", ""3PCS"", ""[EXTRA DISC 20%]5PCS"", ""2PCS-Cerah"", ""[70% off]4PCS"", ""[HOT]Set Glow 2PCS"", ""micellar water&serum"", ""[LIVE DEAL]-3pcs"", ""Top1 Club & Perks""]"
Shopee,,id,2026-07-03,809769142,glad2glow.indo,Glad2Glow Official Store,KAB. TANGERANG,51702755108,Glad2Glow Retinol/Niacinamide Bright Body Serum Body Lotion 10X Cerah Instant Absorb Whiten Tone Up All Day Bright Glow pemutih badan dengan parfum tahan lama Long Lasting Fragrance Body Cream Butter G2Glow Official Store,https://shopee.co.id/product/809769142/51702755108,https://down-id.img.susercontent.com/file/id-11134207-822wg-mpx07onz5mgy0d,"[""https://down-id.img.susercontent.com/file/id-11134207-822wg-mpx07onz5mgy0d""]","[""OFFICIAL_SHOP""]","[""id-11134258-7r98z-lykpu80ygbvs76""]",Promo_Xtra,id-11134258-822wn-mlx9cgtbn85k12,False,False,False,1765163957,73900,192000,73900,62,476043307925741,,,,,,10000.0,1000.0,4.918911111111111,45000,"[81, 47, 335, 2514, 42023]",[],GLAD2GLOW,3138611,100630,"[100630, 102002, 102007]",20902,BODY SERUM,"[""Day&Night Glow 2in1"", ""Buy6 Get7"", ""Buy3 Get1 Free"", ""1 PC - Night Glow"", ""5 PC - Night Glow"", ""1 PC - Day Glow"", ""5 PC - Day Glow"", ""3 PC - Night Glow"", ""3 PC - Day Glow"", ""[300ml]- Night Glow"", ""[300ml] -Day Glow"", ""Day&Night Glow 4pcs"", ""[SAVE 38.9k]-6IN1"", ""1PC"", ""3PC"", ""Tone up-3pcs"", ""Buy6 Get1 -tone up"", ""Buy6 Get1-glow"", ""Top1 Club & Perks""]"
Shopee,,id,2026-07-03,809769142,glad2glow.indo,Glad2Glow Official Store,KAB. TANGERANG,52351401583,[NEW! FREE EXCLUSIVE CHARM] Glad2Glow Perfect Cover Glow Cushion Charm- High Coverage&Glowing Tahan 12 Jam g2g Official Store,https://shopee.co.id/product/809769142/52351401583,https://down-id.img.susercontent.com/file/id-11134207-81ztc-mq2pzxsqdy4hce,"[""https://down-id.img.susercontent.com/file/id-11134207-81ztc-mq2pzxsqdy4hce""]","[""OFFICIAL_SHOP""]","[""id-11134258-7r98z-lykpu80ygbvs76""]",Promo_Xtra,id-11134258-822wn-mlx9cgtbn85k12,False,False,False,1763108864,61000,199000,61000,69,476043307925741,,,,,,10000.0,1000.0,4.896984303547151,48548,"[166, 93, 492, 3074, 44723]",[],GLAD2GLOW,3138611,100630,"[100630, 100662, 100881, 101628]",36244,Cushion,"[""BUY 2 GET 1-02"", ""BUY 2 GET 1-03"", ""[Free charm] - 00"", ""[Free charm] - 01"", ""[Free charm] - 02"", ""[Free charm] - 03"", ""[Free charm] - 04"", ""[Free charm] - 05"", ""2PCS-02-Praline"", ""2PCS-03-Custard"", ""00 Affogato"", ""01 Buttercream-HOT"", ""02 Praline-hot sale"", ""03 Custard-hot sale"", ""04 Ginger"", ""05 Cinnamon"", ""3pcs-Glow Set-02"", ""3pcs-Glow Set-03"", ""Base makeup 02"", ""Base makeup 03"", ""Disc 20%-Charm Set02"", ""Disc 20%-Charm Set03"", ""00 Affogato REFILL"", ""01Buttercream REFILL"", ""02 Praline REFILL"", ""03 Custard REFIL"", ""04 Ginger REFILL"", ""05 Cinnamon REFIL"", ""Disc 20%-01"", ""Disc 20%-02-Praline"", ""Disc 20%-03Custard"", ""[LIVE DEAL]-03"", ""[LIVE DEAL]-02"", ""out of stock2"", ""out of stock1"", ""Top1 Club & Perks""]"
Shopee,,id,2026-07-03,809769142,glad2glow.indo,Glad2Glow Official Store,KAB. TANGERANG,45151558561,GLAD2GLOW 2%Niacinamide Brightening Tone Up Cream Day Cream Cerah Instan Moisturizer wajah cream pemutih wajah  Night Cream base make up whitening cream skincare glowing BB cream Mencerahkan warna kulit halus g2glow official store,https://shopee.co.id/product/809769142/45151558561,https://down-id.img.susercontent.com/file/id-11134207-81zth-mq5yne1vmups44,"[""https://down-id.img.susercontent.com/file/id-11134207-81zth-mq5yne1vmups44""]","[""OFFICIAL_SHOP""]","[""id-11134258-7r98z-lykpu80ygbvs76""]",Promo_Xtra,id-11134258-822wn-mlx9cgtbn85k12,False,False,False,1763377649,37900,129000,37900,71,476407260266547,,,,,,10000.0,1000.0,4.906163686582352,41298,"[62, 25, 368, 2823, 38020]",[],GLAD2GLOW,3138611,100630,"[100630, 100664, 100893]",16408,day cream,"[""30ml"", ""[HOT]Buy5 Get1Free"", ""30ml-3pcs"", ""[EXTRA 25% OFF]-6pcs"", ""[HOT SALE]30ml-5pcs"", ""30ml-FS"", ""30ml-2pcs"", ""Tone Up Cream Set"", ""[LIVE DEAL]1pc"", ""Top1 Club & Perks""]"
Shopee,,id,2026-07-03,809769142,glad2glow.indo,Glad2Glow Official Store,KAB. TANGERANG,24577552378,Glad2Glow Perfect Blurring Powder Foundation waterproof setting two way cake TWC Mengandung squalane dan vitamin E concealer pengontrol minyak meratakan warna kulit bantalan udara yang menjaga kelembapan alas bedak krim BB concealer g2glow official store,https://shopee.co.id/product/809769142/24577552378,https://down-id.img.susercontent.com/file/id-11134207-822wn-mprlgkpo3r4005,"[""https://down-id.img.susercontent.com/file/id-11134207-822wn-mprlgkpo3r4005""]","[""OFFICIAL_SHOP""]","[""id-11134258-7r98z-lykpu80ygbvs76""]",FSS+Promo_Xtra,id-11134258-8224z-mkvwcf6270g1ad,False,False,False,1714476440,88900,149000,88900,40,476043307925741,,,,,,10000.0,1000.0,4.890012461901115,133211,"[368, 217, 1101, 10326, 121199]",[],GLAD2GLOW,3138611,100630,"[100630, 100662, 100881, 101630]",64978,colour code,"[""00 Affogato"", ""01 Buttercream"", ""02 Praline - Hot!"", ""03 Custard - Hot!"", ""04 Ginger"", ""05 Cinnamon"", ""Makeup Set 02"", ""Makeup Set 03"", ""Makeup Remover 02"", ""Makeup Remover 03"", ""02-Praline"", ""03-Custard"", ""[LIVE DEAL]-03"", ""02 Praline-2pcs"", ""03 Custard-2pcs"", ""BUY 2 GET 1-02"", ""BUY 2 GET 1-03"", ""BUY 4 GET 1-02"", ""BUY 4 GET 1-03"", ""Top1 Club & Perks""]"
Shopee,,id,2026-07-03,809769142,glad2glow.indo,Glad2Glow Official Store,KAB. TANGERANG,25614268730,[HOT SALE]Glad2Glow Micellar Water 300ml cleansing oil cleansing balm micellar centella salycilic acid remover pembersih double cleansing pembersih make up remove cleanface facial  Menghilangkan jerawat Penghapus riasan g2glow official store,https://shopee.co.id/product/809769142/25614268730,https://down-id.img.susercontent.com/file/id-11134207-7ra0g-mdlh1tqlz8p702,"[""https://down-id.img.susercontent.com/file/id-11134207-7ra0g-mdlh1tqlz8p702"", ""https://down-id.img.susercontent.com/file/id-11134207-822wg-mpx182w57ci6f7"", ""https://down-id.img.susercontent.com/file/id-11134207-822wh-mnl66lqp14w5db"", ""https://down-id.img.susercontent.com/file/id-11134207-7rbk6-majaz3opfeky54"", ""https://down-id.img.susercontent.com/file/id-11134207-7rbk9-maxkoov70dpn2b"", ""https://down-id.img.susercontent.com/file/id-11134207-7ra0h-mbp7n0hwsf9832"", ""https://down-id.img.susercontent.com/file/id-11134207-7ra0g-mbrfv0xnou8k8d"", ""https://down-id.img.susercontent.com/file/id-11134207-7ra0n-mbp7n0hwsfvb79"", ""https://down-id.img.susercontent.com/file/id-11134207-81ztp-mq5u9ilv80le4f""]","[""OFFICIAL_SHOP""]","[""id-11134258-7r98z-lykpu80ygbvs76""]",FSS+Promo_Xtra,id-11134258-8224z-mkvwcf6270g1ad,False,False,False,1708420091,48900,99000,48900,51,476043307925741,,,,,,10000.0,1000.0,4.880253089101871,278502,"[852, 729, 2597, 22558, 251766]",[],GLAD2GLOW,3138611,100630,"[100630, 100662, 100884]",109044,Makeup Remover,"[""1PC-All Skins"", ""300ml-Brightening"", ""Big Size 200ml-Oil"", ""Cleans Oil-100ml"", ""1PC-Cleansing Balm"", ""HOT-VC-230ml"", ""1PC-VC-300ml"", ""1PC-Pore Clear"", ""1PC-Calm"", ""1PC-Acne"", ""[50%OFF]2PCS-Acne"", ""[50%OFF]2PCS-Calm"", ""[55%OFF]3PC-All Skin"", ""3PC-Brightening"", ""1PC-All Skins-disc"", ""[LIVE DEAL]cherry"", ""[LIVE DEAL]bright"", ""Top1 Club & Perks""]"
Shopee,,id,2026-07-03,809769142,glad2glow.indo,Glad2Glow Official Store,KAB. TANGERANG,29954788720,Glad2Glow Peach Retinol Moisturizer Pelembab Anti Penuaan Penghalang Kulit Mencerahkan Flek Hitam Mengurangi kerutan mencerahkan warna kulit menghaluskan kulit mengecilkan membesar melembabkan g2glow official store,https://shopee.co.id/product/809769142/29954788720,https://down-id.img.susercontent.com/file/id-11134207-822wk-mpwzcifh0uma57,"[""https://down-id.img.susercontent.com/file/id-11134207-822wk-mpwzcifh0uma57""]","[""OFFICIAL_SHOP""]","[""id-11134258-7r98z-lykpu80ygbvs76""]",Promo_Xtra,id-11134258-822wn-mlx9cgtbn85k12,False,False,False,1720431282,81900,199000,81900,59,476043307925741,,,,,,10000.0,1000.0,4.877770966566155,241445,"[578, 418, 2174, 21596, 216679]",[],GLAD2GLOW,3138611,100630,"[100630, 100664, 100893]",88987,Anti-Aging,"[""[HOT]BUY 5 GET 1Free"", ""[EXTRA DISC 20%]5PCS"", ""[HOT]Flash Sale-1PC"", ""Krim 3PCS"", ""[HOT]BIG SIZE 100g"", ""Glowing&Smooth 3in1"", ""Set Anti-Aging 2PCS"", ""Set Kulit Halus 2PCS"", ""1PCS-Dis"", ""Krim 2PCS"", ""[LIVE DEAL]5pcs"", ""Top1 Club & Perks""]"
Shopee,,id,2026-07-03,809769142,glad2glow.indo,Glad2Glow Official Store,KAB. TANGERANG,26617444732,[Cocok Untuk Pemula]Glad2Glow Cerah Glowing Bundle all in 1 7in1-Brightening Moisturizer+Serum+Cleanser+toner+Peeling solution+Retinol 10%Niacinamide skincare paket pembersih perawatan kulit mencerahkan warna kulit g2glow official store,https://shopee.co.id/product/809769142/26617444732,https://down-id.img.susercontent.com/file/id-11134207-822wk-mpbzjx9knpc1a4,"[""https://down-id.img.susercontent.com/file/id-11134207-822wk-mpbzjx9knpc1a4""]","[""OFFICIAL_SHOP""]","[""id-11134258-7r98z-lykpu80ygbvs76""]",Promo_Xtra,id-11134258-822wn-mlx9cgtbn85k12,False,False,False,1731485205,184900,599000,184900,69,476043307925741,,,,,,10000.0,1000.0,4.875892349875256,323921,"[888, 622, 3412, 27959, 291040]",[],GLAD2GLOW,3138611,100630,"[100630, 100665]",123953,7in1 Glowing,"[""Bright Terlaris 9PCS"", ""Bright Lengkap 10PCS"", ""Favorit PDRN&RT 7PCS"", ""Favorit Cerah 7PCS"", ""Favorit Glow&RT 7PCS"", ""Premium Glow&RT 9PCS"", ""Hemat Glow&Fresh 8PS"", ""Klasik PDRN&RT 7PCS"", ""Favorit Flash 7PCS"", ""Klasik Renew 7PCS"", ""Hemat Glow&RT 8PCS"", ""Set Glow Harian 5PCS"", ""Top1 Club & Perks""]"
Shopee,,id,2026-07-03,809769142,glad2glow.indo,Glad2Glow Official Store,KAB. TANGERANG,57903895781,[Buy4 Disc40%]GLAD2GLOW 7% GLYCOLIC ACID ESSENCE TONER 3-in-1 Eksfoliasi toner badan toner wajah skin hydrating brightening Mencerahkan dan meratakan warna kulit g2glow official store,https://shopee.co.id/product/809769142/57903895781,https://down-id.img.susercontent.com/file/id-11134207-81zti-mq48fv16tedo68,"[""https://down-id.img.susercontent.com/file/id-11134207-81zti-mq48fv16tedo68""]","[""OFFICIAL_SHOP""]","[""id-11134258-7r98z-lykpu80ygbvs76""]",Promo_Xtra,id-11134258-822wn-mlx9cgtbn85k12,False,False,False,1766996592,37000,99000,37000,63,470649164558504,,,,,,10000.0,1000.0,4.934268833087149,4062,"[3, 1, 24, 204, 3830]","[""Any 2 at Rp71.000""]",GLAD2GLOW,3138611,100630,"[100630, 100664, 100892]",5043,Vita C Toner,"[""1 PC"", ""Top1 Club & Perks""]"
Shopee,,id,2026-07-03,809769142,glad2glow.indo,Glad2Glow Official Store,KAB. TANGERANG,29372960469,Glad2Glow Day & Night Renew Cerah Bundle 4-IN-1 Moisturizer+Serum Set Brightening 10%Niacinamide Peeling Eksfoliasi Retinol  tone up Pelembab Tubuh Kit Perawatan Kulit Hidrasi Delima Pelembab Wajah Pencerah g2glow official store,https://shopee.co.id/product/809769142/29372960469,https://down-id.img.susercontent.com/file/id-11134207-822wj-mpbvvf9ly6tp5e,"[""https://down-id.img.susercontent.com/file/id-11134207-822wj-mpbvvf9ly6tp5e""]","[""OFFICIAL_SHOP""]","[""id-11134258-7r98z-lykpu80ygbvs76""]",Promo_Xtra,id-11134258-822wn-mlx9cgtbn85k12,False,False,False,1736315715,74005,199000,74005,63,920815772681216,,,,,,10000.0,1000.0,4.893891427018761,158253,"[265, 155, 1178, 12911, 143744]",[],GLAD2GLOW,3138611,100630,"[100630, 100665]",31738,RENEW SET,"[""5PCS Glowing-pdrn"", ""HOT-Glowing 5PCS"", ""Glow & PDRN 4PCS"", ""Glowing 5PCS"", ""PDRN+Retinol 5PCS"", ""[EXTRA 25% OFF]5pcs"", ""Glow+Retinol Set"", ""5PCS Glowing Set1"", ""5PCS Glowing Set2"", ""5PCS Glowing Set3"", ""[60%0FF]4PCS Peeling"", ""2PCS Glowing"", ""Top1 Club & Perks""]"
Shopee,,id,2026-07-03,809769142,glad2glow.indo,Glad2Glow Official Store,KAB. TANGERANG,27810365257,Glad2Glow Toner Complete Series - Brighten/Acne Toner/Barrier/Exfoliating toner-Skincare centella wajah eksfoliasi hydrating glowing brightening glycolic water g2glow Official Store,https://shopee.co.id/product/809769142/27810365257,https://down-id.img.susercontent.com/file/id-11134207-822wt-mpx07onz00768c,"[""https://down-id.img.susercontent.com/file/id-11134207-822wt-mpx07onz00768c""]","[""OFFICIAL_SHOP""]","[""id-11134258-7r98z-lykpu80ygbvs76""]",FSS+Promo_Xtra,id-11134258-8224z-mkvwcf6270g1ad,False,False,False,1725588783,44900,109000,44900,59,476043307925741,,,,,,10000.0,1000.0,4.896599689311714,98491,"[240, 127, 763, 7317, 90044]",[],GLAD2GLOW,3138611,100630,"[100630, 100664, 100892]",21406,Toner,"[""1PC-Glowing"", ""[ New ]1PC-VITA C"", ""1PC-Acne"", ""Set Glowing 2PCS"", ""Cerah & Hidrasi 2in1"", ""1PC Glycolic Toner"", ""3PCS-Glowing"", ""Glowing Set 3in1"", ""1PC-Exfoliating"", ""1PC-Repair"", ""3PCS-VC Brighten"", ""[Save 8K]2PCS-Glow"", ""Set Anti-wrinkle 2PC"", ""Set Smooth Skin 2PCS"", ""3PCS-Repair"", ""3PCS-Acne Care"", ""3PCS-Exfoliating"", ""Glow&DeepClean2in1"", ""1PC-Glowing-FS"", ""Top1 Club & Perks"", ""[LIVE DEAL]3pcs Glow""]"
Shopee,,id,2026-07-03,809769142,glad2glow.indo,Glad2Glow Official Store,KAB. TANGERANG,43564342526,Glad2Glow Deep Pore Clean Facial Wash Pembersih Wajah Charcoa Volcanic Soil BHA Salicylic Acid Deep Cleansing Minyak Berlebih Kotoran jerawat Blackhead Exfoliate Gentle Foam Non Drying Non rritating Untuk Kuit Berminyak sabun cuci muka G2G Cleanser,https://shopee.co.id/product/809769142/43564342526,https://down-id.img.susercontent.com/file/id-11134207-822wr-moqm1f48tuki4c,"[""https://down-id.img.susercontent.com/file/id-11134207-822wr-moqm1f48tuki4c"", ""https://down-id.img.susercontent.com/file/id-11134207-822wg-moyw16t2x3ws60"", ""https://down-id.img.susercontent.com/file/id-11134207-8224w-mila4hgoyjnr42"", ""https://down-id.img.susercontent.com/file/id-11134207-8224y-mila4hgp1csnbb"", ""https://down-id.img.susercontent.com/file/id-11134207-8224z-mila4hgp45xjd3"", ""https://down-id.img.susercontent.com/file/id-11134207-8224z-mila4hgp5khz5d"", ""https://down-id.img.susercontent.com/file/id-11134207-82252-mila4hgozy8710""]","[""OFFICIAL_SHOP""]","[""id-11134258-7r98z-lykpu80ygbvs76""]",Promo_Xtra,id-11134258-822wn-mlx9cgtbn85k12,False,False,False,1755773598,38900,79000,38900,51,476043307925741,,,,,,10000.0,1000.0,4.902013422818792,35015,"[64, 30, 337, 2411, 32173]",[],GLAD2GLOW,3138611,100630,"[100630, 100664, 100891]",10525,CLEANSER,"[""[HOT SALE]Buy6 Get7"", ""Volcano cleanser 5PC"", ""Volcano cleanser 1PC"", ""Volcano cleanser 3PC"", ""Volcano 1PC-FS"", ""Volcano cleanser 2PC"", ""Top1 Club & Perks""]"
Shopee,,id,2026-07-03,809769142,glad2glow.indo,Glad2Glow Official Store,KAB. TANGERANG,28776573319,Glad2Glow Perfect Cover Cushion Oil-Control matte  Foundation Waterproof Sweatproof Finish Poreless Cushion Refill BB CC Cream Makeup refill g2glow official store,https://shopee.co.id/product/809769142/28776573319,https://down-id.img.susercontent.com/file/id-11134207-8224w-mj9r7betslc542,"[""https://down-id.img.susercontent.com/file/id-11134207-8224w-mj9r7betslc542"", ""https://down-id.img.susercontent.com/file/id-11134207-8224z-mkovrejqkv0ma4"", ""https://down-id.img.susercontent.com/file/id-11134207-7rbk3-m6drcayuhxg850"", ""https://down-id.img.susercontent.com/file/id-11134207-7rbk6-m6drcayunjq03e"", ""https://down-id.img.susercontent.com/file/id-11134207-7rbka-m6drcayuoyag05"", ""https://down-id.img.susercontent.com/file/id-11134207-7rbk0-m6drcayugivs9b"", ""https://down-id.img.susercontent.com/file/id-11134207-7rbkd-m6drcayukql4ea"", ""https://down-id.img.susercontent.com/file/id-11134207-7rbk1-m6drcayurrfc46""]","[""OFFICIAL_SHOP""]","[""id-11134258-7r98z-lykpu80ygbvs76""]",FSS+Promo_Xtra,id-11134258-8224z-mkvwcf6270g1ad,False,False,False,1739871912,73900,199000,73900,63,476407260266547,,,,,,10000.0,1000.0,4.892507260406583,25827,"[62, 50, 262, 1854, 23599]",[],GLAD2GLOW,3138611,100630,"[100630, 100662, 100881, 101628]",17355,Warna,"[""cushion+Refill 00"", ""cushion+Refill 01"", ""cushion+Refill 02"", ""cushion+Refill 03"", ""cushion+Refill 04"", ""cushion+Refill 05"", ""00 Affogato REFILL"", ""01Buttercream REFILL"", ""02 Praline REFILL"", ""03 Custard REFIL"", ""04 Ginger REFILL"", ""05 Cinnamon REFIL"", ""Top1 Club & Perks""]"
Shopee,,id,2026-07-03,809769142,glad2glow.indo,Glad2Glow Official Store,KAB. TANGERANG,44350293738,[Hemat 8PCS]Glad2Glow Moisturizer Series Mencerahkan Pencerah Wajah Anti Jerawat Penuaan Hilangkan Flek Tenangkan Kulit Niacinamide 377 Retinol Centella Skincare Pelembab Esensi Perawatan Kulit Pelembab Pembersih day cream tone up g2glow official store,https://shopee.co.id/product/809769142/44350293738,https://down-id.img.susercontent.com/file/id-11134207-822wr-mpwzcifh7vgicb,"[""https://down-id.img.susercontent.com/file/id-11134207-822wr-mpwzcifh7vgicb""]","[""OFFICIAL_SHOP""]","[""id-11134258-7r98z-lykpu80ygbvs76""]",FSS+Promo_Xtra,id-11134258-8224z-mkvwcf6270g1ad,False,False,False,1746779146,173400,599000,173400,71,476043307925741,,,,,,10000.0,1000.0,4.925647200481637,10048,"[39, 3, 32, 520, 9454]",[],GLAD2GLOW,3138611,100630,"[100630, 100664, 100893]",2119,30ml,"[""PDRN Moisturizer9"", ""Cerah Buy8 Get1Free"", ""Anti-kerut-8+1"", ""Ceramide8+1"", ""Acne Moisturize 8+1"", ""B5 Gel 8+1"", ""B5 Cream 8+1"", ""Double Bright Cream9"", ""Brightening  Cream 9"", ""Dark Spot 8+1"", ""Tenang 30g-8+1"", ""PDRN-Buy5 Get 1Free"", ""Cerah Buy5 Get 1Free"", ""Anti-kerut-B5G1free"", ""Double Bright-4+1"", ""Ceramide-Buy5 Get 1"", ""ToneUpBuy5 Get 1Free"", ""Tenang 30g-5+1"", ""Dark Spot 5+1"", ""B5 Cream 5+1"", ""B5 Gel 5+1"", ""Acne Moisturize 5+1"", ""ToneUp5pcs"", ""Cerah 30g-5PCS"", ""Dark Spot-5PCS"", ""B5 Gel-5PCS"", ""Repair Matahari-5PCS"", ""Anti-kerut-5PCS"", ""B5 Cream-5PCS"", ""Anti Jerawat-5PCS"", ""PDRN-30g-5PCS"", ""Tenang 55g-5PCS"", ""Sejukkan-5PCS"", ""Cerah 100g-3PCS"", ""Tenang 100g-3PCS"", ""[livedeal] glow 5pcs"", ""[live] retinol 5pcs"", ""Top1 Club & Perks""]"
Shopee,,id,2026-07-03,809769142,glad2glow.indo,Glad2Glow Official Store,KAB. TANGERANG,19793942236,Glad2Glow Cerah Glowing Bundle 4in1-Brightening Moisturizer+Serum+Cleanser+toner+Peeling solution+Retinol 10%Niacinamide skincare paket pembersih perawatan kulit mencerahkan warna kulit pelembab wajah g2glow official store,https://shopee.co.id/product/809769142/19793942236,https://down-id.img.susercontent.com/file/id-11134207-822wi-mp8rz9f0ml1e80,"[""https://down-id.img.susercontent.com/file/id-11134207-822wi-mp8rz9f0ml1e80""]","[""OFFICIAL_SHOP""]","[""id-11134258-7r98z-lykpu80ygbvs76""]",FSS+Promo_Xtra,id-11134258-8224z-mkvwcf6270g1ad,False,False,False,1696760965,100000,299000,100000,67,476043307925741,,,,,,10000.0,1000.0,4.858354050643433,132337,"[297, 300, 1444, 13769, 116527]",[],GLAD2GLOW,3138611,100630,"[100630, 100665]",50359,Set,"[""[HOT]4PCS Glowing"", ""SET CERAH 5 PCS-pdrn"", ""5PCS Glowing-pdrn"", ""Glowing 5PCS-pdrn"", ""[EXTRA 25% OFF]5PCS"", ""4PCS Instant Glowing"", ""5PCS Body Glowing"", ""[HOT]Cleanser 3PCS"", ""[HOT]Glow-3PCS"", ""3PCS Toner Set"", ""[LIVE DEAL]4PCSFlash"", ""[LIVE DEAL]5PCS Glow"", ""[LIVE DEAL]5PCS-PDRN"", ""Top1 Club & Perks""]"
Shopee,,id,2026-07-03,809769142,glad2glow.indo,Glad2Glow Official Store,KAB. TANGERANG,48059253956,[NEW LAUNCH! ]Glad2Glow Lip Balm GLOWY TINT LIP BALM Melembapkan & Menghaluskan - Tekstur Ringan Tidak Lengket - 24H Color Lock - G2G Glad2glow official store,https://shopee.co.id/product/809769142/48059253956,https://down-id.img.susercontent.com/file/id-11134207-81zto-mq2p56re603l34,"[""https://down-id.img.susercontent.com/file/id-11134207-81zto-mq2p56re603l34""]","[""OFFICIAL_SHOP""]","[""id-11134258-7r98z-lykpu80ygbvs76""]",FSS+Promo_Xtra,id-11134258-8224z-mkvwcf6270g1ad,False,False,False,1776766634,79000,179000,79000,56,476043307925741,,,,,,10000.0,1000.0,4.9378763866877975,3155,"[2, 1, 22, 141, 2989]",[],GLAD2GLOW,3138611,100630,"[100630, 100664, 100900, 101673]",6912,LIP SERUM,"[""BestValue&All in Set"", ""All in set!"", ""02 Cherry Fizz"", ""03 Red Velvet Latte"", ""04 Rose Milk Tea"", ""Duo set 02*2pcs"", ""Duo set 02+03"", ""Duo set 02+04"", ""[Gift!]All in 6pcs"", ""[Gift!]all in&02*3"", ""All in 10pcs"", ""All in&care set!"", ""HOT Day&Night-6pcs"", ""Top1 Club & Perks""]"
Shopee,,id,2026-07-03,809769142,glad2glow.indo,Glad2Glow Official Store,KAB. TANGERANG,27383676128,"[Ukuran Besar, Lebih Hemat]Glad2Glow Madagascar Centella Light Cleansing Oil 200ml - micellar water pembersih wajah Penghapus riasan - lembut tanpa iritasi Menghapus riasan tahan air dengan cepat dan menyegarkan muka wajah g2glow official store",https://shopee.co.id/product/809769142/27383676128,https://down-id.img.susercontent.com/file/id-11134207-822wg-mp6nph3r6rkbb1,"[""https://down-id.img.susercontent.com/file/id-11134207-822wg-mp6nph3r6rkbb1""]","[""OFFICIAL_SHOP""]","[""id-11134258-7r98z-lykpu80ygbvs76""]",FSS+Promo_Xtra,id-11134258-8224z-mkvwcf6270g1ad,False,False,False,1744796728,58900,199000,58900,70,476043307925741,,,,,,10000.0,1000.0,4.906675578577993,47876,"[87, 41, 370, 3257, 44121]",[],GLAD2GLOW,3138611,100630,"[100630, 100662, 100884]",25219,Makeup Remover,"[""Clean Oil-200ml"", ""[CUMA75K/PC!]200ml*2"", ""1PC-Clean Oil-100ml"", ""Clean Oil -100ml*2"", ""[LIVE DEAL]-100ml"", ""Clean Oil -100ml-FS""]"
Shopee,,id,2026-07-03,809769142,glad2glow.indo,Glad2Glow Official Store,KAB. TANGERANG,25090328302,Glad2Glow Acne Jerawat Bundle 7in1 paket Centella madeca cream-Moisturizer+Serum+Cleanser+Toner+Clay Stick+Gel Skincare  Mask Menghilangkan Menenangkan kemerahan pada kulit Atur Minyak BerlebihMerawat g2glow official store,https://shopee.co.id/product/809769142/25090328302,https://down-id.img.susercontent.com/file/id-11134207-81ztl-mq2pbivfrwgee2,"[""https://down-id.img.susercontent.com/file/id-11134207-81ztl-mq2pbivfrwgee2""]","[""OFFICIAL_SHOP""]","[""id-11134258-7r98z-lykpu80ygbvs76""]",FSS+Promo_Xtra,id-11134258-8224z-mkvwcf6270g1ad,False,False,False,1736476535,161500,599000,161500,73,932516454842368,,,,,,10000.0,1000.0,4.882651578866886,65395,"[161, 82, 754, 5276, 59122]",[],GLAD2GLOW,3138611,100630,"[100630, 100665]",17127,ACNE ALL IN 1,"[""[HOT]7PCS Acne&Mask"", ""7PCS-Acne"", ""5PCS-Acne(30g gel)"", ""HOT7PCS Acne&Peeling"", ""10PS Acne&Body serum"", ""10PCS Acne&Pads"", ""10PCS Acne  Skincare"", ""6PCS Acne&Mask"", ""[NEW]7PCS Acne&Clam"", ""9PCS Acne&Body serum"", ""8PCS Acne&Mask"", ""Peeling Acne 7in1"", ""Top1 Club & Perks""]"
Shopee,,id,2026-07-03,809769142,glad2glow.indo,Glad2Glow Official Store,KAB. TANGERANG,40027368442,Glad2Glow Cerah Glowing Outing Bundle all in 1 7in1-Brightening Moisturizer+Serum+Cleanser+toner+Peeling solution+Retinol 10%Niacinamide skincare paket pembersih perawatan kulit mencerahkan warna kulit g2glow official store,https://shopee.co.id/product/809769142/40027368442,https://down-id.img.susercontent.com/file/id-11134207-81zti-mq2pbivfyxamcb,"[""https://down-id.img.susercontent.com/file/id-11134207-81zti-mq2pbivfyxamcb""]","[""OFFICIAL_SHOP""]","[""id-11134258-7r98z-lykpu80ygbvs76""]",FSS+Promo_Xtra,id-11134258-8224z-mkvwcf6270g1ad,False,False,False,1766138706,229805,799000,229805,71,931791142240256,,,,,,10000.0,1000.0,4.9032614149523335,9965,"[30, 15, 83, 633, 9204]",[],GLAD2GLOW,3138611,100630,"[100630, 100665]",5560,Outing set,"[""[HOT]Glow 9PCS"", ""[HOT]Instant Glow"", ""[HOT]Day&Night 9in1"", ""All in1 Glow"", ""[NEW]All in1 Glow"", ""[NEW]Glow-PDRN9PCS"", ""[Extra Dis 25%] 9PCS"", ""[NEW]All in1 Glow-02"", ""[NEW]Outing 7PCS"", ""[NEW]Outing 7PCS-02"", ""[HOT]Outing 7PCS"", ""Whole Glow 7PCS"", ""[LIVE DEAL]FlashGlow"", ""[LIVE DEAL]Out 7PCS"", ""Top1 Club & Perks""]"
Shopee,,id,2026-07-03,809769142,glad2glow.indo,Glad2Glow Official Store,KAB. TANGERANG,24742813269,[Hemat 60%]Glad2Glow Facial Wash all Series-Low PH Gel Centella Mencerahkan Pencerah Wajah Anti Jerawat Penuaan Hilangkan Flek & Tenangkan face wash Pembersih Wajah Membersihkan kotoran dan minyak Menjaga pelindung kulit Mengobati Cleanser,https://shopee.co.id/product/809769142/24742813269,https://down-id.img.susercontent.com/file/id-11134207-822wh-mpt8qsbfsgzva7,"[""https://down-id.img.susercontent.com/file/id-11134207-822wh-mpt8qsbfsgzva7"", ""https://down-id.img.susercontent.com/file/id-11134207-822wj-mp67jv14cwlda5"", ""https://down-id.img.susercontent.com/file/id-11134207-822ws-mnkvw7xne13725"", ""https://down-id.img.susercontent.com/file/id-11134207-7rbk8-may2n7dffl2w29"", ""https://down-id.img.susercontent.com/file/id-11134207-8224s-mi9ofznuss8yf6"", ""https://down-id.img.susercontent.com/file/id-11134207-82250-mipbdjjbn4zk85"", ""https://down-id.img.susercontent.com/file/id-11134207-8224u-miay7f0sf2td39"", ""https://down-id.img.susercontent.com/file/id-11134207-8224p-mi58kdx7vt3ac6"", ""https://down-id.img.susercontent.com/file/id-11134207-822wr-mmhe60cvy5mrb8""]","[""OFFICIAL_SHOP""]","[""id-11134258-7r98z-lykpu80ygbvs76""]",Promo_Xtra,id-11134258-822wn-mlx9cgtbn85k12,False,False,False,1742284896,173400,399000,173400,57,476043307925741,,,,,,10000.0,1000.0,4.925712791001831,7704,"[37, 7, 42, 319, 7299]",[],GLAD2GLOW,3138611,100630,"[100630, 100664, 100891]",2140,cleanser,"[""Buy9 get 1Free-Glow"", ""Buy9 get 1Free-Gel"", ""Buy9 get 1Free-Acne"", ""Buy9 get 1Free-Pore"", ""Buy9 get 1Free -1"", ""Buy8 get 1Free-Milk"", ""Buy8 get1 free -2"", ""Buy9 get 1Free-Cerah"", ""[Buy6 get 1]-glow70g"", ""[Buy6 Get1]-Gel"", ""[Buy6 Get1]-ACNE"", ""[Buy6 Get1]-Pore"", ""[BUY5 GET1]-milk"", ""[Buy6 Get1]-Cerah"", ""5PCS-Glow"", ""7PCS Gentle repair"", ""7PCS Anti-Jerawat"", ""7PCS Gentle Glow"", ""Buy9 get 1Free-Lowph"", ""Buy9 get 1Free-Exfo."", ""Buy9 get 1Fre-Matcha"", ""Buy9 get 1Free-Calm"", ""Buy9 get 1Free-VC"", ""[Buy6 Get1]-Low ph"", ""[Buy6 Get1]-Calm"", ""[Buy6 Get1]-Exfo."", ""[Buy6 Get1]-Matcha"", ""[Buy6 Get1]-VC"", ""Top1 Club & Perks""]"
Shopee,,id,2026-07-03,809769142,glad2glow.indo,Glad2Glow Official Store,KAB. TANGERANG,42951674418,Glad2Glow Double Bright Tone up Cream Day Cream Cerah Instan Niacinamide Moisturizer brightening wajah pemutih  Night Cream whitening skincare glowing Mencerahkan warna halus glad2glow official store,https://shopee.co.id/product/809769142/42951674418,https://down-id.img.susercontent.com/file/id-11134207-822wq-mpwzcifh52bme5,"[""https://down-id.img.susercontent.com/file/id-11134207-822wq-mpwzcifh52bme5""]","[""OFFICIAL_SHOP""]","[""id-11134258-7r98z-lykpu80ygbvs76""]",FSS+Promo_Xtra,id-11134258-8224z-mkvwcf6270g1ad,False,False,False,1747824556,75000,180000,75000,58,476043307925741,,,,,,10000.0,1000.0,4.903546080953551,77358,"[108, 65, 600, 5634, 70951]",[],GLAD2GLOW,3138611,100630,"[100630, 100664, 100893]",28149,Bright Cream,"[""[HOT]Buy4 Get1Free"", ""[EXTRA DISC 20%]4PCS"", ""1PC-Bright Cream"", ""1PC-DISC"", ""2PCS-Bright Cream"", ""Set Cerah 2PCS"", ""Set Double Cerah 2PC"", ""Top1 Club & Perks"", ""[LIVE DEAL]4pcs""]"
Shopee,,id,2026-07-03,809769142,glad2glow.indo,Glad2Glow Official Store,KAB. TANGERANG,28927852106,Glad2Glow Perfect cover cushion  Setting  dengan kandungan skincare mencegah kekusaman dan kulit kering sepanjang hari G2G Concealer Foundation Wajah Extract Mencerahkan Lasting refill Compact g2glow official store,https://shopee.co.id/product/809769142/28927852106,https://down-id.img.susercontent.com/file/id-11134207-7ra0u-mdb74ncyre3b2e,"[""https://down-id.img.susercontent.com/file/id-11134207-7ra0u-mdb74ncyre3b2e"", ""https://down-id.img.susercontent.com/file/id-11134207-8224z-mkovrejqkv0ma4"", ""https://down-id.img.susercontent.com/file/id-11134207-7rbkd-m6rxool55j7029"", ""https://down-id.img.susercontent.com/file/id-11134207-7rbkb-m6rxool5kzd50a"", ""https://down-id.img.susercontent.com/file/id-11134207-7rbkc-m6rxool55j8t14"", ""https://down-id.img.susercontent.com/file/id-11134207-7rbk0-m6rxool5kzlg42"", ""https://down-id.img.susercontent.com/file/id-11134207-7rbk5-m6rxool55jck7c"", ""https://down-id.img.susercontent.com/file/id-11134207-7rbk3-m6rxool5kzfw26""]","[""OFFICIAL_SHOP""]","[""id-11134258-7r98z-lykpu80ygbvs76""]",Promo_Xtra,id-11134258-822wn-mlx9cgtbn85k12,False,False,False,1740725112,78000,199000,78000,61,476043307925741,,,,,,10000.0,1000.0,4.908759483692974,30450,"[61, 29, 231, 1985, 28144]",[],GLAD2GLOW,3138611,100630,"[100630, 100662, 100881, 101628]",11027,Warna,"[""Save More-00REFILLx2"", ""Save More-01REFILLx2"", ""Save More-02REFILLx2"", ""Save More-03REFILLx2"", ""Save More-04REFILLx2"", ""Save More-05REFILLx2"", ""00 Affogato REFILL"", ""01Buttercream REFILL"", ""02 Praline REFILL"", ""03 Custard REFIL"", ""04 Ginger REFILL"", ""05 Cinnamon REFIL""]"
Shopee,,id,2026-07-03,809769142,glad2glow.indo,Glad2Glow Official Store,KAB. TANGERANG,56102197568,[NEW]Glad2glow Perfect Vita C Bright Glow Cleanser Vita C Cleanser 3in1 Brightening facial wash skincare face wash g2g,https://shopee.co.id/product/809769142/56102197568,https://down-id.img.susercontent.com/file/id-11134207-822wr-mmhejf2zxs7916,"[""https://down-id.img.susercontent.com/file/id-11134207-822wr-mmhejf2zxs7916"", ""https://down-id.img.susercontent.com/file/id-11134207-822wg-moyw16t2x3ws60"", ""https://down-id.img.susercontent.com/file/id-11134207-82252-mhjzhfi1aqys6f"", ""https://down-id.img.susercontent.com/file/sg-11134201-824i7-mpmix1t10ob397"", ""https://down-id.img.susercontent.com/file/id-11134207-8224u-mhjzhfhvwwlib2"", ""https://down-id.img.susercontent.com/file/id-11134207-8224w-mhjzhfk5tam844"", ""https://down-id.img.susercontent.com/file/id-11134207-822wr-moyw16t3dypsaa"", ""https://down-id.img.susercontent.com/file/id-11134207-8224o-mhjzhfk5rw1sed""]","[""OFFICIAL_SHOP""]","[""id-11134258-7r98z-lykpu80ygbvs76""]",Promo_Xtra,id-11134258-822wn-mlx9cgtbn85k12,False,False,False,1764216302,30900,99000,30900,69,476407260266547,,,,,,10000.0,1000.0,4.918450560652396,4905,"[13, 4, 31, 274, 4583]","[""Add-on Deal""]",Glad2Glow Official Store,3990929,100630,"[100630, 100664, 100891]",1505,Cleanser,"[""1PC VITA C Cleanser"", ""2PCS Vita C Cleanser"", ""3PCS Vita C Cleanser"", ""5PCS Vita C Cleanser"", ""Set  VITA C 4PCS"", ""Set  VITA C 3PCS""]"
Shopee,,id,2026-07-03,809769142,glad2glow.indo,Glad2Glow Official Store,KAB. TANGERANG,40872286136,[OUTING SET]Glad2Glow  Niacinamide Tone Up Cream 4in1  cerah Moisturizer  day &Night Cream whitening cream skincare glowing g2glow official store,https://shopee.co.id/product/809769142/40872286136,https://down-id.img.susercontent.com/file/id-11134207-81ztf-mq2pbivfw45q42,"[""https://down-id.img.susercontent.com/file/id-11134207-81ztf-mq2pbivfw45q42""]","[""OFFICIAL_SHOP""]","[""id-11134258-7r98z-lykpu80ygbvs76""]",FSS+Promo_Xtra,id-11134258-8224z-mkvwcf6270g1ad,False,False,False,1759147032,130055,249000,130055,48,931791142240256,,,,,,10000.0,1000.0,4.913457040386715,19239,"[25, 13, 139, 1248, 17814]",[],GLAD2GLOW,3138611,100630,"[100630, 100665]",5367,SET,"[""[NEW]5PCS Outing Set"", ""[HOT]4PCS Outing Set"", ""[NEW]Tone Up 5PCS"", ""5PCS Instant Glowing"", ""Instant Glowing 5PCS"", ""5PCS Instant Glow03"", ""5PCS GLOWING SET-03"", ""5PCS GLOWING SET"", ""HOT-4PCS Tone Up Set"", ""4PCS Instant Glowing"", ""3PCS Outing Set"", ""4PCS GLOWING SET-01"", ""Top1 Club & Perks""]"
Shopee,,id,2026-07-03,809769142,glad2glow.indo,Glad2Glow Official Store,KAB. TANGERANG,44855098355,[Full Range Base Makeup G2G]Glad2Glow Perfect Cover Glow Cushion | Perfect Cover Cushion  | FlawLess Blurring Skin Tint | 2in1 Perfect Pair Cushion Powder |  Perfect Blurring Powder | Foundation,https://shopee.co.id/product/809769142/44855098355,https://down-id.img.susercontent.com/file/id-11134207-8224y-mjrupqkt9zbbd8,"[""https://down-id.img.susercontent.com/file/id-11134207-8224y-mjrupqkt9zbbd8"", ""https://down-id.img.susercontent.com/file/id-11134207-82251-ml4wm4olnevh14"", ""https://down-id.img.susercontent.com/file/id-11134207-82252-mjrupqkth05jf3"", ""https://down-id.img.susercontent.com/file/id-11134207-8224u-mjrupqkte70nef"", ""https://down-id.img.susercontent.com/file/id-11134207-8224x-mjs7sbjlnsao3b"", ""https://down-id.img.susercontent.com/file/id-11134207-8224p-mj7vvf79wjk38c"", ""https://down-id.img.susercontent.com/file/id-11134207-8224t-mjs7sbjpww7695"", ""https://down-id.img.susercontent.com/file/id-11134207-82252-mjrupqktbdvr94""]","[""OFFICIAL_SHOP""]","[""id-11134258-7r98z-lykpu80ygbvs76""]",FSS+Promo_Xtra,id-11134258-8224z-mkvwcf6270g1ad,False,False,False,1769074293,100000,159000,100000,37,476043307925741,,,,,,10000.0,1000.0,4.928722355261304,7099,"[8, 4, 47, 368, 6672]",[],GLAD2GLOW,3138611,100630,"[100630, 100662, 100881, 101628]",5122,Cushion,"[""Flawless Skintint15g"", ""Cover Cushion"", ""Glow Cusion"", ""Flawless Skintint30g"", ""2in1 Cushion"", ""Blurring Powder"", ""Loose Powder"", ""Top1 Club & Perks""]"
Shopee,,id,2026-07-03,809769142,glad2glow.indo,Glad2Glow Official Store,KAB. TANGERANG,29028423239,Glad2Glow Symwhite 377 Dark Spot Bundle 7PCS-Yuja Skincare Cerah 377 Moisturizer+Dark Spot Serum+Cleanser+Brightening Moisturizer+ Peeling Serum+Toner+Clay Stick Meringankan flek hitam mencerahkan g2glow official store,https://shopee.co.id/product/809769142/29028423239,https://down-id.img.susercontent.com/file/id-11134207-81zte-mq2pbivfuplae5,"[""https://down-id.img.susercontent.com/file/id-11134207-81zte-mq2pbivfuplae5""]","[""OFFICIAL_SHOP""]","[""id-11134258-7r98z-lykpu80ygbvs76""]",Promo_Xtra,id-11134258-822wn-mlx9cgtbn85k12,False,False,False,1741157668,75905,299000,75905,75,931791142240256,,,,,,10000.0,1000.0,4.8951086566735995,27886,"[45, 41, 252, 2118, 25430]",[],GLAD2GLOW,3138611,100630,"[100630, 100665]",6449,Dark Spot Set,"[""7PCS Set Anti Flek"", ""2PCS-Dark Spot Hot"", ""7PCS Anti Flek AM PM"", ""[NEW]Spot Light 4in1"", ""3PCS Set Anti Flek"", ""4PCS-Dark Spot &Glow"", ""5PCS Set Anti Flek"", ""3PCS Deep Clean Flek"", ""[LIVE DEAL]7PCS""]"
Shopee,,id,2026-07-03,809769142,glad2glow.indo,Glad2Glow Official Store,KAB. TANGERANG,40507001358,[Paket 5PCS]Glad2Glow Micellar Water 300ml cleansing oil cleansing balm micellar centella salycilic acid remover pembersih double cleansing pembersih make up make up remove cleanface facial wash Menghilangkan jerawat Penghapus riasan g2glow official store,https://shopee.co.id/product/809769142/40507001358,https://down-id.img.susercontent.com/file/id-11134207-822ws-mpwzx5pbn6kr2e,"[""https://down-id.img.susercontent.com/file/id-11134207-822ws-mpwzx5pbn6kr2e"", ""https://down-id.img.susercontent.com/file/id-11134207-822ws-mpx182w534su29"", ""https://down-id.img.susercontent.com/file/id-11134207-822wt-mpusgx06fq4hab"", ""https://down-id.img.susercontent.com/file/id-11134207-7rbk9-maxkoov70dpn2b"", ""https://down-id.img.susercontent.com/file/id-11134207-822wn-mpusgx06h4ox60"", ""https://down-id.img.susercontent.com/file/id-11134207-822wu-mozd4tanipduf5"", ""https://down-id.img.susercontent.com/file/id-11134207-822wm-mohwpoemspvy97"", ""https://down-id.img.susercontent.com/file/id-11134207-822wu-mpusgx00p8nf89"", ""https://down-id.img.susercontent.com/file/id-11134207-81ztp-mq5u9ilv2ebmdf""]","[""OFFICIAL_SHOP""]","[""id-11134258-7r98z-lykpu80ygbvs76""]",Promo_Xtra,id-11134258-822wn-mlx9cgtbn85k12,False,False,False,1751438721,150000,599000,150000,75,476043307925741,,,,,,10000.0,1000.0,4.926446280991735,3637,"[15, 6, 21, 147, 3448]",[],GLAD2GLOW,3138611,100630,"[100630, 100662, 100884]",1454,Makeup Remover,"[""8PCS+Free-Skintint02"", ""5PCS+Free-Skintint02"", ""5PCS-Bright+Free-02"", ""8Cherry+1pore clear"", ""8Brightening+1clear"", ""5Cherry+1clear"", ""5Brightening+1clear"", ""5Clean oil+1clear"", ""4Cherry+1Brightening"", ""Cherry-5PCS"", ""Cherry-230ml-5PCS"", ""Brightening-5PCS"", ""VC-5PCS"", ""Pore Clearing-5PCS"", ""Acne Care-5PCS"", ""Calm-5PCS"", ""[LIVE DEAL]bright"", ""Top1 Club & Perks""]"
Shopee,,id,2026-07-03,809769142,glad2glow.indo,Glad2Glow Official Store,KAB. TANGERANG,25564103539,Glad2Glow Peach Retinol Serum aging serum  Anti-kerut Pulihkan  glowing serum pelembab exfoliasi wajah Membantu mencegah glad2glow official store,https://shopee.co.id/product/809769142/25564103539,https://down-id.img.susercontent.com/file/id-11134207-822wl-mpsphe9ek3cwd8,"[""https://down-id.img.susercontent.com/file/id-11134207-822wl-mpsphe9ek3cwd8""]","[""OFFICIAL_SHOP""]","[""id-11134258-7r98z-lykpu80ygbvs76""]",FSS+Promo_Xtra,id-11134258-8224z-mkvwcf6270g1ad,False,False,False,1708344642,79900,199000,79900,60,931791142240256,,,,,,10000.0,1000.0,4.8900892752458,59703,"[140, 109, 434, 4807, 54213]",[],GLAD2GLOW,3138611,100630,"[100630, 100664, 100896]",27111,Retinol Serum,"[""[HOT SALE]Buy6 Get7"", ""[EXTRA 25% OFF]-6pcs"", ""Hot Sale 1PC"", ""Retinol Serum 3PCS"", ""[EXTRA DISC 20%]5PCS"", ""Flash Sale 1PC"", ""Retinol Serum 2PCS"", ""Anti-Aging 2PCS"", ""Day and Night Renew"", ""Kulit Halus 2PCS"", ""Set Dark Spot 2PCS""]"
Shopee,,id,2026-07-03,809769142,glad2glow.indo,Glad2Glow Official Store,KAB. TANGERANG,29270135197,[2PCS SAVE MORE]GLAD2GLOW Mugwort Salicylic Acid Acne Clear Micellar Water 300ml For Acne-Prone Skin Dan Oil-Control Hydrating Jerawat Control Membersihkan Makeup Waterproof g2glow official store,https://shopee.co.id/product/809769142/29270135197,https://down-id.img.susercontent.com/file/id-11134207-82251-mio2zz4142rs54,"[""https://down-id.img.susercontent.com/file/id-11134207-82251-mio2zz4142rs54"", ""https://down-id.img.susercontent.com/file/id-11134207-8224o-mjz1r2qtmubmb7"", ""https://down-id.img.susercontent.com/file/id-11134207-7ra0s-mb6ghkhu6of26d"", ""https://down-id.img.susercontent.com/file/id-11134207-81ztf-mq5u9ils6gaz6f"", ""https://down-id.img.susercontent.com/file/id-11134207-7rasc-m3kb8u17pf4q73"", ""https://down-id.img.susercontent.com/file/id-11134207-7rasa-m3kb8u17v1ei01"", ""https://down-id.img.susercontent.com/file/id-11134207-7rasj-m3kb8u17qtp63f"", ""https://down-id.img.susercontent.com/file/id-11134207-7rbk9-m8bx527k3m0o83""]","[""OFFICIAL_SHOP""]","[""id-11134258-7r98z-lykpu80ygbvs76""]",Promo_Xtra,id-11134258-822wn-mlx9cgtbn85k12,False,False,False,1733726084,48900,109000,48900,55,476043307925741,,,,,,10000.0,1000.0,4.898253076105119,32915,"[101, 33, 335, 2176, 30270]",[],GLAD2GLOW,3138611,100630,"[100630, 100662, 100884]",7657,Micellar Water,"[""[50%OFF]2PCS-Acne"", ""1PC-Acne"", ""3PCS-Acne""]"
Shopee,,id,2026-07-03,809769142,glad2glow.indo,Glad2Glow Official Store,KAB. TANGERANG,54953271920,"[Beli 6, 31K/PC]GLAD2GLOW NIACINAMIDE/RETINOL BRIGHT BODY SERUM BODY LOTION 10X Cerah Instant Absorb Whiten Tone Up All Day Bright Glow pemutih badan dengan parfum tahan lama Long Lasting Fragrance Handbody Body Cream Butter G2Glow Official Store",https://shopee.co.id/product/809769142/54953271920,https://down-id.img.susercontent.com/file/id-11134207-822wo-mprjwiessjy823,"[""https://down-id.img.susercontent.com/file/id-11134207-822wo-mprjwiessjy823"", ""https://down-id.img.susercontent.com/file/id-11134207-82251-mifo34bksnwo6d"", ""https://down-id.img.susercontent.com/file/id-11134207-8224u-mifo34bku2h4f9"", ""https://down-id.img.susercontent.com/file/id-11134207-8224s-mifo34bkvh1k25"", ""https://down-id.img.susercontent.com/file/id-11134207-8224v-mifo34bkwvm07b"", ""https://down-id.img.susercontent.com/file/id-11134207-8224x-mifo34bkzoqwd9"", ""https://down-id.img.susercontent.com/file/id-11134207-8224o-mifo34bkya6ge3"", ""https://down-id.img.susercontent.com/file/id-11134207-822wm-mphbb5fgh898fe""]","[""OFFICIAL_SHOP""]","[""id-11134258-7r98z-lykpu80ygbvs76""]",FSS+Promo_Xtra,id-11134258-8224z-mkvwcf6270g1ad,False,False,False,1766045336,106400,269000,106400,60,476043307925741,,,,,,9000.0,1000.0,4.93569844789357,2255,"[5, 4, 9, 95, 2142]","[""Add-on Deal""]",GLAD2GLOW,3138611,100630,"[100630, 102002, 102007]",903,BODY SERUM,"[""[SAVE 38.9k]6in1"", ""[SAVE 110k]9in1"", ""5PC - Night Glow"", ""5PC - Day Glow"", ""3PC - Night Glow"", ""3PC - Day Glow"", ""buy8 get 9"", ""Buy6 Get7- Day 300ml"", ""Buy6 Get7- 300ml"", ""buy8 get 1-tone up"", ""Top1 Club & Perks""]"
Shopee,,id,2026-07-03,809769142,glad2glow.indo,Glad2Glow Official Store,KAB. TANGERANG,28030007092,[Set Eksfoliasi]Glad2Glow Kulit Halus Bundle all in 1 - 2/3/4/5 PCS eksfoliasi wajah Skincare Set-Pulihkan/Cerah Krim+Peeling Solution+ Cleanser+Eksfoliasi Toner-peeling whitening Moisturizer facial wash Pelembab G2G glad2glow official store,https://shopee.co.id/product/809769142/28030007092,https://down-id.img.susercontent.com/file/id-11134207-81ztp-mq2pbivfxiq631,"[""https://down-id.img.susercontent.com/file/id-11134207-81ztp-mq2pbivfxiq631""]","[""OFFICIAL_SHOP""]","[""id-11134258-7r98z-lykpu80ygbvs76""]",Promo_Xtra,id-11134258-822wn-mlx9cgtbn85k12,False,False,False,1742285025,77400,299000,77400,74,476043307925741,,,,,,10000.0,1000.0,4.901031567517258,12893,"[21, 20, 106, 920, 11826]",[],GLAD2GLOW,3138611,100630,"[100630, 100665]",4135,Set Eksfoliasi,"[""Set Eksfoliasi 5PCS"", ""Set Kulit Halus 4PCS"", ""Set Kulit Halus 3PCS"", ""Set Eksfoliasi 2PCS"", ""Set Eksfoliasi 2in1"", ""Set Eksfoliasi 4PCS"", ""Set Eksfoliasi 3PCS""]"
Shopee,,id,2026-07-03,809769142,glad2glow.indo,Glad2Glow Official Store,KAB. TANGERANG,57861978788,"Glad2Glow Niacinamide Serum Facial Wash Instant Glow 70g, Pencuci Wajah Brightening,Mencerahkan Pembersih Pori,Ceramide Ectoin Sakura,Untuk Kulit Kusam Berminyak Kulit Sensitif,Melembabkan,pembersih wajah,sabun cuci muka",https://shopee.co.id/product/809769142/57861978788,https://down-id.img.susercontent.com/file/id-11134207-822wn-mp8sw0si11j486,"[""https://down-id.img.susercontent.com/file/id-11134207-822wn-mp8sw0si11j486""]","[""OFFICIAL_SHOP""]","[""id-11134258-7r98z-lykpu80ygbvs76""]",FSS+Promo_Xtra,id-11134258-8224z-mkvwcf6270g1ad,False,False,False,1781083325,38900,129000,38900,70,476043307925741,,,,,,1000.0,1000.0,4.916666666666667,588,"[0, 0, 3, 43, 542]","[""Produk Baru""]",GLAD2GLOW,3138611,100630,"[100630, 100664, 100891]",256,Cleanser,"[""[HOT!]-5pcs"", ""[70g]--1PC"", ""[70g]--3pcs"", ""Glowing-3pcs""]"
Shopee,,id,2026-07-03,809769142,glad2glow.indo,Glad2Glow Official Store,KAB. TANGERANG,42328071723,[ Cocok Untuk Si Perfeksionis ]Glad2Glow Instant Glowing Bundle all in 1 7in1-Brightening Moisturizer+Serum+Cleanser+Body Serum+Retinol 10%Niacinamide skincare paket pembersih perawatan kulit mencerahkan warna kulit g2glow official store,https://shopee.co.id/product/809769142/42328071723,https://down-id.img.susercontent.com/file/id-11134207-81ztd-mq2pbivg1qfi63,"[""https://down-id.img.susercontent.com/file/id-11134207-81ztd-mq2pbivg1qfi63""]","[""OFFICIAL_SHOP""]","[""id-11134258-7r98z-lykpu80ygbvs76""]",FSS+Promo_Xtra,id-11134258-8224z-mkvwcf6270g1ad,False,False,False,1768544880,214605,799000,214605,73,931791142240256,,,,,,8000.0,1000.0,4.910982658959537,3460,"[12, 3, 30, 191, 3224]",[],GLAD2GLOW,3138611,100630,"[100630, 100665]",1315,Instant Glow,"[""[NEW]PDRN+Retinol"", ""[NEW]9PCS-PDRN"", ""BodyGlow+Retinol"", ""KULIT CERAH 8PCS"", ""KULIT CERAH 7PCS"", ""[NEW!]Instant Glow"", ""GlowInstan & Retinol"", ""GlowFocus Retinol"", ""[Extra Dis 25%] 9PCS"", ""[LIVE DEAL]BodyGlow""]"
Shopee,,id,2026-07-03,809769142,glad2glow.indo,Glad2Glow Official Store,KAB. TANGERANG,55559898858,[ FREE GIFT FOR 6/25! ]Dapatkan Hadiah Dengan Min. Pembelian 300RB,https://shopee.co.id/product/809769142/55559898858,https://down-id.img.susercontent.com/file/id-11134207-822wr-mntp1d4pasjq22,"[""https://down-id.img.susercontent.com/file/id-11134207-822wr-mntp1d4pasjq22"", ""https://down-id.img.susercontent.com/file/id-11134207-822wm-mntp1d4n5jb833"", ""https://down-id.img.susercontent.com/file/id-11134207-822wg-mp3e35uhgxsb5a""]","[""OFFICIAL_SHOP""]","[""id-11134258-7r98z-lykpu80ygbvs76""]",FSS+Promo_Xtra,id-11134258-8224z-mkvwcf6270g1ad,False,False,False,1777878611,999999999,999999999,999999999,,0,,,,,,2000.0,1000.0,4.9008,625,"[8, 1, 1, 25, 590]",[],GLAD2GLOW,3138611,100630,"[100630, 100663, 100885, 101650]",17,random color,"[""Cosmetic bag""]"
Shopee,,id,2026-07-03,809769142,glad2glow.indo,Glad2Glow Official Store,KAB. TANGERANG,29430013001,Glad2Glow Cerah&Pulihkan Bundle all in 1 7in1 Glowing skincare Brightening Set-Pulihkan/Cerah Krim+ Serum+Pulihkan cleanser+Cerah Toner whitening Moisturizer facial wash glad2glow official store,https://shopee.co.id/product/809769142/29430013001,https://down-id.img.susercontent.com/file/id-11134207-81zti-mq2pbivftb0ue2,"[""https://down-id.img.susercontent.com/file/id-11134207-81zti-mq2pbivftb0ue2""]","[""OFFICIAL_SHOP""]","[""id-11134258-7r98z-lykpu80ygbvs76""]",Promo_Xtra,id-11134258-822wn-mlx9cgtbn85k12,False,False,False,1742286857,135280,499000,135280,73,931791142240256,,,,,,10000.0,1000.0,4.888414271208991,28561,"[65, 42, 276, 2249, 25929]",[],GLAD2GLOW,3138611,100630,"[100630, 100665]",11028,REPAIR&GLOW,"[""Repair&Glow 7PCS"", ""[HEMAT 64K]  7PCS"", ""Pulihkan&Cerah 6PCS"", ""Repair & Glow 5PCS"", ""Repair & Glow 4PCS"", ""[LIVE DEAL]Glow&Peel""]"
Shopee,,id,2026-07-03,809769142,glad2glow.indo,Glad2Glow Official Store,KAB. TANGERANG,46312750544,[ FREE GIFT FOR 6/25! ]Dapatkan Hadiah Dengan Min. Pembelian 300RB,https://shopee.co.id/product/809769142/46312750544,https://down-id.img.susercontent.com/file/id-11134207-822wl-mpun7vwk0dfvfa,"[""https://down-id.img.susercontent.com/file/id-11134207-822wl-mpun7vwk0dfvfa"", ""https://down-id.img.susercontent.com/file/id-11134207-822wg-mpug4berlkwd0a"", ""https://down-id.img.susercontent.com/file/id-11134207-822wu-mpun7vwhv47502""]","[""OFFICIAL_SHOP""]","[""id-11134258-7r98z-lykpu80ygbvs76""]",FSS+Promo_Xtra,id-11134258-8224z-mkvwcf6270g1ad,False,False,False,1782294639,9999999,9999999,9999999,,0,,,,,,1000.0,1000.0,4.892857142857143,280,"[2, 0, 2, 18, 258]","[""Produk Baru""]",GLAD2GLOW,3138611,100630,"[100630, 100663, 100885, 101650]",11,random color,"[""Makeup puff""]"
Shopee,,id,2026-07-03,809769142,glad2glow.indo,Glad2Glow Official Store,KAB. TANGERANG,29572980090,"[Pekerja Kantor Wajib Punya] Glad2Glow Flawless Makeup Set: Perfect Cover Cushion+Perfect Blurring Powder Foundation+Lip Serum+Cherry Blossom Micellar Water untuk traveling dan aktivitas harian Aplikasikan & touch-up kapan saja, di mana saja",https://shopee.co.id/product/809769142/29572980090,https://down-id.img.susercontent.com/file/id-11134207-81ztg-mq47ctug2pzf60,"[""https://down-id.img.susercontent.com/file/id-11134207-81ztg-mq47ctug2pzf60""]","[""OFFICIAL_SHOP""]","[""id-11134258-7r98z-lykpu80ygbvs76""]",FSS+Promo_Xtra,id-11134258-8224z-mkvwcf6270g1ad,False,False,False,1736325047,220625,220625,220625,,0,,,,,,10000.0,1000.0,4.867742010675742,42901,"[177, 133, 501, 3565, 38525]",[],GLAD2GLOW,3138611,100630,"[100630, 100665]",39014,Warna,"[""Powder Foundation+03"", ""Loose Power + 03"", ""Setting Spray + 03"", ""Top1 Club & Perks""]"
Shopee,,id,2026-07-03,809769142,glad2glow.indo,Glad2Glow Official Store,KAB. TANGERANG,43150301998,[Hemat 5PCS] Glad2Glow Serum Series - Brightening Mencerahkan Mengurangi Flek Menghaluskan Kulit Meratakan Warna Skincare Kulit Memudarkan Jerawat Niacinamide AHA BHA Centella 377 Perawatan Kulit Peeling Lembut Eksfoliasi Tidak Perih g2glow official store,https://shopee.co.id/product/809769142/43150301998,https://down-id.img.susercontent.com/file/id-11134207-8224w-mj83fjenorgg11,"[""https://down-id.img.susercontent.com/file/id-11134207-8224w-mj83fjenorgg11"", ""https://down-id.img.susercontent.com/file/id-11134207-822wl-mpdmdxrkywb240"", ""https://down-id.img.susercontent.com/file/id-11134207-7rbkb-mb2aerfq9mlwba"", ""https://down-id.img.susercontent.com/file/id-11134207-7ra0h-mbp7hww6kcsm96"", ""https://down-id.img.susercontent.com/file/id-11134207-7ra0q-mbvr242gs0fn5b"", ""https://down-id.img.susercontent.com/file/id-11134207-7ra0u-mbp7hww6hjnqfb"", ""https://down-id.img.susercontent.com/file/id-11134207-7ra0j-mbp7hww6g53aa9"", ""https://down-id.img.susercontent.com/file/id-11134207-7ra0n-mbp7hww6iy86ea""]","[""OFFICIAL_SHOP""]","[""id-11134258-7r98z-lykpu80ygbvs76""]",Promo_Xtra,id-11134258-822wn-mlx9cgtbn85k12,False,False,False,1746777717,166000,599000,166000,72,476043307925741,,,,,,10000.0,623.0,4.897803468208092,4330,"[24, 5, 25, 281, 3995]",[],GLAD2GLOW,3138611,100630,"[100630, 100664, 100896]",1699,Serum,"[""[Peeling]-Buy3Get1"", ""[PDRN]-Buy3Get1"", ""Buy8 Get1 Free"", ""[Retinol]Buy6 Get1"", ""[Retinol]Buy9 Get1"", ""Buy9 Get1 Free"", ""Buy5 Get1"", ""Buy7 Get1"", ""PDRN"", ""Peeling-5PCS"", ""Cerah-5PCS"", ""Anti-kerut-5PCS"", ""Dark Spot-5PCS"", ""Anti Jerawat-5PCS"", ""[LIVE ONLY]5pcs-1"", ""[LIVE ONLY]5pcs-2"", ""[LIVE DEAL]5pcs""]"
Shopee,,id,2026-07-03,809769142,glad2glow.indo,Glad2Glow Official Store,KAB. TANGERANG,51904991108,[ Cocok Untuk Setelah Makeup 7in1 ]Glad2Glow Glow/Eksfoliasi/Vita C Make Up Remove Bundle Moisturizer+Serum+Cleanser+Micellar Water Peeling 10%Niacinamide skincare paket pembersih perawatan kulit mencerahkan warna kulit g2glow official store,https://shopee.co.id/product/809769142/51904991108,https://down-id.img.susercontent.com/file/id-11134207-822ws-mpx1nuf1a2h8de,"[""https://down-id.img.susercontent.com/file/id-11134207-822ws-mpx1nuf1a2h8de""]","[""OFFICIAL_SHOP""]","[""id-11134258-7r98z-lykpu80ygbvs76""]",FSS+Promo_Xtra,id-11134258-8224z-mkvwcf6270g1ad,False,False,False,1768960216,218500,899000,218500,76,931791142240256,,,,,,3000.0,572.0,4.895833333333333,1536,"[2, 2, 18, 110, 1404]",[],GLAD2GLOW,3138611,100630,"[100630, 100665]",622,4pcs,"[""[NEW]Glow 7pcs-PDRN"", ""Glow & Soften Set"", ""Glow 7pcs"", ""NEW-Glow 7pcs-Cherry"", ""Glow AntiAge 7pcs"", ""Glow7in1-Cherry300ml"", ""Acne Care 7pcs"", ""Double Bright 7pcs"", ""Exfoliate Glow 7pcs"", ""[LIVE DEAL]Flash7PCS""]"
Shopee,,id,2026-07-03,809769142,glad2glow.indo,Glad2Glow Official Store,KAB. TANGERANG,27160062024,Glad2Glow Propolis Hyaluronic Acid Barrier Essence Toner badan face mist hydrating toner centella Toner eksfoliasi wajah glycocid acid glycolic acid Memperbaiki penghalang kulit Jaga kulit Anda tetap terhidrasi Skincare G2G Toner g2glow official stor,https://shopee.co.id/product/809769142/27160062024,https://down-id.img.susercontent.com/file/id-11134207-822wm-mmhejf2zs5xhee,"[""https://down-id.img.susercontent.com/file/id-11134207-822wm-mmhejf2zs5xhee"", ""https://down-id.img.susercontent.com/file/id-11134207-822wg-moyw16t2x3ws60"", ""https://down-id.img.susercontent.com/file/id-11134207-7r98x-lzpzsdt6b0o0f1"", ""https://down-id.img.susercontent.com/file/id-11134207-7r992-lzpzsdt6b09404"", ""https://down-id.img.susercontent.com/file/id-11134207-7r98p-lzpzsdt6b0m6aa"", ""https://down-id.img.susercontent.com/file/id-11134207-7r991-lzpzsdt6b0m393"", ""https://down-id.img.susercontent.com/file/id-11134207-7rbk4-m790mbsppi5jd4""]","[""OFFICIAL_SHOP""]","[""id-11134258-7r98z-lykpu80ygbvs76""]",FSS+Promo_Xtra,id-11134258-8224z-mkvwcf6270g1ad,False,False,False,1725352706,37500,109000,37500,66,476043307925741,,,,,,10000.0,332.0,4.879503938327468,11934,"[37, 27, 103, 1003, 10764]",[],GLAD2GLOW,3138611,100630,"[100630, 100664, 100892]",5159,TONER,"[""1PC-Repair"", ""[26%OFF]3PCS-Repair"", ""[HEMAT 60%]5PCS"", ""[30%OFF]2PCS-Repair""]"
Shopee,,id,2026-07-03,809769142,glad2glow.indo,Glad2Glow Official Store,KAB. TANGERANG,40656993496,[Better savings]Glad2Glow Clay Stick&Face Mask Complete Series-Brightening/Mugwort/Acne/Pore-face masker Sheet Mask g2glow official store,https://shopee.co.id/product/809769142/40656993496,https://down-id.img.susercontent.com/file/id-11134207-822wk-mpt8qsbfr2ff7a,"[""https://down-id.img.susercontent.com/file/id-11134207-822wk-mpt8qsbfr2ff7a"", ""https://down-id.img.susercontent.com/file/id-11134207-822wi-motbmdj92lu7d1"", ""https://down-id.img.susercontent.com/file/id-11134207-7ra0k-mboxjl9owfir13"", ""https://down-id.img.susercontent.com/file/id-11134207-7ra0h-mbp71jgicolsa6"", ""https://down-id.img.susercontent.com/file/id-11134207-7ra0o-mbp71jgifhqoc3"", ""https://down-id.img.susercontent.com/file/id-11134207-7ra0g-mbp71jgi9vgw90"", ""https://down-id.img.susercontent.com/file/id-11134207-7ra0h-mbp71jgiba1cd4"", ""https://down-id.img.susercontent.com/file/id-11134207-7ra0m-mbp71jgie3683b""]","[""OFFICIAL_SHOP""]","[""id-11134258-7r98z-lykpu80ygbvs76""]",Promo_Xtra,id-11134258-822wn-mlx9cgtbn85k12,False,False,False,1751440225,145000,339000,145000,57,283376011718656,,,,,,2000.0,182.0,4.946004319654428,463,"[1, 0, 3, 15, 444]",[],GLAD2GLOW,3138611,100630,"[100630, 100664, 100898]",458,Clay Stick,"[""Buy 9 Get1 Free-GEL"", ""Buy 8 Get1 Free-ACNE"", ""Buy8 Get1 Free-Glow"", ""Buy8 Get1 Free-Pore"", ""Buy8 Get1 Free-Clay2"", ""Buy 8 Get1 Free-Clay"", ""Buy8 Get1 Free-pore1"", ""Buy 6 Get1 Free-GEL"", ""Buy 5 Get1 Free-ACNE"", ""Buy 5 Get1 Free-Glow"", ""Buy 5 Get1 Free-Pore"", ""Gel Mask-5PCS"", ""Glowing-5PCS"", ""Eksfoliasi-5PCS"", ""Eksfoliasi Mask-5PCS"", ""ACNE-5PCS"", ""Glow Clay Mask-5PCS"", ""out of stock""]"
Shopee,,id,2026-07-03,809769142,glad2glow.indo,Glad2Glow Official Store,KAB. TANGERANG,50754762666,[BELI 7 DAPAT 9!] Glad2Glow Prefect Cover Glowing Outing Bundle all in 1 10in1 Brightening Moisturizer+Serum+Cushion+Cleanser+Clay Stick+Retinol+Micellar Water 10%Niacinamide skincare paket pembersih perawatan kulit mencerahkan warna kulit g2g official,https://shopee.co.id/product/809769142/50754762666,https://down-id.img.susercontent.com/file/id-11134207-822wn-moot8dotewb2b1,"[""https://down-id.img.susercontent.com/file/id-11134207-822wn-moot8dotewb2b1""]","[""OFFICIAL_SHOP""]","[""id-11134258-7r98z-lykpu80ygbvs76""]",Promo_Xtra,id-11134258-822wn-mlx9cgtbn85k12,False,False,False,1768546086,333925,899000,333925,63,931791142240256,,,,,,626.0,47.0,4.800904977375565,221,"[2, 1, 4, 25, 189]",[],GLAD2GLOW,3138611,100630,"[100630, 100665]",206,All in One,"[""[NEW]all in 1-02"", ""[NEW]all in 1-03"", ""[B7G9]all in 1-02"", ""[B7G9]all in 1-03"", ""GLOW Set 02"", ""GLOW Set 03"", ""[LIVE DEAL]9pcs-02""]"
Shopee,,id,2026-07-03,809769142,glad2glow.indo,Glad2Glow Official Store,KAB. TANGERANG,50253502913,[NEW LAUNCH] Glad2Glow 2in1 Perfect Pair Cushion Powder Foundation + BRIGHTENING LIP SERUM 7g Mencerahkan Melembabkan 3in1 liptint Foundation Bedak padat Make up Lightweight Coverage Long-lasting 12-Hour Soft-Focus Flawless Skin oil-control g2glow,https://shopee.co.id/product/809769142/50253502913,https://down-id.img.susercontent.com/file/id-11134207-822wh-motku11mcmq6fa,"[""https://down-id.img.susercontent.com/file/id-11134207-822wh-motku11mcmq6fa""]","[""OFFICIAL_SHOP""]","[""id-11134258-7r98z-lykpu80ygbvs76""]",FSS+Promo_Xtra,id-11134258-8224z-mkvwcf6270g1ad,False,False,False,1766482885,201780,299000,201780,33,931791142240256,,,,,,1000.0,28.0,4.912337662337662,616,"[1, 0, 4, 42, 569]","[""Add-on Deal""]",GLAD2GLOW,3138611,100630,"[100630, 100665]",488,combo,"[""Cushion-02 + Lip-01"", ""Cushion-02 + Lip-03"", ""Cushion-03 + Lip-01"", ""Cushion-03 + Lip-03""]"
Shopee,,id,2026-07-03,809769142,glad2glow.indo,Glad2Glow Official Store,KAB. TANGERANG,49007392678,"[Link Khusus-New Shades]Glad2Glow×GGBaby Special Edition BRIGHTENING LIP SERUM 7g  Mencerahkan, Melembabkan Bibir dengan  Lip tint&Lip care",https://shopee.co.id/product/809769142/49007392678,https://down-id.img.susercontent.com/file/id-11134207-822wk-mm0764vpov0g4e,"[""https://down-id.img.susercontent.com/file/id-11134207-822wk-mm0764vpov0g4e"", ""https://down-id.img.susercontent.com/file/sg-11134201-824hs-mpkcq381ubr444"", ""https://down-id.img.susercontent.com/file/id-11134207-822wg-mmio60v3vymn78"", ""https://down-id.img.susercontent.com/file/id-11134207-822wn-mm18u3jc0u0wc7"", ""https://down-id.img.susercontent.com/file/id-11134207-822ws-mm18u3jm1tz459"", ""https://down-id.img.susercontent.com/file/id-11134207-822wq-mm18u3je0gzmeb"", ""https://down-id.img.susercontent.com/file/id-11134207-822wk-mm18u3jdtg5k49"", ""https://down-id.img.susercontent.com/file/id-11134207-822wm-mm0764vpm1vk51""]","[""OFFICIAL_SHOP""]","[""id-11134258-7r98z-lykpu80ygbvs76""]",FSS+Promo_Xtra,id-11134258-8224z-mkvwcf6270g1ad,False,False,False,1773831595,58900,109000,58900,46,476043307925741,,,,,,667.0,26.0,4.935294117647059,170,"[0, 1, 0, 8, 161]",[],GLAD2GLOW,3138611,100630,"[100630, 100664, 100900, 101673]",299,LIP SERUM,"[""[NEW]-Pumpkin Frost"", ""[NEW]-Grape Jelly"", ""New set-05+06+07"", ""Pumpkin Frost-2PCS"", ""Grape Jelly-2PCS"", ""Pumpkin Frost-4PCS"", ""Grape Jelly-4PCS""]"
Shopee,,id,2026-07-03,809769142,glad2glow.indo,Glad2Glow Official Store,KAB. TANGERANG,52652820141,"Glad2Glow 2in1 Set Cleansing Oil & Facial Wash - Centella Madagascar - Untuk Kulit Berjerawat, Berminyak, Sensitif & Cerah  g2glow official store",https://shopee.co.id/product/809769142/52652820141,https://down-id.img.susercontent.com/file/id-11134207-8224q-mipbjjie58g874,"[""https://down-id.img.susercontent.com/file/id-11134207-8224q-mipbjjie58g874"", ""https://down-id.img.susercontent.com/file/id-11134207-8224q-mifmnn2raneo42"", ""https://down-id.img.susercontent.com/file/id-11134207-8224w-mipbjji7fmrl7a"", ""https://down-id.img.susercontent.com/file/id-11134207-8224p-miptb7ceodfn4f"", ""https://down-id.img.susercontent.com/file/id-11134207-8224v-miptb7cemyv776"", ""https://down-id.img.susercontent.com/file/id-11134207-8224p-mipbjjifz95304"", ""https://down-id.img.susercontent.com/file/id-11134207-8224o-mifmdn8nrpc722"", ""https://down-id.img.susercontent.com/file/id-11134207-8224v-mifmnn2rc1z4cf""]","[""OFFICIAL_SHOP""]","[""id-11134258-7r98z-lykpu80ygbvs76""]",Promo_Xtra,id-11134258-822wn-mlx9cgtbn85k12,False,False,False,1765273610,87000,299000,87000,71,476043307925741,,,,,,788.0,15.0,4.927710843373494,332,"[0, 0, 4, 16, 312]",[],GLAD2GLOW,3138611,100630,"[100630, 100665]",189,Makeup Remover,"[""[hot]Oil+Repair 2PCS"", ""Oil +Eksfoliasi 2PCS"", ""Oil + Acne care 2PCS"", ""Oil+Calm 2PCS""]"
