shop_id,date,item_id,category_slug,category_id,source_file,source_row,path_country_code,path_dataset,path_shop_id,country_code,item_id_num,category_slug_num,category_id_num
1112776376,2026-07-01,28360413045,255242476,255242476,data/raw/country_code=id/dataset=product_categories/shop_id=1112776376/product_categories.csv,2,id,product_categories,1112776376,id,28360413045.0,255242476.0,255242476.0
1112776376,2026-07-01,27160418327,255242476,255242476,data/raw/country_code=id/dataset=product_categories/shop_id=1112776376/product_categories.csv,3,id,product_categories,1112776376,id,27160418327.0,255242476.0,255242476.0
1112776376,2026-07-01,26962670206,255242476,255242476,data/raw/country_code=id/dataset=product_categories/shop_id=1112776376/product_categories.csv,4,id,product_categories,1112776376,id,26962670206.0,255242476.0,255242476.0
1112776376,2026-07-01,25190984781,256367789,256367789,data/raw/country_code=id/dataset=product_categories/shop_id=1112776376/product_categories.csv,5,id,product_categories,1112776376,id,25190984781.0,256367789.0,256367789.0
1112776376,2026-07-01,26474964451,256367789,256367789,data/raw/country_code=id/dataset=product_categories/shop_id=1112776376/product_categories.csv,6,id,product_categories,1112776376,id,26474964451.0,256367789.0,256367789.0
1112776376,2026-07-01,25190984781,257288356,257288356,data/raw/country_code=id/dataset=product_categories/shop_id=1112776376/product_categories.csv,7,id,product_categories,1112776376,id,25190984781.0,257288356.0,257288356.0
1112776376,2026-07-01,43050856028,257288356,257288356,data/raw/country_code=id/dataset=product_categories/shop_id=1112776376/product_categories.csv,8,id,product_categories,1112776376,id,43050856028.0,257288356.0,257288356.0
1112776376,2026-07-01,25666019829,257288356,257288356,data/raw/country_code=id/dataset=product_categories/shop_id=1112776376/product_categories.csv,9,id,product_categories,1112776376,id,25666019829.0,257288356.0,257288356.0
1112776376,2026-07-01,28581613018,257288356,257288356,data/raw/country_code=id/dataset=product_categories/shop_id=1112776376/product_categories.csv,10,id,product_categories,1112776376,id,28581613018.0,257288356.0,257288356.0
1112776376,2026-07-01,44150857512,257288356,257288356,data/raw/country_code=id/dataset=product_categories/shop_id=1112776376/product_categories.csv,11,id,product_categories,1112776376,id,44150857512.0,257288356.0,257288356.0
1112776376,2026-07-01,44250862508,257288356,257288356,data/raw/country_code=id/dataset=product_categories/shop_id=1112776376/product_categories.csv,12,id,product_categories,1112776376,id,44250862508.0,257288356.0,257288356.0
1112776376,2026-07-01,26474964451,257288356,257288356,data/raw/country_code=id/dataset=product_categories/shop_id=1112776376/product_categories.csv,13,id,product_categories,1112776376,id,26474964451.0,257288356.0,257288356.0
1112776376,2026-07-01,25815711335,257288356,257288356,data/raw/country_code=id/dataset=product_categories/shop_id=1112776376/product_categories.csv,14,id,product_categories,1112776376,id,25815711335.0,257288356.0,257288356.0
1112776376,2026-07-01,43350865998,258324793,258324793,data/raw/country_code=id/dataset=product_categories/shop_id=1112776376/product_categories.csv,15,id,product_categories,1112776376,id,43350865998.0,258324793.0,258324793.0
1112776376,2026-07-01,43050856028,258324793,258324793,data/raw/country_code=id/dataset=product_categories/shop_id=1112776376/product_categories.csv,16,id,product_categories,1112776376,id,43050856028.0,258324793.0,258324793.0
1112776376,2026-07-01,44150857512,258324793,258324793,data/raw/country_code=id/dataset=product_categories/shop_id=1112776376/product_categories.csv,17,id,product_categories,1112776376,id,44150857512.0,258324793.0,258324793.0
1112776376,2026-07-01,44250862508,258324793,258324793,data/raw/country_code=id/dataset=product_categories/shop_id=1112776376/product_categories.csv,18,id,product_categories,1112776376,id,44250862508.0,258324793.0,258324793.0
1112776376,2026-07-01,29986754514,258324793,258324793,data/raw/country_code=id/dataset=product_categories/shop_id=1112776376/product_categories.csv,19,id,product_categories,1112776376,id,29986754514.0,258324793.0,258324793.0
1112776376,2026-07-02,28360413045,255242476,255242476,data/raw/country_code=id/dataset=product_categories/shop_id=1112776376/product_categories.csv,20,id,product_categories,1112776376,id,28360413045.0,255242476.0,255242476.0
1112776376,2026-07-02,27160418327,255242476,255242476,data/raw/country_code=id/dataset=product_categories/shop_id=1112776376/product_categories.csv,21,id,product_categories,1112776376,id,27160418327.0,255242476.0,255242476.0
1112776376,2026-07-02,26962670206,255242476,255242476,data/raw/country_code=id/dataset=product_categories/shop_id=1112776376/product_categories.csv,22,id,product_categories,1112776376,id,26962670206.0,255242476.0,255242476.0
1112776376,2026-07-02,25190984781,256367789,256367789,data/raw/country_code=id/dataset=product_categories/shop_id=1112776376/product_categories.csv,23,id,product_categories,1112776376,id,25190984781.0,256367789.0,256367789.0
1112776376,2026-07-02,26474964451,256367789,256367789,data/raw/country_code=id/dataset=product_categories/shop_id=1112776376/product_categories.csv,24,id,product_categories,1112776376,id,26474964451.0,256367789.0,256367789.0
1112776376,2026-07-02,25190984781,257288356,257288356,data/raw/country_code=id/dataset=product_categories/shop_id=1112776376/product_categories.csv,25,id,product_categories,1112776376,id,25190984781.0,257288356.0,257288356.0
1112776376,2026-07-02,43050856028,257288356,257288356,data/raw/country_code=id/dataset=product_categories/shop_id=1112776376/product_categories.csv,26,id,product_categories,1112776376,id,43050856028.0,257288356.0,257288356.0
1112776376,2026-07-02,25666019829,257288356,257288356,data/raw/country_code=id/dataset=product_categories/shop_id=1112776376/product_categories.csv,27,id,product_categories,1112776376,id,25666019829.0,257288356.0,257288356.0
1112776376,2026-07-02,28581613018,257288356,257288356,data/raw/country_code=id/dataset=product_categories/shop_id=1112776376/product_categories.csv,28,id,product_categories,1112776376,id,28581613018.0,257288356.0,257288356.0
1112776376,2026-07-02,44150857512,257288356,257288356,data/raw/country_code=id/dataset=product_categories/shop_id=1112776376/product_categories.csv,29,id,product_categories,1112776376,id,44150857512.0,257288356.0,257288356.0
1112776376,2026-07-02,44250862508,257288356,257288356,data/raw/country_code=id/dataset=product_categories/shop_id=1112776376/product_categories.csv,30,id,product_categories,1112776376,id,44250862508.0,257288356.0,257288356.0
1112776376,2026-07-02,26474964451,257288356,257288356,data/raw/country_code=id/dataset=product_categories/shop_id=1112776376/product_categories.csv,31,id,product_categories,1112776376,id,26474964451.0,257288356.0,257288356.0
1112776376,2026-07-02,25815711335,257288356,257288356,data/raw/country_code=id/dataset=product_categories/shop_id=1112776376/product_categories.csv,32,id,product_categories,1112776376,id,25815711335.0,257288356.0,257288356.0
1112776376,2026-07-02,43350865998,258324793,258324793,data/raw/country_code=id/dataset=product_categories/shop_id=1112776376/product_categories.csv,33,id,product_categories,1112776376,id,43350865998.0,258324793.0,258324793.0
1112776376,2026-07-02,43050856028,258324793,258324793,data/raw/country_code=id/dataset=product_categories/shop_id=1112776376/product_categories.csv,34,id,product_categories,1112776376,id,43050856028.0,258324793.0,258324793.0
1112776376,2026-07-02,44150857512,258324793,258324793,data/raw/country_code=id/dataset=product_categories/shop_id=1112776376/product_categories.csv,35,id,product_categories,1112776376,id,44150857512.0,258324793.0,258324793.0
1112776376,2026-07-02,44250862508,258324793,258324793,data/raw/country_code=id/dataset=product_categories/shop_id=1112776376/product_categories.csv,36,id,product_categories,1112776376,id,44250862508.0,258324793.0,258324793.0
1112776376,2026-07-02,29986754514,258324793,258324793,data/raw/country_code=id/dataset=product_categories/shop_id=1112776376/product_categories.csv,37,id,product_categories,1112776376,id,29986754514.0,258324793.0,258324793.0
1112776376,2026-07-03,27160418327,255242476,255242476,data/raw/country_code=id/dataset=product_categories/shop_id=1112776376/product_categories.csv,38,id,product_categories,1112776376,id,27160418327.0,255242476.0,255242476.0
1112776376,2026-07-03,26962670206,255242476,255242476,data/raw/country_code=id/dataset=product_categories/shop_id=1112776376/product_categories.csv,39,id,product_categories,1112776376,id,26962670206.0,255242476.0,255242476.0
1112776376,2026-07-03,28360413045,255242476,255242476,data/raw/country_code=id/dataset=product_categories/shop_id=1112776376/product_categories.csv,40,id,product_categories,1112776376,id,28360413045.0,255242476.0,255242476.0
1112776376,2026-07-03,25190984781,256367789,256367789,data/raw/country_code=id/dataset=product_categories/shop_id=1112776376/product_categories.csv,41,id,product_categories,1112776376,id,25190984781.0,256367789.0,256367789.0
1112776376,2026-07-03,26474964451,256367789,256367789,data/raw/country_code=id/dataset=product_categories/shop_id=1112776376/product_categories.csv,42,id,product_categories,1112776376,id,26474964451.0,256367789.0,256367789.0
1112776376,2026-07-03,44150857512,257288356,257288356,data/raw/country_code=id/dataset=product_categories/shop_id=1112776376/product_categories.csv,43,id,product_categories,1112776376,id,44150857512.0,257288356.0,257288356.0
1112776376,2026-07-03,43050856028,257288356,257288356,data/raw/country_code=id/dataset=product_categories/shop_id=1112776376/product_categories.csv,44,id,product_categories,1112776376,id,43050856028.0,257288356.0,257288356.0
1112776376,2026-07-03,28581613018,257288356,257288356,data/raw/country_code=id/dataset=product_categories/shop_id=1112776376/product_categories.csv,45,id,product_categories,1112776376,id,28581613018.0,257288356.0,257288356.0
1112776376,2026-07-03,25666019829,257288356,257288356,data/raw/country_code=id/dataset=product_categories/shop_id=1112776376/product_categories.csv,46,id,product_categories,1112776376,id,25666019829.0,257288356.0,257288356.0
1112776376,2026-07-03,25190984781,257288356,257288356,data/raw/country_code=id/dataset=product_categories/shop_id=1112776376/product_categories.csv,47,id,product_categories,1112776376,id,25190984781.0,257288356.0,257288356.0
1112776376,2026-07-03,44250862508,257288356,257288356,data/raw/country_code=id/dataset=product_categories/shop_id=1112776376/product_categories.csv,48,id,product_categories,1112776376,id,44250862508.0,257288356.0,257288356.0
1112776376,2026-07-03,26474964451,257288356,257288356,data/raw/country_code=id/dataset=product_categories/shop_id=1112776376/product_categories.csv,49,id,product_categories,1112776376,id,26474964451.0,257288356.0,257288356.0
1112776376,2026-07-03,25815711335,257288356,257288356,data/raw/country_code=id/dataset=product_categories/shop_id=1112776376/product_categories.csv,50,id,product_categories,1112776376,id,25815711335.0,257288356.0,257288356.0
1112776376,2026-07-03,43350865998,258324793,258324793,data/raw/country_code=id/dataset=product_categories/shop_id=1112776376/product_categories.csv,51,id,product_categories,1112776376,id,43350865998.0,258324793.0,258324793.0
1112776376,2026-07-03,44150857512,258324793,258324793,data/raw/country_code=id/dataset=product_categories/shop_id=1112776376/product_categories.csv,52,id,product_categories,1112776376,id,44150857512.0,258324793.0,258324793.0
1112776376,2026-07-03,43050856028,258324793,258324793,data/raw/country_code=id/dataset=product_categories/shop_id=1112776376/product_categories.csv,53,id,product_categories,1112776376,id,43050856028.0,258324793.0,258324793.0
1112776376,2026-07-03,44250862508,258324793,258324793,data/raw/country_code=id/dataset=product_categories/shop_id=1112776376/product_categories.csv,54,id,product_categories,1112776376,id,44250862508.0,258324793.0,258324793.0
1112776376,2026-07-03,29986754514,258324793,258324793,data/raw/country_code=id/dataset=product_categories/shop_id=1112776376/product_categories.csv,55,id,product_categories,1112776376,id,29986754514.0,258324793.0,258324793.0
1368540320,2026-07-01,26120309394,258485608,258485608,data/raw/country_code=id/dataset=product_categories/shop_id=1368540320/product_categories.csv,2,id,product_categories,1368540320,id,26120309394.0,258485608.0,258485608.0
1368540320,2026-07-01,40067607690,258485608,258485608,data/raw/country_code=id/dataset=product_categories/shop_id=1368540320/product_categories.csv,3,id,product_categories,1368540320,id,40067607690.0,258485608.0,258485608.0
1368540320,2026-07-01,28036053313,258485608,258485608,data/raw/country_code=id/dataset=product_categories/shop_id=1368540320/product_categories.csv,4,id,product_categories,1368540320,id,28036053313.0,258485608.0,258485608.0
1368540320,2026-07-01,56600897084,258485608,258485608,data/raw/country_code=id/dataset=product_categories/shop_id=1368540320/product_categories.csv,5,id,product_categories,1368540320,id,56600897084.0,258485608.0,258485608.0
1368540320,2026-07-01,28934445366,258485608,258485608,data/raw/country_code=id/dataset=product_categories/shop_id=1368540320/product_categories.csv,6,id,product_categories,1368540320,id,28934445366.0,258485608.0,258485608.0
1368540320,2026-07-01,40004031932,258485608,258485608,data/raw/country_code=id/dataset=product_categories/shop_id=1368540320/product_categories.csv,7,id,product_categories,1368540320,id,40004031932.0,258485608.0,258485608.0
1368540320,2026-07-01,50900285453,258485608,258485608,data/raw/country_code=id/dataset=product_categories/shop_id=1368540320/product_categories.csv,8,id,product_categories,1368540320,id,50900285453.0,258485608.0,258485608.0
1368540320,2026-07-01,41753991537,258485608,258485608,data/raw/country_code=id/dataset=product_categories/shop_id=1368540320/product_categories.csv,9,id,product_categories,1368540320,id,41753991537.0,258485608.0,258485608.0
1368540320,2026-07-01,40216847326,258530308,258530308,data/raw/country_code=id/dataset=product_categories/shop_id=1368540320/product_categories.csv,10,id,product_categories,1368540320,id,40216847326.0,258530308.0,258530308.0
1368540320,2026-07-01,26120309394,258530308,258530308,data/raw/country_code=id/dataset=product_categories/shop_id=1368540320/product_categories.csv,11,id,product_categories,1368540320,id,26120309394.0,258530308.0,258530308.0
1368540320,2026-07-01,42377307283,258530308,258530308,data/raw/country_code=id/dataset=product_categories/shop_id=1368540320/product_categories.csv,12,id,product_categories,1368540320,id,42377307283.0,258530308.0,258530308.0
1368540320,2026-07-01,40216847326,262779957,262779957,data/raw/country_code=id/dataset=product_categories/shop_id=1368540320/product_categories.csv,13,id,product_categories,1368540320,id,40216847326.0,262779957.0,262779957.0
1368540320,2026-07-01,42303994190,262779957,262779957,data/raw/country_code=id/dataset=product_categories/shop_id=1368540320/product_categories.csv,14,id,product_categories,1368540320,id,42303994190.0,262779957.0,262779957.0
1368540320,2026-07-01,28036053313,262779957,262779957,data/raw/country_code=id/dataset=product_categories/shop_id=1368540320/product_categories.csv,15,id,product_categories,1368540320,id,28036053313.0,262779957.0,262779957.0
1368540320,2026-07-01,42418380245,262779957,262779957,data/raw/country_code=id/dataset=product_categories/shop_id=1368540320/product_categories.csv,16,id,product_categories,1368540320,id,42418380245.0,262779957.0,262779957.0
1368540320,2026-07-01,42717296336,262779957,262779957,data/raw/country_code=id/dataset=product_categories/shop_id=1368540320/product_categories.csv,17,id,product_categories,1368540320,id,42717296336.0,262779957.0,262779957.0
1368540320,2026-07-01,43868361582,262779957,262779957,data/raw/country_code=id/dataset=product_categories/shop_id=1368540320/product_categories.csv,18,id,product_categories,1368540320,id,43868361582.0,262779957.0,262779957.0
1368540320,2026-07-01,43818386633,262779957,262779957,data/raw/country_code=id/dataset=product_categories/shop_id=1368540320/product_categories.csv,19,id,product_categories,1368540320,id,43818386633.0,262779957.0,262779957.0
1368540320,2026-07-01,40004031932,262779957,262779957,data/raw/country_code=id/dataset=product_categories/shop_id=1368540320/product_categories.csv,20,id,product_categories,1368540320,id,40004031932.0,262779957.0,262779957.0
1368540320,2026-07-01,29141311734,262779957,262779957,data/raw/country_code=id/dataset=product_categories/shop_id=1368540320/product_categories.csv,21,id,product_categories,1368540320,id,29141311734.0,262779957.0,262779957.0
1368540320,2026-07-01,40067607690,262780771,262780771,data/raw/country_code=id/dataset=product_categories/shop_id=1368540320/product_categories.csv,22,id,product_categories,1368540320,id,40067607690.0,262780771.0,262780771.0
1368540320,2026-07-01,43317569775,262780771,262780771,data/raw/country_code=id/dataset=product_categories/shop_id=1368540320/product_categories.csv,23,id,product_categories,1368540320,id,43317569775.0,262780771.0,262780771.0
1368540320,2026-07-01,40004031932,262780771,262780771,data/raw/country_code=id/dataset=product_categories/shop_id=1368540320/product_categories.csv,24,id,product_categories,1368540320,id,40004031932.0,262780771.0,262780771.0
1368540320,2026-07-01,49162304776,262780771,262780771,data/raw/country_code=id/dataset=product_categories/shop_id=1368540320/product_categories.csv,25,id,product_categories,1368540320,id,49162304776.0,262780771.0,262780771.0
1368540320,2026-07-01,51712602574,262780771,262780771,data/raw/country_code=id/dataset=product_categories/shop_id=1368540320/product_categories.csv,26,id,product_categories,1368540320,id,51712602574.0,262780771.0,262780771.0
1368540320,2026-07-01,46662299954,262780771,262780771,data/raw/country_code=id/dataset=product_categories/shop_id=1368540320/product_categories.csv,27,id,product_categories,1368540320,id,46662299954.0,262780771.0,262780771.0
1368540320,2026-07-01,40381755746,262780771,262780771,data/raw/country_code=id/dataset=product_categories/shop_id=1368540320/product_categories.csv,28,id,product_categories,1368540320,id,40381755746.0,262780771.0,262780771.0
1368540320,2026-07-01,41753991537,262780771,262780771,data/raw/country_code=id/dataset=product_categories/shop_id=1368540320/product_categories.csv,29,id,product_categories,1368540320,id,41753991537.0,262780771.0,262780771.0
1368540320,2026-07-01,40118761850,262780833,262780833,data/raw/country_code=id/dataset=product_categories/shop_id=1368540320/product_categories.csv,30,id,product_categories,1368540320,id,40118761850.0,262780833.0,262780833.0
1368540320,2026-07-01,50903219820,262780833,262780833,data/raw/country_code=id/dataset=product_categories/shop_id=1368540320/product_categories.csv,31,id,product_categories,1368540320,id,50903219820.0,262780833.0,262780833.0
1368540320,2026-07-01,56600897084,262780833,262780833,data/raw/country_code=id/dataset=product_categories/shop_id=1368540320/product_categories.csv,32,id,product_categories,1368540320,id,56600897084.0,262780833.0,262780833.0
1368540320,2026-07-01,28934445366,262780833,262780833,data/raw/country_code=id/dataset=product_categories/shop_id=1368540320/product_categories.csv,33,id,product_categories,1368540320,id,28934445366.0,262780833.0,262780833.0
1368540320,2026-07-01,54952247520,262781097,262781097,data/raw/country_code=id/dataset=product_categories/shop_id=1368540320/product_categories.csv,34,id,product_categories,1368540320,id,54952247520.0,262781097.0,262781097.0
1368540320,2026-07-01,56600897084,262781097,262781097,data/raw/country_code=id/dataset=product_categories/shop_id=1368540320/product_categories.csv,35,id,product_categories,1368540320,id,56600897084.0,262781097.0,262781097.0
1368540320,2026-07-01,28934445366,262781097,262781097,data/raw/country_code=id/dataset=product_categories/shop_id=1368540320/product_categories.csv,36,id,product_categories,1368540320,id,28934445366.0,262781097.0,262781097.0
1368540320,2026-07-01,50900285453,262781097,262781097,data/raw/country_code=id/dataset=product_categories/shop_id=1368540320/product_categories.csv,37,id,product_categories,1368540320,id,50900285453.0,262781097.0,262781097.0
1368540320,2026-07-01,57161987975,262782016,262782016,data/raw/country_code=id/dataset=product_categories/shop_id=1368540320/product_categories.csv,38,id,product_categories,1368540320,id,57161987975.0,262782016.0,262782016.0
1368540320,2026-07-01,51162804412,262782016,262782016,data/raw/country_code=id/dataset=product_categories/shop_id=1368540320/product_categories.csv,39,id,product_categories,1368540320,id,51162804412.0,262782016.0,262782016.0
1368540320,2026-07-01,54412798940,262782016,262782016,data/raw/country_code=id/dataset=product_categories/shop_id=1368540320/product_categories.csv,40,id,product_categories,1368540320,id,54412798940.0,262782016.0,262782016.0
1368540320,2026-07-01,49162304776,262782016,262782016,data/raw/country_code=id/dataset=product_categories/shop_id=1368540320/product_categories.csv,41,id,product_categories,1368540320,id,49162304776.0,262782016.0,262782016.0
1368540320,2026-07-01,51712602574,262782016,262782016,data/raw/country_code=id/dataset=product_categories/shop_id=1368540320/product_categories.csv,42,id,product_categories,1368540320,id,51712602574.0,262782016.0,262782016.0
1368540320,2026-07-01,46662299954,262782016,262782016,data/raw/country_code=id/dataset=product_categories/shop_id=1368540320/product_categories.csv,43,id,product_categories,1368540320,id,46662299954.0,262782016.0,262782016.0
1368540320,2026-07-01,40381755746,262782016,262782016,data/raw/country_code=id/dataset=product_categories/shop_id=1368540320/product_categories.csv,44,id,product_categories,1368540320,id,40381755746.0,262782016.0,262782016.0
1368540320,2026-07-01,50900285453,266725540,266725540,data/raw/country_code=id/dataset=product_categories/shop_id=1368540320/product_categories.csv,45,id,product_categories,1368540320,id,50900285453.0,266725540.0,266725540.0
1368540320,2026-07-01,43131681384,266725540,266725540,data/raw/country_code=id/dataset=product_categories/shop_id=1368540320/product_categories.csv,46,id,product_categories,1368540320,id,43131681384.0,266725540.0,266725540.0
1368540320,2026-07-01,56810310860,266725540,266725540,data/raw/country_code=id/dataset=product_categories/shop_id=1368540320/product_categories.csv,47,id,product_categories,1368540320,id,56810310860.0,266725540.0,266725540.0
1368540320,2026-07-02,26120309394,258485608,258485608,data/raw/country_code=id/dataset=product_categories/shop_id=1368540320/product_categories.csv,48,id,product_categories,1368540320,id,26120309394.0,258485608.0,258485608.0
1368540320,2026-07-02,40067607690,258485608,258485608,data/raw/country_code=id/dataset=product_categories/shop_id=1368540320/product_categories.csv,49,id,product_categories,1368540320,id,40067607690.0,258485608.0,258485608.0
1368540320,2026-07-02,28036053313,258485608,258485608,data/raw/country_code=id/dataset=product_categories/shop_id=1368540320/product_categories.csv,50,id,product_categories,1368540320,id,28036053313.0,258485608.0,258485608.0
1368540320,2026-07-02,56600897084,258485608,258485608,data/raw/country_code=id/dataset=product_categories/shop_id=1368540320/product_categories.csv,51,id,product_categories,1368540320,id,56600897084.0,258485608.0,258485608.0
1368540320,2026-07-02,28934445366,258485608,258485608,data/raw/country_code=id/dataset=product_categories/shop_id=1368540320/product_categories.csv,52,id,product_categories,1368540320,id,28934445366.0,258485608.0,258485608.0
1368540320,2026-07-02,40004031932,258485608,258485608,data/raw/country_code=id/dataset=product_categories/shop_id=1368540320/product_categories.csv,53,id,product_categories,1368540320,id,40004031932.0,258485608.0,258485608.0
1368540320,2026-07-02,50900285453,258485608,258485608,data/raw/country_code=id/dataset=product_categories/shop_id=1368540320/product_categories.csv,54,id,product_categories,1368540320,id,50900285453.0,258485608.0,258485608.0
1368540320,2026-07-02,41753991537,258485608,258485608,data/raw/country_code=id/dataset=product_categories/shop_id=1368540320/product_categories.csv,55,id,product_categories,1368540320,id,41753991537.0,258485608.0,258485608.0
1368540320,2026-07-02,40216847326,258530308,258530308,data/raw/country_code=id/dataset=product_categories/shop_id=1368540320/product_categories.csv,56,id,product_categories,1368540320,id,40216847326.0,258530308.0,258530308.0
1368540320,2026-07-02,26120309394,258530308,258530308,data/raw/country_code=id/dataset=product_categories/shop_id=1368540320/product_categories.csv,57,id,product_categories,1368540320,id,26120309394.0,258530308.0,258530308.0
1368540320,2026-07-02,42377307283,258530308,258530308,data/raw/country_code=id/dataset=product_categories/shop_id=1368540320/product_categories.csv,58,id,product_categories,1368540320,id,42377307283.0,258530308.0,258530308.0
1368540320,2026-07-02,40216847326,262779957,262779957,data/raw/country_code=id/dataset=product_categories/shop_id=1368540320/product_categories.csv,59,id,product_categories,1368540320,id,40216847326.0,262779957.0,262779957.0
1368540320,2026-07-02,42303994190,262779957,262779957,data/raw/country_code=id/dataset=product_categories/shop_id=1368540320/product_categories.csv,60,id,product_categories,1368540320,id,42303994190.0,262779957.0,262779957.0
1368540320,2026-07-02,28036053313,262779957,262779957,data/raw/country_code=id/dataset=product_categories/shop_id=1368540320/product_categories.csv,61,id,product_categories,1368540320,id,28036053313.0,262779957.0,262779957.0
1368540320,2026-07-02,42418380245,262779957,262779957,data/raw/country_code=id/dataset=product_categories/shop_id=1368540320/product_categories.csv,62,id,product_categories,1368540320,id,42418380245.0,262779957.0,262779957.0
1368540320,2026-07-02,42717296336,262779957,262779957,data/raw/country_code=id/dataset=product_categories/shop_id=1368540320/product_categories.csv,63,id,product_categories,1368540320,id,42717296336.0,262779957.0,262779957.0
1368540320,2026-07-02,43868361582,262779957,262779957,data/raw/country_code=id/dataset=product_categories/shop_id=1368540320/product_categories.csv,64,id,product_categories,1368540320,id,43868361582.0,262779957.0,262779957.0
1368540320,2026-07-02,43818386633,262779957,262779957,data/raw/country_code=id/dataset=product_categories/shop_id=1368540320/product_categories.csv,65,id,product_categories,1368540320,id,43818386633.0,262779957.0,262779957.0
1368540320,2026-07-02,40004031932,262779957,262779957,data/raw/country_code=id/dataset=product_categories/shop_id=1368540320/product_categories.csv,66,id,product_categories,1368540320,id,40004031932.0,262779957.0,262779957.0
1368540320,2026-07-02,29141311734,262779957,262779957,data/raw/country_code=id/dataset=product_categories/shop_id=1368540320/product_categories.csv,67,id,product_categories,1368540320,id,29141311734.0,262779957.0,262779957.0
1368540320,2026-07-02,40067607690,262780771,262780771,data/raw/country_code=id/dataset=product_categories/shop_id=1368540320/product_categories.csv,68,id,product_categories,1368540320,id,40067607690.0,262780771.0,262780771.0
1368540320,2026-07-02,43317569775,262780771,262780771,data/raw/country_code=id/dataset=product_categories/shop_id=1368540320/product_categories.csv,69,id,product_categories,1368540320,id,43317569775.0,262780771.0,262780771.0
1368540320,2026-07-02,40004031932,262780771,262780771,data/raw/country_code=id/dataset=product_categories/shop_id=1368540320/product_categories.csv,70,id,product_categories,1368540320,id,40004031932.0,262780771.0,262780771.0
1368540320,2026-07-02,49162304776,262780771,262780771,data/raw/country_code=id/dataset=product_categories/shop_id=1368540320/product_categories.csv,71,id,product_categories,1368540320,id,49162304776.0,262780771.0,262780771.0
1368540320,2026-07-02,51712602574,262780771,262780771,data/raw/country_code=id/dataset=product_categories/shop_id=1368540320/product_categories.csv,72,id,product_categories,1368540320,id,51712602574.0,262780771.0,262780771.0
1368540320,2026-07-02,46662299954,262780771,262780771,data/raw/country_code=id/dataset=product_categories/shop_id=1368540320/product_categories.csv,73,id,product_categories,1368540320,id,46662299954.0,262780771.0,262780771.0
1368540320,2026-07-02,40381755746,262780771,262780771,data/raw/country_code=id/dataset=product_categories/shop_id=1368540320/product_categories.csv,74,id,product_categories,1368540320,id,40381755746.0,262780771.0,262780771.0
1368540320,2026-07-02,41753991537,262780771,262780771,data/raw/country_code=id/dataset=product_categories/shop_id=1368540320/product_categories.csv,75,id,product_categories,1368540320,id,41753991537.0,262780771.0,262780771.0
1368540320,2026-07-02,40118761850,262780833,262780833,data/raw/country_code=id/dataset=product_categories/shop_id=1368540320/product_categories.csv,76,id,product_categories,1368540320,id,40118761850.0,262780833.0,262780833.0
1368540320,2026-07-02,50903219820,262780833,262780833,data/raw/country_code=id/dataset=product_categories/shop_id=1368540320/product_categories.csv,77,id,product_categories,1368540320,id,50903219820.0,262780833.0,262780833.0
1368540320,2026-07-02,56600897084,262780833,262780833,data/raw/country_code=id/dataset=product_categories/shop_id=1368540320/product_categories.csv,78,id,product_categories,1368540320,id,56600897084.0,262780833.0,262780833.0
1368540320,2026-07-02,28934445366,262780833,262780833,data/raw/country_code=id/dataset=product_categories/shop_id=1368540320/product_categories.csv,79,id,product_categories,1368540320,id,28934445366.0,262780833.0,262780833.0
1368540320,2026-07-02,54952247520,262781097,262781097,data/raw/country_code=id/dataset=product_categories/shop_id=1368540320/product_categories.csv,80,id,product_categories,1368540320,id,54952247520.0,262781097.0,262781097.0
1368540320,2026-07-02,56600897084,262781097,262781097,data/raw/country_code=id/dataset=product_categories/shop_id=1368540320/product_categories.csv,81,id,product_categories,1368540320,id,56600897084.0,262781097.0,262781097.0
1368540320,2026-07-02,28934445366,262781097,262781097,data/raw/country_code=id/dataset=product_categories/shop_id=1368540320/product_categories.csv,82,id,product_categories,1368540320,id,28934445366.0,262781097.0,262781097.0
1368540320,2026-07-02,50900285453,262781097,262781097,data/raw/country_code=id/dataset=product_categories/shop_id=1368540320/product_categories.csv,83,id,product_categories,1368540320,id,50900285453.0,262781097.0,262781097.0
1368540320,2026-07-02,57161987975,262782016,262782016,data/raw/country_code=id/dataset=product_categories/shop_id=1368540320/product_categories.csv,84,id,product_categories,1368540320,id,57161987975.0,262782016.0,262782016.0
1368540320,2026-07-02,51162804412,262782016,262782016,data/raw/country_code=id/dataset=product_categories/shop_id=1368540320/product_categories.csv,85,id,product_categories,1368540320,id,51162804412.0,262782016.0,262782016.0
1368540320,2026-07-02,54412798940,262782016,262782016,data/raw/country_code=id/dataset=product_categories/shop_id=1368540320/product_categories.csv,86,id,product_categories,1368540320,id,54412798940.0,262782016.0,262782016.0
1368540320,2026-07-02,49162304776,262782016,262782016,data/raw/country_code=id/dataset=product_categories/shop_id=1368540320/product_categories.csv,87,id,product_categories,1368540320,id,49162304776.0,262782016.0,262782016.0
1368540320,2026-07-02,51712602574,262782016,262782016,data/raw/country_code=id/dataset=product_categories/shop_id=1368540320/product_categories.csv,88,id,product_categories,1368540320,id,51712602574.0,262782016.0,262782016.0
1368540320,2026-07-02,46662299954,262782016,262782016,data/raw/country_code=id/dataset=product_categories/shop_id=1368540320/product_categories.csv,89,id,product_categories,1368540320,id,46662299954.0,262782016.0,262782016.0
1368540320,2026-07-02,40381755746,262782016,262782016,data/raw/country_code=id/dataset=product_categories/shop_id=1368540320/product_categories.csv,90,id,product_categories,1368540320,id,40381755746.0,262782016.0,262782016.0
1368540320,2026-07-02,50900285453,266725540,266725540,data/raw/country_code=id/dataset=product_categories/shop_id=1368540320/product_categories.csv,91,id,product_categories,1368540320,id,50900285453.0,266725540.0,266725540.0
1368540320,2026-07-02,43131681384,266725540,266725540,data/raw/country_code=id/dataset=product_categories/shop_id=1368540320/product_categories.csv,92,id,product_categories,1368540320,id,43131681384.0,266725540.0,266725540.0
1368540320,2026-07-02,56810310860,266725540,266725540,data/raw/country_code=id/dataset=product_categories/shop_id=1368540320/product_categories.csv,93,id,product_categories,1368540320,id,56810310860.0,266725540.0,266725540.0
1368540320,2026-07-03,28934445366,258485608,258485608,data/raw/country_code=id/dataset=product_categories/shop_id=1368540320/product_categories.csv,94,id,product_categories,1368540320,id,28934445366.0,258485608.0,258485608.0
1368540320,2026-07-03,26120309394,258485608,258485608,data/raw/country_code=id/dataset=product_categories/shop_id=1368540320/product_categories.csv,95,id,product_categories,1368540320,id,26120309394.0,258485608.0,258485608.0
1368540320,2026-07-03,40067607690,258485608,258485608,data/raw/country_code=id/dataset=product_categories/shop_id=1368540320/product_categories.csv,96,id,product_categories,1368540320,id,40067607690.0,258485608.0,258485608.0
1368540320,2026-07-03,28036053313,258485608,258485608,data/raw/country_code=id/dataset=product_categories/shop_id=1368540320/product_categories.csv,97,id,product_categories,1368540320,id,28036053313.0,258485608.0,258485608.0
1368540320,2026-07-03,56600897084,258485608,258485608,data/raw/country_code=id/dataset=product_categories/shop_id=1368540320/product_categories.csv,98,id,product_categories,1368540320,id,56600897084.0,258485608.0,258485608.0
1368540320,2026-07-03,50900285453,258485608,258485608,data/raw/country_code=id/dataset=product_categories/shop_id=1368540320/product_categories.csv,99,id,product_categories,1368540320,id,50900285453.0,258485608.0,258485608.0
1368540320,2026-07-03,40004031932,258485608,258485608,data/raw/country_code=id/dataset=product_categories/shop_id=1368540320/product_categories.csv,100,id,product_categories,1368540320,id,40004031932.0,258485608.0,258485608.0
1368540320,2026-07-03,41753991537,258485608,258485608,data/raw/country_code=id/dataset=product_categories/shop_id=1368540320/product_categories.csv,101,id,product_categories,1368540320,id,41753991537.0,258485608.0,258485608.0
1368540320,2026-07-03,26120309394,258530308,258530308,data/raw/country_code=id/dataset=product_categories/shop_id=1368540320/product_categories.csv,102,id,product_categories,1368540320,id,26120309394.0,258530308.0,258530308.0
1368540320,2026-07-03,42377307283,258530308,258530308,data/raw/country_code=id/dataset=product_categories/shop_id=1368540320/product_categories.csv,103,id,product_categories,1368540320,id,42377307283.0,258530308.0,258530308.0
1368540320,2026-07-03,40216847326,258530308,258530308,data/raw/country_code=id/dataset=product_categories/shop_id=1368540320/product_categories.csv,104,id,product_categories,1368540320,id,40216847326.0,258530308.0,258530308.0
1368540320,2026-07-03,42418380245,262779957,262779957,data/raw/country_code=id/dataset=product_categories/shop_id=1368540320/product_categories.csv,105,id,product_categories,1368540320,id,42418380245.0,262779957.0,262779957.0
1368540320,2026-07-03,42303994190,262779957,262779957,data/raw/country_code=id/dataset=product_categories/shop_id=1368540320/product_categories.csv,106,id,product_categories,1368540320,id,42303994190.0,262779957.0,262779957.0
1368540320,2026-07-03,28036053313,262779957,262779957,data/raw/country_code=id/dataset=product_categories/shop_id=1368540320/product_categories.csv,107,id,product_categories,1368540320,id,28036053313.0,262779957.0,262779957.0
1368540320,2026-07-03,42717296336,262779957,262779957,data/raw/country_code=id/dataset=product_categories/shop_id=1368540320/product_categories.csv,108,id,product_categories,1368540320,id,42717296336.0,262779957.0,262779957.0
1368540320,2026-07-03,43818386633,262779957,262779957,data/raw/country_code=id/dataset=product_categories/shop_id=1368540320/product_categories.csv,109,id,product_categories,1368540320,id,43818386633.0,262779957.0,262779957.0
1368540320,2026-07-03,40216847326,262779957,262779957,data/raw/country_code=id/dataset=product_categories/shop_id=1368540320/product_categories.csv,110,id,product_categories,1368540320,id,40216847326.0,262779957.0,262779957.0
1368540320,2026-07-03,40004031932,262779957,262779957,data/raw/country_code=id/dataset=product_categories/shop_id=1368540320/product_categories.csv,111,id,product_categories,1368540320,id,40004031932.0,262779957.0,262779957.0
1368540320,2026-07-03,29141311734,262779957,262779957,data/raw/country_code=id/dataset=product_categories/shop_id=1368540320/product_categories.csv,112,id,product_categories,1368540320,id,29141311734.0,262779957.0,262779957.0
1368540320,2026-07-03,43868361582,262779957,262779957,data/raw/country_code=id/dataset=product_categories/shop_id=1368540320/product_categories.csv,113,id,product_categories,1368540320,id,43868361582.0,262779957.0,262779957.0
1368540320,2026-07-03,40067607690,262780771,262780771,data/raw/country_code=id/dataset=product_categories/shop_id=1368540320/product_categories.csv,114,id,product_categories,1368540320,id,40067607690.0,262780771.0,262780771.0
1368540320,2026-07-03,43317569775,262780771,262780771,data/raw/country_code=id/dataset=product_categories/shop_id=1368540320/product_categories.csv,115,id,product_categories,1368540320,id,43317569775.0,262780771.0,262780771.0
1368540320,2026-07-03,51712602574,262780771,262780771,data/raw/country_code=id/dataset=product_categories/shop_id=1368540320/product_categories.csv,116,id,product_categories,1368540320,id,51712602574.0,262780771.0,262780771.0
1368540320,2026-07-03,46662299954,262780771,262780771,data/raw/country_code=id/dataset=product_categories/shop_id=1368540320/product_categories.csv,117,id,product_categories,1368540320,id,46662299954.0,262780771.0,262780771.0
1368540320,2026-07-03,40004031932,262780771,262780771,data/raw/country_code=id/dataset=product_categories/shop_id=1368540320/product_categories.csv,118,id,product_categories,1368540320,id,40004031932.0,262780771.0,262780771.0
1368540320,2026-07-03,41753991537,262780771,262780771,data/raw/country_code=id/dataset=product_categories/shop_id=1368540320/product_categories.csv,119,id,product_categories,1368540320,id,41753991537.0,262780771.0,262780771.0
1368540320,2026-07-03,40381755746,262780771,262780771,data/raw/country_code=id/dataset=product_categories/shop_id=1368540320/product_categories.csv,120,id,product_categories,1368540320,id,40381755746.0,262780771.0,262780771.0
1368540320,2026-07-03,49162304776,262780771,262780771,data/raw/country_code=id/dataset=product_categories/shop_id=1368540320/product_categories.csv,121,id,product_categories,1368540320,id,49162304776.0,262780771.0,262780771.0
1368540320,2026-07-03,40118761850,262780833,262780833,data/raw/country_code=id/dataset=product_categories/shop_id=1368540320/product_categories.csv,122,id,product_categories,1368540320,id,40118761850.0,262780833.0,262780833.0
1368540320,2026-07-03,28934445366,262780833,262780833,data/raw/country_code=id/dataset=product_categories/shop_id=1368540320/product_categories.csv,123,id,product_categories,1368540320,id,28934445366.0,262780833.0,262780833.0
1368540320,2026-07-03,56600897084,262780833,262780833,data/raw/country_code=id/dataset=product_categories/shop_id=1368540320/product_categories.csv,124,id,product_categories,1368540320,id,56600897084.0,262780833.0,262780833.0
1368540320,2026-07-03,50903219820,262780833,262780833,data/raw/country_code=id/dataset=product_categories/shop_id=1368540320/product_categories.csv,125,id,product_categories,1368540320,id,50903219820.0,262780833.0,262780833.0
1368540320,2026-07-03,28934445366,262781097,262781097,data/raw/country_code=id/dataset=product_categories/shop_id=1368540320/product_categories.csv,126,id,product_categories,1368540320,id,28934445366.0,262781097.0,262781097.0
1368540320,2026-07-03,54952247520,262781097,262781097,data/raw/country_code=id/dataset=product_categories/shop_id=1368540320/product_categories.csv,127,id,product_categories,1368540320,id,54952247520.0,262781097.0,262781097.0
1368540320,2026-07-03,56600897084,262781097,262781097,data/raw/country_code=id/dataset=product_categories/shop_id=1368540320/product_categories.csv,128,id,product_categories,1368540320,id,56600897084.0,262781097.0,262781097.0
1368540320,2026-07-03,50900285453,262781097,262781097,data/raw/country_code=id/dataset=product_categories/shop_id=1368540320/product_categories.csv,129,id,product_categories,1368540320,id,50900285453.0,262781097.0,262781097.0
1368540320,2026-07-03,57161987975,262782016,262782016,data/raw/country_code=id/dataset=product_categories/shop_id=1368540320/product_categories.csv,130,id,product_categories,1368540320,id,57161987975.0,262782016.0,262782016.0
1368540320,2026-07-03,54412798940,262782016,262782016,data/raw/country_code=id/dataset=product_categories/shop_id=1368540320/product_categories.csv,131,id,product_categories,1368540320,id,54412798940.0,262782016.0,262782016.0
1368540320,2026-07-03,51162804412,262782016,262782016,data/raw/country_code=id/dataset=product_categories/shop_id=1368540320/product_categories.csv,132,id,product_categories,1368540320,id,51162804412.0,262782016.0,262782016.0
1368540320,2026-07-03,51712602574,262782016,262782016,data/raw/country_code=id/dataset=product_categories/shop_id=1368540320/product_categories.csv,133,id,product_categories,1368540320,id,51712602574.0,262782016.0,262782016.0
1368540320,2026-07-03,46662299954,262782016,262782016,data/raw/country_code=id/dataset=product_categories/shop_id=1368540320/product_categories.csv,134,id,product_categories,1368540320,id,46662299954.0,262782016.0,262782016.0
1368540320,2026-07-03,40381755746,262782016,262782016,data/raw/country_code=id/dataset=product_categories/shop_id=1368540320/product_categories.csv,135,id,product_categories,1368540320,id,40381755746.0,262782016.0,262782016.0
1368540320,2026-07-03,49162304776,262782016,262782016,data/raw/country_code=id/dataset=product_categories/shop_id=1368540320/product_categories.csv,136,id,product_categories,1368540320,id,49162304776.0,262782016.0,262782016.0
1368540320,2026-07-03,56810310860,266725540,266725540,data/raw/country_code=id/dataset=product_categories/shop_id=1368540320/product_categories.csv,137,id,product_categories,1368540320,id,56810310860.0,266725540.0,266725540.0
1368540320,2026-07-03,50900285453,266725540,266725540,data/raw/country_code=id/dataset=product_categories/shop_id=1368540320/product_categories.csv,138,id,product_categories,1368540320,id,50900285453.0,266725540.0,266725540.0
1368540320,2026-07-03,43131681384,266725540,266725540,data/raw/country_code=id/dataset=product_categories/shop_id=1368540320/product_categories.csv,139,id,product_categories,1368540320,id,43131681384.0,266725540.0,266725540.0
1379527329,2026-07-01,28767473302,256769110,256769110,data/raw/country_code=id/dataset=product_categories/shop_id=1379527329/product_categories.csv,2,id,product_categories,1379527329,id,28767473302.0,256769110.0,256769110.0
1379527329,2026-07-01,51752816901,256769111,256769111,data/raw/country_code=id/dataset=product_categories/shop_id=1379527329/product_categories.csv,3,id,product_categories,1379527329,id,51752816901.0,256769111.0,256769111.0
1379527329,2026-07-01,55852808572,256769111,256769111,data/raw/country_code=id/dataset=product_categories/shop_id=1379527329/product_categories.csv,4,id,product_categories,1379527329,id,55852808572.0,256769111.0,256769111.0
1379527329,2026-07-01,56752813162,256769111,256769111,data/raw/country_code=id/dataset=product_categories/shop_id=1379527329/product_categories.csv,5,id,product_categories,1379527329,id,56752813162.0,256769111.0,256769111.0
1379527329,2026-07-01,48051897514,256769111,256769111,data/raw/country_code=id/dataset=product_categories/shop_id=1379527329/product_categories.csv,6,id,product_categories,1379527329,id,48051897514.0,256769111.0,256769111.0
1379527329,2026-07-01,51602803213,256769111,256769111,data/raw/country_code=id/dataset=product_categories/shop_id=1379527329/product_categories.csv,7,id,product_categories,1379527329,id,51602803213.0,256769111.0,256769111.0
1379527329,2026-07-01,51302813419,256769111,256769111,data/raw/country_code=id/dataset=product_categories/shop_id=1379527329/product_categories.csv,8,id,product_categories,1379527329,id,51302813419.0,256769111.0,256769111.0
1379527329,2026-07-01,24987588378,256769111,256769111,data/raw/country_code=id/dataset=product_categories/shop_id=1379527329/product_categories.csv,9,id,product_categories,1379527329,id,24987588378.0,256769111.0,256769111.0
1379527329,2026-07-01,28720143774,256769111,256769111,data/raw/country_code=id/dataset=product_categories/shop_id=1379527329/product_categories.csv,10,id,product_categories,1379527329,id,28720143774.0,256769111.0,256769111.0
1379527329,2026-07-01,29365482743,256769113,256769113,data/raw/country_code=id/dataset=product_categories/shop_id=1379527329/product_categories.csv,11,id,product_categories,1379527329,id,29365482743.0,256769113.0,256769113.0
1379527329,2026-07-01,27365465554,256769114,256769114,data/raw/country_code=id/dataset=product_categories/shop_id=1379527329/product_categories.csv,12,id,product_categories,1379527329,id,27365465554.0,256769114.0,256769114.0
1379527329,2026-07-01,49163119181,256769114,256769114,data/raw/country_code=id/dataset=product_categories/shop_id=1379527329/product_categories.csv,13,id,product_categories,1379527329,id,49163119181.0,256769114.0,256769114.0
1379527329,2026-07-02,28767473302,256769110,256769110,data/raw/country_code=id/dataset=product_categories/shop_id=1379527329/product_categories.csv,14,id,product_categories,1379527329,id,28767473302.0,256769110.0,256769110.0
1379527329,2026-07-02,51752816901,256769111,256769111,data/raw/country_code=id/dataset=product_categories/shop_id=1379527329/product_categories.csv,15,id,product_categories,1379527329,id,51752816901.0,256769111.0,256769111.0
1379527329,2026-07-02,55852808572,256769111,256769111,data/raw/country_code=id/dataset=product_categories/shop_id=1379527329/product_categories.csv,16,id,product_categories,1379527329,id,55852808572.0,256769111.0,256769111.0
1379527329,2026-07-02,56752813162,256769111,256769111,data/raw/country_code=id/dataset=product_categories/shop_id=1379527329/product_categories.csv,17,id,product_categories,1379527329,id,56752813162.0,256769111.0,256769111.0
1379527329,2026-07-02,51602803213,256769111,256769111,data/raw/country_code=id/dataset=product_categories/shop_id=1379527329/product_categories.csv,18,id,product_categories,1379527329,id,51602803213.0,256769111.0,256769111.0
1379527329,2026-07-02,48051897514,256769111,256769111,data/raw/country_code=id/dataset=product_categories/shop_id=1379527329/product_categories.csv,19,id,product_categories,1379527329,id,48051897514.0,256769111.0,256769111.0
1379527329,2026-07-02,51302813419,256769111,256769111,data/raw/country_code=id/dataset=product_categories/shop_id=1379527329/product_categories.csv,20,id,product_categories,1379527329,id,51302813419.0,256769111.0,256769111.0
1379527329,2026-07-02,24987588378,256769111,256769111,data/raw/country_code=id/dataset=product_categories/shop_id=1379527329/product_categories.csv,21,id,product_categories,1379527329,id,24987588378.0,256769111.0,256769111.0
1379527329,2026-07-02,28720143774,256769111,256769111,data/raw/country_code=id/dataset=product_categories/shop_id=1379527329/product_categories.csv,22,id,product_categories,1379527329,id,28720143774.0,256769111.0,256769111.0
1379527329,2026-07-02,29365482743,256769113,256769113,data/raw/country_code=id/dataset=product_categories/shop_id=1379527329/product_categories.csv,23,id,product_categories,1379527329,id,29365482743.0,256769113.0,256769113.0
1379527329,2026-07-02,27365465554,256769114,256769114,data/raw/country_code=id/dataset=product_categories/shop_id=1379527329/product_categories.csv,24,id,product_categories,1379527329,id,27365465554.0,256769114.0,256769114.0
1379527329,2026-07-02,49163119181,256769114,256769114,data/raw/country_code=id/dataset=product_categories/shop_id=1379527329/product_categories.csv,25,id,product_categories,1379527329,id,49163119181.0,256769114.0,256769114.0
1379527329,2026-07-03,28767473302,256769110,256769110,data/raw/country_code=id/dataset=product_categories/shop_id=1379527329/product_categories.csv,26,id,product_categories,1379527329,id,28767473302.0,256769110.0,256769110.0
1379527329,2026-07-03,44863265062,256769110,256769110,data/raw/country_code=id/dataset=product_categories/shop_id=1379527329/product_categories.csv,27,id,product_categories,1379527329,id,44863265062.0,256769110.0,256769110.0
1379527329,2026-07-03,51602803213,256769111,256769111,data/raw/country_code=id/dataset=product_categories/shop_id=1379527329/product_categories.csv,28,id,product_categories,1379527329,id,51602803213.0,256769111.0,256769111.0
1379527329,2026-07-03,51752816901,256769111,256769111,data/raw/country_code=id/dataset=product_categories/shop_id=1379527329/product_categories.csv,29,id,product_categories,1379527329,id,51752816901.0,256769111.0,256769111.0
1379527329,2026-07-03,48051897514,256769111,256769111,data/raw/country_code=id/dataset=product_categories/shop_id=1379527329/product_categories.csv,30,id,product_categories,1379527329,id,48051897514.0,256769111.0,256769111.0
1379527329,2026-07-03,24987588378,256769111,256769111,data/raw/country_code=id/dataset=product_categories/shop_id=1379527329/product_categories.csv,31,id,product_categories,1379527329,id,24987588378.0,256769111.0,256769111.0
1379527329,2026-07-03,28720143774,256769111,256769111,data/raw/country_code=id/dataset=product_categories/shop_id=1379527329/product_categories.csv,32,id,product_categories,1379527329,id,28720143774.0,256769111.0,256769111.0
1379527329,2026-07-03,55852808572,256769111,256769111,data/raw/country_code=id/dataset=product_categories/shop_id=1379527329/product_categories.csv,33,id,product_categories,1379527329,id,55852808572.0,256769111.0,256769111.0
1379527329,2026-07-03,56752813162,256769111,256769111,data/raw/country_code=id/dataset=product_categories/shop_id=1379527329/product_categories.csv,34,id,product_categories,1379527329,id,56752813162.0,256769111.0,256769111.0
1379527329,2026-07-03,51302813419,256769111,256769111,data/raw/country_code=id/dataset=product_categories/shop_id=1379527329/product_categories.csv,35,id,product_categories,1379527329,id,51302813419.0,256769111.0,256769111.0
1379527329,2026-07-03,29365482743,256769113,256769113,data/raw/country_code=id/dataset=product_categories/shop_id=1379527329/product_categories.csv,36,id,product_categories,1379527329,id,29365482743.0,256769113.0,256769113.0
1379527329,2026-07-03,49163119181,256769114,256769114,data/raw/country_code=id/dataset=product_categories/shop_id=1379527329/product_categories.csv,37,id,product_categories,1379527329,id,49163119181.0,256769114.0,256769114.0
1379527329,2026-07-03,27365465554,256769114,256769114,data/raw/country_code=id/dataset=product_categories/shop_id=1379527329/product_categories.csv,38,id,product_categories,1379527329,id,27365465554.0,256769114.0,256769114.0
187405886,2026-07-01,26356380661,106309332,106309332,data/raw/country_code=id/dataset=product_categories/shop_id=187405886/product_categories.csv,2,id,product_categories,187405886,id,26356380661.0,106309332.0,106309332.0
187405886,2026-07-01,28058861346,106309332,106309332,data/raw/country_code=id/dataset=product_categories/shop_id=187405886/product_categories.csv,3,id,product_categories,187405886,id,28058861346.0,106309332.0,106309332.0
187405886,2026-07-01,23818940306,106309332,106309332,data/raw/country_code=id/dataset=product_categories/shop_id=187405886/product_categories.csv,4,id,product_categories,187405886,id,23818940306.0,106309332.0,106309332.0
187405886,2026-07-01,27114992184,106309332,106309332,data/raw/country_code=id/dataset=product_categories/shop_id=187405886/product_categories.csv,5,id,product_categories,187405886,id,27114992184.0,106309332.0,106309332.0
187405886,2026-07-01,26956380580,106309332,106309332,data/raw/country_code=id/dataset=product_categories/shop_id=187405886/product_categories.csv,6,id,product_categories,187405886,id,26956380580.0,106309332.0,106309332.0
187405886,2026-07-01,28058861346,129790326,129790326,data/raw/country_code=id/dataset=product_categories/shop_id=187405886/product_categories.csv,7,id,product_categories,187405886,id,28058861346.0,129790326.0,129790326.0
187405886,2026-07-01,23818940306,129790326,129790326,data/raw/country_code=id/dataset=product_categories/shop_id=187405886/product_categories.csv,8,id,product_categories,187405886,id,23818940306.0,129790326.0,129790326.0
187405886,2026-07-01,26558855879,129790326,129790326,data/raw/country_code=id/dataset=product_categories/shop_id=187405886/product_categories.csv,9,id,product_categories,187405886,id,26558855879.0,129790326.0,129790326.0
187405886,2026-07-02,26356380661,106309332,106309332,data/raw/country_code=id/dataset=product_categories/shop_id=187405886/product_categories.csv,10,id,product_categories,187405886,id,26356380661.0,106309332.0,106309332.0
187405886,2026-07-02,28058861346,106309332,106309332,data/raw/country_code=id/dataset=product_categories/shop_id=187405886/product_categories.csv,11,id,product_categories,187405886,id,28058861346.0,106309332.0,106309332.0
187405886,2026-07-02,23818940306,106309332,106309332,data/raw/country_code=id/dataset=product_categories/shop_id=187405886/product_categories.csv,12,id,product_categories,187405886,id,23818940306.0,106309332.0,106309332.0
187405886,2026-07-02,27114992184,106309332,106309332,data/raw/country_code=id/dataset=product_categories/shop_id=187405886/product_categories.csv,13,id,product_categories,187405886,id,27114992184.0,106309332.0,106309332.0
187405886,2026-07-02,26956380580,106309332,106309332,data/raw/country_code=id/dataset=product_categories/shop_id=187405886/product_categories.csv,14,id,product_categories,187405886,id,26956380580.0,106309332.0,106309332.0
187405886,2026-07-02,28058861346,129790326,129790326,data/raw/country_code=id/dataset=product_categories/shop_id=187405886/product_categories.csv,15,id,product_categories,187405886,id,28058861346.0,129790326.0,129790326.0
187405886,2026-07-02,23818940306,129790326,129790326,data/raw/country_code=id/dataset=product_categories/shop_id=187405886/product_categories.csv,16,id,product_categories,187405886,id,23818940306.0,129790326.0,129790326.0
187405886,2026-07-02,26558855879,129790326,129790326,data/raw/country_code=id/dataset=product_categories/shop_id=187405886/product_categories.csv,17,id,product_categories,187405886,id,26558855879.0,129790326.0,129790326.0
187405886,2026-07-03,27114992184,106309332,106309332,data/raw/country_code=id/dataset=product_categories/shop_id=187405886/product_categories.csv,18,id,product_categories,187405886,id,27114992184.0,106309332.0,106309332.0
187405886,2026-07-03,26356380661,106309332,106309332,data/raw/country_code=id/dataset=product_categories/shop_id=187405886/product_categories.csv,19,id,product_categories,187405886,id,26356380661.0,106309332.0,106309332.0
187405886,2026-07-03,28058861346,106309332,106309332,data/raw/country_code=id/dataset=product_categories/shop_id=187405886/product_categories.csv,20,id,product_categories,187405886,id,28058861346.0,106309332.0,106309332.0
187405886,2026-07-03,23818940306,106309332,106309332,data/raw/country_code=id/dataset=product_categories/shop_id=187405886/product_categories.csv,21,id,product_categories,187405886,id,23818940306.0,106309332.0,106309332.0
187405886,2026-07-03,26956380580,106309332,106309332,data/raw/country_code=id/dataset=product_categories/shop_id=187405886/product_categories.csv,22,id,product_categories,187405886,id,26956380580.0,106309332.0,106309332.0
187405886,2026-07-03,28058861346,129790326,129790326,data/raw/country_code=id/dataset=product_categories/shop_id=187405886/product_categories.csv,23,id,product_categories,187405886,id,28058861346.0,129790326.0,129790326.0
187405886,2026-07-03,23818940306,129790326,129790326,data/raw/country_code=id/dataset=product_categories/shop_id=187405886/product_categories.csv,24,id,product_categories,187405886,id,23818940306.0,129790326.0,129790326.0
187405886,2026-07-03,26558855879,129790326,129790326,data/raw/country_code=id/dataset=product_categories/shop_id=187405886/product_categories.csv,25,id,product_categories,187405886,id,26558855879.0,129790326.0,129790326.0
200048291,2026-07-01,28935499288,246753101,246753101,data/raw/country_code=id/dataset=product_categories/shop_id=200048291/product_categories.csv,2,id,product_categories,200048291,id,28935499288.0,246753101.0,246753101.0
200048291,2026-07-01,23818896819,246753329,246753329,data/raw/country_code=id/dataset=product_categories/shop_id=200048291/product_categories.csv,3,id,product_categories,200048291,id,23818896819.0,246753329.0,246753329.0
200048291,2026-07-01,19624870891,246753329,246753329,data/raw/country_code=id/dataset=product_categories/shop_id=200048291/product_categories.csv,4,id,product_categories,200048291,id,19624870891.0,246753329.0,246753329.0
200048291,2026-07-01,22524564316,246753329,246753329,data/raw/country_code=id/dataset=product_categories/shop_id=200048291/product_categories.csv,5,id,product_categories,200048291,id,22524564316.0,246753329.0,246753329.0
200048291,2026-07-01,14489950263,246753329,246753329,data/raw/country_code=id/dataset=product_categories/shop_id=200048291/product_categories.csv,6,id,product_categories,200048291,id,14489950263.0,246753329.0,246753329.0
200048291,2026-07-01,18873489157,246753329,246753329,data/raw/country_code=id/dataset=product_categories/shop_id=200048291/product_categories.csv,7,id,product_categories,200048291,id,18873489157.0,246753329.0,246753329.0
200048291,2026-07-01,23124817429,246753329,246753329,data/raw/country_code=id/dataset=product_categories/shop_id=200048291/product_categories.csv,8,id,product_categories,200048291,id,23124817429.0,246753329.0,246753329.0
200048291,2026-07-01,21524866550,246753329,246753329,data/raw/country_code=id/dataset=product_categories/shop_id=200048291/product_categories.csv,9,id,product_categories,200048291,id,21524866550.0,246753329.0,246753329.0
200048291,2026-07-01,20324876969,246753329,246753329,data/raw/country_code=id/dataset=product_categories/shop_id=200048291/product_categories.csv,10,id,product_categories,200048291,id,20324876969.0,246753329.0,246753329.0
200048291,2026-07-01,24391909325,246753392,246753392,data/raw/country_code=id/dataset=product_categories/shop_id=200048291/product_categories.csv,11,id,product_categories,200048291,id,24391909325.0,246753392.0,246753392.0
200048291,2026-07-01,24852213455,246753392,246753392,data/raw/country_code=id/dataset=product_categories/shop_id=200048291/product_categories.csv,12,id,product_categories,200048291,id,24852213455.0,246753392.0,246753392.0
200048291,2026-07-01,25792854551,246753392,246753392,data/raw/country_code=id/dataset=product_categories/shop_id=200048291/product_categories.csv,13,id,product_categories,200048291,id,25792854551.0,246753392.0,246753392.0
200048291,2026-07-01,12173928596,246753422,246753422,data/raw/country_code=id/dataset=product_categories/shop_id=200048291/product_categories.csv,14,id,product_categories,200048291,id,12173928596.0,246753422.0,246753422.0
200048291,2026-07-01,19831965366,246753422,246753422,data/raw/country_code=id/dataset=product_categories/shop_id=200048291/product_categories.csv,15,id,product_categories,200048291,id,19831965366.0,246753422.0,246753422.0
200048291,2026-07-01,18720054806,246753422,246753422,data/raw/country_code=id/dataset=product_categories/shop_id=200048291/product_categories.csv,16,id,product_categories,200048291,id,18720054806.0,246753422.0,246753422.0
200048291,2026-07-01,23628781470,246753422,246753422,data/raw/country_code=id/dataset=product_categories/shop_id=200048291/product_categories.csv,17,id,product_categories,200048291,id,23628781470.0,246753422.0,246753422.0
200048291,2026-07-01,18094530150,249753876,249753876,data/raw/country_code=id/dataset=product_categories/shop_id=200048291/product_categories.csv,18,id,product_categories,200048291,id,18094530150.0,249753876.0,249753876.0
200048291,2026-07-01,24391909325,249753876,249753876,data/raw/country_code=id/dataset=product_categories/shop_id=200048291/product_categories.csv,19,id,product_categories,200048291,id,24391909325.0,249753876.0,249753876.0
200048291,2026-07-01,22658820157,249753876,249753876,data/raw/country_code=id/dataset=product_categories/shop_id=200048291/product_categories.csv,20,id,product_categories,200048291,id,22658820157.0,249753876.0,249753876.0
200048291,2026-07-01,12173928596,37805375,37805375,data/raw/country_code=id/dataset=product_categories/shop_id=200048291/product_categories.csv,21,id,product_categories,200048291,id,12173928596.0,37805375.0,37805375.0
200048291,2026-07-01,18094530150,37805375,37805375,data/raw/country_code=id/dataset=product_categories/shop_id=200048291/product_categories.csv,22,id,product_categories,200048291,id,18094530150.0,37805375.0,37805375.0
200048291,2026-07-01,24391909325,37805375,37805375,data/raw/country_code=id/dataset=product_categories/shop_id=200048291/product_categories.csv,23,id,product_categories,200048291,id,24391909325.0,37805375.0,37805375.0
200048291,2026-07-01,23818896819,37805375,37805375,data/raw/country_code=id/dataset=product_categories/shop_id=200048291/product_categories.csv,24,id,product_categories,200048291,id,23818896819.0,37805375.0,37805375.0
200048291,2026-07-01,18720054806,37805375,37805375,data/raw/country_code=id/dataset=product_categories/shop_id=200048291/product_categories.csv,25,id,product_categories,200048291,id,18720054806.0,37805375.0,37805375.0
200048291,2026-07-01,28935499288,37805375,37805375,data/raw/country_code=id/dataset=product_categories/shop_id=200048291/product_categories.csv,26,id,product_categories,200048291,id,28935499288.0,37805375.0,37805375.0
200048291,2026-07-01,20324876969,37805375,37805375,data/raw/country_code=id/dataset=product_categories/shop_id=200048291/product_categories.csv,27,id,product_categories,200048291,id,20324876969.0,37805375.0,37805375.0
200048291,2026-07-02,28935499288,246753101,246753101,data/raw/country_code=id/dataset=product_categories/shop_id=200048291/product_categories.csv,28,id,product_categories,200048291,id,28935499288.0,246753101.0,246753101.0
200048291,2026-07-02,19624870891,246753329,246753329,data/raw/country_code=id/dataset=product_categories/shop_id=200048291/product_categories.csv,29,id,product_categories,200048291,id,19624870891.0,246753329.0,246753329.0
200048291,2026-07-02,23818896819,246753329,246753329,data/raw/country_code=id/dataset=product_categories/shop_id=200048291/product_categories.csv,30,id,product_categories,200048291,id,23818896819.0,246753329.0,246753329.0
200048291,2026-07-02,22524564316,246753329,246753329,data/raw/country_code=id/dataset=product_categories/shop_id=200048291/product_categories.csv,31,id,product_categories,200048291,id,22524564316.0,246753329.0,246753329.0
200048291,2026-07-02,14489950263,246753329,246753329,data/raw/country_code=id/dataset=product_categories/shop_id=200048291/product_categories.csv,32,id,product_categories,200048291,id,14489950263.0,246753329.0,246753329.0
200048291,2026-07-02,18873489157,246753329,246753329,data/raw/country_code=id/dataset=product_categories/shop_id=200048291/product_categories.csv,33,id,product_categories,200048291,id,18873489157.0,246753329.0,246753329.0
200048291,2026-07-02,23124817429,246753329,246753329,data/raw/country_code=id/dataset=product_categories/shop_id=200048291/product_categories.csv,34,id,product_categories,200048291,id,23124817429.0,246753329.0,246753329.0
200048291,2026-07-02,20324876969,246753329,246753329,data/raw/country_code=id/dataset=product_categories/shop_id=200048291/product_categories.csv,35,id,product_categories,200048291,id,20324876969.0,246753329.0,246753329.0
200048291,2026-07-02,21524866550,246753329,246753329,data/raw/country_code=id/dataset=product_categories/shop_id=200048291/product_categories.csv,36,id,product_categories,200048291,id,21524866550.0,246753329.0,246753329.0
200048291,2026-07-02,24391909325,246753392,246753392,data/raw/country_code=id/dataset=product_categories/shop_id=200048291/product_categories.csv,37,id,product_categories,200048291,id,24391909325.0,246753392.0,246753392.0
200048291,2026-07-02,24852213455,246753392,246753392,data/raw/country_code=id/dataset=product_categories/shop_id=200048291/product_categories.csv,38,id,product_categories,200048291,id,24852213455.0,246753392.0,246753392.0
200048291,2026-07-02,25792854551,246753392,246753392,data/raw/country_code=id/dataset=product_categories/shop_id=200048291/product_categories.csv,39,id,product_categories,200048291,id,25792854551.0,246753392.0,246753392.0
200048291,2026-07-02,12173928596,246753422,246753422,data/raw/country_code=id/dataset=product_categories/shop_id=200048291/product_categories.csv,40,id,product_categories,200048291,id,12173928596.0,246753422.0,246753422.0
200048291,2026-07-02,19831965366,246753422,246753422,data/raw/country_code=id/dataset=product_categories/shop_id=200048291/product_categories.csv,41,id,product_categories,200048291,id,19831965366.0,246753422.0,246753422.0
200048291,2026-07-02,18720054806,246753422,246753422,data/raw/country_code=id/dataset=product_categories/shop_id=200048291/product_categories.csv,42,id,product_categories,200048291,id,18720054806.0,246753422.0,246753422.0
200048291,2026-07-02,23628781470,246753422,246753422,data/raw/country_code=id/dataset=product_categories/shop_id=200048291/product_categories.csv,43,id,product_categories,200048291,id,23628781470.0,246753422.0,246753422.0
200048291,2026-07-02,18094530150,249753876,249753876,data/raw/country_code=id/dataset=product_categories/shop_id=200048291/product_categories.csv,44,id,product_categories,200048291,id,18094530150.0,249753876.0,249753876.0
200048291,2026-07-02,24391909325,249753876,249753876,data/raw/country_code=id/dataset=product_categories/shop_id=200048291/product_categories.csv,45,id,product_categories,200048291,id,24391909325.0,249753876.0,249753876.0
200048291,2026-07-02,22658820157,249753876,249753876,data/raw/country_code=id/dataset=product_categories/shop_id=200048291/product_categories.csv,46,id,product_categories,200048291,id,22658820157.0,249753876.0,249753876.0
200048291,2026-07-02,12173928596,37805375,37805375,data/raw/country_code=id/dataset=product_categories/shop_id=200048291/product_categories.csv,47,id,product_categories,200048291,id,12173928596.0,37805375.0,37805375.0
200048291,2026-07-02,18094530150,37805375,37805375,data/raw/country_code=id/dataset=product_categories/shop_id=200048291/product_categories.csv,48,id,product_categories,200048291,id,18094530150.0,37805375.0,37805375.0
200048291,2026-07-02,24391909325,37805375,37805375,data/raw/country_code=id/dataset=product_categories/shop_id=200048291/product_categories.csv,49,id,product_categories,200048291,id,24391909325.0,37805375.0,37805375.0
200048291,2026-07-02,23818896819,37805375,37805375,data/raw/country_code=id/dataset=product_categories/shop_id=200048291/product_categories.csv,50,id,product_categories,200048291,id,23818896819.0,37805375.0,37805375.0
200048291,2026-07-02,18720054806,37805375,37805375,data/raw/country_code=id/dataset=product_categories/shop_id=200048291/product_categories.csv,51,id,product_categories,200048291,id,18720054806.0,37805375.0,37805375.0
200048291,2026-07-02,28935499288,37805375,37805375,data/raw/country_code=id/dataset=product_categories/shop_id=200048291/product_categories.csv,52,id,product_categories,200048291,id,28935499288.0,37805375.0,37805375.0
200048291,2026-07-02,20324876969,37805375,37805375,data/raw/country_code=id/dataset=product_categories/shop_id=200048291/product_categories.csv,53,id,product_categories,200048291,id,20324876969.0,37805375.0,37805375.0
200048291,2026-07-03,28935499288,246753101,246753101,data/raw/country_code=id/dataset=product_categories/shop_id=200048291/product_categories.csv,54,id,product_categories,200048291,id,28935499288.0,246753101.0,246753101.0
200048291,2026-07-03,19624870891,246753329,246753329,data/raw/country_code=id/dataset=product_categories/shop_id=200048291/product_categories.csv,55,id,product_categories,200048291,id,19624870891.0,246753329.0,246753329.0
200048291,2026-07-03,23818896819,246753329,246753329,data/raw/country_code=id/dataset=product_categories/shop_id=200048291/product_categories.csv,56,id,product_categories,200048291,id,23818896819.0,246753329.0,246753329.0
200048291,2026-07-03,18873489157,246753329,246753329,data/raw/country_code=id/dataset=product_categories/shop_id=200048291/product_categories.csv,57,id,product_categories,200048291,id,18873489157.0,246753329.0,246753329.0
200048291,2026-07-03,14489950263,246753329,246753329,data/raw/country_code=id/dataset=product_categories/shop_id=200048291/product_categories.csv,58,id,product_categories,200048291,id,14489950263.0,246753329.0,246753329.0
200048291,2026-07-03,22524564316,246753329,246753329,data/raw/country_code=id/dataset=product_categories/shop_id=200048291/product_categories.csv,59,id,product_categories,200048291,id,22524564316.0,246753329.0,246753329.0
200048291,2026-07-03,23124817429,246753329,246753329,data/raw/country_code=id/dataset=product_categories/shop_id=200048291/product_categories.csv,60,id,product_categories,200048291,id,23124817429.0,246753329.0,246753329.0
200048291,2026-07-03,20324876969,246753329,246753329,data/raw/country_code=id/dataset=product_categories/shop_id=200048291/product_categories.csv,61,id,product_categories,200048291,id,20324876969.0,246753329.0,246753329.0
200048291,2026-07-03,21524866550,246753329,246753329,data/raw/country_code=id/dataset=product_categories/shop_id=200048291/product_categories.csv,62,id,product_categories,200048291,id,21524866550.0,246753329.0,246753329.0
200048291,2026-07-03,24391909325,246753392,246753392,data/raw/country_code=id/dataset=product_categories/shop_id=200048291/product_categories.csv,63,id,product_categories,200048291,id,24391909325.0,246753392.0,246753392.0
200048291,2026-07-03,25792854551,246753392,246753392,data/raw/country_code=id/dataset=product_categories/shop_id=200048291/product_categories.csv,64,id,product_categories,200048291,id,25792854551.0,246753392.0,246753392.0
200048291,2026-07-03,12173928596,246753422,246753422,data/raw/country_code=id/dataset=product_categories/shop_id=200048291/product_categories.csv,65,id,product_categories,200048291,id,12173928596.0,246753422.0,246753422.0
200048291,2026-07-03,19831965366,246753422,246753422,data/raw/country_code=id/dataset=product_categories/shop_id=200048291/product_categories.csv,66,id,product_categories,200048291,id,19831965366.0,246753422.0,246753422.0
200048291,2026-07-03,23628781470,246753422,246753422,data/raw/country_code=id/dataset=product_categories/shop_id=200048291/product_categories.csv,67,id,product_categories,200048291,id,23628781470.0,246753422.0,246753422.0
200048291,2026-07-03,18720054806,246753422,246753422,data/raw/country_code=id/dataset=product_categories/shop_id=200048291/product_categories.csv,68,id,product_categories,200048291,id,18720054806.0,246753422.0,246753422.0
200048291,2026-07-03,18094530150,249753876,249753876,data/raw/country_code=id/dataset=product_categories/shop_id=200048291/product_categories.csv,69,id,product_categories,200048291,id,18094530150.0,249753876.0,249753876.0
200048291,2026-07-03,24391909325,249753876,249753876,data/raw/country_code=id/dataset=product_categories/shop_id=200048291/product_categories.csv,70,id,product_categories,200048291,id,24391909325.0,249753876.0,249753876.0
200048291,2026-07-03,22658820157,249753876,249753876,data/raw/country_code=id/dataset=product_categories/shop_id=200048291/product_categories.csv,71,id,product_categories,200048291,id,22658820157.0,249753876.0,249753876.0
200048291,2026-07-03,12173928596,37805375,37805375,data/raw/country_code=id/dataset=product_categories/shop_id=200048291/product_categories.csv,72,id,product_categories,200048291,id,12173928596.0,37805375.0,37805375.0
200048291,2026-07-03,28935499288,37805375,37805375,data/raw/country_code=id/dataset=product_categories/shop_id=200048291/product_categories.csv,73,id,product_categories,200048291,id,28935499288.0,37805375.0,37805375.0
200048291,2026-07-03,18094530150,37805375,37805375,data/raw/country_code=id/dataset=product_categories/shop_id=200048291/product_categories.csv,74,id,product_categories,200048291,id,18094530150.0,37805375.0,37805375.0
200048291,2026-07-03,23818896819,37805375,37805375,data/raw/country_code=id/dataset=product_categories/shop_id=200048291/product_categories.csv,75,id,product_categories,200048291,id,23818896819.0,37805375.0,37805375.0
200048291,2026-07-03,24391909325,37805375,37805375,data/raw/country_code=id/dataset=product_categories/shop_id=200048291/product_categories.csv,76,id,product_categories,200048291,id,24391909325.0,37805375.0,37805375.0
200048291,2026-07-03,18720054806,37805375,37805375,data/raw/country_code=id/dataset=product_categories/shop_id=200048291/product_categories.csv,77,id,product_categories,200048291,id,18720054806.0,37805375.0,37805375.0
200048291,2026-07-03,20324876969,37805375,37805375,data/raw/country_code=id/dataset=product_categories/shop_id=200048291/product_categories.csv,78,id,product_categories,200048291,id,20324876969.0,37805375.0,37805375.0
430940247,2026-07-01,25128378434,248170705,248170705,data/raw/country_code=id/dataset=product_categories/shop_id=430940247/product_categories.csv,2,id,product_categories,430940247,id,25128378434.0,248170705.0,248170705.0
430940247,2026-07-01,13891549078,257288159,257288159,data/raw/country_code=id/dataset=product_categories/shop_id=430940247/product_categories.csv,3,id,product_categories,430940247,id,13891549078.0,257288159.0,257288159.0
430940247,2026-07-01,16467668419,257288159,257288159,data/raw/country_code=id/dataset=product_categories/shop_id=430940247/product_categories.csv,4,id,product_categories,430940247,id,16467668419.0,257288159.0,257288159.0
430940247,2026-07-01,26162758938,257288159,257288159,data/raw/country_code=id/dataset=product_categories/shop_id=430940247/product_categories.csv,5,id,product_categories,430940247,id,26162758938.0,257288159.0,257288159.0
430940247,2026-07-01,21986477611,257288198,257288198,data/raw/country_code=id/dataset=product_categories/shop_id=430940247/product_categories.csv,6,id,product_categories,430940247,id,21986477611.0,257288198.0,257288198.0
430940247,2026-07-01,26211988855,257288198,257288198,data/raw/country_code=id/dataset=product_categories/shop_id=430940247/product_categories.csv,7,id,product_categories,430940247,id,26211988855.0,257288198.0,257288198.0
430940247,2026-07-01,26107772535,257288198,257288198,data/raw/country_code=id/dataset=product_categories/shop_id=430940247/product_categories.csv,8,id,product_categories,430940247,id,26107772535.0,257288198.0,257288198.0
430940247,2026-07-01,28207762425,257288198,257288198,data/raw/country_code=id/dataset=product_categories/shop_id=430940247/product_categories.csv,9,id,product_categories,430940247,id,28207762425.0,257288198.0,257288198.0
430940247,2026-07-01,26152539358,257288198,257288198,data/raw/country_code=id/dataset=product_categories/shop_id=430940247/product_categories.csv,10,id,product_categories,430940247,id,26152539358.0,257288198.0,257288198.0
430940247,2026-07-01,19386535971,257288198,257288198,data/raw/country_code=id/dataset=product_categories/shop_id=430940247/product_categories.csv,11,id,product_categories,430940247,id,19386535971.0,257288198.0,257288198.0
430940247,2026-07-01,28319706906,257288198,257288198,data/raw/country_code=id/dataset=product_categories/shop_id=430940247/product_categories.csv,12,id,product_categories,430940247,id,28319706906.0,257288198.0,257288198.0
430940247,2026-07-01,25550661955,257288198,257288198,data/raw/country_code=id/dataset=product_categories/shop_id=430940247/product_categories.csv,13,id,product_categories,430940247,id,25550661955.0,257288198.0,257288198.0
430940247,2026-07-01,26123018764,257288198,257288198,data/raw/country_code=id/dataset=product_categories/shop_id=430940247/product_categories.csv,14,id,product_categories,430940247,id,26123018764.0,257288198.0,257288198.0
430940247,2026-07-01,26757768295,257288198,257288198,data/raw/country_code=id/dataset=product_categories/shop_id=430940247/product_categories.csv,15,id,product_categories,430940247,id,26757768295.0,257288198.0,257288198.0
430940247,2026-07-01,19391572774,257288224,257288224,data/raw/country_code=id/dataset=product_categories/shop_id=430940247/product_categories.csv,16,id,product_categories,430940247,id,19391572774.0,257288224.0,257288224.0
430940247,2026-07-01,24780819359,257288224,257288224,data/raw/country_code=id/dataset=product_categories/shop_id=430940247/product_categories.csv,17,id,product_categories,430940247,id,24780819359.0,257288224.0,257288224.0
430940247,2026-07-01,29219666255,257288224,257288224,data/raw/country_code=id/dataset=product_categories/shop_id=430940247/product_categories.csv,18,id,product_categories,430940247,id,29219666255.0,257288224.0,257288224.0
430940247,2026-07-01,23648595718,257516849,257516849,data/raw/country_code=id/dataset=product_categories/shop_id=430940247/product_categories.csv,19,id,product_categories,430940247,id,23648595718.0,257516849.0,257516849.0
430940247,2026-07-01,17898155276,257516849,257516849,data/raw/country_code=id/dataset=product_categories/shop_id=430940247/product_categories.csv,20,id,product_categories,430940247,id,17898155276.0,257516849.0,257516849.0
430940247,2026-07-01,23148596857,257516849,257516849,data/raw/country_code=id/dataset=product_categories/shop_id=430940247/product_categories.csv,21,id,product_categories,430940247,id,23148596857.0,257516849.0,257516849.0
430940247,2026-07-01,43057123550,259141296,259141296,data/raw/country_code=id/dataset=product_categories/shop_id=430940247/product_categories.csv,22,id,product_categories,430940247,id,43057123550.0,259141296.0,259141296.0
430940247,2026-07-01,43907127297,259141296,259141296,data/raw/country_code=id/dataset=product_categories/shop_id=430940247/product_categories.csv,23,id,product_categories,430940247,id,43907127297.0,259141296.0,259141296.0
430940247,2026-07-01,40107130350,259141296,259141296,data/raw/country_code=id/dataset=product_categories/shop_id=430940247/product_categories.csv,24,id,product_categories,430940247,id,40107130350.0,259141296.0,259141296.0
430940247,2026-07-02,25128378434,248170705,248170705,data/raw/country_code=id/dataset=product_categories/shop_id=430940247/product_categories.csv,25,id,product_categories,430940247,id,25128378434.0,248170705.0,248170705.0
430940247,2026-07-02,16467668419,257288159,257288159,data/raw/country_code=id/dataset=product_categories/shop_id=430940247/product_categories.csv,26,id,product_categories,430940247,id,16467668419.0,257288159.0,257288159.0
430940247,2026-07-02,13891549078,257288159,257288159,data/raw/country_code=id/dataset=product_categories/shop_id=430940247/product_categories.csv,27,id,product_categories,430940247,id,13891549078.0,257288159.0,257288159.0
430940247,2026-07-02,26162758938,257288159,257288159,data/raw/country_code=id/dataset=product_categories/shop_id=430940247/product_categories.csv,28,id,product_categories,430940247,id,26162758938.0,257288159.0,257288159.0
430940247,2026-07-02,21986477611,257288198,257288198,data/raw/country_code=id/dataset=product_categories/shop_id=430940247/product_categories.csv,29,id,product_categories,430940247,id,21986477611.0,257288198.0,257288198.0
430940247,2026-07-02,28207762425,257288198,257288198,data/raw/country_code=id/dataset=product_categories/shop_id=430940247/product_categories.csv,30,id,product_categories,430940247,id,28207762425.0,257288198.0,257288198.0
430940247,2026-07-02,26107772535,257288198,257288198,data/raw/country_code=id/dataset=product_categories/shop_id=430940247/product_categories.csv,31,id,product_categories,430940247,id,26107772535.0,257288198.0,257288198.0
430940247,2026-07-02,26152539358,257288198,257288198,data/raw/country_code=id/dataset=product_categories/shop_id=430940247/product_categories.csv,32,id,product_categories,430940247,id,26152539358.0,257288198.0,257288198.0
430940247,2026-07-02,19386535971,257288198,257288198,data/raw/country_code=id/dataset=product_categories/shop_id=430940247/product_categories.csv,33,id,product_categories,430940247,id,19386535971.0,257288198.0,257288198.0
430940247,2026-07-02,28319706906,257288198,257288198,data/raw/country_code=id/dataset=product_categories/shop_id=430940247/product_categories.csv,34,id,product_categories,430940247,id,28319706906.0,257288198.0,257288198.0
430940247,2026-07-02,25550661955,257288198,257288198,data/raw/country_code=id/dataset=product_categories/shop_id=430940247/product_categories.csv,35,id,product_categories,430940247,id,25550661955.0,257288198.0,257288198.0
430940247,2026-07-02,26123018764,257288198,257288198,data/raw/country_code=id/dataset=product_categories/shop_id=430940247/product_categories.csv,36,id,product_categories,430940247,id,26123018764.0,257288198.0,257288198.0
430940247,2026-07-02,26757768295,257288198,257288198,data/raw/country_code=id/dataset=product_categories/shop_id=430940247/product_categories.csv,37,id,product_categories,430940247,id,26757768295.0,257288198.0,257288198.0
430940247,2026-07-02,26211988855,257288198,257288198,data/raw/country_code=id/dataset=product_categories/shop_id=430940247/product_categories.csv,38,id,product_categories,430940247,id,26211988855.0,257288198.0,257288198.0
430940247,2026-07-02,19391572774,257288224,257288224,data/raw/country_code=id/dataset=product_categories/shop_id=430940247/product_categories.csv,39,id,product_categories,430940247,id,19391572774.0,257288224.0,257288224.0
430940247,2026-07-02,24780819359,257288224,257288224,data/raw/country_code=id/dataset=product_categories/shop_id=430940247/product_categories.csv,40,id,product_categories,430940247,id,24780819359.0,257288224.0,257288224.0
430940247,2026-07-02,29219666255,257288224,257288224,data/raw/country_code=id/dataset=product_categories/shop_id=430940247/product_categories.csv,41,id,product_categories,430940247,id,29219666255.0,257288224.0,257288224.0
430940247,2026-07-02,17898155276,257516849,257516849,data/raw/country_code=id/dataset=product_categories/shop_id=430940247/product_categories.csv,42,id,product_categories,430940247,id,17898155276.0,257516849.0,257516849.0
430940247,2026-07-02,23648595718,257516849,257516849,data/raw/country_code=id/dataset=product_categories/shop_id=430940247/product_categories.csv,43,id,product_categories,430940247,id,23648595718.0,257516849.0,257516849.0
430940247,2026-07-02,23148596857,257516849,257516849,data/raw/country_code=id/dataset=product_categories/shop_id=430940247/product_categories.csv,44,id,product_categories,430940247,id,23148596857.0,257516849.0,257516849.0
430940247,2026-07-02,43057123550,259141296,259141296,data/raw/country_code=id/dataset=product_categories/shop_id=430940247/product_categories.csv,45,id,product_categories,430940247,id,43057123550.0,259141296.0,259141296.0
430940247,2026-07-02,43907127297,259141296,259141296,data/raw/country_code=id/dataset=product_categories/shop_id=430940247/product_categories.csv,46,id,product_categories,430940247,id,43907127297.0,259141296.0,259141296.0
430940247,2026-07-02,40107130350,259141296,259141296,data/raw/country_code=id/dataset=product_categories/shop_id=430940247/product_categories.csv,47,id,product_categories,430940247,id,40107130350.0,259141296.0,259141296.0
430940247,2026-07-03,25128378434,248170705,248170705,data/raw/country_code=id/dataset=product_categories/shop_id=430940247/product_categories.csv,48,id,product_categories,430940247,id,25128378434.0,248170705.0,248170705.0
430940247,2026-07-03,13891549078,257288159,257288159,data/raw/country_code=id/dataset=product_categories/shop_id=430940247/product_categories.csv,49,id,product_categories,430940247,id,13891549078.0,257288159.0,257288159.0
430940247,2026-07-03,16467668419,257288159,257288159,data/raw/country_code=id/dataset=product_categories/shop_id=430940247/product_categories.csv,50,id,product_categories,430940247,id,16467668419.0,257288159.0,257288159.0
430940247,2026-07-03,26162758938,257288159,257288159,data/raw/country_code=id/dataset=product_categories/shop_id=430940247/product_categories.csv,51,id,product_categories,430940247,id,26162758938.0,257288159.0,257288159.0
430940247,2026-07-03,26152539358,257288198,257288198,data/raw/country_code=id/dataset=product_categories/shop_id=430940247/product_categories.csv,52,id,product_categories,430940247,id,26152539358.0,257288198.0,257288198.0
430940247,2026-07-03,21986477611,257288198,257288198,data/raw/country_code=id/dataset=product_categories/shop_id=430940247/product_categories.csv,53,id,product_categories,430940247,id,21986477611.0,257288198.0,257288198.0
430940247,2026-07-03,19386535971,257288198,257288198,data/raw/country_code=id/dataset=product_categories/shop_id=430940247/product_categories.csv,54,id,product_categories,430940247,id,19386535971.0,257288198.0,257288198.0
430940247,2026-07-03,28319706906,257288198,257288198,data/raw/country_code=id/dataset=product_categories/shop_id=430940247/product_categories.csv,55,id,product_categories,430940247,id,28319706906.0,257288198.0,257288198.0
430940247,2026-07-03,25550661955,257288198,257288198,data/raw/country_code=id/dataset=product_categories/shop_id=430940247/product_categories.csv,56,id,product_categories,430940247,id,25550661955.0,257288198.0,257288198.0
430940247,2026-07-03,28207762425,257288198,257288198,data/raw/country_code=id/dataset=product_categories/shop_id=430940247/product_categories.csv,57,id,product_categories,430940247,id,28207762425.0,257288198.0,257288198.0
430940247,2026-07-03,26107772535,257288198,257288198,data/raw/country_code=id/dataset=product_categories/shop_id=430940247/product_categories.csv,58,id,product_categories,430940247,id,26107772535.0,257288198.0,257288198.0
430940247,2026-07-03,26757768295,257288198,257288198,data/raw/country_code=id/dataset=product_categories/shop_id=430940247/product_categories.csv,59,id,product_categories,430940247,id,26757768295.0,257288198.0,257288198.0
430940247,2026-07-03,26211988855,257288198,257288198,data/raw/country_code=id/dataset=product_categories/shop_id=430940247/product_categories.csv,60,id,product_categories,430940247,id,26211988855.0,257288198.0,257288198.0
430940247,2026-07-03,26123018764,257288198,257288198,data/raw/country_code=id/dataset=product_categories/shop_id=430940247/product_categories.csv,61,id,product_categories,430940247,id,26123018764.0,257288198.0,257288198.0
430940247,2026-07-03,19391572774,257288224,257288224,data/raw/country_code=id/dataset=product_categories/shop_id=430940247/product_categories.csv,62,id,product_categories,430940247,id,19391572774.0,257288224.0,257288224.0
430940247,2026-07-03,29219666255,257288224,257288224,data/raw/country_code=id/dataset=product_categories/shop_id=430940247/product_categories.csv,63,id,product_categories,430940247,id,29219666255.0,257288224.0,257288224.0
430940247,2026-07-03,24780819359,257288224,257288224,data/raw/country_code=id/dataset=product_categories/shop_id=430940247/product_categories.csv,64,id,product_categories,430940247,id,24780819359.0,257288224.0,257288224.0
430940247,2026-07-03,23648595718,257516849,257516849,data/raw/country_code=id/dataset=product_categories/shop_id=430940247/product_categories.csv,65,id,product_categories,430940247,id,23648595718.0,257516849.0,257516849.0
430940247,2026-07-03,17898155276,257516849,257516849,data/raw/country_code=id/dataset=product_categories/shop_id=430940247/product_categories.csv,66,id,product_categories,430940247,id,17898155276.0,257516849.0,257516849.0
430940247,2026-07-03,23148596857,257516849,257516849,data/raw/country_code=id/dataset=product_categories/shop_id=430940247/product_categories.csv,67,id,product_categories,430940247,id,23148596857.0,257516849.0,257516849.0
430940247,2026-07-03,43907127297,259141296,259141296,data/raw/country_code=id/dataset=product_categories/shop_id=430940247/product_categories.csv,68,id,product_categories,430940247,id,43907127297.0,259141296.0,259141296.0
430940247,2026-07-03,40107130350,259141296,259141296,data/raw/country_code=id/dataset=product_categories/shop_id=430940247/product_categories.csv,69,id,product_categories,430940247,id,40107130350.0,259141296.0,259141296.0
430940247,2026-07-03,43057123550,259141296,259141296,data/raw/country_code=id/dataset=product_categories/shop_id=430940247/product_categories.csv,70,id,product_categories,430940247,id,43057123550.0,259141296.0,259141296.0
697604885,2026-07-01,57353336093,11043151,11043151,data/raw/country_code=id/dataset=product_categories/shop_id=697604885/product_categories.csv,2,id,product_categories,697604885,id,57353336093.0,11043151.0,11043151.0
697604885,2026-07-01,50953327306,11043151,11043151,data/raw/country_code=id/dataset=product_categories/shop_id=697604885/product_categories.csv,3,id,product_categories,697604885,id,50953327306.0,11043151.0,11043151.0
697604885,2026-07-01,48153608930,11043151,11043151,data/raw/country_code=id/dataset=product_categories/shop_id=697604885/product_categories.csv,4,id,product_categories,697604885,id,48153608930.0,11043151.0,11043151.0
697604885,2026-07-02,57353336093,11043151,11043151,data/raw/country_code=id/dataset=product_categories/shop_id=697604885/product_categories.csv,5,id,product_categories,697604885,id,57353336093.0,11043151.0,11043151.0
697604885,2026-07-02,50953327306,11043151,11043151,data/raw/country_code=id/dataset=product_categories/shop_id=697604885/product_categories.csv,6,id,product_categories,697604885,id,50953327306.0,11043151.0,11043151.0
697604885,2026-07-02,48153608930,11043151,11043151,data/raw/country_code=id/dataset=product_categories/shop_id=697604885/product_categories.csv,7,id,product_categories,697604885,id,48153608930.0,11043151.0,11043151.0
697604885,2026-07-03,57353336093,11043151,11043151,data/raw/country_code=id/dataset=product_categories/shop_id=697604885/product_categories.csv,8,id,product_categories,697604885,id,57353336093.0,11043151.0,11043151.0
697604885,2026-07-03,48153608930,11043151,11043151,data/raw/country_code=id/dataset=product_categories/shop_id=697604885/product_categories.csv,9,id,product_categories,697604885,id,48153608930.0,11043151.0,11043151.0
697604885,2026-07-03,50953327306,11043151,11043151,data/raw/country_code=id/dataset=product_categories/shop_id=697604885/product_categories.csv,10,id,product_categories,697604885,id,50953327306.0,11043151.0,11043151.0
779266191,2026-07-01,29264374480,245872197,245872197,data/raw/country_code=id/dataset=product_categories/shop_id=779266191/product_categories.csv,2,id,product_categories,779266191,id,29264374480.0,245872197.0,245872197.0
779266191,2026-07-01,27527246851,245872197,245872197,data/raw/country_code=id/dataset=product_categories/shop_id=779266191/product_categories.csv,3,id,product_categories,779266191,id,27527246851.0,245872197.0,245872197.0
779266191,2026-07-01,27416811310,245872197,245872197,data/raw/country_code=id/dataset=product_categories/shop_id=779266191/product_categories.csv,4,id,product_categories,779266191,id,27416811310.0,245872197.0,245872197.0
779266191,2026-07-01,21195685165,245872197,245872197,data/raw/country_code=id/dataset=product_categories/shop_id=779266191/product_categories.csv,5,id,product_categories,779266191,id,21195685165.0,245872197.0,245872197.0
779266191,2026-07-01,25389323175,245872197,245872197,data/raw/country_code=id/dataset=product_categories/shop_id=779266191/product_categories.csv,6,id,product_categories,779266191,id,25389323175.0,245872197.0,245872197.0
779266191,2026-07-01,21795721649,245872197,245872197,data/raw/country_code=id/dataset=product_categories/shop_id=779266191/product_categories.csv,7,id,product_categories,779266191,id,21795721649.0,245872197.0,245872197.0
779266191,2026-07-01,27866702818,245872197,245872197,data/raw/country_code=id/dataset=product_categories/shop_id=779266191/product_categories.csv,8,id,product_categories,779266191,id,27866702818.0,245872197.0,245872197.0
779266191,2026-07-01,29014387643,245872197,245872197,data/raw/country_code=id/dataset=product_categories/shop_id=779266191/product_categories.csv,9,id,product_categories,779266191,id,29014387643.0,245872197.0,245872197.0
779266191,2026-07-01,19223481092,245872197,245872197,data/raw/country_code=id/dataset=product_categories/shop_id=779266191/product_categories.csv,10,id,product_categories,779266191,id,19223481092.0,245872197.0,245872197.0
779266191,2026-07-01,26127246027,245872197,245872197,data/raw/country_code=id/dataset=product_categories/shop_id=779266191/product_categories.csv,11,id,product_categories,779266191,id,26127246027.0,245872197.0,245872197.0
779266191,2026-07-01,23587779086,245872197,245872197,data/raw/country_code=id/dataset=product_categories/shop_id=779266191/product_categories.csv,12,id,product_categories,779266191,id,23587779086.0,245872197.0,245872197.0
779266191,2026-07-01,18088299860,245872197,245872197,data/raw/country_code=id/dataset=product_categories/shop_id=779266191/product_categories.csv,13,id,product_categories,779266191,id,18088299860.0,245872197.0,245872197.0
779266191,2026-07-01,27115384896,245872197,245872197,data/raw/country_code=id/dataset=product_categories/shop_id=779266191/product_categories.csv,14,id,product_categories,779266191,id,27115384896.0,245872197.0,245872197.0
779266191,2026-07-01,29116134787,245872197,245872197,data/raw/country_code=id/dataset=product_categories/shop_id=779266191/product_categories.csv,15,id,product_categories,779266191,id,29116134787.0,245872197.0,245872197.0
779266191,2026-07-01,22577522022,260133890,260133890,data/raw/country_code=id/dataset=product_categories/shop_id=779266191/product_categories.csv,16,id,product_categories,779266191,id,22577522022.0,260133890.0,260133890.0
779266191,2026-07-01,24720372333,260133890,260133890,data/raw/country_code=id/dataset=product_categories/shop_id=779266191/product_categories.csv,17,id,product_categories,779266191,id,24720372333.0,260133890.0,260133890.0
779266191,2026-07-01,22076680299,260133890,260133890,data/raw/country_code=id/dataset=product_categories/shop_id=779266191/product_categories.csv,18,id,product_categories,779266191,id,22076680299.0,260133890.0,260133890.0
779266191,2026-07-01,29424110638,260133890,260133890,data/raw/country_code=id/dataset=product_categories/shop_id=779266191/product_categories.csv,19,id,product_categories,779266191,id,29424110638.0,260133890.0,260133890.0
779266191,2026-07-01,40455576600,260133890,260133890,data/raw/country_code=id/dataset=product_categories/shop_id=779266191/product_categories.csv,20,id,product_categories,779266191,id,40455576600.0,260133890.0,260133890.0
779266191,2026-07-01,22451188653,260133890,260133890,data/raw/country_code=id/dataset=product_categories/shop_id=779266191/product_categories.csv,21,id,product_categories,779266191,id,22451188653.0,260133890.0,260133890.0
779266191,2026-07-01,29620337535,260133890,260133890,data/raw/country_code=id/dataset=product_categories/shop_id=779266191/product_categories.csv,22,id,product_categories,779266191,id,29620337535.0,260133890.0,260133890.0
779266191,2026-07-01,18192931091,260133890,260133890,data/raw/country_code=id/dataset=product_categories/shop_id=779266191/product_categories.csv,23,id,product_categories,779266191,id,18192931091.0,260133890.0,260133890.0
779266191,2026-07-01,22686419036,260133890,260133890,data/raw/country_code=id/dataset=product_categories/shop_id=779266191/product_categories.csv,24,id,product_categories,779266191,id,22686419036.0,260133890.0,260133890.0
779266191,2026-07-01,24251133314,260133890,260133890,data/raw/country_code=id/dataset=product_categories/shop_id=779266191/product_categories.csv,25,id,product_categories,779266191,id,24251133314.0,260133890.0,260133890.0
779266191,2026-07-01,25001036876,260133890,260133890,data/raw/country_code=id/dataset=product_categories/shop_id=779266191/product_categories.csv,26,id,product_categories,779266191,id,25001036876.0,260133890.0,260133890.0
779266191,2026-07-01,23341118444,260133890,260133890,data/raw/country_code=id/dataset=product_categories/shop_id=779266191/product_categories.csv,27,id,product_categories,779266191,id,23341118444.0,260133890.0,260133890.0
779266191,2026-07-01,27416811310,260134019,260134019,data/raw/country_code=id/dataset=product_categories/shop_id=779266191/product_categories.csv,28,id,product_categories,779266191,id,27416811310.0,260134019.0,260134019.0
779266191,2026-07-01,19223481092,260134019,260134019,data/raw/country_code=id/dataset=product_categories/shop_id=779266191/product_categories.csv,29,id,product_categories,779266191,id,19223481092.0,260134019.0,260134019.0
779266191,2026-07-01,18088299860,260134019,260134019,data/raw/country_code=id/dataset=product_categories/shop_id=779266191/product_categories.csv,30,id,product_categories,779266191,id,18088299860.0,260134019.0,260134019.0
779266191,2026-07-01,27115384896,260134019,260134019,data/raw/country_code=id/dataset=product_categories/shop_id=779266191/product_categories.csv,31,id,product_categories,779266191,id,27115384896.0,260134019.0,260134019.0
779266191,2026-07-01,22577522022,260134071,260134071,data/raw/country_code=id/dataset=product_categories/shop_id=779266191/product_categories.csv,32,id,product_categories,779266191,id,22577522022.0,260134071.0,260134071.0
779266191,2026-07-01,18192931091,260134071,260134071,data/raw/country_code=id/dataset=product_categories/shop_id=779266191/product_categories.csv,33,id,product_categories,779266191,id,18192931091.0,260134071.0,260134071.0
779266191,2026-07-01,24251133314,260134071,260134071,data/raw/country_code=id/dataset=product_categories/shop_id=779266191/product_categories.csv,34,id,product_categories,779266191,id,24251133314.0,260134071.0,260134071.0
779266191,2026-07-01,25001036876,260134071,260134071,data/raw/country_code=id/dataset=product_categories/shop_id=779266191/product_categories.csv,35,id,product_categories,779266191,id,25001036876.0,260134071.0,260134071.0
779266191,2026-07-01,23341118444,260134071,260134071,data/raw/country_code=id/dataset=product_categories/shop_id=779266191/product_categories.csv,36,id,product_categories,779266191,id,23341118444.0,260134071.0,260134071.0
779266191,2026-07-01,29264374480,260134144,260134144,data/raw/country_code=id/dataset=product_categories/shop_id=779266191/product_categories.csv,37,id,product_categories,779266191,id,29264374480.0,260134144.0,260134144.0
779266191,2026-07-01,27527246851,260134144,260134144,data/raw/country_code=id/dataset=product_categories/shop_id=779266191/product_categories.csv,38,id,product_categories,779266191,id,27527246851.0,260134144.0,260134144.0
779266191,2026-07-01,27416811310,260134144,260134144,data/raw/country_code=id/dataset=product_categories/shop_id=779266191/product_categories.csv,39,id,product_categories,779266191,id,27416811310.0,260134144.0,260134144.0
779266191,2026-07-01,21195685165,260134144,260134144,data/raw/country_code=id/dataset=product_categories/shop_id=779266191/product_categories.csv,40,id,product_categories,779266191,id,21195685165.0,260134144.0,260134144.0
779266191,2026-07-01,19223481092,260134144,260134144,data/raw/country_code=id/dataset=product_categories/shop_id=779266191/product_categories.csv,41,id,product_categories,779266191,id,19223481092.0,260134144.0,260134144.0
779266191,2026-07-01,26127246027,260134144,260134144,data/raw/country_code=id/dataset=product_categories/shop_id=779266191/product_categories.csv,42,id,product_categories,779266191,id,26127246027.0,260134144.0,260134144.0
779266191,2026-07-01,22451188653,260134144,260134144,data/raw/country_code=id/dataset=product_categories/shop_id=779266191/product_categories.csv,43,id,product_categories,779266191,id,22451188653.0,260134144.0,260134144.0
779266191,2026-07-01,23587779086,260134144,260134144,data/raw/country_code=id/dataset=product_categories/shop_id=779266191/product_categories.csv,44,id,product_categories,779266191,id,23587779086.0,260134144.0,260134144.0
779266191,2026-07-01,18088299860,260134144,260134144,data/raw/country_code=id/dataset=product_categories/shop_id=779266191/product_categories.csv,45,id,product_categories,779266191,id,18088299860.0,260134144.0,260134144.0
779266191,2026-07-01,22577522022,260134616,260134616,data/raw/country_code=id/dataset=product_categories/shop_id=779266191/product_categories.csv,46,id,product_categories,779266191,id,22577522022.0,260134616.0,260134616.0
779266191,2026-07-01,22076680299,260134616,260134616,data/raw/country_code=id/dataset=product_categories/shop_id=779266191/product_categories.csv,47,id,product_categories,779266191,id,22076680299.0,260134616.0,260134616.0
779266191,2026-07-01,22451188653,260134616,260134616,data/raw/country_code=id/dataset=product_categories/shop_id=779266191/product_categories.csv,48,id,product_categories,779266191,id,22451188653.0,260134616.0,260134616.0
779266191,2026-07-01,29620337535,260134616,260134616,data/raw/country_code=id/dataset=product_categories/shop_id=779266191/product_categories.csv,49,id,product_categories,779266191,id,29620337535.0,260134616.0,260134616.0
779266191,2026-07-01,22686419036,260134616,260134616,data/raw/country_code=id/dataset=product_categories/shop_id=779266191/product_categories.csv,50,id,product_categories,779266191,id,22686419036.0,260134616.0,260134616.0
779266191,2026-07-01,24251133314,260134616,260134616,data/raw/country_code=id/dataset=product_categories/shop_id=779266191/product_categories.csv,51,id,product_categories,779266191,id,24251133314.0,260134616.0,260134616.0
779266191,2026-07-01,25001036876,260134616,260134616,data/raw/country_code=id/dataset=product_categories/shop_id=779266191/product_categories.csv,52,id,product_categories,779266191,id,25001036876.0,260134616.0,260134616.0
779266191,2026-07-01,27527246851,260134642,260134642,data/raw/country_code=id/dataset=product_categories/shop_id=779266191/product_categories.csv,53,id,product_categories,779266191,id,27527246851.0,260134642.0,260134642.0
779266191,2026-07-01,26127246027,260134642,260134642,data/raw/country_code=id/dataset=product_categories/shop_id=779266191/product_categories.csv,54,id,product_categories,779266191,id,26127246027.0,260134642.0,260134642.0
779266191,2026-07-01,23587779086,260134642,260134642,data/raw/country_code=id/dataset=product_categories/shop_id=779266191/product_categories.csv,55,id,product_categories,779266191,id,23587779086.0,260134642.0,260134642.0
779266191,2026-07-01,18088299860,260134642,260134642,data/raw/country_code=id/dataset=product_categories/shop_id=779266191/product_categories.csv,56,id,product_categories,779266191,id,18088299860.0,260134642.0,260134642.0
779266191,2026-07-01,29264374480,262924137,262924137,data/raw/country_code=id/dataset=product_categories/shop_id=779266191/product_categories.csv,57,id,product_categories,779266191,id,29264374480.0,262924137.0,262924137.0
779266191,2026-07-01,27527246851,262924137,262924137,data/raw/country_code=id/dataset=product_categories/shop_id=779266191/product_categories.csv,58,id,product_categories,779266191,id,27527246851.0,262924137.0,262924137.0
779266191,2026-07-01,27416811310,262924137,262924137,data/raw/country_code=id/dataset=product_categories/shop_id=779266191/product_categories.csv,59,id,product_categories,779266191,id,27416811310.0,262924137.0,262924137.0
779266191,2026-07-01,21195685165,262924137,262924137,data/raw/country_code=id/dataset=product_categories/shop_id=779266191/product_categories.csv,60,id,product_categories,779266191,id,21195685165.0,262924137.0,262924137.0
779266191,2026-07-01,25389323175,262924137,262924137,data/raw/country_code=id/dataset=product_categories/shop_id=779266191/product_categories.csv,61,id,product_categories,779266191,id,25389323175.0,262924137.0,262924137.0
779266191,2026-07-01,21795721649,262924137,262924137,data/raw/country_code=id/dataset=product_categories/shop_id=779266191/product_categories.csv,62,id,product_categories,779266191,id,21795721649.0,262924137.0,262924137.0
779266191,2026-07-01,25397748026,262924137,262924137,data/raw/country_code=id/dataset=product_categories/shop_id=779266191/product_categories.csv,63,id,product_categories,779266191,id,25397748026.0,262924137.0,262924137.0
779266191,2026-07-01,29014387643,262924137,262924137,data/raw/country_code=id/dataset=product_categories/shop_id=779266191/product_categories.csv,64,id,product_categories,779266191,id,29014387643.0,262924137.0,262924137.0
779266191,2026-07-01,43824983854,262924137,262924137,data/raw/country_code=id/dataset=product_categories/shop_id=779266191/product_categories.csv,65,id,product_categories,779266191,id,43824983854.0,262924137.0,262924137.0
779266191,2026-07-01,19223481092,262924137,262924137,data/raw/country_code=id/dataset=product_categories/shop_id=779266191/product_categories.csv,66,id,product_categories,779266191,id,19223481092.0,262924137.0,262924137.0
779266191,2026-07-01,26127246027,262924137,262924137,data/raw/country_code=id/dataset=product_categories/shop_id=779266191/product_categories.csv,67,id,product_categories,779266191,id,26127246027.0,262924137.0,262924137.0
779266191,2026-07-01,23587779086,262924137,262924137,data/raw/country_code=id/dataset=product_categories/shop_id=779266191/product_categories.csv,68,id,product_categories,779266191,id,23587779086.0,262924137.0,262924137.0
779266191,2026-07-01,18088299860,262924137,262924137,data/raw/country_code=id/dataset=product_categories/shop_id=779266191/product_categories.csv,69,id,product_categories,779266191,id,18088299860.0,262924137.0,262924137.0
779266191,2026-07-01,27115384896,262924137,262924137,data/raw/country_code=id/dataset=product_categories/shop_id=779266191/product_categories.csv,70,id,product_categories,779266191,id,27115384896.0,262924137.0,262924137.0
779266191,2026-07-01,49802217586,264914127,264914127,data/raw/country_code=id/dataset=product_categories/shop_id=779266191/product_categories.csv,71,id,product_categories,779266191,id,49802217586.0,264914127.0,264914127.0
779266191,2026-07-01,44802217849,264914127,264914127,data/raw/country_code=id/dataset=product_categories/shop_id=779266191/product_categories.csv,72,id,product_categories,779266191,id,44802217849.0,264914127.0,264914127.0
779266191,2026-07-01,58152183963,264914127,264914127,data/raw/country_code=id/dataset=product_categories/shop_id=779266191/product_categories.csv,73,id,product_categories,779266191,id,58152183963.0,264914127.0,264914127.0
779266191,2026-07-01,24720372333,265934881,265934881,data/raw/country_code=id/dataset=product_categories/shop_id=779266191/product_categories.csv,74,id,product_categories,779266191,id,24720372333.0,265934881.0,265934881.0
779266191,2026-07-01,27866702818,265934881,265934881,data/raw/country_code=id/dataset=product_categories/shop_id=779266191/product_categories.csv,75,id,product_categories,779266191,id,27866702818.0,265934881.0,265934881.0
779266191,2026-07-01,29424110638,265934881,265934881,data/raw/country_code=id/dataset=product_categories/shop_id=779266191/product_categories.csv,76,id,product_categories,779266191,id,29424110638.0,265934881.0,265934881.0
779266191,2026-07-01,40455576600,265934881,265934881,data/raw/country_code=id/dataset=product_categories/shop_id=779266191/product_categories.csv,77,id,product_categories,779266191,id,40455576600.0,265934881.0,265934881.0
779266191,2026-07-01,18192931091,265934881,265934881,data/raw/country_code=id/dataset=product_categories/shop_id=779266191/product_categories.csv,78,id,product_categories,779266191,id,18192931091.0,265934881.0,265934881.0
779266191,2026-07-01,29116134787,265934881,265934881,data/raw/country_code=id/dataset=product_categories/shop_id=779266191/product_categories.csv,79,id,product_categories,779266191,id,29116134787.0,265934881.0,265934881.0
779266191,2026-07-01,23341118444,265934881,265934881,data/raw/country_code=id/dataset=product_categories/shop_id=779266191/product_categories.csv,80,id,product_categories,779266191,id,23341118444.0,265934881.0,265934881.0
779266191,2026-07-01,48105035999,266741284,266741284,data/raw/country_code=id/dataset=product_categories/shop_id=779266191/product_categories.csv,81,id,product_categories,779266191,id,48105035999.0,266741284.0,266741284.0
779266191,2026-07-01,43928185146,266741284,266741284,data/raw/country_code=id/dataset=product_categories/shop_id=779266191/product_categories.csv,82,id,product_categories,779266191,id,43928185146.0,266741284.0,266741284.0
779266191,2026-07-01,43878200654,266741284,266741284,data/raw/country_code=id/dataset=product_categories/shop_id=779266191/product_categories.csv,83,id,product_categories,779266191,id,43878200654.0,266741284.0,266741284.0
779266191,2026-07-01,47506875118,268471877,268471877,data/raw/country_code=id/dataset=product_categories/shop_id=779266191/product_categories.csv,84,id,product_categories,779266191,id,47506875118.0,268471877.0,268471877.0
779266191,2026-07-01,48855022633,268471877,268471877,data/raw/country_code=id/dataset=product_categories/shop_id=779266191/product_categories.csv,85,id,product_categories,779266191,id,48855022633.0,268471877.0,268471877.0
779266191,2026-07-02,29264374480,245872197,245872197,data/raw/country_code=id/dataset=product_categories/shop_id=779266191/product_categories.csv,86,id,product_categories,779266191,id,29264374480.0,245872197.0,245872197.0
779266191,2026-07-02,27527246851,245872197,245872197,data/raw/country_code=id/dataset=product_categories/shop_id=779266191/product_categories.csv,87,id,product_categories,779266191,id,27527246851.0,245872197.0,245872197.0
779266191,2026-07-02,27416811310,245872197,245872197,data/raw/country_code=id/dataset=product_categories/shop_id=779266191/product_categories.csv,88,id,product_categories,779266191,id,27416811310.0,245872197.0,245872197.0
779266191,2026-07-02,21195685165,245872197,245872197,data/raw/country_code=id/dataset=product_categories/shop_id=779266191/product_categories.csv,89,id,product_categories,779266191,id,21195685165.0,245872197.0,245872197.0
779266191,2026-07-02,25389323175,245872197,245872197,data/raw/country_code=id/dataset=product_categories/shop_id=779266191/product_categories.csv,90,id,product_categories,779266191,id,25389323175.0,245872197.0,245872197.0
779266191,2026-07-02,21795721649,245872197,245872197,data/raw/country_code=id/dataset=product_categories/shop_id=779266191/product_categories.csv,91,id,product_categories,779266191,id,21795721649.0,245872197.0,245872197.0
779266191,2026-07-02,27866702818,245872197,245872197,data/raw/country_code=id/dataset=product_categories/shop_id=779266191/product_categories.csv,92,id,product_categories,779266191,id,27866702818.0,245872197.0,245872197.0
779266191,2026-07-02,29014387643,245872197,245872197,data/raw/country_code=id/dataset=product_categories/shop_id=779266191/product_categories.csv,93,id,product_categories,779266191,id,29014387643.0,245872197.0,245872197.0
779266191,2026-07-02,19223481092,245872197,245872197,data/raw/country_code=id/dataset=product_categories/shop_id=779266191/product_categories.csv,94,id,product_categories,779266191,id,19223481092.0,245872197.0,245872197.0
779266191,2026-07-02,26127246027,245872197,245872197,data/raw/country_code=id/dataset=product_categories/shop_id=779266191/product_categories.csv,95,id,product_categories,779266191,id,26127246027.0,245872197.0,245872197.0
779266191,2026-07-02,23587779086,245872197,245872197,data/raw/country_code=id/dataset=product_categories/shop_id=779266191/product_categories.csv,96,id,product_categories,779266191,id,23587779086.0,245872197.0,245872197.0
779266191,2026-07-02,18088299860,245872197,245872197,data/raw/country_code=id/dataset=product_categories/shop_id=779266191/product_categories.csv,97,id,product_categories,779266191,id,18088299860.0,245872197.0,245872197.0
779266191,2026-07-02,27115384896,245872197,245872197,data/raw/country_code=id/dataset=product_categories/shop_id=779266191/product_categories.csv,98,id,product_categories,779266191,id,27115384896.0,245872197.0,245872197.0
779266191,2026-07-02,29116134787,245872197,245872197,data/raw/country_code=id/dataset=product_categories/shop_id=779266191/product_categories.csv,99,id,product_categories,779266191,id,29116134787.0,245872197.0,245872197.0
779266191,2026-07-02,22577522022,260133890,260133890,data/raw/country_code=id/dataset=product_categories/shop_id=779266191/product_categories.csv,100,id,product_categories,779266191,id,22577522022.0,260133890.0,260133890.0
779266191,2026-07-02,24720372333,260133890,260133890,data/raw/country_code=id/dataset=product_categories/shop_id=779266191/product_categories.csv,101,id,product_categories,779266191,id,24720372333.0,260133890.0,260133890.0
779266191,2026-07-02,22076680299,260133890,260133890,data/raw/country_code=id/dataset=product_categories/shop_id=779266191/product_categories.csv,102,id,product_categories,779266191,id,22076680299.0,260133890.0,260133890.0
779266191,2026-07-02,29424110638,260133890,260133890,data/raw/country_code=id/dataset=product_categories/shop_id=779266191/product_categories.csv,103,id,product_categories,779266191,id,29424110638.0,260133890.0,260133890.0
779266191,2026-07-02,40455576600,260133890,260133890,data/raw/country_code=id/dataset=product_categories/shop_id=779266191/product_categories.csv,104,id,product_categories,779266191,id,40455576600.0,260133890.0,260133890.0
779266191,2026-07-02,22451188653,260133890,260133890,data/raw/country_code=id/dataset=product_categories/shop_id=779266191/product_categories.csv,105,id,product_categories,779266191,id,22451188653.0,260133890.0,260133890.0
779266191,2026-07-02,29620337535,260133890,260133890,data/raw/country_code=id/dataset=product_categories/shop_id=779266191/product_categories.csv,106,id,product_categories,779266191,id,29620337535.0,260133890.0,260133890.0
779266191,2026-07-02,18192931091,260133890,260133890,data/raw/country_code=id/dataset=product_categories/shop_id=779266191/product_categories.csv,107,id,product_categories,779266191,id,18192931091.0,260133890.0,260133890.0
779266191,2026-07-02,22686419036,260133890,260133890,data/raw/country_code=id/dataset=product_categories/shop_id=779266191/product_categories.csv,108,id,product_categories,779266191,id,22686419036.0,260133890.0,260133890.0
779266191,2026-07-02,24251133314,260133890,260133890,data/raw/country_code=id/dataset=product_categories/shop_id=779266191/product_categories.csv,109,id,product_categories,779266191,id,24251133314.0,260133890.0,260133890.0
779266191,2026-07-02,25001036876,260133890,260133890,data/raw/country_code=id/dataset=product_categories/shop_id=779266191/product_categories.csv,110,id,product_categories,779266191,id,25001036876.0,260133890.0,260133890.0
779266191,2026-07-02,23341118444,260133890,260133890,data/raw/country_code=id/dataset=product_categories/shop_id=779266191/product_categories.csv,111,id,product_categories,779266191,id,23341118444.0,260133890.0,260133890.0
779266191,2026-07-02,27416811310,260134019,260134019,data/raw/country_code=id/dataset=product_categories/shop_id=779266191/product_categories.csv,112,id,product_categories,779266191,id,27416811310.0,260134019.0,260134019.0
779266191,2026-07-02,19223481092,260134019,260134019,data/raw/country_code=id/dataset=product_categories/shop_id=779266191/product_categories.csv,113,id,product_categories,779266191,id,19223481092.0,260134019.0,260134019.0
779266191,2026-07-02,18088299860,260134019,260134019,data/raw/country_code=id/dataset=product_categories/shop_id=779266191/product_categories.csv,114,id,product_categories,779266191,id,18088299860.0,260134019.0,260134019.0
779266191,2026-07-02,27115384896,260134019,260134019,data/raw/country_code=id/dataset=product_categories/shop_id=779266191/product_categories.csv,115,id,product_categories,779266191,id,27115384896.0,260134019.0,260134019.0
779266191,2026-07-02,22577522022,260134071,260134071,data/raw/country_code=id/dataset=product_categories/shop_id=779266191/product_categories.csv,116,id,product_categories,779266191,id,22577522022.0,260134071.0,260134071.0
779266191,2026-07-02,18192931091,260134071,260134071,data/raw/country_code=id/dataset=product_categories/shop_id=779266191/product_categories.csv,117,id,product_categories,779266191,id,18192931091.0,260134071.0,260134071.0
779266191,2026-07-02,24251133314,260134071,260134071,data/raw/country_code=id/dataset=product_categories/shop_id=779266191/product_categories.csv,118,id,product_categories,779266191,id,24251133314.0,260134071.0,260134071.0
779266191,2026-07-02,25001036876,260134071,260134071,data/raw/country_code=id/dataset=product_categories/shop_id=779266191/product_categories.csv,119,id,product_categories,779266191,id,25001036876.0,260134071.0,260134071.0
779266191,2026-07-02,23341118444,260134071,260134071,data/raw/country_code=id/dataset=product_categories/shop_id=779266191/product_categories.csv,120,id,product_categories,779266191,id,23341118444.0,260134071.0,260134071.0
779266191,2026-07-02,29264374480,260134144,260134144,data/raw/country_code=id/dataset=product_categories/shop_id=779266191/product_categories.csv,121,id,product_categories,779266191,id,29264374480.0,260134144.0,260134144.0
779266191,2026-07-02,27527246851,260134144,260134144,data/raw/country_code=id/dataset=product_categories/shop_id=779266191/product_categories.csv,122,id,product_categories,779266191,id,27527246851.0,260134144.0,260134144.0
779266191,2026-07-02,27416811310,260134144,260134144,data/raw/country_code=id/dataset=product_categories/shop_id=779266191/product_categories.csv,123,id,product_categories,779266191,id,27416811310.0,260134144.0,260134144.0
779266191,2026-07-02,21195685165,260134144,260134144,data/raw/country_code=id/dataset=product_categories/shop_id=779266191/product_categories.csv,124,id,product_categories,779266191,id,21195685165.0,260134144.0,260134144.0
779266191,2026-07-02,19223481092,260134144,260134144,data/raw/country_code=id/dataset=product_categories/shop_id=779266191/product_categories.csv,125,id,product_categories,779266191,id,19223481092.0,260134144.0,260134144.0
779266191,2026-07-02,26127246027,260134144,260134144,data/raw/country_code=id/dataset=product_categories/shop_id=779266191/product_categories.csv,126,id,product_categories,779266191,id,26127246027.0,260134144.0,260134144.0
779266191,2026-07-02,22451188653,260134144,260134144,data/raw/country_code=id/dataset=product_categories/shop_id=779266191/product_categories.csv,127,id,product_categories,779266191,id,22451188653.0,260134144.0,260134144.0
779266191,2026-07-02,23587779086,260134144,260134144,data/raw/country_code=id/dataset=product_categories/shop_id=779266191/product_categories.csv,128,id,product_categories,779266191,id,23587779086.0,260134144.0,260134144.0
779266191,2026-07-02,18088299860,260134144,260134144,data/raw/country_code=id/dataset=product_categories/shop_id=779266191/product_categories.csv,129,id,product_categories,779266191,id,18088299860.0,260134144.0,260134144.0
779266191,2026-07-02,22577522022,260134616,260134616,data/raw/country_code=id/dataset=product_categories/shop_id=779266191/product_categories.csv,130,id,product_categories,779266191,id,22577522022.0,260134616.0,260134616.0
779266191,2026-07-02,22076680299,260134616,260134616,data/raw/country_code=id/dataset=product_categories/shop_id=779266191/product_categories.csv,131,id,product_categories,779266191,id,22076680299.0,260134616.0,260134616.0
779266191,2026-07-02,22451188653,260134616,260134616,data/raw/country_code=id/dataset=product_categories/shop_id=779266191/product_categories.csv,132,id,product_categories,779266191,id,22451188653.0,260134616.0,260134616.0
779266191,2026-07-02,29620337535,260134616,260134616,data/raw/country_code=id/dataset=product_categories/shop_id=779266191/product_categories.csv,133,id,product_categories,779266191,id,29620337535.0,260134616.0,260134616.0
779266191,2026-07-02,22686419036,260134616,260134616,data/raw/country_code=id/dataset=product_categories/shop_id=779266191/product_categories.csv,134,id,product_categories,779266191,id,22686419036.0,260134616.0,260134616.0
779266191,2026-07-02,24251133314,260134616,260134616,data/raw/country_code=id/dataset=product_categories/shop_id=779266191/product_categories.csv,135,id,product_categories,779266191,id,24251133314.0,260134616.0,260134616.0
779266191,2026-07-02,25001036876,260134616,260134616,data/raw/country_code=id/dataset=product_categories/shop_id=779266191/product_categories.csv,136,id,product_categories,779266191,id,25001036876.0,260134616.0,260134616.0
779266191,2026-07-02,27527246851,260134642,260134642,data/raw/country_code=id/dataset=product_categories/shop_id=779266191/product_categories.csv,137,id,product_categories,779266191,id,27527246851.0,260134642.0,260134642.0
779266191,2026-07-02,26127246027,260134642,260134642,data/raw/country_code=id/dataset=product_categories/shop_id=779266191/product_categories.csv,138,id,product_categories,779266191,id,26127246027.0,260134642.0,260134642.0
779266191,2026-07-02,23587779086,260134642,260134642,data/raw/country_code=id/dataset=product_categories/shop_id=779266191/product_categories.csv,139,id,product_categories,779266191,id,23587779086.0,260134642.0,260134642.0
779266191,2026-07-02,18088299860,260134642,260134642,data/raw/country_code=id/dataset=product_categories/shop_id=779266191/product_categories.csv,140,id,product_categories,779266191,id,18088299860.0,260134642.0,260134642.0
779266191,2026-07-02,29264374480,262924137,262924137,data/raw/country_code=id/dataset=product_categories/shop_id=779266191/product_categories.csv,141,id,product_categories,779266191,id,29264374480.0,262924137.0,262924137.0
779266191,2026-07-02,27527246851,262924137,262924137,data/raw/country_code=id/dataset=product_categories/shop_id=779266191/product_categories.csv,142,id,product_categories,779266191,id,27527246851.0,262924137.0,262924137.0
779266191,2026-07-02,27416811310,262924137,262924137,data/raw/country_code=id/dataset=product_categories/shop_id=779266191/product_categories.csv,143,id,product_categories,779266191,id,27416811310.0,262924137.0,262924137.0
779266191,2026-07-02,21195685165,262924137,262924137,data/raw/country_code=id/dataset=product_categories/shop_id=779266191/product_categories.csv,144,id,product_categories,779266191,id,21195685165.0,262924137.0,262924137.0
779266191,2026-07-02,25389323175,262924137,262924137,data/raw/country_code=id/dataset=product_categories/shop_id=779266191/product_categories.csv,145,id,product_categories,779266191,id,25389323175.0,262924137.0,262924137.0
779266191,2026-07-02,21795721649,262924137,262924137,data/raw/country_code=id/dataset=product_categories/shop_id=779266191/product_categories.csv,146,id,product_categories,779266191,id,21795721649.0,262924137.0,262924137.0
779266191,2026-07-02,25397748026,262924137,262924137,data/raw/country_code=id/dataset=product_categories/shop_id=779266191/product_categories.csv,147,id,product_categories,779266191,id,25397748026.0,262924137.0,262924137.0
779266191,2026-07-02,29014387643,262924137,262924137,data/raw/country_code=id/dataset=product_categories/shop_id=779266191/product_categories.csv,148,id,product_categories,779266191,id,29014387643.0,262924137.0,262924137.0
779266191,2026-07-02,43824983854,262924137,262924137,data/raw/country_code=id/dataset=product_categories/shop_id=779266191/product_categories.csv,149,id,product_categories,779266191,id,43824983854.0,262924137.0,262924137.0
779266191,2026-07-02,19223481092,262924137,262924137,data/raw/country_code=id/dataset=product_categories/shop_id=779266191/product_categories.csv,150,id,product_categories,779266191,id,19223481092.0,262924137.0,262924137.0
779266191,2026-07-02,26127246027,262924137,262924137,data/raw/country_code=id/dataset=product_categories/shop_id=779266191/product_categories.csv,151,id,product_categories,779266191,id,26127246027.0,262924137.0,262924137.0
779266191,2026-07-02,23587779086,262924137,262924137,data/raw/country_code=id/dataset=product_categories/shop_id=779266191/product_categories.csv,152,id,product_categories,779266191,id,23587779086.0,262924137.0,262924137.0
779266191,2026-07-02,18088299860,262924137,262924137,data/raw/country_code=id/dataset=product_categories/shop_id=779266191/product_categories.csv,153,id,product_categories,779266191,id,18088299860.0,262924137.0,262924137.0
779266191,2026-07-02,27115384896,262924137,262924137,data/raw/country_code=id/dataset=product_categories/shop_id=779266191/product_categories.csv,154,id,product_categories,779266191,id,27115384896.0,262924137.0,262924137.0
779266191,2026-07-02,49802217586,264914127,264914127,data/raw/country_code=id/dataset=product_categories/shop_id=779266191/product_categories.csv,155,id,product_categories,779266191,id,49802217586.0,264914127.0,264914127.0
779266191,2026-07-02,44802217849,264914127,264914127,data/raw/country_code=id/dataset=product_categories/shop_id=779266191/product_categories.csv,156,id,product_categories,779266191,id,44802217849.0,264914127.0,264914127.0
779266191,2026-07-02,58152183963,264914127,264914127,data/raw/country_code=id/dataset=product_categories/shop_id=779266191/product_categories.csv,157,id,product_categories,779266191,id,58152183963.0,264914127.0,264914127.0
779266191,2026-07-02,24720372333,265934881,265934881,data/raw/country_code=id/dataset=product_categories/shop_id=779266191/product_categories.csv,158,id,product_categories,779266191,id,24720372333.0,265934881.0,265934881.0
779266191,2026-07-02,27866702818,265934881,265934881,data/raw/country_code=id/dataset=product_categories/shop_id=779266191/product_categories.csv,159,id,product_categories,779266191,id,27866702818.0,265934881.0,265934881.0
779266191,2026-07-02,29424110638,265934881,265934881,data/raw/country_code=id/dataset=product_categories/shop_id=779266191/product_categories.csv,160,id,product_categories,779266191,id,29424110638.0,265934881.0,265934881.0
779266191,2026-07-02,40455576600,265934881,265934881,data/raw/country_code=id/dataset=product_categories/shop_id=779266191/product_categories.csv,161,id,product_categories,779266191,id,40455576600.0,265934881.0,265934881.0
779266191,2026-07-02,18192931091,265934881,265934881,data/raw/country_code=id/dataset=product_categories/shop_id=779266191/product_categories.csv,162,id,product_categories,779266191,id,18192931091.0,265934881.0,265934881.0
779266191,2026-07-02,29116134787,265934881,265934881,data/raw/country_code=id/dataset=product_categories/shop_id=779266191/product_categories.csv,163,id,product_categories,779266191,id,29116134787.0,265934881.0,265934881.0
779266191,2026-07-02,23341118444,265934881,265934881,data/raw/country_code=id/dataset=product_categories/shop_id=779266191/product_categories.csv,164,id,product_categories,779266191,id,23341118444.0,265934881.0,265934881.0
779266191,2026-07-02,48105035999,266741284,266741284,data/raw/country_code=id/dataset=product_categories/shop_id=779266191/product_categories.csv,165,id,product_categories,779266191,id,48105035999.0,266741284.0,266741284.0
779266191,2026-07-02,43928185146,266741284,266741284,data/raw/country_code=id/dataset=product_categories/shop_id=779266191/product_categories.csv,166,id,product_categories,779266191,id,43928185146.0,266741284.0,266741284.0
779266191,2026-07-02,43878200654,266741284,266741284,data/raw/country_code=id/dataset=product_categories/shop_id=779266191/product_categories.csv,167,id,product_categories,779266191,id,43878200654.0,266741284.0,266741284.0
779266191,2026-07-02,47506875118,268471877,268471877,data/raw/country_code=id/dataset=product_categories/shop_id=779266191/product_categories.csv,168,id,product_categories,779266191,id,47506875118.0,268471877.0,268471877.0
779266191,2026-07-02,48855022633,268471877,268471877,data/raw/country_code=id/dataset=product_categories/shop_id=779266191/product_categories.csv,169,id,product_categories,779266191,id,48855022633.0,268471877.0,268471877.0
779266191,2026-07-03,21195685165,245872197,245872197,data/raw/country_code=id/dataset=product_categories/shop_id=779266191/product_categories.csv,170,id,product_categories,779266191,id,21195685165.0,245872197.0,245872197.0
779266191,2026-07-03,21795721649,245872197,245872197,data/raw/country_code=id/dataset=product_categories/shop_id=779266191/product_categories.csv,171,id,product_categories,779266191,id,21795721649.0,245872197.0,245872197.0
779266191,2026-07-03,25389323175,245872197,245872197,data/raw/country_code=id/dataset=product_categories/shop_id=779266191/product_categories.csv,172,id,product_categories,779266191,id,25389323175.0,245872197.0,245872197.0
779266191,2026-07-03,29014387643,245872197,245872197,data/raw/country_code=id/dataset=product_categories/shop_id=779266191/product_categories.csv,173,id,product_categories,779266191,id,29014387643.0,245872197.0,245872197.0
779266191,2026-07-03,19223481092,245872197,245872197,data/raw/country_code=id/dataset=product_categories/shop_id=779266191/product_categories.csv,174,id,product_categories,779266191,id,19223481092.0,245872197.0,245872197.0
779266191,2026-07-03,26127246027,245872197,245872197,data/raw/country_code=id/dataset=product_categories/shop_id=779266191/product_categories.csv,175,id,product_categories,779266191,id,26127246027.0,245872197.0,245872197.0
779266191,2026-07-03,29264374480,245872197,245872197,data/raw/country_code=id/dataset=product_categories/shop_id=779266191/product_categories.csv,176,id,product_categories,779266191,id,29264374480.0,245872197.0,245872197.0
779266191,2026-07-03,27527246851,245872197,245872197,data/raw/country_code=id/dataset=product_categories/shop_id=779266191/product_categories.csv,177,id,product_categories,779266191,id,27527246851.0,245872197.0,245872197.0
779266191,2026-07-03,18088299860,245872197,245872197,data/raw/country_code=id/dataset=product_categories/shop_id=779266191/product_categories.csv,178,id,product_categories,779266191,id,18088299860.0,245872197.0,245872197.0
779266191,2026-07-03,27416811310,245872197,245872197,data/raw/country_code=id/dataset=product_categories/shop_id=779266191/product_categories.csv,179,id,product_categories,779266191,id,27416811310.0,245872197.0,245872197.0
779266191,2026-07-03,27115384896,245872197,245872197,data/raw/country_code=id/dataset=product_categories/shop_id=779266191/product_categories.csv,180,id,product_categories,779266191,id,27115384896.0,245872197.0,245872197.0
779266191,2026-07-03,27866702818,245872197,245872197,data/raw/country_code=id/dataset=product_categories/shop_id=779266191/product_categories.csv,181,id,product_categories,779266191,id,27866702818.0,245872197.0,245872197.0
779266191,2026-07-03,29116134787,245872197,245872197,data/raw/country_code=id/dataset=product_categories/shop_id=779266191/product_categories.csv,182,id,product_categories,779266191,id,29116134787.0,245872197.0,245872197.0
779266191,2026-07-03,23587779086,245872197,245872197,data/raw/country_code=id/dataset=product_categories/shop_id=779266191/product_categories.csv,183,id,product_categories,779266191,id,23587779086.0,245872197.0,245872197.0
779266191,2026-07-03,22076680299,260133890,260133890,data/raw/country_code=id/dataset=product_categories/shop_id=779266191/product_categories.csv,184,id,product_categories,779266191,id,22076680299.0,260133890.0,260133890.0
779266191,2026-07-03,29424110638,260133890,260133890,data/raw/country_code=id/dataset=product_categories/shop_id=779266191/product_categories.csv,185,id,product_categories,779266191,id,29424110638.0,260133890.0,260133890.0
779266191,2026-07-03,24720372333,260133890,260133890,data/raw/country_code=id/dataset=product_categories/shop_id=779266191/product_categories.csv,186,id,product_categories,779266191,id,24720372333.0,260133890.0,260133890.0
779266191,2026-07-03,22577522022,260133890,260133890,data/raw/country_code=id/dataset=product_categories/shop_id=779266191/product_categories.csv,187,id,product_categories,779266191,id,22577522022.0,260133890.0,260133890.0
779266191,2026-07-03,22451188653,260133890,260133890,data/raw/country_code=id/dataset=product_categories/shop_id=779266191/product_categories.csv,188,id,product_categories,779266191,id,22451188653.0,260133890.0,260133890.0
779266191,2026-07-03,24251133314,260133890,260133890,data/raw/country_code=id/dataset=product_categories/shop_id=779266191/product_categories.csv,189,id,product_categories,779266191,id,24251133314.0,260133890.0,260133890.0
779266191,2026-07-03,18192931091,260133890,260133890,data/raw/country_code=id/dataset=product_categories/shop_id=779266191/product_categories.csv,190,id,product_categories,779266191,id,18192931091.0,260133890.0,260133890.0
779266191,2026-07-03,25001036876,260133890,260133890,data/raw/country_code=id/dataset=product_categories/shop_id=779266191/product_categories.csv,191,id,product_categories,779266191,id,25001036876.0,260133890.0,260133890.0
779266191,2026-07-03,29620337535,260133890,260133890,data/raw/country_code=id/dataset=product_categories/shop_id=779266191/product_categories.csv,192,id,product_categories,779266191,id,29620337535.0,260133890.0,260133890.0
779266191,2026-07-03,22686419036,260133890,260133890,data/raw/country_code=id/dataset=product_categories/shop_id=779266191/product_categories.csv,193,id,product_categories,779266191,id,22686419036.0,260133890.0,260133890.0
779266191,2026-07-03,40455576600,260133890,260133890,data/raw/country_code=id/dataset=product_categories/shop_id=779266191/product_categories.csv,194,id,product_categories,779266191,id,40455576600.0,260133890.0,260133890.0
779266191,2026-07-03,23341118444,260133890,260133890,data/raw/country_code=id/dataset=product_categories/shop_id=779266191/product_categories.csv,195,id,product_categories,779266191,id,23341118444.0,260133890.0,260133890.0
779266191,2026-07-03,19223481092,260134019,260134019,data/raw/country_code=id/dataset=product_categories/shop_id=779266191/product_categories.csv,196,id,product_categories,779266191,id,19223481092.0,260134019.0,260134019.0
779266191,2026-07-03,18088299860,260134019,260134019,data/raw/country_code=id/dataset=product_categories/shop_id=779266191/product_categories.csv,197,id,product_categories,779266191,id,18088299860.0,260134019.0,260134019.0
779266191,2026-07-03,27416811310,260134019,260134019,data/raw/country_code=id/dataset=product_categories/shop_id=779266191/product_categories.csv,198,id,product_categories,779266191,id,27416811310.0,260134019.0,260134019.0
779266191,2026-07-03,27115384896,260134019,260134019,data/raw/country_code=id/dataset=product_categories/shop_id=779266191/product_categories.csv,199,id,product_categories,779266191,id,27115384896.0,260134019.0,260134019.0
779266191,2026-07-03,22577522022,260134071,260134071,data/raw/country_code=id/dataset=product_categories/shop_id=779266191/product_categories.csv,200,id,product_categories,779266191,id,22577522022.0,260134071.0,260134071.0
779266191,2026-07-03,24251133314,260134071,260134071,data/raw/country_code=id/dataset=product_categories/shop_id=779266191/product_categories.csv,201,id,product_categories,779266191,id,24251133314.0,260134071.0,260134071.0
779266191,2026-07-03,18192931091,260134071,260134071,data/raw/country_code=id/dataset=product_categories/shop_id=779266191/product_categories.csv,202,id,product_categories,779266191,id,18192931091.0,260134071.0,260134071.0
779266191,2026-07-03,25001036876,260134071,260134071,data/raw/country_code=id/dataset=product_categories/shop_id=779266191/product_categories.csv,203,id,product_categories,779266191,id,25001036876.0,260134071.0,260134071.0
779266191,2026-07-03,23341118444,260134071,260134071,data/raw/country_code=id/dataset=product_categories/shop_id=779266191/product_categories.csv,204,id,product_categories,779266191,id,23341118444.0,260134071.0,260134071.0
779266191,2026-07-03,21195685165,260134144,260134144,data/raw/country_code=id/dataset=product_categories/shop_id=779266191/product_categories.csv,205,id,product_categories,779266191,id,21195685165.0,260134144.0,260134144.0
779266191,2026-07-03,19223481092,260134144,260134144,data/raw/country_code=id/dataset=product_categories/shop_id=779266191/product_categories.csv,206,id,product_categories,779266191,id,19223481092.0,260134144.0,260134144.0
779266191,2026-07-03,26127246027,260134144,260134144,data/raw/country_code=id/dataset=product_categories/shop_id=779266191/product_categories.csv,207,id,product_categories,779266191,id,26127246027.0,260134144.0,260134144.0
779266191,2026-07-03,29264374480,260134144,260134144,data/raw/country_code=id/dataset=product_categories/shop_id=779266191/product_categories.csv,208,id,product_categories,779266191,id,29264374480.0,260134144.0,260134144.0
779266191,2026-07-03,27527246851,260134144,260134144,data/raw/country_code=id/dataset=product_categories/shop_id=779266191/product_categories.csv,209,id,product_categories,779266191,id,27527246851.0,260134144.0,260134144.0
779266191,2026-07-03,18088299860,260134144,260134144,data/raw/country_code=id/dataset=product_categories/shop_id=779266191/product_categories.csv,210,id,product_categories,779266191,id,18088299860.0,260134144.0,260134144.0
779266191,2026-07-03,27416811310,260134144,260134144,data/raw/country_code=id/dataset=product_categories/shop_id=779266191/product_categories.csv,211,id,product_categories,779266191,id,27416811310.0,260134144.0,260134144.0
779266191,2026-07-03,22451188653,260134144,260134144,data/raw/country_code=id/dataset=product_categories/shop_id=779266191/product_categories.csv,212,id,product_categories,779266191,id,22451188653.0,260134144.0,260134144.0
779266191,2026-07-03,23587779086,260134144,260134144,data/raw/country_code=id/dataset=product_categories/shop_id=779266191/product_categories.csv,213,id,product_categories,779266191,id,23587779086.0,260134144.0,260134144.0
779266191,2026-07-03,22076680299,260134616,260134616,data/raw/country_code=id/dataset=product_categories/shop_id=779266191/product_categories.csv,214,id,product_categories,779266191,id,22076680299.0,260134616.0,260134616.0
779266191,2026-07-03,22577522022,260134616,260134616,data/raw/country_code=id/dataset=product_categories/shop_id=779266191/product_categories.csv,215,id,product_categories,779266191,id,22577522022.0,260134616.0,260134616.0
779266191,2026-07-03,22451188653,260134616,260134616,data/raw/country_code=id/dataset=product_categories/shop_id=779266191/product_categories.csv,216,id,product_categories,779266191,id,22451188653.0,260134616.0,260134616.0
779266191,2026-07-03,24251133314,260134616,260134616,data/raw/country_code=id/dataset=product_categories/shop_id=779266191/product_categories.csv,217,id,product_categories,779266191,id,24251133314.0,260134616.0,260134616.0
779266191,2026-07-03,25001036876,260134616,260134616,data/raw/country_code=id/dataset=product_categories/shop_id=779266191/product_categories.csv,218,id,product_categories,779266191,id,25001036876.0,260134616.0,260134616.0
779266191,2026-07-03,29620337535,260134616,260134616,data/raw/country_code=id/dataset=product_categories/shop_id=779266191/product_categories.csv,219,id,product_categories,779266191,id,29620337535.0,260134616.0,260134616.0
779266191,2026-07-03,22686419036,260134616,260134616,data/raw/country_code=id/dataset=product_categories/shop_id=779266191/product_categories.csv,220,id,product_categories,779266191,id,22686419036.0,260134616.0,260134616.0
779266191,2026-07-03,26127246027,260134642,260134642,data/raw/country_code=id/dataset=product_categories/shop_id=779266191/product_categories.csv,221,id,product_categories,779266191,id,26127246027.0,260134642.0,260134642.0
779266191,2026-07-03,27527246851,260134642,260134642,data/raw/country_code=id/dataset=product_categories/shop_id=779266191/product_categories.csv,222,id,product_categories,779266191,id,27527246851.0,260134642.0,260134642.0
779266191,2026-07-03,18088299860,260134642,260134642,data/raw/country_code=id/dataset=product_categories/shop_id=779266191/product_categories.csv,223,id,product_categories,779266191,id,18088299860.0,260134642.0,260134642.0
779266191,2026-07-03,23587779086,260134642,260134642,data/raw/country_code=id/dataset=product_categories/shop_id=779266191/product_categories.csv,224,id,product_categories,779266191,id,23587779086.0,260134642.0,260134642.0
779266191,2026-07-03,21195685165,262924137,262924137,data/raw/country_code=id/dataset=product_categories/shop_id=779266191/product_categories.csv,225,id,product_categories,779266191,id,21195685165.0,262924137.0,262924137.0
779266191,2026-07-03,21795721649,262924137,262924137,data/raw/country_code=id/dataset=product_categories/shop_id=779266191/product_categories.csv,226,id,product_categories,779266191,id,21795721649.0,262924137.0,262924137.0
779266191,2026-07-03,25389323175,262924137,262924137,data/raw/country_code=id/dataset=product_categories/shop_id=779266191/product_categories.csv,227,id,product_categories,779266191,id,25389323175.0,262924137.0,262924137.0
779266191,2026-07-03,25397748026,262924137,262924137,data/raw/country_code=id/dataset=product_categories/shop_id=779266191/product_categories.csv,228,id,product_categories,779266191,id,25397748026.0,262924137.0,262924137.0
779266191,2026-07-03,29014387643,262924137,262924137,data/raw/country_code=id/dataset=product_categories/shop_id=779266191/product_categories.csv,229,id,product_categories,779266191,id,29014387643.0,262924137.0,262924137.0
779266191,2026-07-03,43824983854,262924137,262924137,data/raw/country_code=id/dataset=product_categories/shop_id=779266191/product_categories.csv,230,id,product_categories,779266191,id,43824983854.0,262924137.0,262924137.0
779266191,2026-07-03,19223481092,262924137,262924137,data/raw/country_code=id/dataset=product_categories/shop_id=779266191/product_categories.csv,231,id,product_categories,779266191,id,19223481092.0,262924137.0,262924137.0
779266191,2026-07-03,26127246027,262924137,262924137,data/raw/country_code=id/dataset=product_categories/shop_id=779266191/product_categories.csv,232,id,product_categories,779266191,id,26127246027.0,262924137.0,262924137.0
779266191,2026-07-03,29264374480,262924137,262924137,data/raw/country_code=id/dataset=product_categories/shop_id=779266191/product_categories.csv,233,id,product_categories,779266191,id,29264374480.0,262924137.0,262924137.0
779266191,2026-07-03,27527246851,262924137,262924137,data/raw/country_code=id/dataset=product_categories/shop_id=779266191/product_categories.csv,234,id,product_categories,779266191,id,27527246851.0,262924137.0,262924137.0
779266191,2026-07-03,18088299860,262924137,262924137,data/raw/country_code=id/dataset=product_categories/shop_id=779266191/product_categories.csv,235,id,product_categories,779266191,id,18088299860.0,262924137.0,262924137.0
779266191,2026-07-03,27416811310,262924137,262924137,data/raw/country_code=id/dataset=product_categories/shop_id=779266191/product_categories.csv,236,id,product_categories,779266191,id,27416811310.0,262924137.0,262924137.0
779266191,2026-07-03,27115384896,262924137,262924137,data/raw/country_code=id/dataset=product_categories/shop_id=779266191/product_categories.csv,237,id,product_categories,779266191,id,27115384896.0,262924137.0,262924137.0
779266191,2026-07-03,23587779086,262924137,262924137,data/raw/country_code=id/dataset=product_categories/shop_id=779266191/product_categories.csv,238,id,product_categories,779266191,id,23587779086.0,262924137.0,262924137.0
779266191,2026-07-03,49802217586,264914127,264914127,data/raw/country_code=id/dataset=product_categories/shop_id=779266191/product_categories.csv,239,id,product_categories,779266191,id,49802217586.0,264914127.0,264914127.0
779266191,2026-07-03,58152183963,264914127,264914127,data/raw/country_code=id/dataset=product_categories/shop_id=779266191/product_categories.csv,240,id,product_categories,779266191,id,58152183963.0,264914127.0,264914127.0
779266191,2026-07-03,44802217849,264914127,264914127,data/raw/country_code=id/dataset=product_categories/shop_id=779266191/product_categories.csv,241,id,product_categories,779266191,id,44802217849.0,264914127.0,264914127.0
779266191,2026-07-03,29424110638,265934881,265934881,data/raw/country_code=id/dataset=product_categories/shop_id=779266191/product_categories.csv,242,id,product_categories,779266191,id,29424110638.0,265934881.0,265934881.0
779266191,2026-07-03,24720372333,265934881,265934881,data/raw/country_code=id/dataset=product_categories/shop_id=779266191/product_categories.csv,243,id,product_categories,779266191,id,24720372333.0,265934881.0,265934881.0
779266191,2026-07-03,18192931091,265934881,265934881,data/raw/country_code=id/dataset=product_categories/shop_id=779266191/product_categories.csv,244,id,product_categories,779266191,id,18192931091.0,265934881.0,265934881.0
779266191,2026-07-03,27866702818,265934881,265934881,data/raw/country_code=id/dataset=product_categories/shop_id=779266191/product_categories.csv,245,id,product_categories,779266191,id,27866702818.0,265934881.0,265934881.0
779266191,2026-07-03,29116134787,265934881,265934881,data/raw/country_code=id/dataset=product_categories/shop_id=779266191/product_categories.csv,246,id,product_categories,779266191,id,29116134787.0,265934881.0,265934881.0
779266191,2026-07-03,40455576600,265934881,265934881,data/raw/country_code=id/dataset=product_categories/shop_id=779266191/product_categories.csv,247,id,product_categories,779266191,id,40455576600.0,265934881.0,265934881.0
779266191,2026-07-03,23341118444,265934881,265934881,data/raw/country_code=id/dataset=product_categories/shop_id=779266191/product_categories.csv,248,id,product_categories,779266191,id,23341118444.0,265934881.0,265934881.0
779266191,2026-07-03,43928185146,266741284,266741284,data/raw/country_code=id/dataset=product_categories/shop_id=779266191/product_categories.csv,249,id,product_categories,779266191,id,43928185146.0,266741284.0,266741284.0
779266191,2026-07-03,43878200654,266741284,266741284,data/raw/country_code=id/dataset=product_categories/shop_id=779266191/product_categories.csv,250,id,product_categories,779266191,id,43878200654.0,266741284.0,266741284.0
779266191,2026-07-03,48105035999,266741284,266741284,data/raw/country_code=id/dataset=product_categories/shop_id=779266191/product_categories.csv,251,id,product_categories,779266191,id,48105035999.0,266741284.0,266741284.0
779266191,2026-07-03,47506875118,268471877,268471877,data/raw/country_code=id/dataset=product_categories/shop_id=779266191/product_categories.csv,252,id,product_categories,779266191,id,47506875118.0,268471877.0,268471877.0
779266191,2026-07-03,48855022633,268471877,268471877,data/raw/country_code=id/dataset=product_categories/shop_id=779266191/product_categories.csv,253,id,product_categories,779266191,id,48855022633.0,268471877.0,268471877.0
809769142,2026-07-01,26704788256,257838398,257838398,data/raw/country_code=id/dataset=product_categories/shop_id=809769142/product_categories.csv,2,id,product_categories,809769142,id,26704788256.0,257838398.0,257838398.0
809769142,2026-07-01,29317152516,257838398,257838398,data/raw/country_code=id/dataset=product_categories/shop_id=809769142/product_categories.csv,3,id,product_categories,809769142,id,29317152516.0,257838398.0,257838398.0
809769142,2026-07-01,44050582778,257838398,257838398,data/raw/country_code=id/dataset=product_categories/shop_id=809769142/product_categories.csv,4,id,product_categories,809769142,id,44050582778.0,257838398.0,257838398.0
809769142,2026-07-01,27408030377,257838398,257838398,data/raw/country_code=id/dataset=product_categories/shop_id=809769142/product_categories.csv,5,id,product_categories,809769142,id,27408030377.0,257838398.0,257838398.0
809769142,2026-07-01,29905930406,257838398,257838398,data/raw/country_code=id/dataset=product_categories/shop_id=809769142/product_categories.csv,6,id,product_categories,809769142,id,29905930406.0,257838398.0,257838398.0
809769142,2026-07-01,20636165691,257838398,257838398,data/raw/country_code=id/dataset=product_categories/shop_id=809769142/product_categories.csv,7,id,product_categories,809769142,id,20636165691.0,257838398.0,257838398.0
809769142,2026-07-01,27455737082,257838398,257838398,data/raw/country_code=id/dataset=product_categories/shop_id=809769142/product_categories.csv,8,id,product_categories,809769142,id,27455737082.0,257838398.0,257838398.0
809769142,2026-07-01,21829166888,257838398,257838398,data/raw/country_code=id/dataset=product_categories/shop_id=809769142/product_categories.csv,9,id,product_categories,809769142,id,21829166888.0,257838398.0,257838398.0
809769142,2026-07-01,23668056941,257838398,257838398,data/raw/country_code=id/dataset=product_categories/shop_id=809769142/product_categories.csv,10,id,product_categories,809769142,id,23668056941.0,257838398.0,257838398.0
809769142,2026-07-01,16797836904,257838398,257838398,data/raw/country_code=id/dataset=product_categories/shop_id=809769142/product_categories.csv,11,id,product_categories,809769142,id,16797836904.0,257838398.0,257838398.0
809769142,2026-07-01,27383676128,257838398,257838398,data/raw/country_code=id/dataset=product_categories/shop_id=809769142/product_categories.csv,12,id,product_categories,809769142,id,27383676128.0,257838398.0,257838398.0
809769142,2026-07-01,28376448249,257838398,257838398,data/raw/country_code=id/dataset=product_categories/shop_id=809769142/product_categories.csv,13,id,product_categories,809769142,id,28376448249.0,257838398.0,257838398.0
809769142,2026-07-01,18584356032,257838398,257838398,data/raw/country_code=id/dataset=product_categories/shop_id=809769142/product_categories.csv,14,id,product_categories,809769142,id,18584356032.0,257838398.0,257838398.0
809769142,2026-07-01,29572980090,257838398,257838398,data/raw/country_code=id/dataset=product_categories/shop_id=809769142/product_categories.csv,15,id,product_categories,809769142,id,29572980090.0,257838398.0,257838398.0
809769142,2026-07-01,20229171522,257838398,257838398,data/raw/country_code=id/dataset=product_categories/shop_id=809769142/product_categories.csv,16,id,product_categories,809769142,id,20229171522.0,257838398.0,257838398.0
809769142,2026-07-01,29028423239,257838398,257838398,data/raw/country_code=id/dataset=product_categories/shop_id=809769142/product_categories.csv,17,id,product_categories,809769142,id,29028423239.0,257838398.0,257838398.0
809769142,2026-07-01,29430013001,257838398,257838398,data/raw/country_code=id/dataset=product_categories/shop_id=809769142/product_categories.csv,18,id,product_categories,809769142,id,29430013001.0,257838398.0,257838398.0
809769142,2026-07-01,22355348169,257838398,257838398,data/raw/country_code=id/dataset=product_categories/shop_id=809769142/product_categories.csv,19,id,product_categories,809769142,id,22355348169.0,257838398.0,257838398.0
809769142,2026-07-01,24577552378,257838398,257838398,data/raw/country_code=id/dataset=product_categories/shop_id=809769142/product_categories.csv,20,id,product_categories,809769142,id,24577552378.0,257838398.0,257838398.0
809769142,2026-07-01,29954788720,257838398,257838398,data/raw/country_code=id/dataset=product_categories/shop_id=809769142/product_categories.csv,21,id,product_categories,809769142,id,29954788720.0,257838398.0,257838398.0
809769142,2026-07-01,19691541572,257838398,257838398,data/raw/country_code=id/dataset=product_categories/shop_id=809769142/product_categories.csv,22,id,product_categories,809769142,id,19691541572.0,257838398.0,257838398.0
809769142,2026-07-01,25614268730,257838398,257838398,data/raw/country_code=id/dataset=product_categories/shop_id=809769142/product_categories.csv,23,id,product_categories,809769142,id,25614268730.0,257838398.0,257838398.0
809769142,2026-07-01,26617444732,257838398,257838398,data/raw/country_code=id/dataset=product_categories/shop_id=809769142/product_categories.csv,24,id,product_categories,809769142,id,26617444732.0,257838398.0,257838398.0
809769142,2026-07-01,29372960469,257838398,257838398,data/raw/country_code=id/dataset=product_categories/shop_id=809769142/product_categories.csv,25,id,product_categories,809769142,id,29372960469.0,257838398.0,257838398.0
809769142,2026-07-01,27810365257,257838398,257838398,data/raw/country_code=id/dataset=product_categories/shop_id=809769142/product_categories.csv,26,id,product_categories,809769142,id,27810365257.0,257838398.0,257838398.0
809769142,2026-07-01,25090328302,257838398,257838398,data/raw/country_code=id/dataset=product_categories/shop_id=809769142/product_categories.csv,27,id,product_categories,809769142,id,25090328302.0,257838398.0,257838398.0
809769142,2026-07-01,26704788256,257838433,257838433,data/raw/country_code=id/dataset=product_categories/shop_id=809769142/product_categories.csv,28,id,product_categories,809769142,id,26704788256.0,257838433.0,257838433.0
809769142,2026-07-01,29317152516,257838433,257838433,data/raw/country_code=id/dataset=product_categories/shop_id=809769142/product_categories.csv,29,id,product_categories,809769142,id,29317152516.0,257838433.0,257838433.0
809769142,2026-07-01,44429096395,257838433,257838433,data/raw/country_code=id/dataset=product_categories/shop_id=809769142/product_categories.csv,30,id,product_categories,809769142,id,44429096395.0,257838433.0,257838433.0
809769142,2026-07-01,50406870682,257838433,257838433,data/raw/country_code=id/dataset=product_categories/shop_id=809769142/product_categories.csv,31,id,product_categories,809769142,id,50406870682.0,257838433.0,257838433.0
809769142,2026-07-01,28293199566,257838433,257838433,data/raw/country_code=id/dataset=product_categories/shop_id=809769142/product_categories.csv,32,id,product_categories,809769142,id,28293199566.0,257838433.0,257838433.0
809769142,2026-07-01,24597552858,257838433,257838433,data/raw/country_code=id/dataset=product_categories/shop_id=809769142/product_categories.csv,33,id,product_categories,809769142,id,24597552858.0,257838433.0,257838433.0
809769142,2026-07-01,21429166155,257838433,257838433,data/raw/country_code=id/dataset=product_categories/shop_id=809769142/product_categories.csv,34,id,product_categories,809769142,id,21429166155.0,257838433.0,257838433.0
809769142,2026-07-01,56102197568,257838433,257838433,data/raw/country_code=id/dataset=product_categories/shop_id=809769142/product_categories.csv,35,id,product_categories,809769142,id,56102197568.0,257838433.0,257838433.0
809769142,2026-07-01,40619026889,257838433,257838433,data/raw/country_code=id/dataset=product_categories/shop_id=809769142/product_categories.csv,36,id,product_categories,809769142,id,40619026889.0,257838433.0,257838433.0
809769142,2026-07-01,51450958596,257838433,257838433,data/raw/country_code=id/dataset=product_categories/shop_id=809769142/product_categories.csv,37,id,product_categories,809769142,id,51450958596.0,257838433.0,257838433.0
809769142,2026-07-01,43375172010,257838433,257838433,data/raw/country_code=id/dataset=product_categories/shop_id=809769142/product_categories.csv,38,id,product_categories,809769142,id,43375172010.0,257838433.0,257838433.0
809769142,2026-07-01,24442098701,257838433,257838433,data/raw/country_code=id/dataset=product_categories/shop_id=809769142/product_categories.csv,39,id,product_categories,809769142,id,24442098701.0,257838433.0,257838433.0
809769142,2026-07-01,24192367557,257838433,257838433,data/raw/country_code=id/dataset=product_categories/shop_id=809769142/product_categories.csv,40,id,product_categories,809769142,id,24192367557.0,257838433.0,257838433.0
809769142,2026-07-01,54800619577,257838433,257838433,data/raw/country_code=id/dataset=product_categories/shop_id=809769142/product_categories.csv,41,id,product_categories,809769142,id,54800619577.0,257838433.0,257838433.0
809769142,2026-07-01,52150640468,257838433,257838433,data/raw/country_code=id/dataset=product_categories/shop_id=809769142/product_categories.csv,42,id,product_categories,809769142,id,52150640468.0,257838433.0,257838433.0
809769142,2026-07-01,27408030377,257838433,257838433,data/raw/country_code=id/dataset=product_categories/shop_id=809769142/product_categories.csv,43,id,product_categories,809769142,id,27408030377.0,257838433.0,257838433.0
809769142,2026-07-01,20636165691,257838433,257838433,data/raw/country_code=id/dataset=product_categories/shop_id=809769142/product_categories.csv,44,id,product_categories,809769142,id,20636165691.0,257838433.0,257838433.0
809769142,2026-07-01,48059253956,257838433,257838433,data/raw/country_code=id/dataset=product_categories/shop_id=809769142/product_categories.csv,45,id,product_categories,809769142,id,48059253956.0,257838433.0,257838433.0
809769142,2026-07-01,29131802740,257838433,257838433,data/raw/country_code=id/dataset=product_categories/shop_id=809769142/product_categories.csv,46,id,product_categories,809769142,id,29131802740.0,257838433.0,257838433.0
809769142,2026-07-01,44164974080,257838433,257838433,data/raw/country_code=id/dataset=product_categories/shop_id=809769142/product_categories.csv,47,id,product_categories,809769142,id,44164974080.0,257838433.0,257838433.0
809769142,2026-07-01,26341558563,257838433,257838433,data/raw/country_code=id/dataset=product_categories/shop_id=809769142/product_categories.csv,48,id,product_categories,809769142,id,26341558563.0,257838433.0,257838433.0
809769142,2026-07-01,43226040976,257838433,257838433,data/raw/country_code=id/dataset=product_categories/shop_id=809769142/product_categories.csv,49,id,product_categories,809769142,id,43226040976.0,257838433.0,257838433.0
809769142,2026-07-01,50802739806,257838433,257838433,data/raw/country_code=id/dataset=product_categories/shop_id=809769142/product_categories.csv,50,id,product_categories,809769142,id,50802739806.0,257838433.0,257838433.0
809769142,2026-07-01,42358562447,257838433,257838433,data/raw/country_code=id/dataset=product_categories/shop_id=809769142/product_categories.csv,51,id,product_categories,809769142,id,42358562447.0,257838433.0,257838433.0
809769142,2026-07-01,27455737082,257838433,257838433,data/raw/country_code=id/dataset=product_categories/shop_id=809769142/product_categories.csv,52,id,product_categories,809769142,id,27455737082.0,257838433.0,257838433.0
809769142,2026-07-01,57903895781,257838433,257838433,data/raw/country_code=id/dataset=product_categories/shop_id=809769142/product_categories.csv,53,id,product_categories,809769142,id,57903895781.0,257838433.0,257838433.0
809769142,2026-07-01,21829166888,257838433,257838433,data/raw/country_code=id/dataset=product_categories/shop_id=809769142/product_categories.csv,54,id,product_categories,809769142,id,21829166888.0,257838433.0,257838433.0
809769142,2026-07-01,23668056941,257838433,257838433,data/raw/country_code=id/dataset=product_categories/shop_id=809769142/product_categories.csv,55,id,product_categories,809769142,id,23668056941.0,257838433.0,257838433.0
809769142,2026-07-01,16797836904,257838433,257838433,data/raw/country_code=id/dataset=product_categories/shop_id=809769142/product_categories.csv,56,id,product_categories,809769142,id,16797836904.0,257838433.0,257838433.0
809769142,2026-07-01,51702755108,257838433,257838433,data/raw/country_code=id/dataset=product_categories/shop_id=809769142/product_categories.csv,57,id,product_categories,809769142,id,51702755108.0,257838433.0,257838433.0
809769142,2026-07-01,18083979760,257838433,257838433,data/raw/country_code=id/dataset=product_categories/shop_id=809769142/product_categories.csv,58,id,product_categories,809769142,id,18083979760.0,257838433.0,257838433.0
809769142,2026-07-01,22853217492,257838433,257838433,data/raw/country_code=id/dataset=product_categories/shop_id=809769142/product_categories.csv,59,id,product_categories,809769142,id,22853217492.0,257838433.0,257838433.0
809769142,2026-07-01,28376448249,257838433,257838433,data/raw/country_code=id/dataset=product_categories/shop_id=809769142/product_categories.csv,60,id,product_categories,809769142,id,28376448249.0,257838433.0,257838433.0
809769142,2026-07-01,10599605978,257838433,257838433,data/raw/country_code=id/dataset=product_categories/shop_id=809769142/product_categories.csv,61,id,product_categories,809769142,id,10599605978.0,257838433.0,257838433.0
809769142,2026-07-01,43564342526,257838433,257838433,data/raw/country_code=id/dataset=product_categories/shop_id=809769142/product_categories.csv,62,id,product_categories,809769142,id,43564342526.0,257838433.0,257838433.0
809769142,2026-07-01,28030007092,257838433,257838433,data/raw/country_code=id/dataset=product_categories/shop_id=809769142/product_categories.csv,63,id,product_categories,809769142,id,28030007092.0,257838433.0,257838433.0
809769142,2026-07-01,18584356032,257838433,257838433,data/raw/country_code=id/dataset=product_categories/shop_id=809769142/product_categories.csv,64,id,product_categories,809769142,id,18584356032.0,257838433.0,257838433.0
809769142,2026-07-01,18024029084,257838433,257838433,data/raw/country_code=id/dataset=product_categories/shop_id=809769142/product_categories.csv,65,id,product_categories,809769142,id,18024029084.0,257838433.0,257838433.0
809769142,2026-07-01,40064375511,257838433,257838433,data/raw/country_code=id/dataset=product_categories/shop_id=809769142/product_categories.csv,66,id,product_categories,809769142,id,40064375511.0,257838433.0,257838433.0
809769142,2026-07-01,29826448226,257838433,257838433,data/raw/country_code=id/dataset=product_categories/shop_id=809769142/product_categories.csv,67,id,product_categories,809769142,id,29826448226.0,257838433.0,257838433.0
809769142,2026-07-01,24704461451,257838433,257838433,data/raw/country_code=id/dataset=product_categories/shop_id=809769142/product_categories.csv,68,id,product_categories,809769142,id,24704461451.0,257838433.0,257838433.0
809769142,2026-07-01,29601433725,257838433,257838433,data/raw/country_code=id/dataset=product_categories/shop_id=809769142/product_categories.csv,69,id,product_categories,809769142,id,29601433725.0,257838433.0,257838433.0
809769142,2026-07-01,40253957457,257838433,257838433,data/raw/country_code=id/dataset=product_categories/shop_id=809769142/product_categories.csv,70,id,product_categories,809769142,id,40253957457.0,257838433.0,257838433.0
809769142,2026-07-01,26777568629,257838433,257838433,data/raw/country_code=id/dataset=product_categories/shop_id=809769142/product_categories.csv,71,id,product_categories,809769142,id,26777568629.0,257838433.0,257838433.0
809769142,2026-07-01,24443458397,257838433,257838433,data/raw/country_code=id/dataset=product_categories/shop_id=809769142/product_categories.csv,72,id,product_categories,809769142,id,24443458397.0,257838433.0,257838433.0
809769142,2026-07-01,22873282452,257838433,257838433,data/raw/country_code=id/dataset=product_categories/shop_id=809769142/product_categories.csv,73,id,product_categories,809769142,id,22873282452.0,257838433.0,257838433.0
809769142,2026-07-01,23856176929,257838433,257838433,data/raw/country_code=id/dataset=product_categories/shop_id=809769142/product_categories.csv,74,id,product_categories,809769142,id,23856176929.0,257838433.0,257838433.0
809769142,2026-07-01,20229171522,257838433,257838433,data/raw/country_code=id/dataset=product_categories/shop_id=809769142/product_categories.csv,75,id,product_categories,809769142,id,20229171522.0,257838433.0,257838433.0
809769142,2026-07-01,55150606338,257838433,257838433,data/raw/country_code=id/dataset=product_categories/shop_id=809769142/product_categories.csv,76,id,product_categories,809769142,id,55150606338.0,257838433.0,257838433.0
809769142,2026-07-01,28426633621,257838433,257838433,data/raw/country_code=id/dataset=product_categories/shop_id=809769142/product_categories.csv,77,id,product_categories,809769142,id,28426633621.0,257838433.0,257838433.0
809769142,2026-07-01,29028423239,257838433,257838433,data/raw/country_code=id/dataset=product_categories/shop_id=809769142/product_categories.csv,78,id,product_categories,809769142,id,29028423239.0,257838433.0,257838433.0
809769142,2026-07-01,19793942236,257838433,257838433,data/raw/country_code=id/dataset=product_categories/shop_id=809769142/product_categories.csv,79,id,product_categories,809769142,id,19793942236.0,257838433.0,257838433.0
809769142,2026-07-01,25439085414,257838433,257838433,data/raw/country_code=id/dataset=product_categories/shop_id=809769142/product_categories.csv,80,id,product_categories,809769142,id,25439085414.0,257838433.0,257838433.0
809769142,2026-07-01,29430013001,257838433,257838433,data/raw/country_code=id/dataset=product_categories/shop_id=809769142/product_categories.csv,81,id,product_categories,809769142,id,29430013001.0,257838433.0,257838433.0
809769142,2026-07-01,21729164441,257838433,257838433,data/raw/country_code=id/dataset=product_categories/shop_id=809769142/product_categories.csv,82,id,product_categories,809769142,id,21729164441.0,257838433.0,257838433.0
809769142,2026-07-01,49506878130,257838433,257838433,data/raw/country_code=id/dataset=product_categories/shop_id=809769142/product_categories.csv,83,id,product_categories,809769142,id,49506878130.0,257838433.0,257838433.0
809769142,2026-07-01,20282626747,257838433,257838433,data/raw/country_code=id/dataset=product_categories/shop_id=809769142/product_categories.csv,84,id,product_categories,809769142,id,20282626747.0,257838433.0,257838433.0
809769142,2026-07-01,29490268069,257838433,257838433,data/raw/country_code=id/dataset=product_categories/shop_id=809769142/product_categories.csv,85,id,product_categories,809769142,id,29490268069.0,257838433.0,257838433.0
809769142,2026-07-01,23457178413,257838433,257838433,data/raw/country_code=id/dataset=product_categories/shop_id=809769142/product_categories.csv,86,id,product_categories,809769142,id,23457178413.0,257838433.0,257838433.0
809769142,2026-07-01,27580011874,257838433,257838433,data/raw/country_code=id/dataset=product_categories/shop_id=809769142/product_categories.csv,87,id,product_categories,809769142,id,27580011874.0,257838433.0,257838433.0
809769142,2026-07-01,27160062024,257838433,257838433,data/raw/country_code=id/dataset=product_categories/shop_id=809769142/product_categories.csv,88,id,product_categories,809769142,id,27160062024.0,257838433.0,257838433.0
809769142,2026-07-01,22355348169,257838433,257838433,data/raw/country_code=id/dataset=product_categories/shop_id=809769142/product_categories.csv,89,id,product_categories,809769142,id,22355348169.0,257838433.0,257838433.0
809769142,2026-07-01,43514974352,257838433,257838433,data/raw/country_code=id/dataset=product_categories/shop_id=809769142/product_categories.csv,90,id,product_categories,809769142,id,43514974352.0,257838433.0,257838433.0
809769142,2026-07-01,29954788720,257838433,257838433,data/raw/country_code=id/dataset=product_categories/shop_id=809769142/product_categories.csv,91,id,product_categories,809769142,id,29954788720.0,257838433.0,257838433.0
809769142,2026-07-01,40872286136,257838433,257838433,data/raw/country_code=id/dataset=product_categories/shop_id=809769142/product_categories.csv,92,id,product_categories,809769142,id,40872286136.0,257838433.0,257838433.0
809769142,2026-07-01,19691541572,257838433,257838433,data/raw/country_code=id/dataset=product_categories/shop_id=809769142/product_categories.csv,93,id,product_categories,809769142,id,19691541572.0,257838433.0,257838433.0
809769142,2026-07-01,42464292818,257838433,257838433,data/raw/country_code=id/dataset=product_categories/shop_id=809769142/product_categories.csv,94,id,product_categories,809769142,id,42464292818.0,257838433.0,257838433.0
809769142,2026-07-01,41101567247,257838433,257838433,data/raw/country_code=id/dataset=product_categories/shop_id=809769142/product_categories.csv,95,id,product_categories,809769142,id,41101567247.0,257838433.0,257838433.0
809769142,2026-07-01,41500309150,257838433,257838433,data/raw/country_code=id/dataset=product_categories/shop_id=809769142/product_categories.csv,96,id,product_categories,809769142,id,41500309150.0,257838433.0,257838433.0
809769142,2026-07-01,45151558561,257838433,257838433,data/raw/country_code=id/dataset=product_categories/shop_id=809769142/product_categories.csv,97,id,product_categories,809769142,id,45151558561.0,257838433.0,257838433.0
809769142,2026-07-01,26617444732,257838433,257838433,data/raw/country_code=id/dataset=product_categories/shop_id=809769142/product_categories.csv,98,id,product_categories,809769142,id,26617444732.0,257838433.0,257838433.0
809769142,2026-07-01,29372960469,257838433,257838433,data/raw/country_code=id/dataset=product_categories/shop_id=809769142/product_categories.csv,99,id,product_categories,809769142,id,29372960469.0,257838433.0,257838433.0
809769142,2026-07-01,27810365257,257838433,257838433,data/raw/country_code=id/dataset=product_categories/shop_id=809769142/product_categories.csv,100,id,product_categories,809769142,id,27810365257.0,257838433.0,257838433.0
809769142,2026-07-01,25090328302,257838433,257838433,data/raw/country_code=id/dataset=product_categories/shop_id=809769142/product_categories.csv,101,id,product_categories,809769142,id,25090328302.0,257838433.0,257838433.0
809769142,2026-07-01,24742813269,257838433,257838433,data/raw/country_code=id/dataset=product_categories/shop_id=809769142/product_categories.csv,102,id,product_categories,809769142,id,24742813269.0,257838433.0,257838433.0
809769142,2026-07-01,25564103539,257838433,257838433,data/raw/country_code=id/dataset=product_categories/shop_id=809769142/product_categories.csv,103,id,product_categories,809769142,id,25564103539.0,257838433.0,257838433.0
809769142,2026-07-01,26704788256,257838434,257838434,data/raw/country_code=id/dataset=product_categories/shop_id=809769142/product_categories.csv,104,id,product_categories,809769142,id,26704788256.0,257838434.0,257838434.0
809769142,2026-07-01,29317152516,257838434,257838434,data/raw/country_code=id/dataset=product_categories/shop_id=809769142/product_categories.csv,105,id,product_categories,809769142,id,29317152516.0,257838434.0,257838434.0
809769142,2026-07-01,24442098701,257838434,257838434,data/raw/country_code=id/dataset=product_categories/shop_id=809769142/product_categories.csv,106,id,product_categories,809769142,id,24442098701.0,257838434.0,257838434.0
809769142,2026-07-01,20636165691,257838434,257838434,data/raw/country_code=id/dataset=product_categories/shop_id=809769142/product_categories.csv,107,id,product_categories,809769142,id,20636165691.0,257838434.0,257838434.0
809769142,2026-07-01,44164974080,257838434,257838434,data/raw/country_code=id/dataset=product_categories/shop_id=809769142/product_categories.csv,108,id,product_categories,809769142,id,44164974080.0,257838434.0,257838434.0
809769142,2026-07-01,23668056941,257838434,257838434,data/raw/country_code=id/dataset=product_categories/shop_id=809769142/product_categories.csv,109,id,product_categories,809769142,id,23668056941.0,257838434.0,257838434.0
809769142,2026-07-01,18083979760,257838434,257838434,data/raw/country_code=id/dataset=product_categories/shop_id=809769142/product_categories.csv,110,id,product_categories,809769142,id,18083979760.0,257838434.0,257838434.0
809769142,2026-07-01,49506878130,257838434,257838434,data/raw/country_code=id/dataset=product_categories/shop_id=809769142/product_categories.csv,111,id,product_categories,809769142,id,49506878130.0,257838434.0,257838434.0
809769142,2026-07-01,43514974352,257838434,257838434,data/raw/country_code=id/dataset=product_categories/shop_id=809769142/product_categories.csv,112,id,product_categories,809769142,id,43514974352.0,257838434.0,257838434.0
809769142,2026-07-01,29954788720,257838434,257838434,data/raw/country_code=id/dataset=product_categories/shop_id=809769142/product_categories.csv,113,id,product_categories,809769142,id,29954788720.0,257838434.0,257838434.0
809769142,2026-07-01,19691541572,257838434,257838434,data/raw/country_code=id/dataset=product_categories/shop_id=809769142/product_categories.csv,114,id,product_categories,809769142,id,19691541572.0,257838434.0,257838434.0
809769142,2026-07-01,45151558561,257838434,257838434,data/raw/country_code=id/dataset=product_categories/shop_id=809769142/product_categories.csv,115,id,product_categories,809769142,id,45151558561.0,257838434.0,257838434.0
809769142,2026-07-01,50406870682,257838452,257838452,data/raw/country_code=id/dataset=product_categories/shop_id=809769142/product_categories.csv,116,id,product_categories,809769142,id,50406870682.0,257838452.0,257838452.0
809769142,2026-07-01,21429166155,257838452,257838452,data/raw/country_code=id/dataset=product_categories/shop_id=809769142/product_categories.csv,117,id,product_categories,809769142,id,21429166155.0,257838452.0,257838452.0
809769142,2026-07-01,27408030377,257838452,257838452,data/raw/country_code=id/dataset=product_categories/shop_id=809769142/product_categories.csv,118,id,product_categories,809769142,id,27408030377.0,257838452.0,257838452.0
809769142,2026-07-01,21829166888,257838452,257838452,data/raw/country_code=id/dataset=product_categories/shop_id=809769142/product_categories.csv,119,id,product_categories,809769142,id,21829166888.0,257838452.0,257838452.0
809769142,2026-07-01,20282626747,257838452,257838452,data/raw/country_code=id/dataset=product_categories/shop_id=809769142/product_categories.csv,120,id,product_categories,809769142,id,20282626747.0,257838452.0,257838452.0
809769142,2026-07-01,41500309150,257838452,257838452,data/raw/country_code=id/dataset=product_categories/shop_id=809769142/product_categories.csv,121,id,product_categories,809769142,id,41500309150.0,257838452.0,257838452.0
809769142,2026-07-01,25564103539,257838452,257838452,data/raw/country_code=id/dataset=product_categories/shop_id=809769142/product_categories.csv,122,id,product_categories,809769142,id,25564103539.0,257838452.0,257838452.0
809769142,2026-07-01,57903895781,257838475,257838475,data/raw/country_code=id/dataset=product_categories/shop_id=809769142/product_categories.csv,123,id,product_categories,809769142,id,57903895781.0,257838475.0,257838475.0
809769142,2026-07-01,18024029084,257838475,257838475,data/raw/country_code=id/dataset=product_categories/shop_id=809769142/product_categories.csv,124,id,product_categories,809769142,id,18024029084.0,257838475.0,257838475.0
809769142,2026-07-01,40253957457,257838475,257838475,data/raw/country_code=id/dataset=product_categories/shop_id=809769142/product_categories.csv,125,id,product_categories,809769142,id,40253957457.0,257838475.0,257838475.0
809769142,2026-07-01,21729164441,257838475,257838475,data/raw/country_code=id/dataset=product_categories/shop_id=809769142/product_categories.csv,126,id,product_categories,809769142,id,21729164441.0,257838475.0,257838475.0
809769142,2026-07-01,27160062024,257838475,257838475,data/raw/country_code=id/dataset=product_categories/shop_id=809769142/product_categories.csv,127,id,product_categories,809769142,id,27160062024.0,257838475.0,257838475.0
809769142,2026-07-01,27810365257,257838475,257838475,data/raw/country_code=id/dataset=product_categories/shop_id=809769142/product_categories.csv,128,id,product_categories,809769142,id,27810365257.0,257838475.0,257838475.0
809769142,2026-07-01,28293199566,257838481,257838481,data/raw/country_code=id/dataset=product_categories/shop_id=809769142/product_categories.csv,129,id,product_categories,809769142,id,28293199566.0,257838481.0,257838481.0
809769142,2026-07-01,24597552858,257838481,257838481,data/raw/country_code=id/dataset=product_categories/shop_id=809769142/product_categories.csv,130,id,product_categories,809769142,id,24597552858.0,257838481.0,257838481.0
809769142,2026-07-01,56102197568,257838481,257838481,data/raw/country_code=id/dataset=product_categories/shop_id=809769142/product_categories.csv,131,id,product_categories,809769142,id,56102197568.0,257838481.0,257838481.0
809769142,2026-07-01,51450958596,257838481,257838481,data/raw/country_code=id/dataset=product_categories/shop_id=809769142/product_categories.csv,132,id,product_categories,809769142,id,51450958596.0,257838481.0,257838481.0
809769142,2026-07-01,43375172010,257838481,257838481,data/raw/country_code=id/dataset=product_categories/shop_id=809769142/product_categories.csv,133,id,product_categories,809769142,id,43375172010.0,257838481.0,257838481.0
809769142,2026-07-01,24192367557,257838481,257838481,data/raw/country_code=id/dataset=product_categories/shop_id=809769142/product_categories.csv,134,id,product_categories,809769142,id,24192367557.0,257838481.0,257838481.0
809769142,2026-07-01,50802739806,257838481,257838481,data/raw/country_code=id/dataset=product_categories/shop_id=809769142/product_categories.csv,135,id,product_categories,809769142,id,50802739806.0,257838481.0,257838481.0
809769142,2026-07-01,27455737082,257838481,257838481,data/raw/country_code=id/dataset=product_categories/shop_id=809769142/product_categories.csv,136,id,product_categories,809769142,id,27455737082.0,257838481.0,257838481.0
809769142,2026-07-01,43564342526,257838481,257838481,data/raw/country_code=id/dataset=product_categories/shop_id=809769142/product_categories.csv,137,id,product_categories,809769142,id,43564342526.0,257838481.0,257838481.0
809769142,2026-07-01,40064375511,257838481,257838481,data/raw/country_code=id/dataset=product_categories/shop_id=809769142/product_categories.csv,138,id,product_categories,809769142,id,40064375511.0,257838481.0,257838481.0
809769142,2026-07-01,26777568629,257838481,257838481,data/raw/country_code=id/dataset=product_categories/shop_id=809769142/product_categories.csv,139,id,product_categories,809769142,id,26777568629.0,257838481.0,257838481.0
809769142,2026-07-01,20229171522,257838481,257838481,data/raw/country_code=id/dataset=product_categories/shop_id=809769142/product_categories.csv,140,id,product_categories,809769142,id,20229171522.0,257838481.0,257838481.0
809769142,2026-07-01,29490268069,257838481,257838481,data/raw/country_code=id/dataset=product_categories/shop_id=809769142/product_categories.csv,141,id,product_categories,809769142,id,29490268069.0,257838481.0,257838481.0
809769142,2026-07-01,22355348169,257838481,257838481,data/raw/country_code=id/dataset=product_categories/shop_id=809769142/product_categories.csv,142,id,product_categories,809769142,id,22355348169.0,257838481.0,257838481.0
809769142,2026-07-01,41101567247,257838481,257838481,data/raw/country_code=id/dataset=product_categories/shop_id=809769142/product_categories.csv,143,id,product_categories,809769142,id,41101567247.0,257838481.0,257838481.0
809769142,2026-07-01,24742813269,257838481,257838481,data/raw/country_code=id/dataset=product_categories/shop_id=809769142/product_categories.csv,144,id,product_categories,809769142,id,24742813269.0,257838481.0,257838481.0
809769142,2026-07-01,29131802740,257838483,257838483,data/raw/country_code=id/dataset=product_categories/shop_id=809769142/product_categories.csv,145,id,product_categories,809769142,id,29131802740.0,257838483.0,257838483.0
809769142,2026-07-01,42358562447,257838483,257838483,data/raw/country_code=id/dataset=product_categories/shop_id=809769142/product_categories.csv,146,id,product_categories,809769142,id,42358562447.0,257838483.0,257838483.0
809769142,2026-07-01,18584356032,257838483,257838483,data/raw/country_code=id/dataset=product_categories/shop_id=809769142/product_categories.csv,147,id,product_categories,809769142,id,18584356032.0,257838483.0,257838483.0
809769142,2026-07-01,24704461451,257838483,257838483,data/raw/country_code=id/dataset=product_categories/shop_id=809769142/product_categories.csv,148,id,product_categories,809769142,id,24704461451.0,257838483.0,257838483.0
809769142,2026-07-01,24443458397,257838483,257838483,data/raw/country_code=id/dataset=product_categories/shop_id=809769142/product_categories.csv,149,id,product_categories,809769142,id,24443458397.0,257838483.0,257838483.0
809769142,2026-07-01,22873282452,257838483,257838483,data/raw/country_code=id/dataset=product_categories/shop_id=809769142/product_categories.csv,150,id,product_categories,809769142,id,22873282452.0,257838483.0,257838483.0
809769142,2026-07-01,23856176929,257838483,257838483,data/raw/country_code=id/dataset=product_categories/shop_id=809769142/product_categories.csv,151,id,product_categories,809769142,id,23856176929.0,257838483.0,257838483.0
809769142,2026-07-01,44429096395,257838511,257838511,data/raw/country_code=id/dataset=product_categories/shop_id=809769142/product_categories.csv,152,id,product_categories,809769142,id,44429096395.0,257838511.0,257838511.0
809769142,2026-07-01,51702755108,257838511,257838511,data/raw/country_code=id/dataset=product_categories/shop_id=809769142/product_categories.csv,153,id,product_categories,809769142,id,51702755108.0,257838511.0,257838511.0
809769142,2026-07-01,28376448249,257838511,257838511,data/raw/country_code=id/dataset=product_categories/shop_id=809769142/product_categories.csv,154,id,product_categories,809769142,id,28376448249.0,257838511.0,257838511.0
809769142,2026-07-01,29826448226,257838511,257838511,data/raw/country_code=id/dataset=product_categories/shop_id=809769142/product_categories.csv,155,id,product_categories,809769142,id,29826448226.0,257838511.0,257838511.0
809769142,2026-07-01,48059253956,257838520,257838520,data/raw/country_code=id/dataset=product_categories/shop_id=809769142/product_categories.csv,156,id,product_categories,809769142,id,48059253956.0,257838520.0,257838520.0
809769142,2026-07-01,29601433725,257838520,257838520,data/raw/country_code=id/dataset=product_categories/shop_id=809769142/product_categories.csv,157,id,product_categories,809769142,id,29601433725.0,257838520.0,257838520.0
809769142,2026-07-01,42464292818,257838520,257838520,data/raw/country_code=id/dataset=product_categories/shop_id=809769142/product_categories.csv,158,id,product_categories,809769142,id,42464292818.0,257838520.0,257838520.0
809769142,2026-07-01,41320590275,257838567,257838567,data/raw/country_code=id/dataset=product_categories/shop_id=809769142/product_categories.csv,159,id,product_categories,809769142,id,41320590275.0,257838567.0,257838567.0
809769142,2026-07-01,48852152348,257838567,257838567,data/raw/country_code=id/dataset=product_categories/shop_id=809769142/product_categories.csv,160,id,product_categories,809769142,id,48852152348.0,257838567.0,257838567.0
809769142,2026-07-01,29270135197,257838567,257838567,data/raw/country_code=id/dataset=product_categories/shop_id=809769142/product_categories.csv,161,id,product_categories,809769142,id,29270135197.0,257838567.0,257838567.0
809769142,2026-07-01,57909001846,257838567,257838567,data/raw/country_code=id/dataset=product_categories/shop_id=809769142/product_categories.csv,162,id,product_categories,809769142,id,57909001846.0,257838567.0,257838567.0
809769142,2026-07-01,40074160523,257838567,257838567,data/raw/country_code=id/dataset=product_categories/shop_id=809769142/product_categories.csv,163,id,product_categories,809769142,id,40074160523.0,257838567.0,257838567.0
809769142,2026-07-01,55201716278,257838567,257838567,data/raw/country_code=id/dataset=product_categories/shop_id=809769142/product_categories.csv,164,id,product_categories,809769142,id,55201716278.0,257838567.0,257838567.0
809769142,2026-07-01,29905930406,257838567,257838567,data/raw/country_code=id/dataset=product_categories/shop_id=809769142/product_categories.csv,165,id,product_categories,809769142,id,29905930406.0,257838567.0,257838567.0
809769142,2026-07-01,41075294736,257838567,257838567,data/raw/country_code=id/dataset=product_categories/shop_id=809769142/product_categories.csv,166,id,product_categories,809769142,id,41075294736.0,257838567.0,257838567.0
809769142,2026-07-01,28776573319,257838567,257838567,data/raw/country_code=id/dataset=product_categories/shop_id=809769142/product_categories.csv,167,id,product_categories,809769142,id,28776573319.0,257838567.0,257838567.0
809769142,2026-07-01,52351401583,257838567,257838567,data/raw/country_code=id/dataset=product_categories/shop_id=809769142/product_categories.csv,168,id,product_categories,809769142,id,52351401583.0,257838567.0,257838567.0
809769142,2026-07-01,29870133400,257838567,257838567,data/raw/country_code=id/dataset=product_categories/shop_id=809769142/product_categories.csv,169,id,product_categories,809769142,id,29870133400.0,257838567.0,257838567.0
809769142,2026-07-01,27383676128,257838567,257838567,data/raw/country_code=id/dataset=product_categories/shop_id=809769142/product_categories.csv,170,id,product_categories,809769142,id,27383676128.0,257838567.0,257838567.0
809769142,2026-07-01,43754734954,257838567,257838567,data/raw/country_code=id/dataset=product_categories/shop_id=809769142/product_categories.csv,171,id,product_categories,809769142,id,43754734954.0,257838567.0,257838567.0
809769142,2026-07-01,42752568783,257838567,257838567,data/raw/country_code=id/dataset=product_categories/shop_id=809769142/product_categories.csv,172,id,product_categories,809769142,id,42752568783.0,257838567.0,257838567.0
809769142,2026-07-01,25614268730,257838567,257838567,data/raw/country_code=id/dataset=product_categories/shop_id=809769142/product_categories.csv,173,id,product_categories,809769142,id,25614268730.0,257838567.0,257838567.0
809769142,2026-07-01,28927852106,257838567,257838567,data/raw/country_code=id/dataset=product_categories/shop_id=809769142/product_categories.csv,174,id,product_categories,809769142,id,28927852106.0,257838567.0,257838567.0
809769142,2026-07-01,40507001358,257838567,257838567,data/raw/country_code=id/dataset=product_categories/shop_id=809769142/product_categories.csv,175,id,product_categories,809769142,id,40507001358.0,257838567.0,257838567.0
809769142,2026-07-01,29905930406,257838568,257838568,data/raw/country_code=id/dataset=product_categories/shop_id=809769142/product_categories.csv,176,id,product_categories,809769142,id,29905930406.0,257838568.0,257838568.0
809769142,2026-07-01,41075294736,257838568,257838568,data/raw/country_code=id/dataset=product_categories/shop_id=809769142/product_categories.csv,177,id,product_categories,809769142,id,41075294736.0,257838568.0,257838568.0
809769142,2026-07-01,28776573319,257838568,257838568,data/raw/country_code=id/dataset=product_categories/shop_id=809769142/product_categories.csv,178,id,product_categories,809769142,id,28776573319.0,257838568.0,257838568.0
809769142,2026-07-01,52351401583,257838568,257838568,data/raw/country_code=id/dataset=product_categories/shop_id=809769142/product_categories.csv,179,id,product_categories,809769142,id,52351401583.0,257838568.0,257838568.0
809769142,2026-07-01,43754734954,257838568,257838568,data/raw/country_code=id/dataset=product_categories/shop_id=809769142/product_categories.csv,180,id,product_categories,809769142,id,43754734954.0,257838568.0,257838568.0
809769142,2026-07-01,28927852106,257838568,257838568,data/raw/country_code=id/dataset=product_categories/shop_id=809769142/product_categories.csv,181,id,product_categories,809769142,id,28927852106.0,257838568.0,257838568.0
809769142,2026-07-01,41320590275,257838569,257838569,data/raw/country_code=id/dataset=product_categories/shop_id=809769142/product_categories.csv,182,id,product_categories,809769142,id,41320590275.0,257838569.0,257838569.0
809769142,2026-07-01,48852152348,257838569,257838569,data/raw/country_code=id/dataset=product_categories/shop_id=809769142/product_categories.csv,183,id,product_categories,809769142,id,48852152348.0,257838569.0,257838569.0
809769142,2026-07-01,29270135197,257838569,257838569,data/raw/country_code=id/dataset=product_categories/shop_id=809769142/product_categories.csv,184,id,product_categories,809769142,id,29270135197.0,257838569.0,257838569.0
809769142,2026-07-01,57909001846,257838569,257838569,data/raw/country_code=id/dataset=product_categories/shop_id=809769142/product_categories.csv,185,id,product_categories,809769142,id,57909001846.0,257838569.0,257838569.0
809769142,2026-07-01,40074160523,257838569,257838569,data/raw/country_code=id/dataset=product_categories/shop_id=809769142/product_categories.csv,186,id,product_categories,809769142,id,40074160523.0,257838569.0,257838569.0
809769142,2026-07-01,55201716278,257838569,257838569,data/raw/country_code=id/dataset=product_categories/shop_id=809769142/product_categories.csv,187,id,product_categories,809769142,id,55201716278.0,257838569.0,257838569.0
809769142,2026-07-01,29870133400,257838569,257838569,data/raw/country_code=id/dataset=product_categories/shop_id=809769142/product_categories.csv,188,id,product_categories,809769142,id,29870133400.0,257838569.0,257838569.0
809769142,2026-07-01,27383676128,257838569,257838569,data/raw/country_code=id/dataset=product_categories/shop_id=809769142/product_categories.csv,189,id,product_categories,809769142,id,27383676128.0,257838569.0,257838569.0
809769142,2026-07-01,42752568783,257838569,257838569,data/raw/country_code=id/dataset=product_categories/shop_id=809769142/product_categories.csv,190,id,product_categories,809769142,id,42752568783.0,257838569.0,257838569.0
809769142,2026-07-01,25614268730,257838569,257838569,data/raw/country_code=id/dataset=product_categories/shop_id=809769142/product_categories.csv,191,id,product_categories,809769142,id,25614268730.0,257838569.0,257838569.0
809769142,2026-07-01,40507001358,257838569,257838569,data/raw/country_code=id/dataset=product_categories/shop_id=809769142/product_categories.csv,192,id,product_categories,809769142,id,40507001358.0,257838569.0,257838569.0
809769142,2026-07-01,40619026889,257838603,257838603,data/raw/country_code=id/dataset=product_categories/shop_id=809769142/product_categories.csv,193,id,product_categories,809769142,id,40619026889.0,257838603.0,257838603.0
809769142,2026-07-01,54800619577,257838603,257838603,data/raw/country_code=id/dataset=product_categories/shop_id=809769142/product_categories.csv,194,id,product_categories,809769142,id,54800619577.0,257838603.0,257838603.0
809769142,2026-07-01,52150640468,257838603,257838603,data/raw/country_code=id/dataset=product_categories/shop_id=809769142/product_categories.csv,195,id,product_categories,809769142,id,52150640468.0,257838603.0,257838603.0
809769142,2026-07-01,26341558563,257838603,257838603,data/raw/country_code=id/dataset=product_categories/shop_id=809769142/product_categories.csv,196,id,product_categories,809769142,id,26341558563.0,257838603.0,257838603.0
809769142,2026-07-01,43226040976,257838603,257838603,data/raw/country_code=id/dataset=product_categories/shop_id=809769142/product_categories.csv,197,id,product_categories,809769142,id,43226040976.0,257838603.0,257838603.0
809769142,2026-07-01,16797836904,257838603,257838603,data/raw/country_code=id/dataset=product_categories/shop_id=809769142/product_categories.csv,198,id,product_categories,809769142,id,16797836904.0,257838603.0,257838603.0
809769142,2026-07-01,22853217492,257838603,257838603,data/raw/country_code=id/dataset=product_categories/shop_id=809769142/product_categories.csv,199,id,product_categories,809769142,id,22853217492.0,257838603.0,257838603.0
809769142,2026-07-01,10599605978,257838603,257838603,data/raw/country_code=id/dataset=product_categories/shop_id=809769142/product_categories.csv,200,id,product_categories,809769142,id,10599605978.0,257838603.0,257838603.0
809769142,2026-07-01,28030007092,257838603,257838603,data/raw/country_code=id/dataset=product_categories/shop_id=809769142/product_categories.csv,201,id,product_categories,809769142,id,28030007092.0,257838603.0,257838603.0
809769142,2026-07-01,55150606338,257838603,257838603,data/raw/country_code=id/dataset=product_categories/shop_id=809769142/product_categories.csv,202,id,product_categories,809769142,id,55150606338.0,257838603.0,257838603.0
809769142,2026-07-01,28426633621,257838603,257838603,data/raw/country_code=id/dataset=product_categories/shop_id=809769142/product_categories.csv,203,id,product_categories,809769142,id,28426633621.0,257838603.0,257838603.0
809769142,2026-07-01,29028423239,257838603,257838603,data/raw/country_code=id/dataset=product_categories/shop_id=809769142/product_categories.csv,204,id,product_categories,809769142,id,29028423239.0,257838603.0,257838603.0
809769142,2026-07-01,19793942236,257838603,257838603,data/raw/country_code=id/dataset=product_categories/shop_id=809769142/product_categories.csv,205,id,product_categories,809769142,id,19793942236.0,257838603.0,257838603.0
809769142,2026-07-01,25439085414,257838603,257838603,data/raw/country_code=id/dataset=product_categories/shop_id=809769142/product_categories.csv,206,id,product_categories,809769142,id,25439085414.0,257838603.0,257838603.0
809769142,2026-07-01,29430013001,257838603,257838603,data/raw/country_code=id/dataset=product_categories/shop_id=809769142/product_categories.csv,207,id,product_categories,809769142,id,29430013001.0,257838603.0,257838603.0
809769142,2026-07-01,23457178413,257838603,257838603,data/raw/country_code=id/dataset=product_categories/shop_id=809769142/product_categories.csv,208,id,product_categories,809769142,id,23457178413.0,257838603.0,257838603.0
809769142,2026-07-01,27580011874,257838603,257838603,data/raw/country_code=id/dataset=product_categories/shop_id=809769142/product_categories.csv,209,id,product_categories,809769142,id,27580011874.0,257838603.0,257838603.0
809769142,2026-07-01,40872286136,257838603,257838603,data/raw/country_code=id/dataset=product_categories/shop_id=809769142/product_categories.csv,210,id,product_categories,809769142,id,40872286136.0,257838603.0,257838603.0
809769142,2026-07-01,26617444732,257838603,257838603,data/raw/country_code=id/dataset=product_categories/shop_id=809769142/product_categories.csv,211,id,product_categories,809769142,id,26617444732.0,257838603.0,257838603.0
809769142,2026-07-01,29372960469,257838603,257838603,data/raw/country_code=id/dataset=product_categories/shop_id=809769142/product_categories.csv,212,id,product_categories,809769142,id,29372960469.0,257838603.0,257838603.0
809769142,2026-07-01,25090328302,257838603,257838603,data/raw/country_code=id/dataset=product_categories/shop_id=809769142/product_categories.csv,213,id,product_categories,809769142,id,25090328302.0,257838603.0,257838603.0
809769142,2026-07-01,24742813269,257838603,257838603,data/raw/country_code=id/dataset=product_categories/shop_id=809769142/product_categories.csv,214,id,product_categories,809769142,id,24742813269.0,257838603.0,257838603.0
809769142,2026-07-01,26704788256,257838748,257838748,data/raw/country_code=id/dataset=product_categories/shop_id=809769142/product_categories.csv,215,id,product_categories,809769142,id,26704788256.0,257838748.0,257838748.0
809769142,2026-07-01,29317152516,257838748,257838748,data/raw/country_code=id/dataset=product_categories/shop_id=809769142/product_categories.csv,216,id,product_categories,809769142,id,29317152516.0,257838748.0,257838748.0
809769142,2026-07-01,44050582778,257838748,257838748,data/raw/country_code=id/dataset=product_categories/shop_id=809769142/product_categories.csv,217,id,product_categories,809769142,id,44050582778.0,257838748.0,257838748.0
809769142,2026-07-01,29270135197,257838748,257838748,data/raw/country_code=id/dataset=product_categories/shop_id=809769142/product_categories.csv,218,id,product_categories,809769142,id,29270135197.0,257838748.0,257838748.0
809769142,2026-07-01,21429166155,257838748,257838748,data/raw/country_code=id/dataset=product_categories/shop_id=809769142/product_categories.csv,219,id,product_categories,809769142,id,21429166155.0,257838748.0,257838748.0
809769142,2026-07-01,24442098701,257838748,257838748,data/raw/country_code=id/dataset=product_categories/shop_id=809769142/product_categories.csv,220,id,product_categories,809769142,id,24442098701.0,257838748.0,257838748.0
809769142,2026-07-01,24192367557,257838748,257838748,data/raw/country_code=id/dataset=product_categories/shop_id=809769142/product_categories.csv,221,id,product_categories,809769142,id,24192367557.0,257838748.0,257838748.0
809769142,2026-07-01,27408030377,257838748,257838748,data/raw/country_code=id/dataset=product_categories/shop_id=809769142/product_categories.csv,222,id,product_categories,809769142,id,27408030377.0,257838748.0,257838748.0
809769142,2026-07-01,20636165691,257838748,257838748,data/raw/country_code=id/dataset=product_categories/shop_id=809769142/product_categories.csv,223,id,product_categories,809769142,id,20636165691.0,257838748.0,257838748.0
809769142,2026-07-01,29131802740,257838748,257838748,data/raw/country_code=id/dataset=product_categories/shop_id=809769142/product_categories.csv,224,id,product_categories,809769142,id,29131802740.0,257838748.0,257838748.0
809769142,2026-07-01,27455737082,257838748,257838748,data/raw/country_code=id/dataset=product_categories/shop_id=809769142/product_categories.csv,225,id,product_categories,809769142,id,27455737082.0,257838748.0,257838748.0
809769142,2026-07-01,29870133400,257838748,257838748,data/raw/country_code=id/dataset=product_categories/shop_id=809769142/product_categories.csv,226,id,product_categories,809769142,id,29870133400.0,257838748.0,257838748.0
809769142,2026-07-01,41901683742,257838748,257838748,data/raw/country_code=id/dataset=product_categories/shop_id=809769142/product_categories.csv,227,id,product_categories,809769142,id,41901683742.0,257838748.0,257838748.0
809769142,2026-07-01,21829166888,257838748,257838748,data/raw/country_code=id/dataset=product_categories/shop_id=809769142/product_categories.csv,228,id,product_categories,809769142,id,21829166888.0,257838748.0,257838748.0
809769142,2026-07-01,23668056941,257838748,257838748,data/raw/country_code=id/dataset=product_categories/shop_id=809769142/product_categories.csv,229,id,product_categories,809769142,id,23668056941.0,257838748.0,257838748.0
809769142,2026-07-01,27938088991,257838748,257838748,data/raw/country_code=id/dataset=product_categories/shop_id=809769142/product_categories.csv,230,id,product_categories,809769142,id,27938088991.0,257838748.0,257838748.0
809769142,2026-07-01,18083979760,257838748,257838748,data/raw/country_code=id/dataset=product_categories/shop_id=809769142/product_categories.csv,231,id,product_categories,809769142,id,18083979760.0,257838748.0,257838748.0
809769142,2026-07-01,28376448249,257838748,257838748,data/raw/country_code=id/dataset=product_categories/shop_id=809769142/product_categories.csv,232,id,product_categories,809769142,id,28376448249.0,257838748.0,257838748.0
809769142,2026-07-01,28030007092,257838748,257838748,data/raw/country_code=id/dataset=product_categories/shop_id=809769142/product_categories.csv,233,id,product_categories,809769142,id,28030007092.0,257838748.0,257838748.0
809769142,2026-07-01,18584356032,257838748,257838748,data/raw/country_code=id/dataset=product_categories/shop_id=809769142/product_categories.csv,234,id,product_categories,809769142,id,18584356032.0,257838748.0,257838748.0
809769142,2026-07-01,18024029084,257838748,257838748,data/raw/country_code=id/dataset=product_categories/shop_id=809769142/product_categories.csv,235,id,product_categories,809769142,id,18024029084.0,257838748.0,257838748.0
809769142,2026-07-01,40064375511,257838748,257838748,data/raw/country_code=id/dataset=product_categories/shop_id=809769142/product_categories.csv,236,id,product_categories,809769142,id,40064375511.0,257838748.0,257838748.0
809769142,2026-07-01,29826448226,257838748,257838748,data/raw/country_code=id/dataset=product_categories/shop_id=809769142/product_categories.csv,237,id,product_categories,809769142,id,29826448226.0,257838748.0,257838748.0
809769142,2026-07-01,24704461451,257838748,257838748,data/raw/country_code=id/dataset=product_categories/shop_id=809769142/product_categories.csv,238,id,product_categories,809769142,id,24704461451.0,257838748.0,257838748.0
809769142,2026-07-01,26777568629,257838748,257838748,data/raw/country_code=id/dataset=product_categories/shop_id=809769142/product_categories.csv,239,id,product_categories,809769142,id,26777568629.0,257838748.0,257838748.0
809769142,2026-07-01,24443458397,257838748,257838748,data/raw/country_code=id/dataset=product_categories/shop_id=809769142/product_categories.csv,240,id,product_categories,809769142,id,24443458397.0,257838748.0,257838748.0
809769142,2026-07-01,22873282452,257838748,257838748,data/raw/country_code=id/dataset=product_categories/shop_id=809769142/product_categories.csv,241,id,product_categories,809769142,id,22873282452.0,257838748.0,257838748.0
809769142,2026-07-01,23856176929,257838748,257838748,data/raw/country_code=id/dataset=product_categories/shop_id=809769142/product_categories.csv,242,id,product_categories,809769142,id,23856176929.0,257838748.0,257838748.0
809769142,2026-07-01,20229171522,257838748,257838748,data/raw/country_code=id/dataset=product_categories/shop_id=809769142/product_categories.csv,243,id,product_categories,809769142,id,20229171522.0,257838748.0,257838748.0
809769142,2026-07-01,29028423239,257838748,257838748,data/raw/country_code=id/dataset=product_categories/shop_id=809769142/product_categories.csv,244,id,product_categories,809769142,id,29028423239.0,257838748.0,257838748.0
809769142,2026-07-01,25439085414,257838748,257838748,data/raw/country_code=id/dataset=product_categories/shop_id=809769142/product_categories.csv,245,id,product_categories,809769142,id,25439085414.0,257838748.0,257838748.0
809769142,2026-07-01,29430013001,257838748,257838748,data/raw/country_code=id/dataset=product_categories/shop_id=809769142/product_categories.csv,246,id,product_categories,809769142,id,29430013001.0,257838748.0,257838748.0
809769142,2026-07-01,21729164441,257838748,257838748,data/raw/country_code=id/dataset=product_categories/shop_id=809769142/product_categories.csv,247,id,product_categories,809769142,id,21729164441.0,257838748.0,257838748.0
809769142,2026-07-01,20282626747,257838748,257838748,data/raw/country_code=id/dataset=product_categories/shop_id=809769142/product_categories.csv,248,id,product_categories,809769142,id,20282626747.0,257838748.0,257838748.0
809769142,2026-07-01,27580011874,257838748,257838748,data/raw/country_code=id/dataset=product_categories/shop_id=809769142/product_categories.csv,249,id,product_categories,809769142,id,27580011874.0,257838748.0,257838748.0
809769142,2026-07-01,27160062024,257838748,257838748,data/raw/country_code=id/dataset=product_categories/shop_id=809769142/product_categories.csv,250,id,product_categories,809769142,id,27160062024.0,257838748.0,257838748.0
809769142,2026-07-01,22355348169,257838748,257838748,data/raw/country_code=id/dataset=product_categories/shop_id=809769142/product_categories.csv,251,id,product_categories,809769142,id,22355348169.0,257838748.0,257838748.0
809769142,2026-07-01,29954788720,257838748,257838748,data/raw/country_code=id/dataset=product_categories/shop_id=809769142/product_categories.csv,252,id,product_categories,809769142,id,29954788720.0,257838748.0,257838748.0
809769142,2026-07-01,19691541572,257838748,257838748,data/raw/country_code=id/dataset=product_categories/shop_id=809769142/product_categories.csv,253,id,product_categories,809769142,id,19691541572.0,257838748.0,257838748.0
809769142,2026-07-01,41500309150,257838748,257838748,data/raw/country_code=id/dataset=product_categories/shop_id=809769142/product_categories.csv,254,id,product_categories,809769142,id,41500309150.0,257838748.0,257838748.0
809769142,2026-07-01,26617444732,257838748,257838748,data/raw/country_code=id/dataset=product_categories/shop_id=809769142/product_categories.csv,255,id,product_categories,809769142,id,26617444732.0,257838748.0,257838748.0
809769142,2026-07-01,29372960469,257838748,257838748,data/raw/country_code=id/dataset=product_categories/shop_id=809769142/product_categories.csv,256,id,product_categories,809769142,id,29372960469.0,257838748.0,257838748.0
809769142,2026-07-01,27810365257,257838748,257838748,data/raw/country_code=id/dataset=product_categories/shop_id=809769142/product_categories.csv,257,id,product_categories,809769142,id,27810365257.0,257838748.0,257838748.0
809769142,2026-07-01,25090328302,257838748,257838748,data/raw/country_code=id/dataset=product_categories/shop_id=809769142/product_categories.csv,258,id,product_categories,809769142,id,25090328302.0,257838748.0,257838748.0
809769142,2026-07-01,24742813269,257838748,257838748,data/raw/country_code=id/dataset=product_categories/shop_id=809769142/product_categories.csv,259,id,product_categories,809769142,id,24742813269.0,257838748.0,257838748.0
809769142,2026-07-01,25564103539,257838748,257838748,data/raw/country_code=id/dataset=product_categories/shop_id=809769142/product_categories.csv,260,id,product_categories,809769142,id,25564103539.0,257838748.0,257838748.0
809769142,2026-07-01,44050582778,257838749,257838749,data/raw/country_code=id/dataset=product_categories/shop_id=809769142/product_categories.csv,261,id,product_categories,809769142,id,44050582778.0,257838749.0,257838749.0
809769142,2026-07-01,29131802740,257838749,257838749,data/raw/country_code=id/dataset=product_categories/shop_id=809769142/product_categories.csv,262,id,product_categories,809769142,id,29131802740.0,257838749.0,257838749.0
809769142,2026-07-01,21829166888,257838749,257838749,data/raw/country_code=id/dataset=product_categories/shop_id=809769142/product_categories.csv,263,id,product_categories,809769142,id,21829166888.0,257838749.0,257838749.0
809769142,2026-07-01,28376448249,257838749,257838749,data/raw/country_code=id/dataset=product_categories/shop_id=809769142/product_categories.csv,264,id,product_categories,809769142,id,28376448249.0,257838749.0,257838749.0
809769142,2026-07-01,29826448226,257838749,257838749,data/raw/country_code=id/dataset=product_categories/shop_id=809769142/product_categories.csv,265,id,product_categories,809769142,id,29826448226.0,257838749.0,257838749.0
809769142,2026-07-01,24704461451,257838749,257838749,data/raw/country_code=id/dataset=product_categories/shop_id=809769142/product_categories.csv,266,id,product_categories,809769142,id,24704461451.0,257838749.0,257838749.0
809769142,2026-07-01,29028423239,257838749,257838749,data/raw/country_code=id/dataset=product_categories/shop_id=809769142/product_categories.csv,267,id,product_categories,809769142,id,29028423239.0,257838749.0,257838749.0
809769142,2026-07-01,29430013001,257838749,257838749,data/raw/country_code=id/dataset=product_categories/shop_id=809769142/product_categories.csv,268,id,product_categories,809769142,id,29430013001.0,257838749.0,257838749.0
809769142,2026-07-01,22355348169,257838749,257838749,data/raw/country_code=id/dataset=product_categories/shop_id=809769142/product_categories.csv,269,id,product_categories,809769142,id,22355348169.0,257838749.0,257838749.0
809769142,2026-07-01,19691541572,257838749,257838749,data/raw/country_code=id/dataset=product_categories/shop_id=809769142/product_categories.csv,270,id,product_categories,809769142,id,19691541572.0,257838749.0,257838749.0
809769142,2026-07-01,41500309150,257838749,257838749,data/raw/country_code=id/dataset=product_categories/shop_id=809769142/product_categories.csv,271,id,product_categories,809769142,id,41500309150.0,257838749.0,257838749.0
809769142,2026-07-01,26617444732,257838749,257838749,data/raw/country_code=id/dataset=product_categories/shop_id=809769142/product_categories.csv,272,id,product_categories,809769142,id,26617444732.0,257838749.0,257838749.0
809769142,2026-07-01,29372960469,257838749,257838749,data/raw/country_code=id/dataset=product_categories/shop_id=809769142/product_categories.csv,273,id,product_categories,809769142,id,29372960469.0,257838749.0,257838749.0
809769142,2026-07-01,27810365257,257838749,257838749,data/raw/country_code=id/dataset=product_categories/shop_id=809769142/product_categories.csv,274,id,product_categories,809769142,id,27810365257.0,257838749.0,257838749.0
809769142,2026-07-01,24442098701,257838930,257838930,data/raw/country_code=id/dataset=product_categories/shop_id=809769142/product_categories.csv,275,id,product_categories,809769142,id,24442098701.0,257838930.0,257838930.0
809769142,2026-07-01,20636165691,257838930,257838930,data/raw/country_code=id/dataset=product_categories/shop_id=809769142/product_categories.csv,276,id,product_categories,809769142,id,20636165691.0,257838930.0,257838930.0
809769142,2026-07-01,29870133400,257838930,257838930,data/raw/country_code=id/dataset=product_categories/shop_id=809769142/product_categories.csv,277,id,product_categories,809769142,id,29870133400.0,257838930.0,257838930.0
809769142,2026-07-01,26777568629,257838930,257838930,data/raw/country_code=id/dataset=product_categories/shop_id=809769142/product_categories.csv,278,id,product_categories,809769142,id,26777568629.0,257838930.0,257838930.0
809769142,2026-07-01,20229171522,257838930,257838930,data/raw/country_code=id/dataset=product_categories/shop_id=809769142/product_categories.csv,279,id,product_categories,809769142,id,20229171522.0,257838930.0,257838930.0
809769142,2026-07-01,29430013001,257838930,257838930,data/raw/country_code=id/dataset=product_categories/shop_id=809769142/product_categories.csv,280,id,product_categories,809769142,id,29430013001.0,257838930.0,257838930.0
809769142,2026-07-01,27580011874,257838930,257838930,data/raw/country_code=id/dataset=product_categories/shop_id=809769142/product_categories.csv,281,id,product_categories,809769142,id,27580011874.0,257838930.0,257838930.0
809769142,2026-07-01,27160062024,257838930,257838930,data/raw/country_code=id/dataset=product_categories/shop_id=809769142/product_categories.csv,282,id,product_categories,809769142,id,27160062024.0,257838930.0,257838930.0
809769142,2026-07-01,27408030377,257838986,257838986,data/raw/country_code=id/dataset=product_categories/shop_id=809769142/product_categories.csv,283,id,product_categories,809769142,id,27408030377.0,257838986.0,257838986.0
809769142,2026-07-01,25439085414,257838986,257838986,data/raw/country_code=id/dataset=product_categories/shop_id=809769142/product_categories.csv,284,id,product_categories,809769142,id,25439085414.0,257838986.0,257838986.0
809769142,2026-07-01,29954788720,257838986,257838986,data/raw/country_code=id/dataset=product_categories/shop_id=809769142/product_categories.csv,285,id,product_categories,809769142,id,29954788720.0,257838986.0,257838986.0
809769142,2026-07-01,26617444732,257838986,257838986,data/raw/country_code=id/dataset=product_categories/shop_id=809769142/product_categories.csv,286,id,product_categories,809769142,id,26617444732.0,257838986.0,257838986.0
809769142,2026-07-01,29372960469,257838986,257838986,data/raw/country_code=id/dataset=product_categories/shop_id=809769142/product_categories.csv,287,id,product_categories,809769142,id,29372960469.0,257838986.0,257838986.0
809769142,2026-07-01,25564103539,257838986,257838986,data/raw/country_code=id/dataset=product_categories/shop_id=809769142/product_categories.csv,288,id,product_categories,809769142,id,25564103539.0,257838986.0,257838986.0
809769142,2026-07-01,18083979760,257839010,257839010,data/raw/country_code=id/dataset=product_categories/shop_id=809769142/product_categories.csv,289,id,product_categories,809769142,id,18083979760.0,257839010.0,257839010.0
809769142,2026-07-01,29028423239,257839010,257839010,data/raw/country_code=id/dataset=product_categories/shop_id=809769142/product_categories.csv,290,id,product_categories,809769142,id,29028423239.0,257839010.0,257839010.0
809769142,2026-07-01,20282626747,257839010,257839010,data/raw/country_code=id/dataset=product_categories/shop_id=809769142/product_categories.csv,291,id,product_categories,809769142,id,20282626747.0,257839010.0,257839010.0
809769142,2026-07-01,26704788256,257839147,257839147,data/raw/country_code=id/dataset=product_categories/shop_id=809769142/product_categories.csv,292,id,product_categories,809769142,id,26704788256.0,257839147.0,257839147.0
809769142,2026-07-01,29317152516,257839147,257839147,data/raw/country_code=id/dataset=product_categories/shop_id=809769142/product_categories.csv,293,id,product_categories,809769142,id,29317152516.0,257839147.0,257839147.0
809769142,2026-07-01,29270135197,257839147,257839147,data/raw/country_code=id/dataset=product_categories/shop_id=809769142/product_categories.csv,294,id,product_categories,809769142,id,29270135197.0,257839147.0,257839147.0
809769142,2026-07-01,21429166155,257839147,257839147,data/raw/country_code=id/dataset=product_categories/shop_id=809769142/product_categories.csv,295,id,product_categories,809769142,id,21429166155.0,257839147.0,257839147.0
809769142,2026-07-01,27455737082,257839147,257839147,data/raw/country_code=id/dataset=product_categories/shop_id=809769142/product_categories.csv,296,id,product_categories,809769142,id,27455737082.0,257839147.0,257839147.0
809769142,2026-07-01,41901683742,257839147,257839147,data/raw/country_code=id/dataset=product_categories/shop_id=809769142/product_categories.csv,297,id,product_categories,809769142,id,41901683742.0,257839147.0,257839147.0
809769142,2026-07-01,23668056941,257839147,257839147,data/raw/country_code=id/dataset=product_categories/shop_id=809769142/product_categories.csv,298,id,product_categories,809769142,id,23668056941.0,257839147.0,257839147.0
809769142,2026-07-01,27938088991,257839147,257839147,data/raw/country_code=id/dataset=product_categories/shop_id=809769142/product_categories.csv,299,id,product_categories,809769142,id,27938088991.0,257839147.0,257839147.0
809769142,2026-07-01,18584356032,257839147,257839147,data/raw/country_code=id/dataset=product_categories/shop_id=809769142/product_categories.csv,300,id,product_categories,809769142,id,18584356032.0,257839147.0,257839147.0
809769142,2026-07-01,18024029084,257839147,257839147,data/raw/country_code=id/dataset=product_categories/shop_id=809769142/product_categories.csv,301,id,product_categories,809769142,id,18024029084.0,257839147.0,257839147.0
809769142,2026-07-01,40064375511,257839147,257839147,data/raw/country_code=id/dataset=product_categories/shop_id=809769142/product_categories.csv,302,id,product_categories,809769142,id,40064375511.0,257839147.0,257839147.0
809769142,2026-07-01,24443458397,257839147,257839147,data/raw/country_code=id/dataset=product_categories/shop_id=809769142/product_categories.csv,303,id,product_categories,809769142,id,24443458397.0,257839147.0,257839147.0
809769142,2026-07-01,22873282452,257839147,257839147,data/raw/country_code=id/dataset=product_categories/shop_id=809769142/product_categories.csv,304,id,product_categories,809769142,id,22873282452.0,257839147.0,257839147.0
809769142,2026-07-01,25090328302,257839147,257839147,data/raw/country_code=id/dataset=product_categories/shop_id=809769142/product_categories.csv,305,id,product_categories,809769142,id,25090328302.0,257839147.0,257839147.0
809769142,2026-07-01,24742813269,257839147,257839147,data/raw/country_code=id/dataset=product_categories/shop_id=809769142/product_categories.csv,306,id,product_categories,809769142,id,24742813269.0,257839147.0,257839147.0
809769142,2026-07-01,24192367557,257839180,257839180,data/raw/country_code=id/dataset=product_categories/shop_id=809769142/product_categories.csv,307,id,product_categories,809769142,id,24192367557.0,257839180.0,257839180.0
809769142,2026-07-01,27408030377,257839180,257839180,data/raw/country_code=id/dataset=product_categories/shop_id=809769142/product_categories.csv,308,id,product_categories,809769142,id,27408030377.0,257839180.0,257839180.0
809769142,2026-07-01,20636165691,257839180,257839180,data/raw/country_code=id/dataset=product_categories/shop_id=809769142/product_categories.csv,309,id,product_categories,809769142,id,20636165691.0,257839180.0,257839180.0
809769142,2026-07-01,28030007092,257839180,257839180,data/raw/country_code=id/dataset=product_categories/shop_id=809769142/product_categories.csv,310,id,product_categories,809769142,id,28030007092.0,257839180.0,257839180.0
809769142,2026-07-01,23856176929,257839180,257839180,data/raw/country_code=id/dataset=product_categories/shop_id=809769142/product_categories.csv,311,id,product_categories,809769142,id,23856176929.0,257839180.0,257839180.0
809769142,2026-07-01,21729164441,257839180,257839180,data/raw/country_code=id/dataset=product_categories/shop_id=809769142/product_categories.csv,312,id,product_categories,809769142,id,21729164441.0,257839180.0,257839180.0
809769142,2026-07-01,44429096395,258831358,258831358,data/raw/country_code=id/dataset=product_categories/shop_id=809769142/product_categories.csv,313,id,product_categories,809769142,id,44429096395.0,258831358.0,258831358.0
809769142,2026-07-01,50406870682,258831358,258831358,data/raw/country_code=id/dataset=product_categories/shop_id=809769142/product_categories.csv,314,id,product_categories,809769142,id,50406870682.0,258831358.0,258831358.0
809769142,2026-07-01,40781619061,258831358,258831358,data/raw/country_code=id/dataset=product_categories/shop_id=809769142/product_categories.csv,315,id,product_categories,809769142,id,40781619061.0,258831358.0,258831358.0
809769142,2026-07-01,52610001656,258831358,258831358,data/raw/country_code=id/dataset=product_categories/shop_id=809769142/product_categories.csv,316,id,product_categories,809769142,id,52610001656.0,258831358.0,258831358.0
809769142,2026-07-01,55460830635,258831358,258831358,data/raw/country_code=id/dataset=product_categories/shop_id=809769142/product_categories.csv,317,id,product_categories,809769142,id,55460830635.0,258831358.0,258831358.0
809769142,2026-07-01,49662627211,258831358,258831358,data/raw/country_code=id/dataset=product_categories/shop_id=809769142/product_categories.csv,318,id,product_categories,809769142,id,49662627211.0,258831358.0,258831358.0
809769142,2026-07-01,48059253956,258831358,258831358,data/raw/country_code=id/dataset=product_categories/shop_id=809769142/product_categories.csv,319,id,product_categories,809769142,id,48059253956.0,258831358.0,258831358.0
809769142,2026-07-01,29144828706,258831358,258831358,data/raw/country_code=id/dataset=product_categories/shop_id=809769142/product_categories.csv,320,id,product_categories,809769142,id,29144828706.0,258831358.0,258831358.0
809769142,2026-07-01,49506878130,258831358,258831358,data/raw/country_code=id/dataset=product_categories/shop_id=809769142/product_categories.csv,321,id,product_categories,809769142,id,49506878130.0,258831358.0,258831358.0
809769142,2026-07-01,48860851679,258831358,258831358,data/raw/country_code=id/dataset=product_categories/shop_id=809769142/product_categories.csv,322,id,product_categories,809769142,id,48860851679.0,258831358.0,258831358.0
809769142,2026-07-01,49506878130,264958058,264958058,data/raw/country_code=id/dataset=product_categories/shop_id=809769142/product_categories.csv,323,id,product_categories,809769142,id,49506878130.0,264958058.0,264958058.0
809769142,2026-07-01,40978051346,267026251,267026251,data/raw/country_code=id/dataset=product_categories/shop_id=809769142/product_categories.csv,324,id,product_categories,809769142,id,40978051346.0,267026251.0,267026251.0
809769142,2026-07-01,44328247175,267026251,267026251,data/raw/country_code=id/dataset=product_categories/shop_id=809769142/product_categories.csv,325,id,product_categories,809769142,id,44328247175.0,267026251.0,267026251.0
809769142,2026-07-01,50406870682,270321805,270321805,data/raw/country_code=id/dataset=product_categories/shop_id=809769142/product_categories.csv,326,id,product_categories,809769142,id,50406870682.0,270321805.0,270321805.0
809769142,2026-07-01,44429096395,270440245,270440245,data/raw/country_code=id/dataset=product_categories/shop_id=809769142/product_categories.csv,327,id,product_categories,809769142,id,44429096395.0,270440245.0,270440245.0
809769142,2026-07-01,52610001656,271131649,271131649,data/raw/country_code=id/dataset=product_categories/shop_id=809769142/product_categories.csv,328,id,product_categories,809769142,id,52610001656.0,271131649.0,271131649.0
809769142,2026-07-01,48059253956,271501514,271501514,data/raw/country_code=id/dataset=product_categories/shop_id=809769142/product_categories.csv,329,id,product_categories,809769142,id,48059253956.0,271501514.0,271501514.0
809769142,2026-07-01,48752787269,272184674,272184674,data/raw/country_code=id/dataset=product_categories/shop_id=809769142/product_categories.csv,330,id,product_categories,809769142,id,48752787269.0,272184674.0,272184674.0
809769142,2026-07-01,52610001656,272184674,272184674,data/raw/country_code=id/dataset=product_categories/shop_id=809769142/product_categories.csv,331,id,product_categories,809769142,id,52610001656.0,272184674.0,272184674.0
809769142,2026-07-01,43360906112,272184674,272184674,data/raw/country_code=id/dataset=product_categories/shop_id=809769142/product_categories.csv,332,id,product_categories,809769142,id,43360906112.0,272184674.0,272184674.0
809769142,2026-07-01,24577552378,272184674,272184674,data/raw/country_code=id/dataset=product_categories/shop_id=809769142/product_categories.csv,333,id,product_categories,809769142,id,24577552378.0,272184674.0,272184674.0
809769142,2026-07-01,29144828706,272508058,272508058,data/raw/country_code=id/dataset=product_categories/shop_id=809769142/product_categories.csv,334,id,product_categories,809769142,id,29144828706.0,272508058.0,272508058.0
809769142,2026-07-01,40781619061,272855576,272855576,data/raw/country_code=id/dataset=product_categories/shop_id=809769142/product_categories.csv,335,id,product_categories,809769142,id,40781619061.0,272855576.0,272855576.0
809769142,2026-07-01,55460830635,272855576,272855576,data/raw/country_code=id/dataset=product_categories/shop_id=809769142/product_categories.csv,336,id,product_categories,809769142,id,55460830635.0,272855576.0,272855576.0
809769142,2026-07-01,48860851679,272855607,272855607,data/raw/country_code=id/dataset=product_categories/shop_id=809769142/product_categories.csv,337,id,product_categories,809769142,id,48860851679.0,272855607.0,272855607.0
809769142,2026-07-01,49662627211,273791880,273791880,data/raw/country_code=id/dataset=product_categories/shop_id=809769142/product_categories.csv,338,id,product_categories,809769142,id,49662627211.0,273791880.0,273791880.0
809769142,2026-07-02,26704788256,257838398,257838398,data/raw/country_code=id/dataset=product_categories/shop_id=809769142/product_categories.csv,339,id,product_categories,809769142,id,26704788256.0,257838398.0,257838398.0
809769142,2026-07-02,29317152516,257838398,257838398,data/raw/country_code=id/dataset=product_categories/shop_id=809769142/product_categories.csv,340,id,product_categories,809769142,id,29317152516.0,257838398.0,257838398.0
809769142,2026-07-02,44050582778,257838398,257838398,data/raw/country_code=id/dataset=product_categories/shop_id=809769142/product_categories.csv,341,id,product_categories,809769142,id,44050582778.0,257838398.0,257838398.0
809769142,2026-07-02,27408030377,257838398,257838398,data/raw/country_code=id/dataset=product_categories/shop_id=809769142/product_categories.csv,342,id,product_categories,809769142,id,27408030377.0,257838398.0,257838398.0
809769142,2026-07-02,29905930406,257838398,257838398,data/raw/country_code=id/dataset=product_categories/shop_id=809769142/product_categories.csv,343,id,product_categories,809769142,id,29905930406.0,257838398.0,257838398.0
809769142,2026-07-02,20636165691,257838398,257838398,data/raw/country_code=id/dataset=product_categories/shop_id=809769142/product_categories.csv,344,id,product_categories,809769142,id,20636165691.0,257838398.0,257838398.0
809769142,2026-07-02,27455737082,257838398,257838398,data/raw/country_code=id/dataset=product_categories/shop_id=809769142/product_categories.csv,345,id,product_categories,809769142,id,27455737082.0,257838398.0,257838398.0
809769142,2026-07-02,21829166888,257838398,257838398,data/raw/country_code=id/dataset=product_categories/shop_id=809769142/product_categories.csv,346,id,product_categories,809769142,id,21829166888.0,257838398.0,257838398.0
809769142,2026-07-02,23668056941,257838398,257838398,data/raw/country_code=id/dataset=product_categories/shop_id=809769142/product_categories.csv,347,id,product_categories,809769142,id,23668056941.0,257838398.0,257838398.0
809769142,2026-07-02,16797836904,257838398,257838398,data/raw/country_code=id/dataset=product_categories/shop_id=809769142/product_categories.csv,348,id,product_categories,809769142,id,16797836904.0,257838398.0,257838398.0
809769142,2026-07-02,27383676128,257838398,257838398,data/raw/country_code=id/dataset=product_categories/shop_id=809769142/product_categories.csv,349,id,product_categories,809769142,id,27383676128.0,257838398.0,257838398.0
809769142,2026-07-02,28376448249,257838398,257838398,data/raw/country_code=id/dataset=product_categories/shop_id=809769142/product_categories.csv,350,id,product_categories,809769142,id,28376448249.0,257838398.0,257838398.0
809769142,2026-07-02,18584356032,257838398,257838398,data/raw/country_code=id/dataset=product_categories/shop_id=809769142/product_categories.csv,351,id,product_categories,809769142,id,18584356032.0,257838398.0,257838398.0
809769142,2026-07-02,29572980090,257838398,257838398,data/raw/country_code=id/dataset=product_categories/shop_id=809769142/product_categories.csv,352,id,product_categories,809769142,id,29572980090.0,257838398.0,257838398.0
809769142,2026-07-02,20229171522,257838398,257838398,data/raw/country_code=id/dataset=product_categories/shop_id=809769142/product_categories.csv,353,id,product_categories,809769142,id,20229171522.0,257838398.0,257838398.0
809769142,2026-07-02,29028423239,257838398,257838398,data/raw/country_code=id/dataset=product_categories/shop_id=809769142/product_categories.csv,354,id,product_categories,809769142,id,29028423239.0,257838398.0,257838398.0
809769142,2026-07-02,29430013001,257838398,257838398,data/raw/country_code=id/dataset=product_categories/shop_id=809769142/product_categories.csv,355,id,product_categories,809769142,id,29430013001.0,257838398.0,257838398.0
809769142,2026-07-02,22355348169,257838398,257838398,data/raw/country_code=id/dataset=product_categories/shop_id=809769142/product_categories.csv,356,id,product_categories,809769142,id,22355348169.0,257838398.0,257838398.0
809769142,2026-07-02,24577552378,257838398,257838398,data/raw/country_code=id/dataset=product_categories/shop_id=809769142/product_categories.csv,357,id,product_categories,809769142,id,24577552378.0,257838398.0,257838398.0
809769142,2026-07-02,29954788720,257838398,257838398,data/raw/country_code=id/dataset=product_categories/shop_id=809769142/product_categories.csv,358,id,product_categories,809769142,id,29954788720.0,257838398.0,257838398.0
809769142,2026-07-02,19691541572,257838398,257838398,data/raw/country_code=id/dataset=product_categories/shop_id=809769142/product_categories.csv,359,id,product_categories,809769142,id,19691541572.0,257838398.0,257838398.0
809769142,2026-07-02,25614268730,257838398,257838398,data/raw/country_code=id/dataset=product_categories/shop_id=809769142/product_categories.csv,360,id,product_categories,809769142,id,25614268730.0,257838398.0,257838398.0
809769142,2026-07-02,26617444732,257838398,257838398,data/raw/country_code=id/dataset=product_categories/shop_id=809769142/product_categories.csv,361,id,product_categories,809769142,id,26617444732.0,257838398.0,257838398.0
809769142,2026-07-02,29372960469,257838398,257838398,data/raw/country_code=id/dataset=product_categories/shop_id=809769142/product_categories.csv,362,id,product_categories,809769142,id,29372960469.0,257838398.0,257838398.0
809769142,2026-07-02,27810365257,257838398,257838398,data/raw/country_code=id/dataset=product_categories/shop_id=809769142/product_categories.csv,363,id,product_categories,809769142,id,27810365257.0,257838398.0,257838398.0
809769142,2026-07-02,25090328302,257838398,257838398,data/raw/country_code=id/dataset=product_categories/shop_id=809769142/product_categories.csv,364,id,product_categories,809769142,id,25090328302.0,257838398.0,257838398.0
809769142,2026-07-02,26704788256,257838433,257838433,data/raw/country_code=id/dataset=product_categories/shop_id=809769142/product_categories.csv,365,id,product_categories,809769142,id,26704788256.0,257838433.0,257838433.0
809769142,2026-07-02,29317152516,257838433,257838433,data/raw/country_code=id/dataset=product_categories/shop_id=809769142/product_categories.csv,366,id,product_categories,809769142,id,29317152516.0,257838433.0,257838433.0
809769142,2026-07-02,44429096395,257838433,257838433,data/raw/country_code=id/dataset=product_categories/shop_id=809769142/product_categories.csv,367,id,product_categories,809769142,id,44429096395.0,257838433.0,257838433.0
809769142,2026-07-02,50406870682,257838433,257838433,data/raw/country_code=id/dataset=product_categories/shop_id=809769142/product_categories.csv,368,id,product_categories,809769142,id,50406870682.0,257838433.0,257838433.0
809769142,2026-07-02,28293199566,257838433,257838433,data/raw/country_code=id/dataset=product_categories/shop_id=809769142/product_categories.csv,369,id,product_categories,809769142,id,28293199566.0,257838433.0,257838433.0
809769142,2026-07-02,24597552858,257838433,257838433,data/raw/country_code=id/dataset=product_categories/shop_id=809769142/product_categories.csv,370,id,product_categories,809769142,id,24597552858.0,257838433.0,257838433.0
809769142,2026-07-02,21429166155,257838433,257838433,data/raw/country_code=id/dataset=product_categories/shop_id=809769142/product_categories.csv,371,id,product_categories,809769142,id,21429166155.0,257838433.0,257838433.0
809769142,2026-07-02,56102197568,257838433,257838433,data/raw/country_code=id/dataset=product_categories/shop_id=809769142/product_categories.csv,372,id,product_categories,809769142,id,56102197568.0,257838433.0,257838433.0
809769142,2026-07-02,40619026889,257838433,257838433,data/raw/country_code=id/dataset=product_categories/shop_id=809769142/product_categories.csv,373,id,product_categories,809769142,id,40619026889.0,257838433.0,257838433.0
809769142,2026-07-02,51450958596,257838433,257838433,data/raw/country_code=id/dataset=product_categories/shop_id=809769142/product_categories.csv,374,id,product_categories,809769142,id,51450958596.0,257838433.0,257838433.0
809769142,2026-07-02,43375172010,257838433,257838433,data/raw/country_code=id/dataset=product_categories/shop_id=809769142/product_categories.csv,375,id,product_categories,809769142,id,43375172010.0,257838433.0,257838433.0
809769142,2026-07-02,24442098701,257838433,257838433,data/raw/country_code=id/dataset=product_categories/shop_id=809769142/product_categories.csv,376,id,product_categories,809769142,id,24442098701.0,257838433.0,257838433.0
809769142,2026-07-02,24192367557,257838433,257838433,data/raw/country_code=id/dataset=product_categories/shop_id=809769142/product_categories.csv,377,id,product_categories,809769142,id,24192367557.0,257838433.0,257838433.0
809769142,2026-07-02,54800619577,257838433,257838433,data/raw/country_code=id/dataset=product_categories/shop_id=809769142/product_categories.csv,378,id,product_categories,809769142,id,54800619577.0,257838433.0,257838433.0
809769142,2026-07-02,52150640468,257838433,257838433,data/raw/country_code=id/dataset=product_categories/shop_id=809769142/product_categories.csv,379,id,product_categories,809769142,id,52150640468.0,257838433.0,257838433.0
809769142,2026-07-02,27408030377,257838433,257838433,data/raw/country_code=id/dataset=product_categories/shop_id=809769142/product_categories.csv,380,id,product_categories,809769142,id,27408030377.0,257838433.0,257838433.0
809769142,2026-07-02,20636165691,257838433,257838433,data/raw/country_code=id/dataset=product_categories/shop_id=809769142/product_categories.csv,381,id,product_categories,809769142,id,20636165691.0,257838433.0,257838433.0
809769142,2026-07-02,48059253956,257838433,257838433,data/raw/country_code=id/dataset=product_categories/shop_id=809769142/product_categories.csv,382,id,product_categories,809769142,id,48059253956.0,257838433.0,257838433.0
809769142,2026-07-02,29131802740,257838433,257838433,data/raw/country_code=id/dataset=product_categories/shop_id=809769142/product_categories.csv,383,id,product_categories,809769142,id,29131802740.0,257838433.0,257838433.0
809769142,2026-07-02,44164974080,257838433,257838433,data/raw/country_code=id/dataset=product_categories/shop_id=809769142/product_categories.csv,384,id,product_categories,809769142,id,44164974080.0,257838433.0,257838433.0
809769142,2026-07-02,26341558563,257838433,257838433,data/raw/country_code=id/dataset=product_categories/shop_id=809769142/product_categories.csv,385,id,product_categories,809769142,id,26341558563.0,257838433.0,257838433.0
809769142,2026-07-02,43226040976,257838433,257838433,data/raw/country_code=id/dataset=product_categories/shop_id=809769142/product_categories.csv,386,id,product_categories,809769142,id,43226040976.0,257838433.0,257838433.0
809769142,2026-07-02,50802739806,257838433,257838433,data/raw/country_code=id/dataset=product_categories/shop_id=809769142/product_categories.csv,387,id,product_categories,809769142,id,50802739806.0,257838433.0,257838433.0
809769142,2026-07-02,42358562447,257838433,257838433,data/raw/country_code=id/dataset=product_categories/shop_id=809769142/product_categories.csv,388,id,product_categories,809769142,id,42358562447.0,257838433.0,257838433.0
809769142,2026-07-02,27455737082,257838433,257838433,data/raw/country_code=id/dataset=product_categories/shop_id=809769142/product_categories.csv,389,id,product_categories,809769142,id,27455737082.0,257838433.0,257838433.0
809769142,2026-07-02,57903895781,257838433,257838433,data/raw/country_code=id/dataset=product_categories/shop_id=809769142/product_categories.csv,390,id,product_categories,809769142,id,57903895781.0,257838433.0,257838433.0
809769142,2026-07-02,21829166888,257838433,257838433,data/raw/country_code=id/dataset=product_categories/shop_id=809769142/product_categories.csv,391,id,product_categories,809769142,id,21829166888.0,257838433.0,257838433.0
809769142,2026-07-02,23668056941,257838433,257838433,data/raw/country_code=id/dataset=product_categories/shop_id=809769142/product_categories.csv,392,id,product_categories,809769142,id,23668056941.0,257838433.0,257838433.0
809769142,2026-07-02,16797836904,257838433,257838433,data/raw/country_code=id/dataset=product_categories/shop_id=809769142/product_categories.csv,393,id,product_categories,809769142,id,16797836904.0,257838433.0,257838433.0
809769142,2026-07-02,51702755108,257838433,257838433,data/raw/country_code=id/dataset=product_categories/shop_id=809769142/product_categories.csv,394,id,product_categories,809769142,id,51702755108.0,257838433.0,257838433.0
809769142,2026-07-02,18083979760,257838433,257838433,data/raw/country_code=id/dataset=product_categories/shop_id=809769142/product_categories.csv,395,id,product_categories,809769142,id,18083979760.0,257838433.0,257838433.0
809769142,2026-07-02,22853217492,257838433,257838433,data/raw/country_code=id/dataset=product_categories/shop_id=809769142/product_categories.csv,396,id,product_categories,809769142,id,22853217492.0,257838433.0,257838433.0
809769142,2026-07-02,28376448249,257838433,257838433,data/raw/country_code=id/dataset=product_categories/shop_id=809769142/product_categories.csv,397,id,product_categories,809769142,id,28376448249.0,257838433.0,257838433.0
809769142,2026-07-02,10599605978,257838433,257838433,data/raw/country_code=id/dataset=product_categories/shop_id=809769142/product_categories.csv,398,id,product_categories,809769142,id,10599605978.0,257838433.0,257838433.0
809769142,2026-07-02,43564342526,257838433,257838433,data/raw/country_code=id/dataset=product_categories/shop_id=809769142/product_categories.csv,399,id,product_categories,809769142,id,43564342526.0,257838433.0,257838433.0
809769142,2026-07-02,28030007092,257838433,257838433,data/raw/country_code=id/dataset=product_categories/shop_id=809769142/product_categories.csv,400,id,product_categories,809769142,id,28030007092.0,257838433.0,257838433.0
809769142,2026-07-02,18584356032,257838433,257838433,data/raw/country_code=id/dataset=product_categories/shop_id=809769142/product_categories.csv,401,id,product_categories,809769142,id,18584356032.0,257838433.0,257838433.0
809769142,2026-07-02,18024029084,257838433,257838433,data/raw/country_code=id/dataset=product_categories/shop_id=809769142/product_categories.csv,402,id,product_categories,809769142,id,18024029084.0,257838433.0,257838433.0
809769142,2026-07-02,40064375511,257838433,257838433,data/raw/country_code=id/dataset=product_categories/shop_id=809769142/product_categories.csv,403,id,product_categories,809769142,id,40064375511.0,257838433.0,257838433.0
809769142,2026-07-02,29826448226,257838433,257838433,data/raw/country_code=id/dataset=product_categories/shop_id=809769142/product_categories.csv,404,id,product_categories,809769142,id,29826448226.0,257838433.0,257838433.0
809769142,2026-07-02,24704461451,257838433,257838433,data/raw/country_code=id/dataset=product_categories/shop_id=809769142/product_categories.csv,405,id,product_categories,809769142,id,24704461451.0,257838433.0,257838433.0
809769142,2026-07-02,29601433725,257838433,257838433,data/raw/country_code=id/dataset=product_categories/shop_id=809769142/product_categories.csv,406,id,product_categories,809769142,id,29601433725.0,257838433.0,257838433.0
809769142,2026-07-02,40253957457,257838433,257838433,data/raw/country_code=id/dataset=product_categories/shop_id=809769142/product_categories.csv,407,id,product_categories,809769142,id,40253957457.0,257838433.0,257838433.0
809769142,2026-07-02,26777568629,257838433,257838433,data/raw/country_code=id/dataset=product_categories/shop_id=809769142/product_categories.csv,408,id,product_categories,809769142,id,26777568629.0,257838433.0,257838433.0
809769142,2026-07-02,24443458397,257838433,257838433,data/raw/country_code=id/dataset=product_categories/shop_id=809769142/product_categories.csv,409,id,product_categories,809769142,id,24443458397.0,257838433.0,257838433.0
809769142,2026-07-02,22873282452,257838433,257838433,data/raw/country_code=id/dataset=product_categories/shop_id=809769142/product_categories.csv,410,id,product_categories,809769142,id,22873282452.0,257838433.0,257838433.0
809769142,2026-07-02,23856176929,257838433,257838433,data/raw/country_code=id/dataset=product_categories/shop_id=809769142/product_categories.csv,411,id,product_categories,809769142,id,23856176929.0,257838433.0,257838433.0
809769142,2026-07-02,20229171522,257838433,257838433,data/raw/country_code=id/dataset=product_categories/shop_id=809769142/product_categories.csv,412,id,product_categories,809769142,id,20229171522.0,257838433.0,257838433.0
809769142,2026-07-02,55150606338,257838433,257838433,data/raw/country_code=id/dataset=product_categories/shop_id=809769142/product_categories.csv,413,id,product_categories,809769142,id,55150606338.0,257838433.0,257838433.0
809769142,2026-07-02,28426633621,257838433,257838433,data/raw/country_code=id/dataset=product_categories/shop_id=809769142/product_categories.csv,414,id,product_categories,809769142,id,28426633621.0,257838433.0,257838433.0
809769142,2026-07-02,29028423239,257838433,257838433,data/raw/country_code=id/dataset=product_categories/shop_id=809769142/product_categories.csv,415,id,product_categories,809769142,id,29028423239.0,257838433.0,257838433.0
809769142,2026-07-02,19793942236,257838433,257838433,data/raw/country_code=id/dataset=product_categories/shop_id=809769142/product_categories.csv,416,id,product_categories,809769142,id,19793942236.0,257838433.0,257838433.0
809769142,2026-07-02,25439085414,257838433,257838433,data/raw/country_code=id/dataset=product_categories/shop_id=809769142/product_categories.csv,417,id,product_categories,809769142,id,25439085414.0,257838433.0,257838433.0
809769142,2026-07-02,29430013001,257838433,257838433,data/raw/country_code=id/dataset=product_categories/shop_id=809769142/product_categories.csv,418,id,product_categories,809769142,id,29430013001.0,257838433.0,257838433.0
809769142,2026-07-02,21729164441,257838433,257838433,data/raw/country_code=id/dataset=product_categories/shop_id=809769142/product_categories.csv,419,id,product_categories,809769142,id,21729164441.0,257838433.0,257838433.0
809769142,2026-07-02,49506878130,257838433,257838433,data/raw/country_code=id/dataset=product_categories/shop_id=809769142/product_categories.csv,420,id,product_categories,809769142,id,49506878130.0,257838433.0,257838433.0
809769142,2026-07-02,20282626747,257838433,257838433,data/raw/country_code=id/dataset=product_categories/shop_id=809769142/product_categories.csv,421,id,product_categories,809769142,id,20282626747.0,257838433.0,257838433.0
809769142,2026-07-02,29490268069,257838433,257838433,data/raw/country_code=id/dataset=product_categories/shop_id=809769142/product_categories.csv,422,id,product_categories,809769142,id,29490268069.0,257838433.0,257838433.0
809769142,2026-07-02,23457178413,257838433,257838433,data/raw/country_code=id/dataset=product_categories/shop_id=809769142/product_categories.csv,423,id,product_categories,809769142,id,23457178413.0,257838433.0,257838433.0
809769142,2026-07-02,27580011874,257838433,257838433,data/raw/country_code=id/dataset=product_categories/shop_id=809769142/product_categories.csv,424,id,product_categories,809769142,id,27580011874.0,257838433.0,257838433.0
809769142,2026-07-02,27160062024,257838433,257838433,data/raw/country_code=id/dataset=product_categories/shop_id=809769142/product_categories.csv,425,id,product_categories,809769142,id,27160062024.0,257838433.0,257838433.0
809769142,2026-07-02,22355348169,257838433,257838433,data/raw/country_code=id/dataset=product_categories/shop_id=809769142/product_categories.csv,426,id,product_categories,809769142,id,22355348169.0,257838433.0,257838433.0
809769142,2026-07-02,43514974352,257838433,257838433,data/raw/country_code=id/dataset=product_categories/shop_id=809769142/product_categories.csv,427,id,product_categories,809769142,id,43514974352.0,257838433.0,257838433.0
809769142,2026-07-02,29954788720,257838433,257838433,data/raw/country_code=id/dataset=product_categories/shop_id=809769142/product_categories.csv,428,id,product_categories,809769142,id,29954788720.0,257838433.0,257838433.0
809769142,2026-07-02,40872286136,257838433,257838433,data/raw/country_code=id/dataset=product_categories/shop_id=809769142/product_categories.csv,429,id,product_categories,809769142,id,40872286136.0,257838433.0,257838433.0
809769142,2026-07-02,19691541572,257838433,257838433,data/raw/country_code=id/dataset=product_categories/shop_id=809769142/product_categories.csv,430,id,product_categories,809769142,id,19691541572.0,257838433.0,257838433.0
809769142,2026-07-02,42464292818,257838433,257838433,data/raw/country_code=id/dataset=product_categories/shop_id=809769142/product_categories.csv,431,id,product_categories,809769142,id,42464292818.0,257838433.0,257838433.0
809769142,2026-07-02,41101567247,257838433,257838433,data/raw/country_code=id/dataset=product_categories/shop_id=809769142/product_categories.csv,432,id,product_categories,809769142,id,41101567247.0,257838433.0,257838433.0
809769142,2026-07-02,41500309150,257838433,257838433,data/raw/country_code=id/dataset=product_categories/shop_id=809769142/product_categories.csv,433,id,product_categories,809769142,id,41500309150.0,257838433.0,257838433.0
809769142,2026-07-02,45151558561,257838433,257838433,data/raw/country_code=id/dataset=product_categories/shop_id=809769142/product_categories.csv,434,id,product_categories,809769142,id,45151558561.0,257838433.0,257838433.0
809769142,2026-07-02,26617444732,257838433,257838433,data/raw/country_code=id/dataset=product_categories/shop_id=809769142/product_categories.csv,435,id,product_categories,809769142,id,26617444732.0,257838433.0,257838433.0
809769142,2026-07-02,29372960469,257838433,257838433,data/raw/country_code=id/dataset=product_categories/shop_id=809769142/product_categories.csv,436,id,product_categories,809769142,id,29372960469.0,257838433.0,257838433.0
809769142,2026-07-02,27810365257,257838433,257838433,data/raw/country_code=id/dataset=product_categories/shop_id=809769142/product_categories.csv,437,id,product_categories,809769142,id,27810365257.0,257838433.0,257838433.0
809769142,2026-07-02,25090328302,257838433,257838433,data/raw/country_code=id/dataset=product_categories/shop_id=809769142/product_categories.csv,438,id,product_categories,809769142,id,25090328302.0,257838433.0,257838433.0
809769142,2026-07-02,24742813269,257838433,257838433,data/raw/country_code=id/dataset=product_categories/shop_id=809769142/product_categories.csv,439,id,product_categories,809769142,id,24742813269.0,257838433.0,257838433.0
809769142,2026-07-02,25564103539,257838433,257838433,data/raw/country_code=id/dataset=product_categories/shop_id=809769142/product_categories.csv,440,id,product_categories,809769142,id,25564103539.0,257838433.0,257838433.0
809769142,2026-07-02,26704788256,257838434,257838434,data/raw/country_code=id/dataset=product_categories/shop_id=809769142/product_categories.csv,441,id,product_categories,809769142,id,26704788256.0,257838434.0,257838434.0
809769142,2026-07-02,29317152516,257838434,257838434,data/raw/country_code=id/dataset=product_categories/shop_id=809769142/product_categories.csv,442,id,product_categories,809769142,id,29317152516.0,257838434.0,257838434.0
809769142,2026-07-02,24442098701,257838434,257838434,data/raw/country_code=id/dataset=product_categories/shop_id=809769142/product_categories.csv,443,id,product_categories,809769142,id,24442098701.0,257838434.0,257838434.0
809769142,2026-07-02,20636165691,257838434,257838434,data/raw/country_code=id/dataset=product_categories/shop_id=809769142/product_categories.csv,444,id,product_categories,809769142,id,20636165691.0,257838434.0,257838434.0
809769142,2026-07-02,44164974080,257838434,257838434,data/raw/country_code=id/dataset=product_categories/shop_id=809769142/product_categories.csv,445,id,product_categories,809769142,id,44164974080.0,257838434.0,257838434.0
809769142,2026-07-02,23668056941,257838434,257838434,data/raw/country_code=id/dataset=product_categories/shop_id=809769142/product_categories.csv,446,id,product_categories,809769142,id,23668056941.0,257838434.0,257838434.0
809769142,2026-07-02,18083979760,257838434,257838434,data/raw/country_code=id/dataset=product_categories/shop_id=809769142/product_categories.csv,447,id,product_categories,809769142,id,18083979760.0,257838434.0,257838434.0
809769142,2026-07-02,49506878130,257838434,257838434,data/raw/country_code=id/dataset=product_categories/shop_id=809769142/product_categories.csv,448,id,product_categories,809769142,id,49506878130.0,257838434.0,257838434.0
809769142,2026-07-02,43514974352,257838434,257838434,data/raw/country_code=id/dataset=product_categories/shop_id=809769142/product_categories.csv,449,id,product_categories,809769142,id,43514974352.0,257838434.0,257838434.0
809769142,2026-07-02,29954788720,257838434,257838434,data/raw/country_code=id/dataset=product_categories/shop_id=809769142/product_categories.csv,450,id,product_categories,809769142,id,29954788720.0,257838434.0,257838434.0
809769142,2026-07-02,19691541572,257838434,257838434,data/raw/country_code=id/dataset=product_categories/shop_id=809769142/product_categories.csv,451,id,product_categories,809769142,id,19691541572.0,257838434.0,257838434.0
809769142,2026-07-02,45151558561,257838434,257838434,data/raw/country_code=id/dataset=product_categories/shop_id=809769142/product_categories.csv,452,id,product_categories,809769142,id,45151558561.0,257838434.0,257838434.0
809769142,2026-07-02,50406870682,257838452,257838452,data/raw/country_code=id/dataset=product_categories/shop_id=809769142/product_categories.csv,453,id,product_categories,809769142,id,50406870682.0,257838452.0,257838452.0
809769142,2026-07-02,21429166155,257838452,257838452,data/raw/country_code=id/dataset=product_categories/shop_id=809769142/product_categories.csv,454,id,product_categories,809769142,id,21429166155.0,257838452.0,257838452.0
809769142,2026-07-02,27408030377,257838452,257838452,data/raw/country_code=id/dataset=product_categories/shop_id=809769142/product_categories.csv,455,id,product_categories,809769142,id,27408030377.0,257838452.0,257838452.0
809769142,2026-07-02,21829166888,257838452,257838452,data/raw/country_code=id/dataset=product_categories/shop_id=809769142/product_categories.csv,456,id,product_categories,809769142,id,21829166888.0,257838452.0,257838452.0
809769142,2026-07-02,20282626747,257838452,257838452,data/raw/country_code=id/dataset=product_categories/shop_id=809769142/product_categories.csv,457,id,product_categories,809769142,id,20282626747.0,257838452.0,257838452.0
809769142,2026-07-02,41500309150,257838452,257838452,data/raw/country_code=id/dataset=product_categories/shop_id=809769142/product_categories.csv,458,id,product_categories,809769142,id,41500309150.0,257838452.0,257838452.0
809769142,2026-07-02,25564103539,257838452,257838452,data/raw/country_code=id/dataset=product_categories/shop_id=809769142/product_categories.csv,459,id,product_categories,809769142,id,25564103539.0,257838452.0,257838452.0
809769142,2026-07-02,57903895781,257838475,257838475,data/raw/country_code=id/dataset=product_categories/shop_id=809769142/product_categories.csv,460,id,product_categories,809769142,id,57903895781.0,257838475.0,257838475.0
809769142,2026-07-02,18024029084,257838475,257838475,data/raw/country_code=id/dataset=product_categories/shop_id=809769142/product_categories.csv,461,id,product_categories,809769142,id,18024029084.0,257838475.0,257838475.0
809769142,2026-07-02,40253957457,257838475,257838475,data/raw/country_code=id/dataset=product_categories/shop_id=809769142/product_categories.csv,462,id,product_categories,809769142,id,40253957457.0,257838475.0,257838475.0
809769142,2026-07-02,21729164441,257838475,257838475,data/raw/country_code=id/dataset=product_categories/shop_id=809769142/product_categories.csv,463,id,product_categories,809769142,id,21729164441.0,257838475.0,257838475.0
809769142,2026-07-02,27160062024,257838475,257838475,data/raw/country_code=id/dataset=product_categories/shop_id=809769142/product_categories.csv,464,id,product_categories,809769142,id,27160062024.0,257838475.0,257838475.0
809769142,2026-07-02,27810365257,257838475,257838475,data/raw/country_code=id/dataset=product_categories/shop_id=809769142/product_categories.csv,465,id,product_categories,809769142,id,27810365257.0,257838475.0,257838475.0
809769142,2026-07-02,28293199566,257838481,257838481,data/raw/country_code=id/dataset=product_categories/shop_id=809769142/product_categories.csv,466,id,product_categories,809769142,id,28293199566.0,257838481.0,257838481.0
809769142,2026-07-02,24597552858,257838481,257838481,data/raw/country_code=id/dataset=product_categories/shop_id=809769142/product_categories.csv,467,id,product_categories,809769142,id,24597552858.0,257838481.0,257838481.0
809769142,2026-07-02,56102197568,257838481,257838481,data/raw/country_code=id/dataset=product_categories/shop_id=809769142/product_categories.csv,468,id,product_categories,809769142,id,56102197568.0,257838481.0,257838481.0
809769142,2026-07-02,51450958596,257838481,257838481,data/raw/country_code=id/dataset=product_categories/shop_id=809769142/product_categories.csv,469,id,product_categories,809769142,id,51450958596.0,257838481.0,257838481.0
809769142,2026-07-02,43375172010,257838481,257838481,data/raw/country_code=id/dataset=product_categories/shop_id=809769142/product_categories.csv,470,id,product_categories,809769142,id,43375172010.0,257838481.0,257838481.0
809769142,2026-07-02,24192367557,257838481,257838481,data/raw/country_code=id/dataset=product_categories/shop_id=809769142/product_categories.csv,471,id,product_categories,809769142,id,24192367557.0,257838481.0,257838481.0
809769142,2026-07-02,50802739806,257838481,257838481,data/raw/country_code=id/dataset=product_categories/shop_id=809769142/product_categories.csv,472,id,product_categories,809769142,id,50802739806.0,257838481.0,257838481.0
809769142,2026-07-02,27455737082,257838481,257838481,data/raw/country_code=id/dataset=product_categories/shop_id=809769142/product_categories.csv,473,id,product_categories,809769142,id,27455737082.0,257838481.0,257838481.0
809769142,2026-07-02,43564342526,257838481,257838481,data/raw/country_code=id/dataset=product_categories/shop_id=809769142/product_categories.csv,474,id,product_categories,809769142,id,43564342526.0,257838481.0,257838481.0
809769142,2026-07-02,40064375511,257838481,257838481,data/raw/country_code=id/dataset=product_categories/shop_id=809769142/product_categories.csv,475,id,product_categories,809769142,id,40064375511.0,257838481.0,257838481.0
809769142,2026-07-02,26777568629,257838481,257838481,data/raw/country_code=id/dataset=product_categories/shop_id=809769142/product_categories.csv,476,id,product_categories,809769142,id,26777568629.0,257838481.0,257838481.0
809769142,2026-07-02,20229171522,257838481,257838481,data/raw/country_code=id/dataset=product_categories/shop_id=809769142/product_categories.csv,477,id,product_categories,809769142,id,20229171522.0,257838481.0,257838481.0
809769142,2026-07-02,29490268069,257838481,257838481,data/raw/country_code=id/dataset=product_categories/shop_id=809769142/product_categories.csv,478,id,product_categories,809769142,id,29490268069.0,257838481.0,257838481.0
809769142,2026-07-02,22355348169,257838481,257838481,data/raw/country_code=id/dataset=product_categories/shop_id=809769142/product_categories.csv,479,id,product_categories,809769142,id,22355348169.0,257838481.0,257838481.0
809769142,2026-07-02,41101567247,257838481,257838481,data/raw/country_code=id/dataset=product_categories/shop_id=809769142/product_categories.csv,480,id,product_categories,809769142,id,41101567247.0,257838481.0,257838481.0
809769142,2026-07-02,24742813269,257838481,257838481,data/raw/country_code=id/dataset=product_categories/shop_id=809769142/product_categories.csv,481,id,product_categories,809769142,id,24742813269.0,257838481.0,257838481.0
809769142,2026-07-02,29131802740,257838483,257838483,data/raw/country_code=id/dataset=product_categories/shop_id=809769142/product_categories.csv,482,id,product_categories,809769142,id,29131802740.0,257838483.0,257838483.0
809769142,2026-07-02,42358562447,257838483,257838483,data/raw/country_code=id/dataset=product_categories/shop_id=809769142/product_categories.csv,483,id,product_categories,809769142,id,42358562447.0,257838483.0,257838483.0
809769142,2026-07-02,18584356032,257838483,257838483,data/raw/country_code=id/dataset=product_categories/shop_id=809769142/product_categories.csv,484,id,product_categories,809769142,id,18584356032.0,257838483.0,257838483.0
809769142,2026-07-02,24704461451,257838483,257838483,data/raw/country_code=id/dataset=product_categories/shop_id=809769142/product_categories.csv,485,id,product_categories,809769142,id,24704461451.0,257838483.0,257838483.0
809769142,2026-07-02,24443458397,257838483,257838483,data/raw/country_code=id/dataset=product_categories/shop_id=809769142/product_categories.csv,486,id,product_categories,809769142,id,24443458397.0,257838483.0,257838483.0
809769142,2026-07-02,22873282452,257838483,257838483,data/raw/country_code=id/dataset=product_categories/shop_id=809769142/product_categories.csv,487,id,product_categories,809769142,id,22873282452.0,257838483.0,257838483.0
809769142,2026-07-02,23856176929,257838483,257838483,data/raw/country_code=id/dataset=product_categories/shop_id=809769142/product_categories.csv,488,id,product_categories,809769142,id,23856176929.0,257838483.0,257838483.0
809769142,2026-07-02,44429096395,257838511,257838511,data/raw/country_code=id/dataset=product_categories/shop_id=809769142/product_categories.csv,489,id,product_categories,809769142,id,44429096395.0,257838511.0,257838511.0
809769142,2026-07-02,51702755108,257838511,257838511,data/raw/country_code=id/dataset=product_categories/shop_id=809769142/product_categories.csv,490,id,product_categories,809769142,id,51702755108.0,257838511.0,257838511.0
809769142,2026-07-02,28376448249,257838511,257838511,data/raw/country_code=id/dataset=product_categories/shop_id=809769142/product_categories.csv,491,id,product_categories,809769142,id,28376448249.0,257838511.0,257838511.0
809769142,2026-07-02,29826448226,257838511,257838511,data/raw/country_code=id/dataset=product_categories/shop_id=809769142/product_categories.csv,492,id,product_categories,809769142,id,29826448226.0,257838511.0,257838511.0
809769142,2026-07-02,48059253956,257838520,257838520,data/raw/country_code=id/dataset=product_categories/shop_id=809769142/product_categories.csv,493,id,product_categories,809769142,id,48059253956.0,257838520.0,257838520.0
809769142,2026-07-02,29601433725,257838520,257838520,data/raw/country_code=id/dataset=product_categories/shop_id=809769142/product_categories.csv,494,id,product_categories,809769142,id,29601433725.0,257838520.0,257838520.0
809769142,2026-07-02,42464292818,257838520,257838520,data/raw/country_code=id/dataset=product_categories/shop_id=809769142/product_categories.csv,495,id,product_categories,809769142,id,42464292818.0,257838520.0,257838520.0
809769142,2026-07-02,41320590275,257838567,257838567,data/raw/country_code=id/dataset=product_categories/shop_id=809769142/product_categories.csv,496,id,product_categories,809769142,id,41320590275.0,257838567.0,257838567.0
809769142,2026-07-02,48852152348,257838567,257838567,data/raw/country_code=id/dataset=product_categories/shop_id=809769142/product_categories.csv,497,id,product_categories,809769142,id,48852152348.0,257838567.0,257838567.0
809769142,2026-07-02,29270135197,257838567,257838567,data/raw/country_code=id/dataset=product_categories/shop_id=809769142/product_categories.csv,498,id,product_categories,809769142,id,29270135197.0,257838567.0,257838567.0
809769142,2026-07-02,57909001846,257838567,257838567,data/raw/country_code=id/dataset=product_categories/shop_id=809769142/product_categories.csv,499,id,product_categories,809769142,id,57909001846.0,257838567.0,257838567.0
809769142,2026-07-02,40074160523,257838567,257838567,data/raw/country_code=id/dataset=product_categories/shop_id=809769142/product_categories.csv,500,id,product_categories,809769142,id,40074160523.0,257838567.0,257838567.0
809769142,2026-07-02,55201716278,257838567,257838567,data/raw/country_code=id/dataset=product_categories/shop_id=809769142/product_categories.csv,501,id,product_categories,809769142,id,55201716278.0,257838567.0,257838567.0
809769142,2026-07-02,29905930406,257838567,257838567,data/raw/country_code=id/dataset=product_categories/shop_id=809769142/product_categories.csv,502,id,product_categories,809769142,id,29905930406.0,257838567.0,257838567.0
809769142,2026-07-02,41075294736,257838567,257838567,data/raw/country_code=id/dataset=product_categories/shop_id=809769142/product_categories.csv,503,id,product_categories,809769142,id,41075294736.0,257838567.0,257838567.0
809769142,2026-07-02,28776573319,257838567,257838567,data/raw/country_code=id/dataset=product_categories/shop_id=809769142/product_categories.csv,504,id,product_categories,809769142,id,28776573319.0,257838567.0,257838567.0
809769142,2026-07-02,52351401583,257838567,257838567,data/raw/country_code=id/dataset=product_categories/shop_id=809769142/product_categories.csv,505,id,product_categories,809769142,id,52351401583.0,257838567.0,257838567.0
809769142,2026-07-02,29870133400,257838567,257838567,data/raw/country_code=id/dataset=product_categories/shop_id=809769142/product_categories.csv,506,id,product_categories,809769142,id,29870133400.0,257838567.0,257838567.0
809769142,2026-07-02,27383676128,257838567,257838567,data/raw/country_code=id/dataset=product_categories/shop_id=809769142/product_categories.csv,507,id,product_categories,809769142,id,27383676128.0,257838567.0,257838567.0
809769142,2026-07-02,43754734954,257838567,257838567,data/raw/country_code=id/dataset=product_categories/shop_id=809769142/product_categories.csv,508,id,product_categories,809769142,id,43754734954.0,257838567.0,257838567.0
809769142,2026-07-02,42752568783,257838567,257838567,data/raw/country_code=id/dataset=product_categories/shop_id=809769142/product_categories.csv,509,id,product_categories,809769142,id,42752568783.0,257838567.0,257838567.0
809769142,2026-07-02,25614268730,257838567,257838567,data/raw/country_code=id/dataset=product_categories/shop_id=809769142/product_categories.csv,510,id,product_categories,809769142,id,25614268730.0,257838567.0,257838567.0
809769142,2026-07-02,28927852106,257838567,257838567,data/raw/country_code=id/dataset=product_categories/shop_id=809769142/product_categories.csv,511,id,product_categories,809769142,id,28927852106.0,257838567.0,257838567.0
809769142,2026-07-02,40507001358,257838567,257838567,data/raw/country_code=id/dataset=product_categories/shop_id=809769142/product_categories.csv,512,id,product_categories,809769142,id,40507001358.0,257838567.0,257838567.0
809769142,2026-07-02,29905930406,257838568,257838568,data/raw/country_code=id/dataset=product_categories/shop_id=809769142/product_categories.csv,513,id,product_categories,809769142,id,29905930406.0,257838568.0,257838568.0
809769142,2026-07-02,41075294736,257838568,257838568,data/raw/country_code=id/dataset=product_categories/shop_id=809769142/product_categories.csv,514,id,product_categories,809769142,id,41075294736.0,257838568.0,257838568.0
809769142,2026-07-02,28776573319,257838568,257838568,data/raw/country_code=id/dataset=product_categories/shop_id=809769142/product_categories.csv,515,id,product_categories,809769142,id,28776573319.0,257838568.0,257838568.0
809769142,2026-07-02,52351401583,257838568,257838568,data/raw/country_code=id/dataset=product_categories/shop_id=809769142/product_categories.csv,516,id,product_categories,809769142,id,52351401583.0,257838568.0,257838568.0
809769142,2026-07-02,43754734954,257838568,257838568,data/raw/country_code=id/dataset=product_categories/shop_id=809769142/product_categories.csv,517,id,product_categories,809769142,id,43754734954.0,257838568.0,257838568.0
809769142,2026-07-02,28927852106,257838568,257838568,data/raw/country_code=id/dataset=product_categories/shop_id=809769142/product_categories.csv,518,id,product_categories,809769142,id,28927852106.0,257838568.0,257838568.0
809769142,2026-07-02,41320590275,257838569,257838569,data/raw/country_code=id/dataset=product_categories/shop_id=809769142/product_categories.csv,519,id,product_categories,809769142,id,41320590275.0,257838569.0,257838569.0
809769142,2026-07-02,48852152348,257838569,257838569,data/raw/country_code=id/dataset=product_categories/shop_id=809769142/product_categories.csv,520,id,product_categories,809769142,id,48852152348.0,257838569.0,257838569.0
809769142,2026-07-02,29270135197,257838569,257838569,data/raw/country_code=id/dataset=product_categories/shop_id=809769142/product_categories.csv,521,id,product_categories,809769142,id,29270135197.0,257838569.0,257838569.0
809769142,2026-07-02,57909001846,257838569,257838569,data/raw/country_code=id/dataset=product_categories/shop_id=809769142/product_categories.csv,522,id,product_categories,809769142,id,57909001846.0,257838569.0,257838569.0
809769142,2026-07-02,40074160523,257838569,257838569,data/raw/country_code=id/dataset=product_categories/shop_id=809769142/product_categories.csv,523,id,product_categories,809769142,id,40074160523.0,257838569.0,257838569.0
809769142,2026-07-02,55201716278,257838569,257838569,data/raw/country_code=id/dataset=product_categories/shop_id=809769142/product_categories.csv,524,id,product_categories,809769142,id,55201716278.0,257838569.0,257838569.0
809769142,2026-07-02,29870133400,257838569,257838569,data/raw/country_code=id/dataset=product_categories/shop_id=809769142/product_categories.csv,525,id,product_categories,809769142,id,29870133400.0,257838569.0,257838569.0
809769142,2026-07-02,27383676128,257838569,257838569,data/raw/country_code=id/dataset=product_categories/shop_id=809769142/product_categories.csv,526,id,product_categories,809769142,id,27383676128.0,257838569.0,257838569.0
809769142,2026-07-02,42752568783,257838569,257838569,data/raw/country_code=id/dataset=product_categories/shop_id=809769142/product_categories.csv,527,id,product_categories,809769142,id,42752568783.0,257838569.0,257838569.0
809769142,2026-07-02,25614268730,257838569,257838569,data/raw/country_code=id/dataset=product_categories/shop_id=809769142/product_categories.csv,528,id,product_categories,809769142,id,25614268730.0,257838569.0,257838569.0
809769142,2026-07-02,40507001358,257838569,257838569,data/raw/country_code=id/dataset=product_categories/shop_id=809769142/product_categories.csv,529,id,product_categories,809769142,id,40507001358.0,257838569.0,257838569.0
809769142,2026-07-02,40619026889,257838603,257838603,data/raw/country_code=id/dataset=product_categories/shop_id=809769142/product_categories.csv,530,id,product_categories,809769142,id,40619026889.0,257838603.0,257838603.0
809769142,2026-07-02,54800619577,257838603,257838603,data/raw/country_code=id/dataset=product_categories/shop_id=809769142/product_categories.csv,531,id,product_categories,809769142,id,54800619577.0,257838603.0,257838603.0
809769142,2026-07-02,52150640468,257838603,257838603,data/raw/country_code=id/dataset=product_categories/shop_id=809769142/product_categories.csv,532,id,product_categories,809769142,id,52150640468.0,257838603.0,257838603.0
809769142,2026-07-02,26341558563,257838603,257838603,data/raw/country_code=id/dataset=product_categories/shop_id=809769142/product_categories.csv,533,id,product_categories,809769142,id,26341558563.0,257838603.0,257838603.0
809769142,2026-07-02,43226040976,257838603,257838603,data/raw/country_code=id/dataset=product_categories/shop_id=809769142/product_categories.csv,534,id,product_categories,809769142,id,43226040976.0,257838603.0,257838603.0
809769142,2026-07-02,16797836904,257838603,257838603,data/raw/country_code=id/dataset=product_categories/shop_id=809769142/product_categories.csv,535,id,product_categories,809769142,id,16797836904.0,257838603.0,257838603.0
809769142,2026-07-02,22853217492,257838603,257838603,data/raw/country_code=id/dataset=product_categories/shop_id=809769142/product_categories.csv,536,id,product_categories,809769142,id,22853217492.0,257838603.0,257838603.0
809769142,2026-07-02,10599605978,257838603,257838603,data/raw/country_code=id/dataset=product_categories/shop_id=809769142/product_categories.csv,537,id,product_categories,809769142,id,10599605978.0,257838603.0,257838603.0
809769142,2026-07-02,28030007092,257838603,257838603,data/raw/country_code=id/dataset=product_categories/shop_id=809769142/product_categories.csv,538,id,product_categories,809769142,id,28030007092.0,257838603.0,257838603.0
809769142,2026-07-02,55150606338,257838603,257838603,data/raw/country_code=id/dataset=product_categories/shop_id=809769142/product_categories.csv,539,id,product_categories,809769142,id,55150606338.0,257838603.0,257838603.0
809769142,2026-07-02,28426633621,257838603,257838603,data/raw/country_code=id/dataset=product_categories/shop_id=809769142/product_categories.csv,540,id,product_categories,809769142,id,28426633621.0,257838603.0,257838603.0
809769142,2026-07-02,29028423239,257838603,257838603,data/raw/country_code=id/dataset=product_categories/shop_id=809769142/product_categories.csv,541,id,product_categories,809769142,id,29028423239.0,257838603.0,257838603.0
809769142,2026-07-02,19793942236,257838603,257838603,data/raw/country_code=id/dataset=product_categories/shop_id=809769142/product_categories.csv,542,id,product_categories,809769142,id,19793942236.0,257838603.0,257838603.0
809769142,2026-07-02,25439085414,257838603,257838603,data/raw/country_code=id/dataset=product_categories/shop_id=809769142/product_categories.csv,543,id,product_categories,809769142,id,25439085414.0,257838603.0,257838603.0
809769142,2026-07-02,29430013001,257838603,257838603,data/raw/country_code=id/dataset=product_categories/shop_id=809769142/product_categories.csv,544,id,product_categories,809769142,id,29430013001.0,257838603.0,257838603.0
809769142,2026-07-02,23457178413,257838603,257838603,data/raw/country_code=id/dataset=product_categories/shop_id=809769142/product_categories.csv,545,id,product_categories,809769142,id,23457178413.0,257838603.0,257838603.0
809769142,2026-07-02,27580011874,257838603,257838603,data/raw/country_code=id/dataset=product_categories/shop_id=809769142/product_categories.csv,546,id,product_categories,809769142,id,27580011874.0,257838603.0,257838603.0
809769142,2026-07-02,40872286136,257838603,257838603,data/raw/country_code=id/dataset=product_categories/shop_id=809769142/product_categories.csv,547,id,product_categories,809769142,id,40872286136.0,257838603.0,257838603.0
809769142,2026-07-02,26617444732,257838603,257838603,data/raw/country_code=id/dataset=product_categories/shop_id=809769142/product_categories.csv,548,id,product_categories,809769142,id,26617444732.0,257838603.0,257838603.0
809769142,2026-07-02,29372960469,257838603,257838603,data/raw/country_code=id/dataset=product_categories/shop_id=809769142/product_categories.csv,549,id,product_categories,809769142,id,29372960469.0,257838603.0,257838603.0
809769142,2026-07-02,25090328302,257838603,257838603,data/raw/country_code=id/dataset=product_categories/shop_id=809769142/product_categories.csv,550,id,product_categories,809769142,id,25090328302.0,257838603.0,257838603.0
809769142,2026-07-02,24742813269,257838603,257838603,data/raw/country_code=id/dataset=product_categories/shop_id=809769142/product_categories.csv,551,id,product_categories,809769142,id,24742813269.0,257838603.0,257838603.0
809769142,2026-07-02,26704788256,257838748,257838748,data/raw/country_code=id/dataset=product_categories/shop_id=809769142/product_categories.csv,552,id,product_categories,809769142,id,26704788256.0,257838748.0,257838748.0
809769142,2026-07-02,29317152516,257838748,257838748,data/raw/country_code=id/dataset=product_categories/shop_id=809769142/product_categories.csv,553,id,product_categories,809769142,id,29317152516.0,257838748.0,257838748.0
809769142,2026-07-02,44050582778,257838748,257838748,data/raw/country_code=id/dataset=product_categories/shop_id=809769142/product_categories.csv,554,id,product_categories,809769142,id,44050582778.0,257838748.0,257838748.0
809769142,2026-07-02,29270135197,257838748,257838748,data/raw/country_code=id/dataset=product_categories/shop_id=809769142/product_categories.csv,555,id,product_categories,809769142,id,29270135197.0,257838748.0,257838748.0
809769142,2026-07-02,21429166155,257838748,257838748,data/raw/country_code=id/dataset=product_categories/shop_id=809769142/product_categories.csv,556,id,product_categories,809769142,id,21429166155.0,257838748.0,257838748.0
809769142,2026-07-02,24442098701,257838748,257838748,data/raw/country_code=id/dataset=product_categories/shop_id=809769142/product_categories.csv,557,id,product_categories,809769142,id,24442098701.0,257838748.0,257838748.0
809769142,2026-07-02,24192367557,257838748,257838748,data/raw/country_code=id/dataset=product_categories/shop_id=809769142/product_categories.csv,558,id,product_categories,809769142,id,24192367557.0,257838748.0,257838748.0
809769142,2026-07-02,27408030377,257838748,257838748,data/raw/country_code=id/dataset=product_categories/shop_id=809769142/product_categories.csv,559,id,product_categories,809769142,id,27408030377.0,257838748.0,257838748.0
809769142,2026-07-02,20636165691,257838748,257838748,data/raw/country_code=id/dataset=product_categories/shop_id=809769142/product_categories.csv,560,id,product_categories,809769142,id,20636165691.0,257838748.0,257838748.0
809769142,2026-07-02,29131802740,257838748,257838748,data/raw/country_code=id/dataset=product_categories/shop_id=809769142/product_categories.csv,561,id,product_categories,809769142,id,29131802740.0,257838748.0,257838748.0
809769142,2026-07-02,27455737082,257838748,257838748,data/raw/country_code=id/dataset=product_categories/shop_id=809769142/product_categories.csv,562,id,product_categories,809769142,id,27455737082.0,257838748.0,257838748.0
809769142,2026-07-02,29870133400,257838748,257838748,data/raw/country_code=id/dataset=product_categories/shop_id=809769142/product_categories.csv,563,id,product_categories,809769142,id,29870133400.0,257838748.0,257838748.0
809769142,2026-07-02,41901683742,257838748,257838748,data/raw/country_code=id/dataset=product_categories/shop_id=809769142/product_categories.csv,564,id,product_categories,809769142,id,41901683742.0,257838748.0,257838748.0
809769142,2026-07-02,21829166888,257838748,257838748,data/raw/country_code=id/dataset=product_categories/shop_id=809769142/product_categories.csv,565,id,product_categories,809769142,id,21829166888.0,257838748.0,257838748.0
809769142,2026-07-02,23668056941,257838748,257838748,data/raw/country_code=id/dataset=product_categories/shop_id=809769142/product_categories.csv,566,id,product_categories,809769142,id,23668056941.0,257838748.0,257838748.0
809769142,2026-07-02,27938088991,257838748,257838748,data/raw/country_code=id/dataset=product_categories/shop_id=809769142/product_categories.csv,567,id,product_categories,809769142,id,27938088991.0,257838748.0,257838748.0
809769142,2026-07-02,18083979760,257838748,257838748,data/raw/country_code=id/dataset=product_categories/shop_id=809769142/product_categories.csv,568,id,product_categories,809769142,id,18083979760.0,257838748.0,257838748.0
809769142,2026-07-02,28376448249,257838748,257838748,data/raw/country_code=id/dataset=product_categories/shop_id=809769142/product_categories.csv,569,id,product_categories,809769142,id,28376448249.0,257838748.0,257838748.0
809769142,2026-07-02,28030007092,257838748,257838748,data/raw/country_code=id/dataset=product_categories/shop_id=809769142/product_categories.csv,570,id,product_categories,809769142,id,28030007092.0,257838748.0,257838748.0
809769142,2026-07-02,18584356032,257838748,257838748,data/raw/country_code=id/dataset=product_categories/shop_id=809769142/product_categories.csv,571,id,product_categories,809769142,id,18584356032.0,257838748.0,257838748.0
809769142,2026-07-02,18024029084,257838748,257838748,data/raw/country_code=id/dataset=product_categories/shop_id=809769142/product_categories.csv,572,id,product_categories,809769142,id,18024029084.0,257838748.0,257838748.0
809769142,2026-07-02,40064375511,257838748,257838748,data/raw/country_code=id/dataset=product_categories/shop_id=809769142/product_categories.csv,573,id,product_categories,809769142,id,40064375511.0,257838748.0,257838748.0
809769142,2026-07-02,29826448226,257838748,257838748,data/raw/country_code=id/dataset=product_categories/shop_id=809769142/product_categories.csv,574,id,product_categories,809769142,id,29826448226.0,257838748.0,257838748.0
809769142,2026-07-02,24704461451,257838748,257838748,data/raw/country_code=id/dataset=product_categories/shop_id=809769142/product_categories.csv,575,id,product_categories,809769142,id,24704461451.0,257838748.0,257838748.0
809769142,2026-07-02,26777568629,257838748,257838748,data/raw/country_code=id/dataset=product_categories/shop_id=809769142/product_categories.csv,576,id,product_categories,809769142,id,26777568629.0,257838748.0,257838748.0
809769142,2026-07-02,24443458397,257838748,257838748,data/raw/country_code=id/dataset=product_categories/shop_id=809769142/product_categories.csv,577,id,product_categories,809769142,id,24443458397.0,257838748.0,257838748.0
809769142,2026-07-02,22873282452,257838748,257838748,data/raw/country_code=id/dataset=product_categories/shop_id=809769142/product_categories.csv,578,id,product_categories,809769142,id,22873282452.0,257838748.0,257838748.0
809769142,2026-07-02,23856176929,257838748,257838748,data/raw/country_code=id/dataset=product_categories/shop_id=809769142/product_categories.csv,579,id,product_categories,809769142,id,23856176929.0,257838748.0,257838748.0
809769142,2026-07-02,20229171522,257838748,257838748,data/raw/country_code=id/dataset=product_categories/shop_id=809769142/product_categories.csv,580,id,product_categories,809769142,id,20229171522.0,257838748.0,257838748.0
809769142,2026-07-02,29028423239,257838748,257838748,data/raw/country_code=id/dataset=product_categories/shop_id=809769142/product_categories.csv,581,id,product_categories,809769142,id,29028423239.0,257838748.0,257838748.0
809769142,2026-07-02,25439085414,257838748,257838748,data/raw/country_code=id/dataset=product_categories/shop_id=809769142/product_categories.csv,582,id,product_categories,809769142,id,25439085414.0,257838748.0,257838748.0
809769142,2026-07-02,29430013001,257838748,257838748,data/raw/country_code=id/dataset=product_categories/shop_id=809769142/product_categories.csv,583,id,product_categories,809769142,id,29430013001.0,257838748.0,257838748.0
809769142,2026-07-02,21729164441,257838748,257838748,data/raw/country_code=id/dataset=product_categories/shop_id=809769142/product_categories.csv,584,id,product_categories,809769142,id,21729164441.0,257838748.0,257838748.0
809769142,2026-07-02,20282626747,257838748,257838748,data/raw/country_code=id/dataset=product_categories/shop_id=809769142/product_categories.csv,585,id,product_categories,809769142,id,20282626747.0,257838748.0,257838748.0
809769142,2026-07-02,27580011874,257838748,257838748,data/raw/country_code=id/dataset=product_categories/shop_id=809769142/product_categories.csv,586,id,product_categories,809769142,id,27580011874.0,257838748.0,257838748.0
809769142,2026-07-02,27160062024,257838748,257838748,data/raw/country_code=id/dataset=product_categories/shop_id=809769142/product_categories.csv,587,id,product_categories,809769142,id,27160062024.0,257838748.0,257838748.0
809769142,2026-07-02,22355348169,257838748,257838748,data/raw/country_code=id/dataset=product_categories/shop_id=809769142/product_categories.csv,588,id,product_categories,809769142,id,22355348169.0,257838748.0,257838748.0
809769142,2026-07-02,29954788720,257838748,257838748,data/raw/country_code=id/dataset=product_categories/shop_id=809769142/product_categories.csv,589,id,product_categories,809769142,id,29954788720.0,257838748.0,257838748.0
809769142,2026-07-02,19691541572,257838748,257838748,data/raw/country_code=id/dataset=product_categories/shop_id=809769142/product_categories.csv,590,id,product_categories,809769142,id,19691541572.0,257838748.0,257838748.0
809769142,2026-07-02,41500309150,257838748,257838748,data/raw/country_code=id/dataset=product_categories/shop_id=809769142/product_categories.csv,591,id,product_categories,809769142,id,41500309150.0,257838748.0,257838748.0
809769142,2026-07-02,26617444732,257838748,257838748,data/raw/country_code=id/dataset=product_categories/shop_id=809769142/product_categories.csv,592,id,product_categories,809769142,id,26617444732.0,257838748.0,257838748.0
809769142,2026-07-02,29372960469,257838748,257838748,data/raw/country_code=id/dataset=product_categories/shop_id=809769142/product_categories.csv,593,id,product_categories,809769142,id,29372960469.0,257838748.0,257838748.0
809769142,2026-07-02,27810365257,257838748,257838748,data/raw/country_code=id/dataset=product_categories/shop_id=809769142/product_categories.csv,594,id,product_categories,809769142,id,27810365257.0,257838748.0,257838748.0
809769142,2026-07-02,25090328302,257838748,257838748,data/raw/country_code=id/dataset=product_categories/shop_id=809769142/product_categories.csv,595,id,product_categories,809769142,id,25090328302.0,257838748.0,257838748.0
809769142,2026-07-02,24742813269,257838748,257838748,data/raw/country_code=id/dataset=product_categories/shop_id=809769142/product_categories.csv,596,id,product_categories,809769142,id,24742813269.0,257838748.0,257838748.0
809769142,2026-07-02,25564103539,257838748,257838748,data/raw/country_code=id/dataset=product_categories/shop_id=809769142/product_categories.csv,597,id,product_categories,809769142,id,25564103539.0,257838748.0,257838748.0
809769142,2026-07-02,44050582778,257838749,257838749,data/raw/country_code=id/dataset=product_categories/shop_id=809769142/product_categories.csv,598,id,product_categories,809769142,id,44050582778.0,257838749.0,257838749.0
809769142,2026-07-02,29131802740,257838749,257838749,data/raw/country_code=id/dataset=product_categories/shop_id=809769142/product_categories.csv,599,id,product_categories,809769142,id,29131802740.0,257838749.0,257838749.0
809769142,2026-07-02,21829166888,257838749,257838749,data/raw/country_code=id/dataset=product_categories/shop_id=809769142/product_categories.csv,600,id,product_categories,809769142,id,21829166888.0,257838749.0,257838749.0
809769142,2026-07-02,28376448249,257838749,257838749,data/raw/country_code=id/dataset=product_categories/shop_id=809769142/product_categories.csv,601,id,product_categories,809769142,id,28376448249.0,257838749.0,257838749.0
809769142,2026-07-02,29826448226,257838749,257838749,data/raw/country_code=id/dataset=product_categories/shop_id=809769142/product_categories.csv,602,id,product_categories,809769142,id,29826448226.0,257838749.0,257838749.0
809769142,2026-07-02,24704461451,257838749,257838749,data/raw/country_code=id/dataset=product_categories/shop_id=809769142/product_categories.csv,603,id,product_categories,809769142,id,24704461451.0,257838749.0,257838749.0
809769142,2026-07-02,29028423239,257838749,257838749,data/raw/country_code=id/dataset=product_categories/shop_id=809769142/product_categories.csv,604,id,product_categories,809769142,id,29028423239.0,257838749.0,257838749.0
809769142,2026-07-02,29430013001,257838749,257838749,data/raw/country_code=id/dataset=product_categories/shop_id=809769142/product_categories.csv,605,id,product_categories,809769142,id,29430013001.0,257838749.0,257838749.0
809769142,2026-07-02,22355348169,257838749,257838749,data/raw/country_code=id/dataset=product_categories/shop_id=809769142/product_categories.csv,606,id,product_categories,809769142,id,22355348169.0,257838749.0,257838749.0
809769142,2026-07-02,19691541572,257838749,257838749,data/raw/country_code=id/dataset=product_categories/shop_id=809769142/product_categories.csv,607,id,product_categories,809769142,id,19691541572.0,257838749.0,257838749.0
809769142,2026-07-02,41500309150,257838749,257838749,data/raw/country_code=id/dataset=product_categories/shop_id=809769142/product_categories.csv,608,id,product_categories,809769142,id,41500309150.0,257838749.0,257838749.0
809769142,2026-07-02,26617444732,257838749,257838749,data/raw/country_code=id/dataset=product_categories/shop_id=809769142/product_categories.csv,609,id,product_categories,809769142,id,26617444732.0,257838749.0,257838749.0
809769142,2026-07-02,29372960469,257838749,257838749,data/raw/country_code=id/dataset=product_categories/shop_id=809769142/product_categories.csv,610,id,product_categories,809769142,id,29372960469.0,257838749.0,257838749.0
809769142,2026-07-02,27810365257,257838749,257838749,data/raw/country_code=id/dataset=product_categories/shop_id=809769142/product_categories.csv,611,id,product_categories,809769142,id,27810365257.0,257838749.0,257838749.0
809769142,2026-07-02,24442098701,257838930,257838930,data/raw/country_code=id/dataset=product_categories/shop_id=809769142/product_categories.csv,612,id,product_categories,809769142,id,24442098701.0,257838930.0,257838930.0
809769142,2026-07-02,20636165691,257838930,257838930,data/raw/country_code=id/dataset=product_categories/shop_id=809769142/product_categories.csv,613,id,product_categories,809769142,id,20636165691.0,257838930.0,257838930.0
809769142,2026-07-02,29870133400,257838930,257838930,data/raw/country_code=id/dataset=product_categories/shop_id=809769142/product_categories.csv,614,id,product_categories,809769142,id,29870133400.0,257838930.0,257838930.0
809769142,2026-07-02,26777568629,257838930,257838930,data/raw/country_code=id/dataset=product_categories/shop_id=809769142/product_categories.csv,615,id,product_categories,809769142,id,26777568629.0,257838930.0,257838930.0
809769142,2026-07-02,20229171522,257838930,257838930,data/raw/country_code=id/dataset=product_categories/shop_id=809769142/product_categories.csv,616,id,product_categories,809769142,id,20229171522.0,257838930.0,257838930.0
809769142,2026-07-02,29430013001,257838930,257838930,data/raw/country_code=id/dataset=product_categories/shop_id=809769142/product_categories.csv,617,id,product_categories,809769142,id,29430013001.0,257838930.0,257838930.0
809769142,2026-07-02,27580011874,257838930,257838930,data/raw/country_code=id/dataset=product_categories/shop_id=809769142/product_categories.csv,618,id,product_categories,809769142,id,27580011874.0,257838930.0,257838930.0
809769142,2026-07-02,27160062024,257838930,257838930,data/raw/country_code=id/dataset=product_categories/shop_id=809769142/product_categories.csv,619,id,product_categories,809769142,id,27160062024.0,257838930.0,257838930.0
809769142,2026-07-02,27408030377,257838986,257838986,data/raw/country_code=id/dataset=product_categories/shop_id=809769142/product_categories.csv,620,id,product_categories,809769142,id,27408030377.0,257838986.0,257838986.0
809769142,2026-07-02,25439085414,257838986,257838986,data/raw/country_code=id/dataset=product_categories/shop_id=809769142/product_categories.csv,621,id,product_categories,809769142,id,25439085414.0,257838986.0,257838986.0
809769142,2026-07-02,29954788720,257838986,257838986,data/raw/country_code=id/dataset=product_categories/shop_id=809769142/product_categories.csv,622,id,product_categories,809769142,id,29954788720.0,257838986.0,257838986.0
809769142,2026-07-02,26617444732,257838986,257838986,data/raw/country_code=id/dataset=product_categories/shop_id=809769142/product_categories.csv,623,id,product_categories,809769142,id,26617444732.0,257838986.0,257838986.0
809769142,2026-07-02,29372960469,257838986,257838986,data/raw/country_code=id/dataset=product_categories/shop_id=809769142/product_categories.csv,624,id,product_categories,809769142,id,29372960469.0,257838986.0,257838986.0
809769142,2026-07-02,25564103539,257838986,257838986,data/raw/country_code=id/dataset=product_categories/shop_id=809769142/product_categories.csv,625,id,product_categories,809769142,id,25564103539.0,257838986.0,257838986.0
809769142,2026-07-02,18083979760,257839010,257839010,data/raw/country_code=id/dataset=product_categories/shop_id=809769142/product_categories.csv,626,id,product_categories,809769142,id,18083979760.0,257839010.0,257839010.0
809769142,2026-07-02,29028423239,257839010,257839010,data/raw/country_code=id/dataset=product_categories/shop_id=809769142/product_categories.csv,627,id,product_categories,809769142,id,29028423239.0,257839010.0,257839010.0
809769142,2026-07-02,20282626747,257839010,257839010,data/raw/country_code=id/dataset=product_categories/shop_id=809769142/product_categories.csv,628,id,product_categories,809769142,id,20282626747.0,257839010.0,257839010.0
809769142,2026-07-02,26704788256,257839147,257839147,data/raw/country_code=id/dataset=product_categories/shop_id=809769142/product_categories.csv,629,id,product_categories,809769142,id,26704788256.0,257839147.0,257839147.0
809769142,2026-07-02,29317152516,257839147,257839147,data/raw/country_code=id/dataset=product_categories/shop_id=809769142/product_categories.csv,630,id,product_categories,809769142,id,29317152516.0,257839147.0,257839147.0
809769142,2026-07-02,29270135197,257839147,257839147,data/raw/country_code=id/dataset=product_categories/shop_id=809769142/product_categories.csv,631,id,product_categories,809769142,id,29270135197.0,257839147.0,257839147.0
809769142,2026-07-02,21429166155,257839147,257839147,data/raw/country_code=id/dataset=product_categories/shop_id=809769142/product_categories.csv,632,id,product_categories,809769142,id,21429166155.0,257839147.0,257839147.0
809769142,2026-07-02,27455737082,257839147,257839147,data/raw/country_code=id/dataset=product_categories/shop_id=809769142/product_categories.csv,633,id,product_categories,809769142,id,27455737082.0,257839147.0,257839147.0
809769142,2026-07-02,41901683742,257839147,257839147,data/raw/country_code=id/dataset=product_categories/shop_id=809769142/product_categories.csv,634,id,product_categories,809769142,id,41901683742.0,257839147.0,257839147.0
809769142,2026-07-02,23668056941,257839147,257839147,data/raw/country_code=id/dataset=product_categories/shop_id=809769142/product_categories.csv,635,id,product_categories,809769142,id,23668056941.0,257839147.0,257839147.0
809769142,2026-07-02,27938088991,257839147,257839147,data/raw/country_code=id/dataset=product_categories/shop_id=809769142/product_categories.csv,636,id,product_categories,809769142,id,27938088991.0,257839147.0,257839147.0
809769142,2026-07-02,18584356032,257839147,257839147,data/raw/country_code=id/dataset=product_categories/shop_id=809769142/product_categories.csv,637,id,product_categories,809769142,id,18584356032.0,257839147.0,257839147.0
809769142,2026-07-02,18024029084,257839147,257839147,data/raw/country_code=id/dataset=product_categories/shop_id=809769142/product_categories.csv,638,id,product_categories,809769142,id,18024029084.0,257839147.0,257839147.0
809769142,2026-07-02,40064375511,257839147,257839147,data/raw/country_code=id/dataset=product_categories/shop_id=809769142/product_categories.csv,639,id,product_categories,809769142,id,40064375511.0,257839147.0,257839147.0
809769142,2026-07-02,24443458397,257839147,257839147,data/raw/country_code=id/dataset=product_categories/shop_id=809769142/product_categories.csv,640,id,product_categories,809769142,id,24443458397.0,257839147.0,257839147.0
809769142,2026-07-02,22873282452,257839147,257839147,data/raw/country_code=id/dataset=product_categories/shop_id=809769142/product_categories.csv,641,id,product_categories,809769142,id,22873282452.0,257839147.0,257839147.0
809769142,2026-07-02,25090328302,257839147,257839147,data/raw/country_code=id/dataset=product_categories/shop_id=809769142/product_categories.csv,642,id,product_categories,809769142,id,25090328302.0,257839147.0,257839147.0
809769142,2026-07-02,24742813269,257839147,257839147,data/raw/country_code=id/dataset=product_categories/shop_id=809769142/product_categories.csv,643,id,product_categories,809769142,id,24742813269.0,257839147.0,257839147.0
809769142,2026-07-02,24192367557,257839180,257839180,data/raw/country_code=id/dataset=product_categories/shop_id=809769142/product_categories.csv,644,id,product_categories,809769142,id,24192367557.0,257839180.0,257839180.0
809769142,2026-07-02,27408030377,257839180,257839180,data/raw/country_code=id/dataset=product_categories/shop_id=809769142/product_categories.csv,645,id,product_categories,809769142,id,27408030377.0,257839180.0,257839180.0
809769142,2026-07-02,20636165691,257839180,257839180,data/raw/country_code=id/dataset=product_categories/shop_id=809769142/product_categories.csv,646,id,product_categories,809769142,id,20636165691.0,257839180.0,257839180.0
809769142,2026-07-02,28030007092,257839180,257839180,data/raw/country_code=id/dataset=product_categories/shop_id=809769142/product_categories.csv,647,id,product_categories,809769142,id,28030007092.0,257839180.0,257839180.0
809769142,2026-07-02,23856176929,257839180,257839180,data/raw/country_code=id/dataset=product_categories/shop_id=809769142/product_categories.csv,648,id,product_categories,809769142,id,23856176929.0,257839180.0,257839180.0
809769142,2026-07-02,21729164441,257839180,257839180,data/raw/country_code=id/dataset=product_categories/shop_id=809769142/product_categories.csv,649,id,product_categories,809769142,id,21729164441.0,257839180.0,257839180.0
809769142,2026-07-02,44429096395,258831358,258831358,data/raw/country_code=id/dataset=product_categories/shop_id=809769142/product_categories.csv,650,id,product_categories,809769142,id,44429096395.0,258831358.0,258831358.0
809769142,2026-07-02,50406870682,258831358,258831358,data/raw/country_code=id/dataset=product_categories/shop_id=809769142/product_categories.csv,651,id,product_categories,809769142,id,50406870682.0,258831358.0,258831358.0
809769142,2026-07-02,40781619061,258831358,258831358,data/raw/country_code=id/dataset=product_categories/shop_id=809769142/product_categories.csv,652,id,product_categories,809769142,id,40781619061.0,258831358.0,258831358.0
809769142,2026-07-02,52610001656,258831358,258831358,data/raw/country_code=id/dataset=product_categories/shop_id=809769142/product_categories.csv,653,id,product_categories,809769142,id,52610001656.0,258831358.0,258831358.0
809769142,2026-07-02,49662627211,258831358,258831358,data/raw/country_code=id/dataset=product_categories/shop_id=809769142/product_categories.csv,654,id,product_categories,809769142,id,49662627211.0,258831358.0,258831358.0
809769142,2026-07-02,55460830635,258831358,258831358,data/raw/country_code=id/dataset=product_categories/shop_id=809769142/product_categories.csv,655,id,product_categories,809769142,id,55460830635.0,258831358.0,258831358.0
809769142,2026-07-02,48059253956,258831358,258831358,data/raw/country_code=id/dataset=product_categories/shop_id=809769142/product_categories.csv,656,id,product_categories,809769142,id,48059253956.0,258831358.0,258831358.0
809769142,2026-07-02,29144828706,258831358,258831358,data/raw/country_code=id/dataset=product_categories/shop_id=809769142/product_categories.csv,657,id,product_categories,809769142,id,29144828706.0,258831358.0,258831358.0
809769142,2026-07-02,49506878130,258831358,258831358,data/raw/country_code=id/dataset=product_categories/shop_id=809769142/product_categories.csv,658,id,product_categories,809769142,id,49506878130.0,258831358.0,258831358.0
809769142,2026-07-02,48860851679,258831358,258831358,data/raw/country_code=id/dataset=product_categories/shop_id=809769142/product_categories.csv,659,id,product_categories,809769142,id,48860851679.0,258831358.0,258831358.0
809769142,2026-07-02,49506878130,264958058,264958058,data/raw/country_code=id/dataset=product_categories/shop_id=809769142/product_categories.csv,660,id,product_categories,809769142,id,49506878130.0,264958058.0,264958058.0
809769142,2026-07-02,40978051346,267026251,267026251,data/raw/country_code=id/dataset=product_categories/shop_id=809769142/product_categories.csv,661,id,product_categories,809769142,id,40978051346.0,267026251.0,267026251.0
809769142,2026-07-02,44328247175,267026251,267026251,data/raw/country_code=id/dataset=product_categories/shop_id=809769142/product_categories.csv,662,id,product_categories,809769142,id,44328247175.0,267026251.0,267026251.0
809769142,2026-07-02,50406870682,270321805,270321805,data/raw/country_code=id/dataset=product_categories/shop_id=809769142/product_categories.csv,663,id,product_categories,809769142,id,50406870682.0,270321805.0,270321805.0
809769142,2026-07-02,44429096395,270440245,270440245,data/raw/country_code=id/dataset=product_categories/shop_id=809769142/product_categories.csv,664,id,product_categories,809769142,id,44429096395.0,270440245.0,270440245.0
809769142,2026-07-02,52610001656,271131649,271131649,data/raw/country_code=id/dataset=product_categories/shop_id=809769142/product_categories.csv,665,id,product_categories,809769142,id,52610001656.0,271131649.0,271131649.0
809769142,2026-07-02,48059253956,271501514,271501514,data/raw/country_code=id/dataset=product_categories/shop_id=809769142/product_categories.csv,666,id,product_categories,809769142,id,48059253956.0,271501514.0,271501514.0
809769142,2026-07-02,48752787269,272184674,272184674,data/raw/country_code=id/dataset=product_categories/shop_id=809769142/product_categories.csv,667,id,product_categories,809769142,id,48752787269.0,272184674.0,272184674.0
809769142,2026-07-02,52610001656,272184674,272184674,data/raw/country_code=id/dataset=product_categories/shop_id=809769142/product_categories.csv,668,id,product_categories,809769142,id,52610001656.0,272184674.0,272184674.0
809769142,2026-07-02,43360906112,272184674,272184674,data/raw/country_code=id/dataset=product_categories/shop_id=809769142/product_categories.csv,669,id,product_categories,809769142,id,43360906112.0,272184674.0,272184674.0
809769142,2026-07-02,24577552378,272184674,272184674,data/raw/country_code=id/dataset=product_categories/shop_id=809769142/product_categories.csv,670,id,product_categories,809769142,id,24577552378.0,272184674.0,272184674.0
809769142,2026-07-02,29144828706,272508058,272508058,data/raw/country_code=id/dataset=product_categories/shop_id=809769142/product_categories.csv,671,id,product_categories,809769142,id,29144828706.0,272508058.0,272508058.0
809769142,2026-07-02,40781619061,272855576,272855576,data/raw/country_code=id/dataset=product_categories/shop_id=809769142/product_categories.csv,672,id,product_categories,809769142,id,40781619061.0,272855576.0,272855576.0
809769142,2026-07-02,55460830635,272855576,272855576,data/raw/country_code=id/dataset=product_categories/shop_id=809769142/product_categories.csv,673,id,product_categories,809769142,id,55460830635.0,272855576.0,272855576.0
809769142,2026-07-02,48860851679,272855607,272855607,data/raw/country_code=id/dataset=product_categories/shop_id=809769142/product_categories.csv,674,id,product_categories,809769142,id,48860851679.0,272855607.0,272855607.0
809769142,2026-07-02,49662627211,273791880,273791880,data/raw/country_code=id/dataset=product_categories/shop_id=809769142/product_categories.csv,675,id,product_categories,809769142,id,49662627211.0,273791880.0,273791880.0
809769142,2026-07-03,29317152516,257838398,257838398,data/raw/country_code=id/dataset=product_categories/shop_id=809769142/product_categories.csv,676,id,product_categories,809769142,id,29317152516.0,257838398.0,257838398.0
809769142,2026-07-03,26704788256,257838398,257838398,data/raw/country_code=id/dataset=product_categories/shop_id=809769142/product_categories.csv,677,id,product_categories,809769142,id,26704788256.0,257838398.0,257838398.0
809769142,2026-07-03,44050582778,257838398,257838398,data/raw/country_code=id/dataset=product_categories/shop_id=809769142/product_categories.csv,678,id,product_categories,809769142,id,44050582778.0,257838398.0,257838398.0
809769142,2026-07-03,27455737082,257838398,257838398,data/raw/country_code=id/dataset=product_categories/shop_id=809769142/product_categories.csv,679,id,product_categories,809769142,id,27455737082.0,257838398.0,257838398.0
809769142,2026-07-03,27408030377,257838398,257838398,data/raw/country_code=id/dataset=product_categories/shop_id=809769142/product_categories.csv,680,id,product_categories,809769142,id,27408030377.0,257838398.0,257838398.0
809769142,2026-07-03,28376448249,257838398,257838398,data/raw/country_code=id/dataset=product_categories/shop_id=809769142/product_categories.csv,681,id,product_categories,809769142,id,28376448249.0,257838398.0,257838398.0
809769142,2026-07-03,18584356032,257838398,257838398,data/raw/country_code=id/dataset=product_categories/shop_id=809769142/product_categories.csv,682,id,product_categories,809769142,id,18584356032.0,257838398.0,257838398.0
809769142,2026-07-03,20636165691,257838398,257838398,data/raw/country_code=id/dataset=product_categories/shop_id=809769142/product_categories.csv,683,id,product_categories,809769142,id,20636165691.0,257838398.0,257838398.0
809769142,2026-07-03,16797836904,257838398,257838398,data/raw/country_code=id/dataset=product_categories/shop_id=809769142/product_categories.csv,684,id,product_categories,809769142,id,16797836904.0,257838398.0,257838398.0
809769142,2026-07-03,23668056941,257838398,257838398,data/raw/country_code=id/dataset=product_categories/shop_id=809769142/product_categories.csv,685,id,product_categories,809769142,id,23668056941.0,257838398.0,257838398.0
809769142,2026-07-03,29905930406,257838398,257838398,data/raw/country_code=id/dataset=product_categories/shop_id=809769142/product_categories.csv,686,id,product_categories,809769142,id,29905930406.0,257838398.0,257838398.0
809769142,2026-07-03,19691541572,257838398,257838398,data/raw/country_code=id/dataset=product_categories/shop_id=809769142/product_categories.csv,687,id,product_categories,809769142,id,19691541572.0,257838398.0,257838398.0
809769142,2026-07-03,21829166888,257838398,257838398,data/raw/country_code=id/dataset=product_categories/shop_id=809769142/product_categories.csv,688,id,product_categories,809769142,id,21829166888.0,257838398.0,257838398.0
809769142,2026-07-03,22355348169,257838398,257838398,data/raw/country_code=id/dataset=product_categories/shop_id=809769142/product_categories.csv,689,id,product_categories,809769142,id,22355348169.0,257838398.0,257838398.0
809769142,2026-07-03,20229171522,257838398,257838398,data/raw/country_code=id/dataset=product_categories/shop_id=809769142/product_categories.csv,690,id,product_categories,809769142,id,20229171522.0,257838398.0,257838398.0
809769142,2026-07-03,24577552378,257838398,257838398,data/raw/country_code=id/dataset=product_categories/shop_id=809769142/product_categories.csv,691,id,product_categories,809769142,id,24577552378.0,257838398.0,257838398.0
809769142,2026-07-03,25614268730,257838398,257838398,data/raw/country_code=id/dataset=product_categories/shop_id=809769142/product_categories.csv,692,id,product_categories,809769142,id,25614268730.0,257838398.0,257838398.0
809769142,2026-07-03,29954788720,257838398,257838398,data/raw/country_code=id/dataset=product_categories/shop_id=809769142/product_categories.csv,693,id,product_categories,809769142,id,29954788720.0,257838398.0,257838398.0
809769142,2026-07-03,26617444732,257838398,257838398,data/raw/country_code=id/dataset=product_categories/shop_id=809769142/product_categories.csv,694,id,product_categories,809769142,id,26617444732.0,257838398.0,257838398.0
809769142,2026-07-03,29372960469,257838398,257838398,data/raw/country_code=id/dataset=product_categories/shop_id=809769142/product_categories.csv,695,id,product_categories,809769142,id,29372960469.0,257838398.0,257838398.0
809769142,2026-07-03,27810365257,257838398,257838398,data/raw/country_code=id/dataset=product_categories/shop_id=809769142/product_categories.csv,696,id,product_categories,809769142,id,27810365257.0,257838398.0,257838398.0
809769142,2026-07-03,27383676128,257838398,257838398,data/raw/country_code=id/dataset=product_categories/shop_id=809769142/product_categories.csv,697,id,product_categories,809769142,id,27383676128.0,257838398.0,257838398.0
809769142,2026-07-03,25090328302,257838398,257838398,data/raw/country_code=id/dataset=product_categories/shop_id=809769142/product_categories.csv,698,id,product_categories,809769142,id,25090328302.0,257838398.0,257838398.0
809769142,2026-07-03,29028423239,257838398,257838398,data/raw/country_code=id/dataset=product_categories/shop_id=809769142/product_categories.csv,699,id,product_categories,809769142,id,29028423239.0,257838398.0,257838398.0
809769142,2026-07-03,29430013001,257838398,257838398,data/raw/country_code=id/dataset=product_categories/shop_id=809769142/product_categories.csv,700,id,product_categories,809769142,id,29430013001.0,257838398.0,257838398.0
809769142,2026-07-03,29572980090,257838398,257838398,data/raw/country_code=id/dataset=product_categories/shop_id=809769142/product_categories.csv,701,id,product_categories,809769142,id,29572980090.0,257838398.0,257838398.0
809769142,2026-07-03,29317152516,257838433,257838433,data/raw/country_code=id/dataset=product_categories/shop_id=809769142/product_categories.csv,702,id,product_categories,809769142,id,29317152516.0,257838433.0,257838433.0
809769142,2026-07-03,29131802740,257838433,257838433,data/raw/country_code=id/dataset=product_categories/shop_id=809769142/product_categories.csv,703,id,product_categories,809769142,id,29131802740.0,257838433.0,257838433.0
809769142,2026-07-03,43375172010,257838433,257838433,data/raw/country_code=id/dataset=product_categories/shop_id=809769142/product_categories.csv,704,id,product_categories,809769142,id,43375172010.0,257838433.0,257838433.0
809769142,2026-07-03,52150640468,257838433,257838433,data/raw/country_code=id/dataset=product_categories/shop_id=809769142/product_categories.csv,705,id,product_categories,809769142,id,52150640468.0,257838433.0,257838433.0
809769142,2026-07-03,26704788256,257838433,257838433,data/raw/country_code=id/dataset=product_categories/shop_id=809769142/product_categories.csv,706,id,product_categories,809769142,id,26704788256.0,257838433.0,257838433.0
809769142,2026-07-03,55150606338,257838433,257838433,data/raw/country_code=id/dataset=product_categories/shop_id=809769142/product_categories.csv,707,id,product_categories,809769142,id,55150606338.0,257838433.0,257838433.0
809769142,2026-07-03,25439085414,257838433,257838433,data/raw/country_code=id/dataset=product_categories/shop_id=809769142/product_categories.csv,708,id,product_categories,809769142,id,25439085414.0,257838433.0,257838433.0
809769142,2026-07-03,51450958596,257838433,257838433,data/raw/country_code=id/dataset=product_categories/shop_id=809769142/product_categories.csv,709,id,product_categories,809769142,id,51450958596.0,257838433.0,257838433.0
809769142,2026-07-03,24442098701,257838433,257838433,data/raw/country_code=id/dataset=product_categories/shop_id=809769142/product_categories.csv,710,id,product_categories,809769142,id,24442098701.0,257838433.0,257838433.0
809769142,2026-07-03,29490268069,257838433,257838433,data/raw/country_code=id/dataset=product_categories/shop_id=809769142/product_categories.csv,711,id,product_categories,809769142,id,29490268069.0,257838433.0,257838433.0
809769142,2026-07-03,24192367557,257838433,257838433,data/raw/country_code=id/dataset=product_categories/shop_id=809769142/product_categories.csv,712,id,product_categories,809769142,id,24192367557.0,257838433.0,257838433.0
809769142,2026-07-03,23457178413,257838433,257838433,data/raw/country_code=id/dataset=product_categories/shop_id=809769142/product_categories.csv,713,id,product_categories,809769142,id,23457178413.0,257838433.0,257838433.0
809769142,2026-07-03,40619026889,257838433,257838433,data/raw/country_code=id/dataset=product_categories/shop_id=809769142/product_categories.csv,714,id,product_categories,809769142,id,40619026889.0,257838433.0,257838433.0
809769142,2026-07-03,29826448226,257838433,257838433,data/raw/country_code=id/dataset=product_categories/shop_id=809769142/product_categories.csv,715,id,product_categories,809769142,id,29826448226.0,257838433.0,257838433.0
809769142,2026-07-03,21429166155,257838433,257838433,data/raw/country_code=id/dataset=product_categories/shop_id=809769142/product_categories.csv,716,id,product_categories,809769142,id,21429166155.0,257838433.0,257838433.0
809769142,2026-07-03,54800619577,257838433,257838433,data/raw/country_code=id/dataset=product_categories/shop_id=809769142/product_categories.csv,717,id,product_categories,809769142,id,54800619577.0,257838433.0,257838433.0
809769142,2026-07-03,18024029084,257838433,257838433,data/raw/country_code=id/dataset=product_categories/shop_id=809769142/product_categories.csv,718,id,product_categories,809769142,id,18024029084.0,257838433.0,257838433.0
809769142,2026-07-03,26341558563,257838433,257838433,data/raw/country_code=id/dataset=product_categories/shop_id=809769142/product_categories.csv,719,id,product_categories,809769142,id,26341558563.0,257838433.0,257838433.0
809769142,2026-07-03,23856176929,257838433,257838433,data/raw/country_code=id/dataset=product_categories/shop_id=809769142/product_categories.csv,720,id,product_categories,809769142,id,23856176929.0,257838433.0,257838433.0
809769142,2026-07-03,43226040976,257838433,257838433,data/raw/country_code=id/dataset=product_categories/shop_id=809769142/product_categories.csv,721,id,product_categories,809769142,id,43226040976.0,257838433.0,257838433.0
809769142,2026-07-03,28426633621,257838433,257838433,data/raw/country_code=id/dataset=product_categories/shop_id=809769142/product_categories.csv,722,id,product_categories,809769142,id,28426633621.0,257838433.0,257838433.0
809769142,2026-07-03,26777568629,257838433,257838433,data/raw/country_code=id/dataset=product_categories/shop_id=809769142/product_categories.csv,723,id,product_categories,809769142,id,26777568629.0,257838433.0,257838433.0
809769142,2026-07-03,22853217492,257838433,257838433,data/raw/country_code=id/dataset=product_categories/shop_id=809769142/product_categories.csv,724,id,product_categories,809769142,id,22853217492.0,257838433.0,257838433.0
809769142,2026-07-03,27580011874,257838433,257838433,data/raw/country_code=id/dataset=product_categories/shop_id=809769142/product_categories.csv,725,id,product_categories,809769142,id,27580011874.0,257838433.0,257838433.0
809769142,2026-07-03,29601433725,257838433,257838433,data/raw/country_code=id/dataset=product_categories/shop_id=809769142/product_categories.csv,726,id,product_categories,809769142,id,29601433725.0,257838433.0,257838433.0
809769142,2026-07-03,22873282452,257838433,257838433,data/raw/country_code=id/dataset=product_categories/shop_id=809769142/product_categories.csv,727,id,product_categories,809769142,id,22873282452.0,257838433.0,257838433.0
809769142,2026-07-03,24704461451,257838433,257838433,data/raw/country_code=id/dataset=product_categories/shop_id=809769142/product_categories.csv,728,id,product_categories,809769142,id,24704461451.0,257838433.0,257838433.0
809769142,2026-07-03,44164974080,257838433,257838433,data/raw/country_code=id/dataset=product_categories/shop_id=809769142/product_categories.csv,729,id,product_categories,809769142,id,44164974080.0,257838433.0,257838433.0
809769142,2026-07-03,24597552858,257838433,257838433,data/raw/country_code=id/dataset=product_categories/shop_id=809769142/product_categories.csv,730,id,product_categories,809769142,id,24597552858.0,257838433.0,257838433.0
809769142,2026-07-03,40064375511,257838433,257838433,data/raw/country_code=id/dataset=product_categories/shop_id=809769142/product_categories.csv,731,id,product_categories,809769142,id,40064375511.0,257838433.0,257838433.0
809769142,2026-07-03,27455737082,257838433,257838433,data/raw/country_code=id/dataset=product_categories/shop_id=809769142/product_categories.csv,732,id,product_categories,809769142,id,27455737082.0,257838433.0,257838433.0
809769142,2026-07-03,27408030377,257838433,257838433,data/raw/country_code=id/dataset=product_categories/shop_id=809769142/product_categories.csv,733,id,product_categories,809769142,id,27408030377.0,257838433.0,257838433.0
809769142,2026-07-03,28376448249,257838433,257838433,data/raw/country_code=id/dataset=product_categories/shop_id=809769142/product_categories.csv,734,id,product_categories,809769142,id,28376448249.0,257838433.0,257838433.0
809769142,2026-07-03,50802739806,257838433,257838433,data/raw/country_code=id/dataset=product_categories/shop_id=809769142/product_categories.csv,735,id,product_categories,809769142,id,50802739806.0,257838433.0,257838433.0
809769142,2026-07-03,24443458397,257838433,257838433,data/raw/country_code=id/dataset=product_categories/shop_id=809769142/product_categories.csv,736,id,product_categories,809769142,id,24443458397.0,257838433.0,257838433.0
809769142,2026-07-03,42358562447,257838433,257838433,data/raw/country_code=id/dataset=product_categories/shop_id=809769142/product_categories.csv,737,id,product_categories,809769142,id,42358562447.0,257838433.0,257838433.0
809769142,2026-07-03,43514974352,257838433,257838433,data/raw/country_code=id/dataset=product_categories/shop_id=809769142/product_categories.csv,738,id,product_categories,809769142,id,43514974352.0,257838433.0,257838433.0
809769142,2026-07-03,18584356032,257838433,257838433,data/raw/country_code=id/dataset=product_categories/shop_id=809769142/product_categories.csv,739,id,product_categories,809769142,id,18584356032.0,257838433.0,257838433.0
809769142,2026-07-03,44429096395,257838433,257838433,data/raw/country_code=id/dataset=product_categories/shop_id=809769142/product_categories.csv,740,id,product_categories,809769142,id,44429096395.0,257838433.0,257838433.0
809769142,2026-07-03,20636165691,257838433,257838433,data/raw/country_code=id/dataset=product_categories/shop_id=809769142/product_categories.csv,741,id,product_categories,809769142,id,20636165691.0,257838433.0,257838433.0
809769142,2026-07-03,40253957457,257838433,257838433,data/raw/country_code=id/dataset=product_categories/shop_id=809769142/product_categories.csv,742,id,product_categories,809769142,id,40253957457.0,257838433.0,257838433.0
809769142,2026-07-03,16797836904,257838433,257838433,data/raw/country_code=id/dataset=product_categories/shop_id=809769142/product_categories.csv,743,id,product_categories,809769142,id,16797836904.0,257838433.0,257838433.0
809769142,2026-07-03,50406870682,257838433,257838433,data/raw/country_code=id/dataset=product_categories/shop_id=809769142/product_categories.csv,744,id,product_categories,809769142,id,50406870682.0,257838433.0,257838433.0
809769142,2026-07-03,49506878130,257838433,257838433,data/raw/country_code=id/dataset=product_categories/shop_id=809769142/product_categories.csv,745,id,product_categories,809769142,id,49506878130.0,257838433.0,257838433.0
809769142,2026-07-03,18083979760,257838433,257838433,data/raw/country_code=id/dataset=product_categories/shop_id=809769142/product_categories.csv,746,id,product_categories,809769142,id,18083979760.0,257838433.0,257838433.0
809769142,2026-07-03,28293199566,257838433,257838433,data/raw/country_code=id/dataset=product_categories/shop_id=809769142/product_categories.csv,747,id,product_categories,809769142,id,28293199566.0,257838433.0,257838433.0
809769142,2026-07-03,23668056941,257838433,257838433,data/raw/country_code=id/dataset=product_categories/shop_id=809769142/product_categories.csv,748,id,product_categories,809769142,id,23668056941.0,257838433.0,257838433.0
809769142,2026-07-03,21729164441,257838433,257838433,data/raw/country_code=id/dataset=product_categories/shop_id=809769142/product_categories.csv,749,id,product_categories,809769142,id,21729164441.0,257838433.0,257838433.0
809769142,2026-07-03,19691541572,257838433,257838433,data/raw/country_code=id/dataset=product_categories/shop_id=809769142/product_categories.csv,750,id,product_categories,809769142,id,19691541572.0,257838433.0,257838433.0
809769142,2026-07-03,21829166888,257838433,257838433,data/raw/country_code=id/dataset=product_categories/shop_id=809769142/product_categories.csv,751,id,product_categories,809769142,id,21829166888.0,257838433.0,257838433.0
809769142,2026-07-03,22355348169,257838433,257838433,data/raw/country_code=id/dataset=product_categories/shop_id=809769142/product_categories.csv,752,id,product_categories,809769142,id,22355348169.0,257838433.0,257838433.0
809769142,2026-07-03,20229171522,257838433,257838433,data/raw/country_code=id/dataset=product_categories/shop_id=809769142/product_categories.csv,753,id,product_categories,809769142,id,20229171522.0,257838433.0,257838433.0
809769142,2026-07-03,10599605978,257838433,257838433,data/raw/country_code=id/dataset=product_categories/shop_id=809769142/product_categories.csv,754,id,product_categories,809769142,id,10599605978.0,257838433.0,257838433.0
809769142,2026-07-03,20282626747,257838433,257838433,data/raw/country_code=id/dataset=product_categories/shop_id=809769142/product_categories.csv,755,id,product_categories,809769142,id,20282626747.0,257838433.0,257838433.0
809769142,2026-07-03,42464292818,257838433,257838433,data/raw/country_code=id/dataset=product_categories/shop_id=809769142/product_categories.csv,756,id,product_categories,809769142,id,42464292818.0,257838433.0,257838433.0
809769142,2026-07-03,41101567247,257838433,257838433,data/raw/country_code=id/dataset=product_categories/shop_id=809769142/product_categories.csv,757,id,product_categories,809769142,id,41101567247.0,257838433.0,257838433.0
809769142,2026-07-03,41500309150,257838433,257838433,data/raw/country_code=id/dataset=product_categories/shop_id=809769142/product_categories.csv,758,id,product_categories,809769142,id,41500309150.0,257838433.0,257838433.0
809769142,2026-07-03,51702755108,257838433,257838433,data/raw/country_code=id/dataset=product_categories/shop_id=809769142/product_categories.csv,759,id,product_categories,809769142,id,51702755108.0,257838433.0,257838433.0
809769142,2026-07-03,45151558561,257838433,257838433,data/raw/country_code=id/dataset=product_categories/shop_id=809769142/product_categories.csv,760,id,product_categories,809769142,id,45151558561.0,257838433.0,257838433.0
809769142,2026-07-03,29954788720,257838433,257838433,data/raw/country_code=id/dataset=product_categories/shop_id=809769142/product_categories.csv,761,id,product_categories,809769142,id,29954788720.0,257838433.0,257838433.0
809769142,2026-07-03,26617444732,257838433,257838433,data/raw/country_code=id/dataset=product_categories/shop_id=809769142/product_categories.csv,762,id,product_categories,809769142,id,26617444732.0,257838433.0,257838433.0
809769142,2026-07-03,57903895781,257838433,257838433,data/raw/country_code=id/dataset=product_categories/shop_id=809769142/product_categories.csv,763,id,product_categories,809769142,id,57903895781.0,257838433.0,257838433.0
809769142,2026-07-03,29372960469,257838433,257838433,data/raw/country_code=id/dataset=product_categories/shop_id=809769142/product_categories.csv,764,id,product_categories,809769142,id,29372960469.0,257838433.0,257838433.0
809769142,2026-07-03,27810365257,257838433,257838433,data/raw/country_code=id/dataset=product_categories/shop_id=809769142/product_categories.csv,765,id,product_categories,809769142,id,27810365257.0,257838433.0,257838433.0
809769142,2026-07-03,43564342526,257838433,257838433,data/raw/country_code=id/dataset=product_categories/shop_id=809769142/product_categories.csv,766,id,product_categories,809769142,id,43564342526.0,257838433.0,257838433.0
809769142,2026-07-03,19793942236,257838433,257838433,data/raw/country_code=id/dataset=product_categories/shop_id=809769142/product_categories.csv,767,id,product_categories,809769142,id,19793942236.0,257838433.0,257838433.0
809769142,2026-07-03,48059253956,257838433,257838433,data/raw/country_code=id/dataset=product_categories/shop_id=809769142/product_categories.csv,768,id,product_categories,809769142,id,48059253956.0,257838433.0,257838433.0
809769142,2026-07-03,25090328302,257838433,257838433,data/raw/country_code=id/dataset=product_categories/shop_id=809769142/product_categories.csv,769,id,product_categories,809769142,id,25090328302.0,257838433.0,257838433.0
809769142,2026-07-03,24742813269,257838433,257838433,data/raw/country_code=id/dataset=product_categories/shop_id=809769142/product_categories.csv,770,id,product_categories,809769142,id,24742813269.0,257838433.0,257838433.0
809769142,2026-07-03,56102197568,257838433,257838433,data/raw/country_code=id/dataset=product_categories/shop_id=809769142/product_categories.csv,771,id,product_categories,809769142,id,56102197568.0,257838433.0,257838433.0
809769142,2026-07-03,40872286136,257838433,257838433,data/raw/country_code=id/dataset=product_categories/shop_id=809769142/product_categories.csv,772,id,product_categories,809769142,id,40872286136.0,257838433.0,257838433.0
809769142,2026-07-03,29028423239,257838433,257838433,data/raw/country_code=id/dataset=product_categories/shop_id=809769142/product_categories.csv,773,id,product_categories,809769142,id,29028423239.0,257838433.0,257838433.0
809769142,2026-07-03,25564103539,257838433,257838433,data/raw/country_code=id/dataset=product_categories/shop_id=809769142/product_categories.csv,774,id,product_categories,809769142,id,25564103539.0,257838433.0,257838433.0
809769142,2026-07-03,28030007092,257838433,257838433,data/raw/country_code=id/dataset=product_categories/shop_id=809769142/product_categories.csv,775,id,product_categories,809769142,id,28030007092.0,257838433.0,257838433.0
809769142,2026-07-03,29430013001,257838433,257838433,data/raw/country_code=id/dataset=product_categories/shop_id=809769142/product_categories.csv,776,id,product_categories,809769142,id,29430013001.0,257838433.0,257838433.0
809769142,2026-07-03,27160062024,257838433,257838433,data/raw/country_code=id/dataset=product_categories/shop_id=809769142/product_categories.csv,777,id,product_categories,809769142,id,27160062024.0,257838433.0,257838433.0
809769142,2026-07-03,29317152516,257838434,257838434,data/raw/country_code=id/dataset=product_categories/shop_id=809769142/product_categories.csv,778,id,product_categories,809769142,id,29317152516.0,257838434.0,257838434.0
809769142,2026-07-03,26704788256,257838434,257838434,data/raw/country_code=id/dataset=product_categories/shop_id=809769142/product_categories.csv,779,id,product_categories,809769142,id,26704788256.0,257838434.0,257838434.0
809769142,2026-07-03,24442098701,257838434,257838434,data/raw/country_code=id/dataset=product_categories/shop_id=809769142/product_categories.csv,780,id,product_categories,809769142,id,24442098701.0,257838434.0,257838434.0
809769142,2026-07-03,44164974080,257838434,257838434,data/raw/country_code=id/dataset=product_categories/shop_id=809769142/product_categories.csv,781,id,product_categories,809769142,id,44164974080.0,257838434.0,257838434.0
809769142,2026-07-03,43514974352,257838434,257838434,data/raw/country_code=id/dataset=product_categories/shop_id=809769142/product_categories.csv,782,id,product_categories,809769142,id,43514974352.0,257838434.0,257838434.0
809769142,2026-07-03,20636165691,257838434,257838434,data/raw/country_code=id/dataset=product_categories/shop_id=809769142/product_categories.csv,783,id,product_categories,809769142,id,20636165691.0,257838434.0,257838434.0
809769142,2026-07-03,49506878130,257838434,257838434,data/raw/country_code=id/dataset=product_categories/shop_id=809769142/product_categories.csv,784,id,product_categories,809769142,id,49506878130.0,257838434.0,257838434.0
809769142,2026-07-03,18083979760,257838434,257838434,data/raw/country_code=id/dataset=product_categories/shop_id=809769142/product_categories.csv,785,id,product_categories,809769142,id,18083979760.0,257838434.0,257838434.0
809769142,2026-07-03,23668056941,257838434,257838434,data/raw/country_code=id/dataset=product_categories/shop_id=809769142/product_categories.csv,786,id,product_categories,809769142,id,23668056941.0,257838434.0,257838434.0
809769142,2026-07-03,19691541572,257838434,257838434,data/raw/country_code=id/dataset=product_categories/shop_id=809769142/product_categories.csv,787,id,product_categories,809769142,id,19691541572.0,257838434.0,257838434.0
809769142,2026-07-03,45151558561,257838434,257838434,data/raw/country_code=id/dataset=product_categories/shop_id=809769142/product_categories.csv,788,id,product_categories,809769142,id,45151558561.0,257838434.0,257838434.0
809769142,2026-07-03,29954788720,257838434,257838434,data/raw/country_code=id/dataset=product_categories/shop_id=809769142/product_categories.csv,789,id,product_categories,809769142,id,29954788720.0,257838434.0,257838434.0
809769142,2026-07-03,21429166155,257838452,257838452,data/raw/country_code=id/dataset=product_categories/shop_id=809769142/product_categories.csv,790,id,product_categories,809769142,id,21429166155.0,257838452.0,257838452.0
809769142,2026-07-03,27408030377,257838452,257838452,data/raw/country_code=id/dataset=product_categories/shop_id=809769142/product_categories.csv,791,id,product_categories,809769142,id,27408030377.0,257838452.0,257838452.0
809769142,2026-07-03,50406870682,257838452,257838452,data/raw/country_code=id/dataset=product_categories/shop_id=809769142/product_categories.csv,792,id,product_categories,809769142,id,50406870682.0,257838452.0,257838452.0
809769142,2026-07-03,21829166888,257838452,257838452,data/raw/country_code=id/dataset=product_categories/shop_id=809769142/product_categories.csv,793,id,product_categories,809769142,id,21829166888.0,257838452.0,257838452.0
809769142,2026-07-03,20282626747,257838452,257838452,data/raw/country_code=id/dataset=product_categories/shop_id=809769142/product_categories.csv,794,id,product_categories,809769142,id,20282626747.0,257838452.0,257838452.0
809769142,2026-07-03,41500309150,257838452,257838452,data/raw/country_code=id/dataset=product_categories/shop_id=809769142/product_categories.csv,795,id,product_categories,809769142,id,41500309150.0,257838452.0,257838452.0
809769142,2026-07-03,25564103539,257838452,257838452,data/raw/country_code=id/dataset=product_categories/shop_id=809769142/product_categories.csv,796,id,product_categories,809769142,id,25564103539.0,257838452.0,257838452.0
809769142,2026-07-03,18024029084,257838475,257838475,data/raw/country_code=id/dataset=product_categories/shop_id=809769142/product_categories.csv,797,id,product_categories,809769142,id,18024029084.0,257838475.0,257838475.0
809769142,2026-07-03,40253957457,257838475,257838475,data/raw/country_code=id/dataset=product_categories/shop_id=809769142/product_categories.csv,798,id,product_categories,809769142,id,40253957457.0,257838475.0,257838475.0
809769142,2026-07-03,21729164441,257838475,257838475,data/raw/country_code=id/dataset=product_categories/shop_id=809769142/product_categories.csv,799,id,product_categories,809769142,id,21729164441.0,257838475.0,257838475.0
809769142,2026-07-03,57903895781,257838475,257838475,data/raw/country_code=id/dataset=product_categories/shop_id=809769142/product_categories.csv,800,id,product_categories,809769142,id,57903895781.0,257838475.0,257838475.0
809769142,2026-07-03,27810365257,257838475,257838475,data/raw/country_code=id/dataset=product_categories/shop_id=809769142/product_categories.csv,801,id,product_categories,809769142,id,27810365257.0,257838475.0,257838475.0
809769142,2026-07-03,27160062024,257838475,257838475,data/raw/country_code=id/dataset=product_categories/shop_id=809769142/product_categories.csv,802,id,product_categories,809769142,id,27160062024.0,257838475.0,257838475.0
809769142,2026-07-03,43375172010,257838481,257838481,data/raw/country_code=id/dataset=product_categories/shop_id=809769142/product_categories.csv,803,id,product_categories,809769142,id,43375172010.0,257838481.0,257838481.0
809769142,2026-07-03,51450958596,257838481,257838481,data/raw/country_code=id/dataset=product_categories/shop_id=809769142/product_categories.csv,804,id,product_categories,809769142,id,51450958596.0,257838481.0,257838481.0
809769142,2026-07-03,29490268069,257838481,257838481,data/raw/country_code=id/dataset=product_categories/shop_id=809769142/product_categories.csv,805,id,product_categories,809769142,id,29490268069.0,257838481.0,257838481.0
809769142,2026-07-03,24192367557,257838481,257838481,data/raw/country_code=id/dataset=product_categories/shop_id=809769142/product_categories.csv,806,id,product_categories,809769142,id,24192367557.0,257838481.0,257838481.0
809769142,2026-07-03,26777568629,257838481,257838481,data/raw/country_code=id/dataset=product_categories/shop_id=809769142/product_categories.csv,807,id,product_categories,809769142,id,26777568629.0,257838481.0,257838481.0
809769142,2026-07-03,24597552858,257838481,257838481,data/raw/country_code=id/dataset=product_categories/shop_id=809769142/product_categories.csv,808,id,product_categories,809769142,id,24597552858.0,257838481.0,257838481.0
809769142,2026-07-03,40064375511,257838481,257838481,data/raw/country_code=id/dataset=product_categories/shop_id=809769142/product_categories.csv,809,id,product_categories,809769142,id,40064375511.0,257838481.0,257838481.0
809769142,2026-07-03,27455737082,257838481,257838481,data/raw/country_code=id/dataset=product_categories/shop_id=809769142/product_categories.csv,810,id,product_categories,809769142,id,27455737082.0,257838481.0,257838481.0
809769142,2026-07-03,50802739806,257838481,257838481,data/raw/country_code=id/dataset=product_categories/shop_id=809769142/product_categories.csv,811,id,product_categories,809769142,id,50802739806.0,257838481.0,257838481.0
809769142,2026-07-03,28293199566,257838481,257838481,data/raw/country_code=id/dataset=product_categories/shop_id=809769142/product_categories.csv,812,id,product_categories,809769142,id,28293199566.0,257838481.0,257838481.0
809769142,2026-07-03,22355348169,257838481,257838481,data/raw/country_code=id/dataset=product_categories/shop_id=809769142/product_categories.csv,813,id,product_categories,809769142,id,22355348169.0,257838481.0,257838481.0
809769142,2026-07-03,20229171522,257838481,257838481,data/raw/country_code=id/dataset=product_categories/shop_id=809769142/product_categories.csv,814,id,product_categories,809769142,id,20229171522.0,257838481.0,257838481.0
809769142,2026-07-03,41101567247,257838481,257838481,data/raw/country_code=id/dataset=product_categories/shop_id=809769142/product_categories.csv,815,id,product_categories,809769142,id,41101567247.0,257838481.0,257838481.0
809769142,2026-07-03,43564342526,257838481,257838481,data/raw/country_code=id/dataset=product_categories/shop_id=809769142/product_categories.csv,816,id,product_categories,809769142,id,43564342526.0,257838481.0,257838481.0
809769142,2026-07-03,24742813269,257838481,257838481,data/raw/country_code=id/dataset=product_categories/shop_id=809769142/product_categories.csv,817,id,product_categories,809769142,id,24742813269.0,257838481.0,257838481.0
809769142,2026-07-03,56102197568,257838481,257838481,data/raw/country_code=id/dataset=product_categories/shop_id=809769142/product_categories.csv,818,id,product_categories,809769142,id,56102197568.0,257838481.0,257838481.0
809769142,2026-07-03,29131802740,257838483,257838483,data/raw/country_code=id/dataset=product_categories/shop_id=809769142/product_categories.csv,819,id,product_categories,809769142,id,29131802740.0,257838483.0,257838483.0
809769142,2026-07-03,23856176929,257838483,257838483,data/raw/country_code=id/dataset=product_categories/shop_id=809769142/product_categories.csv,820,id,product_categories,809769142,id,23856176929.0,257838483.0,257838483.0
809769142,2026-07-03,22873282452,257838483,257838483,data/raw/country_code=id/dataset=product_categories/shop_id=809769142/product_categories.csv,821,id,product_categories,809769142,id,22873282452.0,257838483.0,257838483.0
809769142,2026-07-03,24704461451,257838483,257838483,data/raw/country_code=id/dataset=product_categories/shop_id=809769142/product_categories.csv,822,id,product_categories,809769142,id,24704461451.0,257838483.0,257838483.0
809769142,2026-07-03,24443458397,257838483,257838483,data/raw/country_code=id/dataset=product_categories/shop_id=809769142/product_categories.csv,823,id,product_categories,809769142,id,24443458397.0,257838483.0,257838483.0
809769142,2026-07-03,42358562447,257838483,257838483,data/raw/country_code=id/dataset=product_categories/shop_id=809769142/product_categories.csv,824,id,product_categories,809769142,id,42358562447.0,257838483.0,257838483.0
809769142,2026-07-03,18584356032,257838483,257838483,data/raw/country_code=id/dataset=product_categories/shop_id=809769142/product_categories.csv,825,id,product_categories,809769142,id,18584356032.0,257838483.0,257838483.0
809769142,2026-07-03,29826448226,257838511,257838511,data/raw/country_code=id/dataset=product_categories/shop_id=809769142/product_categories.csv,826,id,product_categories,809769142,id,29826448226.0,257838511.0,257838511.0
809769142,2026-07-03,28376448249,257838511,257838511,data/raw/country_code=id/dataset=product_categories/shop_id=809769142/product_categories.csv,827,id,product_categories,809769142,id,28376448249.0,257838511.0,257838511.0
809769142,2026-07-03,44429096395,257838511,257838511,data/raw/country_code=id/dataset=product_categories/shop_id=809769142/product_categories.csv,828,id,product_categories,809769142,id,44429096395.0,257838511.0,257838511.0
809769142,2026-07-03,51702755108,257838511,257838511,data/raw/country_code=id/dataset=product_categories/shop_id=809769142/product_categories.csv,829,id,product_categories,809769142,id,51702755108.0,257838511.0,257838511.0
809769142,2026-07-03,29601433725,257838520,257838520,data/raw/country_code=id/dataset=product_categories/shop_id=809769142/product_categories.csv,830,id,product_categories,809769142,id,29601433725.0,257838520.0,257838520.0
809769142,2026-07-03,42464292818,257838520,257838520,data/raw/country_code=id/dataset=product_categories/shop_id=809769142/product_categories.csv,831,id,product_categories,809769142,id,42464292818.0,257838520.0,257838520.0
809769142,2026-07-03,48059253956,257838520,257838520,data/raw/country_code=id/dataset=product_categories/shop_id=809769142/product_categories.csv,832,id,product_categories,809769142,id,48059253956.0,257838520.0,257838520.0
809769142,2026-07-03,48852152348,257838567,257838567,data/raw/country_code=id/dataset=product_categories/shop_id=809769142/product_categories.csv,833,id,product_categories,809769142,id,48852152348.0,257838567.0,257838567.0
809769142,2026-07-03,29870133400,257838567,257838567,data/raw/country_code=id/dataset=product_categories/shop_id=809769142/product_categories.csv,834,id,product_categories,809769142,id,29870133400.0,257838567.0,257838567.0
809769142,2026-07-03,40074160523,257838567,257838567,data/raw/country_code=id/dataset=product_categories/shop_id=809769142/product_categories.csv,835,id,product_categories,809769142,id,40074160523.0,257838567.0,257838567.0
809769142,2026-07-03,55201716278,257838567,257838567,data/raw/country_code=id/dataset=product_categories/shop_id=809769142/product_categories.csv,836,id,product_categories,809769142,id,55201716278.0,257838567.0,257838567.0
809769142,2026-07-03,41075294736,257838567,257838567,data/raw/country_code=id/dataset=product_categories/shop_id=809769142/product_categories.csv,837,id,product_categories,809769142,id,41075294736.0,257838567.0,257838567.0
809769142,2026-07-03,43754734954,257838567,257838567,data/raw/country_code=id/dataset=product_categories/shop_id=809769142/product_categories.csv,838,id,product_categories,809769142,id,43754734954.0,257838567.0,257838567.0
809769142,2026-07-03,57909001846,257838567,257838567,data/raw/country_code=id/dataset=product_categories/shop_id=809769142/product_categories.csv,839,id,product_categories,809769142,id,57909001846.0,257838567.0,257838567.0
809769142,2026-07-03,41320590275,257838567,257838567,data/raw/country_code=id/dataset=product_categories/shop_id=809769142/product_categories.csv,840,id,product_categories,809769142,id,41320590275.0,257838567.0,257838567.0
809769142,2026-07-03,29905930406,257838567,257838567,data/raw/country_code=id/dataset=product_categories/shop_id=809769142/product_categories.csv,841,id,product_categories,809769142,id,29905930406.0,257838567.0,257838567.0
809769142,2026-07-03,42752568783,257838567,257838567,data/raw/country_code=id/dataset=product_categories/shop_id=809769142/product_categories.csv,842,id,product_categories,809769142,id,42752568783.0,257838567.0,257838567.0
809769142,2026-07-03,52351401583,257838567,257838567,data/raw/country_code=id/dataset=product_categories/shop_id=809769142/product_categories.csv,843,id,product_categories,809769142,id,52351401583.0,257838567.0,257838567.0
809769142,2026-07-03,25614268730,257838567,257838567,data/raw/country_code=id/dataset=product_categories/shop_id=809769142/product_categories.csv,844,id,product_categories,809769142,id,25614268730.0,257838567.0,257838567.0
809769142,2026-07-03,28776573319,257838567,257838567,data/raw/country_code=id/dataset=product_categories/shop_id=809769142/product_categories.csv,845,id,product_categories,809769142,id,28776573319.0,257838567.0,257838567.0
809769142,2026-07-03,27383676128,257838567,257838567,data/raw/country_code=id/dataset=product_categories/shop_id=809769142/product_categories.csv,846,id,product_categories,809769142,id,27383676128.0,257838567.0,257838567.0
809769142,2026-07-03,28927852106,257838567,257838567,data/raw/country_code=id/dataset=product_categories/shop_id=809769142/product_categories.csv,847,id,product_categories,809769142,id,28927852106.0,257838567.0,257838567.0
809769142,2026-07-03,40507001358,257838567,257838567,data/raw/country_code=id/dataset=product_categories/shop_id=809769142/product_categories.csv,848,id,product_categories,809769142,id,40507001358.0,257838567.0,257838567.0
809769142,2026-07-03,29270135197,257838567,257838567,data/raw/country_code=id/dataset=product_categories/shop_id=809769142/product_categories.csv,849,id,product_categories,809769142,id,29270135197.0,257838567.0,257838567.0
809769142,2026-07-03,41075294736,257838568,257838568,data/raw/country_code=id/dataset=product_categories/shop_id=809769142/product_categories.csv,850,id,product_categories,809769142,id,41075294736.0,257838568.0,257838568.0
809769142,2026-07-03,43754734954,257838568,257838568,data/raw/country_code=id/dataset=product_categories/shop_id=809769142/product_categories.csv,851,id,product_categories,809769142,id,43754734954.0,257838568.0,257838568.0
809769142,2026-07-03,29905930406,257838568,257838568,data/raw/country_code=id/dataset=product_categories/shop_id=809769142/product_categories.csv,852,id,product_categories,809769142,id,29905930406.0,257838568.0,257838568.0
809769142,2026-07-03,52351401583,257838568,257838568,data/raw/country_code=id/dataset=product_categories/shop_id=809769142/product_categories.csv,853,id,product_categories,809769142,id,52351401583.0,257838568.0,257838568.0
809769142,2026-07-03,28776573319,257838568,257838568,data/raw/country_code=id/dataset=product_categories/shop_id=809769142/product_categories.csv,854,id,product_categories,809769142,id,28776573319.0,257838568.0,257838568.0
809769142,2026-07-03,28927852106,257838568,257838568,data/raw/country_code=id/dataset=product_categories/shop_id=809769142/product_categories.csv,855,id,product_categories,809769142,id,28927852106.0,257838568.0,257838568.0
809769142,2026-07-03,48852152348,257838569,257838569,data/raw/country_code=id/dataset=product_categories/shop_id=809769142/product_categories.csv,856,id,product_categories,809769142,id,48852152348.0,257838569.0,257838569.0
809769142,2026-07-03,29870133400,257838569,257838569,data/raw/country_code=id/dataset=product_categories/shop_id=809769142/product_categories.csv,857,id,product_categories,809769142,id,29870133400.0,257838569.0,257838569.0
809769142,2026-07-03,40074160523,257838569,257838569,data/raw/country_code=id/dataset=product_categories/shop_id=809769142/product_categories.csv,858,id,product_categories,809769142,id,40074160523.0,257838569.0,257838569.0
809769142,2026-07-03,55201716278,257838569,257838569,data/raw/country_code=id/dataset=product_categories/shop_id=809769142/product_categories.csv,859,id,product_categories,809769142,id,55201716278.0,257838569.0,257838569.0
809769142,2026-07-03,57909001846,257838569,257838569,data/raw/country_code=id/dataset=product_categories/shop_id=809769142/product_categories.csv,860,id,product_categories,809769142,id,57909001846.0,257838569.0,257838569.0
809769142,2026-07-03,41320590275,257838569,257838569,data/raw/country_code=id/dataset=product_categories/shop_id=809769142/product_categories.csv,861,id,product_categories,809769142,id,41320590275.0,257838569.0,257838569.0
809769142,2026-07-03,42752568783,257838569,257838569,data/raw/country_code=id/dataset=product_categories/shop_id=809769142/product_categories.csv,862,id,product_categories,809769142,id,42752568783.0,257838569.0,257838569.0
809769142,2026-07-03,25614268730,257838569,257838569,data/raw/country_code=id/dataset=product_categories/shop_id=809769142/product_categories.csv,863,id,product_categories,809769142,id,25614268730.0,257838569.0,257838569.0
809769142,2026-07-03,27383676128,257838569,257838569,data/raw/country_code=id/dataset=product_categories/shop_id=809769142/product_categories.csv,864,id,product_categories,809769142,id,27383676128.0,257838569.0,257838569.0
809769142,2026-07-03,40507001358,257838569,257838569,data/raw/country_code=id/dataset=product_categories/shop_id=809769142/product_categories.csv,865,id,product_categories,809769142,id,40507001358.0,257838569.0,257838569.0
809769142,2026-07-03,29270135197,257838569,257838569,data/raw/country_code=id/dataset=product_categories/shop_id=809769142/product_categories.csv,866,id,product_categories,809769142,id,29270135197.0,257838569.0,257838569.0
809769142,2026-07-03,52150640468,257838603,257838603,data/raw/country_code=id/dataset=product_categories/shop_id=809769142/product_categories.csv,867,id,product_categories,809769142,id,52150640468.0,257838603.0,257838603.0
809769142,2026-07-03,55150606338,257838603,257838603,data/raw/country_code=id/dataset=product_categories/shop_id=809769142/product_categories.csv,868,id,product_categories,809769142,id,55150606338.0,257838603.0,257838603.0
809769142,2026-07-03,25439085414,257838603,257838603,data/raw/country_code=id/dataset=product_categories/shop_id=809769142/product_categories.csv,869,id,product_categories,809769142,id,25439085414.0,257838603.0,257838603.0
809769142,2026-07-03,23457178413,257838603,257838603,data/raw/country_code=id/dataset=product_categories/shop_id=809769142/product_categories.csv,870,id,product_categories,809769142,id,23457178413.0,257838603.0,257838603.0
809769142,2026-07-03,40619026889,257838603,257838603,data/raw/country_code=id/dataset=product_categories/shop_id=809769142/product_categories.csv,871,id,product_categories,809769142,id,40619026889.0,257838603.0,257838603.0
809769142,2026-07-03,54800619577,257838603,257838603,data/raw/country_code=id/dataset=product_categories/shop_id=809769142/product_categories.csv,872,id,product_categories,809769142,id,54800619577.0,257838603.0,257838603.0
809769142,2026-07-03,26341558563,257838603,257838603,data/raw/country_code=id/dataset=product_categories/shop_id=809769142/product_categories.csv,873,id,product_categories,809769142,id,26341558563.0,257838603.0,257838603.0
809769142,2026-07-03,43226040976,257838603,257838603,data/raw/country_code=id/dataset=product_categories/shop_id=809769142/product_categories.csv,874,id,product_categories,809769142,id,43226040976.0,257838603.0,257838603.0
809769142,2026-07-03,28426633621,257838603,257838603,data/raw/country_code=id/dataset=product_categories/shop_id=809769142/product_categories.csv,875,id,product_categories,809769142,id,28426633621.0,257838603.0,257838603.0
809769142,2026-07-03,22853217492,257838603,257838603,data/raw/country_code=id/dataset=product_categories/shop_id=809769142/product_categories.csv,876,id,product_categories,809769142,id,22853217492.0,257838603.0,257838603.0
809769142,2026-07-03,27580011874,257838603,257838603,data/raw/country_code=id/dataset=product_categories/shop_id=809769142/product_categories.csv,877,id,product_categories,809769142,id,27580011874.0,257838603.0,257838603.0
809769142,2026-07-03,16797836904,257838603,257838603,data/raw/country_code=id/dataset=product_categories/shop_id=809769142/product_categories.csv,878,id,product_categories,809769142,id,16797836904.0,257838603.0,257838603.0
809769142,2026-07-03,10599605978,257838603,257838603,data/raw/country_code=id/dataset=product_categories/shop_id=809769142/product_categories.csv,879,id,product_categories,809769142,id,10599605978.0,257838603.0,257838603.0
809769142,2026-07-03,26617444732,257838603,257838603,data/raw/country_code=id/dataset=product_categories/shop_id=809769142/product_categories.csv,880,id,product_categories,809769142,id,26617444732.0,257838603.0,257838603.0
809769142,2026-07-03,29372960469,257838603,257838603,data/raw/country_code=id/dataset=product_categories/shop_id=809769142/product_categories.csv,881,id,product_categories,809769142,id,29372960469.0,257838603.0,257838603.0
809769142,2026-07-03,19793942236,257838603,257838603,data/raw/country_code=id/dataset=product_categories/shop_id=809769142/product_categories.csv,882,id,product_categories,809769142,id,19793942236.0,257838603.0,257838603.0
809769142,2026-07-03,25090328302,257838603,257838603,data/raw/country_code=id/dataset=product_categories/shop_id=809769142/product_categories.csv,883,id,product_categories,809769142,id,25090328302.0,257838603.0,257838603.0
809769142,2026-07-03,24742813269,257838603,257838603,data/raw/country_code=id/dataset=product_categories/shop_id=809769142/product_categories.csv,884,id,product_categories,809769142,id,24742813269.0,257838603.0,257838603.0
809769142,2026-07-03,40872286136,257838603,257838603,data/raw/country_code=id/dataset=product_categories/shop_id=809769142/product_categories.csv,885,id,product_categories,809769142,id,40872286136.0,257838603.0,257838603.0
809769142,2026-07-03,29028423239,257838603,257838603,data/raw/country_code=id/dataset=product_categories/shop_id=809769142/product_categories.csv,886,id,product_categories,809769142,id,29028423239.0,257838603.0,257838603.0
809769142,2026-07-03,28030007092,257838603,257838603,data/raw/country_code=id/dataset=product_categories/shop_id=809769142/product_categories.csv,887,id,product_categories,809769142,id,28030007092.0,257838603.0,257838603.0
809769142,2026-07-03,29430013001,257838603,257838603,data/raw/country_code=id/dataset=product_categories/shop_id=809769142/product_categories.csv,888,id,product_categories,809769142,id,29430013001.0,257838603.0,257838603.0
809769142,2026-07-03,29317152516,257838748,257838748,data/raw/country_code=id/dataset=product_categories/shop_id=809769142/product_categories.csv,889,id,product_categories,809769142,id,29317152516.0,257838748.0,257838748.0
809769142,2026-07-03,29131802740,257838748,257838748,data/raw/country_code=id/dataset=product_categories/shop_id=809769142/product_categories.csv,890,id,product_categories,809769142,id,29131802740.0,257838748.0,257838748.0
809769142,2026-07-03,26704788256,257838748,257838748,data/raw/country_code=id/dataset=product_categories/shop_id=809769142/product_categories.csv,891,id,product_categories,809769142,id,26704788256.0,257838748.0,257838748.0
809769142,2026-07-03,25439085414,257838748,257838748,data/raw/country_code=id/dataset=product_categories/shop_id=809769142/product_categories.csv,892,id,product_categories,809769142,id,25439085414.0,257838748.0,257838748.0
809769142,2026-07-03,41901683742,257838748,257838748,data/raw/country_code=id/dataset=product_categories/shop_id=809769142/product_categories.csv,893,id,product_categories,809769142,id,41901683742.0,257838748.0,257838748.0
809769142,2026-07-03,29870133400,257838748,257838748,data/raw/country_code=id/dataset=product_categories/shop_id=809769142/product_categories.csv,894,id,product_categories,809769142,id,29870133400.0,257838748.0,257838748.0
809769142,2026-07-03,24442098701,257838748,257838748,data/raw/country_code=id/dataset=product_categories/shop_id=809769142/product_categories.csv,895,id,product_categories,809769142,id,24442098701.0,257838748.0,257838748.0
809769142,2026-07-03,24192367557,257838748,257838748,data/raw/country_code=id/dataset=product_categories/shop_id=809769142/product_categories.csv,896,id,product_categories,809769142,id,24192367557.0,257838748.0,257838748.0
809769142,2026-07-03,29826448226,257838748,257838748,data/raw/country_code=id/dataset=product_categories/shop_id=809769142/product_categories.csv,897,id,product_categories,809769142,id,29826448226.0,257838748.0,257838748.0
809769142,2026-07-03,21429166155,257838748,257838748,data/raw/country_code=id/dataset=product_categories/shop_id=809769142/product_categories.csv,898,id,product_categories,809769142,id,21429166155.0,257838748.0,257838748.0
809769142,2026-07-03,18024029084,257838748,257838748,data/raw/country_code=id/dataset=product_categories/shop_id=809769142/product_categories.csv,899,id,product_categories,809769142,id,18024029084.0,257838748.0,257838748.0
809769142,2026-07-03,23856176929,257838748,257838748,data/raw/country_code=id/dataset=product_categories/shop_id=809769142/product_categories.csv,900,id,product_categories,809769142,id,23856176929.0,257838748.0,257838748.0
809769142,2026-07-03,26777568629,257838748,257838748,data/raw/country_code=id/dataset=product_categories/shop_id=809769142/product_categories.csv,901,id,product_categories,809769142,id,26777568629.0,257838748.0,257838748.0
809769142,2026-07-03,27580011874,257838748,257838748,data/raw/country_code=id/dataset=product_categories/shop_id=809769142/product_categories.csv,902,id,product_categories,809769142,id,27580011874.0,257838748.0,257838748.0
809769142,2026-07-03,22873282452,257838748,257838748,data/raw/country_code=id/dataset=product_categories/shop_id=809769142/product_categories.csv,903,id,product_categories,809769142,id,22873282452.0,257838748.0,257838748.0
809769142,2026-07-03,24704461451,257838748,257838748,data/raw/country_code=id/dataset=product_categories/shop_id=809769142/product_categories.csv,904,id,product_categories,809769142,id,24704461451.0,257838748.0,257838748.0
809769142,2026-07-03,40064375511,257838748,257838748,data/raw/country_code=id/dataset=product_categories/shop_id=809769142/product_categories.csv,905,id,product_categories,809769142,id,40064375511.0,257838748.0,257838748.0
809769142,2026-07-03,44050582778,257838748,257838748,data/raw/country_code=id/dataset=product_categories/shop_id=809769142/product_categories.csv,906,id,product_categories,809769142,id,44050582778.0,257838748.0,257838748.0
809769142,2026-07-03,27455737082,257838748,257838748,data/raw/country_code=id/dataset=product_categories/shop_id=809769142/product_categories.csv,907,id,product_categories,809769142,id,27455737082.0,257838748.0,257838748.0
809769142,2026-07-03,27408030377,257838748,257838748,data/raw/country_code=id/dataset=product_categories/shop_id=809769142/product_categories.csv,908,id,product_categories,809769142,id,27408030377.0,257838748.0,257838748.0
809769142,2026-07-03,28376448249,257838748,257838748,data/raw/country_code=id/dataset=product_categories/shop_id=809769142/product_categories.csv,909,id,product_categories,809769142,id,28376448249.0,257838748.0,257838748.0
809769142,2026-07-03,24443458397,257838748,257838748,data/raw/country_code=id/dataset=product_categories/shop_id=809769142/product_categories.csv,910,id,product_categories,809769142,id,24443458397.0,257838748.0,257838748.0
809769142,2026-07-03,27938088991,257838748,257838748,data/raw/country_code=id/dataset=product_categories/shop_id=809769142/product_categories.csv,911,id,product_categories,809769142,id,27938088991.0,257838748.0,257838748.0
809769142,2026-07-03,18584356032,257838748,257838748,data/raw/country_code=id/dataset=product_categories/shop_id=809769142/product_categories.csv,912,id,product_categories,809769142,id,18584356032.0,257838748.0,257838748.0
809769142,2026-07-03,20636165691,257838748,257838748,data/raw/country_code=id/dataset=product_categories/shop_id=809769142/product_categories.csv,913,id,product_categories,809769142,id,20636165691.0,257838748.0,257838748.0
809769142,2026-07-03,18083979760,257838748,257838748,data/raw/country_code=id/dataset=product_categories/shop_id=809769142/product_categories.csv,914,id,product_categories,809769142,id,18083979760.0,257838748.0,257838748.0
809769142,2026-07-03,23668056941,257838748,257838748,data/raw/country_code=id/dataset=product_categories/shop_id=809769142/product_categories.csv,915,id,product_categories,809769142,id,23668056941.0,257838748.0,257838748.0
809769142,2026-07-03,21729164441,257838748,257838748,data/raw/country_code=id/dataset=product_categories/shop_id=809769142/product_categories.csv,916,id,product_categories,809769142,id,21729164441.0,257838748.0,257838748.0
809769142,2026-07-03,19691541572,257838748,257838748,data/raw/country_code=id/dataset=product_categories/shop_id=809769142/product_categories.csv,917,id,product_categories,809769142,id,19691541572.0,257838748.0,257838748.0
809769142,2026-07-03,21829166888,257838748,257838748,data/raw/country_code=id/dataset=product_categories/shop_id=809769142/product_categories.csv,918,id,product_categories,809769142,id,21829166888.0,257838748.0,257838748.0
809769142,2026-07-03,22355348169,257838748,257838748,data/raw/country_code=id/dataset=product_categories/shop_id=809769142/product_categories.csv,919,id,product_categories,809769142,id,22355348169.0,257838748.0,257838748.0
809769142,2026-07-03,20229171522,257838748,257838748,data/raw/country_code=id/dataset=product_categories/shop_id=809769142/product_categories.csv,920,id,product_categories,809769142,id,20229171522.0,257838748.0,257838748.0
809769142,2026-07-03,20282626747,257838748,257838748,data/raw/country_code=id/dataset=product_categories/shop_id=809769142/product_categories.csv,921,id,product_categories,809769142,id,20282626747.0,257838748.0,257838748.0
809769142,2026-07-03,41500309150,257838748,257838748,data/raw/country_code=id/dataset=product_categories/shop_id=809769142/product_categories.csv,922,id,product_categories,809769142,id,41500309150.0,257838748.0,257838748.0
809769142,2026-07-03,29954788720,257838748,257838748,data/raw/country_code=id/dataset=product_categories/shop_id=809769142/product_categories.csv,923,id,product_categories,809769142,id,29954788720.0,257838748.0,257838748.0
809769142,2026-07-03,26617444732,257838748,257838748,data/raw/country_code=id/dataset=product_categories/shop_id=809769142/product_categories.csv,924,id,product_categories,809769142,id,26617444732.0,257838748.0,257838748.0
809769142,2026-07-03,29372960469,257838748,257838748,data/raw/country_code=id/dataset=product_categories/shop_id=809769142/product_categories.csv,925,id,product_categories,809769142,id,29372960469.0,257838748.0,257838748.0
809769142,2026-07-03,27810365257,257838748,257838748,data/raw/country_code=id/dataset=product_categories/shop_id=809769142/product_categories.csv,926,id,product_categories,809769142,id,27810365257.0,257838748.0,257838748.0
809769142,2026-07-03,25090328302,257838748,257838748,data/raw/country_code=id/dataset=product_categories/shop_id=809769142/product_categories.csv,927,id,product_categories,809769142,id,25090328302.0,257838748.0,257838748.0
809769142,2026-07-03,24742813269,257838748,257838748,data/raw/country_code=id/dataset=product_categories/shop_id=809769142/product_categories.csv,928,id,product_categories,809769142,id,24742813269.0,257838748.0,257838748.0
809769142,2026-07-03,29028423239,257838748,257838748,data/raw/country_code=id/dataset=product_categories/shop_id=809769142/product_categories.csv,929,id,product_categories,809769142,id,29028423239.0,257838748.0,257838748.0
809769142,2026-07-03,25564103539,257838748,257838748,data/raw/country_code=id/dataset=product_categories/shop_id=809769142/product_categories.csv,930,id,product_categories,809769142,id,25564103539.0,257838748.0,257838748.0
809769142,2026-07-03,29270135197,257838748,257838748,data/raw/country_code=id/dataset=product_categories/shop_id=809769142/product_categories.csv,931,id,product_categories,809769142,id,29270135197.0,257838748.0,257838748.0
809769142,2026-07-03,28030007092,257838748,257838748,data/raw/country_code=id/dataset=product_categories/shop_id=809769142/product_categories.csv,932,id,product_categories,809769142,id,28030007092.0,257838748.0,257838748.0
809769142,2026-07-03,29430013001,257838748,257838748,data/raw/country_code=id/dataset=product_categories/shop_id=809769142/product_categories.csv,933,id,product_categories,809769142,id,29430013001.0,257838748.0,257838748.0
809769142,2026-07-03,27160062024,257838748,257838748,data/raw/country_code=id/dataset=product_categories/shop_id=809769142/product_categories.csv,934,id,product_categories,809769142,id,27160062024.0,257838748.0,257838748.0
809769142,2026-07-03,29131802740,257838749,257838749,data/raw/country_code=id/dataset=product_categories/shop_id=809769142/product_categories.csv,935,id,product_categories,809769142,id,29131802740.0,257838749.0,257838749.0
809769142,2026-07-03,29826448226,257838749,257838749,data/raw/country_code=id/dataset=product_categories/shop_id=809769142/product_categories.csv,936,id,product_categories,809769142,id,29826448226.0,257838749.0,257838749.0
809769142,2026-07-03,24704461451,257838749,257838749,data/raw/country_code=id/dataset=product_categories/shop_id=809769142/product_categories.csv,937,id,product_categories,809769142,id,24704461451.0,257838749.0,257838749.0
809769142,2026-07-03,44050582778,257838749,257838749,data/raw/country_code=id/dataset=product_categories/shop_id=809769142/product_categories.csv,938,id,product_categories,809769142,id,44050582778.0,257838749.0,257838749.0
809769142,2026-07-03,28376448249,257838749,257838749,data/raw/country_code=id/dataset=product_categories/shop_id=809769142/product_categories.csv,939,id,product_categories,809769142,id,28376448249.0,257838749.0,257838749.0
809769142,2026-07-03,19691541572,257838749,257838749,data/raw/country_code=id/dataset=product_categories/shop_id=809769142/product_categories.csv,940,id,product_categories,809769142,id,19691541572.0,257838749.0,257838749.0
809769142,2026-07-03,21829166888,257838749,257838749,data/raw/country_code=id/dataset=product_categories/shop_id=809769142/product_categories.csv,941,id,product_categories,809769142,id,21829166888.0,257838749.0,257838749.0
809769142,2026-07-03,22355348169,257838749,257838749,data/raw/country_code=id/dataset=product_categories/shop_id=809769142/product_categories.csv,942,id,product_categories,809769142,id,22355348169.0,257838749.0,257838749.0
809769142,2026-07-03,41500309150,257838749,257838749,data/raw/country_code=id/dataset=product_categories/shop_id=809769142/product_categories.csv,943,id,product_categories,809769142,id,41500309150.0,257838749.0,257838749.0
809769142,2026-07-03,26617444732,257838749,257838749,data/raw/country_code=id/dataset=product_categories/shop_id=809769142/product_categories.csv,944,id,product_categories,809769142,id,26617444732.0,257838749.0,257838749.0
809769142,2026-07-03,29372960469,257838749,257838749,data/raw/country_code=id/dataset=product_categories/shop_id=809769142/product_categories.csv,945,id,product_categories,809769142,id,29372960469.0,257838749.0,257838749.0
809769142,2026-07-03,27810365257,257838749,257838749,data/raw/country_code=id/dataset=product_categories/shop_id=809769142/product_categories.csv,946,id,product_categories,809769142,id,27810365257.0,257838749.0,257838749.0
809769142,2026-07-03,29028423239,257838749,257838749,data/raw/country_code=id/dataset=product_categories/shop_id=809769142/product_categories.csv,947,id,product_categories,809769142,id,29028423239.0,257838749.0,257838749.0
809769142,2026-07-03,29430013001,257838749,257838749,data/raw/country_code=id/dataset=product_categories/shop_id=809769142/product_categories.csv,948,id,product_categories,809769142,id,29430013001.0,257838749.0,257838749.0
809769142,2026-07-03,29870133400,257838930,257838930,data/raw/country_code=id/dataset=product_categories/shop_id=809769142/product_categories.csv,949,id,product_categories,809769142,id,29870133400.0,257838930.0,257838930.0
809769142,2026-07-03,24442098701,257838930,257838930,data/raw/country_code=id/dataset=product_categories/shop_id=809769142/product_categories.csv,950,id,product_categories,809769142,id,24442098701.0,257838930.0,257838930.0
809769142,2026-07-03,26777568629,257838930,257838930,data/raw/country_code=id/dataset=product_categories/shop_id=809769142/product_categories.csv,951,id,product_categories,809769142,id,26777568629.0,257838930.0,257838930.0
809769142,2026-07-03,27580011874,257838930,257838930,data/raw/country_code=id/dataset=product_categories/shop_id=809769142/product_categories.csv,952,id,product_categories,809769142,id,27580011874.0,257838930.0,257838930.0
809769142,2026-07-03,20636165691,257838930,257838930,data/raw/country_code=id/dataset=product_categories/shop_id=809769142/product_categories.csv,953,id,product_categories,809769142,id,20636165691.0,257838930.0,257838930.0
809769142,2026-07-03,20229171522,257838930,257838930,data/raw/country_code=id/dataset=product_categories/shop_id=809769142/product_categories.csv,954,id,product_categories,809769142,id,20229171522.0,257838930.0,257838930.0
809769142,2026-07-03,29430013001,257838930,257838930,data/raw/country_code=id/dataset=product_categories/shop_id=809769142/product_categories.csv,955,id,product_categories,809769142,id,29430013001.0,257838930.0,257838930.0
809769142,2026-07-03,27160062024,257838930,257838930,data/raw/country_code=id/dataset=product_categories/shop_id=809769142/product_categories.csv,956,id,product_categories,809769142,id,27160062024.0,257838930.0,257838930.0
809769142,2026-07-03,25439085414,257838986,257838986,data/raw/country_code=id/dataset=product_categories/shop_id=809769142/product_categories.csv,957,id,product_categories,809769142,id,25439085414.0,257838986.0,257838986.0
809769142,2026-07-03,27408030377,257838986,257838986,data/raw/country_code=id/dataset=product_categories/shop_id=809769142/product_categories.csv,958,id,product_categories,809769142,id,27408030377.0,257838986.0,257838986.0
809769142,2026-07-03,29954788720,257838986,257838986,data/raw/country_code=id/dataset=product_categories/shop_id=809769142/product_categories.csv,959,id,product_categories,809769142,id,29954788720.0,257838986.0,257838986.0
809769142,2026-07-03,26617444732,257838986,257838986,data/raw/country_code=id/dataset=product_categories/shop_id=809769142/product_categories.csv,960,id,product_categories,809769142,id,26617444732.0,257838986.0,257838986.0
809769142,2026-07-03,29372960469,257838986,257838986,data/raw/country_code=id/dataset=product_categories/shop_id=809769142/product_categories.csv,961,id,product_categories,809769142,id,29372960469.0,257838986.0,257838986.0
809769142,2026-07-03,25564103539,257838986,257838986,data/raw/country_code=id/dataset=product_categories/shop_id=809769142/product_categories.csv,962,id,product_categories,809769142,id,25564103539.0,257838986.0,257838986.0
809769142,2026-07-03,18083979760,257839010,257839010,data/raw/country_code=id/dataset=product_categories/shop_id=809769142/product_categories.csv,963,id,product_categories,809769142,id,18083979760.0,257839010.0,257839010.0
809769142,2026-07-03,20282626747,257839010,257839010,data/raw/country_code=id/dataset=product_categories/shop_id=809769142/product_categories.csv,964,id,product_categories,809769142,id,20282626747.0,257839010.0,257839010.0
809769142,2026-07-03,29028423239,257839010,257839010,data/raw/country_code=id/dataset=product_categories/shop_id=809769142/product_categories.csv,965,id,product_categories,809769142,id,29028423239.0,257839010.0,257839010.0
809769142,2026-07-03,29317152516,257839147,257839147,data/raw/country_code=id/dataset=product_categories/shop_id=809769142/product_categories.csv,966,id,product_categories,809769142,id,29317152516.0,257839147.0,257839147.0
809769142,2026-07-03,26704788256,257839147,257839147,data/raw/country_code=id/dataset=product_categories/shop_id=809769142/product_categories.csv,967,id,product_categories,809769142,id,26704788256.0,257839147.0,257839147.0
809769142,2026-07-03,41901683742,257839147,257839147,data/raw/country_code=id/dataset=product_categories/shop_id=809769142/product_categories.csv,968,id,product_categories,809769142,id,41901683742.0,257839147.0,257839147.0
809769142,2026-07-03,21429166155,257839147,257839147,data/raw/country_code=id/dataset=product_categories/shop_id=809769142/product_categories.csv,969,id,product_categories,809769142,id,21429166155.0,257839147.0,257839147.0
809769142,2026-07-03,18024029084,257839147,257839147,data/raw/country_code=id/dataset=product_categories/shop_id=809769142/product_categories.csv,970,id,product_categories,809769142,id,18024029084.0,257839147.0,257839147.0
809769142,2026-07-03,22873282452,257839147,257839147,data/raw/country_code=id/dataset=product_categories/shop_id=809769142/product_categories.csv,971,id,product_categories,809769142,id,22873282452.0,257839147.0,257839147.0
809769142,2026-07-03,40064375511,257839147,257839147,data/raw/country_code=id/dataset=product_categories/shop_id=809769142/product_categories.csv,972,id,product_categories,809769142,id,40064375511.0,257839147.0,257839147.0
809769142,2026-07-03,27455737082,257839147,257839147,data/raw/country_code=id/dataset=product_categories/shop_id=809769142/product_categories.csv,973,id,product_categories,809769142,id,27455737082.0,257839147.0,257839147.0
809769142,2026-07-03,24443458397,257839147,257839147,data/raw/country_code=id/dataset=product_categories/shop_id=809769142/product_categories.csv,974,id,product_categories,809769142,id,24443458397.0,257839147.0,257839147.0
809769142,2026-07-03,27938088991,257839147,257839147,data/raw/country_code=id/dataset=product_categories/shop_id=809769142/product_categories.csv,975,id,product_categories,809769142,id,27938088991.0,257839147.0,257839147.0
809769142,2026-07-03,18584356032,257839147,257839147,data/raw/country_code=id/dataset=product_categories/shop_id=809769142/product_categories.csv,976,id,product_categories,809769142,id,18584356032.0,257839147.0,257839147.0
809769142,2026-07-03,23668056941,257839147,257839147,data/raw/country_code=id/dataset=product_categories/shop_id=809769142/product_categories.csv,977,id,product_categories,809769142,id,23668056941.0,257839147.0,257839147.0
809769142,2026-07-03,25090328302,257839147,257839147,data/raw/country_code=id/dataset=product_categories/shop_id=809769142/product_categories.csv,978,id,product_categories,809769142,id,25090328302.0,257839147.0,257839147.0
809769142,2026-07-03,24742813269,257839147,257839147,data/raw/country_code=id/dataset=product_categories/shop_id=809769142/product_categories.csv,979,id,product_categories,809769142,id,24742813269.0,257839147.0,257839147.0
809769142,2026-07-03,29270135197,257839147,257839147,data/raw/country_code=id/dataset=product_categories/shop_id=809769142/product_categories.csv,980,id,product_categories,809769142,id,29270135197.0,257839147.0,257839147.0
809769142,2026-07-03,24192367557,257839180,257839180,data/raw/country_code=id/dataset=product_categories/shop_id=809769142/product_categories.csv,981,id,product_categories,809769142,id,24192367557.0,257839180.0,257839180.0
809769142,2026-07-03,23856176929,257839180,257839180,data/raw/country_code=id/dataset=product_categories/shop_id=809769142/product_categories.csv,982,id,product_categories,809769142,id,23856176929.0,257839180.0,257839180.0
809769142,2026-07-03,27408030377,257839180,257839180,data/raw/country_code=id/dataset=product_categories/shop_id=809769142/product_categories.csv,983,id,product_categories,809769142,id,27408030377.0,257839180.0,257839180.0
809769142,2026-07-03,20636165691,257839180,257839180,data/raw/country_code=id/dataset=product_categories/shop_id=809769142/product_categories.csv,984,id,product_categories,809769142,id,20636165691.0,257839180.0,257839180.0
809769142,2026-07-03,21729164441,257839180,257839180,data/raw/country_code=id/dataset=product_categories/shop_id=809769142/product_categories.csv,985,id,product_categories,809769142,id,21729164441.0,257839180.0,257839180.0
809769142,2026-07-03,28030007092,257839180,257839180,data/raw/country_code=id/dataset=product_categories/shop_id=809769142/product_categories.csv,986,id,product_categories,809769142,id,28030007092.0,257839180.0,257839180.0
809769142,2026-07-03,40781619061,258831358,258831358,data/raw/country_code=id/dataset=product_categories/shop_id=809769142/product_categories.csv,987,id,product_categories,809769142,id,40781619061.0,258831358.0,258831358.0
809769142,2026-07-03,49662627211,258831358,258831358,data/raw/country_code=id/dataset=product_categories/shop_id=809769142/product_categories.csv,988,id,product_categories,809769142,id,49662627211.0,258831358.0,258831358.0
809769142,2026-07-03,52610001656,258831358,258831358,data/raw/country_code=id/dataset=product_categories/shop_id=809769142/product_categories.csv,989,id,product_categories,809769142,id,52610001656.0,258831358.0,258831358.0
809769142,2026-07-03,55460830635,258831358,258831358,data/raw/country_code=id/dataset=product_categories/shop_id=809769142/product_categories.csv,990,id,product_categories,809769142,id,55460830635.0,258831358.0,258831358.0
809769142,2026-07-03,29144828706,258831358,258831358,data/raw/country_code=id/dataset=product_categories/shop_id=809769142/product_categories.csv,991,id,product_categories,809769142,id,29144828706.0,258831358.0,258831358.0
809769142,2026-07-03,44429096395,258831358,258831358,data/raw/country_code=id/dataset=product_categories/shop_id=809769142/product_categories.csv,992,id,product_categories,809769142,id,44429096395.0,258831358.0,258831358.0
809769142,2026-07-03,50406870682,258831358,258831358,data/raw/country_code=id/dataset=product_categories/shop_id=809769142/product_categories.csv,993,id,product_categories,809769142,id,50406870682.0,258831358.0,258831358.0
809769142,2026-07-03,49506878130,258831358,258831358,data/raw/country_code=id/dataset=product_categories/shop_id=809769142/product_categories.csv,994,id,product_categories,809769142,id,49506878130.0,258831358.0,258831358.0
809769142,2026-07-03,48860851679,258831358,258831358,data/raw/country_code=id/dataset=product_categories/shop_id=809769142/product_categories.csv,995,id,product_categories,809769142,id,48860851679.0,258831358.0,258831358.0
809769142,2026-07-03,48059253956,258831358,258831358,data/raw/country_code=id/dataset=product_categories/shop_id=809769142/product_categories.csv,996,id,product_categories,809769142,id,48059253956.0,258831358.0,258831358.0
809769142,2026-07-03,49506878130,264958058,264958058,data/raw/country_code=id/dataset=product_categories/shop_id=809769142/product_categories.csv,997,id,product_categories,809769142,id,49506878130.0,264958058.0,264958058.0
809769142,2026-07-03,44328247175,267026251,267026251,data/raw/country_code=id/dataset=product_categories/shop_id=809769142/product_categories.csv,998,id,product_categories,809769142,id,44328247175.0,267026251.0,267026251.0
809769142,2026-07-03,40978051346,267026251,267026251,data/raw/country_code=id/dataset=product_categories/shop_id=809769142/product_categories.csv,999,id,product_categories,809769142,id,40978051346.0,267026251.0,267026251.0
809769142,2026-07-03,50406870682,270321805,270321805,data/raw/country_code=id/dataset=product_categories/shop_id=809769142/product_categories.csv,1000,id,product_categories,809769142,id,50406870682.0,270321805.0,270321805.0
809769142,2026-07-03,44429096395,270440245,270440245,data/raw/country_code=id/dataset=product_categories/shop_id=809769142/product_categories.csv,1001,id,product_categories,809769142,id,44429096395.0,270440245.0,270440245.0
809769142,2026-07-03,52610001656,271131649,271131649,data/raw/country_code=id/dataset=product_categories/shop_id=809769142/product_categories.csv,1002,id,product_categories,809769142,id,52610001656.0,271131649.0,271131649.0
809769142,2026-07-03,48059253956,271501514,271501514,data/raw/country_code=id/dataset=product_categories/shop_id=809769142/product_categories.csv,1003,id,product_categories,809769142,id,48059253956.0,271501514.0,271501514.0
809769142,2026-07-03,48752787269,272184674,272184674,data/raw/country_code=id/dataset=product_categories/shop_id=809769142/product_categories.csv,1004,id,product_categories,809769142,id,48752787269.0,272184674.0,272184674.0
809769142,2026-07-03,52610001656,272184674,272184674,data/raw/country_code=id/dataset=product_categories/shop_id=809769142/product_categories.csv,1005,id,product_categories,809769142,id,52610001656.0,272184674.0,272184674.0
809769142,2026-07-03,43360906112,272184674,272184674,data/raw/country_code=id/dataset=product_categories/shop_id=809769142/product_categories.csv,1006,id,product_categories,809769142,id,43360906112.0,272184674.0,272184674.0
809769142,2026-07-03,24577552378,272184674,272184674,data/raw/country_code=id/dataset=product_categories/shop_id=809769142/product_categories.csv,1007,id,product_categories,809769142,id,24577552378.0,272184674.0,272184674.0
809769142,2026-07-03,29144828706,272508058,272508058,data/raw/country_code=id/dataset=product_categories/shop_id=809769142/product_categories.csv,1008,id,product_categories,809769142,id,29144828706.0,272508058.0,272508058.0
809769142,2026-07-03,40781619061,272855576,272855576,data/raw/country_code=id/dataset=product_categories/shop_id=809769142/product_categories.csv,1009,id,product_categories,809769142,id,40781619061.0,272855576.0,272855576.0
809769142,2026-07-03,55460830635,272855576,272855576,data/raw/country_code=id/dataset=product_categories/shop_id=809769142/product_categories.csv,1010,id,product_categories,809769142,id,55460830635.0,272855576.0,272855576.0
809769142,2026-07-03,48860851679,272855607,272855607,data/raw/country_code=id/dataset=product_categories/shop_id=809769142/product_categories.csv,1011,id,product_categories,809769142,id,48860851679.0,272855607.0,272855607.0
809769142,2026-07-03,49662627211,273791880,273791880,data/raw/country_code=id/dataset=product_categories/shop_id=809769142/product_categories.csv,1012,id,product_categories,809769142,id,49662627211.0,273791880.0,273791880.0
859233628,2026-07-01,24078859514,11043151,11043151,data/raw/country_code=id/dataset=product_categories/shop_id=859233628/product_categories.csv,2,id,product_categories,859233628,id,24078859514.0,11043151.0,11043151.0
859233628,2026-07-01,18154327789,11043259,11043259,data/raw/country_code=id/dataset=product_categories/shop_id=859233628/product_categories.csv,3,id,product_categories,859233628,id,18154327789.0,11043259.0,11043259.0
859233628,2026-07-01,18450976047,11043259,11043259,data/raw/country_code=id/dataset=product_categories/shop_id=859233628/product_categories.csv,4,id,product_categories,859233628,id,18450976047.0,11043259.0,11043259.0
859233628,2026-07-01,23100064799,11043259,11043259,data/raw/country_code=id/dataset=product_categories/shop_id=859233628/product_categories.csv,5,id,product_categories,859233628,id,23100064799.0,11043259.0,11043259.0
859233628,2026-07-01,23168355689,11043261,11043261,data/raw/country_code=id/dataset=product_categories/shop_id=859233628/product_categories.csv,6,id,product_categories,859233628,id,23168355689.0,11043261.0,11043261.0
859233628,2026-07-01,23200058244,11043261,11043261,data/raw/country_code=id/dataset=product_categories/shop_id=859233628/product_categories.csv,7,id,product_categories,859233628,id,23200058244.0,11043261.0,11043261.0
859233628,2026-07-01,22827368281,11043277,11043277,data/raw/country_code=id/dataset=product_categories/shop_id=859233628/product_categories.csv,8,id,product_categories,859233628,id,22827368281.0,11043277.0,11043277.0
859233628,2026-07-01,22328349764,11043277,11043277,data/raw/country_code=id/dataset=product_categories/shop_id=859233628/product_categories.csv,9,id,product_categories,859233628,id,22328349764.0,11043277.0,11043277.0
859233628,2026-07-01,23700000064,11043277,11043277,data/raw/country_code=id/dataset=product_categories/shop_id=859233628/product_categories.csv,10,id,product_categories,859233628,id,23700000064.0,11043277.0,11043277.0
859233628,2026-07-01,28601819965,11043277,11043277,data/raw/country_code=id/dataset=product_categories/shop_id=859233628/product_categories.csv,11,id,product_categories,859233628,id,28601819965.0,11043277.0,11043277.0
859233628,2026-07-02,24078859514,11043151,11043151,data/raw/country_code=id/dataset=product_categories/shop_id=859233628/product_categories.csv,12,id,product_categories,859233628,id,24078859514.0,11043151.0,11043151.0
859233628,2026-07-02,18154327789,11043259,11043259,data/raw/country_code=id/dataset=product_categories/shop_id=859233628/product_categories.csv,13,id,product_categories,859233628,id,18154327789.0,11043259.0,11043259.0
859233628,2026-07-02,18450976047,11043259,11043259,data/raw/country_code=id/dataset=product_categories/shop_id=859233628/product_categories.csv,14,id,product_categories,859233628,id,18450976047.0,11043259.0,11043259.0
859233628,2026-07-02,23100064799,11043259,11043259,data/raw/country_code=id/dataset=product_categories/shop_id=859233628/product_categories.csv,15,id,product_categories,859233628,id,23100064799.0,11043259.0,11043259.0
859233628,2026-07-02,23168355689,11043261,11043261,data/raw/country_code=id/dataset=product_categories/shop_id=859233628/product_categories.csv,16,id,product_categories,859233628,id,23168355689.0,11043261.0,11043261.0
859233628,2026-07-02,23200058244,11043261,11043261,data/raw/country_code=id/dataset=product_categories/shop_id=859233628/product_categories.csv,17,id,product_categories,859233628,id,23200058244.0,11043261.0,11043261.0
859233628,2026-07-02,22827368281,11043277,11043277,data/raw/country_code=id/dataset=product_categories/shop_id=859233628/product_categories.csv,18,id,product_categories,859233628,id,22827368281.0,11043277.0,11043277.0
859233628,2026-07-02,22328349764,11043277,11043277,data/raw/country_code=id/dataset=product_categories/shop_id=859233628/product_categories.csv,19,id,product_categories,859233628,id,22328349764.0,11043277.0,11043277.0
859233628,2026-07-02,23700000064,11043277,11043277,data/raw/country_code=id/dataset=product_categories/shop_id=859233628/product_categories.csv,20,id,product_categories,859233628,id,23700000064.0,11043277.0,11043277.0
859233628,2026-07-02,28601819965,11043277,11043277,data/raw/country_code=id/dataset=product_categories/shop_id=859233628/product_categories.csv,21,id,product_categories,859233628,id,28601819965.0,11043277.0,11043277.0
859233628,2026-07-03,24078859514,11043151,11043151,data/raw/country_code=id/dataset=product_categories/shop_id=859233628/product_categories.csv,22,id,product_categories,859233628,id,24078859514.0,11043151.0,11043151.0
859233628,2026-07-03,18154327789,11043259,11043259,data/raw/country_code=id/dataset=product_categories/shop_id=859233628/product_categories.csv,23,id,product_categories,859233628,id,18154327789.0,11043259.0,11043259.0
859233628,2026-07-03,18450976047,11043259,11043259,data/raw/country_code=id/dataset=product_categories/shop_id=859233628/product_categories.csv,24,id,product_categories,859233628,id,18450976047.0,11043259.0,11043259.0
859233628,2026-07-03,23100064799,11043259,11043259,data/raw/country_code=id/dataset=product_categories/shop_id=859233628/product_categories.csv,25,id,product_categories,859233628,id,23100064799.0,11043259.0,11043259.0
859233628,2026-07-03,23200058244,11043261,11043261,data/raw/country_code=id/dataset=product_categories/shop_id=859233628/product_categories.csv,26,id,product_categories,859233628,id,23200058244.0,11043261.0,11043261.0
859233628,2026-07-03,23168355689,11043261,11043261,data/raw/country_code=id/dataset=product_categories/shop_id=859233628/product_categories.csv,27,id,product_categories,859233628,id,23168355689.0,11043261.0,11043261.0
859233628,2026-07-03,28601819965,11043277,11043277,data/raw/country_code=id/dataset=product_categories/shop_id=859233628/product_categories.csv,28,id,product_categories,859233628,id,28601819965.0,11043277.0,11043277.0
859233628,2026-07-03,22328349764,11043277,11043277,data/raw/country_code=id/dataset=product_categories/shop_id=859233628/product_categories.csv,29,id,product_categories,859233628,id,22328349764.0,11043277.0,11043277.0
859233628,2026-07-03,22827368281,11043277,11043277,data/raw/country_code=id/dataset=product_categories/shop_id=859233628/product_categories.csv,30,id,product_categories,859233628,id,22827368281.0,11043277.0,11043277.0
859233628,2026-07-03,23700000064,11043277,11043277,data/raw/country_code=id/dataset=product_categories/shop_id=859233628/product_categories.csv,31,id,product_categories,859233628,id,23700000064.0,11043277.0,11043277.0
108166524,2026-07-01,22764900114,257047654,257047654,data/raw/country_code=vn/dataset=product_categories/shop_id=108166524/product_categories.csv,2,vn,product_categories,108166524,vn,22764900114.0,257047654.0,257047654.0
108166524,2026-07-01,1759126818,257047654,257047654,data/raw/country_code=vn/dataset=product_categories/shop_id=108166524/product_categories.csv,3,vn,product_categories,108166524,vn,1759126818.0,257047654.0,257047654.0
108166524,2026-07-01,21217504122,257047654,257047654,data/raw/country_code=vn/dataset=product_categories/shop_id=108166524/product_categories.csv,4,vn,product_categories,108166524,vn,21217504122.0,257047654.0,257047654.0
108166524,2026-07-01,22172626348,257047654,257047654,data/raw/country_code=vn/dataset=product_categories/shop_id=108166524/product_categories.csv,5,vn,product_categories,108166524,vn,22172626348.0,257047654.0,257047654.0
108166524,2026-07-01,19351768341,257047654,257047654,data/raw/country_code=vn/dataset=product_categories/shop_id=108166524/product_categories.csv,6,vn,product_categories,108166524,vn,19351768341.0,257047654.0,257047654.0
108166524,2026-07-01,11818497272,257047654,257047654,data/raw/country_code=vn/dataset=product_categories/shop_id=108166524/product_categories.csv,7,vn,product_categories,108166524,vn,11818497272.0,257047654.0,257047654.0
108166524,2026-07-01,20513481191,257047654,257047654,data/raw/country_code=vn/dataset=product_categories/shop_id=108166524/product_categories.csv,8,vn,product_categories,108166524,vn,20513481191.0,257047654.0,257047654.0
108166524,2026-07-01,25642549505,257047654,257047654,data/raw/country_code=vn/dataset=product_categories/shop_id=108166524/product_categories.csv,9,vn,product_categories,108166524,vn,25642549505.0,257047654.0,257047654.0
108166524,2026-07-01,18517504771,257047654,257047654,data/raw/country_code=vn/dataset=product_categories/shop_id=108166524/product_categories.csv,10,vn,product_categories,108166524,vn,18517504771.0,257047654.0,257047654.0
108166524,2026-07-01,20018190581,257047654,257047654,data/raw/country_code=vn/dataset=product_categories/shop_id=108166524/product_categories.csv,11,vn,product_categories,108166524,vn,20018190581.0,257047654.0,257047654.0
108166524,2026-07-01,17377770549,257047654,257047654,data/raw/country_code=vn/dataset=product_categories/shop_id=108166524/product_categories.csv,12,vn,product_categories,108166524,vn,17377770549.0,257047654.0,257047654.0
108166524,2026-07-01,21217504122,257047677,257047677,data/raw/country_code=vn/dataset=product_categories/shop_id=108166524/product_categories.csv,13,vn,product_categories,108166524,vn,21217504122.0,257047677.0,257047677.0
108166524,2026-07-01,22172626348,257047677,257047677,data/raw/country_code=vn/dataset=product_categories/shop_id=108166524/product_categories.csv,14,vn,product_categories,108166524,vn,22172626348.0,257047677.0,257047677.0
108166524,2026-07-01,19351768341,257047677,257047677,data/raw/country_code=vn/dataset=product_categories/shop_id=108166524/product_categories.csv,15,vn,product_categories,108166524,vn,19351768341.0,257047677.0,257047677.0
108166524,2026-07-01,11818497272,257047677,257047677,data/raw/country_code=vn/dataset=product_categories/shop_id=108166524/product_categories.csv,16,vn,product_categories,108166524,vn,11818497272.0,257047677.0,257047677.0
108166524,2026-07-01,22764900114,257047679,257047679,data/raw/country_code=vn/dataset=product_categories/shop_id=108166524/product_categories.csv,17,vn,product_categories,108166524,vn,22764900114.0,257047679.0,257047679.0
108166524,2026-07-01,1759126818,257047679,257047679,data/raw/country_code=vn/dataset=product_categories/shop_id=108166524/product_categories.csv,18,vn,product_categories,108166524,vn,1759126818.0,257047679.0,257047679.0
108166524,2026-07-01,20513481191,257047679,257047679,data/raw/country_code=vn/dataset=product_categories/shop_id=108166524/product_categories.csv,19,vn,product_categories,108166524,vn,20513481191.0,257047679.0,257047679.0
108166524,2026-07-01,25642549505,257047679,257047679,data/raw/country_code=vn/dataset=product_categories/shop_id=108166524/product_categories.csv,20,vn,product_categories,108166524,vn,25642549505.0,257047679.0,257047679.0
108166524,2026-07-01,18517504771,257047679,257047679,data/raw/country_code=vn/dataset=product_categories/shop_id=108166524/product_categories.csv,21,vn,product_categories,108166524,vn,18517504771.0,257047679.0,257047679.0
108166524,2026-07-01,20018190581,257047679,257047679,data/raw/country_code=vn/dataset=product_categories/shop_id=108166524/product_categories.csv,22,vn,product_categories,108166524,vn,20018190581.0,257047679.0,257047679.0
108166524,2026-07-01,17377770549,257047679,257047679,data/raw/country_code=vn/dataset=product_categories/shop_id=108166524/product_categories.csv,23,vn,product_categories,108166524,vn,17377770549.0,257047679.0,257047679.0
108166524,2026-07-01,17483738735,257047685,257047685,data/raw/country_code=vn/dataset=product_categories/shop_id=108166524/product_categories.csv,24,vn,product_categories,108166524,vn,17483738735.0,257047685.0,257047685.0
108166524,2026-07-01,16081861365,257047685,257047685,data/raw/country_code=vn/dataset=product_categories/shop_id=108166524/product_categories.csv,25,vn,product_categories,108166524,vn,16081861365.0,257047685.0,257047685.0
108166524,2026-07-01,25364580727,257047685,257047685,data/raw/country_code=vn/dataset=product_categories/shop_id=108166524/product_categories.csv,26,vn,product_categories,108166524,vn,25364580727.0,257047685.0,257047685.0
108166524,2026-07-01,42463531743,257047685,257047685,data/raw/country_code=vn/dataset=product_categories/shop_id=108166524/product_categories.csv,27,vn,product_categories,108166524,vn,42463531743.0,257047685.0,257047685.0
108166524,2026-07-01,7005434955,257047685,257047685,data/raw/country_code=vn/dataset=product_categories/shop_id=108166524/product_categories.csv,28,vn,product_categories,108166524,vn,7005434955.0,257047685.0,257047685.0
108166524,2026-07-01,19234852537,257047685,257047685,data/raw/country_code=vn/dataset=product_categories/shop_id=108166524/product_categories.csv,29,vn,product_categories,108166524,vn,19234852537.0,257047685.0,257047685.0
108166524,2026-07-01,29179302583,257047685,257047685,data/raw/country_code=vn/dataset=product_categories/shop_id=108166524/product_categories.csv,30,vn,product_categories,108166524,vn,29179302583.0,257047685.0,257047685.0
108166524,2026-07-01,2260506115,257047685,257047685,data/raw/country_code=vn/dataset=product_categories/shop_id=108166524/product_categories.csv,31,vn,product_categories,108166524,vn,2260506115.0,257047685.0,257047685.0
108166524,2026-07-01,44101214714,257047685,257047685,data/raw/country_code=vn/dataset=product_categories/shop_id=108166524/product_categories.csv,32,vn,product_categories,108166524,vn,44101214714.0,257047685.0,257047685.0
108166524,2026-07-01,45361734616,257047685,257047685,data/raw/country_code=vn/dataset=product_categories/shop_id=108166524/product_categories.csv,33,vn,product_categories,108166524,vn,45361734616.0,257047685.0,257047685.0
108166524,2026-07-01,21591659164,257047685,257047685,data/raw/country_code=vn/dataset=product_categories/shop_id=108166524/product_categories.csv,34,vn,product_categories,108166524,vn,21591659164.0,257047685.0,257047685.0
108166524,2026-07-01,45011729618,257047685,257047685,data/raw/country_code=vn/dataset=product_categories/shop_id=108166524/product_categories.csv,35,vn,product_categories,108166524,vn,45011729618.0,257047685.0,257047685.0
108166524,2026-07-01,25142564416,257047685,257047685,data/raw/country_code=vn/dataset=product_categories/shop_id=108166524/product_categories.csv,36,vn,product_categories,108166524,vn,25142564416.0,257047685.0,257047685.0
108166524,2026-07-01,41073495592,257047685,257047685,data/raw/country_code=vn/dataset=product_categories/shop_id=108166524/product_categories.csv,37,vn,product_categories,108166524,vn,41073495592.0,257047685.0,257047685.0
108166524,2026-07-01,17483738735,257047687,257047687,data/raw/country_code=vn/dataset=product_categories/shop_id=108166524/product_categories.csv,38,vn,product_categories,108166524,vn,17483738735.0,257047687.0,257047687.0
108166524,2026-07-01,16081861365,257047687,257047687,data/raw/country_code=vn/dataset=product_categories/shop_id=108166524/product_categories.csv,39,vn,product_categories,108166524,vn,16081861365.0,257047687.0,257047687.0
108166524,2026-07-01,25364580727,257047687,257047687,data/raw/country_code=vn/dataset=product_categories/shop_id=108166524/product_categories.csv,40,vn,product_categories,108166524,vn,25364580727.0,257047687.0,257047687.0
108166524,2026-07-01,42463531743,257047687,257047687,data/raw/country_code=vn/dataset=product_categories/shop_id=108166524/product_categories.csv,41,vn,product_categories,108166524,vn,42463531743.0,257047687.0,257047687.0
108166524,2026-07-01,7005434955,257047687,257047687,data/raw/country_code=vn/dataset=product_categories/shop_id=108166524/product_categories.csv,42,vn,product_categories,108166524,vn,7005434955.0,257047687.0,257047687.0
108166524,2026-07-01,19234852537,257047687,257047687,data/raw/country_code=vn/dataset=product_categories/shop_id=108166524/product_categories.csv,43,vn,product_categories,108166524,vn,19234852537.0,257047687.0,257047687.0
108166524,2026-07-01,29179302583,257047687,257047687,data/raw/country_code=vn/dataset=product_categories/shop_id=108166524/product_categories.csv,44,vn,product_categories,108166524,vn,29179302583.0,257047687.0,257047687.0
108166524,2026-07-01,2260506115,257047687,257047687,data/raw/country_code=vn/dataset=product_categories/shop_id=108166524/product_categories.csv,45,vn,product_categories,108166524,vn,2260506115.0,257047687.0,257047687.0
108166524,2026-07-01,44101214714,257047687,257047687,data/raw/country_code=vn/dataset=product_categories/shop_id=108166524/product_categories.csv,46,vn,product_categories,108166524,vn,44101214714.0,257047687.0,257047687.0
108166524,2026-07-01,45361734616,257047687,257047687,data/raw/country_code=vn/dataset=product_categories/shop_id=108166524/product_categories.csv,47,vn,product_categories,108166524,vn,45361734616.0,257047687.0,257047687.0
108166524,2026-07-01,21591659164,257047687,257047687,data/raw/country_code=vn/dataset=product_categories/shop_id=108166524/product_categories.csv,48,vn,product_categories,108166524,vn,21591659164.0,257047687.0,257047687.0
108166524,2026-07-01,45011729618,257047687,257047687,data/raw/country_code=vn/dataset=product_categories/shop_id=108166524/product_categories.csv,49,vn,product_categories,108166524,vn,45011729618.0,257047687.0,257047687.0
108166524,2026-07-01,25142564416,257047687,257047687,data/raw/country_code=vn/dataset=product_categories/shop_id=108166524/product_categories.csv,50,vn,product_categories,108166524,vn,25142564416.0,257047687.0,257047687.0
108166524,2026-07-01,41073495592,257047687,257047687,data/raw/country_code=vn/dataset=product_categories/shop_id=108166524/product_categories.csv,51,vn,product_categories,108166524,vn,41073495592.0,257047687.0,257047687.0
108166524,2026-07-01,10218493690,257047700,257047700,data/raw/country_code=vn/dataset=product_categories/shop_id=108166524/product_categories.csv,52,vn,product_categories,108166524,vn,10218493690.0,257047700.0,257047700.0
108166524,2026-07-01,29929277161,257047700,257047700,data/raw/country_code=vn/dataset=product_categories/shop_id=108166524/product_categories.csv,53,vn,product_categories,108166524,vn,29929277161.0,257047700.0,257047700.0
108166524,2026-07-01,28729293005,257047700,257047700,data/raw/country_code=vn/dataset=product_categories/shop_id=108166524/product_categories.csv,54,vn,product_categories,108166524,vn,28729293005.0,257047700.0,257047700.0
108166524,2026-07-01,28079281911,257047700,257047700,data/raw/country_code=vn/dataset=product_categories/shop_id=108166524/product_categories.csv,55,vn,product_categories,108166524,vn,28079281911.0,257047700.0,257047700.0
108166524,2026-07-01,42955556831,257047700,257047700,data/raw/country_code=vn/dataset=product_categories/shop_id=108166524/product_categories.csv,56,vn,product_categories,108166524,vn,42955556831.0,257047700.0,257047700.0
108166524,2026-07-01,19079264764,257047700,257047700,data/raw/country_code=vn/dataset=product_categories/shop_id=108166524/product_categories.csv,57,vn,product_categories,108166524,vn,19079264764.0,257047700.0,257047700.0
108166524,2026-07-01,49254147237,257047700,257047700,data/raw/country_code=vn/dataset=product_categories/shop_id=108166524/product_categories.csv,58,vn,product_categories,108166524,vn,49254147237.0,257047700.0,257047700.0
108166524,2026-07-01,15909559942,257047700,257047700,data/raw/country_code=vn/dataset=product_categories/shop_id=108166524/product_categories.csv,59,vn,product_categories,108166524,vn,15909559942.0,257047700.0,257047700.0
108166524,2026-07-01,11518480861,257047700,257047700,data/raw/country_code=vn/dataset=product_categories/shop_id=108166524/product_categories.csv,60,vn,product_categories,108166524,vn,11518480861.0,257047700.0,257047700.0
108166524,2026-07-01,53654127440,257047700,257047700,data/raw/country_code=vn/dataset=product_categories/shop_id=108166524/product_categories.csv,61,vn,product_categories,108166524,vn,53654127440.0,257047700.0,257047700.0
108166524,2026-07-01,45404142712,257047700,257047700,data/raw/country_code=vn/dataset=product_categories/shop_id=108166524/product_categories.csv,62,vn,product_categories,108166524,vn,45404142712.0,257047700.0,257047700.0
108166524,2026-07-01,57054122936,257047700,257047700,data/raw/country_code=vn/dataset=product_categories/shop_id=108166524/product_categories.csv,63,vn,product_categories,108166524,vn,57054122936.0,257047700.0,257047700.0
108166524,2026-07-01,41677746493,257047700,257047700,data/raw/country_code=vn/dataset=product_categories/shop_id=108166524/product_categories.csv,64,vn,product_categories,108166524,vn,41677746493.0,257047700.0,257047700.0
108166524,2026-07-01,52854131624,257047700,257047700,data/raw/country_code=vn/dataset=product_categories/shop_id=108166524/product_categories.csv,65,vn,product_categories,108166524,vn,52854131624.0,257047700.0,257047700.0
108166524,2026-07-01,47806387854,257047700,257047700,data/raw/country_code=vn/dataset=product_categories/shop_id=108166524/product_categories.csv,66,vn,product_categories,108166524,vn,47806387854.0,257047700.0,257047700.0
108166524,2026-07-01,42962543920,257047700,257047700,data/raw/country_code=vn/dataset=product_categories/shop_id=108166524/product_categories.csv,67,vn,product_categories,108166524,vn,42962543920.0,257047700.0,257047700.0
108166524,2026-07-01,52204122884,257047700,257047700,data/raw/country_code=vn/dataset=product_categories/shop_id=108166524/product_categories.csv,68,vn,product_categories,108166524,vn,52204122884.0,257047700.0,257047700.0
108166524,2026-07-01,46804156138,257047700,257047700,data/raw/country_code=vn/dataset=product_categories/shop_id=108166524/product_categories.csv,69,vn,product_categories,108166524,vn,46804156138.0,257047700.0,257047700.0
108166524,2026-07-01,41228927414,257047700,257047700,data/raw/country_code=vn/dataset=product_categories/shop_id=108166524/product_categories.csv,70,vn,product_categories,108166524,vn,41228927414.0,257047700.0,257047700.0
108166524,2026-07-01,48406531717,257047700,257047700,data/raw/country_code=vn/dataset=product_categories/shop_id=108166524/product_categories.csv,71,vn,product_categories,108166524,vn,48406531717.0,257047700.0,257047700.0
108166524,2026-07-01,3075288173,257047700,257047700,data/raw/country_code=vn/dataset=product_categories/shop_id=108166524/product_categories.csv,72,vn,product_categories,108166524,vn,3075288173.0,257047700.0,257047700.0
108166524,2026-07-01,46807629209,257047700,257047700,data/raw/country_code=vn/dataset=product_categories/shop_id=108166524/product_categories.csv,73,vn,product_categories,108166524,vn,46807629209.0,257047700.0,257047700.0
108166524,2026-07-01,47055534935,257047700,257047700,data/raw/country_code=vn/dataset=product_categories/shop_id=108166524/product_categories.csv,74,vn,product_categories,108166524,vn,47055534935.0,257047700.0,257047700.0
108166524,2026-07-01,51652982842,257047700,257047700,data/raw/country_code=vn/dataset=product_categories/shop_id=108166524/product_categories.csv,75,vn,product_categories,108166524,vn,51652982842.0,257047700.0,257047700.0
108166524,2026-07-01,55604121866,257047700,257047700,data/raw/country_code=vn/dataset=product_categories/shop_id=108166524/product_categories.csv,76,vn,product_categories,108166524,vn,55604121866.0,257047700.0,257047700.0
108166524,2026-07-01,47254151647,257047700,257047700,data/raw/country_code=vn/dataset=product_categories/shop_id=108166524/product_categories.csv,77,vn,product_categories,108166524,vn,47254151647.0,257047700.0,257047700.0
108166524,2026-07-01,55952428549,257047700,257047700,data/raw/country_code=vn/dataset=product_categories/shop_id=108166524/product_categories.csv,78,vn,product_categories,108166524,vn,55952428549.0,257047700.0,257047700.0
108166524,2026-07-01,57802014514,257047700,257047700,data/raw/country_code=vn/dataset=product_categories/shop_id=108166524/product_categories.csv,79,vn,product_categories,108166524,vn,57802014514.0,257047700.0,257047700.0
108166524,2026-07-01,47303008009,257047700,257047700,data/raw/country_code=vn/dataset=product_categories/shop_id=108166524/product_categories.csv,80,vn,product_categories,108166524,vn,47303008009.0,257047700.0,257047700.0
108166524,2026-07-01,46204147616,257047700,257047700,data/raw/country_code=vn/dataset=product_categories/shop_id=108166524/product_categories.csv,81,vn,product_categories,108166524,vn,46204147616.0,257047700.0,257047700.0
108166524,2026-07-01,45252508882,257047700,257047700,data/raw/country_code=vn/dataset=product_categories/shop_id=108166524/product_categories.csv,82,vn,product_categories,108166524,vn,45252508882.0,257047700.0,257047700.0
108166524,2026-07-01,54952020709,257047700,257047700,data/raw/country_code=vn/dataset=product_categories/shop_id=108166524/product_categories.csv,83,vn,product_categories,108166524,vn,54952020709.0,257047700.0,257047700.0
108166524,2026-07-01,41276719159,257047700,257047700,data/raw/country_code=vn/dataset=product_categories/shop_id=108166524/product_categories.csv,84,vn,product_categories,108166524,vn,41276719159.0,257047700.0,257047700.0
108166524,2026-07-01,42577755622,257047700,257047700,data/raw/country_code=vn/dataset=product_categories/shop_id=108166524/product_categories.csv,85,vn,product_categories,108166524,vn,42577755622.0,257047700.0,257047700.0
108166524,2026-07-01,52702489216,257047700,257047700,data/raw/country_code=vn/dataset=product_categories/shop_id=108166524/product_categories.csv,86,vn,product_categories,108166524,vn,52702489216.0,257047700.0,257047700.0
108166524,2026-07-01,54602009580,257047700,257047700,data/raw/country_code=vn/dataset=product_categories/shop_id=108166524/product_categories.csv,87,vn,product_categories,108166524,vn,54602009580.0,257047700.0,257047700.0
108166524,2026-07-01,45552660535,257047700,257047700,data/raw/country_code=vn/dataset=product_categories/shop_id=108166524/product_categories.csv,88,vn,product_categories,108166524,vn,45552660535.0,257047700.0,257047700.0
108166524,2026-07-01,49552029594,257047700,257047700,data/raw/country_code=vn/dataset=product_categories/shop_id=108166524/product_categories.csv,89,vn,product_categories,108166524,vn,49552029594.0,257047700.0,257047700.0
108166524,2026-07-01,50154131337,257047700,257047700,data/raw/country_code=vn/dataset=product_categories/shop_id=108166524/product_categories.csv,90,vn,product_categories,108166524,vn,50154131337.0,257047700.0,257047700.0
108166524,2026-07-01,50556508874,257047700,257047700,data/raw/country_code=vn/dataset=product_categories/shop_id=108166524/product_categories.csv,91,vn,product_categories,108166524,vn,50556508874.0,257047700.0,257047700.0
108166524,2026-07-01,43526722905,257047700,257047700,data/raw/country_code=vn/dataset=product_categories/shop_id=108166524/product_categories.csv,92,vn,product_categories,108166524,vn,43526722905.0,257047700.0,257047700.0
108166524,2026-07-01,43677750849,257047700,257047700,data/raw/country_code=vn/dataset=product_categories/shop_id=108166524/product_categories.csv,93,vn,product_categories,108166524,vn,43677750849.0,257047700.0,257047700.0
108166524,2026-07-01,54752025528,257047700,257047700,data/raw/country_code=vn/dataset=product_categories/shop_id=108166524/product_categories.csv,94,vn,product_categories,108166524,vn,54752025528.0,257047700.0,257047700.0
108166524,2026-07-01,55454127534,257047700,257047700,data/raw/country_code=vn/dataset=product_categories/shop_id=108166524/product_categories.csv,95,vn,product_categories,108166524,vn,55454127534.0,257047700.0,257047700.0
108166524,2026-07-01,29929277161,257047701,257047701,data/raw/country_code=vn/dataset=product_categories/shop_id=108166524/product_categories.csv,96,vn,product_categories,108166524,vn,29929277161.0,257047701.0,257047701.0
108166524,2026-07-01,28079281911,257047701,257047701,data/raw/country_code=vn/dataset=product_categories/shop_id=108166524/product_categories.csv,97,vn,product_categories,108166524,vn,28079281911.0,257047701.0,257047701.0
108166524,2026-07-01,42955556831,257047701,257047701,data/raw/country_code=vn/dataset=product_categories/shop_id=108166524/product_categories.csv,98,vn,product_categories,108166524,vn,42955556831.0,257047701.0,257047701.0
108166524,2026-07-01,19079264764,257047701,257047701,data/raw/country_code=vn/dataset=product_categories/shop_id=108166524/product_categories.csv,99,vn,product_categories,108166524,vn,19079264764.0,257047701.0,257047701.0
108166524,2026-07-01,49254147237,257047701,257047701,data/raw/country_code=vn/dataset=product_categories/shop_id=108166524/product_categories.csv,100,vn,product_categories,108166524,vn,49254147237.0,257047701.0,257047701.0
108166524,2026-07-01,11518480861,257047701,257047701,data/raw/country_code=vn/dataset=product_categories/shop_id=108166524/product_categories.csv,101,vn,product_categories,108166524,vn,11518480861.0,257047701.0,257047701.0
108166524,2026-07-01,53654127440,257047701,257047701,data/raw/country_code=vn/dataset=product_categories/shop_id=108166524/product_categories.csv,102,vn,product_categories,108166524,vn,53654127440.0,257047701.0,257047701.0
108166524,2026-07-01,45404142712,257047701,257047701,data/raw/country_code=vn/dataset=product_categories/shop_id=108166524/product_categories.csv,103,vn,product_categories,108166524,vn,45404142712.0,257047701.0,257047701.0
108166524,2026-07-01,57054122936,257047701,257047701,data/raw/country_code=vn/dataset=product_categories/shop_id=108166524/product_categories.csv,104,vn,product_categories,108166524,vn,57054122936.0,257047701.0,257047701.0
108166524,2026-07-01,41677746493,257047701,257047701,data/raw/country_code=vn/dataset=product_categories/shop_id=108166524/product_categories.csv,105,vn,product_categories,108166524,vn,41677746493.0,257047701.0,257047701.0
108166524,2026-07-01,52854131624,257047701,257047701,data/raw/country_code=vn/dataset=product_categories/shop_id=108166524/product_categories.csv,106,vn,product_categories,108166524,vn,52854131624.0,257047701.0,257047701.0
108166524,2026-07-01,47806387854,257047701,257047701,data/raw/country_code=vn/dataset=product_categories/shop_id=108166524/product_categories.csv,107,vn,product_categories,108166524,vn,47806387854.0,257047701.0,257047701.0
108166524,2026-07-01,42962543920,257047701,257047701,data/raw/country_code=vn/dataset=product_categories/shop_id=108166524/product_categories.csv,108,vn,product_categories,108166524,vn,42962543920.0,257047701.0,257047701.0
108166524,2026-07-01,52204122884,257047701,257047701,data/raw/country_code=vn/dataset=product_categories/shop_id=108166524/product_categories.csv,109,vn,product_categories,108166524,vn,52204122884.0,257047701.0,257047701.0
108166524,2026-07-01,46804156138,257047701,257047701,data/raw/country_code=vn/dataset=product_categories/shop_id=108166524/product_categories.csv,110,vn,product_categories,108166524,vn,46804156138.0,257047701.0,257047701.0
108166524,2026-07-01,3075288173,257047701,257047701,data/raw/country_code=vn/dataset=product_categories/shop_id=108166524/product_categories.csv,111,vn,product_categories,108166524,vn,3075288173.0,257047701.0,257047701.0
108166524,2026-07-01,46807629209,257047701,257047701,data/raw/country_code=vn/dataset=product_categories/shop_id=108166524/product_categories.csv,112,vn,product_categories,108166524,vn,46807629209.0,257047701.0,257047701.0
108166524,2026-07-01,47055534935,257047701,257047701,data/raw/country_code=vn/dataset=product_categories/shop_id=108166524/product_categories.csv,113,vn,product_categories,108166524,vn,47055534935.0,257047701.0,257047701.0
108166524,2026-07-01,51652982842,257047701,257047701,data/raw/country_code=vn/dataset=product_categories/shop_id=108166524/product_categories.csv,114,vn,product_categories,108166524,vn,51652982842.0,257047701.0,257047701.0
108166524,2026-07-01,55604121866,257047701,257047701,data/raw/country_code=vn/dataset=product_categories/shop_id=108166524/product_categories.csv,115,vn,product_categories,108166524,vn,55604121866.0,257047701.0,257047701.0
108166524,2026-07-01,47254151647,257047701,257047701,data/raw/country_code=vn/dataset=product_categories/shop_id=108166524/product_categories.csv,116,vn,product_categories,108166524,vn,47254151647.0,257047701.0,257047701.0
108166524,2026-07-01,55952428549,257047701,257047701,data/raw/country_code=vn/dataset=product_categories/shop_id=108166524/product_categories.csv,117,vn,product_categories,108166524,vn,55952428549.0,257047701.0,257047701.0
108166524,2026-07-01,57802014514,257047701,257047701,data/raw/country_code=vn/dataset=product_categories/shop_id=108166524/product_categories.csv,118,vn,product_categories,108166524,vn,57802014514.0,257047701.0,257047701.0
108166524,2026-07-01,47303008009,257047701,257047701,data/raw/country_code=vn/dataset=product_categories/shop_id=108166524/product_categories.csv,119,vn,product_categories,108166524,vn,47303008009.0,257047701.0,257047701.0
108166524,2026-07-01,46204147616,257047701,257047701,data/raw/country_code=vn/dataset=product_categories/shop_id=108166524/product_categories.csv,120,vn,product_categories,108166524,vn,46204147616.0,257047701.0,257047701.0
108166524,2026-07-01,45252508882,257047701,257047701,data/raw/country_code=vn/dataset=product_categories/shop_id=108166524/product_categories.csv,121,vn,product_categories,108166524,vn,45252508882.0,257047701.0,257047701.0
108166524,2026-07-01,54952020709,257047701,257047701,data/raw/country_code=vn/dataset=product_categories/shop_id=108166524/product_categories.csv,122,vn,product_categories,108166524,vn,54952020709.0,257047701.0,257047701.0
108166524,2026-07-01,41276719159,257047701,257047701,data/raw/country_code=vn/dataset=product_categories/shop_id=108166524/product_categories.csv,123,vn,product_categories,108166524,vn,41276719159.0,257047701.0,257047701.0
108166524,2026-07-01,42577755622,257047701,257047701,data/raw/country_code=vn/dataset=product_categories/shop_id=108166524/product_categories.csv,124,vn,product_categories,108166524,vn,42577755622.0,257047701.0,257047701.0
108166524,2026-07-01,52702489216,257047701,257047701,data/raw/country_code=vn/dataset=product_categories/shop_id=108166524/product_categories.csv,125,vn,product_categories,108166524,vn,52702489216.0,257047701.0,257047701.0
108166524,2026-07-01,54602009580,257047701,257047701,data/raw/country_code=vn/dataset=product_categories/shop_id=108166524/product_categories.csv,126,vn,product_categories,108166524,vn,54602009580.0,257047701.0,257047701.0
108166524,2026-07-01,45552660535,257047701,257047701,data/raw/country_code=vn/dataset=product_categories/shop_id=108166524/product_categories.csv,127,vn,product_categories,108166524,vn,45552660535.0,257047701.0,257047701.0
108166524,2026-07-01,49552029594,257047701,257047701,data/raw/country_code=vn/dataset=product_categories/shop_id=108166524/product_categories.csv,128,vn,product_categories,108166524,vn,49552029594.0,257047701.0,257047701.0
108166524,2026-07-01,50154131337,257047701,257047701,data/raw/country_code=vn/dataset=product_categories/shop_id=108166524/product_categories.csv,129,vn,product_categories,108166524,vn,50154131337.0,257047701.0,257047701.0
108166524,2026-07-01,43526722905,257047701,257047701,data/raw/country_code=vn/dataset=product_categories/shop_id=108166524/product_categories.csv,130,vn,product_categories,108166524,vn,43526722905.0,257047701.0,257047701.0
108166524,2026-07-01,43677750849,257047701,257047701,data/raw/country_code=vn/dataset=product_categories/shop_id=108166524/product_categories.csv,131,vn,product_categories,108166524,vn,43677750849.0,257047701.0,257047701.0
108166524,2026-07-01,54752025528,257047701,257047701,data/raw/country_code=vn/dataset=product_categories/shop_id=108166524/product_categories.csv,132,vn,product_categories,108166524,vn,54752025528.0,257047701.0,257047701.0
108166524,2026-07-01,55454127534,257047701,257047701,data/raw/country_code=vn/dataset=product_categories/shop_id=108166524/product_categories.csv,133,vn,product_categories,108166524,vn,55454127534.0,257047701.0,257047701.0
108166524,2026-07-01,10218493690,257047702,257047702,data/raw/country_code=vn/dataset=product_categories/shop_id=108166524/product_categories.csv,134,vn,product_categories,108166524,vn,10218493690.0,257047702.0,257047702.0
108166524,2026-07-01,28729293005,257047702,257047702,data/raw/country_code=vn/dataset=product_categories/shop_id=108166524/product_categories.csv,135,vn,product_categories,108166524,vn,28729293005.0,257047702.0,257047702.0
108166524,2026-07-01,15909559942,257047702,257047702,data/raw/country_code=vn/dataset=product_categories/shop_id=108166524/product_categories.csv,136,vn,product_categories,108166524,vn,15909559942.0,257047702.0,257047702.0
108166524,2026-07-01,41228927414,257047702,257047702,data/raw/country_code=vn/dataset=product_categories/shop_id=108166524/product_categories.csv,137,vn,product_categories,108166524,vn,41228927414.0,257047702.0,257047702.0
108166524,2026-07-01,48406531717,257047702,257047702,data/raw/country_code=vn/dataset=product_categories/shop_id=108166524/product_categories.csv,138,vn,product_categories,108166524,vn,48406531717.0,257047702.0,257047702.0
108166524,2026-07-01,50556508874,257047702,257047702,data/raw/country_code=vn/dataset=product_categories/shop_id=108166524/product_categories.csv,139,vn,product_categories,108166524,vn,50556508874.0,257047702.0,257047702.0
108166524,2026-07-02,22764900114,257047654,257047654,data/raw/country_code=vn/dataset=product_categories/shop_id=108166524/product_categories.csv,140,vn,product_categories,108166524,vn,22764900114.0,257047654.0,257047654.0
108166524,2026-07-02,21217504122,257047654,257047654,data/raw/country_code=vn/dataset=product_categories/shop_id=108166524/product_categories.csv,141,vn,product_categories,108166524,vn,21217504122.0,257047654.0,257047654.0
108166524,2026-07-02,1759126818,257047654,257047654,data/raw/country_code=vn/dataset=product_categories/shop_id=108166524/product_categories.csv,142,vn,product_categories,108166524,vn,1759126818.0,257047654.0,257047654.0
108166524,2026-07-02,22172626348,257047654,257047654,data/raw/country_code=vn/dataset=product_categories/shop_id=108166524/product_categories.csv,143,vn,product_categories,108166524,vn,22172626348.0,257047654.0,257047654.0
108166524,2026-07-02,19351768341,257047654,257047654,data/raw/country_code=vn/dataset=product_categories/shop_id=108166524/product_categories.csv,144,vn,product_categories,108166524,vn,19351768341.0,257047654.0,257047654.0
108166524,2026-07-02,11818497272,257047654,257047654,data/raw/country_code=vn/dataset=product_categories/shop_id=108166524/product_categories.csv,145,vn,product_categories,108166524,vn,11818497272.0,257047654.0,257047654.0
108166524,2026-07-02,20513481191,257047654,257047654,data/raw/country_code=vn/dataset=product_categories/shop_id=108166524/product_categories.csv,146,vn,product_categories,108166524,vn,20513481191.0,257047654.0,257047654.0
108166524,2026-07-02,25642549505,257047654,257047654,data/raw/country_code=vn/dataset=product_categories/shop_id=108166524/product_categories.csv,147,vn,product_categories,108166524,vn,25642549505.0,257047654.0,257047654.0
108166524,2026-07-02,18517504771,257047654,257047654,data/raw/country_code=vn/dataset=product_categories/shop_id=108166524/product_categories.csv,148,vn,product_categories,108166524,vn,18517504771.0,257047654.0,257047654.0
108166524,2026-07-02,20018190581,257047654,257047654,data/raw/country_code=vn/dataset=product_categories/shop_id=108166524/product_categories.csv,149,vn,product_categories,108166524,vn,20018190581.0,257047654.0,257047654.0
108166524,2026-07-02,17377770549,257047654,257047654,data/raw/country_code=vn/dataset=product_categories/shop_id=108166524/product_categories.csv,150,vn,product_categories,108166524,vn,17377770549.0,257047654.0,257047654.0
108166524,2026-07-02,21217504122,257047677,257047677,data/raw/country_code=vn/dataset=product_categories/shop_id=108166524/product_categories.csv,151,vn,product_categories,108166524,vn,21217504122.0,257047677.0,257047677.0
108166524,2026-07-02,22172626348,257047677,257047677,data/raw/country_code=vn/dataset=product_categories/shop_id=108166524/product_categories.csv,152,vn,product_categories,108166524,vn,22172626348.0,257047677.0,257047677.0
108166524,2026-07-02,19351768341,257047677,257047677,data/raw/country_code=vn/dataset=product_categories/shop_id=108166524/product_categories.csv,153,vn,product_categories,108166524,vn,19351768341.0,257047677.0,257047677.0
108166524,2026-07-02,11818497272,257047677,257047677,data/raw/country_code=vn/dataset=product_categories/shop_id=108166524/product_categories.csv,154,vn,product_categories,108166524,vn,11818497272.0,257047677.0,257047677.0
108166524,2026-07-02,22764900114,257047679,257047679,data/raw/country_code=vn/dataset=product_categories/shop_id=108166524/product_categories.csv,155,vn,product_categories,108166524,vn,22764900114.0,257047679.0,257047679.0
108166524,2026-07-02,1759126818,257047679,257047679,data/raw/country_code=vn/dataset=product_categories/shop_id=108166524/product_categories.csv,156,vn,product_categories,108166524,vn,1759126818.0,257047679.0,257047679.0
108166524,2026-07-02,20513481191,257047679,257047679,data/raw/country_code=vn/dataset=product_categories/shop_id=108166524/product_categories.csv,157,vn,product_categories,108166524,vn,20513481191.0,257047679.0,257047679.0
108166524,2026-07-02,25642549505,257047679,257047679,data/raw/country_code=vn/dataset=product_categories/shop_id=108166524/product_categories.csv,158,vn,product_categories,108166524,vn,25642549505.0,257047679.0,257047679.0
108166524,2026-07-02,18517504771,257047679,257047679,data/raw/country_code=vn/dataset=product_categories/shop_id=108166524/product_categories.csv,159,vn,product_categories,108166524,vn,18517504771.0,257047679.0,257047679.0
108166524,2026-07-02,20018190581,257047679,257047679,data/raw/country_code=vn/dataset=product_categories/shop_id=108166524/product_categories.csv,160,vn,product_categories,108166524,vn,20018190581.0,257047679.0,257047679.0
108166524,2026-07-02,17377770549,257047679,257047679,data/raw/country_code=vn/dataset=product_categories/shop_id=108166524/product_categories.csv,161,vn,product_categories,108166524,vn,17377770549.0,257047679.0,257047679.0
108166524,2026-07-02,17483738735,257047685,257047685,data/raw/country_code=vn/dataset=product_categories/shop_id=108166524/product_categories.csv,162,vn,product_categories,108166524,vn,17483738735.0,257047685.0,257047685.0
108166524,2026-07-02,16081861365,257047685,257047685,data/raw/country_code=vn/dataset=product_categories/shop_id=108166524/product_categories.csv,163,vn,product_categories,108166524,vn,16081861365.0,257047685.0,257047685.0
108166524,2026-07-02,25364580727,257047685,257047685,data/raw/country_code=vn/dataset=product_categories/shop_id=108166524/product_categories.csv,164,vn,product_categories,108166524,vn,25364580727.0,257047685.0,257047685.0
108166524,2026-07-02,24814585810,257047685,257047685,data/raw/country_code=vn/dataset=product_categories/shop_id=108166524/product_categories.csv,165,vn,product_categories,108166524,vn,24814585810.0,257047685.0,257047685.0
108166524,2026-07-02,42463531743,257047685,257047685,data/raw/country_code=vn/dataset=product_categories/shop_id=108166524/product_categories.csv,166,vn,product_categories,108166524,vn,42463531743.0,257047685.0,257047685.0
108166524,2026-07-02,7005434955,257047685,257047685,data/raw/country_code=vn/dataset=product_categories/shop_id=108166524/product_categories.csv,167,vn,product_categories,108166524,vn,7005434955.0,257047685.0,257047685.0
108166524,2026-07-02,19234852537,257047685,257047685,data/raw/country_code=vn/dataset=product_categories/shop_id=108166524/product_categories.csv,168,vn,product_categories,108166524,vn,19234852537.0,257047685.0,257047685.0
108166524,2026-07-02,29179302583,257047685,257047685,data/raw/country_code=vn/dataset=product_categories/shop_id=108166524/product_categories.csv,169,vn,product_categories,108166524,vn,29179302583.0,257047685.0,257047685.0
108166524,2026-07-02,2260506115,257047685,257047685,data/raw/country_code=vn/dataset=product_categories/shop_id=108166524/product_categories.csv,170,vn,product_categories,108166524,vn,2260506115.0,257047685.0,257047685.0
108166524,2026-07-02,44101214714,257047685,257047685,data/raw/country_code=vn/dataset=product_categories/shop_id=108166524/product_categories.csv,171,vn,product_categories,108166524,vn,44101214714.0,257047685.0,257047685.0
108166524,2026-07-02,45361734616,257047685,257047685,data/raw/country_code=vn/dataset=product_categories/shop_id=108166524/product_categories.csv,172,vn,product_categories,108166524,vn,45361734616.0,257047685.0,257047685.0
108166524,2026-07-02,21591659164,257047685,257047685,data/raw/country_code=vn/dataset=product_categories/shop_id=108166524/product_categories.csv,173,vn,product_categories,108166524,vn,21591659164.0,257047685.0,257047685.0
108166524,2026-07-02,45011729618,257047685,257047685,data/raw/country_code=vn/dataset=product_categories/shop_id=108166524/product_categories.csv,174,vn,product_categories,108166524,vn,45011729618.0,257047685.0,257047685.0
108166524,2026-07-02,25142564416,257047685,257047685,data/raw/country_code=vn/dataset=product_categories/shop_id=108166524/product_categories.csv,175,vn,product_categories,108166524,vn,25142564416.0,257047685.0,257047685.0
108166524,2026-07-02,41073495592,257047685,257047685,data/raw/country_code=vn/dataset=product_categories/shop_id=108166524/product_categories.csv,176,vn,product_categories,108166524,vn,41073495592.0,257047685.0,257047685.0
108166524,2026-07-02,17483738735,257047687,257047687,data/raw/country_code=vn/dataset=product_categories/shop_id=108166524/product_categories.csv,177,vn,product_categories,108166524,vn,17483738735.0,257047687.0,257047687.0
108166524,2026-07-02,16081861365,257047687,257047687,data/raw/country_code=vn/dataset=product_categories/shop_id=108166524/product_categories.csv,178,vn,product_categories,108166524,vn,16081861365.0,257047687.0,257047687.0
108166524,2026-07-02,25364580727,257047687,257047687,data/raw/country_code=vn/dataset=product_categories/shop_id=108166524/product_categories.csv,179,vn,product_categories,108166524,vn,25364580727.0,257047687.0,257047687.0
108166524,2026-07-02,24814585810,257047687,257047687,data/raw/country_code=vn/dataset=product_categories/shop_id=108166524/product_categories.csv,180,vn,product_categories,108166524,vn,24814585810.0,257047687.0,257047687.0
108166524,2026-07-02,42463531743,257047687,257047687,data/raw/country_code=vn/dataset=product_categories/shop_id=108166524/product_categories.csv,181,vn,product_categories,108166524,vn,42463531743.0,257047687.0,257047687.0
108166524,2026-07-02,7005434955,257047687,257047687,data/raw/country_code=vn/dataset=product_categories/shop_id=108166524/product_categories.csv,182,vn,product_categories,108166524,vn,7005434955.0,257047687.0,257047687.0
108166524,2026-07-02,19234852537,257047687,257047687,data/raw/country_code=vn/dataset=product_categories/shop_id=108166524/product_categories.csv,183,vn,product_categories,108166524,vn,19234852537.0,257047687.0,257047687.0
108166524,2026-07-02,29179302583,257047687,257047687,data/raw/country_code=vn/dataset=product_categories/shop_id=108166524/product_categories.csv,184,vn,product_categories,108166524,vn,29179302583.0,257047687.0,257047687.0
108166524,2026-07-02,2260506115,257047687,257047687,data/raw/country_code=vn/dataset=product_categories/shop_id=108166524/product_categories.csv,185,vn,product_categories,108166524,vn,2260506115.0,257047687.0,257047687.0
108166524,2026-07-02,44101214714,257047687,257047687,data/raw/country_code=vn/dataset=product_categories/shop_id=108166524/product_categories.csv,186,vn,product_categories,108166524,vn,44101214714.0,257047687.0,257047687.0
108166524,2026-07-02,45361734616,257047687,257047687,data/raw/country_code=vn/dataset=product_categories/shop_id=108166524/product_categories.csv,187,vn,product_categories,108166524,vn,45361734616.0,257047687.0,257047687.0
108166524,2026-07-02,21591659164,257047687,257047687,data/raw/country_code=vn/dataset=product_categories/shop_id=108166524/product_categories.csv,188,vn,product_categories,108166524,vn,21591659164.0,257047687.0,257047687.0
108166524,2026-07-02,45011729618,257047687,257047687,data/raw/country_code=vn/dataset=product_categories/shop_id=108166524/product_categories.csv,189,vn,product_categories,108166524,vn,45011729618.0,257047687.0,257047687.0
108166524,2026-07-02,25142564416,257047687,257047687,data/raw/country_code=vn/dataset=product_categories/shop_id=108166524/product_categories.csv,190,vn,product_categories,108166524,vn,25142564416.0,257047687.0,257047687.0
108166524,2026-07-02,41073495592,257047687,257047687,data/raw/country_code=vn/dataset=product_categories/shop_id=108166524/product_categories.csv,191,vn,product_categories,108166524,vn,41073495592.0,257047687.0,257047687.0
108166524,2026-07-02,29929277161,257047700,257047700,data/raw/country_code=vn/dataset=product_categories/shop_id=108166524/product_categories.csv,192,vn,product_categories,108166524,vn,29929277161.0,257047700.0,257047700.0
108166524,2026-07-02,10218493690,257047700,257047700,data/raw/country_code=vn/dataset=product_categories/shop_id=108166524/product_categories.csv,193,vn,product_categories,108166524,vn,10218493690.0,257047700.0,257047700.0
108166524,2026-07-02,19079264764,257047700,257047700,data/raw/country_code=vn/dataset=product_categories/shop_id=108166524/product_categories.csv,194,vn,product_categories,108166524,vn,19079264764.0,257047700.0,257047700.0
108166524,2026-07-02,28729293005,257047700,257047700,data/raw/country_code=vn/dataset=product_categories/shop_id=108166524/product_categories.csv,195,vn,product_categories,108166524,vn,28729293005.0,257047700.0,257047700.0
108166524,2026-07-02,28079281911,257047700,257047700,data/raw/country_code=vn/dataset=product_categories/shop_id=108166524/product_categories.csv,196,vn,product_categories,108166524,vn,28079281911.0,257047700.0,257047700.0
108166524,2026-07-02,53654127440,257047700,257047700,data/raw/country_code=vn/dataset=product_categories/shop_id=108166524/product_categories.csv,197,vn,product_categories,108166524,vn,53654127440.0,257047700.0,257047700.0
108166524,2026-07-02,11518480861,257047700,257047700,data/raw/country_code=vn/dataset=product_categories/shop_id=108166524/product_categories.csv,198,vn,product_categories,108166524,vn,11518480861.0,257047700.0,257047700.0
108166524,2026-07-02,57054122936,257047700,257047700,data/raw/country_code=vn/dataset=product_categories/shop_id=108166524/product_categories.csv,199,vn,product_categories,108166524,vn,57054122936.0,257047700.0,257047700.0
108166524,2026-07-02,45404142712,257047700,257047700,data/raw/country_code=vn/dataset=product_categories/shop_id=108166524/product_categories.csv,200,vn,product_categories,108166524,vn,45404142712.0,257047700.0,257047700.0
108166524,2026-07-02,41677746493,257047700,257047700,data/raw/country_code=vn/dataset=product_categories/shop_id=108166524/product_categories.csv,201,vn,product_categories,108166524,vn,41677746493.0,257047700.0,257047700.0
108166524,2026-07-02,47806387854,257047700,257047700,data/raw/country_code=vn/dataset=product_categories/shop_id=108166524/product_categories.csv,202,vn,product_categories,108166524,vn,47806387854.0,257047700.0,257047700.0
108166524,2026-07-02,52204122884,257047700,257047700,data/raw/country_code=vn/dataset=product_categories/shop_id=108166524/product_categories.csv,203,vn,product_categories,108166524,vn,52204122884.0,257047700.0,257047700.0
108166524,2026-07-02,3075288173,257047700,257047700,data/raw/country_code=vn/dataset=product_categories/shop_id=108166524/product_categories.csv,204,vn,product_categories,108166524,vn,3075288173.0,257047700.0,257047700.0
108166524,2026-07-02,42962543920,257047700,257047700,data/raw/country_code=vn/dataset=product_categories/shop_id=108166524/product_categories.csv,205,vn,product_categories,108166524,vn,42962543920.0,257047700.0,257047700.0
108166524,2026-07-02,47055534935,257047700,257047700,data/raw/country_code=vn/dataset=product_categories/shop_id=108166524/product_categories.csv,206,vn,product_categories,108166524,vn,47055534935.0,257047700.0,257047700.0
108166524,2026-07-02,46807629209,257047700,257047700,data/raw/country_code=vn/dataset=product_categories/shop_id=108166524/product_categories.csv,207,vn,product_categories,108166524,vn,46807629209.0,257047700.0,257047700.0
108166524,2026-07-02,41228927414,257047700,257047700,data/raw/country_code=vn/dataset=product_categories/shop_id=108166524/product_categories.csv,208,vn,product_categories,108166524,vn,41228927414.0,257047700.0,257047700.0
108166524,2026-07-02,55604121866,257047700,257047700,data/raw/country_code=vn/dataset=product_categories/shop_id=108166524/product_categories.csv,209,vn,product_categories,108166524,vn,55604121866.0,257047700.0,257047700.0
108166524,2026-07-02,51652982842,257047700,257047700,data/raw/country_code=vn/dataset=product_categories/shop_id=108166524/product_categories.csv,210,vn,product_categories,108166524,vn,51652982842.0,257047700.0,257047700.0
108166524,2026-07-02,47254151647,257047700,257047700,data/raw/country_code=vn/dataset=product_categories/shop_id=108166524/product_categories.csv,211,vn,product_categories,108166524,vn,47254151647.0,257047700.0,257047700.0
108166524,2026-07-02,57802014514,257047700,257047700,data/raw/country_code=vn/dataset=product_categories/shop_id=108166524/product_categories.csv,212,vn,product_categories,108166524,vn,57802014514.0,257047700.0,257047700.0
108166524,2026-07-02,47303008009,257047700,257047700,data/raw/country_code=vn/dataset=product_categories/shop_id=108166524/product_categories.csv,213,vn,product_categories,108166524,vn,47303008009.0,257047700.0,257047700.0
108166524,2026-07-02,46204147616,257047700,257047700,data/raw/country_code=vn/dataset=product_categories/shop_id=108166524/product_categories.csv,214,vn,product_categories,108166524,vn,46204147616.0,257047700.0,257047700.0
108166524,2026-07-02,45252508882,257047700,257047700,data/raw/country_code=vn/dataset=product_categories/shop_id=108166524/product_categories.csv,215,vn,product_categories,108166524,vn,45252508882.0,257047700.0,257047700.0
108166524,2026-07-02,54952020709,257047700,257047700,data/raw/country_code=vn/dataset=product_categories/shop_id=108166524/product_categories.csv,216,vn,product_categories,108166524,vn,54952020709.0,257047700.0,257047700.0
108166524,2026-07-02,42577755622,257047700,257047700,data/raw/country_code=vn/dataset=product_categories/shop_id=108166524/product_categories.csv,217,vn,product_categories,108166524,vn,42577755622.0,257047700.0,257047700.0
108166524,2026-07-02,41276719159,257047700,257047700,data/raw/country_code=vn/dataset=product_categories/shop_id=108166524/product_categories.csv,218,vn,product_categories,108166524,vn,41276719159.0,257047700.0,257047700.0
108166524,2026-07-02,54602009580,257047700,257047700,data/raw/country_code=vn/dataset=product_categories/shop_id=108166524/product_categories.csv,219,vn,product_categories,108166524,vn,54602009580.0,257047700.0,257047700.0
108166524,2026-07-02,45552660535,257047700,257047700,data/raw/country_code=vn/dataset=product_categories/shop_id=108166524/product_categories.csv,220,vn,product_categories,108166524,vn,45552660535.0,257047700.0,257047700.0
108166524,2026-07-02,49552029594,257047700,257047700,data/raw/country_code=vn/dataset=product_categories/shop_id=108166524/product_categories.csv,221,vn,product_categories,108166524,vn,49552029594.0,257047700.0,257047700.0
108166524,2026-07-02,43526722905,257047700,257047700,data/raw/country_code=vn/dataset=product_categories/shop_id=108166524/product_categories.csv,222,vn,product_categories,108166524,vn,43526722905.0,257047700.0,257047700.0
108166524,2026-07-02,50154131337,257047700,257047700,data/raw/country_code=vn/dataset=product_categories/shop_id=108166524/product_categories.csv,223,vn,product_categories,108166524,vn,50154131337.0,257047700.0,257047700.0
108166524,2026-07-02,43677750849,257047700,257047700,data/raw/country_code=vn/dataset=product_categories/shop_id=108166524/product_categories.csv,224,vn,product_categories,108166524,vn,43677750849.0,257047700.0,257047700.0
108166524,2026-07-02,50556508874,257047700,257047700,data/raw/country_code=vn/dataset=product_categories/shop_id=108166524/product_categories.csv,225,vn,product_categories,108166524,vn,50556508874.0,257047700.0,257047700.0
108166524,2026-07-02,54752025528,257047700,257047700,data/raw/country_code=vn/dataset=product_categories/shop_id=108166524/product_categories.csv,226,vn,product_categories,108166524,vn,54752025528.0,257047700.0,257047700.0
108166524,2026-07-02,55454127534,257047700,257047700,data/raw/country_code=vn/dataset=product_categories/shop_id=108166524/product_categories.csv,227,vn,product_categories,108166524,vn,55454127534.0,257047700.0,257047700.0
108166524,2026-07-02,29929277161,257047701,257047701,data/raw/country_code=vn/dataset=product_categories/shop_id=108166524/product_categories.csv,228,vn,product_categories,108166524,vn,29929277161.0,257047701.0,257047701.0
108166524,2026-07-02,19079264764,257047701,257047701,data/raw/country_code=vn/dataset=product_categories/shop_id=108166524/product_categories.csv,229,vn,product_categories,108166524,vn,19079264764.0,257047701.0,257047701.0
108166524,2026-07-02,28079281911,257047701,257047701,data/raw/country_code=vn/dataset=product_categories/shop_id=108166524/product_categories.csv,230,vn,product_categories,108166524,vn,28079281911.0,257047701.0,257047701.0
108166524,2026-07-02,53654127440,257047701,257047701,data/raw/country_code=vn/dataset=product_categories/shop_id=108166524/product_categories.csv,231,vn,product_categories,108166524,vn,53654127440.0,257047701.0,257047701.0
108166524,2026-07-02,11518480861,257047701,257047701,data/raw/country_code=vn/dataset=product_categories/shop_id=108166524/product_categories.csv,232,vn,product_categories,108166524,vn,11518480861.0,257047701.0,257047701.0
108166524,2026-07-02,57054122936,257047701,257047701,data/raw/country_code=vn/dataset=product_categories/shop_id=108166524/product_categories.csv,233,vn,product_categories,108166524,vn,57054122936.0,257047701.0,257047701.0
108166524,2026-07-02,45404142712,257047701,257047701,data/raw/country_code=vn/dataset=product_categories/shop_id=108166524/product_categories.csv,234,vn,product_categories,108166524,vn,45404142712.0,257047701.0,257047701.0
108166524,2026-07-02,41677746493,257047701,257047701,data/raw/country_code=vn/dataset=product_categories/shop_id=108166524/product_categories.csv,235,vn,product_categories,108166524,vn,41677746493.0,257047701.0,257047701.0
108166524,2026-07-02,47806387854,257047701,257047701,data/raw/country_code=vn/dataset=product_categories/shop_id=108166524/product_categories.csv,236,vn,product_categories,108166524,vn,47806387854.0,257047701.0,257047701.0
108166524,2026-07-02,52204122884,257047701,257047701,data/raw/country_code=vn/dataset=product_categories/shop_id=108166524/product_categories.csv,237,vn,product_categories,108166524,vn,52204122884.0,257047701.0,257047701.0
108166524,2026-07-02,3075288173,257047701,257047701,data/raw/country_code=vn/dataset=product_categories/shop_id=108166524/product_categories.csv,238,vn,product_categories,108166524,vn,3075288173.0,257047701.0,257047701.0
108166524,2026-07-02,42962543920,257047701,257047701,data/raw/country_code=vn/dataset=product_categories/shop_id=108166524/product_categories.csv,239,vn,product_categories,108166524,vn,42962543920.0,257047701.0,257047701.0
108166524,2026-07-02,47055534935,257047701,257047701,data/raw/country_code=vn/dataset=product_categories/shop_id=108166524/product_categories.csv,240,vn,product_categories,108166524,vn,47055534935.0,257047701.0,257047701.0
108166524,2026-07-02,46807629209,257047701,257047701,data/raw/country_code=vn/dataset=product_categories/shop_id=108166524/product_categories.csv,241,vn,product_categories,108166524,vn,46807629209.0,257047701.0,257047701.0
108166524,2026-07-02,55604121866,257047701,257047701,data/raw/country_code=vn/dataset=product_categories/shop_id=108166524/product_categories.csv,242,vn,product_categories,108166524,vn,55604121866.0,257047701.0,257047701.0
108166524,2026-07-02,51652982842,257047701,257047701,data/raw/country_code=vn/dataset=product_categories/shop_id=108166524/product_categories.csv,243,vn,product_categories,108166524,vn,51652982842.0,257047701.0,257047701.0
108166524,2026-07-02,47254151647,257047701,257047701,data/raw/country_code=vn/dataset=product_categories/shop_id=108166524/product_categories.csv,244,vn,product_categories,108166524,vn,47254151647.0,257047701.0,257047701.0
108166524,2026-07-02,57802014514,257047701,257047701,data/raw/country_code=vn/dataset=product_categories/shop_id=108166524/product_categories.csv,245,vn,product_categories,108166524,vn,57802014514.0,257047701.0,257047701.0
108166524,2026-07-02,47303008009,257047701,257047701,data/raw/country_code=vn/dataset=product_categories/shop_id=108166524/product_categories.csv,246,vn,product_categories,108166524,vn,47303008009.0,257047701.0,257047701.0
108166524,2026-07-02,46204147616,257047701,257047701,data/raw/country_code=vn/dataset=product_categories/shop_id=108166524/product_categories.csv,247,vn,product_categories,108166524,vn,46204147616.0,257047701.0,257047701.0
108166524,2026-07-02,45252508882,257047701,257047701,data/raw/country_code=vn/dataset=product_categories/shop_id=108166524/product_categories.csv,248,vn,product_categories,108166524,vn,45252508882.0,257047701.0,257047701.0
108166524,2026-07-02,54952020709,257047701,257047701,data/raw/country_code=vn/dataset=product_categories/shop_id=108166524/product_categories.csv,249,vn,product_categories,108166524,vn,54952020709.0,257047701.0,257047701.0
108166524,2026-07-02,42577755622,257047701,257047701,data/raw/country_code=vn/dataset=product_categories/shop_id=108166524/product_categories.csv,250,vn,product_categories,108166524,vn,42577755622.0,257047701.0,257047701.0
108166524,2026-07-02,41276719159,257047701,257047701,data/raw/country_code=vn/dataset=product_categories/shop_id=108166524/product_categories.csv,251,vn,product_categories,108166524,vn,41276719159.0,257047701.0,257047701.0
108166524,2026-07-02,54602009580,257047701,257047701,data/raw/country_code=vn/dataset=product_categories/shop_id=108166524/product_categories.csv,252,vn,product_categories,108166524,vn,54602009580.0,257047701.0,257047701.0
108166524,2026-07-02,45552660535,257047701,257047701,data/raw/country_code=vn/dataset=product_categories/shop_id=108166524/product_categories.csv,253,vn,product_categories,108166524,vn,45552660535.0,257047701.0,257047701.0
108166524,2026-07-02,49552029594,257047701,257047701,data/raw/country_code=vn/dataset=product_categories/shop_id=108166524/product_categories.csv,254,vn,product_categories,108166524,vn,49552029594.0,257047701.0,257047701.0
108166524,2026-07-02,43526722905,257047701,257047701,data/raw/country_code=vn/dataset=product_categories/shop_id=108166524/product_categories.csv,255,vn,product_categories,108166524,vn,43526722905.0,257047701.0,257047701.0
108166524,2026-07-02,50154131337,257047701,257047701,data/raw/country_code=vn/dataset=product_categories/shop_id=108166524/product_categories.csv,256,vn,product_categories,108166524,vn,50154131337.0,257047701.0,257047701.0
108166524,2026-07-02,43677750849,257047701,257047701,data/raw/country_code=vn/dataset=product_categories/shop_id=108166524/product_categories.csv,257,vn,product_categories,108166524,vn,43677750849.0,257047701.0,257047701.0
108166524,2026-07-02,54752025528,257047701,257047701,data/raw/country_code=vn/dataset=product_categories/shop_id=108166524/product_categories.csv,258,vn,product_categories,108166524,vn,54752025528.0,257047701.0,257047701.0
108166524,2026-07-02,55454127534,257047701,257047701,data/raw/country_code=vn/dataset=product_categories/shop_id=108166524/product_categories.csv,259,vn,product_categories,108166524,vn,55454127534.0,257047701.0,257047701.0
108166524,2026-07-02,10218493690,257047702,257047702,data/raw/country_code=vn/dataset=product_categories/shop_id=108166524/product_categories.csv,260,vn,product_categories,108166524,vn,10218493690.0,257047702.0,257047702.0
108166524,2026-07-02,28729293005,257047702,257047702,data/raw/country_code=vn/dataset=product_categories/shop_id=108166524/product_categories.csv,261,vn,product_categories,108166524,vn,28729293005.0,257047702.0,257047702.0
108166524,2026-07-02,41228927414,257047702,257047702,data/raw/country_code=vn/dataset=product_categories/shop_id=108166524/product_categories.csv,262,vn,product_categories,108166524,vn,41228927414.0,257047702.0,257047702.0
108166524,2026-07-02,50556508874,257047702,257047702,data/raw/country_code=vn/dataset=product_categories/shop_id=108166524/product_categories.csv,263,vn,product_categories,108166524,vn,50556508874.0,257047702.0,257047702.0
108166524,2026-07-03,1759126818,257047654,257047654,data/raw/country_code=vn/dataset=product_categories/shop_id=108166524/product_categories.csv,264,vn,product_categories,108166524,vn,1759126818.0,257047654.0,257047654.0
108166524,2026-07-03,11818497272,257047654,257047654,data/raw/country_code=vn/dataset=product_categories/shop_id=108166524/product_categories.csv,265,vn,product_categories,108166524,vn,11818497272.0,257047654.0,257047654.0
108166524,2026-07-03,19351768341,257047654,257047654,data/raw/country_code=vn/dataset=product_categories/shop_id=108166524/product_categories.csv,266,vn,product_categories,108166524,vn,19351768341.0,257047654.0,257047654.0
108166524,2026-07-03,22172626348,257047654,257047654,data/raw/country_code=vn/dataset=product_categories/shop_id=108166524/product_categories.csv,267,vn,product_categories,108166524,vn,22172626348.0,257047654.0,257047654.0
108166524,2026-07-03,21217504122,257047654,257047654,data/raw/country_code=vn/dataset=product_categories/shop_id=108166524/product_categories.csv,268,vn,product_categories,108166524,vn,21217504122.0,257047654.0,257047654.0
108166524,2026-07-03,20513481191,257047654,257047654,data/raw/country_code=vn/dataset=product_categories/shop_id=108166524/product_categories.csv,269,vn,product_categories,108166524,vn,20513481191.0,257047654.0,257047654.0
108166524,2026-07-03,18517504771,257047654,257047654,data/raw/country_code=vn/dataset=product_categories/shop_id=108166524/product_categories.csv,270,vn,product_categories,108166524,vn,18517504771.0,257047654.0,257047654.0
108166524,2026-07-03,25642549505,257047654,257047654,data/raw/country_code=vn/dataset=product_categories/shop_id=108166524/product_categories.csv,271,vn,product_categories,108166524,vn,25642549505.0,257047654.0,257047654.0
108166524,2026-07-03,20018190581,257047654,257047654,data/raw/country_code=vn/dataset=product_categories/shop_id=108166524/product_categories.csv,272,vn,product_categories,108166524,vn,20018190581.0,257047654.0,257047654.0
108166524,2026-07-03,17377770549,257047654,257047654,data/raw/country_code=vn/dataset=product_categories/shop_id=108166524/product_categories.csv,273,vn,product_categories,108166524,vn,17377770549.0,257047654.0,257047654.0
108166524,2026-07-03,11818497272,257047677,257047677,data/raw/country_code=vn/dataset=product_categories/shop_id=108166524/product_categories.csv,274,vn,product_categories,108166524,vn,11818497272.0,257047677.0,257047677.0
108166524,2026-07-03,19351768341,257047677,257047677,data/raw/country_code=vn/dataset=product_categories/shop_id=108166524/product_categories.csv,275,vn,product_categories,108166524,vn,19351768341.0,257047677.0,257047677.0
108166524,2026-07-03,22172626348,257047677,257047677,data/raw/country_code=vn/dataset=product_categories/shop_id=108166524/product_categories.csv,276,vn,product_categories,108166524,vn,22172626348.0,257047677.0,257047677.0
108166524,2026-07-03,21217504122,257047677,257047677,data/raw/country_code=vn/dataset=product_categories/shop_id=108166524/product_categories.csv,277,vn,product_categories,108166524,vn,21217504122.0,257047677.0,257047677.0
108166524,2026-07-03,1759126818,257047679,257047679,data/raw/country_code=vn/dataset=product_categories/shop_id=108166524/product_categories.csv,278,vn,product_categories,108166524,vn,1759126818.0,257047679.0,257047679.0
108166524,2026-07-03,20513481191,257047679,257047679,data/raw/country_code=vn/dataset=product_categories/shop_id=108166524/product_categories.csv,279,vn,product_categories,108166524,vn,20513481191.0,257047679.0,257047679.0
108166524,2026-07-03,18517504771,257047679,257047679,data/raw/country_code=vn/dataset=product_categories/shop_id=108166524/product_categories.csv,280,vn,product_categories,108166524,vn,18517504771.0,257047679.0,257047679.0
108166524,2026-07-03,25642549505,257047679,257047679,data/raw/country_code=vn/dataset=product_categories/shop_id=108166524/product_categories.csv,281,vn,product_categories,108166524,vn,25642549505.0,257047679.0,257047679.0
108166524,2026-07-03,20018190581,257047679,257047679,data/raw/country_code=vn/dataset=product_categories/shop_id=108166524/product_categories.csv,282,vn,product_categories,108166524,vn,20018190581.0,257047679.0,257047679.0
108166524,2026-07-03,17377770549,257047679,257047679,data/raw/country_code=vn/dataset=product_categories/shop_id=108166524/product_categories.csv,283,vn,product_categories,108166524,vn,17377770549.0,257047679.0,257047679.0
108166524,2026-07-03,17483738735,257047685,257047685,data/raw/country_code=vn/dataset=product_categories/shop_id=108166524/product_categories.csv,284,vn,product_categories,108166524,vn,17483738735.0,257047685.0,257047685.0
108166524,2026-07-03,16081861365,257047685,257047685,data/raw/country_code=vn/dataset=product_categories/shop_id=108166524/product_categories.csv,285,vn,product_categories,108166524,vn,16081861365.0,257047685.0,257047685.0
108166524,2026-07-03,25364580727,257047685,257047685,data/raw/country_code=vn/dataset=product_categories/shop_id=108166524/product_categories.csv,286,vn,product_categories,108166524,vn,25364580727.0,257047685.0,257047685.0
108166524,2026-07-03,42463531743,257047685,257047685,data/raw/country_code=vn/dataset=product_categories/shop_id=108166524/product_categories.csv,287,vn,product_categories,108166524,vn,42463531743.0,257047685.0,257047685.0
108166524,2026-07-03,7005434955,257047685,257047685,data/raw/country_code=vn/dataset=product_categories/shop_id=108166524/product_categories.csv,288,vn,product_categories,108166524,vn,7005434955.0,257047685.0,257047685.0
108166524,2026-07-03,29179302583,257047685,257047685,data/raw/country_code=vn/dataset=product_categories/shop_id=108166524/product_categories.csv,289,vn,product_categories,108166524,vn,29179302583.0,257047685.0,257047685.0
108166524,2026-07-03,55211157221,257047685,257047685,data/raw/country_code=vn/dataset=product_categories/shop_id=108166524/product_categories.csv,290,vn,product_categories,108166524,vn,55211157221.0,257047685.0,257047685.0
108166524,2026-07-03,2260506115,257047685,257047685,data/raw/country_code=vn/dataset=product_categories/shop_id=108166524/product_categories.csv,291,vn,product_categories,108166524,vn,2260506115.0,257047685.0,257047685.0
108166524,2026-07-03,44101214714,257047685,257047685,data/raw/country_code=vn/dataset=product_categories/shop_id=108166524/product_categories.csv,292,vn,product_categories,108166524,vn,44101214714.0,257047685.0,257047685.0
108166524,2026-07-03,21591659164,257047685,257047685,data/raw/country_code=vn/dataset=product_categories/shop_id=108166524/product_categories.csv,293,vn,product_categories,108166524,vn,21591659164.0,257047685.0,257047685.0
108166524,2026-07-03,19234852537,257047685,257047685,data/raw/country_code=vn/dataset=product_categories/shop_id=108166524/product_categories.csv,294,vn,product_categories,108166524,vn,19234852537.0,257047685.0,257047685.0
108166524,2026-07-03,45361734616,257047685,257047685,data/raw/country_code=vn/dataset=product_categories/shop_id=108166524/product_categories.csv,295,vn,product_categories,108166524,vn,45361734616.0,257047685.0,257047685.0
108166524,2026-07-03,45011729618,257047685,257047685,data/raw/country_code=vn/dataset=product_categories/shop_id=108166524/product_categories.csv,296,vn,product_categories,108166524,vn,45011729618.0,257047685.0,257047685.0
108166524,2026-07-03,41073495592,257047685,257047685,data/raw/country_code=vn/dataset=product_categories/shop_id=108166524/product_categories.csv,297,vn,product_categories,108166524,vn,41073495592.0,257047685.0,257047685.0
108166524,2026-07-03,25142564416,257047685,257047685,data/raw/country_code=vn/dataset=product_categories/shop_id=108166524/product_categories.csv,298,vn,product_categories,108166524,vn,25142564416.0,257047685.0,257047685.0
108166524,2026-07-03,17483738735,257047687,257047687,data/raw/country_code=vn/dataset=product_categories/shop_id=108166524/product_categories.csv,299,vn,product_categories,108166524,vn,17483738735.0,257047687.0,257047687.0
108166524,2026-07-03,16081861365,257047687,257047687,data/raw/country_code=vn/dataset=product_categories/shop_id=108166524/product_categories.csv,300,vn,product_categories,108166524,vn,16081861365.0,257047687.0,257047687.0
108166524,2026-07-03,25364580727,257047687,257047687,data/raw/country_code=vn/dataset=product_categories/shop_id=108166524/product_categories.csv,301,vn,product_categories,108166524,vn,25364580727.0,257047687.0,257047687.0
108166524,2026-07-03,42463531743,257047687,257047687,data/raw/country_code=vn/dataset=product_categories/shop_id=108166524/product_categories.csv,302,vn,product_categories,108166524,vn,42463531743.0,257047687.0,257047687.0
108166524,2026-07-03,7005434955,257047687,257047687,data/raw/country_code=vn/dataset=product_categories/shop_id=108166524/product_categories.csv,303,vn,product_categories,108166524,vn,7005434955.0,257047687.0,257047687.0
108166524,2026-07-03,29179302583,257047687,257047687,data/raw/country_code=vn/dataset=product_categories/shop_id=108166524/product_categories.csv,304,vn,product_categories,108166524,vn,29179302583.0,257047687.0,257047687.0
108166524,2026-07-03,55211157221,257047687,257047687,data/raw/country_code=vn/dataset=product_categories/shop_id=108166524/product_categories.csv,305,vn,product_categories,108166524,vn,55211157221.0,257047687.0,257047687.0
108166524,2026-07-03,2260506115,257047687,257047687,data/raw/country_code=vn/dataset=product_categories/shop_id=108166524/product_categories.csv,306,vn,product_categories,108166524,vn,2260506115.0,257047687.0,257047687.0
108166524,2026-07-03,44101214714,257047687,257047687,data/raw/country_code=vn/dataset=product_categories/shop_id=108166524/product_categories.csv,307,vn,product_categories,108166524,vn,44101214714.0,257047687.0,257047687.0
108166524,2026-07-03,21591659164,257047687,257047687,data/raw/country_code=vn/dataset=product_categories/shop_id=108166524/product_categories.csv,308,vn,product_categories,108166524,vn,21591659164.0,257047687.0,257047687.0
108166524,2026-07-03,19234852537,257047687,257047687,data/raw/country_code=vn/dataset=product_categories/shop_id=108166524/product_categories.csv,309,vn,product_categories,108166524,vn,19234852537.0,257047687.0,257047687.0
108166524,2026-07-03,45361734616,257047687,257047687,data/raw/country_code=vn/dataset=product_categories/shop_id=108166524/product_categories.csv,310,vn,product_categories,108166524,vn,45361734616.0,257047687.0,257047687.0
108166524,2026-07-03,45011729618,257047687,257047687,data/raw/country_code=vn/dataset=product_categories/shop_id=108166524/product_categories.csv,311,vn,product_categories,108166524,vn,45011729618.0,257047687.0,257047687.0
108166524,2026-07-03,41073495592,257047687,257047687,data/raw/country_code=vn/dataset=product_categories/shop_id=108166524/product_categories.csv,312,vn,product_categories,108166524,vn,41073495592.0,257047687.0,257047687.0
108166524,2026-07-03,25142564416,257047687,257047687,data/raw/country_code=vn/dataset=product_categories/shop_id=108166524/product_categories.csv,313,vn,product_categories,108166524,vn,25142564416.0,257047687.0,257047687.0
108166524,2026-07-03,29929277161,257047700,257047700,data/raw/country_code=vn/dataset=product_categories/shop_id=108166524/product_categories.csv,314,vn,product_categories,108166524,vn,29929277161.0,257047700.0,257047700.0
108166524,2026-07-03,10218493690,257047700,257047700,data/raw/country_code=vn/dataset=product_categories/shop_id=108166524/product_categories.csv,315,vn,product_categories,108166524,vn,10218493690.0,257047700.0,257047700.0
108166524,2026-07-03,19079264764,257047700,257047700,data/raw/country_code=vn/dataset=product_categories/shop_id=108166524/product_categories.csv,316,vn,product_categories,108166524,vn,19079264764.0,257047700.0,257047700.0
108166524,2026-07-03,53654127440,257047700,257047700,data/raw/country_code=vn/dataset=product_categories/shop_id=108166524/product_categories.csv,317,vn,product_categories,108166524,vn,53654127440.0,257047700.0,257047700.0
108166524,2026-07-03,42955556831,257047700,257047700,data/raw/country_code=vn/dataset=product_categories/shop_id=108166524/product_categories.csv,318,vn,product_categories,108166524,vn,42955556831.0,257047700.0,257047700.0
108166524,2026-07-03,28079281911,257047700,257047700,data/raw/country_code=vn/dataset=product_categories/shop_id=108166524/product_categories.csv,319,vn,product_categories,108166524,vn,28079281911.0,257047700.0,257047700.0
108166524,2026-07-03,11518480861,257047700,257047700,data/raw/country_code=vn/dataset=product_categories/shop_id=108166524/product_categories.csv,320,vn,product_categories,108166524,vn,11518480861.0,257047700.0,257047700.0
108166524,2026-07-03,45404142712,257047700,257047700,data/raw/country_code=vn/dataset=product_categories/shop_id=108166524/product_categories.csv,321,vn,product_categories,108166524,vn,45404142712.0,257047700.0,257047700.0
108166524,2026-07-03,41677746493,257047700,257047700,data/raw/country_code=vn/dataset=product_categories/shop_id=108166524/product_categories.csv,322,vn,product_categories,108166524,vn,41677746493.0,257047700.0,257047700.0
108166524,2026-07-03,49254147237,257047700,257047700,data/raw/country_code=vn/dataset=product_categories/shop_id=108166524/product_categories.csv,323,vn,product_categories,108166524,vn,49254147237.0,257047700.0,257047700.0
108166524,2026-07-03,42962543920,257047700,257047700,data/raw/country_code=vn/dataset=product_categories/shop_id=108166524/product_categories.csv,324,vn,product_categories,108166524,vn,42962543920.0,257047700.0,257047700.0
108166524,2026-07-03,28729293005,257047700,257047700,data/raw/country_code=vn/dataset=product_categories/shop_id=108166524/product_categories.csv,325,vn,product_categories,108166524,vn,28729293005.0,257047700.0,257047700.0
108166524,2026-07-03,3075288173,257047700,257047700,data/raw/country_code=vn/dataset=product_categories/shop_id=108166524/product_categories.csv,326,vn,product_categories,108166524,vn,3075288173.0,257047700.0,257047700.0
108166524,2026-07-03,57054122936,257047700,257047700,data/raw/country_code=vn/dataset=product_categories/shop_id=108166524/product_categories.csv,327,vn,product_categories,108166524,vn,57054122936.0,257047700.0,257047700.0
108166524,2026-07-03,52204122884,257047700,257047700,data/raw/country_code=vn/dataset=product_categories/shop_id=108166524/product_categories.csv,328,vn,product_categories,108166524,vn,52204122884.0,257047700.0,257047700.0
108166524,2026-07-03,47806387854,257047700,257047700,data/raw/country_code=vn/dataset=product_categories/shop_id=108166524/product_categories.csv,329,vn,product_categories,108166524,vn,47806387854.0,257047700.0,257047700.0
108166524,2026-07-03,52854131624,257047700,257047700,data/raw/country_code=vn/dataset=product_categories/shop_id=108166524/product_categories.csv,330,vn,product_categories,108166524,vn,52854131624.0,257047700.0,257047700.0
108166524,2026-07-03,46804156138,257047700,257047700,data/raw/country_code=vn/dataset=product_categories/shop_id=108166524/product_categories.csv,331,vn,product_categories,108166524,vn,46804156138.0,257047700.0,257047700.0
108166524,2026-07-03,47055534935,257047700,257047700,data/raw/country_code=vn/dataset=product_categories/shop_id=108166524/product_categories.csv,332,vn,product_categories,108166524,vn,47055534935.0,257047700.0,257047700.0
108166524,2026-07-03,55604121866,257047700,257047700,data/raw/country_code=vn/dataset=product_categories/shop_id=108166524/product_categories.csv,333,vn,product_categories,108166524,vn,55604121866.0,257047700.0,257047700.0
108166524,2026-07-03,46807629209,257047700,257047700,data/raw/country_code=vn/dataset=product_categories/shop_id=108166524/product_categories.csv,334,vn,product_categories,108166524,vn,46807629209.0,257047700.0,257047700.0
108166524,2026-07-03,41228927414,257047700,257047700,data/raw/country_code=vn/dataset=product_categories/shop_id=108166524/product_categories.csv,335,vn,product_categories,108166524,vn,41228927414.0,257047700.0,257047700.0
108166524,2026-07-03,47254151647,257047700,257047700,data/raw/country_code=vn/dataset=product_categories/shop_id=108166524/product_categories.csv,336,vn,product_categories,108166524,vn,47254151647.0,257047700.0,257047700.0
108166524,2026-07-03,57802014514,257047700,257047700,data/raw/country_code=vn/dataset=product_categories/shop_id=108166524/product_categories.csv,337,vn,product_categories,108166524,vn,57802014514.0,257047700.0,257047700.0
108166524,2026-07-03,46204147616,257047700,257047700,data/raw/country_code=vn/dataset=product_categories/shop_id=108166524/product_categories.csv,338,vn,product_categories,108166524,vn,46204147616.0,257047700.0,257047700.0
108166524,2026-07-03,51652982842,257047700,257047700,data/raw/country_code=vn/dataset=product_categories/shop_id=108166524/product_categories.csv,339,vn,product_categories,108166524,vn,51652982842.0,257047700.0,257047700.0
108166524,2026-07-03,47303008009,257047700,257047700,data/raw/country_code=vn/dataset=product_categories/shop_id=108166524/product_categories.csv,340,vn,product_categories,108166524,vn,47303008009.0,257047700.0,257047700.0
108166524,2026-07-03,45252508882,257047700,257047700,data/raw/country_code=vn/dataset=product_categories/shop_id=108166524/product_categories.csv,341,vn,product_categories,108166524,vn,45252508882.0,257047700.0,257047700.0
108166524,2026-07-03,42577755622,257047700,257047700,data/raw/country_code=vn/dataset=product_categories/shop_id=108166524/product_categories.csv,342,vn,product_categories,108166524,vn,42577755622.0,257047700.0,257047700.0
108166524,2026-07-03,41276719159,257047700,257047700,data/raw/country_code=vn/dataset=product_categories/shop_id=108166524/product_categories.csv,343,vn,product_categories,108166524,vn,41276719159.0,257047700.0,257047700.0
108166524,2026-07-03,52702489216,257047700,257047700,data/raw/country_code=vn/dataset=product_categories/shop_id=108166524/product_categories.csv,344,vn,product_categories,108166524,vn,52702489216.0,257047700.0,257047700.0
108166524,2026-07-03,55454127534,257047700,257047700,data/raw/country_code=vn/dataset=product_categories/shop_id=108166524/product_categories.csv,345,vn,product_categories,108166524,vn,55454127534.0,257047700.0,257047700.0
108166524,2026-07-03,54602009580,257047700,257047700,data/raw/country_code=vn/dataset=product_categories/shop_id=108166524/product_categories.csv,346,vn,product_categories,108166524,vn,54602009580.0,257047700.0,257047700.0
108166524,2026-07-03,45552660535,257047700,257047700,data/raw/country_code=vn/dataset=product_categories/shop_id=108166524/product_categories.csv,347,vn,product_categories,108166524,vn,45552660535.0,257047700.0,257047700.0
108166524,2026-07-03,54952020709,257047700,257047700,data/raw/country_code=vn/dataset=product_categories/shop_id=108166524/product_categories.csv,348,vn,product_categories,108166524,vn,54952020709.0,257047700.0,257047700.0
108166524,2026-07-03,49552029594,257047700,257047700,data/raw/country_code=vn/dataset=product_categories/shop_id=108166524/product_categories.csv,349,vn,product_categories,108166524,vn,49552029594.0,257047700.0,257047700.0
108166524,2026-07-03,43677750849,257047700,257047700,data/raw/country_code=vn/dataset=product_categories/shop_id=108166524/product_categories.csv,350,vn,product_categories,108166524,vn,43677750849.0,257047700.0,257047700.0
108166524,2026-07-03,50154131337,257047700,257047700,data/raw/country_code=vn/dataset=product_categories/shop_id=108166524/product_categories.csv,351,vn,product_categories,108166524,vn,50154131337.0,257047700.0,257047700.0
108166524,2026-07-03,43526722905,257047700,257047700,data/raw/country_code=vn/dataset=product_categories/shop_id=108166524/product_categories.csv,352,vn,product_categories,108166524,vn,43526722905.0,257047700.0,257047700.0
108166524,2026-07-03,50556508874,257047700,257047700,data/raw/country_code=vn/dataset=product_categories/shop_id=108166524/product_categories.csv,353,vn,product_categories,108166524,vn,50556508874.0,257047700.0,257047700.0
108166524,2026-07-03,54752025528,257047700,257047700,data/raw/country_code=vn/dataset=product_categories/shop_id=108166524/product_categories.csv,354,vn,product_categories,108166524,vn,54752025528.0,257047700.0,257047700.0
108166524,2026-07-03,29929277161,257047701,257047701,data/raw/country_code=vn/dataset=product_categories/shop_id=108166524/product_categories.csv,355,vn,product_categories,108166524,vn,29929277161.0,257047701.0,257047701.0
108166524,2026-07-03,19079264764,257047701,257047701,data/raw/country_code=vn/dataset=product_categories/shop_id=108166524/product_categories.csv,356,vn,product_categories,108166524,vn,19079264764.0,257047701.0,257047701.0
108166524,2026-07-03,53654127440,257047701,257047701,data/raw/country_code=vn/dataset=product_categories/shop_id=108166524/product_categories.csv,357,vn,product_categories,108166524,vn,53654127440.0,257047701.0,257047701.0
108166524,2026-07-03,42955556831,257047701,257047701,data/raw/country_code=vn/dataset=product_categories/shop_id=108166524/product_categories.csv,358,vn,product_categories,108166524,vn,42955556831.0,257047701.0,257047701.0
108166524,2026-07-03,28079281911,257047701,257047701,data/raw/country_code=vn/dataset=product_categories/shop_id=108166524/product_categories.csv,359,vn,product_categories,108166524,vn,28079281911.0,257047701.0,257047701.0
108166524,2026-07-03,11518480861,257047701,257047701,data/raw/country_code=vn/dataset=product_categories/shop_id=108166524/product_categories.csv,360,vn,product_categories,108166524,vn,11518480861.0,257047701.0,257047701.0
108166524,2026-07-03,45404142712,257047701,257047701,data/raw/country_code=vn/dataset=product_categories/shop_id=108166524/product_categories.csv,361,vn,product_categories,108166524,vn,45404142712.0,257047701.0,257047701.0
108166524,2026-07-03,41677746493,257047701,257047701,data/raw/country_code=vn/dataset=product_categories/shop_id=108166524/product_categories.csv,362,vn,product_categories,108166524,vn,41677746493.0,257047701.0,257047701.0
108166524,2026-07-03,49254147237,257047701,257047701,data/raw/country_code=vn/dataset=product_categories/shop_id=108166524/product_categories.csv,363,vn,product_categories,108166524,vn,49254147237.0,257047701.0,257047701.0
108166524,2026-07-03,42962543920,257047701,257047701,data/raw/country_code=vn/dataset=product_categories/shop_id=108166524/product_categories.csv,364,vn,product_categories,108166524,vn,42962543920.0,257047701.0,257047701.0
108166524,2026-07-03,3075288173,257047701,257047701,data/raw/country_code=vn/dataset=product_categories/shop_id=108166524/product_categories.csv,365,vn,product_categories,108166524,vn,3075288173.0,257047701.0,257047701.0
108166524,2026-07-03,57054122936,257047701,257047701,data/raw/country_code=vn/dataset=product_categories/shop_id=108166524/product_categories.csv,366,vn,product_categories,108166524,vn,57054122936.0,257047701.0,257047701.0
108166524,2026-07-03,52204122884,257047701,257047701,data/raw/country_code=vn/dataset=product_categories/shop_id=108166524/product_categories.csv,367,vn,product_categories,108166524,vn,52204122884.0,257047701.0,257047701.0
108166524,2026-07-03,47806387854,257047701,257047701,data/raw/country_code=vn/dataset=product_categories/shop_id=108166524/product_categories.csv,368,vn,product_categories,108166524,vn,47806387854.0,257047701.0,257047701.0
108166524,2026-07-03,52854131624,257047701,257047701,data/raw/country_code=vn/dataset=product_categories/shop_id=108166524/product_categories.csv,369,vn,product_categories,108166524,vn,52854131624.0,257047701.0,257047701.0
108166524,2026-07-03,46804156138,257047701,257047701,data/raw/country_code=vn/dataset=product_categories/shop_id=108166524/product_categories.csv,370,vn,product_categories,108166524,vn,46804156138.0,257047701.0,257047701.0
108166524,2026-07-03,47055534935,257047701,257047701,data/raw/country_code=vn/dataset=product_categories/shop_id=108166524/product_categories.csv,371,vn,product_categories,108166524,vn,47055534935.0,257047701.0,257047701.0
108166524,2026-07-03,55604121866,257047701,257047701,data/raw/country_code=vn/dataset=product_categories/shop_id=108166524/product_categories.csv,372,vn,product_categories,108166524,vn,55604121866.0,257047701.0,257047701.0
108166524,2026-07-03,46807629209,257047701,257047701,data/raw/country_code=vn/dataset=product_categories/shop_id=108166524/product_categories.csv,373,vn,product_categories,108166524,vn,46807629209.0,257047701.0,257047701.0
108166524,2026-07-03,47254151647,257047701,257047701,data/raw/country_code=vn/dataset=product_categories/shop_id=108166524/product_categories.csv,374,vn,product_categories,108166524,vn,47254151647.0,257047701.0,257047701.0
108166524,2026-07-03,57802014514,257047701,257047701,data/raw/country_code=vn/dataset=product_categories/shop_id=108166524/product_categories.csv,375,vn,product_categories,108166524,vn,57802014514.0,257047701.0,257047701.0
108166524,2026-07-03,46204147616,257047701,257047701,data/raw/country_code=vn/dataset=product_categories/shop_id=108166524/product_categories.csv,376,vn,product_categories,108166524,vn,46204147616.0,257047701.0,257047701.0
108166524,2026-07-03,51652982842,257047701,257047701,data/raw/country_code=vn/dataset=product_categories/shop_id=108166524/product_categories.csv,377,vn,product_categories,108166524,vn,51652982842.0,257047701.0,257047701.0
108166524,2026-07-03,47303008009,257047701,257047701,data/raw/country_code=vn/dataset=product_categories/shop_id=108166524/product_categories.csv,378,vn,product_categories,108166524,vn,47303008009.0,257047701.0,257047701.0
108166524,2026-07-03,45252508882,257047701,257047701,data/raw/country_code=vn/dataset=product_categories/shop_id=108166524/product_categories.csv,379,vn,product_categories,108166524,vn,45252508882.0,257047701.0,257047701.0
108166524,2026-07-03,42577755622,257047701,257047701,data/raw/country_code=vn/dataset=product_categories/shop_id=108166524/product_categories.csv,380,vn,product_categories,108166524,vn,42577755622.0,257047701.0,257047701.0
108166524,2026-07-03,41276719159,257047701,257047701,data/raw/country_code=vn/dataset=product_categories/shop_id=108166524/product_categories.csv,381,vn,product_categories,108166524,vn,41276719159.0,257047701.0,257047701.0
108166524,2026-07-03,52702489216,257047701,257047701,data/raw/country_code=vn/dataset=product_categories/shop_id=108166524/product_categories.csv,382,vn,product_categories,108166524,vn,52702489216.0,257047701.0,257047701.0
108166524,2026-07-03,55454127534,257047701,257047701,data/raw/country_code=vn/dataset=product_categories/shop_id=108166524/product_categories.csv,383,vn,product_categories,108166524,vn,55454127534.0,257047701.0,257047701.0
108166524,2026-07-03,54602009580,257047701,257047701,data/raw/country_code=vn/dataset=product_categories/shop_id=108166524/product_categories.csv,384,vn,product_categories,108166524,vn,54602009580.0,257047701.0,257047701.0
108166524,2026-07-03,45552660535,257047701,257047701,data/raw/country_code=vn/dataset=product_categories/shop_id=108166524/product_categories.csv,385,vn,product_categories,108166524,vn,45552660535.0,257047701.0,257047701.0
108166524,2026-07-03,54952020709,257047701,257047701,data/raw/country_code=vn/dataset=product_categories/shop_id=108166524/product_categories.csv,386,vn,product_categories,108166524,vn,54952020709.0,257047701.0,257047701.0
108166524,2026-07-03,49552029594,257047701,257047701,data/raw/country_code=vn/dataset=product_categories/shop_id=108166524/product_categories.csv,387,vn,product_categories,108166524,vn,49552029594.0,257047701.0,257047701.0
108166524,2026-07-03,43677750849,257047701,257047701,data/raw/country_code=vn/dataset=product_categories/shop_id=108166524/product_categories.csv,388,vn,product_categories,108166524,vn,43677750849.0,257047701.0,257047701.0
108166524,2026-07-03,50154131337,257047701,257047701,data/raw/country_code=vn/dataset=product_categories/shop_id=108166524/product_categories.csv,389,vn,product_categories,108166524,vn,50154131337.0,257047701.0,257047701.0
108166524,2026-07-03,43526722905,257047701,257047701,data/raw/country_code=vn/dataset=product_categories/shop_id=108166524/product_categories.csv,390,vn,product_categories,108166524,vn,43526722905.0,257047701.0,257047701.0
108166524,2026-07-03,54752025528,257047701,257047701,data/raw/country_code=vn/dataset=product_categories/shop_id=108166524/product_categories.csv,391,vn,product_categories,108166524,vn,54752025528.0,257047701.0,257047701.0
108166524,2026-07-03,10218493690,257047702,257047702,data/raw/country_code=vn/dataset=product_categories/shop_id=108166524/product_categories.csv,392,vn,product_categories,108166524,vn,10218493690.0,257047702.0,257047702.0
108166524,2026-07-03,28729293005,257047702,257047702,data/raw/country_code=vn/dataset=product_categories/shop_id=108166524/product_categories.csv,393,vn,product_categories,108166524,vn,28729293005.0,257047702.0,257047702.0
108166524,2026-07-03,41228927414,257047702,257047702,data/raw/country_code=vn/dataset=product_categories/shop_id=108166524/product_categories.csv,394,vn,product_categories,108166524,vn,41228927414.0,257047702.0,257047702.0
108166524,2026-07-03,50556508874,257047702,257047702,data/raw/country_code=vn/dataset=product_categories/shop_id=108166524/product_categories.csv,395,vn,product_categories,108166524,vn,50556508874.0,257047702.0,257047702.0
1145316676,2026-07-01,24810760293,249843039,249843039,data/raw/country_code=vn/dataset=product_categories/shop_id=1145316676/product_categories.csv,2,vn,product_categories,1145316676,vn,24810760293.0,249843039.0,249843039.0
1145316676,2026-07-01,24710759163,249843039,249843039,data/raw/country_code=vn/dataset=product_categories/shop_id=1145316676/product_categories.csv,3,vn,product_categories,1145316676,vn,24710759163.0,249843039.0,249843039.0
1145316676,2026-07-01,25411944727,249843039,249843039,data/raw/country_code=vn/dataset=product_categories/shop_id=1145316676/product_categories.csv,4,vn,product_categories,1145316676,vn,25411944727.0,249843039.0,249843039.0
1145316676,2026-07-01,25661947997,249843039,249843039,data/raw/country_code=vn/dataset=product_categories/shop_id=1145316676/product_categories.csv,5,vn,product_categories,1145316676,vn,25661947997.0,249843039.0,249843039.0
1145316676,2026-07-01,25760757038,249843042,249843042,data/raw/country_code=vn/dataset=product_categories/shop_id=1145316676/product_categories.csv,6,vn,product_categories,1145316676,vn,25760757038.0,249843042.0,249843042.0
1145316676,2026-07-01,25811942299,249843042,249843042,data/raw/country_code=vn/dataset=product_categories/shop_id=1145316676/product_categories.csv,7,vn,product_categories,1145316676,vn,25811942299.0,249843042.0,249843042.0
1145316676,2026-07-01,46857620541,249843042,249843042,data/raw/country_code=vn/dataset=product_categories/shop_id=1145316676/product_categories.csv,8,vn,product_categories,1145316676,vn,46857620541.0,249843042.0,249843042.0
1145316676,2026-07-01,47857620474,249843042,249843042,data/raw/country_code=vn/dataset=product_categories/shop_id=1145316676/product_categories.csv,9,vn,product_categories,1145316676,vn,47857620474.0,249843042.0,249843042.0
1145316676,2026-07-01,24135901205,251079961,251079961,data/raw/country_code=vn/dataset=product_categories/shop_id=1145316676/product_categories.csv,10,vn,product_categories,1145316676,vn,24135901205.0,251079961.0,251079961.0
1145316676,2026-07-01,27611883214,251079961,251079961,data/raw/country_code=vn/dataset=product_categories/shop_id=1145316676/product_categories.csv,11,vn,product_categories,1145316676,vn,27611883214.0,251079961.0,251079961.0
1145316676,2026-07-01,43157122803,251079961,251079961,data/raw/country_code=vn/dataset=product_categories/shop_id=1145316676/product_categories.csv,12,vn,product_categories,1145316676,vn,43157122803.0,251079961.0,251079961.0
1145316676,2026-07-01,26682672239,251079961,251079961,data/raw/country_code=vn/dataset=product_categories/shop_id=1145316676/product_categories.csv,13,vn,product_categories,1145316676,vn,26682672239.0,251079961.0,251079961.0
1145316676,2026-07-01,57301655172,251079961,251079961,data/raw/country_code=vn/dataset=product_categories/shop_id=1145316676/product_categories.csv,14,vn,product_categories,1145316676,vn,57301655172.0,251079961.0,251079961.0
1145316676,2026-07-01,44377021220,251079961,251079961,data/raw/country_code=vn/dataset=product_categories/shop_id=1145316676/product_categories.csv,15,vn,product_categories,1145316676,vn,44377021220.0,251079961.0,251079961.0
1145316676,2026-07-01,27884205234,251079961,251079961,data/raw/country_code=vn/dataset=product_categories/shop_id=1145316676/product_categories.csv,16,vn,product_categories,1145316676,vn,27884205234.0,251079961.0,251079961.0
1145316676,2026-07-01,58002620314,251079961,251079961,data/raw/country_code=vn/dataset=product_categories/shop_id=1145316676/product_categories.csv,17,vn,product_categories,1145316676,vn,58002620314.0,251079961.0,251079961.0
1145316676,2026-07-01,28611884248,251079961,251079961,data/raw/country_code=vn/dataset=product_categories/shop_id=1145316676/product_categories.csv,18,vn,product_categories,1145316676,vn,28611884248.0,251079961.0,251079961.0
1145316676,2026-07-01,28944224686,251079961,251079961,data/raw/country_code=vn/dataset=product_categories/shop_id=1145316676/product_categories.csv,19,vn,product_categories,1145316676,vn,28944224686.0,251079961.0,251079961.0
1145316676,2026-07-01,53306094941,251079961,251079961,data/raw/country_code=vn/dataset=product_categories/shop_id=1145316676/product_categories.csv,20,vn,product_categories,1145316676,vn,53306094941.0,251079961.0,251079961.0
1145316676,2026-07-01,56502619005,251079961,251079961,data/raw/country_code=vn/dataset=product_categories/shop_id=1145316676/product_categories.csv,21,vn,product_categories,1145316676,vn,56502619005.0,251079961.0,251079961.0
1145316676,2026-07-01,45654540269,251079961,251079961,data/raw/country_code=vn/dataset=product_categories/shop_id=1145316676/product_categories.csv,22,vn,product_categories,1145316676,vn,45654540269.0,251079961.0,251079961.0
1145316676,2026-07-01,55004514688,251079961,251079961,data/raw/country_code=vn/dataset=product_categories/shop_id=1145316676/product_categories.csv,23,vn,product_categories,1145316676,vn,55004514688.0,251079961.0,251079961.0
1145316676,2026-07-01,28844273090,251079961,251079961,data/raw/country_code=vn/dataset=product_categories/shop_id=1145316676/product_categories.csv,24,vn,product_categories,1145316676,vn,28844273090.0,251079961.0,251079961.0
1145316676,2026-07-01,57906098813,251079961,251079961,data/raw/country_code=vn/dataset=product_categories/shop_id=1145316676/product_categories.csv,25,vn,product_categories,1145316676,vn,57906098813.0,251079961.0,251079961.0
1145316676,2026-07-01,26429048596,251474167,251474167,data/raw/country_code=vn/dataset=product_categories/shop_id=1145316676/product_categories.csv,26,vn,product_categories,1145316676,vn,26429048596.0,251474167.0,251474167.0
1145316676,2026-07-01,26229062943,251474167,251474167,data/raw/country_code=vn/dataset=product_categories/shop_id=1145316676/product_categories.csv,27,vn,product_categories,1145316676,vn,26229062943.0,251474167.0,251474167.0
1145316676,2026-07-01,27229058273,251474167,251474167,data/raw/country_code=vn/dataset=product_categories/shop_id=1145316676/product_categories.csv,28,vn,product_categories,1145316676,vn,27229058273.0,251474167.0,251474167.0
1145316676,2026-07-01,52257990316,251474167,251474167,data/raw/country_code=vn/dataset=product_categories/shop_id=1145316676/product_categories.csv,29,vn,product_categories,1145316676,vn,52257990316.0,251474167.0,251474167.0
1145316676,2026-07-01,45951323803,251474167,251474167,data/raw/country_code=vn/dataset=product_categories/shop_id=1145316676/product_categories.csv,30,vn,product_categories,1145316676,vn,45951323803.0,251474167.0,251474167.0
1145316676,2026-07-01,53358041887,251474167,251474167,data/raw/country_code=vn/dataset=product_categories/shop_id=1145316676/product_categories.csv,31,vn,product_categories,1145316676,vn,53358041887.0,251474167.0,251474167.0
1145316676,2026-07-01,51407984307,251474167,251474167,data/raw/country_code=vn/dataset=product_categories/shop_id=1145316676/product_categories.csv,32,vn,product_categories,1145316676,vn,51407984307.0,251474167.0,251474167.0
1145316676,2026-07-01,56701308093,251474167,251474167,data/raw/country_code=vn/dataset=product_categories/shop_id=1145316676/product_categories.csv,33,vn,product_categories,1145316676,vn,56701308093.0,251474167.0,251474167.0
1145316676,2026-07-01,54858041814,251474167,251474167,data/raw/country_code=vn/dataset=product_categories/shop_id=1145316676/product_categories.csv,34,vn,product_categories,1145316676,vn,54858041814.0,251474167.0,251474167.0
1145316676,2026-07-01,26429048596,257340819,257340819,data/raw/country_code=vn/dataset=product_categories/shop_id=1145316676/product_categories.csv,35,vn,product_categories,1145316676,vn,26429048596.0,257340819.0,257340819.0
1145316676,2026-07-01,51407984307,257340819,257340819,data/raw/country_code=vn/dataset=product_categories/shop_id=1145316676/product_categories.csv,36,vn,product_categories,1145316676,vn,51407984307.0,257340819.0,257340819.0
1145316676,2026-07-01,56701308093,257340819,257340819,data/raw/country_code=vn/dataset=product_categories/shop_id=1145316676/product_categories.csv,37,vn,product_categories,1145316676,vn,56701308093.0,257340819.0,257340819.0
1145316676,2026-07-01,27229058273,257340823,257340823,data/raw/country_code=vn/dataset=product_categories/shop_id=1145316676/product_categories.csv,38,vn,product_categories,1145316676,vn,27229058273.0,257340823.0,257340823.0
1145316676,2026-07-01,53358041887,257340823,257340823,data/raw/country_code=vn/dataset=product_categories/shop_id=1145316676/product_categories.csv,39,vn,product_categories,1145316676,vn,53358041887.0,257340823.0,257340823.0
1145316676,2026-07-01,54858041814,257340823,257340823,data/raw/country_code=vn/dataset=product_categories/shop_id=1145316676/product_categories.csv,40,vn,product_categories,1145316676,vn,54858041814.0,257340823.0,257340823.0
1145316676,2026-07-01,27611883214,257905359,257905359,data/raw/country_code=vn/dataset=product_categories/shop_id=1145316676/product_categories.csv,41,vn,product_categories,1145316676,vn,27611883214.0,257905359.0,257905359.0
1145316676,2026-07-01,57301655172,257905359,257905359,data/raw/country_code=vn/dataset=product_categories/shop_id=1145316676/product_categories.csv,42,vn,product_categories,1145316676,vn,57301655172.0,257905359.0,257905359.0
1145316676,2026-07-01,28611884248,257905359,257905359,data/raw/country_code=vn/dataset=product_categories/shop_id=1145316676/product_categories.csv,43,vn,product_categories,1145316676,vn,28611884248.0,257905359.0,257905359.0
1145316676,2026-07-01,48808360600,257905359,257905359,data/raw/country_code=vn/dataset=product_categories/shop_id=1145316676/product_categories.csv,44,vn,product_categories,1145316676,vn,48808360600.0,257905359.0,257905359.0
1145316676,2026-07-01,55708176377,257905359,257905359,data/raw/country_code=vn/dataset=product_categories/shop_id=1145316676/product_categories.csv,45,vn,product_categories,1145316676,vn,55708176377.0,257905359.0,257905359.0
1145316676,2026-07-01,28844273090,257905359,257905359,data/raw/country_code=vn/dataset=product_categories/shop_id=1145316676/product_categories.csv,46,vn,product_categories,1145316676,vn,28844273090.0,257905359.0,257905359.0
1145316676,2026-07-01,54658185548,257905359,257905359,data/raw/country_code=vn/dataset=product_categories/shop_id=1145316676/product_categories.csv,47,vn,product_categories,1145316676,vn,54658185548.0,257905359.0,257905359.0
1145316676,2026-07-01,47408351576,257905359,257905359,data/raw/country_code=vn/dataset=product_categories/shop_id=1145316676/product_categories.csv,48,vn,product_categories,1145316676,vn,47408351576.0,257905359.0,257905359.0
1145316676,2026-07-01,28611884248,257905360,257905360,data/raw/country_code=vn/dataset=product_categories/shop_id=1145316676/product_categories.csv,49,vn,product_categories,1145316676,vn,28611884248.0,257905360.0,257905360.0
1145316676,2026-07-01,27611883214,257905688,257905688,data/raw/country_code=vn/dataset=product_categories/shop_id=1145316676/product_categories.csv,50,vn,product_categories,1145316676,vn,27611883214.0,257905688.0,257905688.0
1145316676,2026-07-01,55708176377,257905688,257905688,data/raw/country_code=vn/dataset=product_categories/shop_id=1145316676/product_categories.csv,51,vn,product_categories,1145316676,vn,55708176377.0,257905688.0,257905688.0
1145316676,2026-07-01,54658185548,257905688,257905688,data/raw/country_code=vn/dataset=product_categories/shop_id=1145316676/product_categories.csv,52,vn,product_categories,1145316676,vn,54658185548.0,257905688.0,257905688.0
1145316676,2026-07-01,57301655172,257905693,257905693,data/raw/country_code=vn/dataset=product_categories/shop_id=1145316676/product_categories.csv,53,vn,product_categories,1145316676,vn,57301655172.0,257905693.0,257905693.0
1145316676,2026-07-01,48808360600,257905693,257905693,data/raw/country_code=vn/dataset=product_categories/shop_id=1145316676/product_categories.csv,54,vn,product_categories,1145316676,vn,48808360600.0,257905693.0,257905693.0
1145316676,2026-07-01,47408351576,257905693,257905693,data/raw/country_code=vn/dataset=product_categories/shop_id=1145316676/product_categories.csv,55,vn,product_categories,1145316676,vn,47408351576.0,257905693.0,257905693.0
1145316676,2026-07-01,28844273090,258521101,258521101,data/raw/country_code=vn/dataset=product_categories/shop_id=1145316676/product_categories.csv,56,vn,product_categories,1145316676,vn,28844273090.0,258521101.0,258521101.0
1145316676,2026-07-01,24135901205,260135483,260135483,data/raw/country_code=vn/dataset=product_categories/shop_id=1145316676/product_categories.csv,57,vn,product_categories,1145316676,vn,24135901205.0,260135483.0,260135483.0
1145316676,2026-07-01,26663401389,260135483,260135483,data/raw/country_code=vn/dataset=product_categories/shop_id=1145316676/product_categories.csv,58,vn,product_categories,1145316676,vn,26663401389.0,260135483.0,260135483.0
1145316676,2026-07-01,27611883214,260135483,260135483,data/raw/country_code=vn/dataset=product_categories/shop_id=1145316676/product_categories.csv,59,vn,product_categories,1145316676,vn,27611883214.0,260135483.0,260135483.0
1145316676,2026-07-01,43157122803,260135483,260135483,data/raw/country_code=vn/dataset=product_categories/shop_id=1145316676/product_categories.csv,60,vn,product_categories,1145316676,vn,43157122803.0,260135483.0,260135483.0
1145316676,2026-07-01,26682672239,260135483,260135483,data/raw/country_code=vn/dataset=product_categories/shop_id=1145316676/product_categories.csv,61,vn,product_categories,1145316676,vn,26682672239.0,260135483.0,260135483.0
1145316676,2026-07-01,57301655172,260135483,260135483,data/raw/country_code=vn/dataset=product_categories/shop_id=1145316676/product_categories.csv,62,vn,product_categories,1145316676,vn,57301655172.0,260135483.0,260135483.0
1145316676,2026-07-01,44377021220,260135483,260135483,data/raw/country_code=vn/dataset=product_categories/shop_id=1145316676/product_categories.csv,63,vn,product_categories,1145316676,vn,44377021220.0,260135483.0,260135483.0
1145316676,2026-07-01,27884205234,260135483,260135483,data/raw/country_code=vn/dataset=product_categories/shop_id=1145316676/product_categories.csv,64,vn,product_categories,1145316676,vn,27884205234.0,260135483.0,260135483.0
1145316676,2026-07-01,58002620314,260135483,260135483,data/raw/country_code=vn/dataset=product_categories/shop_id=1145316676/product_categories.csv,65,vn,product_categories,1145316676,vn,58002620314.0,260135483.0,260135483.0
1145316676,2026-07-01,28611884248,260135483,260135483,data/raw/country_code=vn/dataset=product_categories/shop_id=1145316676/product_categories.csv,66,vn,product_categories,1145316676,vn,28611884248.0,260135483.0,260135483.0
1145316676,2026-07-01,49354539673,260135483,260135483,data/raw/country_code=vn/dataset=product_categories/shop_id=1145316676/product_categories.csv,67,vn,product_categories,1145316676,vn,49354539673.0,260135483.0,260135483.0
1145316676,2026-07-01,28944224686,260135483,260135483,data/raw/country_code=vn/dataset=product_categories/shop_id=1145316676/product_categories.csv,68,vn,product_categories,1145316676,vn,28944224686.0,260135483.0,260135483.0
1145316676,2026-07-01,53306094941,260135483,260135483,data/raw/country_code=vn/dataset=product_categories/shop_id=1145316676/product_categories.csv,69,vn,product_categories,1145316676,vn,53306094941.0,260135483.0,260135483.0
1145316676,2026-07-01,56502619005,260135483,260135483,data/raw/country_code=vn/dataset=product_categories/shop_id=1145316676/product_categories.csv,70,vn,product_categories,1145316676,vn,56502619005.0,260135483.0,260135483.0
1145316676,2026-07-01,48808360600,260135483,260135483,data/raw/country_code=vn/dataset=product_categories/shop_id=1145316676/product_categories.csv,71,vn,product_categories,1145316676,vn,48808360600.0,260135483.0,260135483.0
1145316676,2026-07-01,45654540269,260135483,260135483,data/raw/country_code=vn/dataset=product_categories/shop_id=1145316676/product_categories.csv,72,vn,product_categories,1145316676,vn,45654540269.0,260135483.0,260135483.0
1145316676,2026-07-01,55004514688,260135483,260135483,data/raw/country_code=vn/dataset=product_categories/shop_id=1145316676/product_categories.csv,73,vn,product_categories,1145316676,vn,55004514688.0,260135483.0,260135483.0
1145316676,2026-07-01,55708176377,260135483,260135483,data/raw/country_code=vn/dataset=product_categories/shop_id=1145316676/product_categories.csv,74,vn,product_categories,1145316676,vn,55708176377.0,260135483.0,260135483.0
1145316676,2026-07-01,28844273090,260135483,260135483,data/raw/country_code=vn/dataset=product_categories/shop_id=1145316676/product_categories.csv,75,vn,product_categories,1145316676,vn,28844273090.0,260135483.0,260135483.0
1145316676,2026-07-01,57906098813,260135483,260135483,data/raw/country_code=vn/dataset=product_categories/shop_id=1145316676/product_categories.csv,76,vn,product_categories,1145316676,vn,57906098813.0,260135483.0,260135483.0
1145316676,2026-07-01,54658185548,260135483,260135483,data/raw/country_code=vn/dataset=product_categories/shop_id=1145316676/product_categories.csv,77,vn,product_categories,1145316676,vn,54658185548.0,260135483.0,260135483.0
1145316676,2026-07-01,47408351576,260135483,260135483,data/raw/country_code=vn/dataset=product_categories/shop_id=1145316676/product_categories.csv,78,vn,product_categories,1145316676,vn,47408351576.0,260135483.0,260135483.0
1145316676,2026-07-01,24135901205,260135597,260135597,data/raw/country_code=vn/dataset=product_categories/shop_id=1145316676/product_categories.csv,79,vn,product_categories,1145316676,vn,24135901205.0,260135597.0,260135597.0
1145316676,2026-07-01,43157122803,260135597,260135597,data/raw/country_code=vn/dataset=product_categories/shop_id=1145316676/product_categories.csv,80,vn,product_categories,1145316676,vn,43157122803.0,260135597.0,260135597.0
1145316676,2026-07-01,26682672239,260135597,260135597,data/raw/country_code=vn/dataset=product_categories/shop_id=1145316676/product_categories.csv,81,vn,product_categories,1145316676,vn,26682672239.0,260135597.0,260135597.0
1145316676,2026-07-01,44377021220,260135597,260135597,data/raw/country_code=vn/dataset=product_categories/shop_id=1145316676/product_categories.csv,82,vn,product_categories,1145316676,vn,44377021220.0,260135597.0,260135597.0
1145316676,2026-07-01,58002620314,260135597,260135597,data/raw/country_code=vn/dataset=product_categories/shop_id=1145316676/product_categories.csv,83,vn,product_categories,1145316676,vn,58002620314.0,260135597.0,260135597.0
1145316676,2026-07-01,28944224686,260135597,260135597,data/raw/country_code=vn/dataset=product_categories/shop_id=1145316676/product_categories.csv,84,vn,product_categories,1145316676,vn,28944224686.0,260135597.0,260135597.0
1145316676,2026-07-01,53306094941,260135597,260135597,data/raw/country_code=vn/dataset=product_categories/shop_id=1145316676/product_categories.csv,85,vn,product_categories,1145316676,vn,53306094941.0,260135597.0,260135597.0
1145316676,2026-07-01,56502619005,260135597,260135597,data/raw/country_code=vn/dataset=product_categories/shop_id=1145316676/product_categories.csv,86,vn,product_categories,1145316676,vn,56502619005.0,260135597.0,260135597.0
1145316676,2026-07-01,45654540269,260135597,260135597,data/raw/country_code=vn/dataset=product_categories/shop_id=1145316676/product_categories.csv,87,vn,product_categories,1145316676,vn,45654540269.0,260135597.0,260135597.0
1145316676,2026-07-01,55004514688,260135597,260135597,data/raw/country_code=vn/dataset=product_categories/shop_id=1145316676/product_categories.csv,88,vn,product_categories,1145316676,vn,55004514688.0,260135597.0,260135597.0
1145316676,2026-07-01,57906098813,260135597,260135597,data/raw/country_code=vn/dataset=product_categories/shop_id=1145316676/product_categories.csv,89,vn,product_categories,1145316676,vn,57906098813.0,260135597.0,260135597.0
1145316676,2026-07-01,26229062943,261098687,261098687,data/raw/country_code=vn/dataset=product_categories/shop_id=1145316676/product_categories.csv,90,vn,product_categories,1145316676,vn,26229062943.0,261098687.0,261098687.0
1145316676,2026-07-01,52257990316,261098687,261098687,data/raw/country_code=vn/dataset=product_categories/shop_id=1145316676/product_categories.csv,91,vn,product_categories,1145316676,vn,52257990316.0,261098687.0,261098687.0
1145316676,2026-07-01,45951323803,261098687,261098687,data/raw/country_code=vn/dataset=product_categories/shop_id=1145316676/product_categories.csv,92,vn,product_categories,1145316676,vn,45951323803.0,261098687.0,261098687.0
1145316676,2026-07-01,48560929285,272010130,272010130,data/raw/country_code=vn/dataset=product_categories/shop_id=1145316676/product_categories.csv,93,vn,product_categories,1145316676,vn,48560929285.0,272010130.0,272010130.0
1145316676,2026-07-01,47260940318,272010130,272010130,data/raw/country_code=vn/dataset=product_categories/shop_id=1145316676/product_categories.csv,94,vn,product_categories,1145316676,vn,47260940318.0,272010130.0,272010130.0
1145316676,2026-07-01,51960915243,272010130,272010130,data/raw/country_code=vn/dataset=product_categories/shop_id=1145316676/product_categories.csv,95,vn,product_categories,1145316676,vn,51960915243.0,272010130.0,272010130.0
1145316676,2026-07-01,40931076959,272010130,272010130,data/raw/country_code=vn/dataset=product_categories/shop_id=1145316676/product_categories.csv,96,vn,product_categories,1145316676,vn,40931076959.0,272010130.0,272010130.0
1145316676,2026-07-02,24810760293,249843039,249843039,data/raw/country_code=vn/dataset=product_categories/shop_id=1145316676/product_categories.csv,97,vn,product_categories,1145316676,vn,24810760293.0,249843039.0,249843039.0
1145316676,2026-07-02,24710759163,249843039,249843039,data/raw/country_code=vn/dataset=product_categories/shop_id=1145316676/product_categories.csv,98,vn,product_categories,1145316676,vn,24710759163.0,249843039.0,249843039.0
1145316676,2026-07-02,25411944727,249843039,249843039,data/raw/country_code=vn/dataset=product_categories/shop_id=1145316676/product_categories.csv,99,vn,product_categories,1145316676,vn,25411944727.0,249843039.0,249843039.0
1145316676,2026-07-02,25661947997,249843039,249843039,data/raw/country_code=vn/dataset=product_categories/shop_id=1145316676/product_categories.csv,100,vn,product_categories,1145316676,vn,25661947997.0,249843039.0,249843039.0
1145316676,2026-07-02,25760757038,249843042,249843042,data/raw/country_code=vn/dataset=product_categories/shop_id=1145316676/product_categories.csv,101,vn,product_categories,1145316676,vn,25760757038.0,249843042.0,249843042.0
1145316676,2026-07-02,25811942299,249843042,249843042,data/raw/country_code=vn/dataset=product_categories/shop_id=1145316676/product_categories.csv,102,vn,product_categories,1145316676,vn,25811942299.0,249843042.0,249843042.0
1145316676,2026-07-02,46857620541,249843042,249843042,data/raw/country_code=vn/dataset=product_categories/shop_id=1145316676/product_categories.csv,103,vn,product_categories,1145316676,vn,46857620541.0,249843042.0,249843042.0
1145316676,2026-07-02,47857620474,249843042,249843042,data/raw/country_code=vn/dataset=product_categories/shop_id=1145316676/product_categories.csv,104,vn,product_categories,1145316676,vn,47857620474.0,249843042.0,249843042.0
1145316676,2026-07-02,24135901205,251079961,251079961,data/raw/country_code=vn/dataset=product_categories/shop_id=1145316676/product_categories.csv,105,vn,product_categories,1145316676,vn,24135901205.0,251079961.0,251079961.0
1145316676,2026-07-02,27611883214,251079961,251079961,data/raw/country_code=vn/dataset=product_categories/shop_id=1145316676/product_categories.csv,106,vn,product_categories,1145316676,vn,27611883214.0,251079961.0,251079961.0
1145316676,2026-07-02,43157122803,251079961,251079961,data/raw/country_code=vn/dataset=product_categories/shop_id=1145316676/product_categories.csv,107,vn,product_categories,1145316676,vn,43157122803.0,251079961.0,251079961.0
1145316676,2026-07-02,26682672239,251079961,251079961,data/raw/country_code=vn/dataset=product_categories/shop_id=1145316676/product_categories.csv,108,vn,product_categories,1145316676,vn,26682672239.0,251079961.0,251079961.0
1145316676,2026-07-02,57301655172,251079961,251079961,data/raw/country_code=vn/dataset=product_categories/shop_id=1145316676/product_categories.csv,109,vn,product_categories,1145316676,vn,57301655172.0,251079961.0,251079961.0
1145316676,2026-07-02,44377021220,251079961,251079961,data/raw/country_code=vn/dataset=product_categories/shop_id=1145316676/product_categories.csv,110,vn,product_categories,1145316676,vn,44377021220.0,251079961.0,251079961.0
1145316676,2026-07-02,27884205234,251079961,251079961,data/raw/country_code=vn/dataset=product_categories/shop_id=1145316676/product_categories.csv,111,vn,product_categories,1145316676,vn,27884205234.0,251079961.0,251079961.0
1145316676,2026-07-02,58002620314,251079961,251079961,data/raw/country_code=vn/dataset=product_categories/shop_id=1145316676/product_categories.csv,112,vn,product_categories,1145316676,vn,58002620314.0,251079961.0,251079961.0
1145316676,2026-07-02,28611884248,251079961,251079961,data/raw/country_code=vn/dataset=product_categories/shop_id=1145316676/product_categories.csv,113,vn,product_categories,1145316676,vn,28611884248.0,251079961.0,251079961.0
1145316676,2026-07-02,28944224686,251079961,251079961,data/raw/country_code=vn/dataset=product_categories/shop_id=1145316676/product_categories.csv,114,vn,product_categories,1145316676,vn,28944224686.0,251079961.0,251079961.0
1145316676,2026-07-02,53306094941,251079961,251079961,data/raw/country_code=vn/dataset=product_categories/shop_id=1145316676/product_categories.csv,115,vn,product_categories,1145316676,vn,53306094941.0,251079961.0,251079961.0
1145316676,2026-07-02,56502619005,251079961,251079961,data/raw/country_code=vn/dataset=product_categories/shop_id=1145316676/product_categories.csv,116,vn,product_categories,1145316676,vn,56502619005.0,251079961.0,251079961.0
1145316676,2026-07-02,45654540269,251079961,251079961,data/raw/country_code=vn/dataset=product_categories/shop_id=1145316676/product_categories.csv,117,vn,product_categories,1145316676,vn,45654540269.0,251079961.0,251079961.0
1145316676,2026-07-02,55004514688,251079961,251079961,data/raw/country_code=vn/dataset=product_categories/shop_id=1145316676/product_categories.csv,118,vn,product_categories,1145316676,vn,55004514688.0,251079961.0,251079961.0
1145316676,2026-07-02,28844273090,251079961,251079961,data/raw/country_code=vn/dataset=product_categories/shop_id=1145316676/product_categories.csv,119,vn,product_categories,1145316676,vn,28844273090.0,251079961.0,251079961.0
1145316676,2026-07-02,57906098813,251079961,251079961,data/raw/country_code=vn/dataset=product_categories/shop_id=1145316676/product_categories.csv,120,vn,product_categories,1145316676,vn,57906098813.0,251079961.0,251079961.0
1145316676,2026-07-02,26429048596,251474167,251474167,data/raw/country_code=vn/dataset=product_categories/shop_id=1145316676/product_categories.csv,121,vn,product_categories,1145316676,vn,26429048596.0,251474167.0,251474167.0
1145316676,2026-07-02,26229062943,251474167,251474167,data/raw/country_code=vn/dataset=product_categories/shop_id=1145316676/product_categories.csv,122,vn,product_categories,1145316676,vn,26229062943.0,251474167.0,251474167.0
1145316676,2026-07-02,27229058273,251474167,251474167,data/raw/country_code=vn/dataset=product_categories/shop_id=1145316676/product_categories.csv,123,vn,product_categories,1145316676,vn,27229058273.0,251474167.0,251474167.0
1145316676,2026-07-02,52257990316,251474167,251474167,data/raw/country_code=vn/dataset=product_categories/shop_id=1145316676/product_categories.csv,124,vn,product_categories,1145316676,vn,52257990316.0,251474167.0,251474167.0
1145316676,2026-07-02,45951323803,251474167,251474167,data/raw/country_code=vn/dataset=product_categories/shop_id=1145316676/product_categories.csv,125,vn,product_categories,1145316676,vn,45951323803.0,251474167.0,251474167.0
1145316676,2026-07-02,53358041887,251474167,251474167,data/raw/country_code=vn/dataset=product_categories/shop_id=1145316676/product_categories.csv,126,vn,product_categories,1145316676,vn,53358041887.0,251474167.0,251474167.0
1145316676,2026-07-02,51407984307,251474167,251474167,data/raw/country_code=vn/dataset=product_categories/shop_id=1145316676/product_categories.csv,127,vn,product_categories,1145316676,vn,51407984307.0,251474167.0,251474167.0
1145316676,2026-07-02,56701308093,251474167,251474167,data/raw/country_code=vn/dataset=product_categories/shop_id=1145316676/product_categories.csv,128,vn,product_categories,1145316676,vn,56701308093.0,251474167.0,251474167.0
1145316676,2026-07-02,54858041814,251474167,251474167,data/raw/country_code=vn/dataset=product_categories/shop_id=1145316676/product_categories.csv,129,vn,product_categories,1145316676,vn,54858041814.0,251474167.0,251474167.0
1145316676,2026-07-02,26429048596,257340819,257340819,data/raw/country_code=vn/dataset=product_categories/shop_id=1145316676/product_categories.csv,130,vn,product_categories,1145316676,vn,26429048596.0,257340819.0,257340819.0
1145316676,2026-07-02,51407984307,257340819,257340819,data/raw/country_code=vn/dataset=product_categories/shop_id=1145316676/product_categories.csv,131,vn,product_categories,1145316676,vn,51407984307.0,257340819.0,257340819.0
1145316676,2026-07-02,56701308093,257340819,257340819,data/raw/country_code=vn/dataset=product_categories/shop_id=1145316676/product_categories.csv,132,vn,product_categories,1145316676,vn,56701308093.0,257340819.0,257340819.0
1145316676,2026-07-02,27229058273,257340823,257340823,data/raw/country_code=vn/dataset=product_categories/shop_id=1145316676/product_categories.csv,133,vn,product_categories,1145316676,vn,27229058273.0,257340823.0,257340823.0
1145316676,2026-07-02,53358041887,257340823,257340823,data/raw/country_code=vn/dataset=product_categories/shop_id=1145316676/product_categories.csv,134,vn,product_categories,1145316676,vn,53358041887.0,257340823.0,257340823.0
1145316676,2026-07-02,54858041814,257340823,257340823,data/raw/country_code=vn/dataset=product_categories/shop_id=1145316676/product_categories.csv,135,vn,product_categories,1145316676,vn,54858041814.0,257340823.0,257340823.0
1145316676,2026-07-02,27611883214,257905359,257905359,data/raw/country_code=vn/dataset=product_categories/shop_id=1145316676/product_categories.csv,136,vn,product_categories,1145316676,vn,27611883214.0,257905359.0,257905359.0
1145316676,2026-07-02,57301655172,257905359,257905359,data/raw/country_code=vn/dataset=product_categories/shop_id=1145316676/product_categories.csv,137,vn,product_categories,1145316676,vn,57301655172.0,257905359.0,257905359.0
1145316676,2026-07-02,28611884248,257905359,257905359,data/raw/country_code=vn/dataset=product_categories/shop_id=1145316676/product_categories.csv,138,vn,product_categories,1145316676,vn,28611884248.0,257905359.0,257905359.0
1145316676,2026-07-02,48808360600,257905359,257905359,data/raw/country_code=vn/dataset=product_categories/shop_id=1145316676/product_categories.csv,139,vn,product_categories,1145316676,vn,48808360600.0,257905359.0,257905359.0
1145316676,2026-07-02,55708176377,257905359,257905359,data/raw/country_code=vn/dataset=product_categories/shop_id=1145316676/product_categories.csv,140,vn,product_categories,1145316676,vn,55708176377.0,257905359.0,257905359.0
1145316676,2026-07-02,28844273090,257905359,257905359,data/raw/country_code=vn/dataset=product_categories/shop_id=1145316676/product_categories.csv,141,vn,product_categories,1145316676,vn,28844273090.0,257905359.0,257905359.0
1145316676,2026-07-02,54658185548,257905359,257905359,data/raw/country_code=vn/dataset=product_categories/shop_id=1145316676/product_categories.csv,142,vn,product_categories,1145316676,vn,54658185548.0,257905359.0,257905359.0
1145316676,2026-07-02,47408351576,257905359,257905359,data/raw/country_code=vn/dataset=product_categories/shop_id=1145316676/product_categories.csv,143,vn,product_categories,1145316676,vn,47408351576.0,257905359.0,257905359.0
1145316676,2026-07-02,28611884248,257905360,257905360,data/raw/country_code=vn/dataset=product_categories/shop_id=1145316676/product_categories.csv,144,vn,product_categories,1145316676,vn,28611884248.0,257905360.0,257905360.0
1145316676,2026-07-02,27611883214,257905688,257905688,data/raw/country_code=vn/dataset=product_categories/shop_id=1145316676/product_categories.csv,145,vn,product_categories,1145316676,vn,27611883214.0,257905688.0,257905688.0
1145316676,2026-07-02,55708176377,257905688,257905688,data/raw/country_code=vn/dataset=product_categories/shop_id=1145316676/product_categories.csv,146,vn,product_categories,1145316676,vn,55708176377.0,257905688.0,257905688.0
1145316676,2026-07-02,54658185548,257905688,257905688,data/raw/country_code=vn/dataset=product_categories/shop_id=1145316676/product_categories.csv,147,vn,product_categories,1145316676,vn,54658185548.0,257905688.0,257905688.0
1145316676,2026-07-02,57301655172,257905693,257905693,data/raw/country_code=vn/dataset=product_categories/shop_id=1145316676/product_categories.csv,148,vn,product_categories,1145316676,vn,57301655172.0,257905693.0,257905693.0
1145316676,2026-07-02,48808360600,257905693,257905693,data/raw/country_code=vn/dataset=product_categories/shop_id=1145316676/product_categories.csv,149,vn,product_categories,1145316676,vn,48808360600.0,257905693.0,257905693.0
1145316676,2026-07-02,47408351576,257905693,257905693,data/raw/country_code=vn/dataset=product_categories/shop_id=1145316676/product_categories.csv,150,vn,product_categories,1145316676,vn,47408351576.0,257905693.0,257905693.0
1145316676,2026-07-02,28844273090,258521101,258521101,data/raw/country_code=vn/dataset=product_categories/shop_id=1145316676/product_categories.csv,151,vn,product_categories,1145316676,vn,28844273090.0,258521101.0,258521101.0
1145316676,2026-07-02,24135901205,260135483,260135483,data/raw/country_code=vn/dataset=product_categories/shop_id=1145316676/product_categories.csv,152,vn,product_categories,1145316676,vn,24135901205.0,260135483.0,260135483.0
1145316676,2026-07-02,26663401389,260135483,260135483,data/raw/country_code=vn/dataset=product_categories/shop_id=1145316676/product_categories.csv,153,vn,product_categories,1145316676,vn,26663401389.0,260135483.0,260135483.0
1145316676,2026-07-02,27611883214,260135483,260135483,data/raw/country_code=vn/dataset=product_categories/shop_id=1145316676/product_categories.csv,154,vn,product_categories,1145316676,vn,27611883214.0,260135483.0,260135483.0
1145316676,2026-07-02,43157122803,260135483,260135483,data/raw/country_code=vn/dataset=product_categories/shop_id=1145316676/product_categories.csv,155,vn,product_categories,1145316676,vn,43157122803.0,260135483.0,260135483.0
1145316676,2026-07-02,26682672239,260135483,260135483,data/raw/country_code=vn/dataset=product_categories/shop_id=1145316676/product_categories.csv,156,vn,product_categories,1145316676,vn,26682672239.0,260135483.0,260135483.0
1145316676,2026-07-02,57301655172,260135483,260135483,data/raw/country_code=vn/dataset=product_categories/shop_id=1145316676/product_categories.csv,157,vn,product_categories,1145316676,vn,57301655172.0,260135483.0,260135483.0
1145316676,2026-07-02,44377021220,260135483,260135483,data/raw/country_code=vn/dataset=product_categories/shop_id=1145316676/product_categories.csv,158,vn,product_categories,1145316676,vn,44377021220.0,260135483.0,260135483.0
1145316676,2026-07-02,27884205234,260135483,260135483,data/raw/country_code=vn/dataset=product_categories/shop_id=1145316676/product_categories.csv,159,vn,product_categories,1145316676,vn,27884205234.0,260135483.0,260135483.0
1145316676,2026-07-02,58002620314,260135483,260135483,data/raw/country_code=vn/dataset=product_categories/shop_id=1145316676/product_categories.csv,160,vn,product_categories,1145316676,vn,58002620314.0,260135483.0,260135483.0
1145316676,2026-07-02,28611884248,260135483,260135483,data/raw/country_code=vn/dataset=product_categories/shop_id=1145316676/product_categories.csv,161,vn,product_categories,1145316676,vn,28611884248.0,260135483.0,260135483.0
1145316676,2026-07-02,49354539673,260135483,260135483,data/raw/country_code=vn/dataset=product_categories/shop_id=1145316676/product_categories.csv,162,vn,product_categories,1145316676,vn,49354539673.0,260135483.0,260135483.0
1145316676,2026-07-02,28944224686,260135483,260135483,data/raw/country_code=vn/dataset=product_categories/shop_id=1145316676/product_categories.csv,163,vn,product_categories,1145316676,vn,28944224686.0,260135483.0,260135483.0
1145316676,2026-07-02,53306094941,260135483,260135483,data/raw/country_code=vn/dataset=product_categories/shop_id=1145316676/product_categories.csv,164,vn,product_categories,1145316676,vn,53306094941.0,260135483.0,260135483.0
1145316676,2026-07-02,56502619005,260135483,260135483,data/raw/country_code=vn/dataset=product_categories/shop_id=1145316676/product_categories.csv,165,vn,product_categories,1145316676,vn,56502619005.0,260135483.0,260135483.0
1145316676,2026-07-02,45654540269,260135483,260135483,data/raw/country_code=vn/dataset=product_categories/shop_id=1145316676/product_categories.csv,166,vn,product_categories,1145316676,vn,45654540269.0,260135483.0,260135483.0
1145316676,2026-07-02,48808360600,260135483,260135483,data/raw/country_code=vn/dataset=product_categories/shop_id=1145316676/product_categories.csv,167,vn,product_categories,1145316676,vn,48808360600.0,260135483.0,260135483.0
1145316676,2026-07-02,55004514688,260135483,260135483,data/raw/country_code=vn/dataset=product_categories/shop_id=1145316676/product_categories.csv,168,vn,product_categories,1145316676,vn,55004514688.0,260135483.0,260135483.0
1145316676,2026-07-02,55708176377,260135483,260135483,data/raw/country_code=vn/dataset=product_categories/shop_id=1145316676/product_categories.csv,169,vn,product_categories,1145316676,vn,55708176377.0,260135483.0,260135483.0
1145316676,2026-07-02,28844273090,260135483,260135483,data/raw/country_code=vn/dataset=product_categories/shop_id=1145316676/product_categories.csv,170,vn,product_categories,1145316676,vn,28844273090.0,260135483.0,260135483.0
1145316676,2026-07-02,57906098813,260135483,260135483,data/raw/country_code=vn/dataset=product_categories/shop_id=1145316676/product_categories.csv,171,vn,product_categories,1145316676,vn,57906098813.0,260135483.0,260135483.0
1145316676,2026-07-02,54658185548,260135483,260135483,data/raw/country_code=vn/dataset=product_categories/shop_id=1145316676/product_categories.csv,172,vn,product_categories,1145316676,vn,54658185548.0,260135483.0,260135483.0
1145316676,2026-07-02,47408351576,260135483,260135483,data/raw/country_code=vn/dataset=product_categories/shop_id=1145316676/product_categories.csv,173,vn,product_categories,1145316676,vn,47408351576.0,260135483.0,260135483.0
1145316676,2026-07-02,24135901205,260135597,260135597,data/raw/country_code=vn/dataset=product_categories/shop_id=1145316676/product_categories.csv,174,vn,product_categories,1145316676,vn,24135901205.0,260135597.0,260135597.0
1145316676,2026-07-02,43157122803,260135597,260135597,data/raw/country_code=vn/dataset=product_categories/shop_id=1145316676/product_categories.csv,175,vn,product_categories,1145316676,vn,43157122803.0,260135597.0,260135597.0
1145316676,2026-07-02,26682672239,260135597,260135597,data/raw/country_code=vn/dataset=product_categories/shop_id=1145316676/product_categories.csv,176,vn,product_categories,1145316676,vn,26682672239.0,260135597.0,260135597.0
1145316676,2026-07-02,44377021220,260135597,260135597,data/raw/country_code=vn/dataset=product_categories/shop_id=1145316676/product_categories.csv,177,vn,product_categories,1145316676,vn,44377021220.0,260135597.0,260135597.0
1145316676,2026-07-02,58002620314,260135597,260135597,data/raw/country_code=vn/dataset=product_categories/shop_id=1145316676/product_categories.csv,178,vn,product_categories,1145316676,vn,58002620314.0,260135597.0,260135597.0
1145316676,2026-07-02,28944224686,260135597,260135597,data/raw/country_code=vn/dataset=product_categories/shop_id=1145316676/product_categories.csv,179,vn,product_categories,1145316676,vn,28944224686.0,260135597.0,260135597.0
1145316676,2026-07-02,53306094941,260135597,260135597,data/raw/country_code=vn/dataset=product_categories/shop_id=1145316676/product_categories.csv,180,vn,product_categories,1145316676,vn,53306094941.0,260135597.0,260135597.0
1145316676,2026-07-02,56502619005,260135597,260135597,data/raw/country_code=vn/dataset=product_categories/shop_id=1145316676/product_categories.csv,181,vn,product_categories,1145316676,vn,56502619005.0,260135597.0,260135597.0
1145316676,2026-07-02,45654540269,260135597,260135597,data/raw/country_code=vn/dataset=product_categories/shop_id=1145316676/product_categories.csv,182,vn,product_categories,1145316676,vn,45654540269.0,260135597.0,260135597.0
1145316676,2026-07-02,55004514688,260135597,260135597,data/raw/country_code=vn/dataset=product_categories/shop_id=1145316676/product_categories.csv,183,vn,product_categories,1145316676,vn,55004514688.0,260135597.0,260135597.0
1145316676,2026-07-02,57906098813,260135597,260135597,data/raw/country_code=vn/dataset=product_categories/shop_id=1145316676/product_categories.csv,184,vn,product_categories,1145316676,vn,57906098813.0,260135597.0,260135597.0
1145316676,2026-07-02,26229062943,261098687,261098687,data/raw/country_code=vn/dataset=product_categories/shop_id=1145316676/product_categories.csv,185,vn,product_categories,1145316676,vn,26229062943.0,261098687.0,261098687.0
1145316676,2026-07-02,52257990316,261098687,261098687,data/raw/country_code=vn/dataset=product_categories/shop_id=1145316676/product_categories.csv,186,vn,product_categories,1145316676,vn,52257990316.0,261098687.0,261098687.0
1145316676,2026-07-02,45951323803,261098687,261098687,data/raw/country_code=vn/dataset=product_categories/shop_id=1145316676/product_categories.csv,187,vn,product_categories,1145316676,vn,45951323803.0,261098687.0,261098687.0
1145316676,2026-07-02,48560929285,272010130,272010130,data/raw/country_code=vn/dataset=product_categories/shop_id=1145316676/product_categories.csv,188,vn,product_categories,1145316676,vn,48560929285.0,272010130.0,272010130.0
1145316676,2026-07-02,47260940318,272010130,272010130,data/raw/country_code=vn/dataset=product_categories/shop_id=1145316676/product_categories.csv,189,vn,product_categories,1145316676,vn,47260940318.0,272010130.0,272010130.0
1145316676,2026-07-02,51960915243,272010130,272010130,data/raw/country_code=vn/dataset=product_categories/shop_id=1145316676/product_categories.csv,190,vn,product_categories,1145316676,vn,51960915243.0,272010130.0,272010130.0
1145316676,2026-07-02,40931076959,272010130,272010130,data/raw/country_code=vn/dataset=product_categories/shop_id=1145316676/product_categories.csv,191,vn,product_categories,1145316676,vn,40931076959.0,272010130.0,272010130.0
1145316676,2026-07-03,24810760293,249843039,249843039,data/raw/country_code=vn/dataset=product_categories/shop_id=1145316676/product_categories.csv,192,vn,product_categories,1145316676,vn,24810760293.0,249843039.0,249843039.0
1145316676,2026-07-03,24710759163,249843039,249843039,data/raw/country_code=vn/dataset=product_categories/shop_id=1145316676/product_categories.csv,193,vn,product_categories,1145316676,vn,24710759163.0,249843039.0,249843039.0
1145316676,2026-07-03,25411944727,249843039,249843039,data/raw/country_code=vn/dataset=product_categories/shop_id=1145316676/product_categories.csv,194,vn,product_categories,1145316676,vn,25411944727.0,249843039.0,249843039.0
1145316676,2026-07-03,25661947997,249843039,249843039,data/raw/country_code=vn/dataset=product_categories/shop_id=1145316676/product_categories.csv,195,vn,product_categories,1145316676,vn,25661947997.0,249843039.0,249843039.0
1145316676,2026-07-03,25760757038,249843042,249843042,data/raw/country_code=vn/dataset=product_categories/shop_id=1145316676/product_categories.csv,196,vn,product_categories,1145316676,vn,25760757038.0,249843042.0,249843042.0
1145316676,2026-07-03,25811942299,249843042,249843042,data/raw/country_code=vn/dataset=product_categories/shop_id=1145316676/product_categories.csv,197,vn,product_categories,1145316676,vn,25811942299.0,249843042.0,249843042.0
1145316676,2026-07-03,46857620541,249843042,249843042,data/raw/country_code=vn/dataset=product_categories/shop_id=1145316676/product_categories.csv,198,vn,product_categories,1145316676,vn,46857620541.0,249843042.0,249843042.0
1145316676,2026-07-03,47857620474,249843042,249843042,data/raw/country_code=vn/dataset=product_categories/shop_id=1145316676/product_categories.csv,199,vn,product_categories,1145316676,vn,47857620474.0,249843042.0,249843042.0
1145316676,2026-07-03,24135901205,251079961,251079961,data/raw/country_code=vn/dataset=product_categories/shop_id=1145316676/product_categories.csv,200,vn,product_categories,1145316676,vn,24135901205.0,251079961.0,251079961.0
1145316676,2026-07-03,27611883214,251079961,251079961,data/raw/country_code=vn/dataset=product_categories/shop_id=1145316676/product_categories.csv,201,vn,product_categories,1145316676,vn,27611883214.0,251079961.0,251079961.0
1145316676,2026-07-03,43157122803,251079961,251079961,data/raw/country_code=vn/dataset=product_categories/shop_id=1145316676/product_categories.csv,202,vn,product_categories,1145316676,vn,43157122803.0,251079961.0,251079961.0
1145316676,2026-07-03,26682672239,251079961,251079961,data/raw/country_code=vn/dataset=product_categories/shop_id=1145316676/product_categories.csv,203,vn,product_categories,1145316676,vn,26682672239.0,251079961.0,251079961.0
1145316676,2026-07-03,57301655172,251079961,251079961,data/raw/country_code=vn/dataset=product_categories/shop_id=1145316676/product_categories.csv,204,vn,product_categories,1145316676,vn,57301655172.0,251079961.0,251079961.0
1145316676,2026-07-03,44377021220,251079961,251079961,data/raw/country_code=vn/dataset=product_categories/shop_id=1145316676/product_categories.csv,205,vn,product_categories,1145316676,vn,44377021220.0,251079961.0,251079961.0
1145316676,2026-07-03,27884205234,251079961,251079961,data/raw/country_code=vn/dataset=product_categories/shop_id=1145316676/product_categories.csv,206,vn,product_categories,1145316676,vn,27884205234.0,251079961.0,251079961.0
1145316676,2026-07-03,58002620314,251079961,251079961,data/raw/country_code=vn/dataset=product_categories/shop_id=1145316676/product_categories.csv,207,vn,product_categories,1145316676,vn,58002620314.0,251079961.0,251079961.0
1145316676,2026-07-03,28611884248,251079961,251079961,data/raw/country_code=vn/dataset=product_categories/shop_id=1145316676/product_categories.csv,208,vn,product_categories,1145316676,vn,28611884248.0,251079961.0,251079961.0
1145316676,2026-07-03,28944224686,251079961,251079961,data/raw/country_code=vn/dataset=product_categories/shop_id=1145316676/product_categories.csv,209,vn,product_categories,1145316676,vn,28944224686.0,251079961.0,251079961.0
1145316676,2026-07-03,53306094941,251079961,251079961,data/raw/country_code=vn/dataset=product_categories/shop_id=1145316676/product_categories.csv,210,vn,product_categories,1145316676,vn,53306094941.0,251079961.0,251079961.0
1145316676,2026-07-03,56502619005,251079961,251079961,data/raw/country_code=vn/dataset=product_categories/shop_id=1145316676/product_categories.csv,211,vn,product_categories,1145316676,vn,56502619005.0,251079961.0,251079961.0
1145316676,2026-07-03,55004514688,251079961,251079961,data/raw/country_code=vn/dataset=product_categories/shop_id=1145316676/product_categories.csv,212,vn,product_categories,1145316676,vn,55004514688.0,251079961.0,251079961.0
1145316676,2026-07-03,45654540269,251079961,251079961,data/raw/country_code=vn/dataset=product_categories/shop_id=1145316676/product_categories.csv,213,vn,product_categories,1145316676,vn,45654540269.0,251079961.0,251079961.0
1145316676,2026-07-03,57906098813,251079961,251079961,data/raw/country_code=vn/dataset=product_categories/shop_id=1145316676/product_categories.csv,214,vn,product_categories,1145316676,vn,57906098813.0,251079961.0,251079961.0
1145316676,2026-07-03,28844273090,251079961,251079961,data/raw/country_code=vn/dataset=product_categories/shop_id=1145316676/product_categories.csv,215,vn,product_categories,1145316676,vn,28844273090.0,251079961.0,251079961.0
1145316676,2026-07-03,26229062943,251474167,251474167,data/raw/country_code=vn/dataset=product_categories/shop_id=1145316676/product_categories.csv,216,vn,product_categories,1145316676,vn,26229062943.0,251474167.0,251474167.0
1145316676,2026-07-03,26429048596,251474167,251474167,data/raw/country_code=vn/dataset=product_categories/shop_id=1145316676/product_categories.csv,217,vn,product_categories,1145316676,vn,26429048596.0,251474167.0,251474167.0
1145316676,2026-07-03,27229058273,251474167,251474167,data/raw/country_code=vn/dataset=product_categories/shop_id=1145316676/product_categories.csv,218,vn,product_categories,1145316676,vn,27229058273.0,251474167.0,251474167.0
1145316676,2026-07-03,45951323803,251474167,251474167,data/raw/country_code=vn/dataset=product_categories/shop_id=1145316676/product_categories.csv,219,vn,product_categories,1145316676,vn,45951323803.0,251474167.0,251474167.0
1145316676,2026-07-03,52257990316,251474167,251474167,data/raw/country_code=vn/dataset=product_categories/shop_id=1145316676/product_categories.csv,220,vn,product_categories,1145316676,vn,52257990316.0,251474167.0,251474167.0
1145316676,2026-07-03,51407984307,251474167,251474167,data/raw/country_code=vn/dataset=product_categories/shop_id=1145316676/product_categories.csv,221,vn,product_categories,1145316676,vn,51407984307.0,251474167.0,251474167.0
1145316676,2026-07-03,53358041887,251474167,251474167,data/raw/country_code=vn/dataset=product_categories/shop_id=1145316676/product_categories.csv,222,vn,product_categories,1145316676,vn,53358041887.0,251474167.0,251474167.0
1145316676,2026-07-03,56701308093,251474167,251474167,data/raw/country_code=vn/dataset=product_categories/shop_id=1145316676/product_categories.csv,223,vn,product_categories,1145316676,vn,56701308093.0,251474167.0,251474167.0
1145316676,2026-07-03,54858041814,251474167,251474167,data/raw/country_code=vn/dataset=product_categories/shop_id=1145316676/product_categories.csv,224,vn,product_categories,1145316676,vn,54858041814.0,251474167.0,251474167.0
1145316676,2026-07-03,26429048596,257340819,257340819,data/raw/country_code=vn/dataset=product_categories/shop_id=1145316676/product_categories.csv,225,vn,product_categories,1145316676,vn,26429048596.0,257340819.0,257340819.0
1145316676,2026-07-03,51407984307,257340819,257340819,data/raw/country_code=vn/dataset=product_categories/shop_id=1145316676/product_categories.csv,226,vn,product_categories,1145316676,vn,51407984307.0,257340819.0,257340819.0
1145316676,2026-07-03,56701308093,257340819,257340819,data/raw/country_code=vn/dataset=product_categories/shop_id=1145316676/product_categories.csv,227,vn,product_categories,1145316676,vn,56701308093.0,257340819.0,257340819.0
1145316676,2026-07-03,27229058273,257340823,257340823,data/raw/country_code=vn/dataset=product_categories/shop_id=1145316676/product_categories.csv,228,vn,product_categories,1145316676,vn,27229058273.0,257340823.0,257340823.0
1145316676,2026-07-03,53358041887,257340823,257340823,data/raw/country_code=vn/dataset=product_categories/shop_id=1145316676/product_categories.csv,229,vn,product_categories,1145316676,vn,53358041887.0,257340823.0,257340823.0
1145316676,2026-07-03,54858041814,257340823,257340823,data/raw/country_code=vn/dataset=product_categories/shop_id=1145316676/product_categories.csv,230,vn,product_categories,1145316676,vn,54858041814.0,257340823.0,257340823.0
1145316676,2026-07-03,27611883214,257905359,257905359,data/raw/country_code=vn/dataset=product_categories/shop_id=1145316676/product_categories.csv,231,vn,product_categories,1145316676,vn,27611883214.0,257905359.0,257905359.0
1145316676,2026-07-03,57301655172,257905359,257905359,data/raw/country_code=vn/dataset=product_categories/shop_id=1145316676/product_categories.csv,232,vn,product_categories,1145316676,vn,57301655172.0,257905359.0,257905359.0
1145316676,2026-07-03,28611884248,257905359,257905359,data/raw/country_code=vn/dataset=product_categories/shop_id=1145316676/product_categories.csv,233,vn,product_categories,1145316676,vn,28611884248.0,257905359.0,257905359.0
1145316676,2026-07-03,48808360600,257905359,257905359,data/raw/country_code=vn/dataset=product_categories/shop_id=1145316676/product_categories.csv,234,vn,product_categories,1145316676,vn,48808360600.0,257905359.0,257905359.0
1145316676,2026-07-03,55708176377,257905359,257905359,data/raw/country_code=vn/dataset=product_categories/shop_id=1145316676/product_categories.csv,235,vn,product_categories,1145316676,vn,55708176377.0,257905359.0,257905359.0
1145316676,2026-07-03,28844273090,257905359,257905359,data/raw/country_code=vn/dataset=product_categories/shop_id=1145316676/product_categories.csv,236,vn,product_categories,1145316676,vn,28844273090.0,257905359.0,257905359.0
1145316676,2026-07-03,54658185548,257905359,257905359,data/raw/country_code=vn/dataset=product_categories/shop_id=1145316676/product_categories.csv,237,vn,product_categories,1145316676,vn,54658185548.0,257905359.0,257905359.0
1145316676,2026-07-03,47408351576,257905359,257905359,data/raw/country_code=vn/dataset=product_categories/shop_id=1145316676/product_categories.csv,238,vn,product_categories,1145316676,vn,47408351576.0,257905359.0,257905359.0
1145316676,2026-07-03,28611884248,257905360,257905360,data/raw/country_code=vn/dataset=product_categories/shop_id=1145316676/product_categories.csv,239,vn,product_categories,1145316676,vn,28611884248.0,257905360.0,257905360.0
1145316676,2026-07-03,27611883214,257905688,257905688,data/raw/country_code=vn/dataset=product_categories/shop_id=1145316676/product_categories.csv,240,vn,product_categories,1145316676,vn,27611883214.0,257905688.0,257905688.0
1145316676,2026-07-03,55708176377,257905688,257905688,data/raw/country_code=vn/dataset=product_categories/shop_id=1145316676/product_categories.csv,241,vn,product_categories,1145316676,vn,55708176377.0,257905688.0,257905688.0
1145316676,2026-07-03,54658185548,257905688,257905688,data/raw/country_code=vn/dataset=product_categories/shop_id=1145316676/product_categories.csv,242,vn,product_categories,1145316676,vn,54658185548.0,257905688.0,257905688.0
1145316676,2026-07-03,57301655172,257905693,257905693,data/raw/country_code=vn/dataset=product_categories/shop_id=1145316676/product_categories.csv,243,vn,product_categories,1145316676,vn,57301655172.0,257905693.0,257905693.0
1145316676,2026-07-03,48808360600,257905693,257905693,data/raw/country_code=vn/dataset=product_categories/shop_id=1145316676/product_categories.csv,244,vn,product_categories,1145316676,vn,48808360600.0,257905693.0,257905693.0
1145316676,2026-07-03,47408351576,257905693,257905693,data/raw/country_code=vn/dataset=product_categories/shop_id=1145316676/product_categories.csv,245,vn,product_categories,1145316676,vn,47408351576.0,257905693.0,257905693.0
1145316676,2026-07-03,28844273090,258521101,258521101,data/raw/country_code=vn/dataset=product_categories/shop_id=1145316676/product_categories.csv,246,vn,product_categories,1145316676,vn,28844273090.0,258521101.0,258521101.0
1145316676,2026-07-03,26663401389,260135483,260135483,data/raw/country_code=vn/dataset=product_categories/shop_id=1145316676/product_categories.csv,247,vn,product_categories,1145316676,vn,26663401389.0,260135483.0,260135483.0
1145316676,2026-07-03,24135901205,260135483,260135483,data/raw/country_code=vn/dataset=product_categories/shop_id=1145316676/product_categories.csv,248,vn,product_categories,1145316676,vn,24135901205.0,260135483.0,260135483.0
1145316676,2026-07-03,27611883214,260135483,260135483,data/raw/country_code=vn/dataset=product_categories/shop_id=1145316676/product_categories.csv,249,vn,product_categories,1145316676,vn,27611883214.0,260135483.0,260135483.0
1145316676,2026-07-03,43157122803,260135483,260135483,data/raw/country_code=vn/dataset=product_categories/shop_id=1145316676/product_categories.csv,250,vn,product_categories,1145316676,vn,43157122803.0,260135483.0,260135483.0
1145316676,2026-07-03,26682672239,260135483,260135483,data/raw/country_code=vn/dataset=product_categories/shop_id=1145316676/product_categories.csv,251,vn,product_categories,1145316676,vn,26682672239.0,260135483.0,260135483.0
1145316676,2026-07-03,57301655172,260135483,260135483,data/raw/country_code=vn/dataset=product_categories/shop_id=1145316676/product_categories.csv,252,vn,product_categories,1145316676,vn,57301655172.0,260135483.0,260135483.0
1145316676,2026-07-03,44377021220,260135483,260135483,data/raw/country_code=vn/dataset=product_categories/shop_id=1145316676/product_categories.csv,253,vn,product_categories,1145316676,vn,44377021220.0,260135483.0,260135483.0
1145316676,2026-07-03,27884205234,260135483,260135483,data/raw/country_code=vn/dataset=product_categories/shop_id=1145316676/product_categories.csv,254,vn,product_categories,1145316676,vn,27884205234.0,260135483.0,260135483.0
1145316676,2026-07-03,58002620314,260135483,260135483,data/raw/country_code=vn/dataset=product_categories/shop_id=1145316676/product_categories.csv,255,vn,product_categories,1145316676,vn,58002620314.0,260135483.0,260135483.0
1145316676,2026-07-03,28611884248,260135483,260135483,data/raw/country_code=vn/dataset=product_categories/shop_id=1145316676/product_categories.csv,256,vn,product_categories,1145316676,vn,28611884248.0,260135483.0,260135483.0
1145316676,2026-07-03,28944224686,260135483,260135483,data/raw/country_code=vn/dataset=product_categories/shop_id=1145316676/product_categories.csv,257,vn,product_categories,1145316676,vn,28944224686.0,260135483.0,260135483.0
1145316676,2026-07-03,49354539673,260135483,260135483,data/raw/country_code=vn/dataset=product_categories/shop_id=1145316676/product_categories.csv,258,vn,product_categories,1145316676,vn,49354539673.0,260135483.0,260135483.0
1145316676,2026-07-03,53306094941,260135483,260135483,data/raw/country_code=vn/dataset=product_categories/shop_id=1145316676/product_categories.csv,259,vn,product_categories,1145316676,vn,53306094941.0,260135483.0,260135483.0
1145316676,2026-07-03,56502619005,260135483,260135483,data/raw/country_code=vn/dataset=product_categories/shop_id=1145316676/product_categories.csv,260,vn,product_categories,1145316676,vn,56502619005.0,260135483.0,260135483.0
1145316676,2026-07-03,48808360600,260135483,260135483,data/raw/country_code=vn/dataset=product_categories/shop_id=1145316676/product_categories.csv,261,vn,product_categories,1145316676,vn,48808360600.0,260135483.0,260135483.0
1145316676,2026-07-03,55004514688,260135483,260135483,data/raw/country_code=vn/dataset=product_categories/shop_id=1145316676/product_categories.csv,262,vn,product_categories,1145316676,vn,55004514688.0,260135483.0,260135483.0
1145316676,2026-07-03,45654540269,260135483,260135483,data/raw/country_code=vn/dataset=product_categories/shop_id=1145316676/product_categories.csv,263,vn,product_categories,1145316676,vn,45654540269.0,260135483.0,260135483.0
1145316676,2026-07-03,55708176377,260135483,260135483,data/raw/country_code=vn/dataset=product_categories/shop_id=1145316676/product_categories.csv,264,vn,product_categories,1145316676,vn,55708176377.0,260135483.0,260135483.0
1145316676,2026-07-03,57906098813,260135483,260135483,data/raw/country_code=vn/dataset=product_categories/shop_id=1145316676/product_categories.csv,265,vn,product_categories,1145316676,vn,57906098813.0,260135483.0,260135483.0
1145316676,2026-07-03,28844273090,260135483,260135483,data/raw/country_code=vn/dataset=product_categories/shop_id=1145316676/product_categories.csv,266,vn,product_categories,1145316676,vn,28844273090.0,260135483.0,260135483.0
1145316676,2026-07-03,54658185548,260135483,260135483,data/raw/country_code=vn/dataset=product_categories/shop_id=1145316676/product_categories.csv,267,vn,product_categories,1145316676,vn,54658185548.0,260135483.0,260135483.0
1145316676,2026-07-03,47408351576,260135483,260135483,data/raw/country_code=vn/dataset=product_categories/shop_id=1145316676/product_categories.csv,268,vn,product_categories,1145316676,vn,47408351576.0,260135483.0,260135483.0
1145316676,2026-07-03,24135901205,260135597,260135597,data/raw/country_code=vn/dataset=product_categories/shop_id=1145316676/product_categories.csv,269,vn,product_categories,1145316676,vn,24135901205.0,260135597.0,260135597.0
1145316676,2026-07-03,43157122803,260135597,260135597,data/raw/country_code=vn/dataset=product_categories/shop_id=1145316676/product_categories.csv,270,vn,product_categories,1145316676,vn,43157122803.0,260135597.0,260135597.0
1145316676,2026-07-03,26682672239,260135597,260135597,data/raw/country_code=vn/dataset=product_categories/shop_id=1145316676/product_categories.csv,271,vn,product_categories,1145316676,vn,26682672239.0,260135597.0,260135597.0
1145316676,2026-07-03,44377021220,260135597,260135597,data/raw/country_code=vn/dataset=product_categories/shop_id=1145316676/product_categories.csv,272,vn,product_categories,1145316676,vn,44377021220.0,260135597.0,260135597.0
1145316676,2026-07-03,58002620314,260135597,260135597,data/raw/country_code=vn/dataset=product_categories/shop_id=1145316676/product_categories.csv,273,vn,product_categories,1145316676,vn,58002620314.0,260135597.0,260135597.0
1145316676,2026-07-03,28944224686,260135597,260135597,data/raw/country_code=vn/dataset=product_categories/shop_id=1145316676/product_categories.csv,274,vn,product_categories,1145316676,vn,28944224686.0,260135597.0,260135597.0
1145316676,2026-07-03,53306094941,260135597,260135597,data/raw/country_code=vn/dataset=product_categories/shop_id=1145316676/product_categories.csv,275,vn,product_categories,1145316676,vn,53306094941.0,260135597.0,260135597.0
1145316676,2026-07-03,56502619005,260135597,260135597,data/raw/country_code=vn/dataset=product_categories/shop_id=1145316676/product_categories.csv,276,vn,product_categories,1145316676,vn,56502619005.0,260135597.0,260135597.0
1145316676,2026-07-03,55004514688,260135597,260135597,data/raw/country_code=vn/dataset=product_categories/shop_id=1145316676/product_categories.csv,277,vn,product_categories,1145316676,vn,55004514688.0,260135597.0,260135597.0
1145316676,2026-07-03,45654540269,260135597,260135597,data/raw/country_code=vn/dataset=product_categories/shop_id=1145316676/product_categories.csv,278,vn,product_categories,1145316676,vn,45654540269.0,260135597.0,260135597.0
1145316676,2026-07-03,57906098813,260135597,260135597,data/raw/country_code=vn/dataset=product_categories/shop_id=1145316676/product_categories.csv,279,vn,product_categories,1145316676,vn,57906098813.0,260135597.0,260135597.0
1145316676,2026-07-03,26229062943,261098687,261098687,data/raw/country_code=vn/dataset=product_categories/shop_id=1145316676/product_categories.csv,280,vn,product_categories,1145316676,vn,26229062943.0,261098687.0,261098687.0
1145316676,2026-07-03,45951323803,261098687,261098687,data/raw/country_code=vn/dataset=product_categories/shop_id=1145316676/product_categories.csv,281,vn,product_categories,1145316676,vn,45951323803.0,261098687.0,261098687.0
1145316676,2026-07-03,52257990316,261098687,261098687,data/raw/country_code=vn/dataset=product_categories/shop_id=1145316676/product_categories.csv,282,vn,product_categories,1145316676,vn,52257990316.0,261098687.0,261098687.0
1145316676,2026-07-03,48560929285,272010130,272010130,data/raw/country_code=vn/dataset=product_categories/shop_id=1145316676/product_categories.csv,283,vn,product_categories,1145316676,vn,48560929285.0,272010130.0,272010130.0
1145316676,2026-07-03,47260940318,272010130,272010130,data/raw/country_code=vn/dataset=product_categories/shop_id=1145316676/product_categories.csv,284,vn,product_categories,1145316676,vn,47260940318.0,272010130.0,272010130.0
1145316676,2026-07-03,51960915243,272010130,272010130,data/raw/country_code=vn/dataset=product_categories/shop_id=1145316676/product_categories.csv,285,vn,product_categories,1145316676,vn,51960915243.0,272010130.0,272010130.0
1145316676,2026-07-03,40931076959,272010130,272010130,data/raw/country_code=vn/dataset=product_categories/shop_id=1145316676/product_categories.csv,286,vn,product_categories,1145316676,vn,40931076959.0,272010130.0,272010130.0
140360136,2026-07-01,24297916305,15084057,15084057,data/raw/country_code=vn/dataset=product_categories/shop_id=140360136/product_categories.csv,2,vn,product_categories,140360136,vn,24297916305.0,15084057.0,15084057.0
140360136,2026-07-01,22272121986,15084057,15084057,data/raw/country_code=vn/dataset=product_categories/shop_id=140360136/product_categories.csv,3,vn,product_categories,140360136,vn,22272121986.0,15084057.0,15084057.0
140360136,2026-07-01,26963395898,15084596,15084596,data/raw/country_code=vn/dataset=product_categories/shop_id=140360136/product_categories.csv,4,vn,product_categories,140360136,vn,26963395898.0,15084596.0,15084596.0
140360136,2026-07-01,24779109496,15084596,15084596,data/raw/country_code=vn/dataset=product_categories/shop_id=140360136/product_categories.csv,5,vn,product_categories,140360136,vn,24779109496.0,15084596.0,15084596.0
140360136,2026-07-01,49001551344,15084596,15084596,data/raw/country_code=vn/dataset=product_categories/shop_id=140360136/product_categories.csv,6,vn,product_categories,140360136,vn,49001551344.0,15084596.0,15084596.0
140360136,2026-07-01,45252660052,15084596,15084596,data/raw/country_code=vn/dataset=product_categories/shop_id=140360136/product_categories.csv,7,vn,product_categories,140360136,vn,45252660052.0,15084596.0,15084596.0
140360136,2026-07-01,46551403561,15084814,15084814,data/raw/country_code=vn/dataset=product_categories/shop_id=140360136/product_categories.csv,8,vn,product_categories,140360136,vn,46551403561.0,15084814.0,15084814.0
140360136,2026-07-01,29266899298,15084814,15084814,data/raw/country_code=vn/dataset=product_categories/shop_id=140360136/product_categories.csv,9,vn,product_categories,140360136,vn,29266899298.0,15084814.0,15084814.0
140360136,2026-07-01,42675914026,15084814,15084814,data/raw/country_code=vn/dataset=product_categories/shop_id=140360136/product_categories.csv,10,vn,product_categories,140360136,vn,42675914026.0,15084814.0,15084814.0
140360136,2026-07-01,29537868294,15084899,15084899,data/raw/country_code=vn/dataset=product_categories/shop_id=140360136/product_categories.csv,11,vn,product_categories,140360136,vn,29537868294.0,15084899.0,15084899.0
140360136,2026-07-01,47554242165,15084899,15084899,data/raw/country_code=vn/dataset=product_categories/shop_id=140360136/product_categories.csv,12,vn,product_categories,140360136,vn,47554242165.0,15084899.0,15084899.0
140360136,2026-07-01,53203426553,15084899,15084899,data/raw/country_code=vn/dataset=product_categories/shop_id=140360136/product_categories.csv,13,vn,product_categories,140360136,vn,53203426553.0,15084899.0,15084899.0
140360136,2026-07-01,47052654690,15084899,15084899,data/raw/country_code=vn/dataset=product_categories/shop_id=140360136/product_categories.csv,14,vn,product_categories,140360136,vn,47052654690.0,15084899.0,15084899.0
140360136,2026-07-01,52952634618,15084899,15084899,data/raw/country_code=vn/dataset=product_categories/shop_id=140360136/product_categories.csv,15,vn,product_categories,140360136,vn,52952634618.0,15084899.0,15084899.0
140360136,2026-07-01,56603333920,15084899,15084899,data/raw/country_code=vn/dataset=product_categories/shop_id=140360136/product_categories.csv,16,vn,product_categories,140360136,vn,56603333920.0,15084899.0,15084899.0
140360136,2026-07-01,50803338258,15084899,15084899,data/raw/country_code=vn/dataset=product_categories/shop_id=140360136/product_categories.csv,17,vn,product_categories,140360136,vn,50803338258.0,15084899.0,15084899.0
140360136,2026-07-01,16189882427,15085618,15085618,data/raw/country_code=vn/dataset=product_categories/shop_id=140360136/product_categories.csv,18,vn,product_categories,140360136,vn,16189882427.0,15085618.0,15085618.0
140360136,2026-07-01,26963395898,243819608,243819608,data/raw/country_code=vn/dataset=product_categories/shop_id=140360136/product_categories.csv,19,vn,product_categories,140360136,vn,26963395898.0,243819608.0,243819608.0
140360136,2026-07-01,17591957454,243819608,243819608,data/raw/country_code=vn/dataset=product_categories/shop_id=140360136/product_categories.csv,20,vn,product_categories,140360136,vn,17591957454.0,243819608.0,243819608.0
140360136,2026-07-01,25211554425,243819608,243819608,data/raw/country_code=vn/dataset=product_categories/shop_id=140360136/product_categories.csv,21,vn,product_categories,140360136,vn,25211554425.0,243819608.0,243819608.0
140360136,2026-07-01,24779109496,243819608,243819608,data/raw/country_code=vn/dataset=product_categories/shop_id=140360136/product_categories.csv,22,vn,product_categories,140360136,vn,24779109496.0,243819608.0,243819608.0
140360136,2026-07-01,29537868294,243819608,243819608,data/raw/country_code=vn/dataset=product_categories/shop_id=140360136/product_categories.csv,23,vn,product_categories,140360136,vn,29537868294.0,243819608.0,243819608.0
140360136,2026-07-01,16189882427,243819608,243819608,data/raw/country_code=vn/dataset=product_categories/shop_id=140360136/product_categories.csv,24,vn,product_categories,140360136,vn,16189882427.0,243819608.0,243819608.0
140360136,2026-07-01,25656325171,243819608,243819608,data/raw/country_code=vn/dataset=product_categories/shop_id=140360136/product_categories.csv,25,vn,product_categories,140360136,vn,25656325171.0,243819608.0,243819608.0
140360136,2026-07-01,24906325448,243819608,243819608,data/raw/country_code=vn/dataset=product_categories/shop_id=140360136/product_categories.csv,26,vn,product_categories,140360136,vn,24906325448.0,243819608.0,243819608.0
140360136,2026-07-01,28243290319,243819608,243819608,data/raw/country_code=vn/dataset=product_categories/shop_id=140360136/product_categories.csv,27,vn,product_categories,140360136,vn,28243290319.0,243819608.0,243819608.0
140360136,2026-07-01,29793276094,243819608,243819608,data/raw/country_code=vn/dataset=product_categories/shop_id=140360136/product_categories.csv,28,vn,product_categories,140360136,vn,29793276094.0,243819608.0,243819608.0
140360136,2026-07-01,42450739240,243819608,243819608,data/raw/country_code=vn/dataset=product_categories/shop_id=140360136/product_categories.csv,29,vn,product_categories,140360136,vn,42450739240.0,243819608.0,243819608.0
140360136,2026-07-01,24297916305,243819608,243819608,data/raw/country_code=vn/dataset=product_categories/shop_id=140360136/product_categories.csv,30,vn,product_categories,140360136,vn,24297916305.0,243819608.0,243819608.0
140360136,2026-07-01,46551403561,243819608,243819608,data/raw/country_code=vn/dataset=product_categories/shop_id=140360136/product_categories.csv,31,vn,product_categories,140360136,vn,46551403561.0,243819608.0,243819608.0
140360136,2026-07-01,47554242165,243819608,243819608,data/raw/country_code=vn/dataset=product_categories/shop_id=140360136/product_categories.csv,32,vn,product_categories,140360136,vn,47554242165.0,243819608.0,243819608.0
140360136,2026-07-01,22272121986,243819608,243819608,data/raw/country_code=vn/dataset=product_categories/shop_id=140360136/product_categories.csv,33,vn,product_categories,140360136,vn,22272121986.0,243819608.0,243819608.0
140360136,2026-07-01,29266899298,243819608,243819608,data/raw/country_code=vn/dataset=product_categories/shop_id=140360136/product_categories.csv,34,vn,product_categories,140360136,vn,29266899298.0,243819608.0,243819608.0
140360136,2026-07-01,21562941614,243819608,243819608,data/raw/country_code=vn/dataset=product_categories/shop_id=140360136/product_categories.csv,35,vn,product_categories,140360136,vn,21562941614.0,243819608.0,243819608.0
140360136,2026-07-01,42675914026,243819608,243819608,data/raw/country_code=vn/dataset=product_categories/shop_id=140360136/product_categories.csv,36,vn,product_categories,140360136,vn,42675914026.0,243819608.0,243819608.0
140360136,2026-07-01,49001551344,243819608,243819608,data/raw/country_code=vn/dataset=product_categories/shop_id=140360136/product_categories.csv,37,vn,product_categories,140360136,vn,49001551344.0,243819608.0,243819608.0
140360136,2026-07-01,51803979562,243819608,243819608,data/raw/country_code=vn/dataset=product_categories/shop_id=140360136/product_categories.csv,38,vn,product_categories,140360136,vn,51803979562.0,243819608.0,243819608.0
140360136,2026-07-01,53203426553,243819608,243819608,data/raw/country_code=vn/dataset=product_categories/shop_id=140360136/product_categories.csv,39,vn,product_categories,140360136,vn,53203426553.0,243819608.0,243819608.0
140360136,2026-07-01,47052654690,243819608,243819608,data/raw/country_code=vn/dataset=product_categories/shop_id=140360136/product_categories.csv,40,vn,product_categories,140360136,vn,47052654690.0,243819608.0,243819608.0
140360136,2026-07-01,46501725123,243819608,243819608,data/raw/country_code=vn/dataset=product_categories/shop_id=140360136/product_categories.csv,41,vn,product_categories,140360136,vn,46501725123.0,243819608.0,243819608.0
140360136,2026-07-01,57801391961,243819608,243819608,data/raw/country_code=vn/dataset=product_categories/shop_id=140360136/product_categories.csv,42,vn,product_categories,140360136,vn,57801391961.0,243819608.0,243819608.0
140360136,2026-07-01,49551557295,243819608,243819608,data/raw/country_code=vn/dataset=product_categories/shop_id=140360136/product_categories.csv,43,vn,product_categories,140360136,vn,49551557295.0,243819608.0,243819608.0
140360136,2026-07-01,45252660052,243819608,243819608,data/raw/country_code=vn/dataset=product_categories/shop_id=140360136/product_categories.csv,44,vn,product_categories,140360136,vn,45252660052.0,243819608.0,243819608.0
140360136,2026-07-01,55504930342,243819608,243819608,data/raw/country_code=vn/dataset=product_categories/shop_id=140360136/product_categories.csv,45,vn,product_categories,140360136,vn,55504930342.0,243819608.0,243819608.0
140360136,2026-07-01,56804649243,243819608,243819608,data/raw/country_code=vn/dataset=product_categories/shop_id=140360136/product_categories.csv,46,vn,product_categories,140360136,vn,56804649243.0,243819608.0,243819608.0
140360136,2026-07-01,52952634618,243819608,243819608,data/raw/country_code=vn/dataset=product_categories/shop_id=140360136/product_categories.csv,47,vn,product_categories,140360136,vn,52952634618.0,243819608.0,243819608.0
140360136,2026-07-01,56603333920,243819608,243819608,data/raw/country_code=vn/dataset=product_categories/shop_id=140360136/product_categories.csv,48,vn,product_categories,140360136,vn,56603333920.0,243819608.0,243819608.0
140360136,2026-07-01,50803338258,243819608,243819608,data/raw/country_code=vn/dataset=product_categories/shop_id=140360136/product_categories.csv,49,vn,product_categories,140360136,vn,50803338258.0,243819608.0,243819608.0
140360136,2026-07-01,17591957454,249854839,249854839,data/raw/country_code=vn/dataset=product_categories/shop_id=140360136/product_categories.csv,50,vn,product_categories,140360136,vn,17591957454.0,249854839.0,249854839.0
140360136,2026-07-01,25211554425,249854839,249854839,data/raw/country_code=vn/dataset=product_categories/shop_id=140360136/product_categories.csv,51,vn,product_categories,140360136,vn,25211554425.0,249854839.0,249854839.0
140360136,2026-07-01,25656325171,249854839,249854839,data/raw/country_code=vn/dataset=product_categories/shop_id=140360136/product_categories.csv,52,vn,product_categories,140360136,vn,25656325171.0,249854839.0,249854839.0
140360136,2026-07-01,24906325448,249854839,249854839,data/raw/country_code=vn/dataset=product_categories/shop_id=140360136/product_categories.csv,53,vn,product_categories,140360136,vn,24906325448.0,249854839.0,249854839.0
140360136,2026-07-01,21562941614,249854839,249854839,data/raw/country_code=vn/dataset=product_categories/shop_id=140360136/product_categories.csv,54,vn,product_categories,140360136,vn,21562941614.0,249854839.0,249854839.0
140360136,2026-07-01,49551557295,249854839,249854839,data/raw/country_code=vn/dataset=product_categories/shop_id=140360136/product_categories.csv,55,vn,product_categories,140360136,vn,49551557295.0,249854839.0,249854839.0
140360136,2026-07-01,56804649243,249854839,249854839,data/raw/country_code=vn/dataset=product_categories/shop_id=140360136/product_categories.csv,56,vn,product_categories,140360136,vn,56804649243.0,249854839.0,249854839.0
140360136,2026-07-01,24779109496,262895510,262895510,data/raw/country_code=vn/dataset=product_categories/shop_id=140360136/product_categories.csv,57,vn,product_categories,140360136,vn,24779109496.0,262895510.0,262895510.0
140360136,2026-07-01,25656325171,262895510,262895510,data/raw/country_code=vn/dataset=product_categories/shop_id=140360136/product_categories.csv,58,vn,product_categories,140360136,vn,25656325171.0,262895510.0,262895510.0
140360136,2026-07-01,24906325448,262895510,262895510,data/raw/country_code=vn/dataset=product_categories/shop_id=140360136/product_categories.csv,59,vn,product_categories,140360136,vn,24906325448.0,262895510.0,262895510.0
140360136,2026-07-01,28243290319,262895510,262895510,data/raw/country_code=vn/dataset=product_categories/shop_id=140360136/product_categories.csv,60,vn,product_categories,140360136,vn,28243290319.0,262895510.0,262895510.0
140360136,2026-07-01,29793276094,262895510,262895510,data/raw/country_code=vn/dataset=product_categories/shop_id=140360136/product_categories.csv,61,vn,product_categories,140360136,vn,29793276094.0,262895510.0,262895510.0
140360136,2026-07-01,42450739240,262895510,262895510,data/raw/country_code=vn/dataset=product_categories/shop_id=140360136/product_categories.csv,62,vn,product_categories,140360136,vn,42450739240.0,262895510.0,262895510.0
140360136,2026-07-01,29266899298,262895510,262895510,data/raw/country_code=vn/dataset=product_categories/shop_id=140360136/product_categories.csv,63,vn,product_categories,140360136,vn,29266899298.0,262895510.0,262895510.0
140360136,2026-07-01,21562941614,262895510,262895510,data/raw/country_code=vn/dataset=product_categories/shop_id=140360136/product_categories.csv,64,vn,product_categories,140360136,vn,21562941614.0,262895510.0,262895510.0
140360136,2026-07-01,42675914026,262895510,262895510,data/raw/country_code=vn/dataset=product_categories/shop_id=140360136/product_categories.csv,65,vn,product_categories,140360136,vn,42675914026.0,262895510.0,262895510.0
140360136,2026-07-01,49001551344,262895510,262895510,data/raw/country_code=vn/dataset=product_categories/shop_id=140360136/product_categories.csv,66,vn,product_categories,140360136,vn,49001551344.0,262895510.0,262895510.0
140360136,2026-07-01,47052654690,262895510,262895510,data/raw/country_code=vn/dataset=product_categories/shop_id=140360136/product_categories.csv,67,vn,product_categories,140360136,vn,47052654690.0,262895510.0,262895510.0
140360136,2026-07-01,46501725123,262895510,262895510,data/raw/country_code=vn/dataset=product_categories/shop_id=140360136/product_categories.csv,68,vn,product_categories,140360136,vn,46501725123.0,262895510.0,262895510.0
140360136,2026-07-01,45252660052,262895510,262895510,data/raw/country_code=vn/dataset=product_categories/shop_id=140360136/product_categories.csv,69,vn,product_categories,140360136,vn,45252660052.0,262895510.0,262895510.0
140360136,2026-07-01,52952634618,262895510,262895510,data/raw/country_code=vn/dataset=product_categories/shop_id=140360136/product_categories.csv,70,vn,product_categories,140360136,vn,52952634618.0,262895510.0,262895510.0
140360136,2026-07-01,47052654690,265356646,265356646,data/raw/country_code=vn/dataset=product_categories/shop_id=140360136/product_categories.csv,71,vn,product_categories,140360136,vn,47052654690.0,265356646.0,265356646.0
140360136,2026-07-01,45252660052,265356646,265356646,data/raw/country_code=vn/dataset=product_categories/shop_id=140360136/product_categories.csv,72,vn,product_categories,140360136,vn,45252660052.0,265356646.0,265356646.0
140360136,2026-07-01,52952634618,265356646,265356646,data/raw/country_code=vn/dataset=product_categories/shop_id=140360136/product_categories.csv,73,vn,product_categories,140360136,vn,52952634618.0,265356646.0,265356646.0
140360136,2026-07-01,56603333920,265356646,265356646,data/raw/country_code=vn/dataset=product_categories/shop_id=140360136/product_categories.csv,74,vn,product_categories,140360136,vn,56603333920.0,265356646.0,265356646.0
140360136,2026-07-01,50803338258,265356646,265356646,data/raw/country_code=vn/dataset=product_categories/shop_id=140360136/product_categories.csv,75,vn,product_categories,140360136,vn,50803338258.0,265356646.0,265356646.0
140360136,2026-07-02,24297916305,15084057,15084057,data/raw/country_code=vn/dataset=product_categories/shop_id=140360136/product_categories.csv,76,vn,product_categories,140360136,vn,24297916305.0,15084057.0,15084057.0
140360136,2026-07-02,22272121986,15084057,15084057,data/raw/country_code=vn/dataset=product_categories/shop_id=140360136/product_categories.csv,77,vn,product_categories,140360136,vn,22272121986.0,15084057.0,15084057.0
140360136,2026-07-02,26963395898,15084596,15084596,data/raw/country_code=vn/dataset=product_categories/shop_id=140360136/product_categories.csv,78,vn,product_categories,140360136,vn,26963395898.0,15084596.0,15084596.0
140360136,2026-07-02,24779109496,15084596,15084596,data/raw/country_code=vn/dataset=product_categories/shop_id=140360136/product_categories.csv,79,vn,product_categories,140360136,vn,24779109496.0,15084596.0,15084596.0
140360136,2026-07-02,49001551344,15084596,15084596,data/raw/country_code=vn/dataset=product_categories/shop_id=140360136/product_categories.csv,80,vn,product_categories,140360136,vn,49001551344.0,15084596.0,15084596.0
140360136,2026-07-02,45252660052,15084596,15084596,data/raw/country_code=vn/dataset=product_categories/shop_id=140360136/product_categories.csv,81,vn,product_categories,140360136,vn,45252660052.0,15084596.0,15084596.0
140360136,2026-07-02,29266899298,15084814,15084814,data/raw/country_code=vn/dataset=product_categories/shop_id=140360136/product_categories.csv,82,vn,product_categories,140360136,vn,29266899298.0,15084814.0,15084814.0
140360136,2026-07-02,46551403561,15084814,15084814,data/raw/country_code=vn/dataset=product_categories/shop_id=140360136/product_categories.csv,83,vn,product_categories,140360136,vn,46551403561.0,15084814.0,15084814.0
140360136,2026-07-02,42675914026,15084814,15084814,data/raw/country_code=vn/dataset=product_categories/shop_id=140360136/product_categories.csv,84,vn,product_categories,140360136,vn,42675914026.0,15084814.0,15084814.0
140360136,2026-07-02,29537868294,15084899,15084899,data/raw/country_code=vn/dataset=product_categories/shop_id=140360136/product_categories.csv,85,vn,product_categories,140360136,vn,29537868294.0,15084899.0,15084899.0
140360136,2026-07-02,47554242165,15084899,15084899,data/raw/country_code=vn/dataset=product_categories/shop_id=140360136/product_categories.csv,86,vn,product_categories,140360136,vn,47554242165.0,15084899.0,15084899.0
140360136,2026-07-02,53203426553,15084899,15084899,data/raw/country_code=vn/dataset=product_categories/shop_id=140360136/product_categories.csv,87,vn,product_categories,140360136,vn,53203426553.0,15084899.0,15084899.0
140360136,2026-07-02,47052654690,15084899,15084899,data/raw/country_code=vn/dataset=product_categories/shop_id=140360136/product_categories.csv,88,vn,product_categories,140360136,vn,47052654690.0,15084899.0,15084899.0
140360136,2026-07-02,56603333920,15084899,15084899,data/raw/country_code=vn/dataset=product_categories/shop_id=140360136/product_categories.csv,89,vn,product_categories,140360136,vn,56603333920.0,15084899.0,15084899.0
140360136,2026-07-02,52952634618,15084899,15084899,data/raw/country_code=vn/dataset=product_categories/shop_id=140360136/product_categories.csv,90,vn,product_categories,140360136,vn,52952634618.0,15084899.0,15084899.0
140360136,2026-07-02,50803338258,15084899,15084899,data/raw/country_code=vn/dataset=product_categories/shop_id=140360136/product_categories.csv,91,vn,product_categories,140360136,vn,50803338258.0,15084899.0,15084899.0
140360136,2026-07-02,16189882427,15085618,15085618,data/raw/country_code=vn/dataset=product_categories/shop_id=140360136/product_categories.csv,92,vn,product_categories,140360136,vn,16189882427.0,15085618.0,15085618.0
140360136,2026-07-02,26963395898,243819608,243819608,data/raw/country_code=vn/dataset=product_categories/shop_id=140360136/product_categories.csv,93,vn,product_categories,140360136,vn,26963395898.0,243819608.0,243819608.0
140360136,2026-07-02,24779109496,243819608,243819608,data/raw/country_code=vn/dataset=product_categories/shop_id=140360136/product_categories.csv,94,vn,product_categories,140360136,vn,24779109496.0,243819608.0,243819608.0
140360136,2026-07-02,25211554425,243819608,243819608,data/raw/country_code=vn/dataset=product_categories/shop_id=140360136/product_categories.csv,95,vn,product_categories,140360136,vn,25211554425.0,243819608.0,243819608.0
140360136,2026-07-02,17591957454,243819608,243819608,data/raw/country_code=vn/dataset=product_categories/shop_id=140360136/product_categories.csv,96,vn,product_categories,140360136,vn,17591957454.0,243819608.0,243819608.0
140360136,2026-07-02,29537868294,243819608,243819608,data/raw/country_code=vn/dataset=product_categories/shop_id=140360136/product_categories.csv,97,vn,product_categories,140360136,vn,29537868294.0,243819608.0,243819608.0
140360136,2026-07-02,25656325171,243819608,243819608,data/raw/country_code=vn/dataset=product_categories/shop_id=140360136/product_categories.csv,98,vn,product_categories,140360136,vn,25656325171.0,243819608.0,243819608.0
140360136,2026-07-02,16189882427,243819608,243819608,data/raw/country_code=vn/dataset=product_categories/shop_id=140360136/product_categories.csv,99,vn,product_categories,140360136,vn,16189882427.0,243819608.0,243819608.0
140360136,2026-07-02,24906325448,243819608,243819608,data/raw/country_code=vn/dataset=product_categories/shop_id=140360136/product_categories.csv,100,vn,product_categories,140360136,vn,24906325448.0,243819608.0,243819608.0
140360136,2026-07-02,28243290319,243819608,243819608,data/raw/country_code=vn/dataset=product_categories/shop_id=140360136/product_categories.csv,101,vn,product_categories,140360136,vn,28243290319.0,243819608.0,243819608.0
140360136,2026-07-02,29793276094,243819608,243819608,data/raw/country_code=vn/dataset=product_categories/shop_id=140360136/product_categories.csv,102,vn,product_categories,140360136,vn,29793276094.0,243819608.0,243819608.0
140360136,2026-07-02,24297916305,243819608,243819608,data/raw/country_code=vn/dataset=product_categories/shop_id=140360136/product_categories.csv,103,vn,product_categories,140360136,vn,24297916305.0,243819608.0,243819608.0
140360136,2026-07-02,29266899298,243819608,243819608,data/raw/country_code=vn/dataset=product_categories/shop_id=140360136/product_categories.csv,104,vn,product_categories,140360136,vn,29266899298.0,243819608.0,243819608.0
140360136,2026-07-02,42450739240,243819608,243819608,data/raw/country_code=vn/dataset=product_categories/shop_id=140360136/product_categories.csv,105,vn,product_categories,140360136,vn,42450739240.0,243819608.0,243819608.0
140360136,2026-07-02,22272121986,243819608,243819608,data/raw/country_code=vn/dataset=product_categories/shop_id=140360136/product_categories.csv,106,vn,product_categories,140360136,vn,22272121986.0,243819608.0,243819608.0
140360136,2026-07-02,46551403561,243819608,243819608,data/raw/country_code=vn/dataset=product_categories/shop_id=140360136/product_categories.csv,107,vn,product_categories,140360136,vn,46551403561.0,243819608.0,243819608.0
140360136,2026-07-02,47554242165,243819608,243819608,data/raw/country_code=vn/dataset=product_categories/shop_id=140360136/product_categories.csv,108,vn,product_categories,140360136,vn,47554242165.0,243819608.0,243819608.0
140360136,2026-07-02,21562941614,243819608,243819608,data/raw/country_code=vn/dataset=product_categories/shop_id=140360136/product_categories.csv,109,vn,product_categories,140360136,vn,21562941614.0,243819608.0,243819608.0
140360136,2026-07-02,42675914026,243819608,243819608,data/raw/country_code=vn/dataset=product_categories/shop_id=140360136/product_categories.csv,110,vn,product_categories,140360136,vn,42675914026.0,243819608.0,243819608.0
140360136,2026-07-02,49001551344,243819608,243819608,data/raw/country_code=vn/dataset=product_categories/shop_id=140360136/product_categories.csv,111,vn,product_categories,140360136,vn,49001551344.0,243819608.0,243819608.0
140360136,2026-07-02,53203426553,243819608,243819608,data/raw/country_code=vn/dataset=product_categories/shop_id=140360136/product_categories.csv,112,vn,product_categories,140360136,vn,53203426553.0,243819608.0,243819608.0
140360136,2026-07-02,51803979562,243819608,243819608,data/raw/country_code=vn/dataset=product_categories/shop_id=140360136/product_categories.csv,113,vn,product_categories,140360136,vn,51803979562.0,243819608.0,243819608.0
140360136,2026-07-02,47052654690,243819608,243819608,data/raw/country_code=vn/dataset=product_categories/shop_id=140360136/product_categories.csv,114,vn,product_categories,140360136,vn,47052654690.0,243819608.0,243819608.0
140360136,2026-07-02,45252660052,243819608,243819608,data/raw/country_code=vn/dataset=product_categories/shop_id=140360136/product_categories.csv,115,vn,product_categories,140360136,vn,45252660052.0,243819608.0,243819608.0
140360136,2026-07-02,46501725123,243819608,243819608,data/raw/country_code=vn/dataset=product_categories/shop_id=140360136/product_categories.csv,116,vn,product_categories,140360136,vn,46501725123.0,243819608.0,243819608.0
140360136,2026-07-02,57801391961,243819608,243819608,data/raw/country_code=vn/dataset=product_categories/shop_id=140360136/product_categories.csv,117,vn,product_categories,140360136,vn,57801391961.0,243819608.0,243819608.0
140360136,2026-07-02,49551557295,243819608,243819608,data/raw/country_code=vn/dataset=product_categories/shop_id=140360136/product_categories.csv,118,vn,product_categories,140360136,vn,49551557295.0,243819608.0,243819608.0
140360136,2026-07-02,55504930342,243819608,243819608,data/raw/country_code=vn/dataset=product_categories/shop_id=140360136/product_categories.csv,119,vn,product_categories,140360136,vn,55504930342.0,243819608.0,243819608.0
140360136,2026-07-02,56804649243,243819608,243819608,data/raw/country_code=vn/dataset=product_categories/shop_id=140360136/product_categories.csv,120,vn,product_categories,140360136,vn,56804649243.0,243819608.0,243819608.0
140360136,2026-07-02,56603333920,243819608,243819608,data/raw/country_code=vn/dataset=product_categories/shop_id=140360136/product_categories.csv,121,vn,product_categories,140360136,vn,56603333920.0,243819608.0,243819608.0
140360136,2026-07-02,52952634618,243819608,243819608,data/raw/country_code=vn/dataset=product_categories/shop_id=140360136/product_categories.csv,122,vn,product_categories,140360136,vn,52952634618.0,243819608.0,243819608.0
140360136,2026-07-02,50803338258,243819608,243819608,data/raw/country_code=vn/dataset=product_categories/shop_id=140360136/product_categories.csv,123,vn,product_categories,140360136,vn,50803338258.0,243819608.0,243819608.0
140360136,2026-07-02,25211554425,249854839,249854839,data/raw/country_code=vn/dataset=product_categories/shop_id=140360136/product_categories.csv,124,vn,product_categories,140360136,vn,25211554425.0,249854839.0,249854839.0
140360136,2026-07-02,17591957454,249854839,249854839,data/raw/country_code=vn/dataset=product_categories/shop_id=140360136/product_categories.csv,125,vn,product_categories,140360136,vn,17591957454.0,249854839.0,249854839.0
140360136,2026-07-02,25656325171,249854839,249854839,data/raw/country_code=vn/dataset=product_categories/shop_id=140360136/product_categories.csv,126,vn,product_categories,140360136,vn,25656325171.0,249854839.0,249854839.0
140360136,2026-07-02,24906325448,249854839,249854839,data/raw/country_code=vn/dataset=product_categories/shop_id=140360136/product_categories.csv,127,vn,product_categories,140360136,vn,24906325448.0,249854839.0,249854839.0
140360136,2026-07-02,21562941614,249854839,249854839,data/raw/country_code=vn/dataset=product_categories/shop_id=140360136/product_categories.csv,128,vn,product_categories,140360136,vn,21562941614.0,249854839.0,249854839.0
140360136,2026-07-02,49551557295,249854839,249854839,data/raw/country_code=vn/dataset=product_categories/shop_id=140360136/product_categories.csv,129,vn,product_categories,140360136,vn,49551557295.0,249854839.0,249854839.0
140360136,2026-07-02,56804649243,249854839,249854839,data/raw/country_code=vn/dataset=product_categories/shop_id=140360136/product_categories.csv,130,vn,product_categories,140360136,vn,56804649243.0,249854839.0,249854839.0
140360136,2026-07-02,24779109496,262895510,262895510,data/raw/country_code=vn/dataset=product_categories/shop_id=140360136/product_categories.csv,131,vn,product_categories,140360136,vn,24779109496.0,262895510.0,262895510.0
140360136,2026-07-02,25656325171,262895510,262895510,data/raw/country_code=vn/dataset=product_categories/shop_id=140360136/product_categories.csv,132,vn,product_categories,140360136,vn,25656325171.0,262895510.0,262895510.0
140360136,2026-07-02,24906325448,262895510,262895510,data/raw/country_code=vn/dataset=product_categories/shop_id=140360136/product_categories.csv,133,vn,product_categories,140360136,vn,24906325448.0,262895510.0,262895510.0
140360136,2026-07-02,28243290319,262895510,262895510,data/raw/country_code=vn/dataset=product_categories/shop_id=140360136/product_categories.csv,134,vn,product_categories,140360136,vn,28243290319.0,262895510.0,262895510.0
140360136,2026-07-02,29793276094,262895510,262895510,data/raw/country_code=vn/dataset=product_categories/shop_id=140360136/product_categories.csv,135,vn,product_categories,140360136,vn,29793276094.0,262895510.0,262895510.0
140360136,2026-07-02,29266899298,262895510,262895510,data/raw/country_code=vn/dataset=product_categories/shop_id=140360136/product_categories.csv,136,vn,product_categories,140360136,vn,29266899298.0,262895510.0,262895510.0
140360136,2026-07-02,42450739240,262895510,262895510,data/raw/country_code=vn/dataset=product_categories/shop_id=140360136/product_categories.csv,137,vn,product_categories,140360136,vn,42450739240.0,262895510.0,262895510.0
140360136,2026-07-02,21562941614,262895510,262895510,data/raw/country_code=vn/dataset=product_categories/shop_id=140360136/product_categories.csv,138,vn,product_categories,140360136,vn,21562941614.0,262895510.0,262895510.0
140360136,2026-07-02,42675914026,262895510,262895510,data/raw/country_code=vn/dataset=product_categories/shop_id=140360136/product_categories.csv,139,vn,product_categories,140360136,vn,42675914026.0,262895510.0,262895510.0
140360136,2026-07-02,49001551344,262895510,262895510,data/raw/country_code=vn/dataset=product_categories/shop_id=140360136/product_categories.csv,140,vn,product_categories,140360136,vn,49001551344.0,262895510.0,262895510.0
140360136,2026-07-02,47052654690,262895510,262895510,data/raw/country_code=vn/dataset=product_categories/shop_id=140360136/product_categories.csv,141,vn,product_categories,140360136,vn,47052654690.0,262895510.0,262895510.0
140360136,2026-07-02,45252660052,262895510,262895510,data/raw/country_code=vn/dataset=product_categories/shop_id=140360136/product_categories.csv,142,vn,product_categories,140360136,vn,45252660052.0,262895510.0,262895510.0
140360136,2026-07-02,46501725123,262895510,262895510,data/raw/country_code=vn/dataset=product_categories/shop_id=140360136/product_categories.csv,143,vn,product_categories,140360136,vn,46501725123.0,262895510.0,262895510.0
140360136,2026-07-02,52952634618,262895510,262895510,data/raw/country_code=vn/dataset=product_categories/shop_id=140360136/product_categories.csv,144,vn,product_categories,140360136,vn,52952634618.0,262895510.0,262895510.0
140360136,2026-07-02,47052654690,265356646,265356646,data/raw/country_code=vn/dataset=product_categories/shop_id=140360136/product_categories.csv,145,vn,product_categories,140360136,vn,47052654690.0,265356646.0,265356646.0
140360136,2026-07-02,45252660052,265356646,265356646,data/raw/country_code=vn/dataset=product_categories/shop_id=140360136/product_categories.csv,146,vn,product_categories,140360136,vn,45252660052.0,265356646.0,265356646.0
140360136,2026-07-02,56603333920,265356646,265356646,data/raw/country_code=vn/dataset=product_categories/shop_id=140360136/product_categories.csv,147,vn,product_categories,140360136,vn,56603333920.0,265356646.0,265356646.0
140360136,2026-07-02,52952634618,265356646,265356646,data/raw/country_code=vn/dataset=product_categories/shop_id=140360136/product_categories.csv,148,vn,product_categories,140360136,vn,52952634618.0,265356646.0,265356646.0
140360136,2026-07-02,50803338258,265356646,265356646,data/raw/country_code=vn/dataset=product_categories/shop_id=140360136/product_categories.csv,149,vn,product_categories,140360136,vn,50803338258.0,265356646.0,265356646.0
140360136,2026-07-03,24297916305,15084057,15084057,data/raw/country_code=vn/dataset=product_categories/shop_id=140360136/product_categories.csv,150,vn,product_categories,140360136,vn,24297916305.0,15084057.0,15084057.0
140360136,2026-07-03,22272121986,15084057,15084057,data/raw/country_code=vn/dataset=product_categories/shop_id=140360136/product_categories.csv,151,vn,product_categories,140360136,vn,22272121986.0,15084057.0,15084057.0
140360136,2026-07-03,26963395898,15084596,15084596,data/raw/country_code=vn/dataset=product_categories/shop_id=140360136/product_categories.csv,152,vn,product_categories,140360136,vn,26963395898.0,15084596.0,15084596.0
140360136,2026-07-03,24779109496,15084596,15084596,data/raw/country_code=vn/dataset=product_categories/shop_id=140360136/product_categories.csv,153,vn,product_categories,140360136,vn,24779109496.0,15084596.0,15084596.0
140360136,2026-07-03,49001551344,15084596,15084596,data/raw/country_code=vn/dataset=product_categories/shop_id=140360136/product_categories.csv,154,vn,product_categories,140360136,vn,49001551344.0,15084596.0,15084596.0
140360136,2026-07-03,45252660052,15084596,15084596,data/raw/country_code=vn/dataset=product_categories/shop_id=140360136/product_categories.csv,155,vn,product_categories,140360136,vn,45252660052.0,15084596.0,15084596.0
140360136,2026-07-03,29266899298,15084814,15084814,data/raw/country_code=vn/dataset=product_categories/shop_id=140360136/product_categories.csv,156,vn,product_categories,140360136,vn,29266899298.0,15084814.0,15084814.0
140360136,2026-07-03,46551403561,15084814,15084814,data/raw/country_code=vn/dataset=product_categories/shop_id=140360136/product_categories.csv,157,vn,product_categories,140360136,vn,46551403561.0,15084814.0,15084814.0
140360136,2026-07-03,42675914026,15084814,15084814,data/raw/country_code=vn/dataset=product_categories/shop_id=140360136/product_categories.csv,158,vn,product_categories,140360136,vn,42675914026.0,15084814.0,15084814.0
140360136,2026-07-03,29537868294,15084899,15084899,data/raw/country_code=vn/dataset=product_categories/shop_id=140360136/product_categories.csv,159,vn,product_categories,140360136,vn,29537868294.0,15084899.0,15084899.0
140360136,2026-07-03,47554242165,15084899,15084899,data/raw/country_code=vn/dataset=product_categories/shop_id=140360136/product_categories.csv,160,vn,product_categories,140360136,vn,47554242165.0,15084899.0,15084899.0
140360136,2026-07-03,53203426553,15084899,15084899,data/raw/country_code=vn/dataset=product_categories/shop_id=140360136/product_categories.csv,161,vn,product_categories,140360136,vn,53203426553.0,15084899.0,15084899.0
140360136,2026-07-03,47052654690,15084899,15084899,data/raw/country_code=vn/dataset=product_categories/shop_id=140360136/product_categories.csv,162,vn,product_categories,140360136,vn,47052654690.0,15084899.0,15084899.0
140360136,2026-07-03,52952634618,15084899,15084899,data/raw/country_code=vn/dataset=product_categories/shop_id=140360136/product_categories.csv,163,vn,product_categories,140360136,vn,52952634618.0,15084899.0,15084899.0
140360136,2026-07-03,56603333920,15084899,15084899,data/raw/country_code=vn/dataset=product_categories/shop_id=140360136/product_categories.csv,164,vn,product_categories,140360136,vn,56603333920.0,15084899.0,15084899.0
140360136,2026-07-03,50803338258,15084899,15084899,data/raw/country_code=vn/dataset=product_categories/shop_id=140360136/product_categories.csv,165,vn,product_categories,140360136,vn,50803338258.0,15084899.0,15084899.0
140360136,2026-07-03,16189882427,15085618,15085618,data/raw/country_code=vn/dataset=product_categories/shop_id=140360136/product_categories.csv,166,vn,product_categories,140360136,vn,16189882427.0,15085618.0,15085618.0
140360136,2026-07-03,26963395898,243819608,243819608,data/raw/country_code=vn/dataset=product_categories/shop_id=140360136/product_categories.csv,167,vn,product_categories,140360136,vn,26963395898.0,243819608.0,243819608.0
140360136,2026-07-03,24779109496,243819608,243819608,data/raw/country_code=vn/dataset=product_categories/shop_id=140360136/product_categories.csv,168,vn,product_categories,140360136,vn,24779109496.0,243819608.0,243819608.0
140360136,2026-07-03,25211554425,243819608,243819608,data/raw/country_code=vn/dataset=product_categories/shop_id=140360136/product_categories.csv,169,vn,product_categories,140360136,vn,25211554425.0,243819608.0,243819608.0
140360136,2026-07-03,17591957454,243819608,243819608,data/raw/country_code=vn/dataset=product_categories/shop_id=140360136/product_categories.csv,170,vn,product_categories,140360136,vn,17591957454.0,243819608.0,243819608.0
140360136,2026-07-03,29537868294,243819608,243819608,data/raw/country_code=vn/dataset=product_categories/shop_id=140360136/product_categories.csv,171,vn,product_categories,140360136,vn,29537868294.0,243819608.0,243819608.0
140360136,2026-07-03,16189882427,243819608,243819608,data/raw/country_code=vn/dataset=product_categories/shop_id=140360136/product_categories.csv,172,vn,product_categories,140360136,vn,16189882427.0,243819608.0,243819608.0
140360136,2026-07-03,25656325171,243819608,243819608,data/raw/country_code=vn/dataset=product_categories/shop_id=140360136/product_categories.csv,173,vn,product_categories,140360136,vn,25656325171.0,243819608.0,243819608.0
140360136,2026-07-03,24297916305,243819608,243819608,data/raw/country_code=vn/dataset=product_categories/shop_id=140360136/product_categories.csv,174,vn,product_categories,140360136,vn,24297916305.0,243819608.0,243819608.0
140360136,2026-07-03,24906325448,243819608,243819608,data/raw/country_code=vn/dataset=product_categories/shop_id=140360136/product_categories.csv,175,vn,product_categories,140360136,vn,24906325448.0,243819608.0,243819608.0
140360136,2026-07-03,42450739240,243819608,243819608,data/raw/country_code=vn/dataset=product_categories/shop_id=140360136/product_categories.csv,176,vn,product_categories,140360136,vn,42450739240.0,243819608.0,243819608.0
140360136,2026-07-03,29266899298,243819608,243819608,data/raw/country_code=vn/dataset=product_categories/shop_id=140360136/product_categories.csv,177,vn,product_categories,140360136,vn,29266899298.0,243819608.0,243819608.0
140360136,2026-07-03,28243290319,243819608,243819608,data/raw/country_code=vn/dataset=product_categories/shop_id=140360136/product_categories.csv,178,vn,product_categories,140360136,vn,28243290319.0,243819608.0,243819608.0
140360136,2026-07-03,29793276094,243819608,243819608,data/raw/country_code=vn/dataset=product_categories/shop_id=140360136/product_categories.csv,179,vn,product_categories,140360136,vn,29793276094.0,243819608.0,243819608.0
140360136,2026-07-03,46551403561,243819608,243819608,data/raw/country_code=vn/dataset=product_categories/shop_id=140360136/product_categories.csv,180,vn,product_categories,140360136,vn,46551403561.0,243819608.0,243819608.0
140360136,2026-07-03,22272121986,243819608,243819608,data/raw/country_code=vn/dataset=product_categories/shop_id=140360136/product_categories.csv,181,vn,product_categories,140360136,vn,22272121986.0,243819608.0,243819608.0
140360136,2026-07-03,21562941614,243819608,243819608,data/raw/country_code=vn/dataset=product_categories/shop_id=140360136/product_categories.csv,182,vn,product_categories,140360136,vn,21562941614.0,243819608.0,243819608.0
140360136,2026-07-03,47554242165,243819608,243819608,data/raw/country_code=vn/dataset=product_categories/shop_id=140360136/product_categories.csv,183,vn,product_categories,140360136,vn,47554242165.0,243819608.0,243819608.0
140360136,2026-07-03,42675914026,243819608,243819608,data/raw/country_code=vn/dataset=product_categories/shop_id=140360136/product_categories.csv,184,vn,product_categories,140360136,vn,42675914026.0,243819608.0,243819608.0
140360136,2026-07-03,53203426553,243819608,243819608,data/raw/country_code=vn/dataset=product_categories/shop_id=140360136/product_categories.csv,185,vn,product_categories,140360136,vn,53203426553.0,243819608.0,243819608.0
140360136,2026-07-03,49001551344,243819608,243819608,data/raw/country_code=vn/dataset=product_categories/shop_id=140360136/product_categories.csv,186,vn,product_categories,140360136,vn,49001551344.0,243819608.0,243819608.0
140360136,2026-07-03,51803979562,243819608,243819608,data/raw/country_code=vn/dataset=product_categories/shop_id=140360136/product_categories.csv,187,vn,product_categories,140360136,vn,51803979562.0,243819608.0,243819608.0
140360136,2026-07-03,45252660052,243819608,243819608,data/raw/country_code=vn/dataset=product_categories/shop_id=140360136/product_categories.csv,188,vn,product_categories,140360136,vn,45252660052.0,243819608.0,243819608.0
140360136,2026-07-03,47052654690,243819608,243819608,data/raw/country_code=vn/dataset=product_categories/shop_id=140360136/product_categories.csv,189,vn,product_categories,140360136,vn,47052654690.0,243819608.0,243819608.0
140360136,2026-07-03,46501725123,243819608,243819608,data/raw/country_code=vn/dataset=product_categories/shop_id=140360136/product_categories.csv,190,vn,product_categories,140360136,vn,46501725123.0,243819608.0,243819608.0
140360136,2026-07-03,57801391961,243819608,243819608,data/raw/country_code=vn/dataset=product_categories/shop_id=140360136/product_categories.csv,191,vn,product_categories,140360136,vn,57801391961.0,243819608.0,243819608.0
140360136,2026-07-03,55504930342,243819608,243819608,data/raw/country_code=vn/dataset=product_categories/shop_id=140360136/product_categories.csv,192,vn,product_categories,140360136,vn,55504930342.0,243819608.0,243819608.0
140360136,2026-07-03,49551557295,243819608,243819608,data/raw/country_code=vn/dataset=product_categories/shop_id=140360136/product_categories.csv,193,vn,product_categories,140360136,vn,49551557295.0,243819608.0,243819608.0
140360136,2026-07-03,52952634618,243819608,243819608,data/raw/country_code=vn/dataset=product_categories/shop_id=140360136/product_categories.csv,194,vn,product_categories,140360136,vn,52952634618.0,243819608.0,243819608.0
140360136,2026-07-03,56804649243,243819608,243819608,data/raw/country_code=vn/dataset=product_categories/shop_id=140360136/product_categories.csv,195,vn,product_categories,140360136,vn,56804649243.0,243819608.0,243819608.0
140360136,2026-07-03,56603333920,243819608,243819608,data/raw/country_code=vn/dataset=product_categories/shop_id=140360136/product_categories.csv,196,vn,product_categories,140360136,vn,56603333920.0,243819608.0,243819608.0
140360136,2026-07-03,50803338258,243819608,243819608,data/raw/country_code=vn/dataset=product_categories/shop_id=140360136/product_categories.csv,197,vn,product_categories,140360136,vn,50803338258.0,243819608.0,243819608.0
140360136,2026-07-03,25211554425,249854839,249854839,data/raw/country_code=vn/dataset=product_categories/shop_id=140360136/product_categories.csv,198,vn,product_categories,140360136,vn,25211554425.0,249854839.0,249854839.0
140360136,2026-07-03,17591957454,249854839,249854839,data/raw/country_code=vn/dataset=product_categories/shop_id=140360136/product_categories.csv,199,vn,product_categories,140360136,vn,17591957454.0,249854839.0,249854839.0
140360136,2026-07-03,25656325171,249854839,249854839,data/raw/country_code=vn/dataset=product_categories/shop_id=140360136/product_categories.csv,200,vn,product_categories,140360136,vn,25656325171.0,249854839.0,249854839.0
140360136,2026-07-03,24906325448,249854839,249854839,data/raw/country_code=vn/dataset=product_categories/shop_id=140360136/product_categories.csv,201,vn,product_categories,140360136,vn,24906325448.0,249854839.0,249854839.0
140360136,2026-07-03,21562941614,249854839,249854839,data/raw/country_code=vn/dataset=product_categories/shop_id=140360136/product_categories.csv,202,vn,product_categories,140360136,vn,21562941614.0,249854839.0,249854839.0
140360136,2026-07-03,49551557295,249854839,249854839,data/raw/country_code=vn/dataset=product_categories/shop_id=140360136/product_categories.csv,203,vn,product_categories,140360136,vn,49551557295.0,249854839.0,249854839.0
140360136,2026-07-03,56804649243,249854839,249854839,data/raw/country_code=vn/dataset=product_categories/shop_id=140360136/product_categories.csv,204,vn,product_categories,140360136,vn,56804649243.0,249854839.0,249854839.0
140360136,2026-07-03,24779109496,262895510,262895510,data/raw/country_code=vn/dataset=product_categories/shop_id=140360136/product_categories.csv,205,vn,product_categories,140360136,vn,24779109496.0,262895510.0,262895510.0
140360136,2026-07-03,25656325171,262895510,262895510,data/raw/country_code=vn/dataset=product_categories/shop_id=140360136/product_categories.csv,206,vn,product_categories,140360136,vn,25656325171.0,262895510.0,262895510.0
140360136,2026-07-03,24906325448,262895510,262895510,data/raw/country_code=vn/dataset=product_categories/shop_id=140360136/product_categories.csv,207,vn,product_categories,140360136,vn,24906325448.0,262895510.0,262895510.0
140360136,2026-07-03,42450739240,262895510,262895510,data/raw/country_code=vn/dataset=product_categories/shop_id=140360136/product_categories.csv,208,vn,product_categories,140360136,vn,42450739240.0,262895510.0,262895510.0
140360136,2026-07-03,29266899298,262895510,262895510,data/raw/country_code=vn/dataset=product_categories/shop_id=140360136/product_categories.csv,209,vn,product_categories,140360136,vn,29266899298.0,262895510.0,262895510.0
140360136,2026-07-03,28243290319,262895510,262895510,data/raw/country_code=vn/dataset=product_categories/shop_id=140360136/product_categories.csv,210,vn,product_categories,140360136,vn,28243290319.0,262895510.0,262895510.0
140360136,2026-07-03,29793276094,262895510,262895510,data/raw/country_code=vn/dataset=product_categories/shop_id=140360136/product_categories.csv,211,vn,product_categories,140360136,vn,29793276094.0,262895510.0,262895510.0
140360136,2026-07-03,21562941614,262895510,262895510,data/raw/country_code=vn/dataset=product_categories/shop_id=140360136/product_categories.csv,212,vn,product_categories,140360136,vn,21562941614.0,262895510.0,262895510.0
140360136,2026-07-03,48800384019,262895510,262895510,data/raw/country_code=vn/dataset=product_categories/shop_id=140360136/product_categories.csv,213,vn,product_categories,140360136,vn,48800384019.0,262895510.0,262895510.0
140360136,2026-07-03,42675914026,262895510,262895510,data/raw/country_code=vn/dataset=product_categories/shop_id=140360136/product_categories.csv,214,vn,product_categories,140360136,vn,42675914026.0,262895510.0,262895510.0
140360136,2026-07-03,49001551344,262895510,262895510,data/raw/country_code=vn/dataset=product_categories/shop_id=140360136/product_categories.csv,215,vn,product_categories,140360136,vn,49001551344.0,262895510.0,262895510.0
140360136,2026-07-03,45252660052,262895510,262895510,data/raw/country_code=vn/dataset=product_categories/shop_id=140360136/product_categories.csv,216,vn,product_categories,140360136,vn,45252660052.0,262895510.0,262895510.0
140360136,2026-07-03,47052654690,262895510,262895510,data/raw/country_code=vn/dataset=product_categories/shop_id=140360136/product_categories.csv,217,vn,product_categories,140360136,vn,47052654690.0,262895510.0,262895510.0
140360136,2026-07-03,46501725123,262895510,262895510,data/raw/country_code=vn/dataset=product_categories/shop_id=140360136/product_categories.csv,218,vn,product_categories,140360136,vn,46501725123.0,262895510.0,262895510.0
140360136,2026-07-03,52952634618,262895510,262895510,data/raw/country_code=vn/dataset=product_categories/shop_id=140360136/product_categories.csv,219,vn,product_categories,140360136,vn,52952634618.0,262895510.0,262895510.0
140360136,2026-07-03,45252660052,265356646,265356646,data/raw/country_code=vn/dataset=product_categories/shop_id=140360136/product_categories.csv,220,vn,product_categories,140360136,vn,45252660052.0,265356646.0,265356646.0
140360136,2026-07-03,47052654690,265356646,265356646,data/raw/country_code=vn/dataset=product_categories/shop_id=140360136/product_categories.csv,221,vn,product_categories,140360136,vn,47052654690.0,265356646.0,265356646.0
140360136,2026-07-03,52952634618,265356646,265356646,data/raw/country_code=vn/dataset=product_categories/shop_id=140360136/product_categories.csv,222,vn,product_categories,140360136,vn,52952634618.0,265356646.0,265356646.0
140360136,2026-07-03,56603333920,265356646,265356646,data/raw/country_code=vn/dataset=product_categories/shop_id=140360136/product_categories.csv,223,vn,product_categories,140360136,vn,56603333920.0,265356646.0,265356646.0
140360136,2026-07-03,50803338258,265356646,265356646,data/raw/country_code=vn/dataset=product_categories/shop_id=140360136/product_categories.csv,224,vn,product_categories,140360136,vn,50803338258.0,265356646.0,265356646.0
1546895026,2026-07-02,42453992470,258960141,258960141,data/raw/country_code=vn/dataset=product_categories/shop_id=1546895026/product_categories.csv,2,vn,product_categories,1546895026,vn,42453992470.0,258960141.0,258960141.0
1546895026,2026-07-02,42603939824,258960141,258960141,data/raw/country_code=vn/dataset=product_categories/shop_id=1546895026/product_categories.csv,3,vn,product_categories,1546895026,vn,42603939824.0,258960141.0,258960141.0
1546895026,2026-07-02,26839290942,258960141,258960141,data/raw/country_code=vn/dataset=product_categories/shop_id=1546895026/product_categories.csv,4,vn,product_categories,1546895026,vn,26839290942.0,258960141.0,258960141.0
1546895026,2026-07-02,43660765544,258960141,258960141,data/raw/country_code=vn/dataset=product_categories/shop_id=1546895026/product_categories.csv,5,vn,product_categories,1546895026,vn,43660765544.0,258960141.0,258960141.0
1546895026,2026-07-02,43504006760,258960141,258960141,data/raw/country_code=vn/dataset=product_categories/shop_id=1546895026/product_categories.csv,6,vn,product_categories,1546895026,vn,43504006760.0,258960141.0,258960141.0
1546895026,2026-07-02,41910765656,258960141,258960141,data/raw/country_code=vn/dataset=product_categories/shop_id=1546895026/product_categories.csv,7,vn,product_categories,1546895026,vn,41910765656.0,258960141.0,258960141.0
1546895026,2026-07-02,40953958491,258960141,258960141,data/raw/country_code=vn/dataset=product_categories/shop_id=1546895026/product_categories.csv,8,vn,product_categories,1546895026,vn,40953958491.0,258960141.0,258960141.0
1546895026,2026-07-02,44453968539,258960141,258960141,data/raw/country_code=vn/dataset=product_categories/shop_id=1546895026/product_categories.csv,9,vn,product_categories,1546895026,vn,44453968539.0,258960141.0,258960141.0
1546895026,2026-07-02,41903964068,258960141,258960141,data/raw/country_code=vn/dataset=product_categories/shop_id=1546895026/product_categories.csv,10,vn,product_categories,1546895026,vn,41903964068.0,258960141.0,258960141.0
1546895026,2026-07-02,40410765498,258960141,258960141,data/raw/country_code=vn/dataset=product_categories/shop_id=1546895026/product_categories.csv,11,vn,product_categories,1546895026,vn,40410765498.0,258960141.0,258960141.0
1546895026,2026-07-02,44010762458,258960141,258960141,data/raw/country_code=vn/dataset=product_categories/shop_id=1546895026/product_categories.csv,12,vn,product_categories,1546895026,vn,44010762458.0,258960141.0,258960141.0
1546895026,2026-07-02,43723190354,258960141,258960141,data/raw/country_code=vn/dataset=product_categories/shop_id=1546895026/product_categories.csv,13,vn,product_categories,1546895026,vn,43723190354.0,258960141.0,258960141.0
1546895026,2026-07-02,53459274550,258960141,258960141,data/raw/country_code=vn/dataset=product_categories/shop_id=1546895026/product_categories.csv,14,vn,product_categories,1546895026,vn,53459274550.0,258960141.0,258960141.0
1546895026,2026-07-02,43873199894,258960141,258960141,data/raw/country_code=vn/dataset=product_categories/shop_id=1546895026/product_categories.csv,15,vn,product_categories,1546895026,vn,43873199894.0,258960141.0,258960141.0
1546895026,2026-07-02,43354002232,258960141,258960141,data/raw/country_code=vn/dataset=product_categories/shop_id=1546895026/product_categories.csv,16,vn,product_categories,1546895026,vn,43354002232.0,258960141.0,258960141.0
1546895026,2026-07-02,42504003370,258960141,258960141,data/raw/country_code=vn/dataset=product_categories/shop_id=1546895026/product_categories.csv,17,vn,product_categories,1546895026,vn,42504003370.0,258960141.0,258960141.0
1546895026,2026-07-02,50259287600,258960141,258960141,data/raw/country_code=vn/dataset=product_categories/shop_id=1546895026/product_categories.csv,18,vn,product_categories,1546895026,vn,50259287600.0,258960141.0,258960141.0
1546895026,2026-07-02,51209278351,258960141,258960141,data/raw/country_code=vn/dataset=product_categories/shop_id=1546895026/product_categories.csv,19,vn,product_categories,1546895026,vn,51209278351.0,258960141.0,258960141.0
1546895026,2026-07-02,41104002530,258960406,258960406,data/raw/country_code=vn/dataset=product_categories/shop_id=1546895026/product_categories.csv,20,vn,product_categories,1546895026,vn,41104002530.0,258960406.0,258960406.0
1546895026,2026-07-02,41961995623,258960406,258960406,data/raw/country_code=vn/dataset=product_categories/shop_id=1546895026/product_categories.csv,21,vn,product_categories,1546895026,vn,41961995623.0,258960406.0,258960406.0
1546895026,2026-07-02,27937455870,258960406,258960406,data/raw/country_code=vn/dataset=product_categories/shop_id=1546895026/product_categories.csv,22,vn,product_categories,1546895026,vn,27937455870.0,258960406.0,258960406.0
1546895026,2026-07-02,56651801332,258960406,258960406,data/raw/country_code=vn/dataset=product_categories/shop_id=1546895026/product_categories.csv,23,vn,product_categories,1546895026,vn,56651801332.0,258960406.0,258960406.0
1546895026,2026-07-02,28837455310,258960406,258960406,data/raw/country_code=vn/dataset=product_categories/shop_id=1546895026/product_categories.csv,24,vn,product_categories,1546895026,vn,28837455310.0,258960406.0,258960406.0
1546895026,2026-07-02,45653530450,258960406,258960406,data/raw/country_code=vn/dataset=product_categories/shop_id=1546895026/product_categories.csv,25,vn,product_categories,1546895026,vn,45653530450.0,258960406.0,258960406.0
1546895026,2026-07-02,41174154230,258960406,258960406,data/raw/country_code=vn/dataset=product_categories/shop_id=1546895026/product_categories.csv,26,vn,product_categories,1546895026,vn,41174154230.0,258960406.0,258960406.0
1546895026,2026-07-02,48553233793,258960406,258960406,data/raw/country_code=vn/dataset=product_categories/shop_id=1546895026/product_categories.csv,27,vn,product_categories,1546895026,vn,48553233793.0,258960406.0,258960406.0
1546895026,2026-07-02,40704001645,258960406,258960406,data/raw/country_code=vn/dataset=product_categories/shop_id=1546895026/product_categories.csv,28,vn,product_categories,1546895026,vn,40704001645.0,258960406.0,258960406.0
1546895026,2026-07-02,42924155817,258960406,258960406,data/raw/country_code=vn/dataset=product_categories/shop_id=1546895026/product_categories.csv,29,vn,product_categories,1546895026,vn,42924155817.0,258960406.0,258960406.0
1546895026,2026-07-02,50553501041,258960406,258960406,data/raw/country_code=vn/dataset=product_categories/shop_id=1546895026/product_categories.csv,30,vn,product_categories,1546895026,vn,50553501041.0,258960406.0,258960406.0
1546895026,2026-07-02,47602953145,258960406,258960406,data/raw/country_code=vn/dataset=product_categories/shop_id=1546895026/product_categories.csv,31,vn,product_categories,1546895026,vn,47602953145.0,258960406.0,258960406.0
1546895026,2026-07-02,40403991264,258960486,258960486,data/raw/country_code=vn/dataset=product_categories/shop_id=1546895026/product_categories.csv,32,vn,product_categories,1546895026,vn,40403991264.0,258960486.0,258960486.0
1546895026,2026-07-02,26237445832,258960486,258960486,data/raw/country_code=vn/dataset=product_categories/shop_id=1546895026/product_categories.csv,33,vn,product_categories,1546895026,vn,26237445832.0,258960486.0,258960486.0
1546895026,2026-07-02,44453968539,258960486,258960486,data/raw/country_code=vn/dataset=product_categories/shop_id=1546895026/product_categories.csv,34,vn,product_categories,1546895026,vn,44453968539.0,258960486.0,258960486.0
1546895026,2026-07-02,41314469516,258960486,258960486,data/raw/country_code=vn/dataset=product_categories/shop_id=1546895026/product_categories.csv,35,vn,product_categories,1546895026,vn,41314469516.0,258960486.0,258960486.0
1546895026,2026-07-02,27387412771,258960486,258960486,data/raw/country_code=vn/dataset=product_categories/shop_id=1546895026/product_categories.csv,36,vn,product_categories,1546895026,vn,27387412771.0,258960486.0,258960486.0
1546895026,2026-07-02,44756561137,258960486,258960486,data/raw/country_code=vn/dataset=product_categories/shop_id=1546895026/product_categories.csv,37,vn,product_categories,1546895026,vn,44756561137.0,258960486.0,258960486.0
1546895026,2026-07-02,55906777440,258960486,258960486,data/raw/country_code=vn/dataset=product_categories/shop_id=1546895026/product_categories.csv,38,vn,product_categories,1546895026,vn,55906777440.0,258960486.0,258960486.0
1546895026,2026-07-02,57156774210,258960486,258960486,data/raw/country_code=vn/dataset=product_categories/shop_id=1546895026/product_categories.csv,39,vn,product_categories,1546895026,vn,57156774210.0,258960486.0,258960486.0
1546895026,2026-07-02,29794288663,258960486,258960486,data/raw/country_code=vn/dataset=product_categories/shop_id=1546895026/product_categories.csv,40,vn,product_categories,1546895026,vn,29794288663.0,258960486.0,258960486.0
1546895026,2026-07-02,43378940395,258960486,258960486,data/raw/country_code=vn/dataset=product_categories/shop_id=1546895026/product_categories.csv,41,vn,product_categories,1546895026,vn,43378940395.0,258960486.0,258960486.0
1546895026,2026-07-02,29737445273,258960486,258960486,data/raw/country_code=vn/dataset=product_categories/shop_id=1546895026/product_categories.csv,42,vn,product_categories,1546895026,vn,29737445273.0,258960486.0,258960486.0
1546895026,2026-07-02,43853996444,258960486,258960486,data/raw/country_code=vn/dataset=product_categories/shop_id=1546895026/product_categories.csv,43,vn,product_categories,1546895026,vn,43853996444.0,258960486.0,258960486.0
1546895026,2026-07-02,42004001750,258960486,258960486,data/raw/country_code=vn/dataset=product_categories/shop_id=1546895026/product_categories.csv,44,vn,product_categories,1546895026,vn,42004001750.0,258960486.0,258960486.0
1546895026,2026-07-02,43553958557,258960614,258960614,data/raw/country_code=vn/dataset=product_categories/shop_id=1546895026/product_categories.csv,45,vn,product_categories,1546895026,vn,43553958557.0,258960614.0,258960614.0
1546895026,2026-07-02,24945981060,258960614,258960614,data/raw/country_code=vn/dataset=product_categories/shop_id=1546895026/product_categories.csv,46,vn,product_categories,1546895026,vn,24945981060.0,258960614.0,258960614.0
1546895026,2026-07-02,41103967860,258960614,258960614,data/raw/country_code=vn/dataset=product_categories/shop_id=1546895026/product_categories.csv,47,vn,product_categories,1546895026,vn,41103967860.0,258960614.0,258960614.0
1546895026,2026-07-02,40924148624,258960614,258960614,data/raw/country_code=vn/dataset=product_categories/shop_id=1546895026/product_categories.csv,48,vn,product_categories,1546895026,vn,40924148624.0,258960614.0,258960614.0
1546895026,2026-07-02,47500854563,258960614,258960614,data/raw/country_code=vn/dataset=product_categories/shop_id=1546895026/product_categories.csv,49,vn,product_categories,1546895026,vn,47500854563.0,258960614.0,258960614.0
1546895026,2026-07-02,43908659602,258960614,258960614,data/raw/country_code=vn/dataset=product_categories/shop_id=1546895026/product_categories.csv,50,vn,product_categories,1546895026,vn,43908659602.0,258960614.0,258960614.0
1546895026,2026-07-02,43724143627,258960614,258960614,data/raw/country_code=vn/dataset=product_categories/shop_id=1546895026/product_categories.csv,51,vn,product_categories,1546895026,vn,43724143627.0,258960614.0,258960614.0
1546895026,2026-07-02,26287413127,258960614,258960614,data/raw/country_code=vn/dataset=product_categories/shop_id=1546895026/product_categories.csv,52,vn,product_categories,1546895026,vn,26287413127.0,258960614.0,258960614.0
1546895026,2026-07-02,26437445927,258960633,258960633,data/raw/country_code=vn/dataset=product_categories/shop_id=1546895026/product_categories.csv,53,vn,product_categories,1546895026,vn,26437445927.0,258960633.0,258960633.0
1546895026,2026-07-02,42353963055,258960633,258960633,data/raw/country_code=vn/dataset=product_categories/shop_id=1546895026/product_categories.csv,54,vn,product_categories,1546895026,vn,42353963055.0,258960633.0,258960633.0
1546895026,2026-07-02,40954012983,258960633,258960633,data/raw/country_code=vn/dataset=product_categories/shop_id=1546895026/product_categories.csv,55,vn,product_categories,1546895026,vn,40954012983.0,258960633.0,258960633.0
1546895026,2026-07-02,27440312280,258960633,258960633,data/raw/country_code=vn/dataset=product_categories/shop_id=1546895026/product_categories.csv,56,vn,product_categories,1546895026,vn,27440312280.0,258960633.0,258960633.0
1546895026,2026-07-02,29637455808,258960633,258960633,data/raw/country_code=vn/dataset=product_categories/shop_id=1546895026/product_categories.csv,57,vn,product_categories,1546895026,vn,29637455808.0,258960633.0,258960633.0
1546895026,2026-07-02,42754003144,258960633,258960633,data/raw/country_code=vn/dataset=product_categories/shop_id=1546895026/product_categories.csv,58,vn,product_categories,1546895026,vn,42754003144.0,258960633.0,258960633.0
1546895026,2026-07-02,27587470891,258960633,258960633,data/raw/country_code=vn/dataset=product_categories/shop_id=1546895026/product_categories.csv,59,vn,product_categories,1546895026,vn,27587470891.0,258960633.0,258960633.0
1546895026,2026-07-02,40953993210,258960633,258960633,data/raw/country_code=vn/dataset=product_categories/shop_id=1546895026/product_categories.csv,60,vn,product_categories,1546895026,vn,40953993210.0,258960633.0,258960633.0
1546895026,2026-07-02,42453992470,258960677,258960677,data/raw/country_code=vn/dataset=product_categories/shop_id=1546895026/product_categories.csv,61,vn,product_categories,1546895026,vn,42453992470.0,258960677.0,258960677.0
1546895026,2026-07-02,41104002530,258960677,258960677,data/raw/country_code=vn/dataset=product_categories/shop_id=1546895026/product_categories.csv,62,vn,product_categories,1546895026,vn,41104002530.0,258960677.0,258960677.0
1546895026,2026-07-02,42603939824,258960677,258960677,data/raw/country_code=vn/dataset=product_categories/shop_id=1546895026/product_categories.csv,63,vn,product_categories,1546895026,vn,42603939824.0,258960677.0,258960677.0
1546895026,2026-07-02,26839290942,258960677,258960677,data/raw/country_code=vn/dataset=product_categories/shop_id=1546895026/product_categories.csv,64,vn,product_categories,1546895026,vn,26839290942.0,258960677.0,258960677.0
1546895026,2026-07-02,43660765544,258960677,258960677,data/raw/country_code=vn/dataset=product_categories/shop_id=1546895026/product_categories.csv,65,vn,product_categories,1546895026,vn,43660765544.0,258960677.0,258960677.0
1546895026,2026-07-02,43553958557,258960677,258960677,data/raw/country_code=vn/dataset=product_categories/shop_id=1546895026/product_categories.csv,66,vn,product_categories,1546895026,vn,43553958557.0,258960677.0,258960677.0
1546895026,2026-07-02,24945981060,258960677,258960677,data/raw/country_code=vn/dataset=product_categories/shop_id=1546895026/product_categories.csv,67,vn,product_categories,1546895026,vn,24945981060.0,258960677.0,258960677.0
1546895026,2026-07-02,26437445927,258960677,258960677,data/raw/country_code=vn/dataset=product_categories/shop_id=1546895026/product_categories.csv,68,vn,product_categories,1546895026,vn,26437445927.0,258960677.0,258960677.0
1546895026,2026-07-02,40403991264,258960677,258960677,data/raw/country_code=vn/dataset=product_categories/shop_id=1546895026/product_categories.csv,69,vn,product_categories,1546895026,vn,40403991264.0,258960677.0,258960677.0
1546895026,2026-07-02,41103967860,258960677,258960677,data/raw/country_code=vn/dataset=product_categories/shop_id=1546895026/product_categories.csv,70,vn,product_categories,1546895026,vn,41103967860.0,258960677.0,258960677.0
1546895026,2026-07-02,43504006760,258960677,258960677,data/raw/country_code=vn/dataset=product_categories/shop_id=1546895026/product_categories.csv,71,vn,product_categories,1546895026,vn,43504006760.0,258960677.0,258960677.0
1546895026,2026-07-02,40924148624,258960677,258960677,data/raw/country_code=vn/dataset=product_categories/shop_id=1546895026/product_categories.csv,72,vn,product_categories,1546895026,vn,40924148624.0,258960677.0,258960677.0
1546895026,2026-07-02,41961995623,258960677,258960677,data/raw/country_code=vn/dataset=product_categories/shop_id=1546895026/product_categories.csv,73,vn,product_categories,1546895026,vn,41961995623.0,258960677.0,258960677.0
1546895026,2026-07-02,27937455870,258960677,258960677,data/raw/country_code=vn/dataset=product_categories/shop_id=1546895026/product_categories.csv,74,vn,product_categories,1546895026,vn,27937455870.0,258960677.0,258960677.0
1546895026,2026-07-02,41910765656,258960677,258960677,data/raw/country_code=vn/dataset=product_categories/shop_id=1546895026/product_categories.csv,75,vn,product_categories,1546895026,vn,41910765656.0,258960677.0,258960677.0
1546895026,2026-07-02,47500854563,258960677,258960677,data/raw/country_code=vn/dataset=product_categories/shop_id=1546895026/product_categories.csv,76,vn,product_categories,1546895026,vn,47500854563.0,258960677.0,258960677.0
1546895026,2026-07-02,26237445832,258960677,258960677,data/raw/country_code=vn/dataset=product_categories/shop_id=1546895026/product_categories.csv,77,vn,product_categories,1546895026,vn,26237445832.0,258960677.0,258960677.0
1546895026,2026-07-02,56651801332,258960677,258960677,data/raw/country_code=vn/dataset=product_categories/shop_id=1546895026/product_categories.csv,78,vn,product_categories,1546895026,vn,56651801332.0,258960677.0,258960677.0
1546895026,2026-07-02,42353963055,258960677,258960677,data/raw/country_code=vn/dataset=product_categories/shop_id=1546895026/product_categories.csv,79,vn,product_categories,1546895026,vn,42353963055.0,258960677.0,258960677.0
1546895026,2026-07-02,40953958491,258960677,258960677,data/raw/country_code=vn/dataset=product_categories/shop_id=1546895026/product_categories.csv,80,vn,product_categories,1546895026,vn,40953958491.0,258960677.0,258960677.0
1546895026,2026-07-02,44453968539,258960677,258960677,data/raw/country_code=vn/dataset=product_categories/shop_id=1546895026/product_categories.csv,81,vn,product_categories,1546895026,vn,44453968539.0,258960677.0,258960677.0
1546895026,2026-07-02,41314469516,258960677,258960677,data/raw/country_code=vn/dataset=product_categories/shop_id=1546895026/product_categories.csv,82,vn,product_categories,1546895026,vn,41314469516.0,258960677.0,258960677.0
1546895026,2026-07-02,43908659602,258960677,258960677,data/raw/country_code=vn/dataset=product_categories/shop_id=1546895026/product_categories.csv,83,vn,product_categories,1546895026,vn,43908659602.0,258960677.0,258960677.0
1546895026,2026-07-02,41903964068,258960677,258960677,data/raw/country_code=vn/dataset=product_categories/shop_id=1546895026/product_categories.csv,84,vn,product_categories,1546895026,vn,41903964068.0,258960677.0,258960677.0
1546895026,2026-07-02,40410765498,258960677,258960677,data/raw/country_code=vn/dataset=product_categories/shop_id=1546895026/product_categories.csv,85,vn,product_categories,1546895026,vn,40410765498.0,258960677.0,258960677.0
1546895026,2026-07-02,40954012983,258960677,258960677,data/raw/country_code=vn/dataset=product_categories/shop_id=1546895026/product_categories.csv,86,vn,product_categories,1546895026,vn,40954012983.0,258960677.0,258960677.0
1546895026,2026-07-02,43724143627,258960677,258960677,data/raw/country_code=vn/dataset=product_categories/shop_id=1546895026/product_categories.csv,87,vn,product_categories,1546895026,vn,43724143627.0,258960677.0,258960677.0
1546895026,2026-07-02,27440312280,258960677,258960677,data/raw/country_code=vn/dataset=product_categories/shop_id=1546895026/product_categories.csv,88,vn,product_categories,1546895026,vn,27440312280.0,258960677.0,258960677.0
1546895026,2026-07-02,28837455310,258960677,258960677,data/raw/country_code=vn/dataset=product_categories/shop_id=1546895026/product_categories.csv,89,vn,product_categories,1546895026,vn,28837455310.0,258960677.0,258960677.0
1546895026,2026-07-02,26287413127,258960677,258960677,data/raw/country_code=vn/dataset=product_categories/shop_id=1546895026/product_categories.csv,90,vn,product_categories,1546895026,vn,26287413127.0,258960677.0,258960677.0
1546895026,2026-07-02,45653530450,258960677,258960677,data/raw/country_code=vn/dataset=product_categories/shop_id=1546895026/product_categories.csv,91,vn,product_categories,1546895026,vn,45653530450.0,258960677.0,258960677.0
1546895026,2026-07-02,44010762458,258960677,258960677,data/raw/country_code=vn/dataset=product_categories/shop_id=1546895026/product_categories.csv,92,vn,product_categories,1546895026,vn,44010762458.0,258960677.0,258960677.0
1546895026,2026-07-02,43723190354,258960677,258960677,data/raw/country_code=vn/dataset=product_categories/shop_id=1546895026/product_categories.csv,93,vn,product_categories,1546895026,vn,43723190354.0,258960677.0,258960677.0
1546895026,2026-07-02,53459274550,258960677,258960677,data/raw/country_code=vn/dataset=product_categories/shop_id=1546895026/product_categories.csv,94,vn,product_categories,1546895026,vn,53459274550.0,258960677.0,258960677.0
1546895026,2026-07-02,43873199894,258960677,258960677,data/raw/country_code=vn/dataset=product_categories/shop_id=1546895026/product_categories.csv,95,vn,product_categories,1546895026,vn,43873199894.0,258960677.0,258960677.0
1546895026,2026-07-02,43354002232,258960677,258960677,data/raw/country_code=vn/dataset=product_categories/shop_id=1546895026/product_categories.csv,96,vn,product_categories,1546895026,vn,43354002232.0,258960677.0,258960677.0
1546895026,2026-07-02,42504003370,258960677,258960677,data/raw/country_code=vn/dataset=product_categories/shop_id=1546895026/product_categories.csv,97,vn,product_categories,1546895026,vn,42504003370.0,258960677.0,258960677.0
1546895026,2026-07-02,27387412771,258960677,258960677,data/raw/country_code=vn/dataset=product_categories/shop_id=1546895026/product_categories.csv,98,vn,product_categories,1546895026,vn,27387412771.0,258960677.0,258960677.0
1546895026,2026-07-02,50259287600,258960677,258960677,data/raw/country_code=vn/dataset=product_categories/shop_id=1546895026/product_categories.csv,99,vn,product_categories,1546895026,vn,50259287600.0,258960677.0,258960677.0
1546895026,2026-07-02,51209278351,258960677,258960677,data/raw/country_code=vn/dataset=product_categories/shop_id=1546895026/product_categories.csv,100,vn,product_categories,1546895026,vn,51209278351.0,258960677.0,258960677.0
1546895026,2026-07-02,44756561137,258960677,258960677,data/raw/country_code=vn/dataset=product_categories/shop_id=1546895026/product_categories.csv,101,vn,product_categories,1546895026,vn,44756561137.0,258960677.0,258960677.0
1546895026,2026-07-02,41174154230,258960677,258960677,data/raw/country_code=vn/dataset=product_categories/shop_id=1546895026/product_categories.csv,102,vn,product_categories,1546895026,vn,41174154230.0,258960677.0,258960677.0
1546895026,2026-07-02,48553233793,258960677,258960677,data/raw/country_code=vn/dataset=product_categories/shop_id=1546895026/product_categories.csv,103,vn,product_categories,1546895026,vn,48553233793.0,258960677.0,258960677.0
1546895026,2026-07-02,40704001645,258960677,258960677,data/raw/country_code=vn/dataset=product_categories/shop_id=1546895026/product_categories.csv,104,vn,product_categories,1546895026,vn,40704001645.0,258960677.0,258960677.0
1546895026,2026-07-02,29637455808,258960677,258960677,data/raw/country_code=vn/dataset=product_categories/shop_id=1546895026/product_categories.csv,105,vn,product_categories,1546895026,vn,29637455808.0,258960677.0,258960677.0
1546895026,2026-07-02,42754003144,258960677,258960677,data/raw/country_code=vn/dataset=product_categories/shop_id=1546895026/product_categories.csv,106,vn,product_categories,1546895026,vn,42754003144.0,258960677.0,258960677.0
1546895026,2026-07-02,55906777440,258960677,258960677,data/raw/country_code=vn/dataset=product_categories/shop_id=1546895026/product_categories.csv,107,vn,product_categories,1546895026,vn,55906777440.0,258960677.0,258960677.0
1546895026,2026-07-02,42924155817,258960677,258960677,data/raw/country_code=vn/dataset=product_categories/shop_id=1546895026/product_categories.csv,108,vn,product_categories,1546895026,vn,42924155817.0,258960677.0,258960677.0
1546895026,2026-07-02,27587470891,258960677,258960677,data/raw/country_code=vn/dataset=product_categories/shop_id=1546895026/product_categories.csv,109,vn,product_categories,1546895026,vn,27587470891.0,258960677.0,258960677.0
1546895026,2026-07-02,57156774210,258960677,258960677,data/raw/country_code=vn/dataset=product_categories/shop_id=1546895026/product_categories.csv,110,vn,product_categories,1546895026,vn,57156774210.0,258960677.0,258960677.0
1546895026,2026-07-02,40953993210,258960677,258960677,data/raw/country_code=vn/dataset=product_categories/shop_id=1546895026/product_categories.csv,111,vn,product_categories,1546895026,vn,40953993210.0,258960677.0,258960677.0
1546895026,2026-07-02,29794288663,258960677,258960677,data/raw/country_code=vn/dataset=product_categories/shop_id=1546895026/product_categories.csv,112,vn,product_categories,1546895026,vn,29794288663.0,258960677.0,258960677.0
1546895026,2026-07-02,50553501041,258960677,258960677,data/raw/country_code=vn/dataset=product_categories/shop_id=1546895026/product_categories.csv,113,vn,product_categories,1546895026,vn,50553501041.0,258960677.0,258960677.0
1546895026,2026-07-02,47602953145,258960677,258960677,data/raw/country_code=vn/dataset=product_categories/shop_id=1546895026/product_categories.csv,114,vn,product_categories,1546895026,vn,47602953145.0,258960677.0,258960677.0
1546895026,2026-07-02,43378940395,258960677,258960677,data/raw/country_code=vn/dataset=product_categories/shop_id=1546895026/product_categories.csv,115,vn,product_categories,1546895026,vn,43378940395.0,258960677.0,258960677.0
1546895026,2026-07-02,29737445273,258960677,258960677,data/raw/country_code=vn/dataset=product_categories/shop_id=1546895026/product_categories.csv,116,vn,product_categories,1546895026,vn,29737445273.0,258960677.0,258960677.0
1546895026,2026-07-02,43853996444,258960677,258960677,data/raw/country_code=vn/dataset=product_categories/shop_id=1546895026/product_categories.csv,117,vn,product_categories,1546895026,vn,43853996444.0,258960677.0,258960677.0
1546895026,2026-07-02,42004001750,258960677,258960677,data/raw/country_code=vn/dataset=product_categories/shop_id=1546895026/product_categories.csv,118,vn,product_categories,1546895026,vn,42004001750.0,258960677.0,258960677.0
1546895026,2026-07-02,56651801332,264220705,264220705,data/raw/country_code=vn/dataset=product_categories/shop_id=1546895026/product_categories.csv,119,vn,product_categories,1546895026,vn,56651801332.0,264220705.0,264220705.0
1546895026,2026-07-02,48553233793,264220705,264220705,data/raw/country_code=vn/dataset=product_categories/shop_id=1546895026/product_categories.csv,120,vn,product_categories,1546895026,vn,48553233793.0,264220705.0,264220705.0
1546895026,2026-07-02,47602953145,264220705,264220705,data/raw/country_code=vn/dataset=product_categories/shop_id=1546895026/product_categories.csv,121,vn,product_categories,1546895026,vn,47602953145.0,264220705.0,264220705.0
1546895026,2026-07-03,42453992470,258960141,258960141,data/raw/country_code=vn/dataset=product_categories/shop_id=1546895026/product_categories.csv,122,vn,product_categories,1546895026,vn,42453992470.0,258960141.0,258960141.0
1546895026,2026-07-03,42603939824,258960141,258960141,data/raw/country_code=vn/dataset=product_categories/shop_id=1546895026/product_categories.csv,123,vn,product_categories,1546895026,vn,42603939824.0,258960141.0,258960141.0
1546895026,2026-07-03,26839290942,258960141,258960141,data/raw/country_code=vn/dataset=product_categories/shop_id=1546895026/product_categories.csv,124,vn,product_categories,1546895026,vn,26839290942.0,258960141.0,258960141.0
1546895026,2026-07-03,43660765544,258960141,258960141,data/raw/country_code=vn/dataset=product_categories/shop_id=1546895026/product_categories.csv,125,vn,product_categories,1546895026,vn,43660765544.0,258960141.0,258960141.0
1546895026,2026-07-03,43504006760,258960141,258960141,data/raw/country_code=vn/dataset=product_categories/shop_id=1546895026/product_categories.csv,126,vn,product_categories,1546895026,vn,43504006760.0,258960141.0,258960141.0
1546895026,2026-07-03,41910765656,258960141,258960141,data/raw/country_code=vn/dataset=product_categories/shop_id=1546895026/product_categories.csv,127,vn,product_categories,1546895026,vn,41910765656.0,258960141.0,258960141.0
1546895026,2026-07-03,40953958491,258960141,258960141,data/raw/country_code=vn/dataset=product_categories/shop_id=1546895026/product_categories.csv,128,vn,product_categories,1546895026,vn,40953958491.0,258960141.0,258960141.0
1546895026,2026-07-03,40410765498,258960141,258960141,data/raw/country_code=vn/dataset=product_categories/shop_id=1546895026/product_categories.csv,129,vn,product_categories,1546895026,vn,40410765498.0,258960141.0,258960141.0
1546895026,2026-07-03,44453968539,258960141,258960141,data/raw/country_code=vn/dataset=product_categories/shop_id=1546895026/product_categories.csv,130,vn,product_categories,1546895026,vn,44453968539.0,258960141.0,258960141.0
1546895026,2026-07-03,44010762458,258960141,258960141,data/raw/country_code=vn/dataset=product_categories/shop_id=1546895026/product_categories.csv,131,vn,product_categories,1546895026,vn,44010762458.0,258960141.0,258960141.0
1546895026,2026-07-03,41903964068,258960141,258960141,data/raw/country_code=vn/dataset=product_categories/shop_id=1546895026/product_categories.csv,132,vn,product_categories,1546895026,vn,41903964068.0,258960141.0,258960141.0
1546895026,2026-07-03,53459274550,258960141,258960141,data/raw/country_code=vn/dataset=product_categories/shop_id=1546895026/product_categories.csv,133,vn,product_categories,1546895026,vn,53459274550.0,258960141.0,258960141.0
1546895026,2026-07-03,43354002232,258960141,258960141,data/raw/country_code=vn/dataset=product_categories/shop_id=1546895026/product_categories.csv,134,vn,product_categories,1546895026,vn,43354002232.0,258960141.0,258960141.0
1546895026,2026-07-03,43723190354,258960141,258960141,data/raw/country_code=vn/dataset=product_categories/shop_id=1546895026/product_categories.csv,135,vn,product_categories,1546895026,vn,43723190354.0,258960141.0,258960141.0
1546895026,2026-07-03,42504003370,258960141,258960141,data/raw/country_code=vn/dataset=product_categories/shop_id=1546895026/product_categories.csv,136,vn,product_categories,1546895026,vn,42504003370.0,258960141.0,258960141.0
1546895026,2026-07-03,43873199894,258960141,258960141,data/raw/country_code=vn/dataset=product_categories/shop_id=1546895026/product_categories.csv,137,vn,product_categories,1546895026,vn,43873199894.0,258960141.0,258960141.0
1546895026,2026-07-03,51209278351,258960141,258960141,data/raw/country_code=vn/dataset=product_categories/shop_id=1546895026/product_categories.csv,138,vn,product_categories,1546895026,vn,51209278351.0,258960141.0,258960141.0
1546895026,2026-07-03,50259287600,258960141,258960141,data/raw/country_code=vn/dataset=product_categories/shop_id=1546895026/product_categories.csv,139,vn,product_categories,1546895026,vn,50259287600.0,258960141.0,258960141.0
1546895026,2026-07-03,41104002530,258960406,258960406,data/raw/country_code=vn/dataset=product_categories/shop_id=1546895026/product_categories.csv,140,vn,product_categories,1546895026,vn,41104002530.0,258960406.0,258960406.0
1546895026,2026-07-03,41961995623,258960406,258960406,data/raw/country_code=vn/dataset=product_categories/shop_id=1546895026/product_categories.csv,141,vn,product_categories,1546895026,vn,41961995623.0,258960406.0,258960406.0
1546895026,2026-07-03,27937455870,258960406,258960406,data/raw/country_code=vn/dataset=product_categories/shop_id=1546895026/product_categories.csv,142,vn,product_categories,1546895026,vn,27937455870.0,258960406.0,258960406.0
1546895026,2026-07-03,56651801332,258960406,258960406,data/raw/country_code=vn/dataset=product_categories/shop_id=1546895026/product_categories.csv,143,vn,product_categories,1546895026,vn,56651801332.0,258960406.0,258960406.0
1546895026,2026-07-03,45653530450,258960406,258960406,data/raw/country_code=vn/dataset=product_categories/shop_id=1546895026/product_categories.csv,144,vn,product_categories,1546895026,vn,45653530450.0,258960406.0,258960406.0
1546895026,2026-07-03,28837455310,258960406,258960406,data/raw/country_code=vn/dataset=product_categories/shop_id=1546895026/product_categories.csv,145,vn,product_categories,1546895026,vn,28837455310.0,258960406.0,258960406.0
1546895026,2026-07-03,48553233793,258960406,258960406,data/raw/country_code=vn/dataset=product_categories/shop_id=1546895026/product_categories.csv,146,vn,product_categories,1546895026,vn,48553233793.0,258960406.0,258960406.0
1546895026,2026-07-03,41174154230,258960406,258960406,data/raw/country_code=vn/dataset=product_categories/shop_id=1546895026/product_categories.csv,147,vn,product_categories,1546895026,vn,41174154230.0,258960406.0,258960406.0
1546895026,2026-07-03,40704001645,258960406,258960406,data/raw/country_code=vn/dataset=product_categories/shop_id=1546895026/product_categories.csv,148,vn,product_categories,1546895026,vn,40704001645.0,258960406.0,258960406.0
1546895026,2026-07-03,42924155817,258960406,258960406,data/raw/country_code=vn/dataset=product_categories/shop_id=1546895026/product_categories.csv,149,vn,product_categories,1546895026,vn,42924155817.0,258960406.0,258960406.0
1546895026,2026-07-03,50553501041,258960406,258960406,data/raw/country_code=vn/dataset=product_categories/shop_id=1546895026/product_categories.csv,150,vn,product_categories,1546895026,vn,50553501041.0,258960406.0,258960406.0
1546895026,2026-07-03,47602953145,258960406,258960406,data/raw/country_code=vn/dataset=product_categories/shop_id=1546895026/product_categories.csv,151,vn,product_categories,1546895026,vn,47602953145.0,258960406.0,258960406.0
1546895026,2026-07-03,40403991264,258960486,258960486,data/raw/country_code=vn/dataset=product_categories/shop_id=1546895026/product_categories.csv,152,vn,product_categories,1546895026,vn,40403991264.0,258960486.0,258960486.0
1546895026,2026-07-03,26237445832,258960486,258960486,data/raw/country_code=vn/dataset=product_categories/shop_id=1546895026/product_categories.csv,153,vn,product_categories,1546895026,vn,26237445832.0,258960486.0,258960486.0
1546895026,2026-07-03,44453968539,258960486,258960486,data/raw/country_code=vn/dataset=product_categories/shop_id=1546895026/product_categories.csv,154,vn,product_categories,1546895026,vn,44453968539.0,258960486.0,258960486.0
1546895026,2026-07-03,41314469516,258960486,258960486,data/raw/country_code=vn/dataset=product_categories/shop_id=1546895026/product_categories.csv,155,vn,product_categories,1546895026,vn,41314469516.0,258960486.0,258960486.0
1546895026,2026-07-03,27387412771,258960486,258960486,data/raw/country_code=vn/dataset=product_categories/shop_id=1546895026/product_categories.csv,156,vn,product_categories,1546895026,vn,27387412771.0,258960486.0,258960486.0
1546895026,2026-07-03,55906777440,258960486,258960486,data/raw/country_code=vn/dataset=product_categories/shop_id=1546895026/product_categories.csv,157,vn,product_categories,1546895026,vn,55906777440.0,258960486.0,258960486.0
1546895026,2026-07-03,57156774210,258960486,258960486,data/raw/country_code=vn/dataset=product_categories/shop_id=1546895026/product_categories.csv,158,vn,product_categories,1546895026,vn,57156774210.0,258960486.0,258960486.0
1546895026,2026-07-03,44756561137,258960486,258960486,data/raw/country_code=vn/dataset=product_categories/shop_id=1546895026/product_categories.csv,159,vn,product_categories,1546895026,vn,44756561137.0,258960486.0,258960486.0
1546895026,2026-07-03,29794288663,258960486,258960486,data/raw/country_code=vn/dataset=product_categories/shop_id=1546895026/product_categories.csv,160,vn,product_categories,1546895026,vn,29794288663.0,258960486.0,258960486.0
1546895026,2026-07-03,43378940395,258960486,258960486,data/raw/country_code=vn/dataset=product_categories/shop_id=1546895026/product_categories.csv,161,vn,product_categories,1546895026,vn,43378940395.0,258960486.0,258960486.0
1546895026,2026-07-03,29737445273,258960486,258960486,data/raw/country_code=vn/dataset=product_categories/shop_id=1546895026/product_categories.csv,162,vn,product_categories,1546895026,vn,29737445273.0,258960486.0,258960486.0
1546895026,2026-07-03,43853996444,258960486,258960486,data/raw/country_code=vn/dataset=product_categories/shop_id=1546895026/product_categories.csv,163,vn,product_categories,1546895026,vn,43853996444.0,258960486.0,258960486.0
1546895026,2026-07-03,42004001750,258960486,258960486,data/raw/country_code=vn/dataset=product_categories/shop_id=1546895026/product_categories.csv,164,vn,product_categories,1546895026,vn,42004001750.0,258960486.0,258960486.0
1546895026,2026-07-03,24945981060,258960614,258960614,data/raw/country_code=vn/dataset=product_categories/shop_id=1546895026/product_categories.csv,165,vn,product_categories,1546895026,vn,24945981060.0,258960614.0,258960614.0
1546895026,2026-07-03,43553958557,258960614,258960614,data/raw/country_code=vn/dataset=product_categories/shop_id=1546895026/product_categories.csv,166,vn,product_categories,1546895026,vn,43553958557.0,258960614.0,258960614.0
1546895026,2026-07-03,41103967860,258960614,258960614,data/raw/country_code=vn/dataset=product_categories/shop_id=1546895026/product_categories.csv,167,vn,product_categories,1546895026,vn,41103967860.0,258960614.0,258960614.0
1546895026,2026-07-03,40924148624,258960614,258960614,data/raw/country_code=vn/dataset=product_categories/shop_id=1546895026/product_categories.csv,168,vn,product_categories,1546895026,vn,40924148624.0,258960614.0,258960614.0
1546895026,2026-07-03,47500854563,258960614,258960614,data/raw/country_code=vn/dataset=product_categories/shop_id=1546895026/product_categories.csv,169,vn,product_categories,1546895026,vn,47500854563.0,258960614.0,258960614.0
1546895026,2026-07-03,43908659602,258960614,258960614,data/raw/country_code=vn/dataset=product_categories/shop_id=1546895026/product_categories.csv,170,vn,product_categories,1546895026,vn,43908659602.0,258960614.0,258960614.0
1546895026,2026-07-03,26287413127,258960614,258960614,data/raw/country_code=vn/dataset=product_categories/shop_id=1546895026/product_categories.csv,171,vn,product_categories,1546895026,vn,26287413127.0,258960614.0,258960614.0
1546895026,2026-07-03,43724143627,258960614,258960614,data/raw/country_code=vn/dataset=product_categories/shop_id=1546895026/product_categories.csv,172,vn,product_categories,1546895026,vn,43724143627.0,258960614.0,258960614.0
1546895026,2026-07-03,26437445927,258960633,258960633,data/raw/country_code=vn/dataset=product_categories/shop_id=1546895026/product_categories.csv,173,vn,product_categories,1546895026,vn,26437445927.0,258960633.0,258960633.0
1546895026,2026-07-03,42353963055,258960633,258960633,data/raw/country_code=vn/dataset=product_categories/shop_id=1546895026/product_categories.csv,174,vn,product_categories,1546895026,vn,42353963055.0,258960633.0,258960633.0
1546895026,2026-07-03,40954012983,258960633,258960633,data/raw/country_code=vn/dataset=product_categories/shop_id=1546895026/product_categories.csv,175,vn,product_categories,1546895026,vn,40954012983.0,258960633.0,258960633.0
1546895026,2026-07-03,27440312280,258960633,258960633,data/raw/country_code=vn/dataset=product_categories/shop_id=1546895026/product_categories.csv,176,vn,product_categories,1546895026,vn,27440312280.0,258960633.0,258960633.0
1546895026,2026-07-03,42754003144,258960633,258960633,data/raw/country_code=vn/dataset=product_categories/shop_id=1546895026/product_categories.csv,177,vn,product_categories,1546895026,vn,42754003144.0,258960633.0,258960633.0
1546895026,2026-07-03,27587470891,258960633,258960633,data/raw/country_code=vn/dataset=product_categories/shop_id=1546895026/product_categories.csv,178,vn,product_categories,1546895026,vn,27587470891.0,258960633.0,258960633.0
1546895026,2026-07-03,29637455808,258960633,258960633,data/raw/country_code=vn/dataset=product_categories/shop_id=1546895026/product_categories.csv,179,vn,product_categories,1546895026,vn,29637455808.0,258960633.0,258960633.0
1546895026,2026-07-03,40953993210,258960633,258960633,data/raw/country_code=vn/dataset=product_categories/shop_id=1546895026/product_categories.csv,180,vn,product_categories,1546895026,vn,40953993210.0,258960633.0,258960633.0
1546895026,2026-07-03,42453992470,258960677,258960677,data/raw/country_code=vn/dataset=product_categories/shop_id=1546895026/product_categories.csv,181,vn,product_categories,1546895026,vn,42453992470.0,258960677.0,258960677.0
1546895026,2026-07-03,41104002530,258960677,258960677,data/raw/country_code=vn/dataset=product_categories/shop_id=1546895026/product_categories.csv,182,vn,product_categories,1546895026,vn,41104002530.0,258960677.0,258960677.0
1546895026,2026-07-03,42603939824,258960677,258960677,data/raw/country_code=vn/dataset=product_categories/shop_id=1546895026/product_categories.csv,183,vn,product_categories,1546895026,vn,42603939824.0,258960677.0,258960677.0
1546895026,2026-07-03,26839290942,258960677,258960677,data/raw/country_code=vn/dataset=product_categories/shop_id=1546895026/product_categories.csv,184,vn,product_categories,1546895026,vn,26839290942.0,258960677.0,258960677.0
1546895026,2026-07-03,24945981060,258960677,258960677,data/raw/country_code=vn/dataset=product_categories/shop_id=1546895026/product_categories.csv,185,vn,product_categories,1546895026,vn,24945981060.0,258960677.0,258960677.0
1546895026,2026-07-03,43660765544,258960677,258960677,data/raw/country_code=vn/dataset=product_categories/shop_id=1546895026/product_categories.csv,186,vn,product_categories,1546895026,vn,43660765544.0,258960677.0,258960677.0
1546895026,2026-07-03,40403991264,258960677,258960677,data/raw/country_code=vn/dataset=product_categories/shop_id=1546895026/product_categories.csv,187,vn,product_categories,1546895026,vn,40403991264.0,258960677.0,258960677.0
1546895026,2026-07-03,43553958557,258960677,258960677,data/raw/country_code=vn/dataset=product_categories/shop_id=1546895026/product_categories.csv,188,vn,product_categories,1546895026,vn,43553958557.0,258960677.0,258960677.0
1546895026,2026-07-03,41961995623,258960677,258960677,data/raw/country_code=vn/dataset=product_categories/shop_id=1546895026/product_categories.csv,189,vn,product_categories,1546895026,vn,41961995623.0,258960677.0,258960677.0
1546895026,2026-07-03,27937455870,258960677,258960677,data/raw/country_code=vn/dataset=product_categories/shop_id=1546895026/product_categories.csv,190,vn,product_categories,1546895026,vn,27937455870.0,258960677.0,258960677.0
1546895026,2026-07-03,26437445927,258960677,258960677,data/raw/country_code=vn/dataset=product_categories/shop_id=1546895026/product_categories.csv,191,vn,product_categories,1546895026,vn,26437445927.0,258960677.0,258960677.0
1546895026,2026-07-03,43504006760,258960677,258960677,data/raw/country_code=vn/dataset=product_categories/shop_id=1546895026/product_categories.csv,192,vn,product_categories,1546895026,vn,43504006760.0,258960677.0,258960677.0
1546895026,2026-07-03,41103967860,258960677,258960677,data/raw/country_code=vn/dataset=product_categories/shop_id=1546895026/product_categories.csv,193,vn,product_categories,1546895026,vn,41103967860.0,258960677.0,258960677.0
1546895026,2026-07-03,26237445832,258960677,258960677,data/raw/country_code=vn/dataset=product_categories/shop_id=1546895026/product_categories.csv,194,vn,product_categories,1546895026,vn,26237445832.0,258960677.0,258960677.0
1546895026,2026-07-03,40924148624,258960677,258960677,data/raw/country_code=vn/dataset=product_categories/shop_id=1546895026/product_categories.csv,195,vn,product_categories,1546895026,vn,40924148624.0,258960677.0,258960677.0
1546895026,2026-07-03,41910765656,258960677,258960677,data/raw/country_code=vn/dataset=product_categories/shop_id=1546895026/product_categories.csv,196,vn,product_categories,1546895026,vn,41910765656.0,258960677.0,258960677.0
1546895026,2026-07-03,47500854563,258960677,258960677,data/raw/country_code=vn/dataset=product_categories/shop_id=1546895026/product_categories.csv,197,vn,product_categories,1546895026,vn,47500854563.0,258960677.0,258960677.0
1546895026,2026-07-03,56651801332,258960677,258960677,data/raw/country_code=vn/dataset=product_categories/shop_id=1546895026/product_categories.csv,198,vn,product_categories,1546895026,vn,56651801332.0,258960677.0,258960677.0
1546895026,2026-07-03,40953958491,258960677,258960677,data/raw/country_code=vn/dataset=product_categories/shop_id=1546895026/product_categories.csv,199,vn,product_categories,1546895026,vn,40953958491.0,258960677.0,258960677.0
1546895026,2026-07-03,43908659602,258960677,258960677,data/raw/country_code=vn/dataset=product_categories/shop_id=1546895026/product_categories.csv,200,vn,product_categories,1546895026,vn,43908659602.0,258960677.0,258960677.0
1546895026,2026-07-03,40410765498,258960677,258960677,data/raw/country_code=vn/dataset=product_categories/shop_id=1546895026/product_categories.csv,201,vn,product_categories,1546895026,vn,40410765498.0,258960677.0,258960677.0
1546895026,2026-07-03,44453968539,258960677,258960677,data/raw/country_code=vn/dataset=product_categories/shop_id=1546895026/product_categories.csv,202,vn,product_categories,1546895026,vn,44453968539.0,258960677.0,258960677.0
1546895026,2026-07-03,44010762458,258960677,258960677,data/raw/country_code=vn/dataset=product_categories/shop_id=1546895026/product_categories.csv,203,vn,product_categories,1546895026,vn,44010762458.0,258960677.0,258960677.0
1546895026,2026-07-03,41903964068,258960677,258960677,data/raw/country_code=vn/dataset=product_categories/shop_id=1546895026/product_categories.csv,204,vn,product_categories,1546895026,vn,41903964068.0,258960677.0,258960677.0
1546895026,2026-07-03,41314469516,258960677,258960677,data/raw/country_code=vn/dataset=product_categories/shop_id=1546895026/product_categories.csv,205,vn,product_categories,1546895026,vn,41314469516.0,258960677.0,258960677.0
1546895026,2026-07-03,42353963055,258960677,258960677,data/raw/country_code=vn/dataset=product_categories/shop_id=1546895026/product_categories.csv,206,vn,product_categories,1546895026,vn,42353963055.0,258960677.0,258960677.0
1546895026,2026-07-03,40954012983,258960677,258960677,data/raw/country_code=vn/dataset=product_categories/shop_id=1546895026/product_categories.csv,207,vn,product_categories,1546895026,vn,40954012983.0,258960677.0,258960677.0
1546895026,2026-07-03,26287413127,258960677,258960677,data/raw/country_code=vn/dataset=product_categories/shop_id=1546895026/product_categories.csv,208,vn,product_categories,1546895026,vn,26287413127.0,258960677.0,258960677.0
1546895026,2026-07-03,43724143627,258960677,258960677,data/raw/country_code=vn/dataset=product_categories/shop_id=1546895026/product_categories.csv,209,vn,product_categories,1546895026,vn,43724143627.0,258960677.0,258960677.0
1546895026,2026-07-03,53459274550,258960677,258960677,data/raw/country_code=vn/dataset=product_categories/shop_id=1546895026/product_categories.csv,210,vn,product_categories,1546895026,vn,53459274550.0,258960677.0,258960677.0
1546895026,2026-07-03,27440312280,258960677,258960677,data/raw/country_code=vn/dataset=product_categories/shop_id=1546895026/product_categories.csv,211,vn,product_categories,1546895026,vn,27440312280.0,258960677.0,258960677.0
1546895026,2026-07-03,45653530450,258960677,258960677,data/raw/country_code=vn/dataset=product_categories/shop_id=1546895026/product_categories.csv,212,vn,product_categories,1546895026,vn,45653530450.0,258960677.0,258960677.0
1546895026,2026-07-03,28837455310,258960677,258960677,data/raw/country_code=vn/dataset=product_categories/shop_id=1546895026/product_categories.csv,213,vn,product_categories,1546895026,vn,28837455310.0,258960677.0,258960677.0
1546895026,2026-07-03,27387412771,258960677,258960677,data/raw/country_code=vn/dataset=product_categories/shop_id=1546895026/product_categories.csv,214,vn,product_categories,1546895026,vn,27387412771.0,258960677.0,258960677.0
1546895026,2026-07-03,43354002232,258960677,258960677,data/raw/country_code=vn/dataset=product_categories/shop_id=1546895026/product_categories.csv,215,vn,product_categories,1546895026,vn,43354002232.0,258960677.0,258960677.0
1546895026,2026-07-03,43723190354,258960677,258960677,data/raw/country_code=vn/dataset=product_categories/shop_id=1546895026/product_categories.csv,216,vn,product_categories,1546895026,vn,43723190354.0,258960677.0,258960677.0
1546895026,2026-07-03,48553233793,258960677,258960677,data/raw/country_code=vn/dataset=product_categories/shop_id=1546895026/product_categories.csv,217,vn,product_categories,1546895026,vn,48553233793.0,258960677.0,258960677.0
1546895026,2026-07-03,41174154230,258960677,258960677,data/raw/country_code=vn/dataset=product_categories/shop_id=1546895026/product_categories.csv,218,vn,product_categories,1546895026,vn,41174154230.0,258960677.0,258960677.0
1546895026,2026-07-03,42504003370,258960677,258960677,data/raw/country_code=vn/dataset=product_categories/shop_id=1546895026/product_categories.csv,219,vn,product_categories,1546895026,vn,42504003370.0,258960677.0,258960677.0
1546895026,2026-07-03,40704001645,258960677,258960677,data/raw/country_code=vn/dataset=product_categories/shop_id=1546895026/product_categories.csv,220,vn,product_categories,1546895026,vn,40704001645.0,258960677.0,258960677.0
1546895026,2026-07-03,43873199894,258960677,258960677,data/raw/country_code=vn/dataset=product_categories/shop_id=1546895026/product_categories.csv,221,vn,product_categories,1546895026,vn,43873199894.0,258960677.0,258960677.0
1546895026,2026-07-03,55906777440,258960677,258960677,data/raw/country_code=vn/dataset=product_categories/shop_id=1546895026/product_categories.csv,222,vn,product_categories,1546895026,vn,55906777440.0,258960677.0,258960677.0
1546895026,2026-07-03,42754003144,258960677,258960677,data/raw/country_code=vn/dataset=product_categories/shop_id=1546895026/product_categories.csv,223,vn,product_categories,1546895026,vn,42754003144.0,258960677.0,258960677.0
1546895026,2026-07-03,51209278351,258960677,258960677,data/raw/country_code=vn/dataset=product_categories/shop_id=1546895026/product_categories.csv,224,vn,product_categories,1546895026,vn,51209278351.0,258960677.0,258960677.0
1546895026,2026-07-03,27587470891,258960677,258960677,data/raw/country_code=vn/dataset=product_categories/shop_id=1546895026/product_categories.csv,225,vn,product_categories,1546895026,vn,27587470891.0,258960677.0,258960677.0
1546895026,2026-07-03,50259287600,258960677,258960677,data/raw/country_code=vn/dataset=product_categories/shop_id=1546895026/product_categories.csv,226,vn,product_categories,1546895026,vn,50259287600.0,258960677.0,258960677.0
1546895026,2026-07-03,29637455808,258960677,258960677,data/raw/country_code=vn/dataset=product_categories/shop_id=1546895026/product_categories.csv,227,vn,product_categories,1546895026,vn,29637455808.0,258960677.0,258960677.0
1546895026,2026-07-03,57156774210,258960677,258960677,data/raw/country_code=vn/dataset=product_categories/shop_id=1546895026/product_categories.csv,228,vn,product_categories,1546895026,vn,57156774210.0,258960677.0,258960677.0
1546895026,2026-07-03,44756561137,258960677,258960677,data/raw/country_code=vn/dataset=product_categories/shop_id=1546895026/product_categories.csv,229,vn,product_categories,1546895026,vn,44756561137.0,258960677.0,258960677.0
1546895026,2026-07-03,42924155817,258960677,258960677,data/raw/country_code=vn/dataset=product_categories/shop_id=1546895026/product_categories.csv,230,vn,product_categories,1546895026,vn,42924155817.0,258960677.0,258960677.0
1546895026,2026-07-03,40953993210,258960677,258960677,data/raw/country_code=vn/dataset=product_categories/shop_id=1546895026/product_categories.csv,231,vn,product_categories,1546895026,vn,40953993210.0,258960677.0,258960677.0
1546895026,2026-07-03,29794288663,258960677,258960677,data/raw/country_code=vn/dataset=product_categories/shop_id=1546895026/product_categories.csv,232,vn,product_categories,1546895026,vn,29794288663.0,258960677.0,258960677.0
1546895026,2026-07-03,50553501041,258960677,258960677,data/raw/country_code=vn/dataset=product_categories/shop_id=1546895026/product_categories.csv,233,vn,product_categories,1546895026,vn,50553501041.0,258960677.0,258960677.0
1546895026,2026-07-03,43378940395,258960677,258960677,data/raw/country_code=vn/dataset=product_categories/shop_id=1546895026/product_categories.csv,234,vn,product_categories,1546895026,vn,43378940395.0,258960677.0,258960677.0
1546895026,2026-07-03,29737445273,258960677,258960677,data/raw/country_code=vn/dataset=product_categories/shop_id=1546895026/product_categories.csv,235,vn,product_categories,1546895026,vn,29737445273.0,258960677.0,258960677.0
1546895026,2026-07-03,47602953145,258960677,258960677,data/raw/country_code=vn/dataset=product_categories/shop_id=1546895026/product_categories.csv,236,vn,product_categories,1546895026,vn,47602953145.0,258960677.0,258960677.0
1546895026,2026-07-03,43853996444,258960677,258960677,data/raw/country_code=vn/dataset=product_categories/shop_id=1546895026/product_categories.csv,237,vn,product_categories,1546895026,vn,43853996444.0,258960677.0,258960677.0
1546895026,2026-07-03,42004001750,258960677,258960677,data/raw/country_code=vn/dataset=product_categories/shop_id=1546895026/product_categories.csv,238,vn,product_categories,1546895026,vn,42004001750.0,258960677.0,258960677.0
1546895026,2026-07-03,56651801332,264220705,264220705,data/raw/country_code=vn/dataset=product_categories/shop_id=1546895026/product_categories.csv,239,vn,product_categories,1546895026,vn,56651801332.0,264220705.0,264220705.0
1546895026,2026-07-03,48553233793,264220705,264220705,data/raw/country_code=vn/dataset=product_categories/shop_id=1546895026/product_categories.csv,240,vn,product_categories,1546895026,vn,48553233793.0,264220705.0,264220705.0
1546895026,2026-07-03,47602953145,264220705,264220705,data/raw/country_code=vn/dataset=product_categories/shop_id=1546895026/product_categories.csv,241,vn,product_categories,1546895026,vn,47602953145.0,264220705.0,264220705.0
173513432,2026-07-01,4980351726,250597411,250597411,data/raw/country_code=vn/dataset=product_categories/shop_id=173513432/product_categories.csv,2,vn,product_categories,173513432,vn,4980351726.0,250597411.0,250597411.0
173513432,2026-07-01,9048796121,250597411,250597411,data/raw/country_code=vn/dataset=product_categories/shop_id=173513432/product_categories.csv,3,vn,product_categories,173513432,vn,9048796121.0,250597411.0,250597411.0
173513432,2026-07-01,2989938577,250597411,250597411,data/raw/country_code=vn/dataset=product_categories/shop_id=173513432/product_categories.csv,4,vn,product_categories,173513432,vn,2989938577.0,250597411.0,250597411.0
173513432,2026-07-01,5204384448,250597411,250597411,data/raw/country_code=vn/dataset=product_categories/shop_id=173513432/product_categories.csv,5,vn,product_categories,173513432,vn,5204384448.0,250597411.0,250597411.0
173513432,2026-07-01,23962091148,250597411,250597411,data/raw/country_code=vn/dataset=product_categories/shop_id=173513432/product_categories.csv,6,vn,product_categories,173513432,vn,23962091148.0,250597411.0,250597411.0
173513432,2026-07-01,10308626576,250597411,250597411,data/raw/country_code=vn/dataset=product_categories/shop_id=173513432/product_categories.csv,7,vn,product_categories,173513432,vn,10308626576.0,250597411.0,250597411.0
173513432,2026-07-01,5563532430,250597411,250597411,data/raw/country_code=vn/dataset=product_categories/shop_id=173513432/product_categories.csv,8,vn,product_categories,173513432,vn,5563532430.0,250597411.0,250597411.0
173513432,2026-07-01,29260645058,250597411,250597411,data/raw/country_code=vn/dataset=product_categories/shop_id=173513432/product_categories.csv,9,vn,product_categories,173513432,vn,29260645058.0,250597411.0,250597411.0
173513432,2026-07-01,4204384892,250597411,250597411,data/raw/country_code=vn/dataset=product_categories/shop_id=173513432/product_categories.csv,10,vn,product_categories,173513432,vn,4204384892.0,250597411.0,250597411.0
173513432,2026-07-01,6147372534,250597411,250597411,data/raw/country_code=vn/dataset=product_categories/shop_id=173513432/product_categories.csv,11,vn,product_categories,173513432,vn,6147372534.0,250597411.0,250597411.0
173513432,2026-07-01,25532918156,250597411,250597411,data/raw/country_code=vn/dataset=product_categories/shop_id=173513432/product_categories.csv,12,vn,product_categories,173513432,vn,25532918156.0,250597411.0,250597411.0
173513432,2026-07-01,27231816576,250597411,250597411,data/raw/country_code=vn/dataset=product_categories/shop_id=173513432/product_categories.csv,13,vn,product_categories,173513432,vn,27231816576.0,250597411.0,250597411.0
173513432,2026-07-01,4581436119,250597411,250597411,data/raw/country_code=vn/dataset=product_categories/shop_id=173513432/product_categories.csv,14,vn,product_categories,173513432,vn,4581436119.0,250597411.0,250597411.0
173513432,2026-07-01,12993802768,250597411,250597411,data/raw/country_code=vn/dataset=product_categories/shop_id=173513432/product_categories.csv,15,vn,product_categories,173513432,vn,12993802768.0,250597411.0,250597411.0
173513432,2026-07-01,23362087945,250597463,250597463,data/raw/country_code=vn/dataset=product_categories/shop_id=173513432/product_categories.csv,16,vn,product_categories,173513432,vn,23362087945.0,250597463.0,250597463.0
173513432,2026-07-01,23244384737,250597463,250597463,data/raw/country_code=vn/dataset=product_categories/shop_id=173513432/product_categories.csv,17,vn,product_categories,173513432,vn,23244384737.0,250597463.0,250597463.0
173513432,2026-07-01,23586025018,250597463,250597463,data/raw/country_code=vn/dataset=product_categories/shop_id=173513432/product_categories.csv,18,vn,product_categories,173513432,vn,23586025018.0,250597463.0,250597463.0
173513432,2026-07-01,28534686552,250597463,250597463,data/raw/country_code=vn/dataset=product_categories/shop_id=173513432/product_categories.csv,19,vn,product_categories,173513432,vn,28534686552.0,250597463.0,250597463.0
173513432,2026-07-01,10808120998,250597496,250597496,data/raw/country_code=vn/dataset=product_categories/shop_id=173513432/product_categories.csv,20,vn,product_categories,173513432,vn,10808120998.0,250597496.0,250597496.0
173513432,2026-07-01,19443108444,250597496,250597496,data/raw/country_code=vn/dataset=product_categories/shop_id=173513432/product_categories.csv,21,vn,product_categories,173513432,vn,19443108444.0,250597496.0,250597496.0
173513432,2026-07-01,11562223451,250597496,250597496,data/raw/country_code=vn/dataset=product_categories/shop_id=173513432/product_categories.csv,22,vn,product_categories,173513432,vn,11562223451.0,250597496.0,250597496.0
173513432,2026-07-01,2906940093,250597496,250597496,data/raw/country_code=vn/dataset=product_categories/shop_id=173513432/product_categories.csv,23,vn,product_categories,173513432,vn,2906940093.0,250597496.0,250597496.0
173513432,2026-07-01,8323910362,250597496,250597496,data/raw/country_code=vn/dataset=product_categories/shop_id=173513432/product_categories.csv,24,vn,product_categories,173513432,vn,8323910362.0,250597496.0,250597496.0
173513432,2026-07-01,23462048809,250597543,250597543,data/raw/country_code=vn/dataset=product_categories/shop_id=173513432/product_categories.csv,25,vn,product_categories,173513432,vn,23462048809.0,250597543.0,250597543.0
173513432,2026-07-01,29160911160,250597543,250597543,data/raw/country_code=vn/dataset=product_categories/shop_id=173513432/product_categories.csv,26,vn,product_categories,173513432,vn,29160911160.0,250597543.0,250597543.0
173513432,2026-07-01,14158683593,250597543,250597543,data/raw/country_code=vn/dataset=product_categories/shop_id=173513432/product_categories.csv,27,vn,product_categories,173513432,vn,14158683593.0,250597543.0,250597543.0
173513432,2026-07-01,16926501740,250597543,250597543,data/raw/country_code=vn/dataset=product_categories/shop_id=173513432/product_categories.csv,28,vn,product_categories,173513432,vn,16926501740.0,250597543.0,250597543.0
173513432,2026-07-01,16604448221,250597543,250597543,data/raw/country_code=vn/dataset=product_categories/shop_id=173513432/product_categories.csv,29,vn,product_categories,173513432,vn,16604448221.0,250597543.0,250597543.0
173513432,2026-07-01,20085751465,250597543,250597543,data/raw/country_code=vn/dataset=product_categories/shop_id=173513432/product_categories.csv,30,vn,product_categories,173513432,vn,20085751465.0,250597543.0,250597543.0
173513432,2026-07-01,20886958783,250597543,250597543,data/raw/country_code=vn/dataset=product_categories/shop_id=173513432/product_categories.csv,31,vn,product_categories,173513432,vn,20886958783.0,250597543.0,250597543.0
173513432,2026-07-01,25907552758,250597543,250597543,data/raw/country_code=vn/dataset=product_categories/shop_id=173513432/product_categories.csv,32,vn,product_categories,173513432,vn,25907552758.0,250597543.0,250597543.0
173513432,2026-07-01,58010293888,250597584,250597584,data/raw/country_code=vn/dataset=product_categories/shop_id=173513432/product_categories.csv,33,vn,product_categories,173513432,vn,58010293888.0,250597584.0,250597584.0
173513432,2026-07-01,5103153786,250597584,250597584,data/raw/country_code=vn/dataset=product_categories/shop_id=173513432/product_categories.csv,34,vn,product_categories,173513432,vn,5103153786.0,250597584.0,250597584.0
173513432,2026-07-01,4003153275,250597584,250597584,data/raw/country_code=vn/dataset=product_categories/shop_id=173513432/product_categories.csv,35,vn,product_categories,173513432,vn,4003153275.0,250597584.0,250597584.0
173513432,2026-07-01,2907143507,250597615,250597615,data/raw/country_code=vn/dataset=product_categories/shop_id=173513432/product_categories.csv,36,vn,product_categories,173513432,vn,2907143507.0,250597615.0,250597615.0
173513432,2026-07-01,21152589941,250597615,250597615,data/raw/country_code=vn/dataset=product_categories/shop_id=173513432/product_categories.csv,37,vn,product_categories,173513432,vn,21152589941.0,250597615.0,250597615.0
173513432,2026-07-01,24084421467,250597615,250597615,data/raw/country_code=vn/dataset=product_categories/shop_id=173513432/product_categories.csv,38,vn,product_categories,173513432,vn,24084421467.0,250597615.0,250597615.0
173513432,2026-07-01,22287585993,250597615,250597615,data/raw/country_code=vn/dataset=product_categories/shop_id=173513432/product_categories.csv,39,vn,product_categories,173513432,vn,22287585993.0,250597615.0,250597615.0
173513432,2026-07-01,18348435785,250597615,250597615,data/raw/country_code=vn/dataset=product_categories/shop_id=173513432/product_categories.csv,40,vn,product_categories,173513432,vn,18348435785.0,250597615.0,250597615.0
173513432,2026-07-01,19452107845,250597615,250597615,data/raw/country_code=vn/dataset=product_categories/shop_id=173513432/product_categories.csv,41,vn,product_categories,173513432,vn,19452107845.0,250597615.0,250597615.0
173513432,2026-07-01,24743454213,250597615,250597615,data/raw/country_code=vn/dataset=product_categories/shop_id=173513432/product_categories.csv,42,vn,product_categories,173513432,vn,24743454213.0,250597615.0,250597615.0
173513432,2026-07-01,12133151466,250597615,250597615,data/raw/country_code=vn/dataset=product_categories/shop_id=173513432/product_categories.csv,43,vn,product_categories,173513432,vn,12133151466.0,250597615.0,250597615.0
173513432,2026-07-01,21071014781,250597615,250597615,data/raw/country_code=vn/dataset=product_categories/shop_id=173513432/product_categories.csv,44,vn,product_categories,173513432,vn,21071014781.0,250597615.0,250597615.0
173513432,2026-07-01,23362087945,259165309,259165309,data/raw/country_code=vn/dataset=product_categories/shop_id=173513432/product_categories.csv,45,vn,product_categories,173513432,vn,23362087945.0,259165309.0,259165309.0
173513432,2026-07-01,9048796121,259165309,259165309,data/raw/country_code=vn/dataset=product_categories/shop_id=173513432/product_categories.csv,46,vn,product_categories,173513432,vn,9048796121.0,259165309.0,259165309.0
173513432,2026-07-01,2989938577,259165309,259165309,data/raw/country_code=vn/dataset=product_categories/shop_id=173513432/product_categories.csv,47,vn,product_categories,173513432,vn,2989938577.0,259165309.0,259165309.0
173513432,2026-07-01,24382925488,259165309,259165309,data/raw/country_code=vn/dataset=product_categories/shop_id=173513432/product_categories.csv,48,vn,product_categories,173513432,vn,24382925488.0,259165309.0,259165309.0
173513432,2026-07-01,23962091148,259165309,259165309,data/raw/country_code=vn/dataset=product_categories/shop_id=173513432/product_categories.csv,49,vn,product_categories,173513432,vn,23962091148.0,259165309.0,259165309.0
173513432,2026-07-01,23586025018,259165309,259165309,data/raw/country_code=vn/dataset=product_categories/shop_id=173513432/product_categories.csv,50,vn,product_categories,173513432,vn,23586025018.0,259165309.0,259165309.0
173513432,2026-07-01,29260645058,259165309,259165309,data/raw/country_code=vn/dataset=product_categories/shop_id=173513432/product_categories.csv,51,vn,product_categories,173513432,vn,29260645058.0,259165309.0,259165309.0
173513432,2026-07-01,4204384892,259165309,259165309,data/raw/country_code=vn/dataset=product_categories/shop_id=173513432/product_categories.csv,52,vn,product_categories,173513432,vn,4204384892.0,259165309.0,259165309.0
173513432,2026-07-01,3100009305,261274615,261274615,data/raw/country_code=vn/dataset=product_categories/shop_id=173513432/product_categories.csv,53,vn,product_categories,173513432,vn,3100009305.0,261274615.0,261274615.0
173513432,2026-07-01,58010293888,269476497,269476497,data/raw/country_code=vn/dataset=product_categories/shop_id=173513432/product_categories.csv,54,vn,product_categories,173513432,vn,58010293888.0,269476497.0,269476497.0
173513432,2026-07-01,20085751465,269476497,269476497,data/raw/country_code=vn/dataset=product_categories/shop_id=173513432/product_categories.csv,55,vn,product_categories,173513432,vn,20085751465.0,269476497.0,269476497.0
173513432,2026-07-01,56012087788,269476497,269476497,data/raw/country_code=vn/dataset=product_categories/shop_id=173513432/product_categories.csv,56,vn,product_categories,173513432,vn,56012087788.0,269476497.0,269476497.0
173513432,2026-07-01,5942380457,269476497,269476497,data/raw/country_code=vn/dataset=product_categories/shop_id=173513432/product_categories.csv,57,vn,product_categories,173513432,vn,5942380457.0,269476497.0,269476497.0
173513432,2026-07-01,42201666917,269476497,269476497,data/raw/country_code=vn/dataset=product_categories/shop_id=173513432/product_categories.csv,58,vn,product_categories,173513432,vn,42201666917.0,269476497.0,269476497.0
173513432,2026-07-01,3100009305,269476497,269476497,data/raw/country_code=vn/dataset=product_categories/shop_id=173513432/product_categories.csv,59,vn,product_categories,173513432,vn,3100009305.0,269476497.0,269476497.0
173513432,2026-07-01,14728068605,269476497,269476497,data/raw/country_code=vn/dataset=product_categories/shop_id=173513432/product_categories.csv,60,vn,product_categories,173513432,vn,14728068605.0,269476497.0,269476497.0
173513432,2026-07-01,54861515567,269476497,269476497,data/raw/country_code=vn/dataset=product_categories/shop_id=173513432/product_categories.csv,61,vn,product_categories,173513432,vn,54861515567.0,269476497.0,269476497.0
173513432,2026-07-02,4980351726,250597411,250597411,data/raw/country_code=vn/dataset=product_categories/shop_id=173513432/product_categories.csv,62,vn,product_categories,173513432,vn,4980351726.0,250597411.0,250597411.0
173513432,2026-07-02,9048796121,250597411,250597411,data/raw/country_code=vn/dataset=product_categories/shop_id=173513432/product_categories.csv,63,vn,product_categories,173513432,vn,9048796121.0,250597411.0,250597411.0
173513432,2026-07-02,2989938577,250597411,250597411,data/raw/country_code=vn/dataset=product_categories/shop_id=173513432/product_categories.csv,64,vn,product_categories,173513432,vn,2989938577.0,250597411.0,250597411.0
173513432,2026-07-02,5204384448,250597411,250597411,data/raw/country_code=vn/dataset=product_categories/shop_id=173513432/product_categories.csv,65,vn,product_categories,173513432,vn,5204384448.0,250597411.0,250597411.0
173513432,2026-07-02,10308626576,250597411,250597411,data/raw/country_code=vn/dataset=product_categories/shop_id=173513432/product_categories.csv,66,vn,product_categories,173513432,vn,10308626576.0,250597411.0,250597411.0
173513432,2026-07-02,23962091148,250597411,250597411,data/raw/country_code=vn/dataset=product_categories/shop_id=173513432/product_categories.csv,67,vn,product_categories,173513432,vn,23962091148.0,250597411.0,250597411.0
173513432,2026-07-02,5563532430,250597411,250597411,data/raw/country_code=vn/dataset=product_categories/shop_id=173513432/product_categories.csv,68,vn,product_categories,173513432,vn,5563532430.0,250597411.0,250597411.0
173513432,2026-07-02,29260645058,250597411,250597411,data/raw/country_code=vn/dataset=product_categories/shop_id=173513432/product_categories.csv,69,vn,product_categories,173513432,vn,29260645058.0,250597411.0,250597411.0
173513432,2026-07-02,4204384892,250597411,250597411,data/raw/country_code=vn/dataset=product_categories/shop_id=173513432/product_categories.csv,70,vn,product_categories,173513432,vn,4204384892.0,250597411.0,250597411.0
173513432,2026-07-02,6147372534,250597411,250597411,data/raw/country_code=vn/dataset=product_categories/shop_id=173513432/product_categories.csv,71,vn,product_categories,173513432,vn,6147372534.0,250597411.0,250597411.0
173513432,2026-07-02,25532918156,250597411,250597411,data/raw/country_code=vn/dataset=product_categories/shop_id=173513432/product_categories.csv,72,vn,product_categories,173513432,vn,25532918156.0,250597411.0,250597411.0
173513432,2026-07-02,27231816576,250597411,250597411,data/raw/country_code=vn/dataset=product_categories/shop_id=173513432/product_categories.csv,73,vn,product_categories,173513432,vn,27231816576.0,250597411.0,250597411.0
173513432,2026-07-02,4581436119,250597411,250597411,data/raw/country_code=vn/dataset=product_categories/shop_id=173513432/product_categories.csv,74,vn,product_categories,173513432,vn,4581436119.0,250597411.0,250597411.0
173513432,2026-07-02,12993802768,250597411,250597411,data/raw/country_code=vn/dataset=product_categories/shop_id=173513432/product_categories.csv,75,vn,product_categories,173513432,vn,12993802768.0,250597411.0,250597411.0
173513432,2026-07-02,23362087945,250597463,250597463,data/raw/country_code=vn/dataset=product_categories/shop_id=173513432/product_categories.csv,76,vn,product_categories,173513432,vn,23362087945.0,250597463.0,250597463.0
173513432,2026-07-02,23244384737,250597463,250597463,data/raw/country_code=vn/dataset=product_categories/shop_id=173513432/product_categories.csv,77,vn,product_categories,173513432,vn,23244384737.0,250597463.0,250597463.0
173513432,2026-07-02,23586025018,250597463,250597463,data/raw/country_code=vn/dataset=product_categories/shop_id=173513432/product_categories.csv,78,vn,product_categories,173513432,vn,23586025018.0,250597463.0,250597463.0
173513432,2026-07-02,28534686552,250597463,250597463,data/raw/country_code=vn/dataset=product_categories/shop_id=173513432/product_categories.csv,79,vn,product_categories,173513432,vn,28534686552.0,250597463.0,250597463.0
173513432,2026-07-02,10808120998,250597496,250597496,data/raw/country_code=vn/dataset=product_categories/shop_id=173513432/product_categories.csv,80,vn,product_categories,173513432,vn,10808120998.0,250597496.0,250597496.0
173513432,2026-07-02,19443108444,250597496,250597496,data/raw/country_code=vn/dataset=product_categories/shop_id=173513432/product_categories.csv,81,vn,product_categories,173513432,vn,19443108444.0,250597496.0,250597496.0
173513432,2026-07-02,2906940093,250597496,250597496,data/raw/country_code=vn/dataset=product_categories/shop_id=173513432/product_categories.csv,82,vn,product_categories,173513432,vn,2906940093.0,250597496.0,250597496.0
173513432,2026-07-02,11562223451,250597496,250597496,data/raw/country_code=vn/dataset=product_categories/shop_id=173513432/product_categories.csv,83,vn,product_categories,173513432,vn,11562223451.0,250597496.0,250597496.0
173513432,2026-07-02,8323910362,250597496,250597496,data/raw/country_code=vn/dataset=product_categories/shop_id=173513432/product_categories.csv,84,vn,product_categories,173513432,vn,8323910362.0,250597496.0,250597496.0
173513432,2026-07-02,29160911160,250597543,250597543,data/raw/country_code=vn/dataset=product_categories/shop_id=173513432/product_categories.csv,85,vn,product_categories,173513432,vn,29160911160.0,250597543.0,250597543.0
173513432,2026-07-02,23462048809,250597543,250597543,data/raw/country_code=vn/dataset=product_categories/shop_id=173513432/product_categories.csv,86,vn,product_categories,173513432,vn,23462048809.0,250597543.0,250597543.0
173513432,2026-07-02,14158683593,250597543,250597543,data/raw/country_code=vn/dataset=product_categories/shop_id=173513432/product_categories.csv,87,vn,product_categories,173513432,vn,14158683593.0,250597543.0,250597543.0
173513432,2026-07-02,16926501740,250597543,250597543,data/raw/country_code=vn/dataset=product_categories/shop_id=173513432/product_categories.csv,88,vn,product_categories,173513432,vn,16926501740.0,250597543.0,250597543.0
173513432,2026-07-02,16604448221,250597543,250597543,data/raw/country_code=vn/dataset=product_categories/shop_id=173513432/product_categories.csv,89,vn,product_categories,173513432,vn,16604448221.0,250597543.0,250597543.0
173513432,2026-07-02,20085751465,250597543,250597543,data/raw/country_code=vn/dataset=product_categories/shop_id=173513432/product_categories.csv,90,vn,product_categories,173513432,vn,20085751465.0,250597543.0,250597543.0
173513432,2026-07-02,20886958783,250597543,250597543,data/raw/country_code=vn/dataset=product_categories/shop_id=173513432/product_categories.csv,91,vn,product_categories,173513432,vn,20886958783.0,250597543.0,250597543.0
173513432,2026-07-02,25907552758,250597543,250597543,data/raw/country_code=vn/dataset=product_categories/shop_id=173513432/product_categories.csv,92,vn,product_categories,173513432,vn,25907552758.0,250597543.0,250597543.0
173513432,2026-07-02,58010293888,250597584,250597584,data/raw/country_code=vn/dataset=product_categories/shop_id=173513432/product_categories.csv,93,vn,product_categories,173513432,vn,58010293888.0,250597584.0,250597584.0
173513432,2026-07-02,4003153275,250597584,250597584,data/raw/country_code=vn/dataset=product_categories/shop_id=173513432/product_categories.csv,94,vn,product_categories,173513432,vn,4003153275.0,250597584.0,250597584.0
173513432,2026-07-02,5103153786,250597584,250597584,data/raw/country_code=vn/dataset=product_categories/shop_id=173513432/product_categories.csv,95,vn,product_categories,173513432,vn,5103153786.0,250597584.0,250597584.0
173513432,2026-07-02,2907143507,250597615,250597615,data/raw/country_code=vn/dataset=product_categories/shop_id=173513432/product_categories.csv,96,vn,product_categories,173513432,vn,2907143507.0,250597615.0,250597615.0
173513432,2026-07-02,21152589941,250597615,250597615,data/raw/country_code=vn/dataset=product_categories/shop_id=173513432/product_categories.csv,97,vn,product_categories,173513432,vn,21152589941.0,250597615.0,250597615.0
173513432,2026-07-02,22287585993,250597615,250597615,data/raw/country_code=vn/dataset=product_categories/shop_id=173513432/product_categories.csv,98,vn,product_categories,173513432,vn,22287585993.0,250597615.0,250597615.0
173513432,2026-07-02,24084421467,250597615,250597615,data/raw/country_code=vn/dataset=product_categories/shop_id=173513432/product_categories.csv,99,vn,product_categories,173513432,vn,24084421467.0,250597615.0,250597615.0
173513432,2026-07-02,19452107845,250597615,250597615,data/raw/country_code=vn/dataset=product_categories/shop_id=173513432/product_categories.csv,100,vn,product_categories,173513432,vn,19452107845.0,250597615.0,250597615.0
173513432,2026-07-02,18348435785,250597615,250597615,data/raw/country_code=vn/dataset=product_categories/shop_id=173513432/product_categories.csv,101,vn,product_categories,173513432,vn,18348435785.0,250597615.0,250597615.0
173513432,2026-07-02,24743454213,250597615,250597615,data/raw/country_code=vn/dataset=product_categories/shop_id=173513432/product_categories.csv,102,vn,product_categories,173513432,vn,24743454213.0,250597615.0,250597615.0
173513432,2026-07-02,12133151466,250597615,250597615,data/raw/country_code=vn/dataset=product_categories/shop_id=173513432/product_categories.csv,103,vn,product_categories,173513432,vn,12133151466.0,250597615.0,250597615.0
173513432,2026-07-02,21071014781,250597615,250597615,data/raw/country_code=vn/dataset=product_categories/shop_id=173513432/product_categories.csv,104,vn,product_categories,173513432,vn,21071014781.0,250597615.0,250597615.0
173513432,2026-07-02,23362087945,259165309,259165309,data/raw/country_code=vn/dataset=product_categories/shop_id=173513432/product_categories.csv,105,vn,product_categories,173513432,vn,23362087945.0,259165309.0,259165309.0
173513432,2026-07-02,9048796121,259165309,259165309,data/raw/country_code=vn/dataset=product_categories/shop_id=173513432/product_categories.csv,106,vn,product_categories,173513432,vn,9048796121.0,259165309.0,259165309.0
173513432,2026-07-02,24382925488,259165309,259165309,data/raw/country_code=vn/dataset=product_categories/shop_id=173513432/product_categories.csv,107,vn,product_categories,173513432,vn,24382925488.0,259165309.0,259165309.0
173513432,2026-07-02,2989938577,259165309,259165309,data/raw/country_code=vn/dataset=product_categories/shop_id=173513432/product_categories.csv,108,vn,product_categories,173513432,vn,2989938577.0,259165309.0,259165309.0
173513432,2026-07-02,23962091148,259165309,259165309,data/raw/country_code=vn/dataset=product_categories/shop_id=173513432/product_categories.csv,109,vn,product_categories,173513432,vn,23962091148.0,259165309.0,259165309.0
173513432,2026-07-02,29260645058,259165309,259165309,data/raw/country_code=vn/dataset=product_categories/shop_id=173513432/product_categories.csv,110,vn,product_categories,173513432,vn,29260645058.0,259165309.0,259165309.0
173513432,2026-07-02,23586025018,259165309,259165309,data/raw/country_code=vn/dataset=product_categories/shop_id=173513432/product_categories.csv,111,vn,product_categories,173513432,vn,23586025018.0,259165309.0,259165309.0
173513432,2026-07-02,4204384892,259165309,259165309,data/raw/country_code=vn/dataset=product_categories/shop_id=173513432/product_categories.csv,112,vn,product_categories,173513432,vn,4204384892.0,259165309.0,259165309.0
173513432,2026-07-02,3100009305,261274615,261274615,data/raw/country_code=vn/dataset=product_categories/shop_id=173513432/product_categories.csv,113,vn,product_categories,173513432,vn,3100009305.0,261274615.0,261274615.0
173513432,2026-07-02,58010293888,269476497,269476497,data/raw/country_code=vn/dataset=product_categories/shop_id=173513432/product_categories.csv,114,vn,product_categories,173513432,vn,58010293888.0,269476497.0,269476497.0
173513432,2026-07-02,20085751465,269476497,269476497,data/raw/country_code=vn/dataset=product_categories/shop_id=173513432/product_categories.csv,115,vn,product_categories,173513432,vn,20085751465.0,269476497.0,269476497.0
173513432,2026-07-02,56012087788,269476497,269476497,data/raw/country_code=vn/dataset=product_categories/shop_id=173513432/product_categories.csv,116,vn,product_categories,173513432,vn,56012087788.0,269476497.0,269476497.0
173513432,2026-07-02,5942380457,269476497,269476497,data/raw/country_code=vn/dataset=product_categories/shop_id=173513432/product_categories.csv,117,vn,product_categories,173513432,vn,5942380457.0,269476497.0,269476497.0
173513432,2026-07-02,42201666917,269476497,269476497,data/raw/country_code=vn/dataset=product_categories/shop_id=173513432/product_categories.csv,118,vn,product_categories,173513432,vn,42201666917.0,269476497.0,269476497.0
173513432,2026-07-02,14728068605,269476497,269476497,data/raw/country_code=vn/dataset=product_categories/shop_id=173513432/product_categories.csv,119,vn,product_categories,173513432,vn,14728068605.0,269476497.0,269476497.0
173513432,2026-07-02,3100009305,269476497,269476497,data/raw/country_code=vn/dataset=product_categories/shop_id=173513432/product_categories.csv,120,vn,product_categories,173513432,vn,3100009305.0,269476497.0,269476497.0
173513432,2026-07-02,54861515567,269476497,269476497,data/raw/country_code=vn/dataset=product_categories/shop_id=173513432/product_categories.csv,121,vn,product_categories,173513432,vn,54861515567.0,269476497.0,269476497.0
173513432,2026-07-03,4980351726,250597411,250597411,data/raw/country_code=vn/dataset=product_categories/shop_id=173513432/product_categories.csv,122,vn,product_categories,173513432,vn,4980351726.0,250597411.0,250597411.0
173513432,2026-07-03,9048796121,250597411,250597411,data/raw/country_code=vn/dataset=product_categories/shop_id=173513432/product_categories.csv,123,vn,product_categories,173513432,vn,9048796121.0,250597411.0,250597411.0
173513432,2026-07-03,2989938577,250597411,250597411,data/raw/country_code=vn/dataset=product_categories/shop_id=173513432/product_categories.csv,124,vn,product_categories,173513432,vn,2989938577.0,250597411.0,250597411.0
173513432,2026-07-03,5204384448,250597411,250597411,data/raw/country_code=vn/dataset=product_categories/shop_id=173513432/product_categories.csv,125,vn,product_categories,173513432,vn,5204384448.0,250597411.0,250597411.0
173513432,2026-07-03,10308626576,250597411,250597411,data/raw/country_code=vn/dataset=product_categories/shop_id=173513432/product_categories.csv,126,vn,product_categories,173513432,vn,10308626576.0,250597411.0,250597411.0
173513432,2026-07-03,23962091148,250597411,250597411,data/raw/country_code=vn/dataset=product_categories/shop_id=173513432/product_categories.csv,127,vn,product_categories,173513432,vn,23962091148.0,250597411.0,250597411.0
173513432,2026-07-03,4204384892,250597411,250597411,data/raw/country_code=vn/dataset=product_categories/shop_id=173513432/product_categories.csv,128,vn,product_categories,173513432,vn,4204384892.0,250597411.0,250597411.0
173513432,2026-07-03,5563532430,250597411,250597411,data/raw/country_code=vn/dataset=product_categories/shop_id=173513432/product_categories.csv,129,vn,product_categories,173513432,vn,5563532430.0,250597411.0,250597411.0
173513432,2026-07-03,6147372534,250597411,250597411,data/raw/country_code=vn/dataset=product_categories/shop_id=173513432/product_categories.csv,130,vn,product_categories,173513432,vn,6147372534.0,250597411.0,250597411.0
173513432,2026-07-03,29260645058,250597411,250597411,data/raw/country_code=vn/dataset=product_categories/shop_id=173513432/product_categories.csv,131,vn,product_categories,173513432,vn,29260645058.0,250597411.0,250597411.0
173513432,2026-07-03,25532918156,250597411,250597411,data/raw/country_code=vn/dataset=product_categories/shop_id=173513432/product_categories.csv,132,vn,product_categories,173513432,vn,25532918156.0,250597411.0,250597411.0
173513432,2026-07-03,27231816576,250597411,250597411,data/raw/country_code=vn/dataset=product_categories/shop_id=173513432/product_categories.csv,133,vn,product_categories,173513432,vn,27231816576.0,250597411.0,250597411.0
173513432,2026-07-03,4581436119,250597411,250597411,data/raw/country_code=vn/dataset=product_categories/shop_id=173513432/product_categories.csv,134,vn,product_categories,173513432,vn,4581436119.0,250597411.0,250597411.0
173513432,2026-07-03,12993802768,250597411,250597411,data/raw/country_code=vn/dataset=product_categories/shop_id=173513432/product_categories.csv,135,vn,product_categories,173513432,vn,12993802768.0,250597411.0,250597411.0
173513432,2026-07-03,23362087945,250597463,250597463,data/raw/country_code=vn/dataset=product_categories/shop_id=173513432/product_categories.csv,136,vn,product_categories,173513432,vn,23362087945.0,250597463.0,250597463.0
173513432,2026-07-03,23244384737,250597463,250597463,data/raw/country_code=vn/dataset=product_categories/shop_id=173513432/product_categories.csv,137,vn,product_categories,173513432,vn,23244384737.0,250597463.0,250597463.0
173513432,2026-07-03,28534686552,250597463,250597463,data/raw/country_code=vn/dataset=product_categories/shop_id=173513432/product_categories.csv,138,vn,product_categories,173513432,vn,28534686552.0,250597463.0,250597463.0
173513432,2026-07-03,23586025018,250597463,250597463,data/raw/country_code=vn/dataset=product_categories/shop_id=173513432/product_categories.csv,139,vn,product_categories,173513432,vn,23586025018.0,250597463.0,250597463.0
173513432,2026-07-03,10808120998,250597496,250597496,data/raw/country_code=vn/dataset=product_categories/shop_id=173513432/product_categories.csv,140,vn,product_categories,173513432,vn,10808120998.0,250597496.0,250597496.0
173513432,2026-07-03,19443108444,250597496,250597496,data/raw/country_code=vn/dataset=product_categories/shop_id=173513432/product_categories.csv,141,vn,product_categories,173513432,vn,19443108444.0,250597496.0,250597496.0
173513432,2026-07-03,2906940093,250597496,250597496,data/raw/country_code=vn/dataset=product_categories/shop_id=173513432/product_categories.csv,142,vn,product_categories,173513432,vn,2906940093.0,250597496.0,250597496.0
173513432,2026-07-03,11562223451,250597496,250597496,data/raw/country_code=vn/dataset=product_categories/shop_id=173513432/product_categories.csv,143,vn,product_categories,173513432,vn,11562223451.0,250597496.0,250597496.0
173513432,2026-07-03,8323910362,250597496,250597496,data/raw/country_code=vn/dataset=product_categories/shop_id=173513432/product_categories.csv,144,vn,product_categories,173513432,vn,8323910362.0,250597496.0,250597496.0
173513432,2026-07-03,23462048809,250597543,250597543,data/raw/country_code=vn/dataset=product_categories/shop_id=173513432/product_categories.csv,145,vn,product_categories,173513432,vn,23462048809.0,250597543.0,250597543.0
173513432,2026-07-03,29160911160,250597543,250597543,data/raw/country_code=vn/dataset=product_categories/shop_id=173513432/product_categories.csv,146,vn,product_categories,173513432,vn,29160911160.0,250597543.0,250597543.0
173513432,2026-07-03,14158683593,250597543,250597543,data/raw/country_code=vn/dataset=product_categories/shop_id=173513432/product_categories.csv,147,vn,product_categories,173513432,vn,14158683593.0,250597543.0,250597543.0
173513432,2026-07-03,16604448221,250597543,250597543,data/raw/country_code=vn/dataset=product_categories/shop_id=173513432/product_categories.csv,148,vn,product_categories,173513432,vn,16604448221.0,250597543.0,250597543.0
173513432,2026-07-03,16926501740,250597543,250597543,data/raw/country_code=vn/dataset=product_categories/shop_id=173513432/product_categories.csv,149,vn,product_categories,173513432,vn,16926501740.0,250597543.0,250597543.0
173513432,2026-07-03,20085751465,250597543,250597543,data/raw/country_code=vn/dataset=product_categories/shop_id=173513432/product_categories.csv,150,vn,product_categories,173513432,vn,20085751465.0,250597543.0,250597543.0
173513432,2026-07-03,25907552758,250597543,250597543,data/raw/country_code=vn/dataset=product_categories/shop_id=173513432/product_categories.csv,151,vn,product_categories,173513432,vn,25907552758.0,250597543.0,250597543.0
173513432,2026-07-03,20886958783,250597543,250597543,data/raw/country_code=vn/dataset=product_categories/shop_id=173513432/product_categories.csv,152,vn,product_categories,173513432,vn,20886958783.0,250597543.0,250597543.0
173513432,2026-07-03,58010293888,250597584,250597584,data/raw/country_code=vn/dataset=product_categories/shop_id=173513432/product_categories.csv,153,vn,product_categories,173513432,vn,58010293888.0,250597584.0,250597584.0
173513432,2026-07-03,4003153275,250597584,250597584,data/raw/country_code=vn/dataset=product_categories/shop_id=173513432/product_categories.csv,154,vn,product_categories,173513432,vn,4003153275.0,250597584.0,250597584.0
173513432,2026-07-03,5103153786,250597584,250597584,data/raw/country_code=vn/dataset=product_categories/shop_id=173513432/product_categories.csv,155,vn,product_categories,173513432,vn,5103153786.0,250597584.0,250597584.0
173513432,2026-07-03,2907143507,250597615,250597615,data/raw/country_code=vn/dataset=product_categories/shop_id=173513432/product_categories.csv,156,vn,product_categories,173513432,vn,2907143507.0,250597615.0,250597615.0
173513432,2026-07-03,21152589941,250597615,250597615,data/raw/country_code=vn/dataset=product_categories/shop_id=173513432/product_categories.csv,157,vn,product_categories,173513432,vn,21152589941.0,250597615.0,250597615.0
173513432,2026-07-03,22287585993,250597615,250597615,data/raw/country_code=vn/dataset=product_categories/shop_id=173513432/product_categories.csv,158,vn,product_categories,173513432,vn,22287585993.0,250597615.0,250597615.0
173513432,2026-07-03,24084421467,250597615,250597615,data/raw/country_code=vn/dataset=product_categories/shop_id=173513432/product_categories.csv,159,vn,product_categories,173513432,vn,24084421467.0,250597615.0,250597615.0
173513432,2026-07-03,19452107845,250597615,250597615,data/raw/country_code=vn/dataset=product_categories/shop_id=173513432/product_categories.csv,160,vn,product_categories,173513432,vn,19452107845.0,250597615.0,250597615.0
173513432,2026-07-03,18348435785,250597615,250597615,data/raw/country_code=vn/dataset=product_categories/shop_id=173513432/product_categories.csv,161,vn,product_categories,173513432,vn,18348435785.0,250597615.0,250597615.0
173513432,2026-07-03,24743454213,250597615,250597615,data/raw/country_code=vn/dataset=product_categories/shop_id=173513432/product_categories.csv,162,vn,product_categories,173513432,vn,24743454213.0,250597615.0,250597615.0
173513432,2026-07-03,12133151466,250597615,250597615,data/raw/country_code=vn/dataset=product_categories/shop_id=173513432/product_categories.csv,163,vn,product_categories,173513432,vn,12133151466.0,250597615.0,250597615.0
173513432,2026-07-03,21071014781,250597615,250597615,data/raw/country_code=vn/dataset=product_categories/shop_id=173513432/product_categories.csv,164,vn,product_categories,173513432,vn,21071014781.0,250597615.0,250597615.0
173513432,2026-07-03,9048796121,259165309,259165309,data/raw/country_code=vn/dataset=product_categories/shop_id=173513432/product_categories.csv,165,vn,product_categories,173513432,vn,9048796121.0,259165309.0,259165309.0
173513432,2026-07-03,23362087945,259165309,259165309,data/raw/country_code=vn/dataset=product_categories/shop_id=173513432/product_categories.csv,166,vn,product_categories,173513432,vn,23362087945.0,259165309.0,259165309.0
173513432,2026-07-03,2989938577,259165309,259165309,data/raw/country_code=vn/dataset=product_categories/shop_id=173513432/product_categories.csv,167,vn,product_categories,173513432,vn,2989938577.0,259165309.0,259165309.0
173513432,2026-07-03,24382925488,259165309,259165309,data/raw/country_code=vn/dataset=product_categories/shop_id=173513432/product_categories.csv,168,vn,product_categories,173513432,vn,24382925488.0,259165309.0,259165309.0
173513432,2026-07-03,23962091148,259165309,259165309,data/raw/country_code=vn/dataset=product_categories/shop_id=173513432/product_categories.csv,169,vn,product_categories,173513432,vn,23962091148.0,259165309.0,259165309.0
173513432,2026-07-03,4204384892,259165309,259165309,data/raw/country_code=vn/dataset=product_categories/shop_id=173513432/product_categories.csv,170,vn,product_categories,173513432,vn,4204384892.0,259165309.0,259165309.0
173513432,2026-07-03,29260645058,259165309,259165309,data/raw/country_code=vn/dataset=product_categories/shop_id=173513432/product_categories.csv,171,vn,product_categories,173513432,vn,29260645058.0,259165309.0,259165309.0
173513432,2026-07-03,23586025018,259165309,259165309,data/raw/country_code=vn/dataset=product_categories/shop_id=173513432/product_categories.csv,172,vn,product_categories,173513432,vn,23586025018.0,259165309.0,259165309.0
173513432,2026-07-03,3100009305,261274615,261274615,data/raw/country_code=vn/dataset=product_categories/shop_id=173513432/product_categories.csv,173,vn,product_categories,173513432,vn,3100009305.0,261274615.0,261274615.0
173513432,2026-07-03,58010293888,269476497,269476497,data/raw/country_code=vn/dataset=product_categories/shop_id=173513432/product_categories.csv,174,vn,product_categories,173513432,vn,58010293888.0,269476497.0,269476497.0
173513432,2026-07-03,56012087788,269476497,269476497,data/raw/country_code=vn/dataset=product_categories/shop_id=173513432/product_categories.csv,175,vn,product_categories,173513432,vn,56012087788.0,269476497.0,269476497.0
173513432,2026-07-03,20085751465,269476497,269476497,data/raw/country_code=vn/dataset=product_categories/shop_id=173513432/product_categories.csv,176,vn,product_categories,173513432,vn,20085751465.0,269476497.0,269476497.0
173513432,2026-07-03,3100009305,269476497,269476497,data/raw/country_code=vn/dataset=product_categories/shop_id=173513432/product_categories.csv,177,vn,product_categories,173513432,vn,3100009305.0,269476497.0,269476497.0
173513432,2026-07-03,5942380457,269476497,269476497,data/raw/country_code=vn/dataset=product_categories/shop_id=173513432/product_categories.csv,178,vn,product_categories,173513432,vn,5942380457.0,269476497.0,269476497.0
173513432,2026-07-03,14728068605,269476497,269476497,data/raw/country_code=vn/dataset=product_categories/shop_id=173513432/product_categories.csv,179,vn,product_categories,173513432,vn,14728068605.0,269476497.0,269476497.0
173513432,2026-07-03,42201666917,269476497,269476497,data/raw/country_code=vn/dataset=product_categories/shop_id=173513432/product_categories.csv,180,vn,product_categories,173513432,vn,42201666917.0,269476497.0,269476497.0
173513432,2026-07-03,54861515567,269476497,269476497,data/raw/country_code=vn/dataset=product_categories/shop_id=173513432/product_categories.csv,181,vn,product_categories,173513432,vn,54861515567.0,269476497.0,269476497.0
213989179,2026-07-01,5881924418,246750434,246750434,data/raw/country_code=vn/dataset=product_categories/shop_id=213989179/product_categories.csv,2,vn,product_categories,213989179,vn,5881924418.0,246750434.0,246750434.0
213989179,2026-07-01,20385889419,246750434,246750434,data/raw/country_code=vn/dataset=product_categories/shop_id=213989179/product_categories.csv,3,vn,product_categories,213989179,vn,20385889419.0,246750434.0,246750434.0
213989179,2026-07-01,4228429017,246750434,246750434,data/raw/country_code=vn/dataset=product_categories/shop_id=213989179/product_categories.csv,4,vn,product_categories,213989179,vn,4228429017.0,246750434.0,246750434.0
213989179,2026-07-01,5919525984,246750434,246750434,data/raw/country_code=vn/dataset=product_categories/shop_id=213989179/product_categories.csv,5,vn,product_categories,213989179,vn,5919525984.0,246750434.0,246750434.0
213989179,2026-07-01,27531706377,246750434,246750434,data/raw/country_code=vn/dataset=product_categories/shop_id=213989179/product_categories.csv,6,vn,product_categories,213989179,vn,27531706377.0,246750434.0,246750434.0
213989179,2026-07-01,20385889396,246750434,246750434,data/raw/country_code=vn/dataset=product_categories/shop_id=213989179/product_categories.csv,7,vn,product_categories,213989179,vn,20385889396.0,246750434.0,246750434.0
213989179,2026-07-01,20481788409,246750434,246750434,data/raw/country_code=vn/dataset=product_categories/shop_id=213989179/product_categories.csv,8,vn,product_categories,213989179,vn,20481788409.0,246750434.0,246750434.0
213989179,2026-07-01,29667613836,246750434,246750434,data/raw/country_code=vn/dataset=product_categories/shop_id=213989179/product_categories.csv,9,vn,product_categories,213989179,vn,29667613836.0,246750434.0,246750434.0
213989179,2026-07-01,26567609054,246750434,246750434,data/raw/country_code=vn/dataset=product_categories/shop_id=213989179/product_categories.csv,10,vn,product_categories,213989179,vn,26567609054.0,246750434.0,246750434.0
213989179,2026-07-01,28820117182,246750434,246750434,data/raw/country_code=vn/dataset=product_categories/shop_id=213989179/product_categories.csv,11,vn,product_categories,213989179,vn,28820117182.0,246750434.0,246750434.0
213989179,2026-07-01,5091831437,246750434,246750434,data/raw/country_code=vn/dataset=product_categories/shop_id=213989179/product_categories.csv,12,vn,product_categories,213989179,vn,5091831437.0,246750434.0,246750434.0
213989179,2026-07-01,22426402261,246750581,246750581,data/raw/country_code=vn/dataset=product_categories/shop_id=213989179/product_categories.csv,13,vn,product_categories,213989179,vn,22426402261.0,246750581.0,246750581.0
213989179,2026-07-01,22083886408,246750581,246750581,data/raw/country_code=vn/dataset=product_categories/shop_id=213989179/product_categories.csv,14,vn,product_categories,213989179,vn,22083886408.0,246750581.0,246750581.0
213989179,2026-07-01,23341998012,246750581,246750581,data/raw/country_code=vn/dataset=product_categories/shop_id=213989179/product_categories.csv,15,vn,product_categories,213989179,vn,23341998012.0,246750581.0,246750581.0
213989179,2026-07-01,42021518143,246750581,246750581,data/raw/country_code=vn/dataset=product_categories/shop_id=213989179/product_categories.csv,16,vn,product_categories,213989179,vn,42021518143.0,246750581.0,246750581.0
213989179,2026-07-01,7613998544,246750581,246750581,data/raw/country_code=vn/dataset=product_categories/shop_id=213989179/product_categories.csv,17,vn,product_categories,213989179,vn,7613998544.0,246750581.0,246750581.0
213989179,2026-07-01,24203390363,246750581,246750581,data/raw/country_code=vn/dataset=product_categories/shop_id=213989179/product_categories.csv,18,vn,product_categories,213989179,vn,24203390363.0,246750581.0,246750581.0
213989179,2026-07-01,22288243381,246750581,246750581,data/raw/country_code=vn/dataset=product_categories/shop_id=213989179/product_categories.csv,19,vn,product_categories,213989179,vn,22288243381.0,246750581.0,246750581.0
213989179,2026-07-01,6219529787,246750581,246750581,data/raw/country_code=vn/dataset=product_categories/shop_id=213989179/product_categories.csv,20,vn,product_categories,213989179,vn,6219529787.0,246750581.0,246750581.0
213989179,2026-07-01,22458407247,246750581,246750581,data/raw/country_code=vn/dataset=product_categories/shop_id=213989179/product_categories.csv,21,vn,product_categories,213989179,vn,22458407247.0,246750581.0,246750581.0
213989179,2026-07-01,43400175401,246750581,246750581,data/raw/country_code=vn/dataset=product_categories/shop_id=213989179/product_categories.csv,22,vn,product_categories,213989179,vn,43400175401.0,246750581.0,246750581.0
213989179,2026-07-01,7019537060,246750581,246750581,data/raw/country_code=vn/dataset=product_categories/shop_id=213989179/product_categories.csv,23,vn,product_categories,213989179,vn,7019537060.0,246750581.0,246750581.0
213989179,2026-07-01,19695891839,246750581,246750581,data/raw/country_code=vn/dataset=product_categories/shop_id=213989179/product_categories.csv,24,vn,product_categories,213989179,vn,19695891839.0,246750581.0,246750581.0
213989179,2026-07-01,21206943492,246750581,246750581,data/raw/country_code=vn/dataset=product_categories/shop_id=213989179/product_categories.csv,25,vn,product_categories,213989179,vn,21206943492.0,246750581.0,246750581.0
213989179,2026-07-01,28638387207,246750581,246750581,data/raw/country_code=vn/dataset=product_categories/shop_id=213989179/product_categories.csv,26,vn,product_categories,213989179,vn,28638387207.0,246750581.0,246750581.0
213989179,2026-07-01,19079649512,246750581,246750581,data/raw/country_code=vn/dataset=product_categories/shop_id=213989179/product_categories.csv,27,vn,product_categories,213989179,vn,19079649512.0,246750581.0,246750581.0
213989179,2026-07-01,19079606615,246750581,246750581,data/raw/country_code=vn/dataset=product_categories/shop_id=213989179/product_categories.csv,28,vn,product_categories,213989179,vn,19079606615.0,246750581.0,246750581.0
213989179,2026-07-01,17894583120,246750581,246750581,data/raw/country_code=vn/dataset=product_categories/shop_id=213989179/product_categories.csv,29,vn,product_categories,213989179,vn,17894583120.0,246750581.0,246750581.0
213989179,2026-07-01,24553391588,246750581,246750581,data/raw/country_code=vn/dataset=product_categories/shop_id=213989179/product_categories.csv,30,vn,product_categories,213989179,vn,24553391588.0,246750581.0,246750581.0
213989179,2026-07-01,42401826840,246750581,246750581,data/raw/country_code=vn/dataset=product_categories/shop_id=213989179/product_categories.csv,31,vn,product_categories,213989179,vn,42401826840.0,246750581.0,246750581.0
213989179,2026-07-01,28753604189,253250963,253250963,data/raw/country_code=vn/dataset=product_categories/shop_id=213989179/product_categories.csv,32,vn,product_categories,213989179,vn,28753604189.0,253250963.0,253250963.0
213989179,2026-07-01,7059426608,253250963,253250963,data/raw/country_code=vn/dataset=product_categories/shop_id=213989179/product_categories.csv,33,vn,product_categories,213989179,vn,7059426608.0,253250963.0,253250963.0
213989179,2026-07-01,27402928597,253250963,253250963,data/raw/country_code=vn/dataset=product_categories/shop_id=213989179/product_categories.csv,34,vn,product_categories,213989179,vn,27402928597.0,253250963.0,253250963.0
213989179,2026-07-01,6225308367,253250963,253250963,data/raw/country_code=vn/dataset=product_categories/shop_id=213989179/product_categories.csv,35,vn,product_categories,213989179,vn,6225308367.0,253250963.0,253250963.0
213989179,2026-07-01,13195531450,253250963,253250963,data/raw/country_code=vn/dataset=product_categories/shop_id=213989179/product_categories.csv,36,vn,product_categories,213989179,vn,13195531450.0,253250963.0,253250963.0
213989179,2026-07-01,43001613157,253250963,253250963,data/raw/country_code=vn/dataset=product_categories/shop_id=213989179/product_categories.csv,37,vn,product_categories,213989179,vn,43001613157.0,253250963.0,253250963.0
213989179,2026-07-01,52960468270,253250963,253250963,data/raw/country_code=vn/dataset=product_categories/shop_id=213989179/product_categories.csv,38,vn,product_categories,213989179,vn,52960468270.0,253250963.0,253250963.0
213989179,2026-07-01,19188662330,253250963,253250963,data/raw/country_code=vn/dataset=product_categories/shop_id=213989179/product_categories.csv,39,vn,product_categories,213989179,vn,19188662330.0,253250963.0,253250963.0
213989179,2026-07-01,49607284576,253250963,253250963,data/raw/country_code=vn/dataset=product_categories/shop_id=213989179/product_categories.csv,40,vn,product_categories,213989179,vn,49607284576.0,253250963.0,253250963.0
213989179,2026-07-01,48257280275,253250963,253250963,data/raw/country_code=vn/dataset=product_categories/shop_id=213989179/product_categories.csv,41,vn,product_categories,213989179,vn,48257280275.0,253250963.0,253250963.0
213989179,2026-07-01,29802924380,253250963,253250963,data/raw/country_code=vn/dataset=product_categories/shop_id=213989179/product_categories.csv,42,vn,product_categories,213989179,vn,29802924380.0,253250963.0,253250963.0
213989179,2026-07-01,40751619456,253250963,253250963,data/raw/country_code=vn/dataset=product_categories/shop_id=213989179/product_categories.csv,43,vn,product_categories,213989179,vn,40751619456.0,253250963.0,253250963.0
213989179,2026-07-01,29156682046,254854485,254854485,data/raw/country_code=vn/dataset=product_categories/shop_id=213989179/product_categories.csv,44,vn,product_categories,213989179,vn,29156682046.0,254854485.0,254854485.0
213989179,2026-07-01,54611253723,254854485,254854485,data/raw/country_code=vn/dataset=product_categories/shop_id=213989179/product_categories.csv,45,vn,product_categories,213989179,vn,54611253723.0,254854485.0,254854485.0
213989179,2026-07-01,22288243381,254854485,254854485,data/raw/country_code=vn/dataset=product_categories/shop_id=213989179/product_categories.csv,46,vn,product_categories,213989179,vn,22288243381.0,254854485.0,254854485.0
213989179,2026-07-01,49212426528,254854485,254854485,data/raw/country_code=vn/dataset=product_categories/shop_id=213989179/product_categories.csv,47,vn,product_categories,213989179,vn,49212426528.0,254854485.0,254854485.0
213989179,2026-07-01,44101565136,254854485,254854485,data/raw/country_code=vn/dataset=product_categories/shop_id=213989179/product_categories.csv,48,vn,product_categories,213989179,vn,44101565136.0,254854485.0,254854485.0
213989179,2026-07-01,42431344632,254854485,254854485,data/raw/country_code=vn/dataset=product_categories/shop_id=213989179/product_categories.csv,49,vn,product_categories,213989179,vn,42431344632.0,254854485.0,254854485.0
213989179,2026-07-01,49461278439,254854485,254854485,data/raw/country_code=vn/dataset=product_categories/shop_id=213989179/product_categories.csv,50,vn,product_categories,213989179,vn,49461278439.0,254854485.0,254854485.0
213989179,2026-07-01,7019537060,254854485,254854485,data/raw/country_code=vn/dataset=product_categories/shop_id=213989179/product_categories.csv,51,vn,product_categories,213989179,vn,7019537060.0,254854485.0,254854485.0
213989179,2026-07-01,47461281311,254854485,254854485,data/raw/country_code=vn/dataset=product_categories/shop_id=213989179/product_categories.csv,52,vn,product_categories,213989179,vn,47461281311.0,254854485.0,254854485.0
213989179,2026-07-01,56761249618,254854485,254854485,data/raw/country_code=vn/dataset=product_categories/shop_id=213989179/product_categories.csv,53,vn,product_categories,213989179,vn,56761249618.0,254854485.0,254854485.0
213989179,2026-07-01,24783598421,254854485,254854485,data/raw/country_code=vn/dataset=product_categories/shop_id=213989179/product_categories.csv,54,vn,product_categories,213989179,vn,24783598421.0,254854485.0,254854485.0
213989179,2026-07-01,56712406423,254854485,254854485,data/raw/country_code=vn/dataset=product_categories/shop_id=213989179/product_categories.csv,55,vn,product_categories,213989179,vn,56712406423.0,254854485.0,254854485.0
213989179,2026-07-01,42021518143,259149849,259149849,data/raw/country_code=vn/dataset=product_categories/shop_id=213989179/product_categories.csv,56,vn,product_categories,213989179,vn,42021518143.0,259149849.0,259149849.0
213989179,2026-07-01,43400175401,259149849,259149849,data/raw/country_code=vn/dataset=product_categories/shop_id=213989179/product_categories.csv,57,vn,product_categories,213989179,vn,43400175401.0,259149849.0,259149849.0
213989179,2026-07-01,28638387207,259149849,259149849,data/raw/country_code=vn/dataset=product_categories/shop_id=213989179/product_categories.csv,58,vn,product_categories,213989179,vn,28638387207.0,259149849.0,259149849.0
213989179,2026-07-01,52900782117,259149849,259149849,data/raw/country_code=vn/dataset=product_categories/shop_id=213989179/product_categories.csv,59,vn,product_categories,213989179,vn,52900782117.0,259149849.0,259149849.0
213989179,2026-07-01,42401826840,259149849,259149849,data/raw/country_code=vn/dataset=product_categories/shop_id=213989179/product_categories.csv,60,vn,product_categories,213989179,vn,42401826840.0,259149849.0,259149849.0
213989179,2026-07-01,42021518143,259211391,259211391,data/raw/country_code=vn/dataset=product_categories/shop_id=213989179/product_categories.csv,61,vn,product_categories,213989179,vn,42021518143.0,259211391.0,259211391.0
213989179,2026-07-01,43415619753,259211391,259211391,data/raw/country_code=vn/dataset=product_categories/shop_id=213989179/product_categories.csv,62,vn,product_categories,213989179,vn,43415619753.0,259211391.0,259211391.0
213989179,2026-07-01,52960468270,259211391,259211391,data/raw/country_code=vn/dataset=product_categories/shop_id=213989179/product_categories.csv,63,vn,product_categories,213989179,vn,52960468270.0,259211391.0,259211391.0
213989179,2026-07-01,43400175401,259211391,259211391,data/raw/country_code=vn/dataset=product_categories/shop_id=213989179/product_categories.csv,64,vn,product_categories,213989179,vn,43400175401.0,259211391.0,259211391.0
213989179,2026-07-01,28638387207,259211391,259211391,data/raw/country_code=vn/dataset=product_categories/shop_id=213989179/product_categories.csv,65,vn,product_categories,213989179,vn,28638387207.0,259211391.0,259211391.0
213989179,2026-07-01,19079606615,259211391,259211391,data/raw/country_code=vn/dataset=product_categories/shop_id=213989179/product_categories.csv,66,vn,product_categories,213989179,vn,19079606615.0,259211391.0,259211391.0
213989179,2026-07-01,40751619456,259211391,259211391,data/raw/country_code=vn/dataset=product_categories/shop_id=213989179/product_categories.csv,67,vn,product_categories,213989179,vn,40751619456.0,259211391.0,259211391.0
213989179,2026-07-01,46208275058,259211391,259211391,data/raw/country_code=vn/dataset=product_categories/shop_id=213989179/product_categories.csv,68,vn,product_categories,213989179,vn,46208275058.0,259211391.0,259211391.0
213989179,2026-07-01,52900782117,259211391,259211391,data/raw/country_code=vn/dataset=product_categories/shop_id=213989179/product_categories.csv,69,vn,product_categories,213989179,vn,52900782117.0,259211391.0,259211391.0
213989179,2026-07-01,20385889419,260400722,260400722,data/raw/country_code=vn/dataset=product_categories/shop_id=213989179/product_categories.csv,70,vn,product_categories,213989179,vn,20385889419.0,260400722.0,260400722.0
213989179,2026-07-01,27531706377,260400722,260400722,data/raw/country_code=vn/dataset=product_categories/shop_id=213989179/product_categories.csv,71,vn,product_categories,213989179,vn,27531706377.0,260400722.0,260400722.0
213989179,2026-07-01,20385889396,260400722,260400722,data/raw/country_code=vn/dataset=product_categories/shop_id=213989179/product_categories.csv,72,vn,product_categories,213989179,vn,20385889396.0,260400722.0,260400722.0
213989179,2026-07-01,20481788409,260400722,260400722,data/raw/country_code=vn/dataset=product_categories/shop_id=213989179/product_categories.csv,73,vn,product_categories,213989179,vn,20481788409.0,260400722.0,260400722.0
213989179,2026-07-01,29667613836,260400722,260400722,data/raw/country_code=vn/dataset=product_categories/shop_id=213989179/product_categories.csv,74,vn,product_categories,213989179,vn,29667613836.0,260400722.0,260400722.0
213989179,2026-07-01,26567609054,260400722,260400722,data/raw/country_code=vn/dataset=product_categories/shop_id=213989179/product_categories.csv,75,vn,product_categories,213989179,vn,26567609054.0,260400722.0,260400722.0
213989179,2026-07-01,28820117182,260400722,260400722,data/raw/country_code=vn/dataset=product_categories/shop_id=213989179/product_categories.csv,76,vn,product_categories,213989179,vn,28820117182.0,260400722.0,260400722.0
213989179,2026-07-01,5091831437,260400722,260400722,data/raw/country_code=vn/dataset=product_categories/shop_id=213989179/product_categories.csv,77,vn,product_categories,213989179,vn,5091831437.0,260400722.0,260400722.0
213989179,2026-07-01,17568700451,263055824,263055824,data/raw/country_code=vn/dataset=product_categories/shop_id=213989179/product_categories.csv,78,vn,product_categories,213989179,vn,17568700451.0,263055824.0,263055824.0
213989179,2026-07-01,23102743144,263055824,263055824,data/raw/country_code=vn/dataset=product_categories/shop_id=213989179/product_categories.csv,79,vn,product_categories,213989179,vn,23102743144.0,263055824.0,263055824.0
213989179,2026-07-01,15715828480,263055824,263055824,data/raw/country_code=vn/dataset=product_categories/shop_id=213989179/product_categories.csv,80,vn,product_categories,213989179,vn,15715828480.0,263055824.0,263055824.0
213989179,2026-07-01,21703213740,263055824,263055824,data/raw/country_code=vn/dataset=product_categories/shop_id=213989179/product_categories.csv,81,vn,product_categories,213989179,vn,21703213740.0,263055824.0,263055824.0
213989179,2026-07-01,21558655559,263055824,263055824,data/raw/country_code=vn/dataset=product_categories/shop_id=213989179/product_categories.csv,82,vn,product_categories,213989179,vn,21558655559.0,263055824.0,263055824.0
213989179,2026-07-01,24286389752,263055824,263055824,data/raw/country_code=vn/dataset=product_categories/shop_id=213989179/product_categories.csv,83,vn,product_categories,213989179,vn,24286389752.0,263055824.0,263055824.0
213989179,2026-07-01,18558695171,263055824,263055824,data/raw/country_code=vn/dataset=product_categories/shop_id=213989179/product_categories.csv,84,vn,product_categories,213989179,vn,18558695171.0,263055824.0,263055824.0
213989179,2026-07-01,28433505734,263055824,263055824,data/raw/country_code=vn/dataset=product_categories/shop_id=213989179/product_categories.csv,85,vn,product_categories,213989179,vn,28433505734.0,263055824.0,263055824.0
213989179,2026-07-01,24636392053,263055824,263055824,data/raw/country_code=vn/dataset=product_categories/shop_id=213989179/product_categories.csv,86,vn,product_categories,213989179,vn,24636392053.0,263055824.0,263055824.0
213989179,2026-07-01,26362225992,263055824,263055824,data/raw/country_code=vn/dataset=product_categories/shop_id=213989179/product_categories.csv,87,vn,product_categories,213989179,vn,26362225992.0,263055824.0,263055824.0
213989179,2026-07-01,28538456270,263055824,263055824,data/raw/country_code=vn/dataset=product_categories/shop_id=213989179/product_categories.csv,88,vn,product_categories,213989179,vn,28538456270.0,263055824.0,263055824.0
213989179,2026-07-01,17568698755,263055824,263055824,data/raw/country_code=vn/dataset=product_categories/shop_id=213989179/product_categories.csv,89,vn,product_categories,213989179,vn,17568698755.0,263055824.0,263055824.0
213989179,2026-07-01,29662232533,263055824,263055824,data/raw/country_code=vn/dataset=product_categories/shop_id=213989179/product_categories.csv,90,vn,product_categories,213989179,vn,29662232533.0,263055824.0,263055824.0
213989179,2026-07-01,21143770334,263055824,263055824,data/raw/country_code=vn/dataset=product_categories/shop_id=213989179/product_categories.csv,91,vn,product_categories,213989179,vn,21143770334.0,263055824.0,263055824.0
213989179,2026-07-01,3425405336,263055824,263055824,data/raw/country_code=vn/dataset=product_categories/shop_id=213989179/product_categories.csv,92,vn,product_categories,213989179,vn,3425405336.0,263055824.0,263055824.0
213989179,2026-07-01,23451401334,263055824,263055824,data/raw/country_code=vn/dataset=product_categories/shop_id=213989179/product_categories.csv,93,vn,product_categories,213989179,vn,23451401334.0,263055824.0,263055824.0
213989179,2026-07-01,4828889673,263055824,263055824,data/raw/country_code=vn/dataset=product_categories/shop_id=213989179/product_categories.csv,94,vn,product_categories,213989179,vn,4828889673.0,263055824.0,263055824.0
213989179,2026-07-01,5828892952,263055824,263055824,data/raw/country_code=vn/dataset=product_categories/shop_id=213989179/product_categories.csv,95,vn,product_categories,213989179,vn,5828892952.0,263055824.0,263055824.0
213989179,2026-07-02,5881924418,246750434,246750434,data/raw/country_code=vn/dataset=product_categories/shop_id=213989179/product_categories.csv,96,vn,product_categories,213989179,vn,5881924418.0,246750434.0,246750434.0
213989179,2026-07-02,20385889419,246750434,246750434,data/raw/country_code=vn/dataset=product_categories/shop_id=213989179/product_categories.csv,97,vn,product_categories,213989179,vn,20385889419.0,246750434.0,246750434.0
213989179,2026-07-02,4228429017,246750434,246750434,data/raw/country_code=vn/dataset=product_categories/shop_id=213989179/product_categories.csv,98,vn,product_categories,213989179,vn,4228429017.0,246750434.0,246750434.0
213989179,2026-07-02,5919525984,246750434,246750434,data/raw/country_code=vn/dataset=product_categories/shop_id=213989179/product_categories.csv,99,vn,product_categories,213989179,vn,5919525984.0,246750434.0,246750434.0
213989179,2026-07-02,20385889396,246750434,246750434,data/raw/country_code=vn/dataset=product_categories/shop_id=213989179/product_categories.csv,100,vn,product_categories,213989179,vn,20385889396.0,246750434.0,246750434.0
213989179,2026-07-02,27531706377,246750434,246750434,data/raw/country_code=vn/dataset=product_categories/shop_id=213989179/product_categories.csv,101,vn,product_categories,213989179,vn,27531706377.0,246750434.0,246750434.0
213989179,2026-07-02,20481788409,246750434,246750434,data/raw/country_code=vn/dataset=product_categories/shop_id=213989179/product_categories.csv,102,vn,product_categories,213989179,vn,20481788409.0,246750434.0,246750434.0
213989179,2026-07-02,29667613836,246750434,246750434,data/raw/country_code=vn/dataset=product_categories/shop_id=213989179/product_categories.csv,103,vn,product_categories,213989179,vn,29667613836.0,246750434.0,246750434.0
213989179,2026-07-02,26567609054,246750434,246750434,data/raw/country_code=vn/dataset=product_categories/shop_id=213989179/product_categories.csv,104,vn,product_categories,213989179,vn,26567609054.0,246750434.0,246750434.0
213989179,2026-07-02,28820117182,246750434,246750434,data/raw/country_code=vn/dataset=product_categories/shop_id=213989179/product_categories.csv,105,vn,product_categories,213989179,vn,28820117182.0,246750434.0,246750434.0
213989179,2026-07-02,5091831437,246750434,246750434,data/raw/country_code=vn/dataset=product_categories/shop_id=213989179/product_categories.csv,106,vn,product_categories,213989179,vn,5091831437.0,246750434.0,246750434.0
213989179,2026-07-02,22083886408,246750581,246750581,data/raw/country_code=vn/dataset=product_categories/shop_id=213989179/product_categories.csv,107,vn,product_categories,213989179,vn,22083886408.0,246750581.0,246750581.0
213989179,2026-07-02,22426402261,246750581,246750581,data/raw/country_code=vn/dataset=product_categories/shop_id=213989179/product_categories.csv,108,vn,product_categories,213989179,vn,22426402261.0,246750581.0,246750581.0
213989179,2026-07-02,7613998544,246750581,246750581,data/raw/country_code=vn/dataset=product_categories/shop_id=213989179/product_categories.csv,109,vn,product_categories,213989179,vn,7613998544.0,246750581.0,246750581.0
213989179,2026-07-02,23341998012,246750581,246750581,data/raw/country_code=vn/dataset=product_categories/shop_id=213989179/product_categories.csv,110,vn,product_categories,213989179,vn,23341998012.0,246750581.0,246750581.0
213989179,2026-07-02,42021518143,246750581,246750581,data/raw/country_code=vn/dataset=product_categories/shop_id=213989179/product_categories.csv,111,vn,product_categories,213989179,vn,42021518143.0,246750581.0,246750581.0
213989179,2026-07-02,24203390363,246750581,246750581,data/raw/country_code=vn/dataset=product_categories/shop_id=213989179/product_categories.csv,112,vn,product_categories,213989179,vn,24203390363.0,246750581.0,246750581.0
213989179,2026-07-02,6219529787,246750581,246750581,data/raw/country_code=vn/dataset=product_categories/shop_id=213989179/product_categories.csv,113,vn,product_categories,213989179,vn,6219529787.0,246750581.0,246750581.0
213989179,2026-07-02,22458407247,246750581,246750581,data/raw/country_code=vn/dataset=product_categories/shop_id=213989179/product_categories.csv,114,vn,product_categories,213989179,vn,22458407247.0,246750581.0,246750581.0
213989179,2026-07-02,22288243381,246750581,246750581,data/raw/country_code=vn/dataset=product_categories/shop_id=213989179/product_categories.csv,115,vn,product_categories,213989179,vn,22288243381.0,246750581.0,246750581.0
213989179,2026-07-02,28638387207,246750581,246750581,data/raw/country_code=vn/dataset=product_categories/shop_id=213989179/product_categories.csv,116,vn,product_categories,213989179,vn,28638387207.0,246750581.0,246750581.0
213989179,2026-07-02,43400175401,246750581,246750581,data/raw/country_code=vn/dataset=product_categories/shop_id=213989179/product_categories.csv,117,vn,product_categories,213989179,vn,43400175401.0,246750581.0,246750581.0
213989179,2026-07-02,7019537060,246750581,246750581,data/raw/country_code=vn/dataset=product_categories/shop_id=213989179/product_categories.csv,118,vn,product_categories,213989179,vn,7019537060.0,246750581.0,246750581.0
213989179,2026-07-02,19695891839,246750581,246750581,data/raw/country_code=vn/dataset=product_categories/shop_id=213989179/product_categories.csv,119,vn,product_categories,213989179,vn,19695891839.0,246750581.0,246750581.0
213989179,2026-07-02,21206943492,246750581,246750581,data/raw/country_code=vn/dataset=product_categories/shop_id=213989179/product_categories.csv,120,vn,product_categories,213989179,vn,21206943492.0,246750581.0,246750581.0
213989179,2026-07-02,19079649512,246750581,246750581,data/raw/country_code=vn/dataset=product_categories/shop_id=213989179/product_categories.csv,121,vn,product_categories,213989179,vn,19079649512.0,246750581.0,246750581.0
213989179,2026-07-02,24553391588,246750581,246750581,data/raw/country_code=vn/dataset=product_categories/shop_id=213989179/product_categories.csv,122,vn,product_categories,213989179,vn,24553391588.0,246750581.0,246750581.0
213989179,2026-07-02,19079606615,246750581,246750581,data/raw/country_code=vn/dataset=product_categories/shop_id=213989179/product_categories.csv,123,vn,product_categories,213989179,vn,19079606615.0,246750581.0,246750581.0
213989179,2026-07-02,17894583120,246750581,246750581,data/raw/country_code=vn/dataset=product_categories/shop_id=213989179/product_categories.csv,124,vn,product_categories,213989179,vn,17894583120.0,246750581.0,246750581.0
213989179,2026-07-02,42401826840,246750581,246750581,data/raw/country_code=vn/dataset=product_categories/shop_id=213989179/product_categories.csv,125,vn,product_categories,213989179,vn,42401826840.0,246750581.0,246750581.0
213989179,2026-07-02,28753604189,253250963,253250963,data/raw/country_code=vn/dataset=product_categories/shop_id=213989179/product_categories.csv,126,vn,product_categories,213989179,vn,28753604189.0,253250963.0,253250963.0
213989179,2026-07-02,7059426608,253250963,253250963,data/raw/country_code=vn/dataset=product_categories/shop_id=213989179/product_categories.csv,127,vn,product_categories,213989179,vn,7059426608.0,253250963.0,253250963.0
213989179,2026-07-02,27402928597,253250963,253250963,data/raw/country_code=vn/dataset=product_categories/shop_id=213989179/product_categories.csv,128,vn,product_categories,213989179,vn,27402928597.0,253250963.0,253250963.0
213989179,2026-07-02,43001613157,253250963,253250963,data/raw/country_code=vn/dataset=product_categories/shop_id=213989179/product_categories.csv,129,vn,product_categories,213989179,vn,43001613157.0,253250963.0,253250963.0
213989179,2026-07-02,13195531450,253250963,253250963,data/raw/country_code=vn/dataset=product_categories/shop_id=213989179/product_categories.csv,130,vn,product_categories,213989179,vn,13195531450.0,253250963.0,253250963.0
213989179,2026-07-02,6225308367,253250963,253250963,data/raw/country_code=vn/dataset=product_categories/shop_id=213989179/product_categories.csv,131,vn,product_categories,213989179,vn,6225308367.0,253250963.0,253250963.0
213989179,2026-07-02,14068398201,253250963,253250963,data/raw/country_code=vn/dataset=product_categories/shop_id=213989179/product_categories.csv,132,vn,product_categories,213989179,vn,14068398201.0,253250963.0,253250963.0
213989179,2026-07-02,52960468270,253250963,253250963,data/raw/country_code=vn/dataset=product_categories/shop_id=213989179/product_categories.csv,133,vn,product_categories,213989179,vn,52960468270.0,253250963.0,253250963.0
213989179,2026-07-02,19188662330,253250963,253250963,data/raw/country_code=vn/dataset=product_categories/shop_id=213989179/product_categories.csv,134,vn,product_categories,213989179,vn,19188662330.0,253250963.0,253250963.0
213989179,2026-07-02,29802924380,253250963,253250963,data/raw/country_code=vn/dataset=product_categories/shop_id=213989179/product_categories.csv,135,vn,product_categories,213989179,vn,29802924380.0,253250963.0,253250963.0
213989179,2026-07-02,48257280275,253250963,253250963,data/raw/country_code=vn/dataset=product_categories/shop_id=213989179/product_categories.csv,136,vn,product_categories,213989179,vn,48257280275.0,253250963.0,253250963.0
213989179,2026-07-02,49607284576,253250963,253250963,data/raw/country_code=vn/dataset=product_categories/shop_id=213989179/product_categories.csv,137,vn,product_categories,213989179,vn,49607284576.0,253250963.0,253250963.0
213989179,2026-07-02,40751619456,253250963,253250963,data/raw/country_code=vn/dataset=product_categories/shop_id=213989179/product_categories.csv,138,vn,product_categories,213989179,vn,40751619456.0,253250963.0,253250963.0
213989179,2026-07-02,29156682046,254854485,254854485,data/raw/country_code=vn/dataset=product_categories/shop_id=213989179/product_categories.csv,139,vn,product_categories,213989179,vn,29156682046.0,254854485.0,254854485.0
213989179,2026-07-02,54611253723,254854485,254854485,data/raw/country_code=vn/dataset=product_categories/shop_id=213989179/product_categories.csv,140,vn,product_categories,213989179,vn,54611253723.0,254854485.0,254854485.0
213989179,2026-07-02,49212426528,254854485,254854485,data/raw/country_code=vn/dataset=product_categories/shop_id=213989179/product_categories.csv,141,vn,product_categories,213989179,vn,49212426528.0,254854485.0,254854485.0
213989179,2026-07-02,22288243381,254854485,254854485,data/raw/country_code=vn/dataset=product_categories/shop_id=213989179/product_categories.csv,142,vn,product_categories,213989179,vn,22288243381.0,254854485.0,254854485.0
213989179,2026-07-02,44101565136,254854485,254854485,data/raw/country_code=vn/dataset=product_categories/shop_id=213989179/product_categories.csv,143,vn,product_categories,213989179,vn,44101565136.0,254854485.0,254854485.0
213989179,2026-07-02,42431344632,254854485,254854485,data/raw/country_code=vn/dataset=product_categories/shop_id=213989179/product_categories.csv,144,vn,product_categories,213989179,vn,42431344632.0,254854485.0,254854485.0
213989179,2026-07-02,49461278439,254854485,254854485,data/raw/country_code=vn/dataset=product_categories/shop_id=213989179/product_categories.csv,145,vn,product_categories,213989179,vn,49461278439.0,254854485.0,254854485.0
213989179,2026-07-02,7019537060,254854485,254854485,data/raw/country_code=vn/dataset=product_categories/shop_id=213989179/product_categories.csv,146,vn,product_categories,213989179,vn,7019537060.0,254854485.0,254854485.0
213989179,2026-07-02,56761249618,254854485,254854485,data/raw/country_code=vn/dataset=product_categories/shop_id=213989179/product_categories.csv,147,vn,product_categories,213989179,vn,56761249618.0,254854485.0,254854485.0
213989179,2026-07-02,24783598421,254854485,254854485,data/raw/country_code=vn/dataset=product_categories/shop_id=213989179/product_categories.csv,148,vn,product_categories,213989179,vn,24783598421.0,254854485.0,254854485.0
213989179,2026-07-02,47461281311,254854485,254854485,data/raw/country_code=vn/dataset=product_categories/shop_id=213989179/product_categories.csv,149,vn,product_categories,213989179,vn,47461281311.0,254854485.0,254854485.0
213989179,2026-07-02,56712406423,254854485,254854485,data/raw/country_code=vn/dataset=product_categories/shop_id=213989179/product_categories.csv,150,vn,product_categories,213989179,vn,56712406423.0,254854485.0,254854485.0
213989179,2026-07-02,42021518143,259149849,259149849,data/raw/country_code=vn/dataset=product_categories/shop_id=213989179/product_categories.csv,151,vn,product_categories,213989179,vn,42021518143.0,259149849.0,259149849.0
213989179,2026-07-02,28638387207,259149849,259149849,data/raw/country_code=vn/dataset=product_categories/shop_id=213989179/product_categories.csv,152,vn,product_categories,213989179,vn,28638387207.0,259149849.0,259149849.0
213989179,2026-07-02,43400175401,259149849,259149849,data/raw/country_code=vn/dataset=product_categories/shop_id=213989179/product_categories.csv,153,vn,product_categories,213989179,vn,43400175401.0,259149849.0,259149849.0
213989179,2026-07-02,52900782117,259149849,259149849,data/raw/country_code=vn/dataset=product_categories/shop_id=213989179/product_categories.csv,154,vn,product_categories,213989179,vn,52900782117.0,259149849.0,259149849.0
213989179,2026-07-02,42401826840,259149849,259149849,data/raw/country_code=vn/dataset=product_categories/shop_id=213989179/product_categories.csv,155,vn,product_categories,213989179,vn,42401826840.0,259149849.0,259149849.0
213989179,2026-07-02,42021518143,259211391,259211391,data/raw/country_code=vn/dataset=product_categories/shop_id=213989179/product_categories.csv,156,vn,product_categories,213989179,vn,42021518143.0,259211391.0,259211391.0
213989179,2026-07-02,43415619753,259211391,259211391,data/raw/country_code=vn/dataset=product_categories/shop_id=213989179/product_categories.csv,157,vn,product_categories,213989179,vn,43415619753.0,259211391.0,259211391.0
213989179,2026-07-02,28638387207,259211391,259211391,data/raw/country_code=vn/dataset=product_categories/shop_id=213989179/product_categories.csv,158,vn,product_categories,213989179,vn,28638387207.0,259211391.0,259211391.0
213989179,2026-07-02,43400175401,259211391,259211391,data/raw/country_code=vn/dataset=product_categories/shop_id=213989179/product_categories.csv,159,vn,product_categories,213989179,vn,43400175401.0,259211391.0,259211391.0
213989179,2026-07-02,52960468270,259211391,259211391,data/raw/country_code=vn/dataset=product_categories/shop_id=213989179/product_categories.csv,160,vn,product_categories,213989179,vn,52960468270.0,259211391.0,259211391.0
213989179,2026-07-02,52900782117,259211391,259211391,data/raw/country_code=vn/dataset=product_categories/shop_id=213989179/product_categories.csv,161,vn,product_categories,213989179,vn,52900782117.0,259211391.0,259211391.0
213989179,2026-07-02,19079606615,259211391,259211391,data/raw/country_code=vn/dataset=product_categories/shop_id=213989179/product_categories.csv,162,vn,product_categories,213989179,vn,19079606615.0,259211391.0,259211391.0
213989179,2026-07-02,40751619456,259211391,259211391,data/raw/country_code=vn/dataset=product_categories/shop_id=213989179/product_categories.csv,163,vn,product_categories,213989179,vn,40751619456.0,259211391.0,259211391.0
213989179,2026-07-02,46208275058,259211391,259211391,data/raw/country_code=vn/dataset=product_categories/shop_id=213989179/product_categories.csv,164,vn,product_categories,213989179,vn,46208275058.0,259211391.0,259211391.0
213989179,2026-07-02,20385889419,260400722,260400722,data/raw/country_code=vn/dataset=product_categories/shop_id=213989179/product_categories.csv,165,vn,product_categories,213989179,vn,20385889419.0,260400722.0,260400722.0
213989179,2026-07-02,20385889396,260400722,260400722,data/raw/country_code=vn/dataset=product_categories/shop_id=213989179/product_categories.csv,166,vn,product_categories,213989179,vn,20385889396.0,260400722.0,260400722.0
213989179,2026-07-02,27531706377,260400722,260400722,data/raw/country_code=vn/dataset=product_categories/shop_id=213989179/product_categories.csv,167,vn,product_categories,213989179,vn,27531706377.0,260400722.0,260400722.0
213989179,2026-07-02,20481788409,260400722,260400722,data/raw/country_code=vn/dataset=product_categories/shop_id=213989179/product_categories.csv,168,vn,product_categories,213989179,vn,20481788409.0,260400722.0,260400722.0
213989179,2026-07-02,29667613836,260400722,260400722,data/raw/country_code=vn/dataset=product_categories/shop_id=213989179/product_categories.csv,169,vn,product_categories,213989179,vn,29667613836.0,260400722.0,260400722.0
213989179,2026-07-02,26567609054,260400722,260400722,data/raw/country_code=vn/dataset=product_categories/shop_id=213989179/product_categories.csv,170,vn,product_categories,213989179,vn,26567609054.0,260400722.0,260400722.0
213989179,2026-07-02,28820117182,260400722,260400722,data/raw/country_code=vn/dataset=product_categories/shop_id=213989179/product_categories.csv,171,vn,product_categories,213989179,vn,28820117182.0,260400722.0,260400722.0
213989179,2026-07-02,5091831437,260400722,260400722,data/raw/country_code=vn/dataset=product_categories/shop_id=213989179/product_categories.csv,172,vn,product_categories,213989179,vn,5091831437.0,260400722.0,260400722.0
213989179,2026-07-02,17568700451,263055824,263055824,data/raw/country_code=vn/dataset=product_categories/shop_id=213989179/product_categories.csv,173,vn,product_categories,213989179,vn,17568700451.0,263055824.0,263055824.0
213989179,2026-07-02,23102743144,263055824,263055824,data/raw/country_code=vn/dataset=product_categories/shop_id=213989179/product_categories.csv,174,vn,product_categories,213989179,vn,23102743144.0,263055824.0,263055824.0
213989179,2026-07-02,15715828480,263055824,263055824,data/raw/country_code=vn/dataset=product_categories/shop_id=213989179/product_categories.csv,175,vn,product_categories,213989179,vn,15715828480.0,263055824.0,263055824.0
213989179,2026-07-02,21703213740,263055824,263055824,data/raw/country_code=vn/dataset=product_categories/shop_id=213989179/product_categories.csv,176,vn,product_categories,213989179,vn,21703213740.0,263055824.0,263055824.0
213989179,2026-07-02,18558695171,263055824,263055824,data/raw/country_code=vn/dataset=product_categories/shop_id=213989179/product_categories.csv,177,vn,product_categories,213989179,vn,18558695171.0,263055824.0,263055824.0
213989179,2026-07-02,21558655559,263055824,263055824,data/raw/country_code=vn/dataset=product_categories/shop_id=213989179/product_categories.csv,178,vn,product_categories,213989179,vn,21558655559.0,263055824.0,263055824.0
213989179,2026-07-02,28433505734,263055824,263055824,data/raw/country_code=vn/dataset=product_categories/shop_id=213989179/product_categories.csv,179,vn,product_categories,213989179,vn,28433505734.0,263055824.0,263055824.0
213989179,2026-07-02,24286389752,263055824,263055824,data/raw/country_code=vn/dataset=product_categories/shop_id=213989179/product_categories.csv,180,vn,product_categories,213989179,vn,24286389752.0,263055824.0,263055824.0
213989179,2026-07-02,26362225992,263055824,263055824,data/raw/country_code=vn/dataset=product_categories/shop_id=213989179/product_categories.csv,181,vn,product_categories,213989179,vn,26362225992.0,263055824.0,263055824.0
213989179,2026-07-02,24636392053,263055824,263055824,data/raw/country_code=vn/dataset=product_categories/shop_id=213989179/product_categories.csv,182,vn,product_categories,213989179,vn,24636392053.0,263055824.0,263055824.0
213989179,2026-07-02,21143770334,263055824,263055824,data/raw/country_code=vn/dataset=product_categories/shop_id=213989179/product_categories.csv,183,vn,product_categories,213989179,vn,21143770334.0,263055824.0,263055824.0
213989179,2026-07-02,17568698755,263055824,263055824,data/raw/country_code=vn/dataset=product_categories/shop_id=213989179/product_categories.csv,184,vn,product_categories,213989179,vn,17568698755.0,263055824.0,263055824.0
213989179,2026-07-02,28538456270,263055824,263055824,data/raw/country_code=vn/dataset=product_categories/shop_id=213989179/product_categories.csv,185,vn,product_categories,213989179,vn,28538456270.0,263055824.0,263055824.0
213989179,2026-07-02,29662232533,263055824,263055824,data/raw/country_code=vn/dataset=product_categories/shop_id=213989179/product_categories.csv,186,vn,product_categories,213989179,vn,29662232533.0,263055824.0,263055824.0
213989179,2026-07-02,3425405336,263055824,263055824,data/raw/country_code=vn/dataset=product_categories/shop_id=213989179/product_categories.csv,187,vn,product_categories,213989179,vn,3425405336.0,263055824.0,263055824.0
213989179,2026-07-02,4828889673,263055824,263055824,data/raw/country_code=vn/dataset=product_categories/shop_id=213989179/product_categories.csv,188,vn,product_categories,213989179,vn,4828889673.0,263055824.0,263055824.0
213989179,2026-07-02,5828892952,263055824,263055824,data/raw/country_code=vn/dataset=product_categories/shop_id=213989179/product_categories.csv,189,vn,product_categories,213989179,vn,5828892952.0,263055824.0,263055824.0
213989179,2026-07-02,23451401334,263055824,263055824,data/raw/country_code=vn/dataset=product_categories/shop_id=213989179/product_categories.csv,190,vn,product_categories,213989179,vn,23451401334.0,263055824.0,263055824.0
213989179,2026-07-03,5881924418,246750434,246750434,data/raw/country_code=vn/dataset=product_categories/shop_id=213989179/product_categories.csv,191,vn,product_categories,213989179,vn,5881924418.0,246750434.0,246750434.0
213989179,2026-07-03,20385889419,246750434,246750434,data/raw/country_code=vn/dataset=product_categories/shop_id=213989179/product_categories.csv,192,vn,product_categories,213989179,vn,20385889419.0,246750434.0,246750434.0
213989179,2026-07-03,4228429017,246750434,246750434,data/raw/country_code=vn/dataset=product_categories/shop_id=213989179/product_categories.csv,193,vn,product_categories,213989179,vn,4228429017.0,246750434.0,246750434.0
213989179,2026-07-03,5919525984,246750434,246750434,data/raw/country_code=vn/dataset=product_categories/shop_id=213989179/product_categories.csv,194,vn,product_categories,213989179,vn,5919525984.0,246750434.0,246750434.0
213989179,2026-07-03,27531706377,246750434,246750434,data/raw/country_code=vn/dataset=product_categories/shop_id=213989179/product_categories.csv,195,vn,product_categories,213989179,vn,27531706377.0,246750434.0,246750434.0
213989179,2026-07-03,20385889396,246750434,246750434,data/raw/country_code=vn/dataset=product_categories/shop_id=213989179/product_categories.csv,196,vn,product_categories,213989179,vn,20385889396.0,246750434.0,246750434.0
213989179,2026-07-03,20481788409,246750434,246750434,data/raw/country_code=vn/dataset=product_categories/shop_id=213989179/product_categories.csv,197,vn,product_categories,213989179,vn,20481788409.0,246750434.0,246750434.0
213989179,2026-07-03,29667613836,246750434,246750434,data/raw/country_code=vn/dataset=product_categories/shop_id=213989179/product_categories.csv,198,vn,product_categories,213989179,vn,29667613836.0,246750434.0,246750434.0
213989179,2026-07-03,26567609054,246750434,246750434,data/raw/country_code=vn/dataset=product_categories/shop_id=213989179/product_categories.csv,199,vn,product_categories,213989179,vn,26567609054.0,246750434.0,246750434.0
213989179,2026-07-03,28820117182,246750434,246750434,data/raw/country_code=vn/dataset=product_categories/shop_id=213989179/product_categories.csv,200,vn,product_categories,213989179,vn,28820117182.0,246750434.0,246750434.0
213989179,2026-07-03,5091831437,246750434,246750434,data/raw/country_code=vn/dataset=product_categories/shop_id=213989179/product_categories.csv,201,vn,product_categories,213989179,vn,5091831437.0,246750434.0,246750434.0
213989179,2026-07-03,22083886408,246750581,246750581,data/raw/country_code=vn/dataset=product_categories/shop_id=213989179/product_categories.csv,202,vn,product_categories,213989179,vn,22083886408.0,246750581.0,246750581.0
213989179,2026-07-03,22426402261,246750581,246750581,data/raw/country_code=vn/dataset=product_categories/shop_id=213989179/product_categories.csv,203,vn,product_categories,213989179,vn,22426402261.0,246750581.0,246750581.0
213989179,2026-07-03,23341998012,246750581,246750581,data/raw/country_code=vn/dataset=product_categories/shop_id=213989179/product_categories.csv,204,vn,product_categories,213989179,vn,23341998012.0,246750581.0,246750581.0
213989179,2026-07-03,42021518143,246750581,246750581,data/raw/country_code=vn/dataset=product_categories/shop_id=213989179/product_categories.csv,205,vn,product_categories,213989179,vn,42021518143.0,246750581.0,246750581.0
213989179,2026-07-03,6219529787,246750581,246750581,data/raw/country_code=vn/dataset=product_categories/shop_id=213989179/product_categories.csv,206,vn,product_categories,213989179,vn,6219529787.0,246750581.0,246750581.0
213989179,2026-07-03,7613998544,246750581,246750581,data/raw/country_code=vn/dataset=product_categories/shop_id=213989179/product_categories.csv,207,vn,product_categories,213989179,vn,7613998544.0,246750581.0,246750581.0
213989179,2026-07-03,22288243381,246750581,246750581,data/raw/country_code=vn/dataset=product_categories/shop_id=213989179/product_categories.csv,208,vn,product_categories,213989179,vn,22288243381.0,246750581.0,246750581.0
213989179,2026-07-03,24203390363,246750581,246750581,data/raw/country_code=vn/dataset=product_categories/shop_id=213989179/product_categories.csv,209,vn,product_categories,213989179,vn,24203390363.0,246750581.0,246750581.0
213989179,2026-07-03,22458407247,246750581,246750581,data/raw/country_code=vn/dataset=product_categories/shop_id=213989179/product_categories.csv,210,vn,product_categories,213989179,vn,22458407247.0,246750581.0,246750581.0
213989179,2026-07-03,43400175401,246750581,246750581,data/raw/country_code=vn/dataset=product_categories/shop_id=213989179/product_categories.csv,211,vn,product_categories,213989179,vn,43400175401.0,246750581.0,246750581.0
213989179,2026-07-03,21206943492,246750581,246750581,data/raw/country_code=vn/dataset=product_categories/shop_id=213989179/product_categories.csv,212,vn,product_categories,213989179,vn,21206943492.0,246750581.0,246750581.0
213989179,2026-07-03,7019537060,246750581,246750581,data/raw/country_code=vn/dataset=product_categories/shop_id=213989179/product_categories.csv,213,vn,product_categories,213989179,vn,7019537060.0,246750581.0,246750581.0
213989179,2026-07-03,28638387207,246750581,246750581,data/raw/country_code=vn/dataset=product_categories/shop_id=213989179/product_categories.csv,214,vn,product_categories,213989179,vn,28638387207.0,246750581.0,246750581.0
213989179,2026-07-03,19079649512,246750581,246750581,data/raw/country_code=vn/dataset=product_categories/shop_id=213989179/product_categories.csv,215,vn,product_categories,213989179,vn,19079649512.0,246750581.0,246750581.0
213989179,2026-07-03,19695891839,246750581,246750581,data/raw/country_code=vn/dataset=product_categories/shop_id=213989179/product_categories.csv,216,vn,product_categories,213989179,vn,19695891839.0,246750581.0,246750581.0
213989179,2026-07-03,19079606615,246750581,246750581,data/raw/country_code=vn/dataset=product_categories/shop_id=213989179/product_categories.csv,217,vn,product_categories,213989179,vn,19079606615.0,246750581.0,246750581.0
213989179,2026-07-03,24553391588,246750581,246750581,data/raw/country_code=vn/dataset=product_categories/shop_id=213989179/product_categories.csv,218,vn,product_categories,213989179,vn,24553391588.0,246750581.0,246750581.0
213989179,2026-07-03,17894583120,246750581,246750581,data/raw/country_code=vn/dataset=product_categories/shop_id=213989179/product_categories.csv,219,vn,product_categories,213989179,vn,17894583120.0,246750581.0,246750581.0
213989179,2026-07-03,42401826840,246750581,246750581,data/raw/country_code=vn/dataset=product_categories/shop_id=213989179/product_categories.csv,220,vn,product_categories,213989179,vn,42401826840.0,246750581.0,246750581.0
213989179,2026-07-03,7059426608,253250963,253250963,data/raw/country_code=vn/dataset=product_categories/shop_id=213989179/product_categories.csv,221,vn,product_categories,213989179,vn,7059426608.0,253250963.0,253250963.0
213989179,2026-07-03,28753604189,253250963,253250963,data/raw/country_code=vn/dataset=product_categories/shop_id=213989179/product_categories.csv,222,vn,product_categories,213989179,vn,28753604189.0,253250963.0,253250963.0
213989179,2026-07-03,27402928597,253250963,253250963,data/raw/country_code=vn/dataset=product_categories/shop_id=213989179/product_categories.csv,223,vn,product_categories,213989179,vn,27402928597.0,253250963.0,253250963.0
213989179,2026-07-03,6225308367,253250963,253250963,data/raw/country_code=vn/dataset=product_categories/shop_id=213989179/product_categories.csv,224,vn,product_categories,213989179,vn,6225308367.0,253250963.0,253250963.0
213989179,2026-07-03,43001613157,253250963,253250963,data/raw/country_code=vn/dataset=product_categories/shop_id=213989179/product_categories.csv,225,vn,product_categories,213989179,vn,43001613157.0,253250963.0,253250963.0
213989179,2026-07-03,13195531450,253250963,253250963,data/raw/country_code=vn/dataset=product_categories/shop_id=213989179/product_categories.csv,226,vn,product_categories,213989179,vn,13195531450.0,253250963.0,253250963.0
213989179,2026-07-03,14068398201,253250963,253250963,data/raw/country_code=vn/dataset=product_categories/shop_id=213989179/product_categories.csv,227,vn,product_categories,213989179,vn,14068398201.0,253250963.0,253250963.0
213989179,2026-07-03,52960468270,253250963,253250963,data/raw/country_code=vn/dataset=product_categories/shop_id=213989179/product_categories.csv,228,vn,product_categories,213989179,vn,52960468270.0,253250963.0,253250963.0
213989179,2026-07-03,19188662330,253250963,253250963,data/raw/country_code=vn/dataset=product_categories/shop_id=213989179/product_categories.csv,229,vn,product_categories,213989179,vn,19188662330.0,253250963.0,253250963.0
213989179,2026-07-03,48257280275,253250963,253250963,data/raw/country_code=vn/dataset=product_categories/shop_id=213989179/product_categories.csv,230,vn,product_categories,213989179,vn,48257280275.0,253250963.0,253250963.0
213989179,2026-07-03,29802924380,253250963,253250963,data/raw/country_code=vn/dataset=product_categories/shop_id=213989179/product_categories.csv,231,vn,product_categories,213989179,vn,29802924380.0,253250963.0,253250963.0
213989179,2026-07-03,40751619456,253250963,253250963,data/raw/country_code=vn/dataset=product_categories/shop_id=213989179/product_categories.csv,232,vn,product_categories,213989179,vn,40751619456.0,253250963.0,253250963.0
213989179,2026-07-03,49607284576,253250963,253250963,data/raw/country_code=vn/dataset=product_categories/shop_id=213989179/product_categories.csv,233,vn,product_categories,213989179,vn,49607284576.0,253250963.0,253250963.0
213989179,2026-07-03,29156682046,254854485,254854485,data/raw/country_code=vn/dataset=product_categories/shop_id=213989179/product_categories.csv,234,vn,product_categories,213989179,vn,29156682046.0,254854485.0,254854485.0
213989179,2026-07-03,54611253723,254854485,254854485,data/raw/country_code=vn/dataset=product_categories/shop_id=213989179/product_categories.csv,235,vn,product_categories,213989179,vn,54611253723.0,254854485.0,254854485.0
213989179,2026-07-03,22288243381,254854485,254854485,data/raw/country_code=vn/dataset=product_categories/shop_id=213989179/product_categories.csv,236,vn,product_categories,213989179,vn,22288243381.0,254854485.0,254854485.0
213989179,2026-07-03,49212426528,254854485,254854485,data/raw/country_code=vn/dataset=product_categories/shop_id=213989179/product_categories.csv,237,vn,product_categories,213989179,vn,49212426528.0,254854485.0,254854485.0
213989179,2026-07-03,42431344632,254854485,254854485,data/raw/country_code=vn/dataset=product_categories/shop_id=213989179/product_categories.csv,238,vn,product_categories,213989179,vn,42431344632.0,254854485.0,254854485.0
213989179,2026-07-03,44101565136,254854485,254854485,data/raw/country_code=vn/dataset=product_categories/shop_id=213989179/product_categories.csv,239,vn,product_categories,213989179,vn,44101565136.0,254854485.0,254854485.0
213989179,2026-07-03,49461278439,254854485,254854485,data/raw/country_code=vn/dataset=product_categories/shop_id=213989179/product_categories.csv,240,vn,product_categories,213989179,vn,49461278439.0,254854485.0,254854485.0
213989179,2026-07-03,7019537060,254854485,254854485,data/raw/country_code=vn/dataset=product_categories/shop_id=213989179/product_categories.csv,241,vn,product_categories,213989179,vn,7019537060.0,254854485.0,254854485.0
213989179,2026-07-03,56761249618,254854485,254854485,data/raw/country_code=vn/dataset=product_categories/shop_id=213989179/product_categories.csv,242,vn,product_categories,213989179,vn,56761249618.0,254854485.0,254854485.0
213989179,2026-07-03,24783598421,254854485,254854485,data/raw/country_code=vn/dataset=product_categories/shop_id=213989179/product_categories.csv,243,vn,product_categories,213989179,vn,24783598421.0,254854485.0,254854485.0
213989179,2026-07-03,47461281311,254854485,254854485,data/raw/country_code=vn/dataset=product_categories/shop_id=213989179/product_categories.csv,244,vn,product_categories,213989179,vn,47461281311.0,254854485.0,254854485.0
213989179,2026-07-03,56712406423,254854485,254854485,data/raw/country_code=vn/dataset=product_categories/shop_id=213989179/product_categories.csv,245,vn,product_categories,213989179,vn,56712406423.0,254854485.0,254854485.0
213989179,2026-07-03,42021518143,259149849,259149849,data/raw/country_code=vn/dataset=product_categories/shop_id=213989179/product_categories.csv,246,vn,product_categories,213989179,vn,42021518143.0,259149849.0,259149849.0
213989179,2026-07-03,43400175401,259149849,259149849,data/raw/country_code=vn/dataset=product_categories/shop_id=213989179/product_categories.csv,247,vn,product_categories,213989179,vn,43400175401.0,259149849.0,259149849.0
213989179,2026-07-03,28638387207,259149849,259149849,data/raw/country_code=vn/dataset=product_categories/shop_id=213989179/product_categories.csv,248,vn,product_categories,213989179,vn,28638387207.0,259149849.0,259149849.0
213989179,2026-07-03,52900782117,259149849,259149849,data/raw/country_code=vn/dataset=product_categories/shop_id=213989179/product_categories.csv,249,vn,product_categories,213989179,vn,52900782117.0,259149849.0,259149849.0
213989179,2026-07-03,42401826840,259149849,259149849,data/raw/country_code=vn/dataset=product_categories/shop_id=213989179/product_categories.csv,250,vn,product_categories,213989179,vn,42401826840.0,259149849.0,259149849.0
213989179,2026-07-03,42021518143,259211391,259211391,data/raw/country_code=vn/dataset=product_categories/shop_id=213989179/product_categories.csv,251,vn,product_categories,213989179,vn,42021518143.0,259211391.0,259211391.0
213989179,2026-07-03,43415619753,259211391,259211391,data/raw/country_code=vn/dataset=product_categories/shop_id=213989179/product_categories.csv,252,vn,product_categories,213989179,vn,43415619753.0,259211391.0,259211391.0
213989179,2026-07-03,52960468270,259211391,259211391,data/raw/country_code=vn/dataset=product_categories/shop_id=213989179/product_categories.csv,253,vn,product_categories,213989179,vn,52960468270.0,259211391.0,259211391.0
213989179,2026-07-03,43400175401,259211391,259211391,data/raw/country_code=vn/dataset=product_categories/shop_id=213989179/product_categories.csv,254,vn,product_categories,213989179,vn,43400175401.0,259211391.0,259211391.0
213989179,2026-07-03,28638387207,259211391,259211391,data/raw/country_code=vn/dataset=product_categories/shop_id=213989179/product_categories.csv,255,vn,product_categories,213989179,vn,28638387207.0,259211391.0,259211391.0
213989179,2026-07-03,19079606615,259211391,259211391,data/raw/country_code=vn/dataset=product_categories/shop_id=213989179/product_categories.csv,256,vn,product_categories,213989179,vn,19079606615.0,259211391.0,259211391.0
213989179,2026-07-03,40751619456,259211391,259211391,data/raw/country_code=vn/dataset=product_categories/shop_id=213989179/product_categories.csv,257,vn,product_categories,213989179,vn,40751619456.0,259211391.0,259211391.0
213989179,2026-07-03,52900782117,259211391,259211391,data/raw/country_code=vn/dataset=product_categories/shop_id=213989179/product_categories.csv,258,vn,product_categories,213989179,vn,52900782117.0,259211391.0,259211391.0
213989179,2026-07-03,46208275058,259211391,259211391,data/raw/country_code=vn/dataset=product_categories/shop_id=213989179/product_categories.csv,259,vn,product_categories,213989179,vn,46208275058.0,259211391.0,259211391.0
213989179,2026-07-03,20385889419,260400722,260400722,data/raw/country_code=vn/dataset=product_categories/shop_id=213989179/product_categories.csv,260,vn,product_categories,213989179,vn,20385889419.0,260400722.0,260400722.0
213989179,2026-07-03,27531706377,260400722,260400722,data/raw/country_code=vn/dataset=product_categories/shop_id=213989179/product_categories.csv,261,vn,product_categories,213989179,vn,27531706377.0,260400722.0,260400722.0
213989179,2026-07-03,20385889396,260400722,260400722,data/raw/country_code=vn/dataset=product_categories/shop_id=213989179/product_categories.csv,262,vn,product_categories,213989179,vn,20385889396.0,260400722.0,260400722.0
213989179,2026-07-03,20481788409,260400722,260400722,data/raw/country_code=vn/dataset=product_categories/shop_id=213989179/product_categories.csv,263,vn,product_categories,213989179,vn,20481788409.0,260400722.0,260400722.0
213989179,2026-07-03,29667613836,260400722,260400722,data/raw/country_code=vn/dataset=product_categories/shop_id=213989179/product_categories.csv,264,vn,product_categories,213989179,vn,29667613836.0,260400722.0,260400722.0
213989179,2026-07-03,26567609054,260400722,260400722,data/raw/country_code=vn/dataset=product_categories/shop_id=213989179/product_categories.csv,265,vn,product_categories,213989179,vn,26567609054.0,260400722.0,260400722.0
213989179,2026-07-03,28820117182,260400722,260400722,data/raw/country_code=vn/dataset=product_categories/shop_id=213989179/product_categories.csv,266,vn,product_categories,213989179,vn,28820117182.0,260400722.0,260400722.0
213989179,2026-07-03,5091831437,260400722,260400722,data/raw/country_code=vn/dataset=product_categories/shop_id=213989179/product_categories.csv,267,vn,product_categories,213989179,vn,5091831437.0,260400722.0,260400722.0
213989179,2026-07-03,17568700451,263055824,263055824,data/raw/country_code=vn/dataset=product_categories/shop_id=213989179/product_categories.csv,268,vn,product_categories,213989179,vn,17568700451.0,263055824.0,263055824.0
213989179,2026-07-03,23102743144,263055824,263055824,data/raw/country_code=vn/dataset=product_categories/shop_id=213989179/product_categories.csv,269,vn,product_categories,213989179,vn,23102743144.0,263055824.0,263055824.0
213989179,2026-07-03,15715828480,263055824,263055824,data/raw/country_code=vn/dataset=product_categories/shop_id=213989179/product_categories.csv,270,vn,product_categories,213989179,vn,15715828480.0,263055824.0,263055824.0
213989179,2026-07-03,21703213740,263055824,263055824,data/raw/country_code=vn/dataset=product_categories/shop_id=213989179/product_categories.csv,271,vn,product_categories,213989179,vn,21703213740.0,263055824.0,263055824.0
213989179,2026-07-03,24286389752,263055824,263055824,data/raw/country_code=vn/dataset=product_categories/shop_id=213989179/product_categories.csv,272,vn,product_categories,213989179,vn,24286389752.0,263055824.0,263055824.0
213989179,2026-07-03,28433505734,263055824,263055824,data/raw/country_code=vn/dataset=product_categories/shop_id=213989179/product_categories.csv,273,vn,product_categories,213989179,vn,28433505734.0,263055824.0,263055824.0
213989179,2026-07-03,18558695171,263055824,263055824,data/raw/country_code=vn/dataset=product_categories/shop_id=213989179/product_categories.csv,274,vn,product_categories,213989179,vn,18558695171.0,263055824.0,263055824.0
213989179,2026-07-03,21558655559,263055824,263055824,data/raw/country_code=vn/dataset=product_categories/shop_id=213989179/product_categories.csv,275,vn,product_categories,213989179,vn,21558655559.0,263055824.0,263055824.0
213989179,2026-07-03,24636392053,263055824,263055824,data/raw/country_code=vn/dataset=product_categories/shop_id=213989179/product_categories.csv,276,vn,product_categories,213989179,vn,24636392053.0,263055824.0,263055824.0
213989179,2026-07-03,21143770334,263055824,263055824,data/raw/country_code=vn/dataset=product_categories/shop_id=213989179/product_categories.csv,277,vn,product_categories,213989179,vn,21143770334.0,263055824.0,263055824.0
213989179,2026-07-03,26362225992,263055824,263055824,data/raw/country_code=vn/dataset=product_categories/shop_id=213989179/product_categories.csv,278,vn,product_categories,213989179,vn,26362225992.0,263055824.0,263055824.0
213989179,2026-07-03,28538456270,263055824,263055824,data/raw/country_code=vn/dataset=product_categories/shop_id=213989179/product_categories.csv,279,vn,product_categories,213989179,vn,28538456270.0,263055824.0,263055824.0
213989179,2026-07-03,3425405336,263055824,263055824,data/raw/country_code=vn/dataset=product_categories/shop_id=213989179/product_categories.csv,280,vn,product_categories,213989179,vn,3425405336.0,263055824.0,263055824.0
213989179,2026-07-03,29662232533,263055824,263055824,data/raw/country_code=vn/dataset=product_categories/shop_id=213989179/product_categories.csv,281,vn,product_categories,213989179,vn,29662232533.0,263055824.0,263055824.0
213989179,2026-07-03,4828889673,263055824,263055824,data/raw/country_code=vn/dataset=product_categories/shop_id=213989179/product_categories.csv,282,vn,product_categories,213989179,vn,4828889673.0,263055824.0,263055824.0
213989179,2026-07-03,17568698755,263055824,263055824,data/raw/country_code=vn/dataset=product_categories/shop_id=213989179/product_categories.csv,283,vn,product_categories,213989179,vn,17568698755.0,263055824.0,263055824.0
213989179,2026-07-03,23451401334,263055824,263055824,data/raw/country_code=vn/dataset=product_categories/shop_id=213989179/product_categories.csv,284,vn,product_categories,213989179,vn,23451401334.0,263055824.0,263055824.0
213989179,2026-07-03,5828892952,263055824,263055824,data/raw/country_code=vn/dataset=product_categories/shop_id=213989179/product_categories.csv,285,vn,product_categories,213989179,vn,5828892952.0,263055824.0,263055824.0
289646907,2026-07-01,22227670295,101119957,101119957,data/raw/country_code=vn/dataset=product_categories/shop_id=289646907/product_categories.csv,2,vn,product_categories,289646907,vn,22227670295.0,101119957.0,101119957.0
289646907,2026-07-01,23727675986,101119957,101119957,data/raw/country_code=vn/dataset=product_categories/shop_id=289646907/product_categories.csv,3,vn,product_categories,289646907,vn,23727675986.0,101119957.0,101119957.0
289646907,2026-07-01,23727659874,146098874,146098874,data/raw/country_code=vn/dataset=product_categories/shop_id=289646907/product_categories.csv,4,vn,product_categories,289646907,vn,23727659874.0,146098874.0,146098874.0
289646907,2026-07-01,22327674524,146098874,146098874,data/raw/country_code=vn/dataset=product_categories/shop_id=289646907/product_categories.csv,5,vn,product_categories,289646907,vn,22327674524.0,146098874.0,146098874.0
289646907,2026-07-01,56257443079,146098874,146098874,data/raw/country_code=vn/dataset=product_categories/shop_id=289646907/product_categories.csv,6,vn,product_categories,289646907,vn,56257443079.0,146098874.0,146098874.0
289646907,2026-07-01,41829383225,146098874,146098874,data/raw/country_code=vn/dataset=product_categories/shop_id=289646907/product_categories.csv,7,vn,product_categories,289646907,vn,41829383225.0,146098874.0,146098874.0
289646907,2026-07-01,51907456940,146098874,146098874,data/raw/country_code=vn/dataset=product_categories/shop_id=289646907/product_categories.csv,8,vn,product_categories,289646907,vn,51907456940.0,146098874.0,146098874.0
289646907,2026-07-01,25078119874,146098884,146098884,data/raw/country_code=vn/dataset=product_categories/shop_id=289646907/product_categories.csv,9,vn,product_categories,289646907,vn,25078119874.0,146098884.0,146098884.0
289646907,2026-07-01,25728109731,146098884,146098884,data/raw/country_code=vn/dataset=product_categories/shop_id=289646907/product_categories.csv,10,vn,product_categories,289646907,vn,25728109731.0,146098884.0,146098884.0
289646907,2026-07-01,26900493910,146098884,146098884,data/raw/country_code=vn/dataset=product_categories/shop_id=289646907/product_categories.csv,11,vn,product_categories,289646907,vn,26900493910.0,146098884.0,146098884.0
289646907,2026-07-01,23565208439,146098884,146098884,data/raw/country_code=vn/dataset=product_categories/shop_id=289646907/product_categories.csv,12,vn,product_categories,289646907,vn,23565208439.0,146098884.0,146098884.0
289646907,2026-07-01,28353888202,146098884,146098884,data/raw/country_code=vn/dataset=product_categories/shop_id=289646907/product_categories.csv,13,vn,product_categories,289646907,vn,28353888202.0,146098884.0,146098884.0
289646907,2026-07-01,24828115965,146098884,146098884,data/raw/country_code=vn/dataset=product_categories/shop_id=289646907/product_categories.csv,14,vn,product_categories,289646907,vn,24828115965.0,146098884.0,146098884.0
289646907,2026-07-01,56152579418,146098884,146098884,data/raw/country_code=vn/dataset=product_categories/shop_id=289646907/product_categories.csv,15,vn,product_categories,289646907,vn,56152579418.0,146098884.0,146098884.0
289646907,2026-07-01,44024261701,146098884,146098884,data/raw/country_code=vn/dataset=product_categories/shop_id=289646907/product_categories.csv,16,vn,product_categories,289646907,vn,44024261701.0,146098884.0,146098884.0
289646907,2026-07-01,44112379715,149179941,149179941,data/raw/country_code=vn/dataset=product_categories/shop_id=289646907/product_categories.csv,17,vn,product_categories,289646907,vn,44112379715.0,149179941.0,149179941.0
289646907,2026-07-01,41712379566,149179941,149179941,data/raw/country_code=vn/dataset=product_categories/shop_id=289646907/product_categories.csv,18,vn,product_categories,289646907,vn,41712379566.0,149179941.0,149179941.0
289646907,2026-07-01,26489730581,149179941,149179941,data/raw/country_code=vn/dataset=product_categories/shop_id=289646907/product_categories.csv,19,vn,product_categories,289646907,vn,26489730581.0,149179941.0,149179941.0
289646907,2026-07-01,26233488173,245342872,245342872,data/raw/country_code=vn/dataset=product_categories/shop_id=289646907/product_categories.csv,20,vn,product_categories,289646907,vn,26233488173.0,245342872.0,245342872.0
289646907,2026-07-01,25828640224,245555702,245555702,data/raw/country_code=vn/dataset=product_categories/shop_id=289646907/product_categories.csv,21,vn,product_categories,289646907,vn,25828640224.0,245555702.0,245555702.0
289646907,2026-07-01,19474514882,245555702,245555702,data/raw/country_code=vn/dataset=product_categories/shop_id=289646907/product_categories.csv,22,vn,product_categories,289646907,vn,19474514882.0,245555702.0,245555702.0
289646907,2026-07-01,26361847161,245555702,245555702,data/raw/country_code=vn/dataset=product_categories/shop_id=289646907/product_categories.csv,23,vn,product_categories,289646907,vn,26361847161.0,245555702.0,245555702.0
289646907,2026-07-01,25027863990,245555702,245555702,data/raw/country_code=vn/dataset=product_categories/shop_id=289646907/product_categories.csv,24,vn,product_categories,289646907,vn,25027863990.0,245555702.0,245555702.0
289646907,2026-07-01,25728109731,245555702,245555702,data/raw/country_code=vn/dataset=product_categories/shop_id=289646907/product_categories.csv,25,vn,product_categories,289646907,vn,25728109731.0,245555702.0,245555702.0
289646907,2026-07-01,22227670295,245555702,245555702,data/raw/country_code=vn/dataset=product_categories/shop_id=289646907/product_categories.csv,26,vn,product_categories,289646907,vn,22227670295.0,245555702.0,245555702.0
289646907,2026-07-01,23459135184,245555702,245555702,data/raw/country_code=vn/dataset=product_categories/shop_id=289646907/product_categories.csv,27,vn,product_categories,289646907,vn,23459135184.0,245555702.0,245555702.0
289646907,2026-07-01,23727675986,245555702,245555702,data/raw/country_code=vn/dataset=product_categories/shop_id=289646907/product_categories.csv,28,vn,product_categories,289646907,vn,23727675986.0,245555702.0,245555702.0
289646907,2026-07-01,23027666001,245555702,245555702,data/raw/country_code=vn/dataset=product_categories/shop_id=289646907/product_categories.csv,29,vn,product_categories,289646907,vn,23027666001.0,245555702.0,245555702.0
289646907,2026-07-01,28353888202,245555702,245555702,data/raw/country_code=vn/dataset=product_categories/shop_id=289646907/product_categories.csv,30,vn,product_categories,289646907,vn,28353888202.0,245555702.0,245555702.0
289646907,2026-07-01,25228640065,245555702,245555702,data/raw/country_code=vn/dataset=product_categories/shop_id=289646907/product_categories.csv,31,vn,product_categories,289646907,vn,25228640065.0,245555702.0,245555702.0
289646907,2026-07-01,26052011768,245555702,245555702,data/raw/country_code=vn/dataset=product_categories/shop_id=289646907/product_categories.csv,32,vn,product_categories,289646907,vn,26052011768.0,245555702.0,245555702.0
289646907,2026-07-01,26408223367,245555702,245555702,data/raw/country_code=vn/dataset=product_categories/shop_id=289646907/product_categories.csv,33,vn,product_categories,289646907,vn,26408223367.0,245555702.0,245555702.0
289646907,2026-07-01,25784920058,245555702,245555702,data/raw/country_code=vn/dataset=product_categories/shop_id=289646907/product_categories.csv,34,vn,product_categories,289646907,vn,25784920058.0,245555702.0,245555702.0
289646907,2026-07-01,26912249516,245555702,245555702,data/raw/country_code=vn/dataset=product_categories/shop_id=289646907/product_categories.csv,35,vn,product_categories,289646907,vn,26912249516.0,245555702.0,245555702.0
289646907,2026-07-01,25586402460,245555702,245555702,data/raw/country_code=vn/dataset=product_categories/shop_id=289646907/product_categories.csv,36,vn,product_categories,289646907,vn,25586402460.0,245555702.0,245555702.0
289646907,2026-07-01,26361847161,254246036,254246036,data/raw/country_code=vn/dataset=product_categories/shop_id=289646907/product_categories.csv,37,vn,product_categories,289646907,vn,26361847161.0,254246036.0,254246036.0
289646907,2026-07-01,24391148394,254246036,254246036,data/raw/country_code=vn/dataset=product_categories/shop_id=289646907/product_categories.csv,38,vn,product_categories,289646907,vn,24391148394.0,254246036.0,254246036.0
289646907,2026-07-01,41853192625,254246036,254246036,data/raw/country_code=vn/dataset=product_categories/shop_id=289646907/product_categories.csv,39,vn,product_categories,289646907,vn,41853192625.0,254246036.0,254246036.0
289646907,2026-07-01,26233488173,254246036,254246036,data/raw/country_code=vn/dataset=product_categories/shop_id=289646907/product_categories.csv,40,vn,product_categories,289646907,vn,26233488173.0,254246036.0,254246036.0
289646907,2026-07-01,47704391486,254246036,254246036,data/raw/country_code=vn/dataset=product_categories/shop_id=289646907/product_categories.csv,41,vn,product_categories,289646907,vn,47704391486.0,254246036.0,254246036.0
289646907,2026-07-01,26912249516,254246036,254246036,data/raw/country_code=vn/dataset=product_categories/shop_id=289646907/product_categories.csv,42,vn,product_categories,289646907,vn,26912249516.0,254246036.0,254246036.0
289646907,2026-07-01,25586402460,254246036,254246036,data/raw/country_code=vn/dataset=product_categories/shop_id=289646907/product_categories.csv,43,vn,product_categories,289646907,vn,25586402460.0,254246036.0,254246036.0
289646907,2026-07-01,44112379715,260400193,260400193,data/raw/country_code=vn/dataset=product_categories/shop_id=289646907/product_categories.csv,44,vn,product_categories,289646907,vn,44112379715.0,260400193.0,260400193.0
289646907,2026-07-01,41712379566,260400193,260400193,data/raw/country_code=vn/dataset=product_categories/shop_id=289646907/product_categories.csv,45,vn,product_categories,289646907,vn,41712379566.0,260400193.0,260400193.0
289646907,2026-07-01,26489730581,260400193,260400193,data/raw/country_code=vn/dataset=product_categories/shop_id=289646907/product_categories.csv,46,vn,product_categories,289646907,vn,26489730581.0,260400193.0,260400193.0
289646907,2026-07-01,41824111415,262847150,262847150,data/raw/country_code=vn/dataset=product_categories/shop_id=289646907/product_categories.csv,47,vn,product_categories,289646907,vn,41824111415.0,262847150.0,262847150.0
289646907,2026-07-01,29492921661,262847150,262847150,data/raw/country_code=vn/dataset=product_categories/shop_id=289646907/product_categories.csv,48,vn,product_categories,289646907,vn,29492921661.0,262847150.0,262847150.0
289646907,2026-07-01,44112379715,271251775,271251775,data/raw/country_code=vn/dataset=product_categories/shop_id=289646907/product_categories.csv,49,vn,product_categories,289646907,vn,44112379715.0,271251775.0,271251775.0
289646907,2026-07-01,25728109731,271251775,271251775,data/raw/country_code=vn/dataset=product_categories/shop_id=289646907/product_categories.csv,50,vn,product_categories,289646907,vn,25728109731.0,271251775.0,271251775.0
289646907,2026-07-01,23459135184,271251775,271251775,data/raw/country_code=vn/dataset=product_categories/shop_id=289646907/product_categories.csv,51,vn,product_categories,289646907,vn,23459135184.0,271251775.0,271251775.0
289646907,2026-07-01,26900493910,271251775,271251775,data/raw/country_code=vn/dataset=product_categories/shop_id=289646907/product_categories.csv,52,vn,product_categories,289646907,vn,26900493910.0,271251775.0,271251775.0
289646907,2026-07-01,26052011768,271251775,271251775,data/raw/country_code=vn/dataset=product_categories/shop_id=289646907/product_categories.csv,53,vn,product_categories,289646907,vn,26052011768.0,271251775.0,271251775.0
289646907,2026-07-01,24027869690,271251775,271251775,data/raw/country_code=vn/dataset=product_categories/shop_id=289646907/product_categories.csv,54,vn,product_categories,289646907,vn,24027869690.0,271251775.0,271251775.0
289646907,2026-07-01,41712379566,271251775,271251775,data/raw/country_code=vn/dataset=product_categories/shop_id=289646907/product_categories.csv,55,vn,product_categories,289646907,vn,41712379566.0,271251775.0,271251775.0
289646907,2026-07-01,25178062720,271251775,271251775,data/raw/country_code=vn/dataset=product_categories/shop_id=289646907/product_categories.csv,56,vn,product_categories,289646907,vn,25178062720.0,271251775.0,271251775.0
289646907,2026-07-01,26489730581,271251775,271251775,data/raw/country_code=vn/dataset=product_categories/shop_id=289646907/product_categories.csv,57,vn,product_categories,289646907,vn,26489730581.0,271251775.0,271251775.0
289646907,2026-07-01,53457449519,271251775,271251775,data/raw/country_code=vn/dataset=product_categories/shop_id=289646907/product_categories.csv,58,vn,product_categories,289646907,vn,53457449519.0,271251775.0,271251775.0
289646907,2026-07-01,44024261701,271251775,271251775,data/raw/country_code=vn/dataset=product_categories/shop_id=289646907/product_categories.csv,59,vn,product_categories,289646907,vn,44024261701.0,271251775.0,271251775.0
289646907,2026-07-01,26331556808,37709521,37709521,data/raw/country_code=vn/dataset=product_categories/shop_id=289646907/product_categories.csv,60,vn,product_categories,289646907,vn,26331556808.0,37709521.0,37709521.0
289646907,2026-07-01,25578062299,37709533,37709533,data/raw/country_code=vn/dataset=product_categories/shop_id=289646907/product_categories.csv,61,vn,product_categories,289646907,vn,25578062299.0,37709533.0,37709533.0
289646907,2026-07-01,28952745890,37709533,37709533,data/raw/country_code=vn/dataset=product_categories/shop_id=289646907/product_categories.csv,62,vn,product_categories,289646907,vn,28952745890.0,37709533.0,37709533.0
289646907,2026-07-01,23459135184,37709533,37709533,data/raw/country_code=vn/dataset=product_categories/shop_id=289646907/product_categories.csv,63,vn,product_categories,289646907,vn,23459135184.0,37709533.0,37709533.0
289646907,2026-07-01,26052011768,37709533,37709533,data/raw/country_code=vn/dataset=product_categories/shop_id=289646907/product_categories.csv,64,vn,product_categories,289646907,vn,26052011768.0,37709533.0,37709533.0
289646907,2026-07-01,24027869690,37709533,37709533,data/raw/country_code=vn/dataset=product_categories/shop_id=289646907/product_categories.csv,65,vn,product_categories,289646907,vn,24027869690.0,37709533.0,37709533.0
289646907,2026-07-01,45357467779,37709533,37709533,data/raw/country_code=vn/dataset=product_categories/shop_id=289646907/product_categories.csv,66,vn,product_categories,289646907,vn,45357467779.0,37709533.0,37709533.0
289646907,2026-07-01,25178062720,37709533,37709533,data/raw/country_code=vn/dataset=product_categories/shop_id=289646907/product_categories.csv,67,vn,product_categories,289646907,vn,25178062720.0,37709533.0,37709533.0
289646907,2026-07-01,26408223367,37709533,37709533,data/raw/country_code=vn/dataset=product_categories/shop_id=289646907/product_categories.csv,68,vn,product_categories,289646907,vn,26408223367.0,37709533.0,37709533.0
289646907,2026-07-01,41670882461,37709533,37709533,data/raw/country_code=vn/dataset=product_categories/shop_id=289646907/product_categories.csv,69,vn,product_categories,289646907,vn,41670882461.0,37709533.0,37709533.0
289646907,2026-07-01,19474514882,37709566,37709566,data/raw/country_code=vn/dataset=product_categories/shop_id=289646907/product_categories.csv,70,vn,product_categories,289646907,vn,19474514882.0,37709566.0,37709566.0
289646907,2026-07-01,23027666001,37709566,37709566,data/raw/country_code=vn/dataset=product_categories/shop_id=289646907/product_categories.csv,71,vn,product_categories,289646907,vn,23027666001.0,37709566.0,37709566.0
289646907,2026-07-01,22327681194,37709566,37709566,data/raw/country_code=vn/dataset=product_categories/shop_id=289646907/product_categories.csv,72,vn,product_categories,289646907,vn,22327681194.0,37709566.0,37709566.0
289646907,2026-07-02,22227670295,101119957,101119957,data/raw/country_code=vn/dataset=product_categories/shop_id=289646907/product_categories.csv,73,vn,product_categories,289646907,vn,22227670295.0,101119957.0,101119957.0
289646907,2026-07-02,23727675986,101119957,101119957,data/raw/country_code=vn/dataset=product_categories/shop_id=289646907/product_categories.csv,74,vn,product_categories,289646907,vn,23727675986.0,101119957.0,101119957.0
289646907,2026-07-02,23727659874,146098874,146098874,data/raw/country_code=vn/dataset=product_categories/shop_id=289646907/product_categories.csv,75,vn,product_categories,289646907,vn,23727659874.0,146098874.0,146098874.0
289646907,2026-07-02,22327674524,146098874,146098874,data/raw/country_code=vn/dataset=product_categories/shop_id=289646907/product_categories.csv,76,vn,product_categories,289646907,vn,22327674524.0,146098874.0,146098874.0
289646907,2026-07-02,56257443079,146098874,146098874,data/raw/country_code=vn/dataset=product_categories/shop_id=289646907/product_categories.csv,77,vn,product_categories,289646907,vn,56257443079.0,146098874.0,146098874.0
289646907,2026-07-02,51907456940,146098874,146098874,data/raw/country_code=vn/dataset=product_categories/shop_id=289646907/product_categories.csv,78,vn,product_categories,289646907,vn,51907456940.0,146098874.0,146098874.0
289646907,2026-07-02,41829383225,146098874,146098874,data/raw/country_code=vn/dataset=product_categories/shop_id=289646907/product_categories.csv,79,vn,product_categories,289646907,vn,41829383225.0,146098874.0,146098874.0
289646907,2026-07-02,25078119874,146098884,146098884,data/raw/country_code=vn/dataset=product_categories/shop_id=289646907/product_categories.csv,80,vn,product_categories,289646907,vn,25078119874.0,146098884.0,146098884.0
289646907,2026-07-02,25728109731,146098884,146098884,data/raw/country_code=vn/dataset=product_categories/shop_id=289646907/product_categories.csv,81,vn,product_categories,289646907,vn,25728109731.0,146098884.0,146098884.0
289646907,2026-07-02,26900493910,146098884,146098884,data/raw/country_code=vn/dataset=product_categories/shop_id=289646907/product_categories.csv,82,vn,product_categories,289646907,vn,26900493910.0,146098884.0,146098884.0
289646907,2026-07-02,28353888202,146098884,146098884,data/raw/country_code=vn/dataset=product_categories/shop_id=289646907/product_categories.csv,83,vn,product_categories,289646907,vn,28353888202.0,146098884.0,146098884.0
289646907,2026-07-02,23565208439,146098884,146098884,data/raw/country_code=vn/dataset=product_categories/shop_id=289646907/product_categories.csv,84,vn,product_categories,289646907,vn,23565208439.0,146098884.0,146098884.0
289646907,2026-07-02,24828115965,146098884,146098884,data/raw/country_code=vn/dataset=product_categories/shop_id=289646907/product_categories.csv,85,vn,product_categories,289646907,vn,24828115965.0,146098884.0,146098884.0
289646907,2026-07-02,56152579418,146098884,146098884,data/raw/country_code=vn/dataset=product_categories/shop_id=289646907/product_categories.csv,86,vn,product_categories,289646907,vn,56152579418.0,146098884.0,146098884.0
289646907,2026-07-02,44024261701,146098884,146098884,data/raw/country_code=vn/dataset=product_categories/shop_id=289646907/product_categories.csv,87,vn,product_categories,289646907,vn,44024261701.0,146098884.0,146098884.0
289646907,2026-07-02,44112379715,149179941,149179941,data/raw/country_code=vn/dataset=product_categories/shop_id=289646907/product_categories.csv,88,vn,product_categories,289646907,vn,44112379715.0,149179941.0,149179941.0
289646907,2026-07-02,41712379566,149179941,149179941,data/raw/country_code=vn/dataset=product_categories/shop_id=289646907/product_categories.csv,89,vn,product_categories,289646907,vn,41712379566.0,149179941.0,149179941.0
289646907,2026-07-02,26489730581,149179941,149179941,data/raw/country_code=vn/dataset=product_categories/shop_id=289646907/product_categories.csv,90,vn,product_categories,289646907,vn,26489730581.0,149179941.0,149179941.0
289646907,2026-07-02,26233488173,245342872,245342872,data/raw/country_code=vn/dataset=product_categories/shop_id=289646907/product_categories.csv,91,vn,product_categories,289646907,vn,26233488173.0,245342872.0,245342872.0
289646907,2026-07-02,25828640224,245555702,245555702,data/raw/country_code=vn/dataset=product_categories/shop_id=289646907/product_categories.csv,92,vn,product_categories,289646907,vn,25828640224.0,245555702.0,245555702.0
289646907,2026-07-02,26361847161,245555702,245555702,data/raw/country_code=vn/dataset=product_categories/shop_id=289646907/product_categories.csv,93,vn,product_categories,289646907,vn,26361847161.0,245555702.0,245555702.0
289646907,2026-07-02,19474514882,245555702,245555702,data/raw/country_code=vn/dataset=product_categories/shop_id=289646907/product_categories.csv,94,vn,product_categories,289646907,vn,19474514882.0,245555702.0,245555702.0
289646907,2026-07-02,25027863990,245555702,245555702,data/raw/country_code=vn/dataset=product_categories/shop_id=289646907/product_categories.csv,95,vn,product_categories,289646907,vn,25027863990.0,245555702.0,245555702.0
289646907,2026-07-02,23459135184,245555702,245555702,data/raw/country_code=vn/dataset=product_categories/shop_id=289646907/product_categories.csv,96,vn,product_categories,289646907,vn,23459135184.0,245555702.0,245555702.0
289646907,2026-07-02,25728109731,245555702,245555702,data/raw/country_code=vn/dataset=product_categories/shop_id=289646907/product_categories.csv,97,vn,product_categories,289646907,vn,25728109731.0,245555702.0,245555702.0
289646907,2026-07-02,22227670295,245555702,245555702,data/raw/country_code=vn/dataset=product_categories/shop_id=289646907/product_categories.csv,98,vn,product_categories,289646907,vn,22227670295.0,245555702.0,245555702.0
289646907,2026-07-02,25228640065,245555702,245555702,data/raw/country_code=vn/dataset=product_categories/shop_id=289646907/product_categories.csv,99,vn,product_categories,289646907,vn,25228640065.0,245555702.0,245555702.0
289646907,2026-07-02,28353888202,245555702,245555702,data/raw/country_code=vn/dataset=product_categories/shop_id=289646907/product_categories.csv,100,vn,product_categories,289646907,vn,28353888202.0,245555702.0,245555702.0
289646907,2026-07-02,23027666001,245555702,245555702,data/raw/country_code=vn/dataset=product_categories/shop_id=289646907/product_categories.csv,101,vn,product_categories,289646907,vn,23027666001.0,245555702.0,245555702.0
289646907,2026-07-02,23727675986,245555702,245555702,data/raw/country_code=vn/dataset=product_categories/shop_id=289646907/product_categories.csv,102,vn,product_categories,289646907,vn,23727675986.0,245555702.0,245555702.0
289646907,2026-07-02,26052011768,245555702,245555702,data/raw/country_code=vn/dataset=product_categories/shop_id=289646907/product_categories.csv,103,vn,product_categories,289646907,vn,26052011768.0,245555702.0,245555702.0
289646907,2026-07-02,26408223367,245555702,245555702,data/raw/country_code=vn/dataset=product_categories/shop_id=289646907/product_categories.csv,104,vn,product_categories,289646907,vn,26408223367.0,245555702.0,245555702.0
289646907,2026-07-02,25784920058,245555702,245555702,data/raw/country_code=vn/dataset=product_categories/shop_id=289646907/product_categories.csv,105,vn,product_categories,289646907,vn,25784920058.0,245555702.0,245555702.0
289646907,2026-07-02,25586402460,245555702,245555702,data/raw/country_code=vn/dataset=product_categories/shop_id=289646907/product_categories.csv,106,vn,product_categories,289646907,vn,25586402460.0,245555702.0,245555702.0
289646907,2026-07-02,26912249516,245555702,245555702,data/raw/country_code=vn/dataset=product_categories/shop_id=289646907/product_categories.csv,107,vn,product_categories,289646907,vn,26912249516.0,245555702.0,245555702.0
289646907,2026-07-02,26361847161,254246036,254246036,data/raw/country_code=vn/dataset=product_categories/shop_id=289646907/product_categories.csv,108,vn,product_categories,289646907,vn,26361847161.0,254246036.0,254246036.0
289646907,2026-07-02,26233488173,254246036,254246036,data/raw/country_code=vn/dataset=product_categories/shop_id=289646907/product_categories.csv,109,vn,product_categories,289646907,vn,26233488173.0,254246036.0,254246036.0
289646907,2026-07-02,24391148394,254246036,254246036,data/raw/country_code=vn/dataset=product_categories/shop_id=289646907/product_categories.csv,110,vn,product_categories,289646907,vn,24391148394.0,254246036.0,254246036.0
289646907,2026-07-02,41853192625,254246036,254246036,data/raw/country_code=vn/dataset=product_categories/shop_id=289646907/product_categories.csv,111,vn,product_categories,289646907,vn,41853192625.0,254246036.0,254246036.0
289646907,2026-07-02,47704391486,254246036,254246036,data/raw/country_code=vn/dataset=product_categories/shop_id=289646907/product_categories.csv,112,vn,product_categories,289646907,vn,47704391486.0,254246036.0,254246036.0
289646907,2026-07-02,25586402460,254246036,254246036,data/raw/country_code=vn/dataset=product_categories/shop_id=289646907/product_categories.csv,113,vn,product_categories,289646907,vn,25586402460.0,254246036.0,254246036.0
289646907,2026-07-02,26912249516,254246036,254246036,data/raw/country_code=vn/dataset=product_categories/shop_id=289646907/product_categories.csv,114,vn,product_categories,289646907,vn,26912249516.0,254246036.0,254246036.0
289646907,2026-07-02,44112379715,260400193,260400193,data/raw/country_code=vn/dataset=product_categories/shop_id=289646907/product_categories.csv,115,vn,product_categories,289646907,vn,44112379715.0,260400193.0,260400193.0
289646907,2026-07-02,41712379566,260400193,260400193,data/raw/country_code=vn/dataset=product_categories/shop_id=289646907/product_categories.csv,116,vn,product_categories,289646907,vn,41712379566.0,260400193.0,260400193.0
289646907,2026-07-02,26489730581,260400193,260400193,data/raw/country_code=vn/dataset=product_categories/shop_id=289646907/product_categories.csv,117,vn,product_categories,289646907,vn,26489730581.0,260400193.0,260400193.0
289646907,2026-07-02,41824111415,262847150,262847150,data/raw/country_code=vn/dataset=product_categories/shop_id=289646907/product_categories.csv,118,vn,product_categories,289646907,vn,41824111415.0,262847150.0,262847150.0
289646907,2026-07-02,29492921661,262847150,262847150,data/raw/country_code=vn/dataset=product_categories/shop_id=289646907/product_categories.csv,119,vn,product_categories,289646907,vn,29492921661.0,262847150.0,262847150.0
289646907,2026-07-02,44112379715,271251775,271251775,data/raw/country_code=vn/dataset=product_categories/shop_id=289646907/product_categories.csv,120,vn,product_categories,289646907,vn,44112379715.0,271251775.0,271251775.0
289646907,2026-07-02,23459135184,271251775,271251775,data/raw/country_code=vn/dataset=product_categories/shop_id=289646907/product_categories.csv,121,vn,product_categories,289646907,vn,23459135184.0,271251775.0,271251775.0
289646907,2026-07-02,25728109731,271251775,271251775,data/raw/country_code=vn/dataset=product_categories/shop_id=289646907/product_categories.csv,122,vn,product_categories,289646907,vn,25728109731.0,271251775.0,271251775.0
289646907,2026-07-02,26900493910,271251775,271251775,data/raw/country_code=vn/dataset=product_categories/shop_id=289646907/product_categories.csv,123,vn,product_categories,289646907,vn,26900493910.0,271251775.0,271251775.0
289646907,2026-07-02,24027869690,271251775,271251775,data/raw/country_code=vn/dataset=product_categories/shop_id=289646907/product_categories.csv,124,vn,product_categories,289646907,vn,24027869690.0,271251775.0,271251775.0
289646907,2026-07-02,26052011768,271251775,271251775,data/raw/country_code=vn/dataset=product_categories/shop_id=289646907/product_categories.csv,125,vn,product_categories,289646907,vn,26052011768.0,271251775.0,271251775.0
289646907,2026-07-02,41712379566,271251775,271251775,data/raw/country_code=vn/dataset=product_categories/shop_id=289646907/product_categories.csv,126,vn,product_categories,289646907,vn,41712379566.0,271251775.0,271251775.0
289646907,2026-07-02,26489730581,271251775,271251775,data/raw/country_code=vn/dataset=product_categories/shop_id=289646907/product_categories.csv,127,vn,product_categories,289646907,vn,26489730581.0,271251775.0,271251775.0
289646907,2026-07-02,25178062720,271251775,271251775,data/raw/country_code=vn/dataset=product_categories/shop_id=289646907/product_categories.csv,128,vn,product_categories,289646907,vn,25178062720.0,271251775.0,271251775.0
289646907,2026-07-02,53457449519,271251775,271251775,data/raw/country_code=vn/dataset=product_categories/shop_id=289646907/product_categories.csv,129,vn,product_categories,289646907,vn,53457449519.0,271251775.0,271251775.0
289646907,2026-07-02,44024261701,271251775,271251775,data/raw/country_code=vn/dataset=product_categories/shop_id=289646907/product_categories.csv,130,vn,product_categories,289646907,vn,44024261701.0,271251775.0,271251775.0
289646907,2026-07-02,26331556808,37709521,37709521,data/raw/country_code=vn/dataset=product_categories/shop_id=289646907/product_categories.csv,131,vn,product_categories,289646907,vn,26331556808.0,37709521.0,37709521.0
289646907,2026-07-02,25578062299,37709533,37709533,data/raw/country_code=vn/dataset=product_categories/shop_id=289646907/product_categories.csv,132,vn,product_categories,289646907,vn,25578062299.0,37709533.0,37709533.0
289646907,2026-07-02,23459135184,37709533,37709533,data/raw/country_code=vn/dataset=product_categories/shop_id=289646907/product_categories.csv,133,vn,product_categories,289646907,vn,23459135184.0,37709533.0,37709533.0
289646907,2026-07-02,28952745890,37709533,37709533,data/raw/country_code=vn/dataset=product_categories/shop_id=289646907/product_categories.csv,134,vn,product_categories,289646907,vn,28952745890.0,37709533.0,37709533.0
289646907,2026-07-02,24027869690,37709533,37709533,data/raw/country_code=vn/dataset=product_categories/shop_id=289646907/product_categories.csv,135,vn,product_categories,289646907,vn,24027869690.0,37709533.0,37709533.0
289646907,2026-07-02,26052011768,37709533,37709533,data/raw/country_code=vn/dataset=product_categories/shop_id=289646907/product_categories.csv,136,vn,product_categories,289646907,vn,26052011768.0,37709533.0,37709533.0
289646907,2026-07-02,45357467779,37709533,37709533,data/raw/country_code=vn/dataset=product_categories/shop_id=289646907/product_categories.csv,137,vn,product_categories,289646907,vn,45357467779.0,37709533.0,37709533.0
289646907,2026-07-02,26408223367,37709533,37709533,data/raw/country_code=vn/dataset=product_categories/shop_id=289646907/product_categories.csv,138,vn,product_categories,289646907,vn,26408223367.0,37709533.0,37709533.0
289646907,2026-07-02,25178062720,37709533,37709533,data/raw/country_code=vn/dataset=product_categories/shop_id=289646907/product_categories.csv,139,vn,product_categories,289646907,vn,25178062720.0,37709533.0,37709533.0
289646907,2026-07-02,41670882461,37709533,37709533,data/raw/country_code=vn/dataset=product_categories/shop_id=289646907/product_categories.csv,140,vn,product_categories,289646907,vn,41670882461.0,37709533.0,37709533.0
289646907,2026-07-02,19474514882,37709566,37709566,data/raw/country_code=vn/dataset=product_categories/shop_id=289646907/product_categories.csv,141,vn,product_categories,289646907,vn,19474514882.0,37709566.0,37709566.0
289646907,2026-07-02,22327681194,37709566,37709566,data/raw/country_code=vn/dataset=product_categories/shop_id=289646907/product_categories.csv,142,vn,product_categories,289646907,vn,22327681194.0,37709566.0,37709566.0
289646907,2026-07-02,23027666001,37709566,37709566,data/raw/country_code=vn/dataset=product_categories/shop_id=289646907/product_categories.csv,143,vn,product_categories,289646907,vn,23027666001.0,37709566.0,37709566.0
289646907,2026-07-03,22227670295,101119957,101119957,data/raw/country_code=vn/dataset=product_categories/shop_id=289646907/product_categories.csv,144,vn,product_categories,289646907,vn,22227670295.0,101119957.0,101119957.0
289646907,2026-07-03,23727675986,101119957,101119957,data/raw/country_code=vn/dataset=product_categories/shop_id=289646907/product_categories.csv,145,vn,product_categories,289646907,vn,23727675986.0,101119957.0,101119957.0
289646907,2026-07-03,23727659874,146098874,146098874,data/raw/country_code=vn/dataset=product_categories/shop_id=289646907/product_categories.csv,146,vn,product_categories,289646907,vn,23727659874.0,146098874.0,146098874.0
289646907,2026-07-03,22327674524,146098874,146098874,data/raw/country_code=vn/dataset=product_categories/shop_id=289646907/product_categories.csv,147,vn,product_categories,289646907,vn,22327674524.0,146098874.0,146098874.0
289646907,2026-07-03,56257443079,146098874,146098874,data/raw/country_code=vn/dataset=product_categories/shop_id=289646907/product_categories.csv,148,vn,product_categories,289646907,vn,56257443079.0,146098874.0,146098874.0
289646907,2026-07-03,51907456940,146098874,146098874,data/raw/country_code=vn/dataset=product_categories/shop_id=289646907/product_categories.csv,149,vn,product_categories,289646907,vn,51907456940.0,146098874.0,146098874.0
289646907,2026-07-03,41829383225,146098874,146098874,data/raw/country_code=vn/dataset=product_categories/shop_id=289646907/product_categories.csv,150,vn,product_categories,289646907,vn,41829383225.0,146098874.0,146098874.0
289646907,2026-07-03,25078119874,146098884,146098884,data/raw/country_code=vn/dataset=product_categories/shop_id=289646907/product_categories.csv,151,vn,product_categories,289646907,vn,25078119874.0,146098884.0,146098884.0
289646907,2026-07-03,25728109731,146098884,146098884,data/raw/country_code=vn/dataset=product_categories/shop_id=289646907/product_categories.csv,152,vn,product_categories,289646907,vn,25728109731.0,146098884.0,146098884.0
289646907,2026-07-03,26900493910,146098884,146098884,data/raw/country_code=vn/dataset=product_categories/shop_id=289646907/product_categories.csv,153,vn,product_categories,289646907,vn,26900493910.0,146098884.0,146098884.0
289646907,2026-07-03,28353888202,146098884,146098884,data/raw/country_code=vn/dataset=product_categories/shop_id=289646907/product_categories.csv,154,vn,product_categories,289646907,vn,28353888202.0,146098884.0,146098884.0
289646907,2026-07-03,23565208439,146098884,146098884,data/raw/country_code=vn/dataset=product_categories/shop_id=289646907/product_categories.csv,155,vn,product_categories,289646907,vn,23565208439.0,146098884.0,146098884.0
289646907,2026-07-03,24828115965,146098884,146098884,data/raw/country_code=vn/dataset=product_categories/shop_id=289646907/product_categories.csv,156,vn,product_categories,289646907,vn,24828115965.0,146098884.0,146098884.0
289646907,2026-07-03,56152579418,146098884,146098884,data/raw/country_code=vn/dataset=product_categories/shop_id=289646907/product_categories.csv,157,vn,product_categories,289646907,vn,56152579418.0,146098884.0,146098884.0
289646907,2026-07-03,44024261701,146098884,146098884,data/raw/country_code=vn/dataset=product_categories/shop_id=289646907/product_categories.csv,158,vn,product_categories,289646907,vn,44024261701.0,146098884.0,146098884.0
289646907,2026-07-03,44112379715,149179941,149179941,data/raw/country_code=vn/dataset=product_categories/shop_id=289646907/product_categories.csv,159,vn,product_categories,289646907,vn,44112379715.0,149179941.0,149179941.0
289646907,2026-07-03,41712379566,149179941,149179941,data/raw/country_code=vn/dataset=product_categories/shop_id=289646907/product_categories.csv,160,vn,product_categories,289646907,vn,41712379566.0,149179941.0,149179941.0
289646907,2026-07-03,26489730581,149179941,149179941,data/raw/country_code=vn/dataset=product_categories/shop_id=289646907/product_categories.csv,161,vn,product_categories,289646907,vn,26489730581.0,149179941.0,149179941.0
289646907,2026-07-03,26233488173,245342872,245342872,data/raw/country_code=vn/dataset=product_categories/shop_id=289646907/product_categories.csv,162,vn,product_categories,289646907,vn,26233488173.0,245342872.0,245342872.0
289646907,2026-07-03,25828640224,245555702,245555702,data/raw/country_code=vn/dataset=product_categories/shop_id=289646907/product_categories.csv,163,vn,product_categories,289646907,vn,25828640224.0,245555702.0,245555702.0
289646907,2026-07-03,26361847161,245555702,245555702,data/raw/country_code=vn/dataset=product_categories/shop_id=289646907/product_categories.csv,164,vn,product_categories,289646907,vn,26361847161.0,245555702.0,245555702.0
289646907,2026-07-03,19474514882,245555702,245555702,data/raw/country_code=vn/dataset=product_categories/shop_id=289646907/product_categories.csv,165,vn,product_categories,289646907,vn,19474514882.0,245555702.0,245555702.0
289646907,2026-07-03,25027863990,245555702,245555702,data/raw/country_code=vn/dataset=product_categories/shop_id=289646907/product_categories.csv,166,vn,product_categories,289646907,vn,25027863990.0,245555702.0,245555702.0
289646907,2026-07-03,23459135184,245555702,245555702,data/raw/country_code=vn/dataset=product_categories/shop_id=289646907/product_categories.csv,167,vn,product_categories,289646907,vn,23459135184.0,245555702.0,245555702.0
289646907,2026-07-03,25728109731,245555702,245555702,data/raw/country_code=vn/dataset=product_categories/shop_id=289646907/product_categories.csv,168,vn,product_categories,289646907,vn,25728109731.0,245555702.0,245555702.0
289646907,2026-07-03,22227670295,245555702,245555702,data/raw/country_code=vn/dataset=product_categories/shop_id=289646907/product_categories.csv,169,vn,product_categories,289646907,vn,22227670295.0,245555702.0,245555702.0
289646907,2026-07-03,25228640065,245555702,245555702,data/raw/country_code=vn/dataset=product_categories/shop_id=289646907/product_categories.csv,170,vn,product_categories,289646907,vn,25228640065.0,245555702.0,245555702.0
289646907,2026-07-03,28353888202,245555702,245555702,data/raw/country_code=vn/dataset=product_categories/shop_id=289646907/product_categories.csv,171,vn,product_categories,289646907,vn,28353888202.0,245555702.0,245555702.0
289646907,2026-07-03,23027666001,245555702,245555702,data/raw/country_code=vn/dataset=product_categories/shop_id=289646907/product_categories.csv,172,vn,product_categories,289646907,vn,23027666001.0,245555702.0,245555702.0
289646907,2026-07-03,23727675986,245555702,245555702,data/raw/country_code=vn/dataset=product_categories/shop_id=289646907/product_categories.csv,173,vn,product_categories,289646907,vn,23727675986.0,245555702.0,245555702.0
289646907,2026-07-03,26052011768,245555702,245555702,data/raw/country_code=vn/dataset=product_categories/shop_id=289646907/product_categories.csv,174,vn,product_categories,289646907,vn,26052011768.0,245555702.0,245555702.0
289646907,2026-07-03,26408223367,245555702,245555702,data/raw/country_code=vn/dataset=product_categories/shop_id=289646907/product_categories.csv,175,vn,product_categories,289646907,vn,26408223367.0,245555702.0,245555702.0
289646907,2026-07-03,25784920058,245555702,245555702,data/raw/country_code=vn/dataset=product_categories/shop_id=289646907/product_categories.csv,176,vn,product_categories,289646907,vn,25784920058.0,245555702.0,245555702.0
289646907,2026-07-03,25586402460,245555702,245555702,data/raw/country_code=vn/dataset=product_categories/shop_id=289646907/product_categories.csv,177,vn,product_categories,289646907,vn,25586402460.0,245555702.0,245555702.0
289646907,2026-07-03,26912249516,245555702,245555702,data/raw/country_code=vn/dataset=product_categories/shop_id=289646907/product_categories.csv,178,vn,product_categories,289646907,vn,26912249516.0,245555702.0,245555702.0
289646907,2026-07-03,26361847161,254246036,254246036,data/raw/country_code=vn/dataset=product_categories/shop_id=289646907/product_categories.csv,179,vn,product_categories,289646907,vn,26361847161.0,254246036.0,254246036.0
289646907,2026-07-03,26233488173,254246036,254246036,data/raw/country_code=vn/dataset=product_categories/shop_id=289646907/product_categories.csv,180,vn,product_categories,289646907,vn,26233488173.0,254246036.0,254246036.0
289646907,2026-07-03,24391148394,254246036,254246036,data/raw/country_code=vn/dataset=product_categories/shop_id=289646907/product_categories.csv,181,vn,product_categories,289646907,vn,24391148394.0,254246036.0,254246036.0
289646907,2026-07-03,41853192625,254246036,254246036,data/raw/country_code=vn/dataset=product_categories/shop_id=289646907/product_categories.csv,182,vn,product_categories,289646907,vn,41853192625.0,254246036.0,254246036.0
289646907,2026-07-03,47704391486,254246036,254246036,data/raw/country_code=vn/dataset=product_categories/shop_id=289646907/product_categories.csv,183,vn,product_categories,289646907,vn,47704391486.0,254246036.0,254246036.0
289646907,2026-07-03,25586402460,254246036,254246036,data/raw/country_code=vn/dataset=product_categories/shop_id=289646907/product_categories.csv,184,vn,product_categories,289646907,vn,25586402460.0,254246036.0,254246036.0
289646907,2026-07-03,26912249516,254246036,254246036,data/raw/country_code=vn/dataset=product_categories/shop_id=289646907/product_categories.csv,185,vn,product_categories,289646907,vn,26912249516.0,254246036.0,254246036.0
289646907,2026-07-03,44112379715,260400193,260400193,data/raw/country_code=vn/dataset=product_categories/shop_id=289646907/product_categories.csv,186,vn,product_categories,289646907,vn,44112379715.0,260400193.0,260400193.0
289646907,2026-07-03,41712379566,260400193,260400193,data/raw/country_code=vn/dataset=product_categories/shop_id=289646907/product_categories.csv,187,vn,product_categories,289646907,vn,41712379566.0,260400193.0,260400193.0
289646907,2026-07-03,26489730581,260400193,260400193,data/raw/country_code=vn/dataset=product_categories/shop_id=289646907/product_categories.csv,188,vn,product_categories,289646907,vn,26489730581.0,260400193.0,260400193.0
289646907,2026-07-03,41824111415,262847150,262847150,data/raw/country_code=vn/dataset=product_categories/shop_id=289646907/product_categories.csv,189,vn,product_categories,289646907,vn,41824111415.0,262847150.0,262847150.0
289646907,2026-07-03,29492921661,262847150,262847150,data/raw/country_code=vn/dataset=product_categories/shop_id=289646907/product_categories.csv,190,vn,product_categories,289646907,vn,29492921661.0,262847150.0,262847150.0
289646907,2026-07-03,44112379715,271251775,271251775,data/raw/country_code=vn/dataset=product_categories/shop_id=289646907/product_categories.csv,191,vn,product_categories,289646907,vn,44112379715.0,271251775.0,271251775.0
289646907,2026-07-03,23459135184,271251775,271251775,data/raw/country_code=vn/dataset=product_categories/shop_id=289646907/product_categories.csv,192,vn,product_categories,289646907,vn,23459135184.0,271251775.0,271251775.0
289646907,2026-07-03,25728109731,271251775,271251775,data/raw/country_code=vn/dataset=product_categories/shop_id=289646907/product_categories.csv,193,vn,product_categories,289646907,vn,25728109731.0,271251775.0,271251775.0
289646907,2026-07-03,26900493910,271251775,271251775,data/raw/country_code=vn/dataset=product_categories/shop_id=289646907/product_categories.csv,194,vn,product_categories,289646907,vn,26900493910.0,271251775.0,271251775.0
289646907,2026-07-03,24027869690,271251775,271251775,data/raw/country_code=vn/dataset=product_categories/shop_id=289646907/product_categories.csv,195,vn,product_categories,289646907,vn,24027869690.0,271251775.0,271251775.0
289646907,2026-07-03,26052011768,271251775,271251775,data/raw/country_code=vn/dataset=product_categories/shop_id=289646907/product_categories.csv,196,vn,product_categories,289646907,vn,26052011768.0,271251775.0,271251775.0
289646907,2026-07-03,41712379566,271251775,271251775,data/raw/country_code=vn/dataset=product_categories/shop_id=289646907/product_categories.csv,197,vn,product_categories,289646907,vn,41712379566.0,271251775.0,271251775.0
289646907,2026-07-03,26489730581,271251775,271251775,data/raw/country_code=vn/dataset=product_categories/shop_id=289646907/product_categories.csv,198,vn,product_categories,289646907,vn,26489730581.0,271251775.0,271251775.0
289646907,2026-07-03,25178062720,271251775,271251775,data/raw/country_code=vn/dataset=product_categories/shop_id=289646907/product_categories.csv,199,vn,product_categories,289646907,vn,25178062720.0,271251775.0,271251775.0
289646907,2026-07-03,53457449519,271251775,271251775,data/raw/country_code=vn/dataset=product_categories/shop_id=289646907/product_categories.csv,200,vn,product_categories,289646907,vn,53457449519.0,271251775.0,271251775.0
289646907,2026-07-03,44024261701,271251775,271251775,data/raw/country_code=vn/dataset=product_categories/shop_id=289646907/product_categories.csv,201,vn,product_categories,289646907,vn,44024261701.0,271251775.0,271251775.0
289646907,2026-07-03,26331556808,37709521,37709521,data/raw/country_code=vn/dataset=product_categories/shop_id=289646907/product_categories.csv,202,vn,product_categories,289646907,vn,26331556808.0,37709521.0,37709521.0
289646907,2026-07-03,25578062299,37709533,37709533,data/raw/country_code=vn/dataset=product_categories/shop_id=289646907/product_categories.csv,203,vn,product_categories,289646907,vn,25578062299.0,37709533.0,37709533.0
289646907,2026-07-03,23459135184,37709533,37709533,data/raw/country_code=vn/dataset=product_categories/shop_id=289646907/product_categories.csv,204,vn,product_categories,289646907,vn,23459135184.0,37709533.0,37709533.0
289646907,2026-07-03,28952745890,37709533,37709533,data/raw/country_code=vn/dataset=product_categories/shop_id=289646907/product_categories.csv,205,vn,product_categories,289646907,vn,28952745890.0,37709533.0,37709533.0
289646907,2026-07-03,24027869690,37709533,37709533,data/raw/country_code=vn/dataset=product_categories/shop_id=289646907/product_categories.csv,206,vn,product_categories,289646907,vn,24027869690.0,37709533.0,37709533.0
289646907,2026-07-03,26052011768,37709533,37709533,data/raw/country_code=vn/dataset=product_categories/shop_id=289646907/product_categories.csv,207,vn,product_categories,289646907,vn,26052011768.0,37709533.0,37709533.0
289646907,2026-07-03,45357467779,37709533,37709533,data/raw/country_code=vn/dataset=product_categories/shop_id=289646907/product_categories.csv,208,vn,product_categories,289646907,vn,45357467779.0,37709533.0,37709533.0
289646907,2026-07-03,26408223367,37709533,37709533,data/raw/country_code=vn/dataset=product_categories/shop_id=289646907/product_categories.csv,209,vn,product_categories,289646907,vn,26408223367.0,37709533.0,37709533.0
289646907,2026-07-03,25178062720,37709533,37709533,data/raw/country_code=vn/dataset=product_categories/shop_id=289646907/product_categories.csv,210,vn,product_categories,289646907,vn,25178062720.0,37709533.0,37709533.0
289646907,2026-07-03,41670882461,37709533,37709533,data/raw/country_code=vn/dataset=product_categories/shop_id=289646907/product_categories.csv,211,vn,product_categories,289646907,vn,41670882461.0,37709533.0,37709533.0
289646907,2026-07-03,19474514882,37709566,37709566,data/raw/country_code=vn/dataset=product_categories/shop_id=289646907/product_categories.csv,212,vn,product_categories,289646907,vn,19474514882.0,37709566.0,37709566.0
289646907,2026-07-03,22327681194,37709566,37709566,data/raw/country_code=vn/dataset=product_categories/shop_id=289646907/product_categories.csv,213,vn,product_categories,289646907,vn,22327681194.0,37709566.0,37709566.0
289646907,2026-07-03,23027666001,37709566,37709566,data/raw/country_code=vn/dataset=product_categories/shop_id=289646907/product_categories.csv,214,vn,product_categories,289646907,vn,23027666001.0,37709566.0,37709566.0
430972539,2026-07-01,11518293382,122605646,122605646,data/raw/country_code=vn/dataset=product_categories/shop_id=430972539/product_categories.csv,2,vn,product_categories,430972539,vn,11518293382.0,122605646.0,122605646.0
430972539,2026-07-01,28985249725,122605646,122605646,data/raw/country_code=vn/dataset=product_categories/shop_id=430972539/product_categories.csv,3,vn,product_categories,430972539,vn,28985249725.0,122605646.0,122605646.0
430972539,2026-07-01,17230920919,122605646,122605646,data/raw/country_code=vn/dataset=product_categories/shop_id=430972539/product_categories.csv,4,vn,product_categories,430972539,vn,17230920919.0,122605646.0,122605646.0
430972539,2026-07-01,10032780626,122605646,122605646,data/raw/country_code=vn/dataset=product_categories/shop_id=430972539/product_categories.csv,5,vn,product_categories,430972539,vn,10032780626.0,122605646.0,122605646.0
430972539,2026-07-01,21475359656,122605646,122605646,data/raw/country_code=vn/dataset=product_categories/shop_id=430972539/product_categories.csv,6,vn,product_categories,430972539,vn,21475359656.0,122605646.0,122605646.0
430972539,2026-07-01,10665244303,122605671,122605671,data/raw/country_code=vn/dataset=product_categories/shop_id=430972539/product_categories.csv,7,vn,product_categories,430972539,vn,10665244303.0,122605671.0,122605671.0
430972539,2026-07-01,20848965969,122605671,122605671,data/raw/country_code=vn/dataset=product_categories/shop_id=430972539/product_categories.csv,8,vn,product_categories,430972539,vn,20848965969.0,122605671.0,122605671.0
430972539,2026-07-01,44324603727,122605671,122605671,data/raw/country_code=vn/dataset=product_categories/shop_id=430972539/product_categories.csv,9,vn,product_categories,430972539,vn,44324603727.0,122605671.0,122605671.0
430972539,2026-07-01,10550707084,244780274,244780274,data/raw/country_code=vn/dataset=product_categories/shop_id=430972539/product_categories.csv,10,vn,product_categories,430972539,vn,10550707084.0,244780274.0,244780274.0
430972539,2026-07-01,20848965963,244780274,244780274,data/raw/country_code=vn/dataset=product_categories/shop_id=430972539/product_categories.csv,11,vn,product_categories,430972539,vn,20848965963.0,244780274.0,244780274.0
430972539,2026-07-01,8689421259,244780274,244780274,data/raw/country_code=vn/dataset=product_categories/shop_id=430972539/product_categories.csv,12,vn,product_categories,430972539,vn,8689421259.0,244780274.0,244780274.0
430972539,2026-07-01,22425279849,245604651,245604651,data/raw/country_code=vn/dataset=product_categories/shop_id=430972539/product_categories.csv,13,vn,product_categories,430972539,vn,22425279849.0,245604651.0,245604651.0
430972539,2026-07-01,28653603145,245604651,245604651,data/raw/country_code=vn/dataset=product_categories/shop_id=430972539/product_categories.csv,14,vn,product_categories,430972539,vn,28653603145.0,245604651.0,245604651.0
430972539,2026-07-02,11518293382,122605646,122605646,data/raw/country_code=vn/dataset=product_categories/shop_id=430972539/product_categories.csv,15,vn,product_categories,430972539,vn,11518293382.0,122605646.0,122605646.0
430972539,2026-07-02,28985249725,122605646,122605646,data/raw/country_code=vn/dataset=product_categories/shop_id=430972539/product_categories.csv,16,vn,product_categories,430972539,vn,28985249725.0,122605646.0,122605646.0
430972539,2026-07-02,17230920919,122605646,122605646,data/raw/country_code=vn/dataset=product_categories/shop_id=430972539/product_categories.csv,17,vn,product_categories,430972539,vn,17230920919.0,122605646.0,122605646.0
430972539,2026-07-02,10032780626,122605646,122605646,data/raw/country_code=vn/dataset=product_categories/shop_id=430972539/product_categories.csv,18,vn,product_categories,430972539,vn,10032780626.0,122605646.0,122605646.0
430972539,2026-07-02,21475359656,122605646,122605646,data/raw/country_code=vn/dataset=product_categories/shop_id=430972539/product_categories.csv,19,vn,product_categories,430972539,vn,21475359656.0,122605646.0,122605646.0
430972539,2026-07-02,10665244303,122605671,122605671,data/raw/country_code=vn/dataset=product_categories/shop_id=430972539/product_categories.csv,20,vn,product_categories,430972539,vn,10665244303.0,122605671.0,122605671.0
430972539,2026-07-02,20848965969,122605671,122605671,data/raw/country_code=vn/dataset=product_categories/shop_id=430972539/product_categories.csv,21,vn,product_categories,430972539,vn,20848965969.0,122605671.0,122605671.0
430972539,2026-07-02,44324603727,122605671,122605671,data/raw/country_code=vn/dataset=product_categories/shop_id=430972539/product_categories.csv,22,vn,product_categories,430972539,vn,44324603727.0,122605671.0,122605671.0
430972539,2026-07-02,10550707084,244780274,244780274,data/raw/country_code=vn/dataset=product_categories/shop_id=430972539/product_categories.csv,23,vn,product_categories,430972539,vn,10550707084.0,244780274.0,244780274.0
430972539,2026-07-02,20848965963,244780274,244780274,data/raw/country_code=vn/dataset=product_categories/shop_id=430972539/product_categories.csv,24,vn,product_categories,430972539,vn,20848965963.0,244780274.0,244780274.0
430972539,2026-07-02,8689421259,244780274,244780274,data/raw/country_code=vn/dataset=product_categories/shop_id=430972539/product_categories.csv,25,vn,product_categories,430972539,vn,8689421259.0,244780274.0,244780274.0
430972539,2026-07-02,22425279849,245604651,245604651,data/raw/country_code=vn/dataset=product_categories/shop_id=430972539/product_categories.csv,26,vn,product_categories,430972539,vn,22425279849.0,245604651.0,245604651.0
430972539,2026-07-02,28653603145,245604651,245604651,data/raw/country_code=vn/dataset=product_categories/shop_id=430972539/product_categories.csv,27,vn,product_categories,430972539,vn,28653603145.0,245604651.0,245604651.0
430972539,2026-07-03,11518293382,122605646,122605646,data/raw/country_code=vn/dataset=product_categories/shop_id=430972539/product_categories.csv,28,vn,product_categories,430972539,vn,11518293382.0,122605646.0,122605646.0
430972539,2026-07-03,28985249725,122605646,122605646,data/raw/country_code=vn/dataset=product_categories/shop_id=430972539/product_categories.csv,29,vn,product_categories,430972539,vn,28985249725.0,122605646.0,122605646.0
430972539,2026-07-03,10032780626,122605646,122605646,data/raw/country_code=vn/dataset=product_categories/shop_id=430972539/product_categories.csv,30,vn,product_categories,430972539,vn,10032780626.0,122605646.0,122605646.0
430972539,2026-07-03,17230920919,122605646,122605646,data/raw/country_code=vn/dataset=product_categories/shop_id=430972539/product_categories.csv,31,vn,product_categories,430972539,vn,17230920919.0,122605646.0,122605646.0
430972539,2026-07-03,21475359656,122605646,122605646,data/raw/country_code=vn/dataset=product_categories/shop_id=430972539/product_categories.csv,32,vn,product_categories,430972539,vn,21475359656.0,122605646.0,122605646.0
430972539,2026-07-03,10665244303,122605671,122605671,data/raw/country_code=vn/dataset=product_categories/shop_id=430972539/product_categories.csv,33,vn,product_categories,430972539,vn,10665244303.0,122605671.0,122605671.0
430972539,2026-07-03,20848965969,122605671,122605671,data/raw/country_code=vn/dataset=product_categories/shop_id=430972539/product_categories.csv,34,vn,product_categories,430972539,vn,20848965969.0,122605671.0,122605671.0
430972539,2026-07-03,44324603727,122605671,122605671,data/raw/country_code=vn/dataset=product_categories/shop_id=430972539/product_categories.csv,35,vn,product_categories,430972539,vn,44324603727.0,122605671.0,122605671.0
430972539,2026-07-03,10550707084,244780274,244780274,data/raw/country_code=vn/dataset=product_categories/shop_id=430972539/product_categories.csv,36,vn,product_categories,430972539,vn,10550707084.0,244780274.0,244780274.0
430972539,2026-07-03,20848965963,244780274,244780274,data/raw/country_code=vn/dataset=product_categories/shop_id=430972539/product_categories.csv,37,vn,product_categories,430972539,vn,20848965963.0,244780274.0,244780274.0
430972539,2026-07-03,8689421259,244780274,244780274,data/raw/country_code=vn/dataset=product_categories/shop_id=430972539/product_categories.csv,38,vn,product_categories,430972539,vn,8689421259.0,244780274.0,244780274.0
430972539,2026-07-03,22425279849,245604651,245604651,data/raw/country_code=vn/dataset=product_categories/shop_id=430972539/product_categories.csv,39,vn,product_categories,430972539,vn,22425279849.0,245604651.0,245604651.0
430972539,2026-07-03,28653603145,245604651,245604651,data/raw/country_code=vn/dataset=product_categories/shop_id=430972539/product_categories.csv,40,vn,product_categories,430972539,vn,28653603145.0,245604651.0,245604651.0
438905996,2026-07-01,17385752247,155133913,155133913,data/raw/country_code=vn/dataset=product_categories/shop_id=438905996/product_categories.csv,2,vn,product_categories,438905996,vn,17385752247.0,155133913.0,155133913.0
438905996,2026-07-01,13439697233,155133913,155133913,data/raw/country_code=vn/dataset=product_categories/shop_id=438905996/product_categories.csv,3,vn,product_categories,438905996,vn,13439697233.0,155133913.0,155133913.0
438905996,2026-07-01,21258367014,155133913,155133913,data/raw/country_code=vn/dataset=product_categories/shop_id=438905996/product_categories.csv,4,vn,product_categories,438905996,vn,21258367014.0,155133913.0,155133913.0
438905996,2026-07-01,18684826924,155133913,155133913,data/raw/country_code=vn/dataset=product_categories/shop_id=438905996/product_categories.csv,5,vn,product_categories,438905996,vn,18684826924.0,155133913.0,155133913.0
438905996,2026-07-01,21975544291,155133913,155133913,data/raw/country_code=vn/dataset=product_categories/shop_id=438905996/product_categories.csv,6,vn,product_categories,438905996,vn,21975544291.0,155133913.0,155133913.0
438905996,2026-07-01,11966626126,155133913,155133913,data/raw/country_code=vn/dataset=product_categories/shop_id=438905996/product_categories.csv,7,vn,product_categories,438905996,vn,11966626126.0,155133913.0,155133913.0
438905996,2026-07-01,24700119875,155133913,155133913,data/raw/country_code=vn/dataset=product_categories/shop_id=438905996/product_categories.csv,8,vn,product_categories,438905996,vn,24700119875.0,155133913.0,155133913.0
438905996,2026-07-01,18970964057,155133913,155133913,data/raw/country_code=vn/dataset=product_categories/shop_id=438905996/product_categories.csv,9,vn,product_categories,438905996,vn,18970964057.0,155133913.0,155133913.0
438905996,2026-07-01,23117784722,155133913,155133913,data/raw/country_code=vn/dataset=product_categories/shop_id=438905996/product_categories.csv,10,vn,product_categories,438905996,vn,23117784722.0,155133913.0,155133913.0
438905996,2026-07-01,26579122800,155133913,155133913,data/raw/country_code=vn/dataset=product_categories/shop_id=438905996/product_categories.csv,11,vn,product_categories,438905996,vn,26579122800.0,155133913.0,155133913.0
438905996,2026-07-01,19760852081,155133913,155133913,data/raw/country_code=vn/dataset=product_categories/shop_id=438905996/product_categories.csv,12,vn,product_categories,438905996,vn,19760852081.0,155133913.0,155133913.0
438905996,2026-07-01,21377681750,155133913,155133913,data/raw/country_code=vn/dataset=product_categories/shop_id=438905996/product_categories.csv,13,vn,product_categories,438905996,vn,21377681750.0,155133913.0,155133913.0
438905996,2026-07-01,19448050564,155133913,155133913,data/raw/country_code=vn/dataset=product_categories/shop_id=438905996/product_categories.csv,14,vn,product_categories,438905996,vn,19448050564.0,155133913.0,155133913.0
438905996,2026-07-01,23651446221,155133913,155133913,data/raw/country_code=vn/dataset=product_categories/shop_id=438905996/product_categories.csv,15,vn,product_categories,438905996,vn,23651446221.0,155133913.0,155133913.0
438905996,2026-07-01,51410286188,155133913,155133913,data/raw/country_code=vn/dataset=product_categories/shop_id=438905996/product_categories.csv,16,vn,product_categories,438905996,vn,51410286188.0,155133913.0,155133913.0
438905996,2026-07-01,28526139038,155133913,155133913,data/raw/country_code=vn/dataset=product_categories/shop_id=438905996/product_categories.csv,17,vn,product_categories,438905996,vn,28526139038.0,155133913.0,155133913.0
438905996,2026-07-01,18480491787,155134021,155134021,data/raw/country_code=vn/dataset=product_categories/shop_id=438905996/product_categories.csv,18,vn,product_categories,438905996,vn,18480491787.0,155134021.0,155134021.0
438905996,2026-07-01,22243784219,155134021,155134021,data/raw/country_code=vn/dataset=product_categories/shop_id=438905996/product_categories.csv,19,vn,product_categories,438905996,vn,22243784219.0,155134021.0,155134021.0
438905996,2026-07-01,20486486922,155134021,155134021,data/raw/country_code=vn/dataset=product_categories/shop_id=438905996/product_categories.csv,20,vn,product_categories,438905996,vn,20486486922.0,155134021.0,155134021.0
438905996,2026-07-01,48206797229,155134021,155134021,data/raw/country_code=vn/dataset=product_categories/shop_id=438905996/product_categories.csv,21,vn,product_categories,438905996,vn,48206797229.0,155134021.0,155134021.0
438905996,2026-07-01,49559932159,155134021,155134021,data/raw/country_code=vn/dataset=product_categories/shop_id=438905996/product_categories.csv,22,vn,product_categories,438905996,vn,49559932159.0,155134021.0,155134021.0
438905996,2026-07-01,49106797794,155134021,155134021,data/raw/country_code=vn/dataset=product_categories/shop_id=438905996/product_categories.csv,23,vn,product_categories,438905996,vn,49106797794.0,155134021.0,155134021.0
438905996,2026-07-01,25950531610,155134021,155134021,data/raw/country_code=vn/dataset=product_categories/shop_id=438905996/product_categories.csv,24,vn,product_categories,438905996,vn,25950531610.0,155134021.0,155134021.0
438905996,2026-07-01,22462828294,158671238,158671238,data/raw/country_code=vn/dataset=product_categories/shop_id=438905996/product_categories.csv,25,vn,product_categories,438905996,vn,22462828294.0,158671238.0,158671238.0
438905996,2026-07-01,22636113353,158671238,158671238,data/raw/country_code=vn/dataset=product_categories/shop_id=438905996/product_categories.csv,26,vn,product_categories,438905996,vn,22636113353.0,158671238.0,158671238.0
438905996,2026-07-01,42500556873,158671238,158671238,data/raw/country_code=vn/dataset=product_categories/shop_id=438905996/product_categories.csv,27,vn,product_categories,438905996,vn,42500556873.0,158671238.0,158671238.0
438905996,2026-07-01,25744440915,158671238,158671238,data/raw/country_code=vn/dataset=product_categories/shop_id=438905996/product_categories.csv,28,vn,product_categories,438905996,vn,25744440915.0,158671238.0,158671238.0
438905996,2026-07-01,25344436117,158671238,158671238,data/raw/country_code=vn/dataset=product_categories/shop_id=438905996/product_categories.csv,29,vn,product_categories,438905996,vn,25344436117.0,158671238.0,158671238.0
438905996,2026-07-01,21377681750,158671238,158671238,data/raw/country_code=vn/dataset=product_categories/shop_id=438905996/product_categories.csv,30,vn,product_categories,438905996,vn,21377681750.0,158671238.0,158671238.0
438905996,2026-07-01,29738422873,158671238,158671238,data/raw/country_code=vn/dataset=product_categories/shop_id=438905996/product_categories.csv,31,vn,product_categories,438905996,vn,29738422873.0,158671238.0,158671238.0
438905996,2026-07-01,26284532008,158671238,158671238,data/raw/country_code=vn/dataset=product_categories/shop_id=438905996/product_categories.csv,32,vn,product_categories,438905996,vn,26284532008.0,158671238.0,158671238.0
438905996,2026-07-01,49460368720,158671238,158671238,data/raw/country_code=vn/dataset=product_categories/shop_id=438905996/product_categories.csv,33,vn,product_categories,438905996,vn,49460368720.0,158671238.0,158671238.0
438905996,2026-07-01,43957595456,158671238,158671238,data/raw/country_code=vn/dataset=product_categories/shop_id=438905996/product_categories.csv,34,vn,product_categories,438905996,vn,43957595456.0,158671238.0,158671238.0
438905996,2026-07-01,57260349532,158671238,158671238,data/raw/country_code=vn/dataset=product_categories/shop_id=438905996/product_categories.csv,35,vn,product_categories,438905996,vn,57260349532.0,158671238.0,158671238.0
438905996,2026-07-01,29727728677,158671238,158671238,data/raw/country_code=vn/dataset=product_categories/shop_id=438905996/product_categories.csv,36,vn,product_categories,438905996,vn,29727728677.0,158671238.0,158671238.0
438905996,2026-07-01,56210343716,158671238,158671238,data/raw/country_code=vn/dataset=product_categories/shop_id=438905996/product_categories.csv,37,vn,product_categories,438905996,vn,56210343716.0,158671238.0,158671238.0
438905996,2026-07-01,21188363250,158671238,158671238,data/raw/country_code=vn/dataset=product_categories/shop_id=438905996/product_categories.csv,38,vn,product_categories,438905996,vn,21188363250.0,158671238.0,158671238.0
438905996,2026-07-01,53210360524,158671238,158671238,data/raw/country_code=vn/dataset=product_categories/shop_id=438905996/product_categories.csv,39,vn,product_categories,438905996,vn,53210360524.0,158671238.0,158671238.0
438905996,2026-07-01,11090028367,243520852,243520852,data/raw/country_code=vn/dataset=product_categories/shop_id=438905996/product_categories.csv,40,vn,product_categories,438905996,vn,11090028367.0,243520852.0,243520852.0
438905996,2026-07-01,10466590734,243520852,243520852,data/raw/country_code=vn/dataset=product_categories/shop_id=438905996/product_categories.csv,41,vn,product_categories,438905996,vn,10466590734.0,243520852.0,243520852.0
438905996,2026-07-01,25950531610,243520852,243520852,data/raw/country_code=vn/dataset=product_categories/shop_id=438905996/product_categories.csv,42,vn,product_categories,438905996,vn,25950531610.0,243520852.0,243520852.0
438905996,2026-07-01,19760852081,243520852,243520852,data/raw/country_code=vn/dataset=product_categories/shop_id=438905996/product_categories.csv,43,vn,product_categories,438905996,vn,19760852081.0,243520852.0,243520852.0
438905996,2026-07-01,19448050564,243520852,243520852,data/raw/country_code=vn/dataset=product_categories/shop_id=438905996/product_categories.csv,44,vn,product_categories,438905996,vn,19448050564.0,243520852.0,243520852.0
438905996,2026-07-01,18367916719,243520852,243520852,data/raw/country_code=vn/dataset=product_categories/shop_id=438905996/product_categories.csv,45,vn,product_categories,438905996,vn,18367916719.0,243520852.0,243520852.0
438905996,2026-07-01,56062041503,243520852,243520852,data/raw/country_code=vn/dataset=product_categories/shop_id=438905996/product_categories.csv,46,vn,product_categories,438905996,vn,56062041503.0,243520852.0,243520852.0
438905996,2026-07-01,52710351721,243520852,243520852,data/raw/country_code=vn/dataset=product_categories/shop_id=438905996/product_categories.csv,47,vn,product_categories,438905996,vn,52710351721.0,243520852.0,243520852.0
438905996,2026-07-01,16196107987,243520852,243520852,data/raw/country_code=vn/dataset=product_categories/shop_id=438905996/product_categories.csv,48,vn,product_categories,438905996,vn,16196107987.0,243520852.0,243520852.0
438905996,2026-07-01,57210285849,243520852,243520852,data/raw/country_code=vn/dataset=product_categories/shop_id=438905996/product_categories.csv,49,vn,product_categories,438905996,vn,57210285849.0,243520852.0,243520852.0
438905996,2026-07-01,45460311001,243520852,243520852,data/raw/country_code=vn/dataset=product_categories/shop_id=438905996/product_categories.csv,50,vn,product_categories,438905996,vn,45460311001.0,243520852.0,243520852.0
438905996,2026-07-01,43852307558,243520852,243520852,data/raw/country_code=vn/dataset=product_categories/shop_id=438905996/product_categories.csv,51,vn,product_categories,438905996,vn,43852307558.0,243520852.0,243520852.0
438905996,2026-07-01,56310231315,243520852,243520852,data/raw/country_code=vn/dataset=product_categories/shop_id=438905996/product_categories.csv,52,vn,product_categories,438905996,vn,56310231315.0,243520852.0,243520852.0
438905996,2026-07-01,20477673172,248421348,248421348,data/raw/country_code=vn/dataset=product_categories/shop_id=438905996/product_categories.csv,53,vn,product_categories,438905996,vn,20477673172.0,248421348.0,248421348.0
438905996,2026-07-01,20652617695,248421348,248421348,data/raw/country_code=vn/dataset=product_categories/shop_id=438905996/product_categories.csv,54,vn,product_categories,438905996,vn,20652617695.0,248421348.0,248421348.0
438905996,2026-07-01,22654206837,248421348,248421348,data/raw/country_code=vn/dataset=product_categories/shop_id=438905996/product_categories.csv,55,vn,product_categories,438905996,vn,22654206837.0,248421348.0,248421348.0
438905996,2026-07-01,22330873798,248421348,248421348,data/raw/country_code=vn/dataset=product_categories/shop_id=438905996/product_categories.csv,56,vn,product_categories,438905996,vn,22330873798.0,248421348.0,248421348.0
438905996,2026-07-01,50410083782,248421348,248421348,data/raw/country_code=vn/dataset=product_categories/shop_id=438905996/product_categories.csv,57,vn,product_categories,438905996,vn,50410083782.0,248421348.0,248421348.0
438905996,2026-07-01,11166632589,248421348,248421348,data/raw/country_code=vn/dataset=product_categories/shop_id=438905996/product_categories.csv,58,vn,product_categories,438905996,vn,11166632589.0,248421348.0,248421348.0
438905996,2026-07-01,43852307558,248421348,248421348,data/raw/country_code=vn/dataset=product_categories/shop_id=438905996/product_categories.csv,59,vn,product_categories,438905996,vn,43852307558.0,248421348.0,248421348.0
438905996,2026-07-01,21658340202,248774243,248774243,data/raw/country_code=vn/dataset=product_categories/shop_id=438905996/product_categories.csv,60,vn,product_categories,438905996,vn,21658340202.0,248774243.0,248774243.0
438905996,2026-07-01,23044095031,248774243,248774243,data/raw/country_code=vn/dataset=product_categories/shop_id=438905996/product_categories.csv,61,vn,product_categories,438905996,vn,23044095031.0,248774243.0,248774243.0
438905996,2026-07-01,23560645214,248774243,248774243,data/raw/country_code=vn/dataset=product_categories/shop_id=438905996/product_categories.csv,62,vn,product_categories,438905996,vn,23560645214.0,248774243.0,248774243.0
438905996,2026-07-01,16825736129,248774243,248774243,data/raw/country_code=vn/dataset=product_categories/shop_id=438905996/product_categories.csv,63,vn,product_categories,438905996,vn,16825736129.0,248774243.0,248774243.0
438905996,2026-07-01,22759887263,248774243,248774243,data/raw/country_code=vn/dataset=product_categories/shop_id=438905996/product_categories.csv,64,vn,product_categories,438905996,vn,22759887263.0,248774243.0,248774243.0
438905996,2026-07-01,22462828294,248774243,248774243,data/raw/country_code=vn/dataset=product_categories/shop_id=438905996/product_categories.csv,65,vn,product_categories,438905996,vn,22462828294.0,248774243.0,248774243.0
438905996,2026-07-01,28236664738,248774243,248774243,data/raw/country_code=vn/dataset=product_categories/shop_id=438905996/product_categories.csv,66,vn,product_categories,438905996,vn,28236664738.0,248774243.0,248774243.0
438905996,2026-07-01,19479438852,248774243,248774243,data/raw/country_code=vn/dataset=product_categories/shop_id=438905996/product_categories.csv,67,vn,product_categories,438905996,vn,19479438852.0,248774243.0,248774243.0
438905996,2026-07-01,41628205893,248774243,248774243,data/raw/country_code=vn/dataset=product_categories/shop_id=438905996/product_categories.csv,68,vn,product_categories,438905996,vn,41628205893.0,248774243.0,248774243.0
438905996,2026-07-01,42500556873,248774243,248774243,data/raw/country_code=vn/dataset=product_categories/shop_id=438905996/product_categories.csv,69,vn,product_categories,438905996,vn,42500556873.0,248774243.0,248774243.0
438905996,2026-07-01,43600566645,248774243,248774243,data/raw/country_code=vn/dataset=product_categories/shop_id=438905996/product_categories.csv,70,vn,product_categories,438905996,vn,43600566645.0,248774243.0,248774243.0
438905996,2026-07-01,21377681750,248774243,248774243,data/raw/country_code=vn/dataset=product_categories/shop_id=438905996/product_categories.csv,71,vn,product_categories,438905996,vn,21377681750.0,248774243.0,248774243.0
438905996,2026-07-01,46805415448,248774243,248774243,data/raw/country_code=vn/dataset=product_categories/shop_id=438905996/product_categories.csv,72,vn,product_categories,438905996,vn,46805415448.0,248774243.0,248774243.0
438905996,2026-07-01,28438413736,248774243,248774243,data/raw/country_code=vn/dataset=product_categories/shop_id=438905996/product_categories.csv,73,vn,product_categories,438905996,vn,28438413736.0,248774243.0,248774243.0
438905996,2026-07-01,49660842718,248774243,248774243,data/raw/country_code=vn/dataset=product_categories/shop_id=438905996/product_categories.csv,74,vn,product_categories,438905996,vn,49660842718.0,248774243.0,248774243.0
438905996,2026-07-01,44007597771,248774243,248774243,data/raw/country_code=vn/dataset=product_categories/shop_id=438905996/product_categories.csv,75,vn,product_categories,438905996,vn,44007597771.0,248774243.0,248774243.0
438905996,2026-07-01,16196107987,248774243,248774243,data/raw/country_code=vn/dataset=product_categories/shop_id=438905996/product_categories.csv,76,vn,product_categories,438905996,vn,16196107987.0,248774243.0,248774243.0
438905996,2026-07-01,49460368720,248774243,248774243,data/raw/country_code=vn/dataset=product_categories/shop_id=438905996/product_categories.csv,77,vn,product_categories,438905996,vn,49460368720.0,248774243.0,248774243.0
438905996,2026-07-01,47161022997,248774243,248774243,data/raw/country_code=vn/dataset=product_categories/shop_id=438905996/product_categories.csv,78,vn,product_categories,438905996,vn,47161022997.0,248774243.0,248774243.0
438905996,2026-07-01,56210343716,248774243,248774243,data/raw/country_code=vn/dataset=product_categories/shop_id=438905996/product_categories.csv,79,vn,product_categories,438905996,vn,56210343716.0,248774243.0,248774243.0
438905996,2026-07-01,50861006954,248774243,248774243,data/raw/country_code=vn/dataset=product_categories/shop_id=438905996/product_categories.csv,80,vn,product_categories,438905996,vn,50861006954.0,248774243.0,248774243.0
438905996,2026-07-01,23738702520,258004532,258004532,data/raw/country_code=vn/dataset=product_categories/shop_id=438905996/product_categories.csv,81,vn,product_categories,438905996,vn,23738702520.0,258004532.0,258004532.0
438905996,2026-07-01,25052927410,258004532,258004532,data/raw/country_code=vn/dataset=product_categories/shop_id=438905996/product_categories.csv,82,vn,product_categories,438905996,vn,25052927410.0,258004532.0,258004532.0
438905996,2026-07-01,21479403474,258004532,258004532,data/raw/country_code=vn/dataset=product_categories/shop_id=438905996/product_categories.csv,83,vn,product_categories,438905996,vn,21479403474.0,258004532.0,258004532.0
438905996,2026-07-01,23826107700,258004532,258004532,data/raw/country_code=vn/dataset=product_categories/shop_id=438905996/product_categories.csv,84,vn,product_categories,438905996,vn,23826107700.0,258004532.0,258004532.0
438905996,2026-07-01,21795581180,259073235,259073235,data/raw/country_code=vn/dataset=product_categories/shop_id=438905996/product_categories.csv,85,vn,product_categories,438905996,vn,21795581180.0,259073235.0,259073235.0
438905996,2026-07-01,29575235557,259073235,259073235,data/raw/country_code=vn/dataset=product_categories/shop_id=438905996/product_categories.csv,86,vn,product_categories,438905996,vn,29575235557.0,259073235.0,259073235.0
438905996,2026-07-01,23476552513,259073235,259073235,data/raw/country_code=vn/dataset=product_categories/shop_id=438905996/product_categories.csv,87,vn,product_categories,438905996,vn,23476552513.0,259073235.0,259073235.0
438905996,2026-07-01,46712105892,259073235,259073235,data/raw/country_code=vn/dataset=product_categories/shop_id=438905996/product_categories.csv,88,vn,product_categories,438905996,vn,46712105892.0,259073235.0,259073235.0
438905996,2026-07-01,57259950354,259073235,259073235,data/raw/country_code=vn/dataset=product_categories/shop_id=438905996/product_categories.csv,89,vn,product_categories,438905996,vn,57259950354.0,259073235.0,259073235.0
438905996,2026-07-01,45410969628,259073235,259073235,data/raw/country_code=vn/dataset=product_categories/shop_id=438905996/product_categories.csv,90,vn,product_categories,438905996,vn,45410969628.0,259073235.0,259073235.0
438905996,2026-07-01,24002925688,259073235,259073235,data/raw/country_code=vn/dataset=product_categories/shop_id=438905996/product_categories.csv,91,vn,product_categories,438905996,vn,24002925688.0,259073235.0,259073235.0
438905996,2026-07-01,56811471193,259073235,259073235,data/raw/country_code=vn/dataset=product_categories/shop_id=438905996/product_categories.csv,92,vn,product_categories,438905996,vn,56811471193.0,259073235.0,259073235.0
438905996,2026-07-01,28045099629,259073235,259073235,data/raw/country_code=vn/dataset=product_categories/shop_id=438905996/product_categories.csv,93,vn,product_categories,438905996,vn,28045099629.0,259073235.0,259073235.0
438905996,2026-07-01,40581612807,259073235,259073235,data/raw/country_code=vn/dataset=product_categories/shop_id=438905996/product_categories.csv,94,vn,product_categories,438905996,vn,40581612807.0,259073235.0,259073235.0
438905996,2026-07-01,46961314681,259073235,259073235,data/raw/country_code=vn/dataset=product_categories/shop_id=438905996/product_categories.csv,95,vn,product_categories,438905996,vn,46961314681.0,259073235.0,259073235.0
438905996,2026-07-01,55962469680,259073235,259073235,data/raw/country_code=vn/dataset=product_categories/shop_id=438905996/product_categories.csv,96,vn,product_categories,438905996,vn,55962469680.0,259073235.0,259073235.0
438905996,2026-07-01,29088108842,259073235,259073235,data/raw/country_code=vn/dataset=product_categories/shop_id=438905996/product_categories.csv,97,vn,product_categories,438905996,vn,29088108842.0,259073235.0,259073235.0
438905996,2026-07-01,46800472365,259073235,259073235,data/raw/country_code=vn/dataset=product_categories/shop_id=438905996/product_categories.csv,98,vn,product_categories,438905996,vn,46800472365.0,259073235.0,259073235.0
438905996,2026-07-01,25145752808,259073235,259073235,data/raw/country_code=vn/dataset=product_categories/shop_id=438905996/product_categories.csv,99,vn,product_categories,438905996,vn,25145752808.0,259073235.0,259073235.0
438905996,2026-07-01,20852613995,259602442,259602442,data/raw/country_code=vn/dataset=product_categories/shop_id=438905996/product_categories.csv,100,vn,product_categories,438905996,vn,20852613995.0,259602442.0,259602442.0
438905996,2026-07-01,11366802291,259602442,259602442,data/raw/country_code=vn/dataset=product_categories/shop_id=438905996/product_categories.csv,101,vn,product_categories,438905996,vn,11366802291.0,259602442.0,259602442.0
438905996,2026-07-01,26488409967,259602442,259602442,data/raw/country_code=vn/dataset=product_categories/shop_id=438905996/product_categories.csv,102,vn,product_categories,438905996,vn,26488409967.0,259602442.0,259602442.0
438905996,2026-07-01,51460942294,259602442,259602442,data/raw/country_code=vn/dataset=product_categories/shop_id=438905996/product_categories.csv,103,vn,product_categories,438905996,vn,51460942294.0,259602442.0,259602442.0
438905996,2026-07-01,21677414205,259602442,259602442,data/raw/country_code=vn/dataset=product_categories/shop_id=438905996/product_categories.csv,104,vn,product_categories,438905996,vn,21677414205.0,259602442.0,259602442.0
438905996,2026-07-01,41307588613,259602442,259602442,data/raw/country_code=vn/dataset=product_categories/shop_id=438905996/product_categories.csv,105,vn,product_categories,438905996,vn,41307588613.0,259602442.0,259602442.0
438905996,2026-07-01,43357596628,259602442,259602442,data/raw/country_code=vn/dataset=product_categories/shop_id=438905996/product_categories.csv,106,vn,product_categories,438905996,vn,43357596628.0,259602442.0,259602442.0
438905996,2026-07-01,18877528337,259602442,259602442,data/raw/country_code=vn/dataset=product_categories/shop_id=438905996/product_categories.csv,107,vn,product_categories,438905996,vn,18877528337.0,259602442.0,259602442.0
438905996,2026-07-01,11090028367,259602442,259602442,data/raw/country_code=vn/dataset=product_categories/shop_id=438905996/product_categories.csv,108,vn,product_categories,438905996,vn,11090028367.0,259602442.0,259602442.0
438905996,2026-07-01,23184849821,259602442,259602442,data/raw/country_code=vn/dataset=product_categories/shop_id=438905996/product_categories.csv,109,vn,product_categories,438905996,vn,23184849821.0,259602442.0,259602442.0
438905996,2026-07-01,43807592371,259602442,259602442,data/raw/country_code=vn/dataset=product_categories/shop_id=438905996/product_categories.csv,110,vn,product_categories,438905996,vn,43807592371.0,259602442.0,259602442.0
438905996,2026-07-01,22830862149,259602442,259602442,data/raw/country_code=vn/dataset=product_categories/shop_id=438905996/product_categories.csv,111,vn,product_categories,438905996,vn,22830862149.0,259602442.0,259602442.0
438905996,2026-07-01,47560964182,259602442,259602442,data/raw/country_code=vn/dataset=product_categories/shop_id=438905996/product_categories.csv,112,vn,product_categories,438905996,vn,47560964182.0,259602442.0,259602442.0
438905996,2026-07-01,22670919692,259602442,259602442,data/raw/country_code=vn/dataset=product_categories/shop_id=438905996/product_categories.csv,113,vn,product_categories,438905996,vn,22670919692.0,259602442.0,259602442.0
438905996,2026-07-01,22636113353,259602442,259602442,data/raw/country_code=vn/dataset=product_categories/shop_id=438905996/product_categories.csv,114,vn,product_categories,438905996,vn,22636113353.0,259602442.0,259602442.0
438905996,2026-07-01,26010792468,259602442,259602442,data/raw/country_code=vn/dataset=product_categories/shop_id=438905996/product_categories.csv,115,vn,product_categories,438905996,vn,26010792468.0,259602442.0,259602442.0
438905996,2026-07-01,43357600879,259602442,259602442,data/raw/country_code=vn/dataset=product_categories/shop_id=438905996/product_categories.csv,116,vn,product_categories,438905996,vn,43357600879.0,259602442.0,259602442.0
438905996,2026-07-01,54709901533,259602442,259602442,data/raw/country_code=vn/dataset=product_categories/shop_id=438905996/product_categories.csv,117,vn,product_categories,438905996,vn,54709901533.0,259602442.0,259602442.0
438905996,2026-07-01,47959526710,259602442,259602442,data/raw/country_code=vn/dataset=product_categories/shop_id=438905996/product_categories.csv,118,vn,product_categories,438905996,vn,47959526710.0,259602442.0,259602442.0
438905996,2026-07-01,40157591819,259602442,259602442,data/raw/country_code=vn/dataset=product_categories/shop_id=438905996/product_categories.csv,119,vn,product_categories,438905996,vn,40157591819.0,259602442.0,259602442.0
438905996,2026-07-01,25744440915,259602442,259602442,data/raw/country_code=vn/dataset=product_categories/shop_id=438905996/product_categories.csv,120,vn,product_categories,438905996,vn,25744440915.0,259602442.0,259602442.0
438905996,2026-07-01,10466590734,259602442,259602442,data/raw/country_code=vn/dataset=product_categories/shop_id=438905996/product_categories.csv,121,vn,product_categories,438905996,vn,10466590734.0,259602442.0,259602442.0
438905996,2026-07-01,29088108842,259602442,259602442,data/raw/country_code=vn/dataset=product_categories/shop_id=438905996/product_categories.csv,122,vn,product_categories,438905996,vn,29088108842.0,259602442.0,259602442.0
438905996,2026-07-01,25344436117,259602442,259602442,data/raw/country_code=vn/dataset=product_categories/shop_id=438905996/product_categories.csv,123,vn,product_categories,438905996,vn,25344436117.0,259602442.0,259602442.0
438905996,2026-07-01,29738422873,259602442,259602442,data/raw/country_code=vn/dataset=product_categories/shop_id=438905996/product_categories.csv,124,vn,product_categories,438905996,vn,29738422873.0,259602442.0,259602442.0
438905996,2026-07-01,18367916719,259602442,259602442,data/raw/country_code=vn/dataset=product_categories/shop_id=438905996/product_categories.csv,125,vn,product_categories,438905996,vn,18367916719.0,259602442.0,259602442.0
438905996,2026-07-01,40507120621,259602442,259602442,data/raw/country_code=vn/dataset=product_categories/shop_id=438905996/product_categories.csv,126,vn,product_categories,438905996,vn,40507120621.0,259602442.0,259602442.0
438905996,2026-07-01,56860203157,259602442,259602442,data/raw/country_code=vn/dataset=product_categories/shop_id=438905996/product_categories.csv,127,vn,product_categories,438905996,vn,56860203157.0,259602442.0,259602442.0
438905996,2026-07-01,56062041503,259602442,259602442,data/raw/country_code=vn/dataset=product_categories/shop_id=438905996/product_categories.csv,128,vn,product_categories,438905996,vn,56062041503.0,259602442.0,259602442.0
438905996,2026-07-01,25145752808,259602442,259602442,data/raw/country_code=vn/dataset=product_categories/shop_id=438905996/product_categories.csv,129,vn,product_categories,438905996,vn,25145752808.0,259602442.0,259602442.0
438905996,2026-07-01,28488287544,259602442,259602442,data/raw/country_code=vn/dataset=product_categories/shop_id=438905996/product_categories.csv,130,vn,product_categories,438905996,vn,28488287544.0,259602442.0,259602442.0
438905996,2026-07-01,26284532008,259602442,259602442,data/raw/country_code=vn/dataset=product_categories/shop_id=438905996/product_categories.csv,131,vn,product_categories,438905996,vn,26284532008.0,259602442.0,259602442.0
438905996,2026-07-01,57701686736,259602442,259602442,data/raw/country_code=vn/dataset=product_categories/shop_id=438905996/product_categories.csv,132,vn,product_categories,438905996,vn,57701686736.0,259602442.0,259602442.0
438905996,2026-07-01,43957595456,259602442,259602442,data/raw/country_code=vn/dataset=product_categories/shop_id=438905996/product_categories.csv,133,vn,product_categories,438905996,vn,43957595456.0,259602442.0,259602442.0
438905996,2026-07-01,53551695912,259602442,259602442,data/raw/country_code=vn/dataset=product_categories/shop_id=438905996/product_categories.csv,134,vn,product_categories,438905996,vn,53551695912.0,259602442.0,259602442.0
438905996,2026-07-01,29727728677,259602442,259602442,data/raw/country_code=vn/dataset=product_categories/shop_id=438905996/product_categories.csv,135,vn,product_categories,438905996,vn,29727728677.0,259602442.0,259602442.0
438905996,2026-07-01,17385752247,261231578,261231578,data/raw/country_code=vn/dataset=product_categories/shop_id=438905996/product_categories.csv,136,vn,product_categories,438905996,vn,17385752247.0,261231578.0,261231578.0
438905996,2026-07-01,20852613995,261231578,261231578,data/raw/country_code=vn/dataset=product_categories/shop_id=438905996/product_categories.csv,137,vn,product_categories,438905996,vn,20852613995.0,261231578.0,261231578.0
438905996,2026-07-01,13439697233,261231578,261231578,data/raw/country_code=vn/dataset=product_categories/shop_id=438905996/product_categories.csv,138,vn,product_categories,438905996,vn,13439697233.0,261231578.0,261231578.0
438905996,2026-07-01,21658340202,261231578,261231578,data/raw/country_code=vn/dataset=product_categories/shop_id=438905996/product_categories.csv,139,vn,product_categories,438905996,vn,21658340202.0,261231578.0,261231578.0
438905996,2026-07-01,11366802291,261231578,261231578,data/raw/country_code=vn/dataset=product_categories/shop_id=438905996/product_categories.csv,140,vn,product_categories,438905996,vn,11366802291.0,261231578.0,261231578.0
438905996,2026-07-01,26488409967,261231578,261231578,data/raw/country_code=vn/dataset=product_categories/shop_id=438905996/product_categories.csv,141,vn,product_categories,438905996,vn,26488409967.0,261231578.0,261231578.0
438905996,2026-07-01,23044095031,261231578,261231578,data/raw/country_code=vn/dataset=product_categories/shop_id=438905996/product_categories.csv,142,vn,product_categories,438905996,vn,23044095031.0,261231578.0,261231578.0
438905996,2026-07-01,18480491787,261231578,261231578,data/raw/country_code=vn/dataset=product_categories/shop_id=438905996/product_categories.csv,143,vn,product_categories,438905996,vn,18480491787.0,261231578.0,261231578.0
438905996,2026-07-01,21258367014,261231578,261231578,data/raw/country_code=vn/dataset=product_categories/shop_id=438905996/product_categories.csv,144,vn,product_categories,438905996,vn,21258367014.0,261231578.0,261231578.0
438905996,2026-07-01,21677414205,261231578,261231578,data/raw/country_code=vn/dataset=product_categories/shop_id=438905996/product_categories.csv,145,vn,product_categories,438905996,vn,21677414205.0,261231578.0,261231578.0
438905996,2026-07-01,18877528337,261231578,261231578,data/raw/country_code=vn/dataset=product_categories/shop_id=438905996/product_categories.csv,146,vn,product_categories,438905996,vn,18877528337.0,261231578.0,261231578.0
438905996,2026-07-01,11090028367,261231578,261231578,data/raw/country_code=vn/dataset=product_categories/shop_id=438905996/product_categories.csv,147,vn,product_categories,438905996,vn,11090028367.0,261231578.0,261231578.0
438905996,2026-07-01,23560645214,261231578,261231578,data/raw/country_code=vn/dataset=product_categories/shop_id=438905996/product_categories.csv,148,vn,product_categories,438905996,vn,23560645214.0,261231578.0,261231578.0
438905996,2026-07-01,16825736129,261231578,261231578,data/raw/country_code=vn/dataset=product_categories/shop_id=438905996/product_categories.csv,149,vn,product_categories,438905996,vn,16825736129.0,261231578.0,261231578.0
438905996,2026-07-01,22243784219,261231578,261231578,data/raw/country_code=vn/dataset=product_categories/shop_id=438905996/product_categories.csv,150,vn,product_categories,438905996,vn,22243784219.0,261231578.0,261231578.0
438905996,2026-07-01,11966626126,261231578,261231578,data/raw/country_code=vn/dataset=product_categories/shop_id=438905996/product_categories.csv,151,vn,product_categories,438905996,vn,11966626126.0,261231578.0,261231578.0
438905996,2026-07-01,18970964057,261231578,261231578,data/raw/country_code=vn/dataset=product_categories/shop_id=438905996/product_categories.csv,152,vn,product_categories,438905996,vn,18970964057.0,261231578.0,261231578.0
438905996,2026-07-01,22830862149,261231578,261231578,data/raw/country_code=vn/dataset=product_categories/shop_id=438905996/product_categories.csv,153,vn,product_categories,438905996,vn,22830862149.0,261231578.0,261231578.0
438905996,2026-07-01,22636113353,261231578,261231578,data/raw/country_code=vn/dataset=product_categories/shop_id=438905996/product_categories.csv,154,vn,product_categories,438905996,vn,22636113353.0,261231578.0,261231578.0
438905996,2026-07-01,19479438852,261231578,261231578,data/raw/country_code=vn/dataset=product_categories/shop_id=438905996/product_categories.csv,155,vn,product_categories,438905996,vn,19479438852.0,261231578.0,261231578.0
438905996,2026-07-01,40157591819,261231578,261231578,data/raw/country_code=vn/dataset=product_categories/shop_id=438905996/product_categories.csv,156,vn,product_categories,438905996,vn,40157591819.0,261231578.0,261231578.0
438905996,2026-07-01,11090028367,261231598,261231598,data/raw/country_code=vn/dataset=product_categories/shop_id=438905996/product_categories.csv,157,vn,product_categories,438905996,vn,11090028367.0,261231598.0,261231598.0
438905996,2026-07-01,26589754927,261231598,261231598,data/raw/country_code=vn/dataset=product_categories/shop_id=438905996/product_categories.csv,158,vn,product_categories,438905996,vn,26589754927.0,261231598.0,261231598.0
438905996,2026-07-02,17385752247,155133913,155133913,data/raw/country_code=vn/dataset=product_categories/shop_id=438905996/product_categories.csv,159,vn,product_categories,438905996,vn,17385752247.0,155133913.0,155133913.0
438905996,2026-07-02,13439697233,155133913,155133913,data/raw/country_code=vn/dataset=product_categories/shop_id=438905996/product_categories.csv,160,vn,product_categories,438905996,vn,13439697233.0,155133913.0,155133913.0
438905996,2026-07-02,18684826924,155133913,155133913,data/raw/country_code=vn/dataset=product_categories/shop_id=438905996/product_categories.csv,161,vn,product_categories,438905996,vn,18684826924.0,155133913.0,155133913.0
438905996,2026-07-02,21258367014,155133913,155133913,data/raw/country_code=vn/dataset=product_categories/shop_id=438905996/product_categories.csv,162,vn,product_categories,438905996,vn,21258367014.0,155133913.0,155133913.0
438905996,2026-07-02,11966626126,155133913,155133913,data/raw/country_code=vn/dataset=product_categories/shop_id=438905996/product_categories.csv,163,vn,product_categories,438905996,vn,11966626126.0,155133913.0,155133913.0
438905996,2026-07-02,21975544291,155133913,155133913,data/raw/country_code=vn/dataset=product_categories/shop_id=438905996/product_categories.csv,164,vn,product_categories,438905996,vn,21975544291.0,155133913.0,155133913.0
438905996,2026-07-02,24700119875,155133913,155133913,data/raw/country_code=vn/dataset=product_categories/shop_id=438905996/product_categories.csv,165,vn,product_categories,438905996,vn,24700119875.0,155133913.0,155133913.0
438905996,2026-07-02,18970964057,155133913,155133913,data/raw/country_code=vn/dataset=product_categories/shop_id=438905996/product_categories.csv,166,vn,product_categories,438905996,vn,18970964057.0,155133913.0,155133913.0
438905996,2026-07-02,23117784722,155133913,155133913,data/raw/country_code=vn/dataset=product_categories/shop_id=438905996/product_categories.csv,167,vn,product_categories,438905996,vn,23117784722.0,155133913.0,155133913.0
438905996,2026-07-02,26579122800,155133913,155133913,data/raw/country_code=vn/dataset=product_categories/shop_id=438905996/product_categories.csv,168,vn,product_categories,438905996,vn,26579122800.0,155133913.0,155133913.0
438905996,2026-07-02,21377681750,155133913,155133913,data/raw/country_code=vn/dataset=product_categories/shop_id=438905996/product_categories.csv,169,vn,product_categories,438905996,vn,21377681750.0,155133913.0,155133913.0
438905996,2026-07-02,19760852081,155133913,155133913,data/raw/country_code=vn/dataset=product_categories/shop_id=438905996/product_categories.csv,170,vn,product_categories,438905996,vn,19760852081.0,155133913.0,155133913.0
438905996,2026-07-02,19448050564,155133913,155133913,data/raw/country_code=vn/dataset=product_categories/shop_id=438905996/product_categories.csv,171,vn,product_categories,438905996,vn,19448050564.0,155133913.0,155133913.0
438905996,2026-07-02,23651446221,155133913,155133913,data/raw/country_code=vn/dataset=product_categories/shop_id=438905996/product_categories.csv,172,vn,product_categories,438905996,vn,23651446221.0,155133913.0,155133913.0
438905996,2026-07-02,51410286188,155133913,155133913,data/raw/country_code=vn/dataset=product_categories/shop_id=438905996/product_categories.csv,173,vn,product_categories,438905996,vn,51410286188.0,155133913.0,155133913.0
438905996,2026-07-02,28526139038,155133913,155133913,data/raw/country_code=vn/dataset=product_categories/shop_id=438905996/product_categories.csv,174,vn,product_categories,438905996,vn,28526139038.0,155133913.0,155133913.0
438905996,2026-07-02,18480491787,155134021,155134021,data/raw/country_code=vn/dataset=product_categories/shop_id=438905996/product_categories.csv,175,vn,product_categories,438905996,vn,18480491787.0,155134021.0,155134021.0
438905996,2026-07-02,22243784219,155134021,155134021,data/raw/country_code=vn/dataset=product_categories/shop_id=438905996/product_categories.csv,176,vn,product_categories,438905996,vn,22243784219.0,155134021.0,155134021.0
438905996,2026-07-02,20486486922,155134021,155134021,data/raw/country_code=vn/dataset=product_categories/shop_id=438905996/product_categories.csv,177,vn,product_categories,438905996,vn,20486486922.0,155134021.0,155134021.0
438905996,2026-07-02,48206797229,155134021,155134021,data/raw/country_code=vn/dataset=product_categories/shop_id=438905996/product_categories.csv,178,vn,product_categories,438905996,vn,48206797229.0,155134021.0,155134021.0
438905996,2026-07-02,49559932159,155134021,155134021,data/raw/country_code=vn/dataset=product_categories/shop_id=438905996/product_categories.csv,179,vn,product_categories,438905996,vn,49559932159.0,155134021.0,155134021.0
438905996,2026-07-02,49106797794,155134021,155134021,data/raw/country_code=vn/dataset=product_categories/shop_id=438905996/product_categories.csv,180,vn,product_categories,438905996,vn,49106797794.0,155134021.0,155134021.0
438905996,2026-07-02,25950531610,155134021,155134021,data/raw/country_code=vn/dataset=product_categories/shop_id=438905996/product_categories.csv,181,vn,product_categories,438905996,vn,25950531610.0,155134021.0,155134021.0
438905996,2026-07-02,22462828294,158671238,158671238,data/raw/country_code=vn/dataset=product_categories/shop_id=438905996/product_categories.csv,182,vn,product_categories,438905996,vn,22462828294.0,158671238.0,158671238.0
438905996,2026-07-02,22636113353,158671238,158671238,data/raw/country_code=vn/dataset=product_categories/shop_id=438905996/product_categories.csv,183,vn,product_categories,438905996,vn,22636113353.0,158671238.0,158671238.0
438905996,2026-07-02,42500556873,158671238,158671238,data/raw/country_code=vn/dataset=product_categories/shop_id=438905996/product_categories.csv,184,vn,product_categories,438905996,vn,42500556873.0,158671238.0,158671238.0
438905996,2026-07-02,25744440915,158671238,158671238,data/raw/country_code=vn/dataset=product_categories/shop_id=438905996/product_categories.csv,185,vn,product_categories,438905996,vn,25744440915.0,158671238.0,158671238.0
438905996,2026-07-02,21377681750,158671238,158671238,data/raw/country_code=vn/dataset=product_categories/shop_id=438905996/product_categories.csv,186,vn,product_categories,438905996,vn,21377681750.0,158671238.0,158671238.0
438905996,2026-07-02,25344436117,158671238,158671238,data/raw/country_code=vn/dataset=product_categories/shop_id=438905996/product_categories.csv,187,vn,product_categories,438905996,vn,25344436117.0,158671238.0,158671238.0
438905996,2026-07-02,29738422873,158671238,158671238,data/raw/country_code=vn/dataset=product_categories/shop_id=438905996/product_categories.csv,188,vn,product_categories,438905996,vn,29738422873.0,158671238.0,158671238.0
438905996,2026-07-02,26284532008,158671238,158671238,data/raw/country_code=vn/dataset=product_categories/shop_id=438905996/product_categories.csv,189,vn,product_categories,438905996,vn,26284532008.0,158671238.0,158671238.0
438905996,2026-07-02,49460368720,158671238,158671238,data/raw/country_code=vn/dataset=product_categories/shop_id=438905996/product_categories.csv,190,vn,product_categories,438905996,vn,49460368720.0,158671238.0,158671238.0
438905996,2026-07-02,43957595456,158671238,158671238,data/raw/country_code=vn/dataset=product_categories/shop_id=438905996/product_categories.csv,191,vn,product_categories,438905996,vn,43957595456.0,158671238.0,158671238.0
438905996,2026-07-02,57260349532,158671238,158671238,data/raw/country_code=vn/dataset=product_categories/shop_id=438905996/product_categories.csv,192,vn,product_categories,438905996,vn,57260349532.0,158671238.0,158671238.0
438905996,2026-07-02,56210343716,158671238,158671238,data/raw/country_code=vn/dataset=product_categories/shop_id=438905996/product_categories.csv,193,vn,product_categories,438905996,vn,56210343716.0,158671238.0,158671238.0
438905996,2026-07-02,29727728677,158671238,158671238,data/raw/country_code=vn/dataset=product_categories/shop_id=438905996/product_categories.csv,194,vn,product_categories,438905996,vn,29727728677.0,158671238.0,158671238.0
438905996,2026-07-02,21188363250,158671238,158671238,data/raw/country_code=vn/dataset=product_categories/shop_id=438905996/product_categories.csv,195,vn,product_categories,438905996,vn,21188363250.0,158671238.0,158671238.0
438905996,2026-07-02,53210360524,158671238,158671238,data/raw/country_code=vn/dataset=product_categories/shop_id=438905996/product_categories.csv,196,vn,product_categories,438905996,vn,53210360524.0,158671238.0,158671238.0
438905996,2026-07-02,11090028367,243520852,243520852,data/raw/country_code=vn/dataset=product_categories/shop_id=438905996/product_categories.csv,197,vn,product_categories,438905996,vn,11090028367.0,243520852.0,243520852.0
438905996,2026-07-02,10466590734,243520852,243520852,data/raw/country_code=vn/dataset=product_categories/shop_id=438905996/product_categories.csv,198,vn,product_categories,438905996,vn,10466590734.0,243520852.0,243520852.0
438905996,2026-07-02,25950531610,243520852,243520852,data/raw/country_code=vn/dataset=product_categories/shop_id=438905996/product_categories.csv,199,vn,product_categories,438905996,vn,25950531610.0,243520852.0,243520852.0
438905996,2026-07-02,19760852081,243520852,243520852,data/raw/country_code=vn/dataset=product_categories/shop_id=438905996/product_categories.csv,200,vn,product_categories,438905996,vn,19760852081.0,243520852.0,243520852.0
438905996,2026-07-02,19448050564,243520852,243520852,data/raw/country_code=vn/dataset=product_categories/shop_id=438905996/product_categories.csv,201,vn,product_categories,438905996,vn,19448050564.0,243520852.0,243520852.0
438905996,2026-07-02,18367916719,243520852,243520852,data/raw/country_code=vn/dataset=product_categories/shop_id=438905996/product_categories.csv,202,vn,product_categories,438905996,vn,18367916719.0,243520852.0,243520852.0
438905996,2026-07-02,56062041503,243520852,243520852,data/raw/country_code=vn/dataset=product_categories/shop_id=438905996/product_categories.csv,203,vn,product_categories,438905996,vn,56062041503.0,243520852.0,243520852.0
438905996,2026-07-02,52710351721,243520852,243520852,data/raw/country_code=vn/dataset=product_categories/shop_id=438905996/product_categories.csv,204,vn,product_categories,438905996,vn,52710351721.0,243520852.0,243520852.0
438905996,2026-07-02,16196107987,243520852,243520852,data/raw/country_code=vn/dataset=product_categories/shop_id=438905996/product_categories.csv,205,vn,product_categories,438905996,vn,16196107987.0,243520852.0,243520852.0
438905996,2026-07-02,57210285849,243520852,243520852,data/raw/country_code=vn/dataset=product_categories/shop_id=438905996/product_categories.csv,206,vn,product_categories,438905996,vn,57210285849.0,243520852.0,243520852.0
438905996,2026-07-02,45460311001,243520852,243520852,data/raw/country_code=vn/dataset=product_categories/shop_id=438905996/product_categories.csv,207,vn,product_categories,438905996,vn,45460311001.0,243520852.0,243520852.0
438905996,2026-07-02,43852307558,243520852,243520852,data/raw/country_code=vn/dataset=product_categories/shop_id=438905996/product_categories.csv,208,vn,product_categories,438905996,vn,43852307558.0,243520852.0,243520852.0
438905996,2026-07-02,56310231315,243520852,243520852,data/raw/country_code=vn/dataset=product_categories/shop_id=438905996/product_categories.csv,209,vn,product_categories,438905996,vn,56310231315.0,243520852.0,243520852.0
438905996,2026-07-02,20477673172,248421348,248421348,data/raw/country_code=vn/dataset=product_categories/shop_id=438905996/product_categories.csv,210,vn,product_categories,438905996,vn,20477673172.0,248421348.0,248421348.0
438905996,2026-07-02,20652617695,248421348,248421348,data/raw/country_code=vn/dataset=product_categories/shop_id=438905996/product_categories.csv,211,vn,product_categories,438905996,vn,20652617695.0,248421348.0,248421348.0
438905996,2026-07-02,22654206837,248421348,248421348,data/raw/country_code=vn/dataset=product_categories/shop_id=438905996/product_categories.csv,212,vn,product_categories,438905996,vn,22654206837.0,248421348.0,248421348.0
438905996,2026-07-02,11166632589,248421348,248421348,data/raw/country_code=vn/dataset=product_categories/shop_id=438905996/product_categories.csv,213,vn,product_categories,438905996,vn,11166632589.0,248421348.0,248421348.0
438905996,2026-07-02,22330873798,248421348,248421348,data/raw/country_code=vn/dataset=product_categories/shop_id=438905996/product_categories.csv,214,vn,product_categories,438905996,vn,22330873798.0,248421348.0,248421348.0
438905996,2026-07-02,50410083782,248421348,248421348,data/raw/country_code=vn/dataset=product_categories/shop_id=438905996/product_categories.csv,215,vn,product_categories,438905996,vn,50410083782.0,248421348.0,248421348.0
438905996,2026-07-02,43852307558,248421348,248421348,data/raw/country_code=vn/dataset=product_categories/shop_id=438905996/product_categories.csv,216,vn,product_categories,438905996,vn,43852307558.0,248421348.0,248421348.0
438905996,2026-07-02,21658340202,248774243,248774243,data/raw/country_code=vn/dataset=product_categories/shop_id=438905996/product_categories.csv,217,vn,product_categories,438905996,vn,21658340202.0,248774243.0,248774243.0
438905996,2026-07-02,23044095031,248774243,248774243,data/raw/country_code=vn/dataset=product_categories/shop_id=438905996/product_categories.csv,218,vn,product_categories,438905996,vn,23044095031.0,248774243.0,248774243.0
438905996,2026-07-02,23560645214,248774243,248774243,data/raw/country_code=vn/dataset=product_categories/shop_id=438905996/product_categories.csv,219,vn,product_categories,438905996,vn,23560645214.0,248774243.0,248774243.0
438905996,2026-07-02,16825736129,248774243,248774243,data/raw/country_code=vn/dataset=product_categories/shop_id=438905996/product_categories.csv,220,vn,product_categories,438905996,vn,16825736129.0,248774243.0,248774243.0
438905996,2026-07-02,22759887263,248774243,248774243,data/raw/country_code=vn/dataset=product_categories/shop_id=438905996/product_categories.csv,221,vn,product_categories,438905996,vn,22759887263.0,248774243.0,248774243.0
438905996,2026-07-02,22462828294,248774243,248774243,data/raw/country_code=vn/dataset=product_categories/shop_id=438905996/product_categories.csv,222,vn,product_categories,438905996,vn,22462828294.0,248774243.0,248774243.0
438905996,2026-07-02,28236664738,248774243,248774243,data/raw/country_code=vn/dataset=product_categories/shop_id=438905996/product_categories.csv,223,vn,product_categories,438905996,vn,28236664738.0,248774243.0,248774243.0
438905996,2026-07-02,41628205893,248774243,248774243,data/raw/country_code=vn/dataset=product_categories/shop_id=438905996/product_categories.csv,224,vn,product_categories,438905996,vn,41628205893.0,248774243.0,248774243.0
438905996,2026-07-02,19479438852,248774243,248774243,data/raw/country_code=vn/dataset=product_categories/shop_id=438905996/product_categories.csv,225,vn,product_categories,438905996,vn,19479438852.0,248774243.0,248774243.0
438905996,2026-07-02,42500556873,248774243,248774243,data/raw/country_code=vn/dataset=product_categories/shop_id=438905996/product_categories.csv,226,vn,product_categories,438905996,vn,42500556873.0,248774243.0,248774243.0
438905996,2026-07-02,43600566645,248774243,248774243,data/raw/country_code=vn/dataset=product_categories/shop_id=438905996/product_categories.csv,227,vn,product_categories,438905996,vn,43600566645.0,248774243.0,248774243.0
438905996,2026-07-02,21377681750,248774243,248774243,data/raw/country_code=vn/dataset=product_categories/shop_id=438905996/product_categories.csv,228,vn,product_categories,438905996,vn,21377681750.0,248774243.0,248774243.0
438905996,2026-07-02,46805415448,248774243,248774243,data/raw/country_code=vn/dataset=product_categories/shop_id=438905996/product_categories.csv,229,vn,product_categories,438905996,vn,46805415448.0,248774243.0,248774243.0
438905996,2026-07-02,28438413736,248774243,248774243,data/raw/country_code=vn/dataset=product_categories/shop_id=438905996/product_categories.csv,230,vn,product_categories,438905996,vn,28438413736.0,248774243.0,248774243.0
438905996,2026-07-02,44007597771,248774243,248774243,data/raw/country_code=vn/dataset=product_categories/shop_id=438905996/product_categories.csv,231,vn,product_categories,438905996,vn,44007597771.0,248774243.0,248774243.0
438905996,2026-07-02,49660842718,248774243,248774243,data/raw/country_code=vn/dataset=product_categories/shop_id=438905996/product_categories.csv,232,vn,product_categories,438905996,vn,49660842718.0,248774243.0,248774243.0
438905996,2026-07-02,16196107987,248774243,248774243,data/raw/country_code=vn/dataset=product_categories/shop_id=438905996/product_categories.csv,233,vn,product_categories,438905996,vn,16196107987.0,248774243.0,248774243.0
438905996,2026-07-02,49460368720,248774243,248774243,data/raw/country_code=vn/dataset=product_categories/shop_id=438905996/product_categories.csv,234,vn,product_categories,438905996,vn,49460368720.0,248774243.0,248774243.0
438905996,2026-07-02,47161022997,248774243,248774243,data/raw/country_code=vn/dataset=product_categories/shop_id=438905996/product_categories.csv,235,vn,product_categories,438905996,vn,47161022997.0,248774243.0,248774243.0
438905996,2026-07-02,56210343716,248774243,248774243,data/raw/country_code=vn/dataset=product_categories/shop_id=438905996/product_categories.csv,236,vn,product_categories,438905996,vn,56210343716.0,248774243.0,248774243.0
438905996,2026-07-02,50861006954,248774243,248774243,data/raw/country_code=vn/dataset=product_categories/shop_id=438905996/product_categories.csv,237,vn,product_categories,438905996,vn,50861006954.0,248774243.0,248774243.0
438905996,2026-07-02,23738702520,258004532,258004532,data/raw/country_code=vn/dataset=product_categories/shop_id=438905996/product_categories.csv,238,vn,product_categories,438905996,vn,23738702520.0,258004532.0,258004532.0
438905996,2026-07-02,25052927410,258004532,258004532,data/raw/country_code=vn/dataset=product_categories/shop_id=438905996/product_categories.csv,239,vn,product_categories,438905996,vn,25052927410.0,258004532.0,258004532.0
438905996,2026-07-02,21479403474,258004532,258004532,data/raw/country_code=vn/dataset=product_categories/shop_id=438905996/product_categories.csv,240,vn,product_categories,438905996,vn,21479403474.0,258004532.0,258004532.0
438905996,2026-07-02,23826107700,258004532,258004532,data/raw/country_code=vn/dataset=product_categories/shop_id=438905996/product_categories.csv,241,vn,product_categories,438905996,vn,23826107700.0,258004532.0,258004532.0
438905996,2026-07-02,21795581180,259073235,259073235,data/raw/country_code=vn/dataset=product_categories/shop_id=438905996/product_categories.csv,242,vn,product_categories,438905996,vn,21795581180.0,259073235.0,259073235.0
438905996,2026-07-02,29575235557,259073235,259073235,data/raw/country_code=vn/dataset=product_categories/shop_id=438905996/product_categories.csv,243,vn,product_categories,438905996,vn,29575235557.0,259073235.0,259073235.0
438905996,2026-07-02,23476552513,259073235,259073235,data/raw/country_code=vn/dataset=product_categories/shop_id=438905996/product_categories.csv,244,vn,product_categories,438905996,vn,23476552513.0,259073235.0,259073235.0
438905996,2026-07-02,46712105892,259073235,259073235,data/raw/country_code=vn/dataset=product_categories/shop_id=438905996/product_categories.csv,245,vn,product_categories,438905996,vn,46712105892.0,259073235.0,259073235.0
438905996,2026-07-02,57259950354,259073235,259073235,data/raw/country_code=vn/dataset=product_categories/shop_id=438905996/product_categories.csv,246,vn,product_categories,438905996,vn,57259950354.0,259073235.0,259073235.0
438905996,2026-07-02,24002925688,259073235,259073235,data/raw/country_code=vn/dataset=product_categories/shop_id=438905996/product_categories.csv,247,vn,product_categories,438905996,vn,24002925688.0,259073235.0,259073235.0
438905996,2026-07-02,45410969628,259073235,259073235,data/raw/country_code=vn/dataset=product_categories/shop_id=438905996/product_categories.csv,248,vn,product_categories,438905996,vn,45410969628.0,259073235.0,259073235.0
438905996,2026-07-02,56811471193,259073235,259073235,data/raw/country_code=vn/dataset=product_categories/shop_id=438905996/product_categories.csv,249,vn,product_categories,438905996,vn,56811471193.0,259073235.0,259073235.0
438905996,2026-07-02,28045099629,259073235,259073235,data/raw/country_code=vn/dataset=product_categories/shop_id=438905996/product_categories.csv,250,vn,product_categories,438905996,vn,28045099629.0,259073235.0,259073235.0
438905996,2026-07-02,55962469680,259073235,259073235,data/raw/country_code=vn/dataset=product_categories/shop_id=438905996/product_categories.csv,251,vn,product_categories,438905996,vn,55962469680.0,259073235.0,259073235.0
438905996,2026-07-02,46961314681,259073235,259073235,data/raw/country_code=vn/dataset=product_categories/shop_id=438905996/product_categories.csv,252,vn,product_categories,438905996,vn,46961314681.0,259073235.0,259073235.0
438905996,2026-07-02,46800472365,259073235,259073235,data/raw/country_code=vn/dataset=product_categories/shop_id=438905996/product_categories.csv,253,vn,product_categories,438905996,vn,46800472365.0,259073235.0,259073235.0
438905996,2026-07-02,29088108842,259073235,259073235,data/raw/country_code=vn/dataset=product_categories/shop_id=438905996/product_categories.csv,254,vn,product_categories,438905996,vn,29088108842.0,259073235.0,259073235.0
438905996,2026-07-02,25145752808,259073235,259073235,data/raw/country_code=vn/dataset=product_categories/shop_id=438905996/product_categories.csv,255,vn,product_categories,438905996,vn,25145752808.0,259073235.0,259073235.0
438905996,2026-07-02,20852613995,259602442,259602442,data/raw/country_code=vn/dataset=product_categories/shop_id=438905996/product_categories.csv,256,vn,product_categories,438905996,vn,20852613995.0,259602442.0,259602442.0
438905996,2026-07-02,11366802291,259602442,259602442,data/raw/country_code=vn/dataset=product_categories/shop_id=438905996/product_categories.csv,257,vn,product_categories,438905996,vn,11366802291.0,259602442.0,259602442.0
438905996,2026-07-02,26488409967,259602442,259602442,data/raw/country_code=vn/dataset=product_categories/shop_id=438905996/product_categories.csv,258,vn,product_categories,438905996,vn,26488409967.0,259602442.0,259602442.0
438905996,2026-07-02,51460942294,259602442,259602442,data/raw/country_code=vn/dataset=product_categories/shop_id=438905996/product_categories.csv,259,vn,product_categories,438905996,vn,51460942294.0,259602442.0,259602442.0
438905996,2026-07-02,41307588613,259602442,259602442,data/raw/country_code=vn/dataset=product_categories/shop_id=438905996/product_categories.csv,260,vn,product_categories,438905996,vn,41307588613.0,259602442.0,259602442.0
438905996,2026-07-02,43357596628,259602442,259602442,data/raw/country_code=vn/dataset=product_categories/shop_id=438905996/product_categories.csv,261,vn,product_categories,438905996,vn,43357596628.0,259602442.0,259602442.0
438905996,2026-07-02,18877528337,259602442,259602442,data/raw/country_code=vn/dataset=product_categories/shop_id=438905996/product_categories.csv,262,vn,product_categories,438905996,vn,18877528337.0,259602442.0,259602442.0
438905996,2026-07-02,21677414205,259602442,259602442,data/raw/country_code=vn/dataset=product_categories/shop_id=438905996/product_categories.csv,263,vn,product_categories,438905996,vn,21677414205.0,259602442.0,259602442.0
438905996,2026-07-02,11090028367,259602442,259602442,data/raw/country_code=vn/dataset=product_categories/shop_id=438905996/product_categories.csv,264,vn,product_categories,438905996,vn,11090028367.0,259602442.0,259602442.0
438905996,2026-07-02,23184849821,259602442,259602442,data/raw/country_code=vn/dataset=product_categories/shop_id=438905996/product_categories.csv,265,vn,product_categories,438905996,vn,23184849821.0,259602442.0,259602442.0
438905996,2026-07-02,43807592371,259602442,259602442,data/raw/country_code=vn/dataset=product_categories/shop_id=438905996/product_categories.csv,266,vn,product_categories,438905996,vn,43807592371.0,259602442.0,259602442.0
438905996,2026-07-02,22830862149,259602442,259602442,data/raw/country_code=vn/dataset=product_categories/shop_id=438905996/product_categories.csv,267,vn,product_categories,438905996,vn,22830862149.0,259602442.0,259602442.0
438905996,2026-07-02,47560964182,259602442,259602442,data/raw/country_code=vn/dataset=product_categories/shop_id=438905996/product_categories.csv,268,vn,product_categories,438905996,vn,47560964182.0,259602442.0,259602442.0
438905996,2026-07-02,22636113353,259602442,259602442,data/raw/country_code=vn/dataset=product_categories/shop_id=438905996/product_categories.csv,269,vn,product_categories,438905996,vn,22636113353.0,259602442.0,259602442.0
438905996,2026-07-02,22670919692,259602442,259602442,data/raw/country_code=vn/dataset=product_categories/shop_id=438905996/product_categories.csv,270,vn,product_categories,438905996,vn,22670919692.0,259602442.0,259602442.0
438905996,2026-07-02,43357600879,259602442,259602442,data/raw/country_code=vn/dataset=product_categories/shop_id=438905996/product_categories.csv,271,vn,product_categories,438905996,vn,43357600879.0,259602442.0,259602442.0
438905996,2026-07-02,26010792468,259602442,259602442,data/raw/country_code=vn/dataset=product_categories/shop_id=438905996/product_categories.csv,272,vn,product_categories,438905996,vn,26010792468.0,259602442.0,259602442.0
438905996,2026-07-02,54709901533,259602442,259602442,data/raw/country_code=vn/dataset=product_categories/shop_id=438905996/product_categories.csv,273,vn,product_categories,438905996,vn,54709901533.0,259602442.0,259602442.0
438905996,2026-07-02,25744440915,259602442,259602442,data/raw/country_code=vn/dataset=product_categories/shop_id=438905996/product_categories.csv,274,vn,product_categories,438905996,vn,25744440915.0,259602442.0,259602442.0
438905996,2026-07-02,47959526710,259602442,259602442,data/raw/country_code=vn/dataset=product_categories/shop_id=438905996/product_categories.csv,275,vn,product_categories,438905996,vn,47959526710.0,259602442.0,259602442.0
438905996,2026-07-02,40157591819,259602442,259602442,data/raw/country_code=vn/dataset=product_categories/shop_id=438905996/product_categories.csv,276,vn,product_categories,438905996,vn,40157591819.0,259602442.0,259602442.0
438905996,2026-07-02,10466590734,259602442,259602442,data/raw/country_code=vn/dataset=product_categories/shop_id=438905996/product_categories.csv,277,vn,product_categories,438905996,vn,10466590734.0,259602442.0,259602442.0
438905996,2026-07-02,25344436117,259602442,259602442,data/raw/country_code=vn/dataset=product_categories/shop_id=438905996/product_categories.csv,278,vn,product_categories,438905996,vn,25344436117.0,259602442.0,259602442.0
438905996,2026-07-02,29738422873,259602442,259602442,data/raw/country_code=vn/dataset=product_categories/shop_id=438905996/product_categories.csv,279,vn,product_categories,438905996,vn,29738422873.0,259602442.0,259602442.0
438905996,2026-07-02,40507120621,259602442,259602442,data/raw/country_code=vn/dataset=product_categories/shop_id=438905996/product_categories.csv,280,vn,product_categories,438905996,vn,40507120621.0,259602442.0,259602442.0
438905996,2026-07-02,29088108842,259602442,259602442,data/raw/country_code=vn/dataset=product_categories/shop_id=438905996/product_categories.csv,281,vn,product_categories,438905996,vn,29088108842.0,259602442.0,259602442.0
438905996,2026-07-02,18367916719,259602442,259602442,data/raw/country_code=vn/dataset=product_categories/shop_id=438905996/product_categories.csv,282,vn,product_categories,438905996,vn,18367916719.0,259602442.0,259602442.0
438905996,2026-07-02,56860203157,259602442,259602442,data/raw/country_code=vn/dataset=product_categories/shop_id=438905996/product_categories.csv,283,vn,product_categories,438905996,vn,56860203157.0,259602442.0,259602442.0
438905996,2026-07-02,57701686736,259602442,259602442,data/raw/country_code=vn/dataset=product_categories/shop_id=438905996/product_categories.csv,284,vn,product_categories,438905996,vn,57701686736.0,259602442.0,259602442.0
438905996,2026-07-02,56062041503,259602442,259602442,data/raw/country_code=vn/dataset=product_categories/shop_id=438905996/product_categories.csv,285,vn,product_categories,438905996,vn,56062041503.0,259602442.0,259602442.0
438905996,2026-07-02,25145752808,259602442,259602442,data/raw/country_code=vn/dataset=product_categories/shop_id=438905996/product_categories.csv,286,vn,product_categories,438905996,vn,25145752808.0,259602442.0,259602442.0
438905996,2026-07-02,28488287544,259602442,259602442,data/raw/country_code=vn/dataset=product_categories/shop_id=438905996/product_categories.csv,287,vn,product_categories,438905996,vn,28488287544.0,259602442.0,259602442.0
438905996,2026-07-02,26284532008,259602442,259602442,data/raw/country_code=vn/dataset=product_categories/shop_id=438905996/product_categories.csv,288,vn,product_categories,438905996,vn,26284532008.0,259602442.0,259602442.0
438905996,2026-07-02,43957595456,259602442,259602442,data/raw/country_code=vn/dataset=product_categories/shop_id=438905996/product_categories.csv,289,vn,product_categories,438905996,vn,43957595456.0,259602442.0,259602442.0
438905996,2026-07-02,53551695912,259602442,259602442,data/raw/country_code=vn/dataset=product_categories/shop_id=438905996/product_categories.csv,290,vn,product_categories,438905996,vn,53551695912.0,259602442.0,259602442.0
438905996,2026-07-02,29727728677,259602442,259602442,data/raw/country_code=vn/dataset=product_categories/shop_id=438905996/product_categories.csv,291,vn,product_categories,438905996,vn,29727728677.0,259602442.0,259602442.0
438905996,2026-07-02,17385752247,261231578,261231578,data/raw/country_code=vn/dataset=product_categories/shop_id=438905996/product_categories.csv,292,vn,product_categories,438905996,vn,17385752247.0,261231578.0,261231578.0
438905996,2026-07-02,20852613995,261231578,261231578,data/raw/country_code=vn/dataset=product_categories/shop_id=438905996/product_categories.csv,293,vn,product_categories,438905996,vn,20852613995.0,261231578.0,261231578.0
438905996,2026-07-02,13439697233,261231578,261231578,data/raw/country_code=vn/dataset=product_categories/shop_id=438905996/product_categories.csv,294,vn,product_categories,438905996,vn,13439697233.0,261231578.0,261231578.0
438905996,2026-07-02,21658340202,261231578,261231578,data/raw/country_code=vn/dataset=product_categories/shop_id=438905996/product_categories.csv,295,vn,product_categories,438905996,vn,21658340202.0,261231578.0,261231578.0
438905996,2026-07-02,11366802291,261231578,261231578,data/raw/country_code=vn/dataset=product_categories/shop_id=438905996/product_categories.csv,296,vn,product_categories,438905996,vn,11366802291.0,261231578.0,261231578.0
438905996,2026-07-02,26488409967,261231578,261231578,data/raw/country_code=vn/dataset=product_categories/shop_id=438905996/product_categories.csv,297,vn,product_categories,438905996,vn,26488409967.0,261231578.0,261231578.0
438905996,2026-07-02,23044095031,261231578,261231578,data/raw/country_code=vn/dataset=product_categories/shop_id=438905996/product_categories.csv,298,vn,product_categories,438905996,vn,23044095031.0,261231578.0,261231578.0
438905996,2026-07-02,18480491787,261231578,261231578,data/raw/country_code=vn/dataset=product_categories/shop_id=438905996/product_categories.csv,299,vn,product_categories,438905996,vn,18480491787.0,261231578.0,261231578.0
438905996,2026-07-02,21258367014,261231578,261231578,data/raw/country_code=vn/dataset=product_categories/shop_id=438905996/product_categories.csv,300,vn,product_categories,438905996,vn,21258367014.0,261231578.0,261231578.0
438905996,2026-07-02,18877528337,261231578,261231578,data/raw/country_code=vn/dataset=product_categories/shop_id=438905996/product_categories.csv,301,vn,product_categories,438905996,vn,18877528337.0,261231578.0,261231578.0
438905996,2026-07-02,21677414205,261231578,261231578,data/raw/country_code=vn/dataset=product_categories/shop_id=438905996/product_categories.csv,302,vn,product_categories,438905996,vn,21677414205.0,261231578.0,261231578.0
438905996,2026-07-02,11090028367,261231578,261231578,data/raw/country_code=vn/dataset=product_categories/shop_id=438905996/product_categories.csv,303,vn,product_categories,438905996,vn,11090028367.0,261231578.0,261231578.0
438905996,2026-07-02,23560645214,261231578,261231578,data/raw/country_code=vn/dataset=product_categories/shop_id=438905996/product_categories.csv,304,vn,product_categories,438905996,vn,23560645214.0,261231578.0,261231578.0
438905996,2026-07-02,22243784219,261231578,261231578,data/raw/country_code=vn/dataset=product_categories/shop_id=438905996/product_categories.csv,305,vn,product_categories,438905996,vn,22243784219.0,261231578.0,261231578.0
438905996,2026-07-02,16825736129,261231578,261231578,data/raw/country_code=vn/dataset=product_categories/shop_id=438905996/product_categories.csv,306,vn,product_categories,438905996,vn,16825736129.0,261231578.0,261231578.0
438905996,2026-07-02,11966626126,261231578,261231578,data/raw/country_code=vn/dataset=product_categories/shop_id=438905996/product_categories.csv,307,vn,product_categories,438905996,vn,11966626126.0,261231578.0,261231578.0
438905996,2026-07-02,18970964057,261231578,261231578,data/raw/country_code=vn/dataset=product_categories/shop_id=438905996/product_categories.csv,308,vn,product_categories,438905996,vn,18970964057.0,261231578.0,261231578.0
438905996,2026-07-02,22830862149,261231578,261231578,data/raw/country_code=vn/dataset=product_categories/shop_id=438905996/product_categories.csv,309,vn,product_categories,438905996,vn,22830862149.0,261231578.0,261231578.0
438905996,2026-07-02,19479438852,261231578,261231578,data/raw/country_code=vn/dataset=product_categories/shop_id=438905996/product_categories.csv,310,vn,product_categories,438905996,vn,19479438852.0,261231578.0,261231578.0
438905996,2026-07-02,22636113353,261231578,261231578,data/raw/country_code=vn/dataset=product_categories/shop_id=438905996/product_categories.csv,311,vn,product_categories,438905996,vn,22636113353.0,261231578.0,261231578.0
438905996,2026-07-02,40157591819,261231578,261231578,data/raw/country_code=vn/dataset=product_categories/shop_id=438905996/product_categories.csv,312,vn,product_categories,438905996,vn,40157591819.0,261231578.0,261231578.0
438905996,2026-07-02,11090028367,261231598,261231598,data/raw/country_code=vn/dataset=product_categories/shop_id=438905996/product_categories.csv,313,vn,product_categories,438905996,vn,11090028367.0,261231598.0,261231598.0
438905996,2026-07-02,26589754927,261231598,261231598,data/raw/country_code=vn/dataset=product_categories/shop_id=438905996/product_categories.csv,314,vn,product_categories,438905996,vn,26589754927.0,261231598.0,261231598.0
438905996,2026-07-03,17385752247,155133913,155133913,data/raw/country_code=vn/dataset=product_categories/shop_id=438905996/product_categories.csv,315,vn,product_categories,438905996,vn,17385752247.0,155133913.0,155133913.0
438905996,2026-07-03,13439697233,155133913,155133913,data/raw/country_code=vn/dataset=product_categories/shop_id=438905996/product_categories.csv,316,vn,product_categories,438905996,vn,13439697233.0,155133913.0,155133913.0
438905996,2026-07-03,18684826924,155133913,155133913,data/raw/country_code=vn/dataset=product_categories/shop_id=438905996/product_categories.csv,317,vn,product_categories,438905996,vn,18684826924.0,155133913.0,155133913.0
438905996,2026-07-03,21258367014,155133913,155133913,data/raw/country_code=vn/dataset=product_categories/shop_id=438905996/product_categories.csv,318,vn,product_categories,438905996,vn,21258367014.0,155133913.0,155133913.0
438905996,2026-07-03,18970964057,155133913,155133913,data/raw/country_code=vn/dataset=product_categories/shop_id=438905996/product_categories.csv,319,vn,product_categories,438905996,vn,18970964057.0,155133913.0,155133913.0
438905996,2026-07-03,24700119875,155133913,155133913,data/raw/country_code=vn/dataset=product_categories/shop_id=438905996/product_categories.csv,320,vn,product_categories,438905996,vn,24700119875.0,155133913.0,155133913.0
438905996,2026-07-03,11966626126,155133913,155133913,data/raw/country_code=vn/dataset=product_categories/shop_id=438905996/product_categories.csv,321,vn,product_categories,438905996,vn,11966626126.0,155133913.0,155133913.0
438905996,2026-07-03,21975544291,155133913,155133913,data/raw/country_code=vn/dataset=product_categories/shop_id=438905996/product_categories.csv,322,vn,product_categories,438905996,vn,21975544291.0,155133913.0,155133913.0
438905996,2026-07-03,23117784722,155133913,155133913,data/raw/country_code=vn/dataset=product_categories/shop_id=438905996/product_categories.csv,323,vn,product_categories,438905996,vn,23117784722.0,155133913.0,155133913.0
438905996,2026-07-03,19760852081,155133913,155133913,data/raw/country_code=vn/dataset=product_categories/shop_id=438905996/product_categories.csv,324,vn,product_categories,438905996,vn,19760852081.0,155133913.0,155133913.0
438905996,2026-07-03,26579122800,155133913,155133913,data/raw/country_code=vn/dataset=product_categories/shop_id=438905996/product_categories.csv,325,vn,product_categories,438905996,vn,26579122800.0,155133913.0,155133913.0
438905996,2026-07-03,21377681750,155133913,155133913,data/raw/country_code=vn/dataset=product_categories/shop_id=438905996/product_categories.csv,326,vn,product_categories,438905996,vn,21377681750.0,155133913.0,155133913.0
438905996,2026-07-03,19448050564,155133913,155133913,data/raw/country_code=vn/dataset=product_categories/shop_id=438905996/product_categories.csv,327,vn,product_categories,438905996,vn,19448050564.0,155133913.0,155133913.0
438905996,2026-07-03,51410286188,155133913,155133913,data/raw/country_code=vn/dataset=product_categories/shop_id=438905996/product_categories.csv,328,vn,product_categories,438905996,vn,51410286188.0,155133913.0,155133913.0
438905996,2026-07-03,23651446221,155133913,155133913,data/raw/country_code=vn/dataset=product_categories/shop_id=438905996/product_categories.csv,329,vn,product_categories,438905996,vn,23651446221.0,155133913.0,155133913.0
438905996,2026-07-03,28526139038,155133913,155133913,data/raw/country_code=vn/dataset=product_categories/shop_id=438905996/product_categories.csv,330,vn,product_categories,438905996,vn,28526139038.0,155133913.0,155133913.0
438905996,2026-07-03,18480491787,155134021,155134021,data/raw/country_code=vn/dataset=product_categories/shop_id=438905996/product_categories.csv,331,vn,product_categories,438905996,vn,18480491787.0,155134021.0,155134021.0
438905996,2026-07-03,22243784219,155134021,155134021,data/raw/country_code=vn/dataset=product_categories/shop_id=438905996/product_categories.csv,332,vn,product_categories,438905996,vn,22243784219.0,155134021.0,155134021.0
438905996,2026-07-03,20486486922,155134021,155134021,data/raw/country_code=vn/dataset=product_categories/shop_id=438905996/product_categories.csv,333,vn,product_categories,438905996,vn,20486486922.0,155134021.0,155134021.0
438905996,2026-07-03,48206797229,155134021,155134021,data/raw/country_code=vn/dataset=product_categories/shop_id=438905996/product_categories.csv,334,vn,product_categories,438905996,vn,48206797229.0,155134021.0,155134021.0
438905996,2026-07-03,49559932159,155134021,155134021,data/raw/country_code=vn/dataset=product_categories/shop_id=438905996/product_categories.csv,335,vn,product_categories,438905996,vn,49559932159.0,155134021.0,155134021.0
438905996,2026-07-03,49106797794,155134021,155134021,data/raw/country_code=vn/dataset=product_categories/shop_id=438905996/product_categories.csv,336,vn,product_categories,438905996,vn,49106797794.0,155134021.0,155134021.0
438905996,2026-07-03,25950531610,155134021,155134021,data/raw/country_code=vn/dataset=product_categories/shop_id=438905996/product_categories.csv,337,vn,product_categories,438905996,vn,25950531610.0,155134021.0,155134021.0
438905996,2026-07-03,22462828294,158671238,158671238,data/raw/country_code=vn/dataset=product_categories/shop_id=438905996/product_categories.csv,338,vn,product_categories,438905996,vn,22462828294.0,158671238.0,158671238.0
438905996,2026-07-03,42500556873,158671238,158671238,data/raw/country_code=vn/dataset=product_categories/shop_id=438905996/product_categories.csv,339,vn,product_categories,438905996,vn,42500556873.0,158671238.0,158671238.0
438905996,2026-07-03,22636113353,158671238,158671238,data/raw/country_code=vn/dataset=product_categories/shop_id=438905996/product_categories.csv,340,vn,product_categories,438905996,vn,22636113353.0,158671238.0,158671238.0
438905996,2026-07-03,25744440915,158671238,158671238,data/raw/country_code=vn/dataset=product_categories/shop_id=438905996/product_categories.csv,341,vn,product_categories,438905996,vn,25744440915.0,158671238.0,158671238.0
438905996,2026-07-03,21377681750,158671238,158671238,data/raw/country_code=vn/dataset=product_categories/shop_id=438905996/product_categories.csv,342,vn,product_categories,438905996,vn,21377681750.0,158671238.0,158671238.0
438905996,2026-07-03,25344436117,158671238,158671238,data/raw/country_code=vn/dataset=product_categories/shop_id=438905996/product_categories.csv,343,vn,product_categories,438905996,vn,25344436117.0,158671238.0,158671238.0
438905996,2026-07-03,29738422873,158671238,158671238,data/raw/country_code=vn/dataset=product_categories/shop_id=438905996/product_categories.csv,344,vn,product_categories,438905996,vn,29738422873.0,158671238.0,158671238.0
438905996,2026-07-03,49460368720,158671238,158671238,data/raw/country_code=vn/dataset=product_categories/shop_id=438905996/product_categories.csv,345,vn,product_categories,438905996,vn,49460368720.0,158671238.0,158671238.0
438905996,2026-07-03,26284532008,158671238,158671238,data/raw/country_code=vn/dataset=product_categories/shop_id=438905996/product_categories.csv,346,vn,product_categories,438905996,vn,26284532008.0,158671238.0,158671238.0
438905996,2026-07-03,43957595456,158671238,158671238,data/raw/country_code=vn/dataset=product_categories/shop_id=438905996/product_categories.csv,347,vn,product_categories,438905996,vn,43957595456.0,158671238.0,158671238.0
438905996,2026-07-03,29727728677,158671238,158671238,data/raw/country_code=vn/dataset=product_categories/shop_id=438905996/product_categories.csv,348,vn,product_categories,438905996,vn,29727728677.0,158671238.0,158671238.0
438905996,2026-07-03,56210343716,158671238,158671238,data/raw/country_code=vn/dataset=product_categories/shop_id=438905996/product_categories.csv,349,vn,product_categories,438905996,vn,56210343716.0,158671238.0,158671238.0
438905996,2026-07-03,21188363250,158671238,158671238,data/raw/country_code=vn/dataset=product_categories/shop_id=438905996/product_categories.csv,350,vn,product_categories,438905996,vn,21188363250.0,158671238.0,158671238.0
438905996,2026-07-03,53210360524,158671238,158671238,data/raw/country_code=vn/dataset=product_categories/shop_id=438905996/product_categories.csv,351,vn,product_categories,438905996,vn,53210360524.0,158671238.0,158671238.0
438905996,2026-07-03,11090028367,243520852,243520852,data/raw/country_code=vn/dataset=product_categories/shop_id=438905996/product_categories.csv,352,vn,product_categories,438905996,vn,11090028367.0,243520852.0,243520852.0
438905996,2026-07-03,10466590734,243520852,243520852,data/raw/country_code=vn/dataset=product_categories/shop_id=438905996/product_categories.csv,353,vn,product_categories,438905996,vn,10466590734.0,243520852.0,243520852.0
438905996,2026-07-03,19760852081,243520852,243520852,data/raw/country_code=vn/dataset=product_categories/shop_id=438905996/product_categories.csv,354,vn,product_categories,438905996,vn,19760852081.0,243520852.0,243520852.0
438905996,2026-07-03,25950531610,243520852,243520852,data/raw/country_code=vn/dataset=product_categories/shop_id=438905996/product_categories.csv,355,vn,product_categories,438905996,vn,25950531610.0,243520852.0,243520852.0
438905996,2026-07-03,18367916719,243520852,243520852,data/raw/country_code=vn/dataset=product_categories/shop_id=438905996/product_categories.csv,356,vn,product_categories,438905996,vn,18367916719.0,243520852.0,243520852.0
438905996,2026-07-03,19448050564,243520852,243520852,data/raw/country_code=vn/dataset=product_categories/shop_id=438905996/product_categories.csv,357,vn,product_categories,438905996,vn,19448050564.0,243520852.0,243520852.0
438905996,2026-07-03,56062041503,243520852,243520852,data/raw/country_code=vn/dataset=product_categories/shop_id=438905996/product_categories.csv,358,vn,product_categories,438905996,vn,56062041503.0,243520852.0,243520852.0
438905996,2026-07-03,52710351721,243520852,243520852,data/raw/country_code=vn/dataset=product_categories/shop_id=438905996/product_categories.csv,359,vn,product_categories,438905996,vn,52710351721.0,243520852.0,243520852.0
438905996,2026-07-03,16196107987,243520852,243520852,data/raw/country_code=vn/dataset=product_categories/shop_id=438905996/product_categories.csv,360,vn,product_categories,438905996,vn,16196107987.0,243520852.0,243520852.0
438905996,2026-07-03,45460311001,243520852,243520852,data/raw/country_code=vn/dataset=product_categories/shop_id=438905996/product_categories.csv,361,vn,product_categories,438905996,vn,45460311001.0,243520852.0,243520852.0
438905996,2026-07-03,57210285849,243520852,243520852,data/raw/country_code=vn/dataset=product_categories/shop_id=438905996/product_categories.csv,362,vn,product_categories,438905996,vn,57210285849.0,243520852.0,243520852.0
438905996,2026-07-03,43852307558,243520852,243520852,data/raw/country_code=vn/dataset=product_categories/shop_id=438905996/product_categories.csv,363,vn,product_categories,438905996,vn,43852307558.0,243520852.0,243520852.0
438905996,2026-07-03,56310231315,243520852,243520852,data/raw/country_code=vn/dataset=product_categories/shop_id=438905996/product_categories.csv,364,vn,product_categories,438905996,vn,56310231315.0,243520852.0,243520852.0
438905996,2026-07-03,20477673172,248421348,248421348,data/raw/country_code=vn/dataset=product_categories/shop_id=438905996/product_categories.csv,365,vn,product_categories,438905996,vn,20477673172.0,248421348.0,248421348.0
438905996,2026-07-03,20652617695,248421348,248421348,data/raw/country_code=vn/dataset=product_categories/shop_id=438905996/product_categories.csv,366,vn,product_categories,438905996,vn,20652617695.0,248421348.0,248421348.0
438905996,2026-07-03,22330873798,248421348,248421348,data/raw/country_code=vn/dataset=product_categories/shop_id=438905996/product_categories.csv,367,vn,product_categories,438905996,vn,22330873798.0,248421348.0,248421348.0
438905996,2026-07-03,11166632589,248421348,248421348,data/raw/country_code=vn/dataset=product_categories/shop_id=438905996/product_categories.csv,368,vn,product_categories,438905996,vn,11166632589.0,248421348.0,248421348.0
438905996,2026-07-03,22654206837,248421348,248421348,data/raw/country_code=vn/dataset=product_categories/shop_id=438905996/product_categories.csv,369,vn,product_categories,438905996,vn,22654206837.0,248421348.0,248421348.0
438905996,2026-07-03,50410083782,248421348,248421348,data/raw/country_code=vn/dataset=product_categories/shop_id=438905996/product_categories.csv,370,vn,product_categories,438905996,vn,50410083782.0,248421348.0,248421348.0
438905996,2026-07-03,43852307558,248421348,248421348,data/raw/country_code=vn/dataset=product_categories/shop_id=438905996/product_categories.csv,371,vn,product_categories,438905996,vn,43852307558.0,248421348.0,248421348.0
438905996,2026-07-03,23044095031,248774243,248774243,data/raw/country_code=vn/dataset=product_categories/shop_id=438905996/product_categories.csv,372,vn,product_categories,438905996,vn,23044095031.0,248774243.0,248774243.0
438905996,2026-07-03,21658340202,248774243,248774243,data/raw/country_code=vn/dataset=product_categories/shop_id=438905996/product_categories.csv,373,vn,product_categories,438905996,vn,21658340202.0,248774243.0,248774243.0
438905996,2026-07-03,16825736129,248774243,248774243,data/raw/country_code=vn/dataset=product_categories/shop_id=438905996/product_categories.csv,374,vn,product_categories,438905996,vn,16825736129.0,248774243.0,248774243.0
438905996,2026-07-03,22759887263,248774243,248774243,data/raw/country_code=vn/dataset=product_categories/shop_id=438905996/product_categories.csv,375,vn,product_categories,438905996,vn,22759887263.0,248774243.0,248774243.0
438905996,2026-07-03,23560645214,248774243,248774243,data/raw/country_code=vn/dataset=product_categories/shop_id=438905996/product_categories.csv,376,vn,product_categories,438905996,vn,23560645214.0,248774243.0,248774243.0
438905996,2026-07-03,22462828294,248774243,248774243,data/raw/country_code=vn/dataset=product_categories/shop_id=438905996/product_categories.csv,377,vn,product_categories,438905996,vn,22462828294.0,248774243.0,248774243.0
438905996,2026-07-03,28236664738,248774243,248774243,data/raw/country_code=vn/dataset=product_categories/shop_id=438905996/product_categories.csv,378,vn,product_categories,438905996,vn,28236664738.0,248774243.0,248774243.0
438905996,2026-07-03,42500556873,248774243,248774243,data/raw/country_code=vn/dataset=product_categories/shop_id=438905996/product_categories.csv,379,vn,product_categories,438905996,vn,42500556873.0,248774243.0,248774243.0
438905996,2026-07-03,19479438852,248774243,248774243,data/raw/country_code=vn/dataset=product_categories/shop_id=438905996/product_categories.csv,380,vn,product_categories,438905996,vn,19479438852.0,248774243.0,248774243.0
438905996,2026-07-03,41628205893,248774243,248774243,data/raw/country_code=vn/dataset=product_categories/shop_id=438905996/product_categories.csv,381,vn,product_categories,438905996,vn,41628205893.0,248774243.0,248774243.0
438905996,2026-07-03,43600566645,248774243,248774243,data/raw/country_code=vn/dataset=product_categories/shop_id=438905996/product_categories.csv,382,vn,product_categories,438905996,vn,43600566645.0,248774243.0,248774243.0
438905996,2026-07-03,21377681750,248774243,248774243,data/raw/country_code=vn/dataset=product_categories/shop_id=438905996/product_categories.csv,383,vn,product_categories,438905996,vn,21377681750.0,248774243.0,248774243.0
438905996,2026-07-03,46805415448,248774243,248774243,data/raw/country_code=vn/dataset=product_categories/shop_id=438905996/product_categories.csv,384,vn,product_categories,438905996,vn,46805415448.0,248774243.0,248774243.0
438905996,2026-07-03,44007597771,248774243,248774243,data/raw/country_code=vn/dataset=product_categories/shop_id=438905996/product_categories.csv,385,vn,product_categories,438905996,vn,44007597771.0,248774243.0,248774243.0
438905996,2026-07-03,28438413736,248774243,248774243,data/raw/country_code=vn/dataset=product_categories/shop_id=438905996/product_categories.csv,386,vn,product_categories,438905996,vn,28438413736.0,248774243.0,248774243.0
438905996,2026-07-03,49660842718,248774243,248774243,data/raw/country_code=vn/dataset=product_categories/shop_id=438905996/product_categories.csv,387,vn,product_categories,438905996,vn,49660842718.0,248774243.0,248774243.0
438905996,2026-07-03,49460368720,248774243,248774243,data/raw/country_code=vn/dataset=product_categories/shop_id=438905996/product_categories.csv,388,vn,product_categories,438905996,vn,49460368720.0,248774243.0,248774243.0
438905996,2026-07-03,16196107987,248774243,248774243,data/raw/country_code=vn/dataset=product_categories/shop_id=438905996/product_categories.csv,389,vn,product_categories,438905996,vn,16196107987.0,248774243.0,248774243.0
438905996,2026-07-03,47161022997,248774243,248774243,data/raw/country_code=vn/dataset=product_categories/shop_id=438905996/product_categories.csv,390,vn,product_categories,438905996,vn,47161022997.0,248774243.0,248774243.0
438905996,2026-07-03,56210343716,248774243,248774243,data/raw/country_code=vn/dataset=product_categories/shop_id=438905996/product_categories.csv,391,vn,product_categories,438905996,vn,56210343716.0,248774243.0,248774243.0
438905996,2026-07-03,50861006954,248774243,248774243,data/raw/country_code=vn/dataset=product_categories/shop_id=438905996/product_categories.csv,392,vn,product_categories,438905996,vn,50861006954.0,248774243.0,248774243.0
438905996,2026-07-03,23738702520,258004532,258004532,data/raw/country_code=vn/dataset=product_categories/shop_id=438905996/product_categories.csv,393,vn,product_categories,438905996,vn,23738702520.0,258004532.0,258004532.0
438905996,2026-07-03,21479403474,258004532,258004532,data/raw/country_code=vn/dataset=product_categories/shop_id=438905996/product_categories.csv,394,vn,product_categories,438905996,vn,21479403474.0,258004532.0,258004532.0
438905996,2026-07-03,25052927410,258004532,258004532,data/raw/country_code=vn/dataset=product_categories/shop_id=438905996/product_categories.csv,395,vn,product_categories,438905996,vn,25052927410.0,258004532.0,258004532.0
438905996,2026-07-03,23826107700,258004532,258004532,data/raw/country_code=vn/dataset=product_categories/shop_id=438905996/product_categories.csv,396,vn,product_categories,438905996,vn,23826107700.0,258004532.0,258004532.0
438905996,2026-07-03,21795581180,259073235,259073235,data/raw/country_code=vn/dataset=product_categories/shop_id=438905996/product_categories.csv,397,vn,product_categories,438905996,vn,21795581180.0,259073235.0,259073235.0
438905996,2026-07-03,46712105892,259073235,259073235,data/raw/country_code=vn/dataset=product_categories/shop_id=438905996/product_categories.csv,398,vn,product_categories,438905996,vn,46712105892.0,259073235.0,259073235.0
438905996,2026-07-03,23476552513,259073235,259073235,data/raw/country_code=vn/dataset=product_categories/shop_id=438905996/product_categories.csv,399,vn,product_categories,438905996,vn,23476552513.0,259073235.0,259073235.0
438905996,2026-07-03,29575235557,259073235,259073235,data/raw/country_code=vn/dataset=product_categories/shop_id=438905996/product_categories.csv,400,vn,product_categories,438905996,vn,29575235557.0,259073235.0,259073235.0
438905996,2026-07-03,56811471193,259073235,259073235,data/raw/country_code=vn/dataset=product_categories/shop_id=438905996/product_categories.csv,401,vn,product_categories,438905996,vn,56811471193.0,259073235.0,259073235.0
438905996,2026-07-03,57259950354,259073235,259073235,data/raw/country_code=vn/dataset=product_categories/shop_id=438905996/product_categories.csv,402,vn,product_categories,438905996,vn,57259950354.0,259073235.0,259073235.0
438905996,2026-07-03,24002925688,259073235,259073235,data/raw/country_code=vn/dataset=product_categories/shop_id=438905996/product_categories.csv,403,vn,product_categories,438905996,vn,24002925688.0,259073235.0,259073235.0
438905996,2026-07-03,45410969628,259073235,259073235,data/raw/country_code=vn/dataset=product_categories/shop_id=438905996/product_categories.csv,404,vn,product_categories,438905996,vn,45410969628.0,259073235.0,259073235.0
438905996,2026-07-03,55962469680,259073235,259073235,data/raw/country_code=vn/dataset=product_categories/shop_id=438905996/product_categories.csv,405,vn,product_categories,438905996,vn,55962469680.0,259073235.0,259073235.0
438905996,2026-07-03,46961314681,259073235,259073235,data/raw/country_code=vn/dataset=product_categories/shop_id=438905996/product_categories.csv,406,vn,product_categories,438905996,vn,46961314681.0,259073235.0,259073235.0
438905996,2026-07-03,28045099629,259073235,259073235,data/raw/country_code=vn/dataset=product_categories/shop_id=438905996/product_categories.csv,407,vn,product_categories,438905996,vn,28045099629.0,259073235.0,259073235.0
438905996,2026-07-03,29088108842,259073235,259073235,data/raw/country_code=vn/dataset=product_categories/shop_id=438905996/product_categories.csv,408,vn,product_categories,438905996,vn,29088108842.0,259073235.0,259073235.0
438905996,2026-07-03,25145752808,259073235,259073235,data/raw/country_code=vn/dataset=product_categories/shop_id=438905996/product_categories.csv,409,vn,product_categories,438905996,vn,25145752808.0,259073235.0,259073235.0
438905996,2026-07-03,46800472365,259073235,259073235,data/raw/country_code=vn/dataset=product_categories/shop_id=438905996/product_categories.csv,410,vn,product_categories,438905996,vn,46800472365.0,259073235.0,259073235.0
438905996,2026-07-03,20852613995,259602442,259602442,data/raw/country_code=vn/dataset=product_categories/shop_id=438905996/product_categories.csv,411,vn,product_categories,438905996,vn,20852613995.0,259602442.0,259602442.0
438905996,2026-07-03,11366802291,259602442,259602442,data/raw/country_code=vn/dataset=product_categories/shop_id=438905996/product_categories.csv,412,vn,product_categories,438905996,vn,11366802291.0,259602442.0,259602442.0
438905996,2026-07-03,26488409967,259602442,259602442,data/raw/country_code=vn/dataset=product_categories/shop_id=438905996/product_categories.csv,413,vn,product_categories,438905996,vn,26488409967.0,259602442.0,259602442.0
438905996,2026-07-03,51460942294,259602442,259602442,data/raw/country_code=vn/dataset=product_categories/shop_id=438905996/product_categories.csv,414,vn,product_categories,438905996,vn,51460942294.0,259602442.0,259602442.0
438905996,2026-07-03,21677414205,259602442,259602442,data/raw/country_code=vn/dataset=product_categories/shop_id=438905996/product_categories.csv,415,vn,product_categories,438905996,vn,21677414205.0,259602442.0,259602442.0
438905996,2026-07-03,41307588613,259602442,259602442,data/raw/country_code=vn/dataset=product_categories/shop_id=438905996/product_categories.csv,416,vn,product_categories,438905996,vn,41307588613.0,259602442.0,259602442.0
438905996,2026-07-03,18877528337,259602442,259602442,data/raw/country_code=vn/dataset=product_categories/shop_id=438905996/product_categories.csv,417,vn,product_categories,438905996,vn,18877528337.0,259602442.0,259602442.0
438905996,2026-07-03,43357596628,259602442,259602442,data/raw/country_code=vn/dataset=product_categories/shop_id=438905996/product_categories.csv,418,vn,product_categories,438905996,vn,43357596628.0,259602442.0,259602442.0
438905996,2026-07-03,11090028367,259602442,259602442,data/raw/country_code=vn/dataset=product_categories/shop_id=438905996/product_categories.csv,419,vn,product_categories,438905996,vn,11090028367.0,259602442.0,259602442.0
438905996,2026-07-03,23184849821,259602442,259602442,data/raw/country_code=vn/dataset=product_categories/shop_id=438905996/product_categories.csv,420,vn,product_categories,438905996,vn,23184849821.0,259602442.0,259602442.0
438905996,2026-07-03,43807592371,259602442,259602442,data/raw/country_code=vn/dataset=product_categories/shop_id=438905996/product_categories.csv,421,vn,product_categories,438905996,vn,43807592371.0,259602442.0,259602442.0
438905996,2026-07-03,22830862149,259602442,259602442,data/raw/country_code=vn/dataset=product_categories/shop_id=438905996/product_categories.csv,422,vn,product_categories,438905996,vn,22830862149.0,259602442.0,259602442.0
438905996,2026-07-03,47560964182,259602442,259602442,data/raw/country_code=vn/dataset=product_categories/shop_id=438905996/product_categories.csv,423,vn,product_categories,438905996,vn,47560964182.0,259602442.0,259602442.0
438905996,2026-07-03,26010792468,259602442,259602442,data/raw/country_code=vn/dataset=product_categories/shop_id=438905996/product_categories.csv,424,vn,product_categories,438905996,vn,26010792468.0,259602442.0,259602442.0
438905996,2026-07-03,22636113353,259602442,259602442,data/raw/country_code=vn/dataset=product_categories/shop_id=438905996/product_categories.csv,425,vn,product_categories,438905996,vn,22636113353.0,259602442.0,259602442.0
438905996,2026-07-03,43357600879,259602442,259602442,data/raw/country_code=vn/dataset=product_categories/shop_id=438905996/product_categories.csv,426,vn,product_categories,438905996,vn,43357600879.0,259602442.0,259602442.0
438905996,2026-07-03,47959526710,259602442,259602442,data/raw/country_code=vn/dataset=product_categories/shop_id=438905996/product_categories.csv,427,vn,product_categories,438905996,vn,47959526710.0,259602442.0,259602442.0
438905996,2026-07-03,22670919692,259602442,259602442,data/raw/country_code=vn/dataset=product_categories/shop_id=438905996/product_categories.csv,428,vn,product_categories,438905996,vn,22670919692.0,259602442.0,259602442.0
438905996,2026-07-03,54709901533,259602442,259602442,data/raw/country_code=vn/dataset=product_categories/shop_id=438905996/product_categories.csv,429,vn,product_categories,438905996,vn,54709901533.0,259602442.0,259602442.0
438905996,2026-07-03,25744440915,259602442,259602442,data/raw/country_code=vn/dataset=product_categories/shop_id=438905996/product_categories.csv,430,vn,product_categories,438905996,vn,25744440915.0,259602442.0,259602442.0
438905996,2026-07-03,29088108842,259602442,259602442,data/raw/country_code=vn/dataset=product_categories/shop_id=438905996/product_categories.csv,431,vn,product_categories,438905996,vn,29088108842.0,259602442.0,259602442.0
438905996,2026-07-03,10466590734,259602442,259602442,data/raw/country_code=vn/dataset=product_categories/shop_id=438905996/product_categories.csv,432,vn,product_categories,438905996,vn,10466590734.0,259602442.0,259602442.0
438905996,2026-07-03,40157591819,259602442,259602442,data/raw/country_code=vn/dataset=product_categories/shop_id=438905996/product_categories.csv,433,vn,product_categories,438905996,vn,40157591819.0,259602442.0,259602442.0
438905996,2026-07-03,40507120621,259602442,259602442,data/raw/country_code=vn/dataset=product_categories/shop_id=438905996/product_categories.csv,434,vn,product_categories,438905996,vn,40507120621.0,259602442.0,259602442.0
438905996,2026-07-03,25145752808,259602442,259602442,data/raw/country_code=vn/dataset=product_categories/shop_id=438905996/product_categories.csv,435,vn,product_categories,438905996,vn,25145752808.0,259602442.0,259602442.0
438905996,2026-07-03,25344436117,259602442,259602442,data/raw/country_code=vn/dataset=product_categories/shop_id=438905996/product_categories.csv,436,vn,product_categories,438905996,vn,25344436117.0,259602442.0,259602442.0
438905996,2026-07-03,18367916719,259602442,259602442,data/raw/country_code=vn/dataset=product_categories/shop_id=438905996/product_categories.csv,437,vn,product_categories,438905996,vn,18367916719.0,259602442.0,259602442.0
438905996,2026-07-03,29738422873,259602442,259602442,data/raw/country_code=vn/dataset=product_categories/shop_id=438905996/product_categories.csv,438,vn,product_categories,438905996,vn,29738422873.0,259602442.0,259602442.0
438905996,2026-07-03,56860203157,259602442,259602442,data/raw/country_code=vn/dataset=product_categories/shop_id=438905996/product_categories.csv,439,vn,product_categories,438905996,vn,56860203157.0,259602442.0,259602442.0
438905996,2026-07-03,57701686736,259602442,259602442,data/raw/country_code=vn/dataset=product_categories/shop_id=438905996/product_categories.csv,440,vn,product_categories,438905996,vn,57701686736.0,259602442.0,259602442.0
438905996,2026-07-03,56062041503,259602442,259602442,data/raw/country_code=vn/dataset=product_categories/shop_id=438905996/product_categories.csv,441,vn,product_categories,438905996,vn,56062041503.0,259602442.0,259602442.0
438905996,2026-07-03,28488287544,259602442,259602442,data/raw/country_code=vn/dataset=product_categories/shop_id=438905996/product_categories.csv,442,vn,product_categories,438905996,vn,28488287544.0,259602442.0,259602442.0
438905996,2026-07-03,26284532008,259602442,259602442,data/raw/country_code=vn/dataset=product_categories/shop_id=438905996/product_categories.csv,443,vn,product_categories,438905996,vn,26284532008.0,259602442.0,259602442.0
438905996,2026-07-03,43957595456,259602442,259602442,data/raw/country_code=vn/dataset=product_categories/shop_id=438905996/product_categories.csv,444,vn,product_categories,438905996,vn,43957595456.0,259602442.0,259602442.0
438905996,2026-07-03,29727728677,259602442,259602442,data/raw/country_code=vn/dataset=product_categories/shop_id=438905996/product_categories.csv,445,vn,product_categories,438905996,vn,29727728677.0,259602442.0,259602442.0
438905996,2026-07-03,53551695912,259602442,259602442,data/raw/country_code=vn/dataset=product_categories/shop_id=438905996/product_categories.csv,446,vn,product_categories,438905996,vn,53551695912.0,259602442.0,259602442.0
438905996,2026-07-03,20852613995,261231578,261231578,data/raw/country_code=vn/dataset=product_categories/shop_id=438905996/product_categories.csv,447,vn,product_categories,438905996,vn,20852613995.0,261231578.0,261231578.0
438905996,2026-07-03,17385752247,261231578,261231578,data/raw/country_code=vn/dataset=product_categories/shop_id=438905996/product_categories.csv,448,vn,product_categories,438905996,vn,17385752247.0,261231578.0,261231578.0
438905996,2026-07-03,23044095031,261231578,261231578,data/raw/country_code=vn/dataset=product_categories/shop_id=438905996/product_categories.csv,449,vn,product_categories,438905996,vn,23044095031.0,261231578.0,261231578.0
438905996,2026-07-03,21658340202,261231578,261231578,data/raw/country_code=vn/dataset=product_categories/shop_id=438905996/product_categories.csv,450,vn,product_categories,438905996,vn,21658340202.0,261231578.0,261231578.0
438905996,2026-07-03,13439697233,261231578,261231578,data/raw/country_code=vn/dataset=product_categories/shop_id=438905996/product_categories.csv,451,vn,product_categories,438905996,vn,13439697233.0,261231578.0,261231578.0
438905996,2026-07-03,11366802291,261231578,261231578,data/raw/country_code=vn/dataset=product_categories/shop_id=438905996/product_categories.csv,452,vn,product_categories,438905996,vn,11366802291.0,261231578.0,261231578.0
438905996,2026-07-03,26488409967,261231578,261231578,data/raw/country_code=vn/dataset=product_categories/shop_id=438905996/product_categories.csv,453,vn,product_categories,438905996,vn,26488409967.0,261231578.0,261231578.0
438905996,2026-07-03,18480491787,261231578,261231578,data/raw/country_code=vn/dataset=product_categories/shop_id=438905996/product_categories.csv,454,vn,product_categories,438905996,vn,18480491787.0,261231578.0,261231578.0
438905996,2026-07-03,21677414205,261231578,261231578,data/raw/country_code=vn/dataset=product_categories/shop_id=438905996/product_categories.csv,455,vn,product_categories,438905996,vn,21677414205.0,261231578.0,261231578.0
438905996,2026-07-03,21258367014,261231578,261231578,data/raw/country_code=vn/dataset=product_categories/shop_id=438905996/product_categories.csv,456,vn,product_categories,438905996,vn,21258367014.0,261231578.0,261231578.0
438905996,2026-07-03,22243784219,261231578,261231578,data/raw/country_code=vn/dataset=product_categories/shop_id=438905996/product_categories.csv,457,vn,product_categories,438905996,vn,22243784219.0,261231578.0,261231578.0
438905996,2026-07-03,16825736129,261231578,261231578,data/raw/country_code=vn/dataset=product_categories/shop_id=438905996/product_categories.csv,458,vn,product_categories,438905996,vn,16825736129.0,261231578.0,261231578.0
438905996,2026-07-03,18877528337,261231578,261231578,data/raw/country_code=vn/dataset=product_categories/shop_id=438905996/product_categories.csv,459,vn,product_categories,438905996,vn,18877528337.0,261231578.0,261231578.0
438905996,2026-07-03,23560645214,261231578,261231578,data/raw/country_code=vn/dataset=product_categories/shop_id=438905996/product_categories.csv,460,vn,product_categories,438905996,vn,23560645214.0,261231578.0,261231578.0
438905996,2026-07-03,11090028367,261231578,261231578,data/raw/country_code=vn/dataset=product_categories/shop_id=438905996/product_categories.csv,461,vn,product_categories,438905996,vn,11090028367.0,261231578.0,261231578.0
438905996,2026-07-03,18970964057,261231578,261231578,data/raw/country_code=vn/dataset=product_categories/shop_id=438905996/product_categories.csv,462,vn,product_categories,438905996,vn,18970964057.0,261231578.0,261231578.0
438905996,2026-07-03,11966626126,261231578,261231578,data/raw/country_code=vn/dataset=product_categories/shop_id=438905996/product_categories.csv,463,vn,product_categories,438905996,vn,11966626126.0,261231578.0,261231578.0
438905996,2026-07-03,22830862149,261231578,261231578,data/raw/country_code=vn/dataset=product_categories/shop_id=438905996/product_categories.csv,464,vn,product_categories,438905996,vn,22830862149.0,261231578.0,261231578.0
438905996,2026-07-03,19479438852,261231578,261231578,data/raw/country_code=vn/dataset=product_categories/shop_id=438905996/product_categories.csv,465,vn,product_categories,438905996,vn,19479438852.0,261231578.0,261231578.0
438905996,2026-07-03,22636113353,261231578,261231578,data/raw/country_code=vn/dataset=product_categories/shop_id=438905996/product_categories.csv,466,vn,product_categories,438905996,vn,22636113353.0,261231578.0,261231578.0
438905996,2026-07-03,40157591819,261231578,261231578,data/raw/country_code=vn/dataset=product_categories/shop_id=438905996/product_categories.csv,467,vn,product_categories,438905996,vn,40157591819.0,261231578.0,261231578.0
438905996,2026-07-03,11090028367,261231598,261231598,data/raw/country_code=vn/dataset=product_categories/shop_id=438905996/product_categories.csv,468,vn,product_categories,438905996,vn,11090028367.0,261231598.0,261231598.0
438905996,2026-07-03,26589754927,261231598,261231598,data/raw/country_code=vn/dataset=product_categories/shop_id=438905996/product_categories.csv,469,vn,product_categories,438905996,vn,26589754927.0,261231598.0,261231598.0
464391416,2026-07-01,16365981952,120018900,120018900,data/raw/country_code=vn/dataset=product_categories/shop_id=464391416/product_categories.csv,2,vn,product_categories,464391416,vn,16365981952.0,120018900.0,120018900.0
464391416,2026-07-01,11213091333,120018900,120018900,data/raw/country_code=vn/dataset=product_categories/shop_id=464391416/product_categories.csv,3,vn,product_categories,464391416,vn,11213091333.0,120018900.0,120018900.0
464391416,2026-07-01,11395342887,120018900,120018900,data/raw/country_code=vn/dataset=product_categories/shop_id=464391416/product_categories.csv,4,vn,product_categories,464391416,vn,11395342887.0,120018900.0,120018900.0
464391416,2026-07-01,9776658104,120018900,120018900,data/raw/country_code=vn/dataset=product_categories/shop_id=464391416/product_categories.csv,5,vn,product_categories,464391416,vn,9776658104.0,120018900.0,120018900.0
464391416,2026-07-01,9970000081,120019180,120019180,data/raw/country_code=vn/dataset=product_categories/shop_id=464391416/product_categories.csv,6,vn,product_categories,464391416,vn,9970000081.0,120019180.0,120019180.0
464391416,2026-07-01,4292568126,120019180,120019180,data/raw/country_code=vn/dataset=product_categories/shop_id=464391416/product_categories.csv,7,vn,product_categories,464391416,vn,4292568126.0,120019180.0,120019180.0
464391416,2026-07-01,21202484546,156468593,156468593,data/raw/country_code=vn/dataset=product_categories/shop_id=464391416/product_categories.csv,8,vn,product_categories,464391416,vn,21202484546.0,156468593.0,156468593.0
464391416,2026-07-01,17566024845,156468593,156468593,data/raw/country_code=vn/dataset=product_categories/shop_id=464391416/product_categories.csv,9,vn,product_categories,464391416,vn,17566024845.0,156468593.0,156468593.0
464391416,2026-07-01,19002502525,156468593,156468593,data/raw/country_code=vn/dataset=product_categories/shop_id=464391416/product_categories.csv,10,vn,product_categories,464391416,vn,19002502525.0,156468593.0,156468593.0
464391416,2026-07-02,16365981952,120018900,120018900,data/raw/country_code=vn/dataset=product_categories/shop_id=464391416/product_categories.csv,11,vn,product_categories,464391416,vn,16365981952.0,120018900.0,120018900.0
464391416,2026-07-02,11213091333,120018900,120018900,data/raw/country_code=vn/dataset=product_categories/shop_id=464391416/product_categories.csv,12,vn,product_categories,464391416,vn,11213091333.0,120018900.0,120018900.0
464391416,2026-07-02,11395342887,120018900,120018900,data/raw/country_code=vn/dataset=product_categories/shop_id=464391416/product_categories.csv,13,vn,product_categories,464391416,vn,11395342887.0,120018900.0,120018900.0
464391416,2026-07-02,9776658104,120018900,120018900,data/raw/country_code=vn/dataset=product_categories/shop_id=464391416/product_categories.csv,14,vn,product_categories,464391416,vn,9776658104.0,120018900.0,120018900.0
464391416,2026-07-02,9970000081,120019180,120019180,data/raw/country_code=vn/dataset=product_categories/shop_id=464391416/product_categories.csv,15,vn,product_categories,464391416,vn,9970000081.0,120019180.0,120019180.0
464391416,2026-07-02,4292568126,120019180,120019180,data/raw/country_code=vn/dataset=product_categories/shop_id=464391416/product_categories.csv,16,vn,product_categories,464391416,vn,4292568126.0,120019180.0,120019180.0
464391416,2026-07-02,21202484546,156468593,156468593,data/raw/country_code=vn/dataset=product_categories/shop_id=464391416/product_categories.csv,17,vn,product_categories,464391416,vn,21202484546.0,156468593.0,156468593.0
464391416,2026-07-02,17566024845,156468593,156468593,data/raw/country_code=vn/dataset=product_categories/shop_id=464391416/product_categories.csv,18,vn,product_categories,464391416,vn,17566024845.0,156468593.0,156468593.0
464391416,2026-07-02,19002502525,156468593,156468593,data/raw/country_code=vn/dataset=product_categories/shop_id=464391416/product_categories.csv,19,vn,product_categories,464391416,vn,19002502525.0,156468593.0,156468593.0
464391416,2026-07-03,11213091333,120018900,120018900,data/raw/country_code=vn/dataset=product_categories/shop_id=464391416/product_categories.csv,20,vn,product_categories,464391416,vn,11213091333.0,120018900.0,120018900.0
464391416,2026-07-03,11395342887,120018900,120018900,data/raw/country_code=vn/dataset=product_categories/shop_id=464391416/product_categories.csv,21,vn,product_categories,464391416,vn,11395342887.0,120018900.0,120018900.0
464391416,2026-07-03,16365981952,120018900,120018900,data/raw/country_code=vn/dataset=product_categories/shop_id=464391416/product_categories.csv,22,vn,product_categories,464391416,vn,16365981952.0,120018900.0,120018900.0
464391416,2026-07-03,9776658104,120018900,120018900,data/raw/country_code=vn/dataset=product_categories/shop_id=464391416/product_categories.csv,23,vn,product_categories,464391416,vn,9776658104.0,120018900.0,120018900.0
464391416,2026-07-03,9970000081,120019180,120019180,data/raw/country_code=vn/dataset=product_categories/shop_id=464391416/product_categories.csv,24,vn,product_categories,464391416,vn,9970000081.0,120019180.0,120019180.0
464391416,2026-07-03,4292568126,120019180,120019180,data/raw/country_code=vn/dataset=product_categories/shop_id=464391416/product_categories.csv,25,vn,product_categories,464391416,vn,4292568126.0,120019180.0,120019180.0
464391416,2026-07-03,17566024845,156468593,156468593,data/raw/country_code=vn/dataset=product_categories/shop_id=464391416/product_categories.csv,26,vn,product_categories,464391416,vn,17566024845.0,156468593.0,156468593.0
464391416,2026-07-03,21202484546,156468593,156468593,data/raw/country_code=vn/dataset=product_categories/shop_id=464391416/product_categories.csv,27,vn,product_categories,464391416,vn,21202484546.0,156468593.0,156468593.0
464391416,2026-07-03,19002502525,156468593,156468593,data/raw/country_code=vn/dataset=product_categories/shop_id=464391416/product_categories.csv,28,vn,product_categories,464391416,vn,19002502525.0,156468593.0,156468593.0
