product_listing_key,country_code,shop_id,item_id,product_name,snapshot_date,tier_variation_name,tier_variation_options,tier_variation_options_count
id:1112776376:23763960215,id,1112776376,23763960215,SCORA D-Panthenol Gentle Low pH Cleanser 100ml Sabun Cuci Muka Sensitive Skin Friendly,2026-07-03,,"[""""]",1
id:1112776376:24122148904,id,1112776376,24122148904,IRIT BEBAS KERING SCORA D-Panthenol Gentle Low pH Cleanser Sabun Cuci Muka Sensitive Skin Friendly [TwinPack 2 Pcs],2026-07-03,,"[""""]",1
id:1112776376:24422151156,id,1112776376,24422151156,IRIT BEBAS JERAWAT-SCORA Salicylic Acid Gentle Low pH Cleanser Sabun Cuci Muka Oily Acne Prone Skin Friendly [TwinPack 2 Pcs],2026-07-03,,"[""""]",1
id:1112776376:25190984781,id,1112776376,25190984781,[READY] SCORA Sheer Glow Tone Up Cream 30 Gr | Day Cream Bright Cream,2026-07-03,,"[""""]",1
id:1112776376:25666019829,id,1112776376,25666019829,[Hero] SCORA Salicylic Acid Gentle Low pH Cleanser Sabun Cuci Muka Oily Acne Prone Skin Friendly,2026-07-03,,"[""""]",1
id:1112776376:25815711335,id,1112776376,25815711335,SCORA Salicylic Acid Gentle Low pH Cleanser Sabun Cuci Muka Oily Acne Prone Skin Friendly 100 ml,2026-07-03,,"[""""]",1
id:1112776376:26474964451,id,1112776376,26474964451,[READY] PAKET DOUBLE CERAH EFFORTLESS-SCORA Sheer Glow Tone Up Cream 30gr 2pcs,2026-07-03,,"[""""]",1
id:1112776376:26529374700,id,1112776376,26529374700,PAKET MORNING BASIC SKINCARE-SCORA 5% Niacinamide Hydramoist Gel with Alpha Arbutin & Panthenol 45ML + SCORA Gentle Low pH Cleanser,2026-07-03,Bundle Set,"[""Clear Skin Duo"", ""Calm Skin Duo""]",2
id:1112776376:26529379083,id,1112776376,26529379083,[Live] PAKET CERAH IRIT-SCORA 5% Niacinamide Hydramoist Gel with Alpha Arbutin & Panthenol 45ML 3 PCS Melembapkan Untuk Oily Skin,2026-07-03,,"[""""]",1
id:1112776376:26888332624,id,1112776376,26888332624,[Hero] PAKET DOUBLE CERAH EFFORTLESS-SCORA Glow Tone Up Cream Series 30gr 2pcs,2026-07-03,Variant,"[""Sheer Glow"", ""Honey Glow""]",2
id:1112776376:26962670206,id,1112776376,26962670206,[Live] SCORA D-Panthenol Gentle Low pH Cleanser Sabun Cuci Muka Sensitive Skin Friendly 100ML,2026-07-03,,"[""""]",1
id:1112776376:27160418327,id,1112776376,27160418327,"2,5% D-PANTHENOL BARRIER SHIELD MOISTURIZER 40ml 2 PCS[TWINPACK]",2026-07-03,,"[""""]",1
id:1112776376:28288332943,id,1112776376,28288332943,[Live] RUMUS GLOWING MTS: SCORA Bright Me Up Sunscreen 40 Gr + SCORA Sheer Glow Tone Up Cream 30 ml + SCORA Moisturizer 40ml,2026-07-03,Bundle Set,"[""Niacinamide"", ""D-Panthenol""]",2
id:1112776376:28360413045,id,1112776376,28360413045,"2,5% D-PANTHENOL BARRIER SHIELD MOISTURIZER 40ml Melembapkan Kulit Menjaga Skin Barrier",2026-07-03,,"[""""]",1
id:1112776376:28581613018,id,1112776376,28581613018,[Hero] SCORA Tone Up Cream Series 30 Gr Tone Up Viral Mencerahkan Secara Natural,2026-07-03,Variant,"[""Sheer Glow"", ""Honey Glow""]",2
id:1112776376:28929378442,id,1112776376,28929378442,"[Live] KULIT LEMBAP SEPANJANG HARI-SCORA 5% Niacinamide Hydramoist Gel with Alpha Arbutin & Panthenol 45ML + 2,5% D-PANTHENOL BARRIER SHIELD MOISTURIZER 40ml",2026-07-03,Bundle Set,"[""Niacinamide"", ""D-Panthenol""]",2
id:1112776376:29978594764,id,1112776376,29978594764,[NEW PACKAGING] SCORA 5% Niacinamide Hydramoist Gel with Alpha Arbutin & Panthenol 45ML Mencerahkan Melembapkan Kulit,2026-07-03,,"[""""]",1
id:1112776376:29986754514,id,1112776376,29986754514,RUMUS GLOWING MTS: SCORA Bright Me Up Sunscreen 40 Gr + SCORA Sheer Glow Tone Up Cream 30 ml + SCORA Moisturizer 40ml,2026-07-03,Bundle Set,"[""Sheer & Niacinamide"", ""Sheer & D-Panthenol"", ""Honey & Niacinamide"", ""Honey & D-Panthenol""]",4
id:1112776376:40057172138,id,1112776376,40057172138,[Live] SCORA Bright Me Up Sunscreen 40 Gr + SCORA Sheer Glow Tone Up Cream 30 mL,2026-07-03,,"[""""]",1
id:1112776376:41126782175,id,1112776376,41126782175,4-Step Bundle: Scora Cleanser 100ml + Scora Toner Series 80 ml + Scora Serum Series 20ml + Scora Moisturizer series,2026-07-03,Bundle Set,"[""4 Pcs - Acne"", ""4 Pcs - Brightening"", ""4 Pcs - Hydrating""]",3
id:1112776376:41357286968,id,1112776376,41357286968,[Hero] SCORA 5% Niacinamide Hydramoist Gel with Alpha Arbutin & Panthenol 45ML Mencerahkan Melembapkan Kulit,2026-07-03,,"[""""]",1
id:1112776376:41431071722,id,1112776376,41431071722,SCORA Barrier Healthy Glow Bundle: SCORA 5% D-Panthenol Barrier Water Gel Moisturizer 40ML + SCORA D-Panthenol Gentle Low pH Cleanser 100ml + SCORA Phytobright Milky Toner 80 ML + SCORA Bright Me Up Sunscreen 40 ml + SCORA Honey Glow Tone Up C,2026-07-03,Variant,"[""1 Pcs 5% D-Panthenol"", ""MTS 5% Sheer glow"", ""MTS 5% Honey"", ""Barrier Bright Kit"", ""Daily Barrier Glow""]",5
id:1112776376:42415729992,id,1112776376,42415729992,[Glowing Set] SCORA Bright Me Up Sunscreen 40 Gr + SCORA Gentle and Soothe Micellar Cleansing Water 100ML + Scora Sheer Glow Tone Up Cream 30 mL + SCORA Gentle Low pH Cleanser 100ml,2026-07-03,Bundle Set,"[""Salicylic Cleanser"", ""Micellar Water""]",2
id:1112776376:42657274673,id,1112776376,42657274673,"[Hero] 2,5% D-PANTHENOL BARRIER SHIELD MOISTURIZER 40ml Melembapkan Kulit Menjaga Skin Barrier",2026-07-03,,"[""""]",1
id:1112776376:42807278779,id,1112776376,42807278779,[Hero] SCORA Bright Me Up Sunscreen 40 gr Sunblock Mencerahkan Melindungi UV Menyerap Cepat Glowing Sepanjang Hari,2026-07-03,,"[""""]",1
id:1112776376:43050856028,id,1112776376,43050856028,SCORA Bright Me Up Sunscreen 40 gr Sunblock Mencerahkan Melindungi UV Menyerap Cepat Glowing Sepanjang Hari,2026-07-03,,"[""""]",1
id:1112776376:43350865998,id,1112776376,43350865998,SCORA Bright Me Up Sunscreen 40 Gr + SCORA Gentle Low pH Cleanser 100ml,2026-07-03,Bundle Set,"[""Salicylic"", ""D-Panthenol""]",2
id:1112776376:43678841200,id,1112776376,43678841200,SCORA Honey Glow Tone Up Cream 30 Gr,2026-07-03,,"[""""]",1
id:1112776376:44150857512,id,1112776376,44150857512,"Day & Night Care Set: SCORA Bright Me Up Sunscreen 40 Gr + SCORA Tone Up Cream Series 30 mL + 2,5% D-PANTHENOL BARRIER SHIELD MOISTURIZER 40ml + SCORA D-Panthenol Gentle Low pH Cleanser 100ml",2026-07-03,Bundle Set,"[""Day Glowing-Sheer"", ""Day Glowing-Honey"", ""Night Calming Set""]",3
id:1112776376:44250862508,id,1112776376,44250862508,SCORA Bright Me Up Sunscreen 40 Gr 2 Pcs [TWINPACK],2026-07-03,,"[""""]",1
id:1112776376:44357287683,id,1112776376,44357287683,[Hero] SCORA Bright Me Up Sunscreen 40 Gr 2 Pcs,2026-07-03,,"[""""]",1
id:1112776376:45202148898,id,1112776376,45202148898,5-Step Bundle: Scora Cleanser Series 100ml + Scora Toner Series 80 ml + Scora Serum Series 20ml + Scora Moisturizer series + Scora Sunscreen 40gr,2026-07-03,Bundle Set,"[""Acne-Sensitive Kit"", ""Glowing Maksimal"", ""Total Sensitive Care"", ""Acne Glowing Kit""]",4
id:1112776376:45603015792,id,1112776376,45603015792,[Hero] Scora Succinic Acid Hydra Calm Low pH Cleanser 100ml | Sabun Wajah Facial Wash Sabun Wajah Berjerawat Acne Gentle Scora Official Store,2026-07-03,,"[""""]",1
id:1112776376:45953007208,id,1112776376,45953007208,[Hero] Scora Phytobright Gentle Low pH Cleanser 100ml | Sabun Muka Sabun Wajah Sensitif sabun mencerahkan Scora Official Store,2026-07-03,,"[""""]",1
id:1112776376:46406352766,id,1112776376,46406352766,[Glowing Set] SCORA Honey Glow Tone Up Cream 30 Gr + SCORA Bright Me Up Sunscreen 40 ml + SCORA Gentle Low pH Cleanser Series 100 ml,2026-07-03,Variant,"[""Salicylic Acid"", ""D-Panthenol"", ""Succinic Acid"", ""Phytobright""]",4
id:1112776376:46456356622,id,1112776376,46456356622,SCORA Honey Glow Tone Up Cream 30 Gr [TWINPACK],2026-07-03,,"[""""]",1
id:1112776376:49150942512,id,1112776376,49150942512,SCORA Toner 80 ML + Scora Bright Me Up Sunscreen 40 Gr + Scora Sheer Glow Tone Up Cream 30 ml,2026-07-03,Bundle Set,"[""Hydra Cica"", ""Phytobright"", ""D-Panthenol""]",3
id:1112776376:49510914017,id,1112776376,49510914017,[NEW LAUNCH] Scora Hydra Calm Cica Soothing Moisturizer 40ml,2026-07-03,,"[""""]",1
id:1112776376:50052128213,id,1112776376,50052128213,Scora Succinic Acid Hydra Calm Low pH Cleanser 100ml | Sabun Wajah Facial Wash Sabun Wajah Berjerawat Acne Gentle Scora Official Store,2026-07-03,,"[""""]",1
id:1112776376:51052124106,id,1112776376,51052124106,6-Step Bundle: Scora Cleanser 100ml + Scora Toner Series 80 ml + Scora Serum Series 20ml + Scora Moisturizer series + Scora Bright Me Up Sunscreen 40gr + Scora Honey Glow Tone Up Cream 30 ml,2026-07-03,Bundle Set,"[""Acne-Sensitve Kit"", ""Glowing Maksimal"", ""Total Sensitive Care"", ""Acne Glowing Kit""]",4
id:1112776376:51202128731,id,1112776376,51202128731,3-Step Bundle: Scora Cleanser 100ml + Scora Toner Series 80 ml + Scora Serum Series 20ml,2026-07-03,Bundle Set,"[""3 Pcs - Acne"", ""3 Pcs - Brightening"", ""3 Pcs - Hydrating""]",3
id:1112776376:51300784899,id,1112776376,51300784899,[My Daily Glow Up Set] Scora Bright Me Up Sunscreen 40 Gr + SCORA Moisturizer Gel + SCORA Gentle Low pH Cleanser 100 ML + SCORA Toner 80 ML,2026-07-03,Bundle Set,"[""Bright-Oily Skin"", ""Bright-Sensitive Dry"", ""Total Acne Care"", ""Total Sensitive Care"", ""Acne-Bright"", ""Total Brightening""]",6
id:1112776376:52350295940,id,1112776376,52350295940,"SCORA Toner Series 80ml - Hydra Calm Cica Toner, Phytobright Milky Toner, D–Panthenol Barrier Essence",2026-07-03,Varian,"[""D-Panthenol"", ""Phytobright"", ""Hydra Calm Cica""]",3
id:1112776376:52352137319,id,1112776376,52352137319,Scora Serum Series 20ml | Serum Mencerahkan Skin Barrier Acne Berjerawat Whitening Alpha Arbutin Tranexamic Acid Panthenol Melembabkan Kulit Kering Kulit Berminyak Sensitive calming Centella Asiatica CICA,2026-07-03,Varian,"[""Hydra Calm Cica"", ""Phytobright"", ""D-Panthenol Barrier""]",3
id:1112776376:54410896800,id,1112776376,54410896800,SCORA Acne Calm Rescue Bundle: SCORA Hydra Calm Cica Soothing Moisturizer 40 ML + SCORA Salicylic Acid Gentle Low pH Cleanser 100ml + SCORA Phytobright Milky Toner 80 ML + SCORA Gentle and Soothe Micellar Cleansing Water 100ML,2026-07-03,Variant,"[""1 Pcs Hydra Calm"", ""MTS Cica Sheer glow"", ""MTS Cica Honey"", ""Acne Sensitif Kit"", ""Daily Acne Calm"", ""4-Step Bebas Jerawat"", ""AcneBright:Oily Skin"", ""AcneBright:Sensitive""]",8
id:1112776376:55060846998,id,1112776376,55060846998,[NEW LAUNCH] SCORA 5% D-Panthenol Barrier Water Gel Moisturizer With Cica 40Ml,2026-07-03,,"[""""]",1
id:1112776376:56552128292,id,1112776376,56552128292,Scora Phytobright Gentle Low pH Cleanser 100ml | Sabun Muka Sabun Wajah Sensitif sabun mencerahkan Scora Official Store,2026-07-03,,"[""""]",1
id:1112776376:57153552258,id,1112776376,57153552258,4 Pcs Bundles: Scora Cleanser Series 100ml + Scora Toner Series 80 ml + Scora Serum Series 20ml + SCORA Bright Me Up Sunscreen 40 gr,2026-07-03,Bundle Set,"[""4 Pcs - Acne"", ""4 Pcs - Brightening"", ""4 Pcs - Hydrating""]",3
id:1368540320:24994496898,id,1368540320,24994496898,Cyeecare Paket Glowing Duo Eksfoliasi: Serum AHA + Cleanser Mencerahkan Kulit Kusam Kecilkan Pori-Pori,2026-07-03,type,"[""[New]Set"", ""set""]",2
id:1368540320:26120309394,id,1368540320,26120309394,Cyeecare AHA BHA PHA LHA Peeling Solution Serum Eksfoliasi Wajah Menghaluskan Mencerahkan Kulit Mengangkat Sel Kulit Mati Komedo 20g,2026-07-03,Ukuran,"[""[Promosi]1 PCS"", ""1 PCS"", ""2 PCS"", ""Paket Hemat"", ""Tone-Up Cream*1"", ""Tone-Up Cream*3"", ""HairMask"", ""GlowSerum"", ""Serum+Glow Pair"", ""Serum+GlowSerum"", ""Serum+Hair Pair""]",11
id:1368540320:26240939189,id,1368540320,26240939189,Cyeecare 5X Centella Soothing Cream 30g Moisturizer Wajah Pereda Kemerahan Perbaikan Skin Barrier Glowing Halus Ringan BPOM,2026-07-03,Jumlah,"[""[New]Soothing Cream"", ""[New]Serum+Cream""]",2
id:1368540320:27091058952,id,1368540320,27091058952,Cyeecare Niacinamide&Squalane Brightening Serum Wajah Pemutih Wajah Serum 20g,2026-07-03,Ukuran,"[""20 G""]",1
id:1368540320:27837446231,id,1368540320,27837446231,[PROMO] Cyeecare Intensive Peeling Solution Serum Eksfoliasi Wajah AHA BHA PHA Glass Skin Mencerahkan Anti Komedo Kulit Kusam 20g,2026-07-03,type,"[""[Promosi]20g"", ""20g"", ""40g""]",3
id:1368540320:28036053313,id,1368540320,28036053313,Cyeecare Tone Up Cream Krim Pencerah Wajah Glowing Instan Moisturizer Pelembab Mencerahkan Kulit Kusam Cream Siang Cerah Instan Day Cream,2026-07-03,Jumlah,"[""1 PCS"", ""3 PCS"", ""3 ToneUp +1 Peeling"", ""ToneUp+Peeling""]",4
id:1368540320:28770371035,id,1368540320,28770371035,Cyeecare Tri-Acid Arbutin Cleansing Gel Facial Wash Sabun Cuci Muka AHA BHA PHA Kulit Berminyak & Jerawat 120ml,2026-07-03,Ukuran,"[""[New] 1 PCS"", ""[New] 2 PCS"", ""[Promosi] 1 PCS"", ""1 PCS"", ""2 PCS""]",5
id:1368540320:28934445366,id,1368540320,28934445366,Cyeecare Hair Mask Masker Rambut Keratin Hyaluronic Acid Treatment Melembutkan Meluruskan Rambut Rusak Kering Mengembang 150ml,2026-07-03,Ukuran,"[""[Promosi]1 PCS"", ""1 PCS"", ""2 PCS""]",3
id:1368540320:29141311734,id,1368540320,29141311734,Cyeecare Paket Skincare 3 Pcs Glowing Kit Dark Spot Face Wash + Serum + Moisturizer,2026-07-03,type,"[""Set 1"", ""Set 2"", ""Set 3"", ""Set 4""]",4
id:1368540320:29591058852,id,1368540320,29591058852,Cyeecare Gentle Hydrating Essence Toner Melembabkan kulit dengan lembut & Menghaluskan 80ml,2026-07-03,Ukuran,"[""80ml""]",1
id:1368540320:29790939109,id,1368540320,29790939109,[PROMO] Cyeecare Hair Mask Keratin + Hyaluronic Acid Masker Rambut Creambath Treatment Perawatan Rambut Rusak Kering Rontok 150ml,2026-07-03,Ukuran,"[""1 PCS"", ""2 PCS""]",2
id:1368540320:40004031932,id,1368540320,40004031932,"Cyeecare 5PCS Set Skincare Paket Brightening Moisturizer Facial Wash, Toner, Serum, Cream Paket Skincare",2026-07-03,TYPE,"[""SET 1"", ""SET 2"", ""SET 3""]",3
id:1368540320:40067607690,id,1368540320,40067607690,Cyeecare Facial Care Set Peeling Serum 20g + 5X Centella Soothing Cream 30g,2026-07-03,type,"[""Peeling+Cream"", ""Peeling+New Cream"", ""Soothing Cream""]",3
id:1368540320:40118761850,id,1368540320,40118761850,Cyeecare Keratin Silky Fragrance Hair Mask Hair Care 150 Ml,2026-07-03,Ukuran,"[""1 PCS"", ""2 PCS""]",2
id:1368540320:40216847326,id,1368540320,40216847326,Cyeecare Peeling Solution Serum AHA Eksfoliasi Wajah - Hilangkan Noda Hitam Bekas Jerawat Komedo | Kulit Halus Glowing 20g,2026-07-03,jenis produk,"[""[Promosi]1 PCS"", ""1PCS"", ""2PCS"", ""Peel & Glow Pair"", ""Peel Hair Pair"", ""Peel Glow Hair Pair""]",6
id:1368540320:40280804783,id,1368540320,40280804783,Cyeecare Paket Perawatan Duo Eksfoliasi Mencerahkan Kulit Kusam & Glowing AHA Serum Cleanser,2026-07-03,Ukuran,"[""2 PCS"", ""[New]Cleanser""]",2
id:1368540320:40381755746,id,1368540320,40381755746,[New Launch] Cyeecare Paket 5 Langkah Exfo Hydra Glow Cleanser Toner Serum Cream Skincare Set Lengkap Eksfoliasi Pencerah AHA BHA PHA Niacinamide Kulit Mulus Glowing,2026-07-03,Jumlah,"[""Set 1"", ""Set 2""]",2
id:1368540320:40868766467,id,1368540320,40868766467,Cyeecare Set Eksfoliasi Aman: Peeling Serum 20g + Centella Cream 30g (Perbaiki Skin Barrier),2026-07-03,Ukuran,"[""Set"", ""Set 2"", ""Peel"", ""Peel*2""]",4
id:1368540320:41729019069,id,1368540320,41729019069,Cyeecare Paket Skincare 5PCS Mencerahkan Melembapkan Kulit Sensitif Asia,2026-07-03,TYPE,"[""SET 1"", ""SET 2"", ""SET 3""]",3
id:1368540320:41753991537,id,1368540320,41753991537,Cyeecare 3pcs paket Skincare Moisturizer+Serum+Cleanser Face Wash Glowing Kit Dark Spot,2026-07-03,type,"[""Set 1"", ""Set2"", ""Set 3"", ""Set 4""]",4
id:1368540320:41754019654,id,1368540320,41754019654,Cyeecare Tone Up Cream Niacinamide & Arbutin Brightening Moisturizer 20g,2026-07-03,type,"[""20g""]",1
id:1368540320:41854010251,id,1368540320,41854010251,Cyeecare AHA Serum + Cleanser Brightening & Exfoliating Skin Care Paket Pembersih Wajah Mencerahkan,2026-07-03,type,"[""[New]Set"", ""set""]",2
id:1368540320:42004003284,id,1368540320,42004003284,Cyeecare Peeling Solution Serum 20g + Tone-Up Cream 20g,2026-07-03,type,"[""set""]",1
id:1368540320:42118381673,id,1368540320,42118381673,Cyeecare 5X Centella Soothing Cream 30g Moisturizer Wajah Pereda Kemerahan Skin Barrier Pelembab Muka Sensitif Glowing Halus Ringan Day Night Cream,2026-07-03,model,"[""[New]Soothing Cream""]",1
id:1368540320:42168392064,id,1368540320,42168392064,Cyeecare Sabun Cuci Muka Amino Acid Gentle Cleanser - Pembersih Wajah Lembut Mencerahkan Komedo Kulit Berminyak Berjerawat,2026-07-03,model,"[""[New]Acid Cleanser"", ""Facial Cleanser"", ""Gel Mask*1""]",3
id:1368540320:42303994190,id,1368540320,42303994190,Cyeecare Facial Cleanser Gentle Purifying Amino Acid & Salicylic Acid Facial Cleanser,2026-07-03,type,"[""80ml""]",1
id:1368540320:42377307283,id,1368540320,42377307283,[5pcs Hemat] Cyeecare Peeling Solution Serum Eksfoliasi - Bisa Digunakan 100 Hari,2026-07-03,Types,"[""5 Pcs""]",1
id:1368540320:42418380245,id,1368540320,42418380245,Cyeecare Wajah Pemutih Wajah Serum Membantu Memudarkan Garis Niacinamide&Squalane Brightening Serum 20g,2026-07-03,model,"[""serum""]",1
id:1368540320:42704015546,id,1368540320,42704015546,Cyeecare Peeling Solution Serum 20g + Facial Foam Gentle Purifying Amino Acid & Salicylic Acid Facial Cleanser,2026-07-03,type,"[""set""]",1
id:1368540320:42717296336,id,1368540320,42717296336,Cyeecare Centella Asiatica Soothing Cream Plus Cica + Panthenol Menenangkan Kulit & Memperkuat Skin Barrier,2026-07-03,Ukuran,"[""30g*1"", ""2pcs""]",2
id:1368540320:42804015939,id,1368540320,42804015939,Cyeecare Tone-Up Cream 20g + Peeling Solution Serum Niacinamide Brightening 20g,2026-07-03,type,"[""set""]",1
id:1368540320:42804026578,id,1368540320,42804026578,Cyeecare Tone-Up Cream 20g + Niacinamide Peeling Solution Serum 20g,2026-07-03,type,"[""set""]",1
id:1368540320:42867294514,id,1368540320,42867294514,Cyeecare 5X Centella Soothing Cream Gel Moisturizer Pelembab Pereda Kemerahan & Skin Barrier 30g,2026-07-03,Ukuran,"[""Soothing Cream""]",1
id:1368540320:43131681384,id,1368540320,43131681384,Cyeecare Ginger Serum Rambut 20g - Anti Rontok Penumbuh Rambut Menguatkan Akar & Menambah Volume,2026-07-03,type,"[""1pcs"", ""2pcs"", ""3pcs"", ""5pcs"", ""HairCare Set""]",5
id:1368540320:43317569775,id,1368540320,43317569775,Cyeecare Exfoliating Peeling Solution Serum 20g + Bright Pemutih Wajah Serum 20g,2026-07-03,Ukuran,"[""20g+20g""]",1
id:1368540320:43518766575,id,1368540320,43518766575,Cyeecare Tone-Up Cream Brightening Moisturizer Makeup Primer Base Cream 20g,2026-07-03,Jumlah,"[""1 PCS"", ""3 PCS""]",2
id:1368540320:43654004856,id,1368540320,43654004856,Cyeecare Masker Rambut Keratin Hair Mask Treatment Salon - Rambut Halus Lembut Wangi Anti Rontok Kering Kusut Hair Care 150ml,2026-07-03,type,"[""[Promosi]1pcs"", ""1pcs"", ""2pcs"", ""Upgraded"", ""Upgraded*2""]",5
id:1368540320:43818386633,id,1368540320,43818386633,Cyeecare Tri-Acid Arbutin Cleansing Gel 120ml Brightening & Oil Control Mengontrol Minyak Mencerahkan Kulit,2026-07-03,Ukuran,"[""120ml*1"", ""120ml*2""]",2
id:1368540320:43868361582,id,1368540320,43868361582,[NEW]Cyeecare Essence Toner Toner Esensi Pelembap Lembut dengan Witch Hazel 80ml,2026-07-03,tipe,"[""Essence Toner*5"", ""Essence Toner*3"", ""Tone-Up Cream*1""]",3
id:1368540320:44100386393,id,1368540320,44100386393,Cyeecare Combo Hemat Set (3pcs Tone-Up Cream + 1pc Peeling Solution),2026-07-03,Pilihan,"[""3 ToneUp +1 Peeling""]",1
id:1368540320:46300762080,id,1368540320,46300762080,Cyeecare Salicylic Acid Facial Cleanser Face Wash 70g &Tone Up Cream 20g,2026-07-03,Types,"[""SET""]",1
id:1368540320:46662299954,id,1368540320,46662299954,[New Launch] Cyeecare Paket 3 Langkah Exfo Glow Cleanser Serum Cream Skincare Set Eksfoliasi Pencerah AHA BHA PHA Niacinamide Kulit Mulus Glowing,2026-07-03,Jumlah,"[""Set 1"", ""Set 2""]",2
id:1368540320:47904142102,id,1368540320,47904142102,"Cyeecare Shampo Jahe Alami Anti Rontok – Menguatkan Akar Rambut, Perawatan Rambut Rusak 150ml",2026-07-03,Types,"[""shampoo*1"", ""shampoo*2"", ""Sampo & Masker""]",3
id:1368540320:48759375946,id,1368540320,48759375946,Cyeecare Hydrating Gelly Mask Menghidrasi dan Mencerahkan Wajah,2026-07-03,model,"[""Gel Mask*20"", ""Gel Mask*10""]",2
id:1368540320:49162304776,id,1368540320,49162304776,[New Launch] Cyeecare Paket 4 Langkah Brightening Cleansing Gel Toner Serum Cream Skincare Set Pencerah Eksfoliasi Arbutin AHA BHA Niacinamide Kulit Cerah Mulus,2026-07-03,Jumlah,"[""Set 1"", ""Set 2""]",2
id:1368540320:50900285453,id,1368540320,50900285453,Cyeecare Ginger Hair Care Serum 20g,2026-07-03,type,"[""1pcs"", ""2pcs"", ""3pcs"", ""5pcs"", ""HairCare Set""]",5
id:1368540320:50903219820,id,1368540320,50903219820,Cyeecare Masker Rambut Wangi Masker Rambut untuk Melembutkan dan Menghaluskan Rambut Kusut,2026-07-03,Types,"[""Upgrade Masker*1"", ""Upgrade Masker *2"", ""Masker*1"", ""Masker *2""]",4
id:1368540320:51162804412,id,1368540320,51162804412,[New Launch] Cyeecare 377 Brightening Essence Spray 100ml BPOM Face Mist Pencerah Wajah Pemudar Noda Hitam Flek Niacinamide Multiple Vitamin C Ectoin Hyaluronic Acid Korea,2026-07-03,Ukuran,"[""1 Pcs"", ""[Buy 1 Free 1]2 Pcs""]",2
id:1368540320:51256726650,id,1368540320,51256726650,[KOL Exclusive] Cyeecare 3pcs Skincare Moisturizer Serum Cleanser Glowing Kit Mengurangi Dark Spot,2026-07-03,type,"[""Cleanser+Serum+Cream""]",1
id:1368540320:51712602574,id,1368540320,51712602574,[New Launch] Cyeecare Paket 2 Langkah Exfo Glow Serum Cream Skincare Set Eksfoliasi Pencerah AHA BHA PHA Niacinamide Kulit Mulus Glowing,2026-07-03,Jumlah,"[""[New]Set""]",1
id:1368540320:52711988070,id,1368540320,52711988070,[New Launch] Cyeecare Glowing Essence Cream Krim Wajah Gentle Formula Niacinamide + Hamamelis Korea Aman Kulit Sensitif & Berminyak Brightening Moisturizer 30g,2026-07-03,Jumlah,"[""Niacinamide Cream"", ""Niacinamide Cream*2"", ""377 Cream"", ""377 Cream*2""]",4
id:1368540320:52762415493,id,1368540320,52762415493,Cyeecare B5 Collagen Repair Serum - Serum Pemulih Skin Barrier Melembapkan 20ml,2026-07-03,Ukuran,"[""Serum""]",1
id:1368540320:52912412561,id,1368540320,52912412561,Cyeecare Tea Tree Anti-Acne Serum - Serum Jerawat Mengontrol Minyak 20ml,2026-07-03,Ukuran,"[""Serum""]",1
id:1368540320:53811593142,id,1368540320,53811593142,"[KOL Exclusive]Cyeecare Hair Mask 150ml – Masker Rambut Keratin & Hyaluronic Acid untuk Rambut Lurus, Lembut & Tidak Mengembang",2026-07-03,Ukuran,"[""1 PCS"", ""2 PCS""]",2
id:1368540320:54059337526,id,1368540320,54059337526,Cyeecare TRI-ACID ARBUTIN Sabun Cuci Muka Gel 120ml Brightening Oil Control Bebas Kilap Cerah Merata,2026-07-03,Ukuran,"[""120ml*1"", ""120ml*2""]",2
id:1368540320:54211592942,id,1368540320,54211592942,[KOL Exclusive]Cyeecare Ginger Hair Serum 20g – Serum Rambut Anti Rontok & Penumbuh Rambut Alami,2026-07-03,type,"[""1pcs"", ""2pcs"", ""3pcs""]",3
id:1368540320:54412798940,id,1368540320,54412798940,[New Launch] Cyeecare 377 Glow Radiance Cream 30g BPOM Krim Pencerah Wajah Pemudar Noda Hitam Flek Bekas Jerawat Niacinamide Tranexamic Acid 8D Hyaluronic Acid Ceramide Korea,2026-07-03,Ukuran,"[""1 Pcs"", ""[Buy 1 free 1] 2 Pcs""]",2
id:1368540320:54952247520,id,1368540320,54952247520,Cyeecare Anti Rambut Rontok - Sampo Jahe untuk Pertumbuhan Rambut 150ml,2026-07-03,Types,"[""shampoo*1"", ""shampoo*2"", ""Sampo & Masker"", ""Sampo & Pertumbuhan"", ""3Pcs Set""]",5
id:1368540320:55312530737,id,1368540320,55312530737,[KOL Exclusive]Cyeecare Tone Up Cream Krim Pencerah Wajah Glowing Instan Moisturizer,2026-07-03,Jumlah,"[""1 PCS"", ""3 PCS""]",2
id:1368540320:55556714442,id,1368540320,55556714442,[KOL Exclusive] Cyeecare Serum Eksfoliasi AHA BHA PHA LHA Peeling Serum Brightening Hilangkan Dark Spot & Bekas Jerawat 20g,2026-07-03,Ukuran,"[""1 PCS""]",1
id:1368540320:56600897084,id,1368540320,56600897084,Cyeecare Silky Scented Hair Mask Smooth and Oil-controlling 150ml,2026-07-03,Types,"[""[Promosi]Masker*1"", ""Masker rambut*1"", ""Masker rambut*2"", ""SET 1"", ""SET 2""]",5
id:1368540320:56611001254,id,1368540320,56611001254,[[KOL Exclusive]]Cyeecare Skincare Routine Paket 5 Pcs: Brightening & Melembapkan Kulit Sensitif,2026-07-03,TYPE,"[""5PCS SET""]",1
id:1368540320:56810310860,id,1368540320,56810310860,Cyeecare Ginger Hair Care Serum 20g - Penumbuh Rambut Anti Rontok Perkuat Akar & Volume,2026-07-03,type,"[""1pcs"", ""2pcs"", ""3pcs"", ""5pcs"", ""HairCare Set""]",5
id:1368540320:57006726660,id,1368540320,57006726660,[KOL Exclusive] Cyeecare AHA BHA PHA LHA Serum 20g + Soothing Cream 30g,2026-07-03,type,"[""Peeling Serum+Cream""]",1
id:1368540320:57161987975,id,1368540320,57161987975,[New Launch] Cyeecare Glowing Essence Cream Krim Wajah Cerah & Lembap Niacinamide + Dual Vitamin C E + Hamamelis Brightening Moisturizer untuk Kulit Kusam Formulated in Korea 30g,2026-07-03,Jumlah,"[""Niacinamide Cream"", ""Niacinamide Cream*2"", ""377 Cream*1"", ""377 Cream*2""]",4
id:1368540320:57860156397,id,1368540320,57860156397,Cyeecare Set 3in1 Perawatan Kulit Cerah Tenang AHA BHA Cleanser + Arbutin Serum + Centella Cream Glowing,2026-07-03,Ukuran,"[""Set""]",1
id:1379527329:24987588378,id,1379527329,24987588378,[Masker Rekomendasi Sandrina] ZOICY Masker Mencerah Wajah 1pcs - Glowing Essence Sheet Mask | Masker Mencerahkan Kulit | Hyaluronic Acid Melembapkan | Mengencangkan | Menutrisi | Menenangkan | Niacinamide l Salicylic Acid | Witch Hazel |Centella,2026-07-03,,"[""""]",1
id:1379527329:26695187984,id,1379527329,26695187984,"[BPOM] ZOICY Tone Up Cream 40g Krim Tone Up 2 in 1 - Base Makeup + Skincare Pelembab Wajah Glowing Instan Mencerahkan Sunscreen UV Protection Niacinamide Panthenol Pemutih Melembapkan Wajah Penggunaan Sehari-hari Menyamarkan Kemerahan, Hasil Cerah Alami",2026-07-03,Ukuran,"[""1 Tone Up Cream"", ""2 Tone Up Cream"", ""Tone Up+Sheet Mask"", ""Tone Up+PM Cream""]",4
id:1379527329:27365465554,id,1379527329,27365465554,ZOICY Tea Tree Moisturizing Toner 100ml | Ceramide Tea Tree Niacinamide Centella Toner Meredakan kemerahan Eksfoliasi Wajah Mengontrol Minyak Mengecilkan pori-pori,2026-07-03,,"[""""]",1
id:1379527329:28720143774,id,1379527329,28720143774,[Masker Andalan Sandrina] ZOICY Sheet Mask Hyaluronic Acid 5pcs 1 Box - Masker Wajah Mencerahkan Kulit | Whitening Essence Face Mask | Melembapkan | Mengencangkan | Menutrisi | Menenangkan | Anti-aging | Niacinamide | Salicylic Acid | Centella Purslane,2026-07-03,,"[""""]",1
id:1379527329:28767473302,id,1379527329,28767473302,[BELI 2 GRATIS 4] ZOICY Tea Tree Toner+Essence 2 Pieces | Paket Perawatan Kulit Melembabkan Meredakan Kemerahan Antiinflamasi Mengecilkan Pori-pori Meringankan Bekas Jerawat Ceramide Mencerahkan Niacinamide Wajah Skincare,2026-07-03,,"[""""]",1
id:1379527329:29365482743,id,1379527329,29365482743,ZOICY Tea Tree Energy Essence 30ml | Acne Care Facial Serum Niacinamide Centella White Glow Brightening Lighten Acne Marks Anti-inflammatory and Anti-redness,2026-07-03,,"[""""]",1
id:1379527329:40132174046,id,1379527329,40132174046,"[BPOM] [BELI 1 GRATIS 2PC MASKER] ZOICY Anti-aging PM Cream 50g Whitening Night Cream Pemutih Wajah Glow Up Glowing, Skin Barrier, Moisturizer, Brightening, Anti-Aging Mencerahkan Flek Hitam Menyamarkan Kerutan dan Garis Halus Pelembab Wajah Mencerahkan",2026-07-03,Ukuran,"[""1 PM Cream"", ""2 PM Cream"", ""PM Cream+Sheet Mask"", ""PM Cream+Tone Up"", ""Tone Up+Sheet Mask""]",5
id:1379527329:44863265062,id,1379527329,44863265062,[BELI 2 DAPAT 5] Glowing Bundle Sheet Mask + Tone up Cream Set | Masker Wajah Mencerahkan Kulit | Glowing Day Cream | Instan Mencerahkan Kulit Mengencangkan | Menutrisi | Menenangkan,2026-07-03,Size,"[""1 Box Masker"", ""2 Box Masker"", ""1 Box Tone Up Cream"", ""2 Box Tone Up Cream""]",4
id:1379527329:48051897514,id,1379527329,48051897514,[Masker Favorit Sandrina] [BPOM] ZOICY Masker Wajah Mencerahkan 5pcs 1 Box - Whitening Sheet Mask | Anti Kerut | Melembapkan l Mengencangkan | Menutrisi | Menenangkan | 3D Hyaluronic Acid Moisturizing | Niacinamide Brightening | Salicylic Acid | Centella,2026-07-03,Ukuran,"[""1Box | Only 58rb"", ""2 Box | 60%off"", ""5Box | 62%off""]",3
id:1379527329:48306098958,id,1379527329,48306098958,[3 IN 1] ZOICY Retinol PM Cream 50g | Anti-aging Moisturizer Night Cream | Anti-keriput Pelembab Wajah | Mengencangkan kulit | Elastis Kulit | Mencerahkan | Moisturizing | Repair Skin Barrier | Anti-photoaging | Panthenol,2026-07-03,,"[""""]",1
id:1379527329:49163119181,id,1379527329,49163119181,[GIVEAWAY] ZOICY Tea Tree Moisturizing Toner 100ml Facial Wash Cleanser 10ml | Essence 50ml | Hyaluronic Acid Mask,2026-07-03,Ukuran,"[""Toner 100ml"", ""Essence 30ml"", ""Cleanser 10ml"", ""Essence 5ml"", ""Mask 1pc"", ""Mask 2pc""]",6
id:1379527329:51302813419,id,1379527329,51302813419,[6BOX CUMA 368RB] ZOICY Hyaluronic Acid Moisturizing Mask 6 Box | 30 Pieces | Masker Wajah Melembabkan Mencerahkan Anti - aging Sheet Facial Masker Niacinamide Hydrating Moisturizing Hyaluronic Acid Salicylic Acid Exfoliation,2026-07-03,,"[""""]",1
id:1379527329:51602803213,id,1379527329,51602803213,[BUNDLE 3 BOX LEBIH HEMAT] ZOICY Masker Wajah Mencerahkan 3Box 15 Pieces - Glowing Essence Face Sheet Mask l Melembapkan l Mengencangkan l Menutrisi l Menenangkan l Hyaluronic Acid l Niacinamide l Salicylic Acid l Witch Hazel l Centella l Purslane,2026-07-03,,"[""""]",1
id:1379527329:51752816901,id,1379527329,51752816901,[BUY 2 SAVE 10%] ZOICY Masker Wajah Mencerahkan 2Box 10pcs - Whitening Sheet Mask | Melembapkan | Mengencangkan | Menutrisi | Menenangkan | Anti Kerut | Glowing | Niacinamide | Hyaluronic Acid | Salicylic Acid | Witch Hazel | Extract Centella Purslane,2026-07-03,Box,"[""1Box"", ""2Box""]",2
id:1379527329:54561278782,id,1379527329,54561278782,"[BPOM] [BELI 1 GRATIS 2PC MASKER] ZOICY Tone Up Cream 40G | Instan Mencerahkan Kulit, Efek Tone-up Glowing Skin, UV Protection, No Whitecast, Day Cream Lazy Cream Long-lasting Moisturizing",2026-07-03,Ukuran,"[""1 Tube Krim Tone Up"", ""2 Tube Krim Tone Up"", ""Masker Wajah*2 PCS"", ""Masker Wajah*1PCS"", ""Glow Toner 100ml"", ""Masker Wajah*1PCS.""]",6
id:1379527329:55852808572,id,1379527329,55852808572,[4 BOX HEMAT 200RB] ZOICY Brightening Sheet Mask 4Box 20pcs - Masker Wajah Mencerahkan Kulit | Masker Mencerahkan kulit | Anti Kerut | Melembapkan l Mengencangkan | Menutrisi l Menenangkan |3D Hyaluronic Acid Moisturizing | Niacinamide Glowing,2026-07-03,,"[""""]",1
id:1379527329:56012716707,id,1379527329,56012716707,[BPOM] [BELI 1 GRATIS 2PC MASKER] ZOICY Anti-aging PM Cream 50g | Retinol Night Moisturizer | Menyamarkan Kerutan dan Garis Halus | Mengencangkan Kulit | Meratakan Warna Kulit | Melembabkan Kulit | Mencerahkan Flek Hitam | Melembapkan kulit,2026-07-03,Ukuran,"[""1 Box PM Cream"", ""PM Cream+Sheet Mask"", ""Krim PM+Krim Tone Up""]",3
id:1379527329:56752813162,id,1379527329,56752813162,[5 BOX LEBIH MURAH] ZOICY Sheet Mask Hyaluronic Acid 5 Box - Masker Wajah Mencerahkan Kulit l Masker Mencerah Wajah l Melembapkan l Mengencangkan l Menutrisi l Menenangkan l Niacinamide l Salicylic Acid l Witch Hazel l Extract Centella l Purslane,2026-07-03,,"[""""]",1
id:1379527329:58150107789,id,1379527329,58150107789,[2 IN 1] [BPOM] ZOICY Tone Up Cream 40g - Glowing Day Cream | Instan Mencerahkan Kulit | Krim Tone-up dan Moisturizer 2-in-1 | Pemutih Melembapkan Wajah | Meratakan Warna Menyamarkan Melembabkan | Moisturizing | UV Protection | Niacinamide | Panthenol,2026-07-03,Ukuran,"[""1 Pcs"", ""2 Pcs""]",2
id:187405886:23818940306,id,187405886,23818940306,Alara Cosmetic Nourishing Balm | Perawatan Kulit |Memudarkan Bekas Luka|Menangani Permasalahan Kulit,2026-07-03,,"[""""]",1
id:187405886:25539531222,id,187405886,25539531222,Paket Bundling Alara Whitening Lotion & Alara Nourishing Balm,2026-07-03,,"[""""]",1
id:187405886:26356380661,id,187405886,26356380661,"ALARA Whitening + Vitamin E , Tone Up Booster, Pencerah Tubuh, Anti Kusam, Anti Air BPOM",2026-07-03,,"[""""]",1
id:187405886:26558855879,id,187405886,26558855879,"Alodie Nourishing Balm | Solusi Kulit Bayi Sensitif, Kering , Mudah Iritasi, Eksim, Ruam, dan Gatal",2026-07-03,,"[""""]",1
id:187405886:26956380580,id,187405886,26956380580,ALARA Whitening Booster Lotion | Body Lotion Pencerah Instan & Tahan Air BPOM 2 Tube,2026-07-03,,"[""""]",1
id:187405886:27114992184,id,187405886,27114992184,"Paket 3 ALARA Whitening + Vitamin E , Tone Up Booster, Pencerah Tubuh, Anti Kusam, Anti Air BPOM",2026-07-03,,"[""""]",1
id:187405886:28058861346,id,187405886,28058861346,"[BELI 2 GRATIS 1] Alodie Nourishing Balm | Solusi Kulit Bayi Sensitif, Kering , Mudah Iritasi, Eksim, Ruam, dan Gatal",2026-07-03,,"[""""]",1
id:200048291:12173928596,id,200048291,12173928596,Prettywell CeraMON Moisturizer Gel Pelembab Wajah Melembabkan Kulit Moisturizer Jerawat Day & Night Gel Cocok Untuk Semua Jenis Kulit,2026-07-03,Ukuran,"[""Travelsize 10ml"", ""TUBE NORMAL 50 ML"", ""Refil 100ml"", ""Premium Look 50 ML""]",4
id:200048291:14489950263,id,200048291,14489950263,Prettywell Complete Pack Moisturizer [ Moisturizer CeraMon 100 ML REFILL + 50 ML TUBE] - Melembabkan & Memperbaiki Skinbarrier cocok untuk all skin types,2026-07-03,PACKAGING,"[""Normal""]",1
id:200048291:18094530150,id,200048291,18094530150,Prettywell Lipscreen SPF 30+ in vitro - WUDHU FRIENDLY & Melembabkan Bibir Lip Treatment UV Protection Sunscreen Mencegah Bibir Hitam,2026-07-03,Warna,"[""01 Science"", ""02 Art"", ""03 Social"", ""04 Math"", ""01 + Kartu Garansi"", ""02 + Kartu Garansi"", ""03 + Kartu Garansi"", ""04 + Kartu Garansi"", ""Aghnia Picks""]",9
id:200048291:18720054806,id,200048291,18720054806,Prettywell Reset & Restart Versatile Oil Serum untuk Bekas Jerawat Menghilangkan Flek Hitam Meratakan Warna Kulit with Tamanu Oil Facial Oil Serum Luxurious,2026-07-03,Expired,"[""Normal""]",1
id:200048291:18873489157,id,200048291,18873489157,Prettywell Brightening Starterpack [ Oil Serum + Moisturizer 50 ML Tube + Exfoliating Toner ],2026-07-03,PACKAGING,"[""NORMAL PACKAGING""]",1
id:200048291:19277739886,id,200048291,19277739886,PRETTYWELL Special LIVE,2026-07-03,VARIASI,"[""OIL + Lotion"", ""Lotion Rp 33.000"", ""Oil Serum Rp 33.000"", ""2 Pcs 3D LIPSCREEN"", ""3D + LIPSCREEN"", ""Lipscreen 25k"", ""3D Lipscreen 25k"", ""2 Pcs LIPSCREEN""]",8
id:200048291:19624870891,id,200048291,19624870891,Prettywell CeraMon Moisturizer 50 ML Tube - Melembabkan dan memperbaiki Skin barrier,2026-07-03,,"[""""]",1
id:200048291:19831965366,id,200048291,19831965366,Prettywell Feel Alive 2% PHA + BHA Gentle Exfoliating Toner 100mL Toner Pencerah with Centella Menyegarkan Wajah Eksfoliasi Kulit Sensitif,2026-07-03,PACKAGING,"[""NORMAL"", ""EXCLUSIVE NEW YEAR"", ""40 ML [Mini]""]",3
id:200048291:20324876969,id,200048291,20324876969,Prettywell Twinpack Oil Serum [ 2pcs Oil Serum ] - Memudarkan bekas Jerawat hitam/PIH dengan cepat,2026-07-03,,"[""""]",1
id:200048291:21176662870,id,200048291,21176662870,Prettywell CeraMON Barrier Moistfull Gel 100ML Melembabkan Wajah Memperbaiki Skin barrier Mengontrol Minyak dan Jerawat Kulit Sensitif All Skin Types,2026-07-03,Variasi,"[""Normal"", ""Reject Sangat Ringan""]",2
id:200048291:21524866550,id,200048291,21524866550,Prettywell Glowing Kit [ CeraMon 50 ML Tube + Oil Serum] | Perfect combo untuk kulit tampak bersih dari bekas jerawat menjadi cerah dan bebas jerawat,2026-07-03,PACKAGING,"[""NORMAL""]",1
id:200048291:21693003871,id,200048291,21693003871,(REJECT SALE PACKAGING ) Prettywell Product,2026-07-03,Reject,"[""Reject Sangat ringan"", ""Reject Ringan"", ""Reject Berat"", ""Sedang""]",4
id:200048291:22524564316,id,200048291,22524564316,Prettywell Exfoliate & Glow KIT [ Exfoliating Toner + Oil Serum ]- kulit bebas bekas jerawat PIE & PIH cerah dan glowing,2026-07-03,PACKAGING,"[""NORMAL PACKAGING"", ""EXCLUSIVE NEW YEAR""]",2
id:200048291:22658820157,id,200048291,22658820157,"Prettywell Lipscreen Ombre Package (2 pcs) Mengandung SPF 30+, Melembabkan bibir, Mencegah bibir gelap",2026-07-03,Warna,"[""SOULMATE KIT [01+02]"", ""CLASSMATE KIT[03+02]"", ""ROOMMATE KIT [04+02]""]",3
id:200048291:23124817429,id,200048291,23124817429,Prettywell Twinpack Feel Alive [ 2pcs Exfoliating Toner ] - Kulit anti jerawat dan bruntusan,2026-07-03,,"[""""]",1
id:200048291:23443173541,id,200048291,23443173541,"READY STOCK Prettywell CeraMON Barrier Moistfull Gel 10ml | Melembabkan wajah, mengatasi masalah jerawat dan bruntusan serta memperkuat skinbarier",2026-07-03,,"[""""]",1
id:200048291:23628781470,id,200048291,23628781470,Prettywell Multitalented Hyalu Peptide Creamy Toner Wajah Menenangkan Kulit Menghidrasi Kulit Calming Essence Toner Soothing,2026-07-03,Expired,"[""Normal""]",1
id:200048291:23818896819,id,200048291,23818896819,"Prettywell Revitalize & Exfoliate Set [ Moisturizer 50 ML + Exfoliating Toner ] - Toner mencerahkan, membuat kulit lebih halus dan mengatasi masalah jerawat | menutrisi kulit secara optimal sehingga kulit tampak cerah",2026-07-03,PACKAGING,"[""NORMAL PACKAGING"", ""NEW EXFO+TUBE 50 ML""]",2
id:200048291:24391909325,id,200048291,24391909325,Prettywell 3D Lipscreen SPF 38 IN VITRO Longlasting Glossy Stain Protect Lips & Blur Lip Wrinkles,2026-07-03,Produk,"[""3D LIPSCREEN""]",1
id:200048291:24852213455,id,200048291,24852213455,(BUY MORE SAVE MORE) Prettywell CeraMON Barrier Moistfull Gel + FREE Exfoliating Toner Special Edition !,2026-07-02,PACKAGING,"[""TUBE + SE""]",1
id:200048291:25792854551,id,200048291,25792854551,PRETTYWELL SPECIAL BUNDLE LIPSCREEN + 3D LIPSCREEN - Combo bibir nampak cantik dan plumppy,2026-07-03,Warna,"[""Barbie Pink"", ""Blush Velvet"", ""Cheese Nude"", ""Fresh"", ""Sunkissed""]",5
id:200048291:28935499288,id,200048291,28935499288,Prettywell Better Tune Up Lotion - Instant Brightening Whitening Tone Up Body Lotion Pemutih HB [Formulasi terbaik untuk kulit sawo matang],2026-07-03,Produk,"[""1 Body Lotion"", ""2 Body Lotion"", ""BodyLotion+OilSerum""]",3
id:200048291:41850023652,id,200048291,41850023652,Prettywell Mini Travel KIT - Exfoliasi dan melembakan kulit untuk pemula,2026-07-03,,"[""""]",1
id:430940247:13891549078,id,430940247,13891549078,SPECIAL LAUNCHING MOOI Gloowe Milky Serum - Serum Wajah Mencerahkan Mooi Pure Glow Skincare Korea Memudarkan Jerawat Kusam Laki-Laki Pencerah,2026-07-03,,"[""""]",1
id:430940247:15561224055,id,430940247,15561224055,MOOI Gloowe Milky Serum DAPAT 3 - Serum Wajah Mencerahkan Mooi Pure Glow Skincare Korea Memudarkan Jerawat Kusam Laki-Laki Pencerah,2026-07-03,,"[""""]",1
id:430940247:16467668419,id,430940247,16467668419,MOOI Gloowe Milky Serum DAPAT 2 - Serum Wajah Mencerahkan Mooi Pure Glow Skincare Korea Memudarkan Jerawat Kusam Laki-Laki Pencerah,2026-07-03,,"[""""]",1
id:430940247:17898155276,id,430940247,17898155276,Mooi Whitening Facial Toner 100ml (Original 100%),2026-07-03,MOOI TONER,"[""TONER 1"", ""TONER 2""]",2
id:430940247:19386535971,id,430940247,19386535971,"MOOI Perfect Duo Brightening Booster : Tone Up Lotion, Serum",2026-07-03,,"[""""]",1
id:430940247:19391572774,id,430940247,19391572774,MOOI Brightening Tone Up Booster Body Lotion,2026-07-03,MOOI TONE UP,"[""Tone Up Booster"", ""Double Booster""]",2
id:430940247:21986477611,id,430940247,21986477611,Bundling Promo Mooi Pure Glow Day Cream + Night Cream,2026-07-03,,"[""""]",1
id:430940247:23148596857,id,430940247,23148596857,"Mooi Whitening Night Cream - Atasi Kulit Kusam, Melmbabkan Kulit Garis Halus Dan Tanda Penuaan 10gr (Original 100%)",2026-07-03,MOOI NGHT CREM,"[""NIGHT CREAM 1"", ""NIGHT CREAM 2""]",2
id:430940247:23648595718,id,430940247,23648595718,"Mooi Whitening Day Cream - Pelembab Krim Pagi Pencerah Wajah, Melembabkan Kulit Meratakan Warna Kulit 10gr (Original 100%)",2026-07-03,MOOI DAY CREAM,"[""DAY CREAM 1"", ""DAY CREAM 2""]",2
id:430940247:24508692143,id,430940247,24508692143,MOOIST Tone Up Booster - Moisturizer With UV Protection,2026-07-03,MOOIST,"[""MOOIST BELI 1"", ""MOOIST BELI 2"", ""MOOIST BELI 3"", ""1 MOOIST + 1 TONE UP"", ""2 MOOIST + 1 LOTION""]",5
id:430940247:24780819359,id,430940247,24780819359,MOOI Triple Brightening Tone Up Booster Body Lotion (3pcs),2026-07-03,,"[""""]",1
id:430940247:25128378434,id,430940247,25128378434,MOOI Collagen Drink with Zizania latifolia Extract - Minuman kolagen Glutathione Pencerah,2026-07-03,1 BOX,"[""1 BOX"", ""2 BOX"", ""3 BOX""]",3
id:430940247:25294477848,id,430940247,25294477848,FLASH SALE MOOI Collagen Drink with Zizania,2026-07-03,Ukuran,"[""1 SACHET COLLAGEN"", ""1 BOX COLLAGEN""]",2
id:430940247:25550661955,id,430940247,25550661955,Bundling Mooi Pure Glow Tone Up Booster + Mooi Whitening Facial Toner 100%original,2026-07-03,,"[""""]",1
id:430940247:26107772535,id,430940247,26107772535,Bundling Serum Mooi Pure Glow + Toner MOOI,2026-07-03,,"[""""]",1
id:430940247:26123018764,id,430940247,26123018764,Bundling 2 MOOI Serum Pure Glow + 1 MOOI Collagen Drink Membantu Mencerahkan,2026-07-03,,"[""""]",1
id:430940247:26152539358,id,430940247,26152539358,"MOOI Magic Duo Brightening Booster Luar dan Dalam : Tone Up Lotion, Collagen",2026-07-03,,"[""""]",1
id:430940247:26162758938,id,430940247,26162758938,"MOOI Gloowe Milky Serum DAPAT 4 - Serum Wajah Mencerahkan, Memudarkan Jerawat Kusam Laki-Laki Pencerah",2026-07-03,,"[""""]",1
id:430940247:26211988855,id,430940247,26211988855,Bundling Collagen MOOI + Night Cream MOOI,2026-07-03,,"[""""]",1
id:430940247:26757768295,id,430940247,26757768295,Bundling Collagen Drink MOOI + Day Cream MOOI,2026-07-03,,"[""""]",1
id:430940247:28207762425,id,430940247,28207762425,Bundling Serum Mooi Pure Glow + Collagen Dink Mooi Pure Glow,2026-07-03,,"[""""]",1
id:430940247:28319706906,id,430940247,28319706906,"MOOI Perfect Trio Brightening Booster Luar dan Dalam : Tone Up Lotion, Collagen, Serum",2026-07-03,,"[""""]",1
id:430940247:29219666255,id,430940247,29219666255,MOOI Double Brightening Tone Up Booster Body Lotion (2 pcs),2026-07-03,,"[""""]",1
id:430940247:40107130350,id,430940247,40107130350,MOOI Fragrance Hair And Body Mist Sugar Baby,2026-07-03,Ukuran,"[""BELI 1"", ""BELI 2""]",2
id:430940247:40157150760,id,430940247,40157150760,Triple MOOI Fragrance Hair And Body Mist (Mix All Variant),2026-07-03,AROMA,"[""Sugar Baby"", ""Sweety Girl"", ""Chill Honey"", ""3 MIX""]",4
id:430940247:40169667114,id,430940247,40169667114,MOOI bundling MOOIST + Tone Up Booster + Serum,2026-07-03,,"[""""]",1
id:430940247:41505734548,id,430940247,41505734548,FLASH SALE Mooi Whitening Facial Toner 100ml (Original 100%),2026-07-03,,"[""""]",1
id:430940247:41655975897,id,430940247,41655975897,Bundling MOOIST Tone Up Booster + MOOI Tone UP Booster Body Lotion,2026-07-03,,"[""""]",1
id:430940247:42927098165,id,430940247,42927098165,Bundling Tone Up Booster MOOI + MOOI Night Cream,2026-07-03,,"[""""]",1
id:430940247:43057123550,id,430940247,43057123550,MOOI Fragrance Hair And Body Mist Chill Honey,2026-07-03,Ukuran,"[""BELI 1"", ""BELI 2""]",2
id:430940247:43855751534,id,430940247,43855751534,FLASH SALE Mooi Whitening Day Cream - Pelembab Krim Pagi Pencerah Wajah,2026-07-03,,"[""""]",1
id:430940247:43907127297,id,430940247,43907127297,MOOI Fragrance Hair And Body Mist Sweety Girl,2026-07-03,Ukuran,"[""BELI 1"", ""BELI 2""]",2
id:430940247:44602817454,id,430940247,44602817454,Bundling MOOI Tone UP Booster + MOOI Day Cream,2026-07-03,,"[""""]",1
id:430940247:45110834757,id,430940247,45110834757,MOOI Collagen Drink DAPAT 2 with Zizania latifolia Extract - Minuman kolagen Glutathione Pencerah,2026-07-03,,"[""""]",1
id:430940247:45860846400,id,430940247,45860846400,MOOI Collagen Drink DAPAT 3 with Zizania latifolia Extract - Minuman kolagen Glutathione Pencerah,2026-07-03,,"[""""]",1
id:430940247:49452808958,id,430940247,49452808958,Bundling Tone Up Booster MOOI + MOOI Fragrance Hair And Body Mist Chill Honey,2026-07-03,Variasi,"[""Tone Up + Chil Honey""]",1
id:430940247:50860835015,id,430940247,50860835015,MOOIST Tone Up Booster DAPAT 3 - Moisturizer With UV Protection,2026-07-03,,"[""""]",1
id:430940247:54562628499,id,430940247,54562628499,FLASH SALE MOOI Collagen Drink with Zizania latifolia Extract - Minuman kolagen Glutathione Pencerah,2026-07-03,,"[""""]",1
id:430940247:55600125632,id,430940247,55600125632,(BUY 3 GET 4) MOOI Paket 4 Pcs Set Lotion Tone Up + Moisturizer+ Serum Free 1 Box Collagen,2026-07-03,,"[""""]",1
id:430940247:58110821388,id,430940247,58110821388,MOOIST Tone Up Booster DAPAT 2 - Moisturizer With UV Protection,2026-07-03,,"[""""]",1
id:697604885:48153608930,id,697604885,48153608930,Ghaniskin CC Body Lotion Tone Up [Bundling Fresh Green + Pink Blossom],2026-07-03,Varian,"[""Green + Pink""]",1
id:697604885:50953327306,id,697604885,50953327306,Ghaniskin CC Body Lotion Tone Up - Pink Blossom,2026-07-03,Pink Blossom,"[""BUY 1"", ""BUY 2""]",2
id:697604885:57353336093,id,697604885,57353336093,Ghaniskin CC Body Lotion Tone Up - Fresh Green,2026-07-03,Fresh Green,"[""BUY 1"", ""BUY 2""]",2
id:779266191:18088299860,id,779266191,18088299860,[TONE UP TWINPACK] Lavojoy Let It Glow Daily Shine Body Serum Instant Tone Up Delicate Rose with SPF 50PA++++ | Body Serum untuk Perlindungan Sinar UV | Mencerahkan Seketika & Melembapkan Kulit dengan 3% Niacinamide + Australian Super VC + Ceramide + HA,2026-07-03,Variant,"[""2pcs LIG Daily Shine"", ""2pcs LIG Shade 01"", ""2pcs LIG Shade 02"", ""Daily Shine+Shade 01"", ""Daily Shine+Shade 02"", ""Shade 01 + Shade 02"", ""2pcs LIG Shade 03"", ""Daily Shine+Shade 03"", ""Shade 01 + Shade 03"", ""Shade 02 + Shade 03""]",10
id:779266191:18192931091,id,779266191,18192931091,[HAIR CARE BUNDLE] Lavojoy Shampoo + Conditioner | Perawatan Rambut Rontok | Rambut Lepek | Anti Ketombe | Lembut Bervolume | Rambut Halus | Mengurangi Rambut Berminyak | Menutrisi Rambut | Mengurangi Gatal Kulit Kepala,2026-07-03,Claim,"[""HairFallTreatmentSet"", ""Anti Dandruff Set"", ""Smooth & Shine Set"", ""Oil Control Set""]",4
id:779266191:19223481092,id,779266191,19223481092,[BODY SERUM TWINPACK] Lavojoy Let It Glow Body Serum Skin Brightening Upgraded Version | Body Lotion Untuk Mencerahkan Dan Melembabkan Kulit Dengan Niacinamide + Ceramide + Vitamin E,2026-07-03,Type,"[""2pcs Orange Blossom"", ""2pcs LIG Black Opium"", ""2pcs LIG Summertrain"", ""OrangeBls+BlackOpium"", ""OrangeBlssm+Smrtrn"", ""Smrtrn+BlackOpium"", ""Solve It Now BS"", ""Keep It Chill BS"", ""LIG Orange + SIN"", ""LIG Orange + KIC"", ""LIG BlackOpium + SIN"", ""LIG BlackOpium + KIC"", ""SIN + SUMMERTRAIN"", ""KIC + SUMMERTRAIN""]",14
id:779266191:21195685165,id,779266191,21195685165,Lavojoy Let It Glow Body Serum Skin Brightening Upgraded Version | Body Serum Untuk Mencerahkan Dan Melembabkan Kulit Dengan Niacinamide + Ceramide + Vitamin E,2026-07-03,Name,"[""Body Serum 180ml"", ""2pcs Body Serum"", ""Black Opium 180mL"", ""2pcs Black Opium"", ""Summertrain 180ml"", ""2pcs Summertrain"", ""[FS]Body Serum"", ""[FS]Black Opium"", ""[FS]Summertrain""]",9
id:779266191:21795721649,id,779266191,21795721649,Lavojoy Let It Glow Body Wash Skin Brightening Upgraded Version | Sabun Mandi Cair Untuk Mencerahkan Dan Melembabkan Kulit | Fresh Body Shower,2026-07-03,Name,"[""Brighten BodyWash"", ""Body Wash+Body Serum"", ""Body Wash+Tone Up"", ""Nourish BodyWash"", ""Cooling BodyWash"", ""FS Brighten BodyWash"", ""FS Nourish BodyWash"", ""FS Cooling BodyWash""]",8
id:779266191:22076680299,id,779266191,22076680299,Lavojoy Hold Me Tight Pro Conditioner Spring Wonder | Hair Conditioner | Kondisioner Rambut | Perawatan Rambut Rontok | Mempercepat Pertumbuhan Rambut | Memperkuat Akar | Menutrisi Rambut | Conditioner Ginseng,2026-07-03,Bundle,"[""Conditioner 280ml"", ""Conditioner 2x280ml"", ""Shampoo+Conditioner"", ""[FS]Conditioner 280m"", ""[FS]Conditioner 2x28"", ""[FS]Shampoo+Conditio""]",6
id:779266191:22451188653,id,779266191,22451188653,Lavojoy Hold Me Tight Pro Shampoo Spring Wonder | Hair Shampoo | Sampo Rambut | Shampoo Perawatan Rambut Rontok | Mempercepat Pertumbuhan Rambut | Mengurangi Kerontokkan | Sampo Ginseng & Jahe,2026-07-03,Name,"[""Shampoo 280gr"", ""Shampoo+Conditioner"", ""Shampoo 2x280gr"", ""Shampoo+ScalpEssence"", ""[FS] Shampoo 1pc"", ""[FS] Shampoo 2pcs"", ""[FS] Shampoo+Condi"", ""[FS] Shampoo+Essence"", ""[FS] 3in1 HMT Pro""]",9
id:779266191:22577522022,id,779266191,22577522022,[BUNDLE] Lavojoy Hold Me Tight Pro Shampoo + Conditioner Spring Wonder | Hair Treatment | Perawatan Intensif untuk Rambut Rontok | Perawatan Rambut | Ceramide | Salicylic Acid | Hair Care | Citric Acid,2026-07-03,,"[""""]",1
id:779266191:22686419036,id,779266191,22686419036,Lavojoy Hold Me Tight Pro Scalp Essence Spring Wonder | Hair Shampoo | Shampo Rambut | Mengatasi Rambut Rontok Kebotakan | Perawatan Rambut Rontok | Memperkuat Akar Rambut | Perawatan Rambut Rontok Essence | Hair Tonic | Essence Ginseng & Jahe,2026-07-03,Name,"[""Scalp Essence 60gr"", ""Scalp Essence 2x60gr"", ""Shampoo+ScalpEssence"", ""[FS]Shampoo+ScalpEss"", ""3in1 HMT Pro"", ""[FS]3in1 HMT Pro"", ""[FS]Scalp Essence 60"", ""[FS]Scalp Essence 2x""]",8
id:779266191:23341118444,id,779266191,23341118444,[2IN1 BUNDLE] Lavojoy Hold Me Tight Pro Shampoo + Conditioner Series | Perawatan Rambut Rontok| Rambut Lepek | Anti Ketombe | Lembut Bervolume | Rambut Halus | Mengurangi Rambut Berminyak | Menutrisi Rambut | Mengurangi Gatal Kulit Kepala,2026-07-03,Bundle,"[""Out of My Head Condi"", ""SoSoSoSmooth Condi"", ""HMT Pro Condi""]",3
id:779266191:23587779086,id,779266191,23587779086,[Tone Up 00-01-02-03] Lavojoy Let It Glow Daily Shine Body Serum Instant Tone Up Delicate Rose with SPF 50PA++++ | Body Serum untuk Perlindungan Sinar UV | Mencerahkan Seketika & Melembapkan Kulit dengan 3% Niacinamide + Australian Super VC + Ceramide,2026-07-03,Variant,"[""Shade 00 Silk White"", ""Body Wash+Silk White"", ""Shade 01 Cream Beige"", ""Shade 02 Warm Sand"", ""[FS]Shade 00 SilkW"", ""[FS]01 Cream Beige"", ""[FS]02 Warm Sand"", ""[FS]Body Wash+SilkW"", ""Body Wash+Tone-Up 01"", ""[FS]BodyWash+ToneUp1"", ""Body Wash+Tone-Up 02"", ""[FS]BodyWash+ToneUp2"", ""Shade 03Golden Honey"", ""[FS]03 Golden Honey"", ""Body Wash+Tone-Up 03"", ""[FS]BodyWash+ToneUp3""]",16
id:779266191:24251133314,id,779266191,24251133314,[3IN1 BUNDLE] Lavojoy Hold Me Tight Pro Shampoo + Conditioner + Scalp Essence Spring Wonder | Perawatan Intensif untuk Rambut Rontok | Perawatan Rambut Rontok | Ginseng Ginger Caffeine | Hair Care Growth | Citric Acid,2026-07-03,,"[""""]",1
id:779266191:24720372333,id,779266191,24720372333,Lavojoy Shampoo Series | dengan Salicylic Acid | Membersihkan Kulit Kepala Dan Rambut | Mengurangi Gatal Kulit Kepala | Mengurangi Minyak Rambut | Membuat Rambut Lembut dan Berkilau,2026-07-03,Shampoo,"[""OOMH Shampo 300ml"", ""OOMH Shamp+Condi"", ""HWB Shampo 300ml"", ""SSSSmooth Shmp 300ml"", ""SSSSmooth Shamp+Cond"", ""[FS]HWB Shampo"", ""[FS]OOMH Shampo"", ""[FS]SSSSmooth Shampo""]",8
id:779266191:25001036876,id,779266191,25001036876,[BUNDLE] Lavojoy Hold Me Tight Pro Shampoo + Scalp Essence Spring Wonder 2in1 Bundle Set | Perawatan Rambut Rontok | Hair Essence | Memperkuat Akar Rambut | Perawatan Rambut Rontok Essence | Hair Tonic | Essence Ginseng & Jahe,2026-07-03,Variant,"[""[FS] Shampoo+ScalpEs"", ""Shampoo+ScalpEssence""]",2
id:779266191:25389323175,id,779266191,25389323175,Lavojoy Let It Glow Body Serum Skin Brightening Upgraded Version | Body Lotion Untuk Mencerahkan Dan Melembabkan Kulit Dengan Niacinamide + Ceramide + Vitamin E,2026-07-03,Variation,"[""Body Serum 180ml"", ""Body Wash+Body Serum"", ""2pcs Body Serum"", ""LIG Day & Night"", ""3in1 LIG Series"", ""Body Serum+Shade01"", ""Body Serum+Shade02"", ""BS+BW+Shade01"", ""BS+BW+Shade02"", ""Body Serum+Shade03""]",10
id:779266191:25397748026,id,779266191,25397748026,[BIGGER SIZE] Lavojoy Let it Glow Body Serum Orange Blossom 300ml | Body Serum Untuk Mencerahkan Dan Melembabkan Kulit Dengan Niacinamide + Ceramide + Vitamin E,2026-07-03,Variant,"[""Body Serum OB 300ml"", ""BS OB 300ml*2"", ""BS OB 300ml+DS 00"", ""BS OB 300ml+DS 01"", ""BS OB 300ml+DS 02"", ""BS OB 300ml+DS 03""]",6
id:779266191:26127246027,id,779266191,26127246027,[TONE UP SHADE 01] Lavojoy Let It Glow Daily Shine Body Serum Instant Tone Up Delicate Rose with SPF 50 PA++++|Shade 01 Cream Beige|Body Serum untuk Perlindungan Sinar UV|Mencerahkan Seketika & Melembapkan Kulit dengan 3% Niacinamide + Australian Super VC,2026-07-03,01 Cream Beige,"[""Single"", ""2pcs"", ""Body Wash + Tone Up"", ""DayNight Orange B"", ""DayNight Summertrain"", ""DayNight Black Opium"", ""3in1 OrangeB"", ""3in1 Summertrain"", ""3in1 Black Opium""]",9
id:779266191:27115384896,id,779266191,27115384896,[BRIGHTENING SET] Lavojoy Let It Glow Body Serum Skin Brightening + Body Serum Instant Tone Up SPF 50 PA++++ Body Wash Skin Brightening Upgraded Version 3 in 1 Bundle Set | Mencerahkan dan Melembabkan kulit | Fresh dan Elegant,2026-07-03,3in1,"[""LIG OrangeB+00+BW"", ""LIG Summertrai+00+BW"", ""LIG BlackOpium+00+BW"", ""LIG OrangeB+01+BW"", ""LIG BlackOpium+01+BW"", ""LIG Summertrai+01+BW"", ""LIG OrangeB+02+BW"", ""LIG BlackOpium+02+BW"", ""LIG Summertrai+02+BW"", ""LIG OrangeB+03+BW"", ""LIG Summertrai+03+BW"", ""LIG BlackOpium+03+BW""]",12
id:779266191:27416811310,id,779266191,27416811310,[BUNDLE DAY&NIGHT] Lavojoy Let It Glow Daily Shine Body Serum Instant Tone Up Delicate Rose with SPF 50 PA++++ & Body Serum Skin Brightening | Mencerahkan dan Melembabkan kulit | Body Serum Siang dan Malam,2026-07-03,Variant,"[""Shade 00+Orange B"", ""Shade 00+Summertrain"", ""Shade 00+Black Opium"", ""Shade 01+Orange B"", ""Shade 01+Black Opium"", ""Shade 01+Summertrain"", ""Shade 02+Orange B"", ""Shade 02+Black Opium"", ""Shade 02+Summertrain"", ""Shade 00+KeepItChill"", ""Shade 01+KeepItChill"", ""Shade 02+KeepItChill"", ""Shade 00+SolveItNow"", ""Shade 01+SolveItNow"", ""Shade 02+SolveItNow"", ""Shade 03+Orange B"", ""Shade 03+Summertrain"", ""Shade 03+Black Opium"", ""Shade 03+KeepItChill"", ""Shade 03+SolveItNow""]",20
id:779266191:27527246851,id,779266191,27527246851,[TONE UP SHADE 02] Lavojoy Let It Glow Daily Shine Body Serum Instant Tone Up Delicate Rose with SPF 50 PA++++|Shade 02 Warm Sand|Body Serum untuk Perlindungan Sinar UV|Mencerahkan Seketika & Melembapkan Kulit dengan 3% Niacinamide + Australian Super VC,2026-07-03,02 Warm Sand,"[""Single"", ""2pcs"", ""Body Wash + Tone Up"", ""DayNight Orange B"", ""DayNight Summertrain"", ""DayNight Black Opium"", ""3in1 OrangeB"", ""3in1 Summertrain"", ""3in1 Black Opium""]",9
id:779266191:27866702818,id,779266191,27866702818,Lavojoy Keep It Chill Body Serum 180ml | Calm Down And Hydrate Skin | Body Lotion | Sensasi Dingin | Menenangkan Kulit | Memperkuat Skin Barrier | Ceramide + Centella Asiatica + Mint Extracts,2026-07-03,Variant,"[""Body Serum 180ml"", ""Body Wash+Body Serum"", ""2pcs KIC Body Serum"", ""KIC BS+Tone-Up"", ""KIC BS+Shade01"", ""KIC BS+Shade02"", ""KIC BS+BW+Tone-Up"", ""KIC BS+BW+Shade01"", ""KIC BS+BW+Shade02"", ""KIC BS+Shade03""]",10
id:779266191:29014387643,id,779266191,29014387643,Lavojoy Let It Glow Summertrain Body Serum Skin Brightening Upgraded Version | Body Lotion Untuk Mencerahkan Dan Melembabkan Kulit Dengan Niacinamide + Ceramide + Vitamin E,2026-07-03,Type,"[""Body Serum 180ml"", ""Body Wash+Body Serum"", ""2pcs Body Serum"", ""LIG Day & Night"", ""3in1 LIG Series"", ""Summertrain+Shade01"", ""Summertrain+Shade02"", ""SummertrainBS+BW+01"", ""SummertrainBS+BW+02"", ""Summertrain+Shade03""]",10
id:779266191:29116134787,id,779266191,29116134787,Lavojoy Hand Cream Series 30ml | Krim Untuk Mencerahkan Dan Melembabkan Kulit Tangan | Niacinamide Dan Shea Butter | Hand Cream Tangan Kering | Krim Tangan,2026-07-03,Variant,"[""Let It Glow 1pc"", ""Let It Glow 2pcs"", ""Keep It Chill 1pc"", ""Keep It Chill 2pcs"", ""Solve It Now 1pc"", ""Solve It Now 2pcs"", ""So So So Smooth 1 pc"", ""So So So Smooth 2pcs""]",8
id:779266191:29264374480,id,779266191,29264374480,Lavojoy Let It Glow Black Opium Body Serum Skin Brightening Upgraded Version | Body Lotion Untuk Mencerahkan Dan Melembabkan Kulit Dengan Niacinamide + Ceramide + Vitamin E,2026-07-03,Variant,"[""Body Serum 180ml"", ""Body Wash+Body Serum"", ""2pcs Body Serum"", ""LIG Day & Night"", ""3in1 LIG Series"", ""Black Op BS+Shade01"", ""Black Op BS+Shade02"", ""BlackOpBS+BW+Shade01"", ""BlackOpBS+BW+Shade02"", ""Black Op BS+Shade03""]",10
id:779266191:29424110638,id,779266191,29424110638,Lavojoy So So So Smooth Hair Mask 180gr | Masker Rambut Lembut Anti Kusut Frizzy | Masker Rambut Berkilau | Masker Rambut Kering | Repair Hair Mask with Hyaluronic Acid + Triple Seed Oil + Australian Manuka Honey,2026-07-03,Package,"[""Hair Mask 180gr"", ""2pcs Hair Mask"", ""Hair Mask + HMT Pro"", ""Hair Mask + OOMH"", ""Hair Mask + SoSmooth"", ""Hair Mask + HWB""]",6
id:779266191:29620337535,id,779266191,29620337535,[LIVE] Lavojoy Hold Me Tight Pro Shampoo Spring Wonder Hair Fall Care | Hair Shampoo | Sampo Rambut | Shampoo Perawatan Rambut Rontok | Mempercepat Pertumbuhan Rambut | Mengurangi Kerontokkan | Sampo Ginseng & Jahe,2026-07-03,Name,"[""Shampoo 280gr"", ""Shampoo+Conditioner"", ""Shampoo 2x280gr"", ""Shampoo+ScalpEssence""]",4
id:779266191:40455576600,id,779266191,40455576600,"Lavojoy So So So Smooth Hair Oil 80ml – Hair Oil Rambut Kering & Kusut, Melembutkan, Mengurangi Rambut Mengembang, Perlindungan Rambut Dari Panas Berlebih, Dengan 9 Natural Oils & Vitamin E",2026-07-03,Package,"[""So Smooth Hair Oil"", ""So Smooth Oil 2pcs"", ""HMTP Shmp+SSS Oil"", ""HWB Shmp+SSS Oil"", ""OOMH Shmp+SSS Oil"", ""So Smooth Shmp + Oil"", ""So Smooth Mask + Oil""]",7
id:779266191:43824983854,id,779266191,43824983854,[NEW LAUNCH] Lavojoy Let It Glow Body Scrub DELICATE ROSE 180ML | Body Scrub Untuk Mencerahkan & Meratakan Warna Kulit Dengan 3% Niacinamide + Australian Super VC | Dual-Action Exfoliation Menghasilkan Kulit Yang Lebih Halus Dan Lembut,2026-07-03,Variant,"[""Body scrub"", ""Body Scrub*2"", ""Body scrub + DS 00"", ""Body scrub + DS 01"", ""Body scrub + DS 02"", ""Body scrub + BlackOp"", ""Body scrub + OrangeB"", ""Body scrub + SummerT"", ""BScrub+LIG BW+BlackO"", ""Body scrub + DS 03""]",10
id:779266191:43878200654,id,779266191,43878200654,[For Sensitive Scalp] Lavojoy Calm Me Softly 2in1 Sensitive Scalp Care | Shampoo 280ML + Essence 60ML | Menenangkan & Merawat Scalp barier cocok untuk kulit sensitif,2026-07-03,Variant,"[""CMS Shampoo+Essence""]",1
id:779266191:43928185146,id,779266191,43928185146,"[NEW LAUNCH] Lavojoy Calm Me Softly Shampoo Camelia Dew 280ML | Shampoo untuk Kulit Kepala Sensitif Memperbaiki & Memperkuat Scalp Barrier dengan Rosemary+Olive Oils, 6X Ceramide-B5, and Zinc-PO",2026-07-03,Variant,"[""CMS Shampoo"", ""CMS Shampoo*2"", ""CMS Shampoo+Essence""]",3
id:779266191:44802217849,id,779266191,44802217849,[NEW LAUNCH] Lavojoy Repair Me Now Hair Mask Iris Garden 250ml | Halus & Berkilau Tanpa Lepek | Multi-Layering Repair With 3×Keratin + 3×Collagen + 15× Amino Complex + Argan + Macadamia Oil + Peptide Hydra-Repair,2026-07-03,Variant,"[""RMN Hairmask"", ""RMN Hairmask*2"", ""RMN Shmp + Hairmask""]",3
id:779266191:46301661909,id,779266191,46301661909,[ECONOMIC BUNDLE] Lavojoy 2in1 Brightening care | Body Serum 300ml + Body wash 300ml | Perawatan untuk Mencerahkan dan Melembabkan kulit dengan Niacinamide + Ceramide + Vitamin E,2026-07-03,Variant,"[""BS OB + LIG BW 300ml"", ""BS OB + SIN BW 300ml"", ""BS OB + KIC BW 300ml""]",3
id:779266191:46658961924,id,779266191,46658961924,[BARU] Lavojoy Let It Glow 10% Niacinamide Sunscreen Serum Gel SPF 50+ PA++++ Pear Frost & Freesi | Ultra-light watery gel sunscreen serum | 10% Niacinamide and Aloe-Ceramides | Perlindungan terhadap paparan sinar UV,2026-07-03,Variant,"[""SunscreenSerumGel"", ""SSerum Gel * 2"", ""SSG+BSerumGel"", ""SSerum Gel+DS 00"", ""SSerum Gel+DS 01"", ""SSerum Gel+DS 02"", ""SSerum Gel+DS 03""]",7
id:779266191:47258961139,id,779266191,47258961139,"[BARU] Lavojoy Let It Glow 10% Niacinamide Daylight Brightening Serum Gel Serene Blush | Ultra-light watery gel serum enriched |10% Niacinamide, Kakadu-Glutathione, and a blend of 10 Vita-Skinfood Extracts",2026-07-03,Variant,"[""BrighteningSerumGel"", ""BSerum Gel * 2"", ""BSG+SunscreenSG"", ""BSerum Gel+DS 00"", ""BSerum Gel+DS 01"", ""BSerum Gel+DS 02"", ""BSerum Gel+DS 03""]",7
id:779266191:47506875118,id,779266191,47506875118,"[NEW LAUNCH] lavojoy Flakes Off My Crown Selenium 2in1 Shampoo+Conditioner Autumn Breeze 200ml | Perawatan kulit kepala berketombe dengan Selenium Sulfide dalam 3 pilihan konsentrasi (0,2% | 0,6% | 1%) untuk kebutuhan berbeda",2026-07-03,Variant,"[""0.2%(Ketombe ringan)"", ""0.6%(Ketombe sedang)"", ""1%(Ketombe berat)""]",3
id:779266191:48105035999,id,779266191,48105035999,"[NEW LAUNCH] Lavojoy Calm Me Softly Essence Camelia Dew 60ML | Meredakan Kemerahan & Iritasi Kulit Kepala Sensitif dengan Rosemary+Olive Oils, 6X Ceramide-B5, and Zinc-PO",2026-07-03,Variant,"[""CMS Essence"", ""CMS Shampoo+Essence""]",2
id:779266191:48855022633,id,779266191,48855022633,"Lavojoy 2in1 Hair Solution Bundle | Mengatasi Rambut Rontok, Rambut Kering & Rusak, Kulit Kepala Sensitif | Lembut Bervolume | Rambut Halus | Mengurangi Rambut Berminyak | Menutrisi Rambut | Mengurangi Kemerahan Kulit Kepala | Memberi Sensasi Dingin",2026-07-03,Variant,"[""CMS Shampoo+Essence"", ""HMTP Shampoo+Condi"", ""RMN Shampo+Hair Mask"", ""CMSShampoo+RMN Mask"", ""HMTPShampoo+RMN Mask"", ""FOMC 0.2%"", ""FOMC 0.6%"", ""FOMC 1%""]",8
id:779266191:49802217586,id,779266191,49802217586,"[NEW LAUNCH] Lavojoy Repair Me Now Shampoo Iris Garden 280ml | Perbaikan Rambut Rusak Intens Dengan 3× Keratin + Ceramide Boost + ScalpBioEnergy Hydration Care | 3x Lebih Lembut, Lalus, Tanpa Mengiritasi",2026-07-03,Variant,"[""RMN Shampoo"", ""RMN Shampoo*2"", ""RMN Shmp + Hairmask""]",3
id:779266191:58152183963,id,779266191,58152183963,[FOR DAMAGED & COLORED HAIR] Lavojoy Repair Me Now 2in1 Bundle Shampoo 280ml + Hair Mask 250ml | Paket Perawatan Rambut Halus & Berkilau Tanpa Lepek,2026-07-03,Variant,"[""RMN Shmp + Hairmask""]",1
id:809769142:10599605978,id,809769142,10599605978,Glad2Glow bundle 3in1 paket Skincare- Moisturizer+Serum+Cleanser- Face Wash Glowing Kit Dark Spot Acne Kit Mencerahkan warna kulit Menghilangkan jerawat Anti penuaan kulit halus Mencerahkan bintik hitam Beauty Sets & Packages g2glow official store,2026-07-03,Set,"[""✨3PCS Repair&Glowing"", ""3PCS Glowing"", ""3PCS Dark Spot"", ""3PCS Glowing&Smooth"", ""3PCS Anti-wrinkle"", ""3PCS Acne Care""]",6
id:809769142:16797836904,id,809769142,16797836904,Glad2Glow 2pcs Skincare Paket- Moisturizer+Serum-Beauty Sets & Packages Mencerahkan warna kulit Menghilangkan jerawat pengelupasan kulit penghalang perbaikan Anti penuaan kulit halusMencerahkan bintik g2glow official store,2026-07-03,Set,"[""2PCS PDRN"", ""2PCS Glowing"", ""2PCS Retinol"", ""2PCS Repair"", ""2PCS Dark Spot"", ""2PCS Acne Care"", ""2PCS Glowing-FS"", ""Top1 Club & Perks""]",8
id:809769142:18024029084,id,809769142,18024029084,Glad2Glow Centella Ceramide Soothing Toner Acne hydrating toner Kulit Jerawat Berminyak Toner eksfoliasi wajah Menenangkan kemerahan pada kulit,2026-07-03,TONER,"[""1PC-Acne"", ""[40%OFF]3PCS-Acne"", ""Tone UP Cream 2in1"", ""[EXTRA DISC 20%]5PCS"", ""1PC-Acne-FS""]",5
id:809769142:18083979760,id,809769142,18083979760,Glad2Glow Yuja Symwhite 377 Dark Spot Moisturizer menghilangkan bekas jerawat brightening night cream day cream Hilangkan Kulit Skincare Pelembab Esensi Wajah Perawatan Wajah Pembersih day cream tone up g2g official store,2026-07-03,377,"[""[HOT]Buy5 Get1Free"", ""5pcs"", ""[EXTRA DISC 20%]5PCS"", ""[Big Moist] 100g 1pc"", ""[Big Moist] 100g 2pc"", ""1pc"", ""Dark Spot Set"", ""1pc-flash sale"", ""[60% off]2pcs"", ""3PCS"", ""Top1 Club & Perks""]",11
id:809769142:18584356032,id,809769142,18584356032,[DISKON 60%] Glad2Glow Clay Stick&Face Mask Series-Pomegranate Brightening/Mugwort Acne/ Volcanic Pore-sleeping masker g2glow official store,2026-07-03,Clay Stick,"[""1PC-Acne Care"", ""1PC-Glowing"", ""1PC-Eksfoliasi"", ""3PC-Skincare"", ""2PC-Glow&Eksfoliasi"", ""2PC-Eksfoliasi&Acne"", ""2PCS-Glowing&Acne"", ""Pori Masker"", ""Top1 Club & Perks"", ""out of stock""]",10
id:809769142:19691541572,id,809769142,19691541572,Glad2Glow Pomegranate Niacinamide Brightening Moisturizer Mencerahkan Pemutih Kulit Gel Pelembab Bercahaya Krim Siang dan Malam Perawatan Kulit Ekstrak DelimaPelembab Esensi Wajah Perawatan Kulit g2glow official store,2026-07-03,variant,"[""Bright moisturizer"", ""Top1 Club & Perks""]",2
id:809769142:19793942236,id,809769142,19793942236,Glad2Glow Cerah Glowing Bundle 4in1-Brightening Moisturizer+Serum+Cleanser+toner+Peeling solution+Retinol 10%Niacinamide skincare paket pembersih perawatan kulit mencerahkan warna kulit pelembab wajah g2glow official store,2026-07-03,Set,"[""[HOT]4PCS Glowing"", ""SET CERAH 5 PCS-pdrn"", ""5PCS Glowing-pdrn"", ""Glowing 5PCS-pdrn"", ""[EXTRA 25% OFF]5PCS"", ""4PCS Instant Glowing"", ""5PCS Body Glowing"", ""[HOT]Cleanser 3PCS"", ""[HOT]Glow-3PCS"", ""3PCS Toner Set"", ""[LIVE DEAL]4PCSFlash"", ""[LIVE DEAL]5PCS Glow"", ""[LIVE DEAL]5PCS-PDRN"", ""Top1 Club & Perks""]",14
id:809769142:20229171522,id,809769142,20229171522,[BUY 100ml Save 30%]Glad2Glow Blueberry Ceramide Low pH Gel Cleanser Gentle skin Facial Wash oil control skincare pembersih wajah sabun cuci muka face wash micellar water g2glow official store,2026-07-03,Cleanser,"[""[HOT SALE]Buy6 Get7"", ""[100ml ]- Repair 1PC"", ""[SAVE 30%]100ml-3PC"", ""[SAVE 30%]100ml-5PC"", ""1PC Repair-70ml"", ""3PCS-Repair-70ml"", ""5PCS-Repair"", ""[EXTRA 25% OFF]-6pcs"", ""1PC Repair-FS"", ""Set Repair 2PCS"", ""Top1 Club & Perks""]",11
id:809769142:20282626747,id,809769142,20282626747,Glad2Glow Yuja Symwhite 377 Dark Spot Serum Eksfoliasi Wajah collagen serum wajah cream pemutih wajah pelembab whitening cream malam cream flek hitam membandel Menyamarkan noda hitam bekas kusam g2glow official store,2026-07-03,Dark Spot,"[""[EXTRA DISC 20%]5PCS"", ""[HOT]3PCS-Dark Spot"", ""1PC-Dark Spot"", ""[HOT]2PCS-Dark Spot"", ""2PCS-Dark Spot"", ""1PC-Flash Sale""]",6
id:809769142:20636165691,id,809769142,20636165691,Glad2Glow Blueberry 5% Ceramide Moisturizer Repair Barrier Pulihkan skincare day cream Night Cream repair cream skincare Sensitive G2G glad2glow official store,2026-07-03,Pulih krim,"[""[HOT]Buy5 Get1Free"", ""[EXTRA DISC 20%]5PCS"", ""[HOT]Flash Sale 1PC"", ""[HOT]BIG SIZE 100g"", ""Krim Pemulih 3PCS"", ""1PC-Flash Sale"", ""Set Pulih&Tenang-3PC"", ""BIG SIZE 100g-Dis"", ""[LIVE DEAL]5pcs"", ""Top1 Club & Perks""]",10
id:809769142:20830189495,id,809769142,20830189495,Glad2Glow Berry Eye Cream Brightening Eye Serum | Krim Mata with Electronic Massager with Peptide mata panda kantung mata untuk Mengurangi Kantung Mata Eye Cream Eye Serum Penghilang Mata Panda Kantung Mata Cream Treatment g2glow official store,2026-07-03,Quantity,"[""1pc"", ""2pcs"", ""[48% off]3pcs""]",3
id:809769142:21429166155,id,809769142,21429166155,Glad2Glow Centella Salicylic Acid Power Acne Serum skincare serum wajah Eksfoliasi Wajah skincare bpom essence Anti jerawat skincare Menyamarkan bekas jerawat Menenangkan kulit g2glow official store,2026-07-03,Acne Serum,"[""[EXTRA DISC 20%]5PCS"", ""1PC-Acne Serum"", ""2PCS-Acne Serum"", ""2PCS-Acne Care"", ""2PCS-Acne Care 2"", ""3PCS-Acne Serum"", ""1PC-Flash Sale"", ""[LIVE DEAL]-ACNE 1PC"", ""[LIVE DEAL]-ACNE 3PC""]",9
id:809769142:21729164441,id,809769142,21729164441,Glad2Glow Daily Exfoliating Toner toner badan face mist hydrating toner centella Toner eksfoliasi wajah glycocid acid glycolic acid kulit halus Eksfoliasi Lembut Jaga kulit Anda tetap terhidrasi Rawat kulitmu Skincare Mikrodermabrasi g2glow official store,2026-07-03,TONER,"[""1PC-Exfoliating"", ""3PCS-Exfoliating"", ""[HEMAT 60%]5PCS"", ""1PC-Exfoliating-FS""]",4
id:809769142:21829166888,id,809769142,21829166888,Glad2Glow Serum Series-Peeling| Exfoliating | Mencerahkan Wajah | Retinol |Niacinamide| Dark Spot | Acne | Jerawat Glowing Brightening Glow G2G,2026-07-03,Serum,"[""PDRN"", ""Smooth Skin"", ""Glowing"", ""Anti-wrinkle"", ""Acne"", ""Antioksidan"", ""Dark Spot"", ""Glowing-DISC"", ""Smooth Skin-2PCS"", ""Glowing-2PCS"", ""2pcs Glowing Set"", ""2pcs Glass Skin Set"", ""2pcs Skin Renew Set"", ""3pcs Ultimate Glow"", ""[live] glow 1pc"", ""[live] retinol 1pc"", ""[live] peeling 1pc"", ""Top1 Club & Perks""]",18
id:809769142:22355348169,id,809769142,22355348169,"[Buy5 Save36k ]Glad2Glow Milk Amino Acid Gentle Cleanser facial wash,pembersih pencerah,pembersih wajah sabun cuci muka face wash skincare micellar water,Mencerahkan kulit , untuk semua jenis kulit ,Lembab Tanpa Ketarik,G2G glad2glow officia store",2026-07-03,Milk Cleanser,"[""1PC-Glowing"", ""Top1 Club & Perks""]",2
id:809769142:22853217492,id,809769142,22853217492,Glad2Glow 3pcs Paket Skincare- Moisturizer+Serum+Toner-Acne Kit Glowing Kit Dark Spot Barrier Bright bundle Beauty Sets Packages Mencerahkan warna kulit Menghilangkan jerawat penghalang perbaikan Mencerahkan bintik hitam Anti penuaang2glow official store,2026-07-03,Set,"[""3PCS Glowing"", ""3PCS Repair"", ""3PCS Acne Care"", ""3PCS Dark Spot"", ""3PCS Anti-wrinkle""]",5
id:809769142:22873282452,id,809769142,22873282452,Glad2Glow Mugwort Salicylic Acid Acne Clay Stick Masker Wajah Masker Jerawat Acne Clay Stik Anti Pores Acne Jerawat Komedo Cleansing Mugwort Mask,2026-07-03,Clay Stick,"[""[save 58k]Buy5 Get6"", ""[EXTRA 25% OFF]-6pcs"", ""1pcs"", ""[30%OFF]3pcs"", ""2pcs"", ""2in1 Acne Care"", ""Cleanser& Masker"", ""Toner & Masker"", ""Serum & Masker"", ""Moist & Masker"", ""Moist 100g & Masker""]",11
id:809769142:23457178413,id,809769142,23457178413,Glad2Glow bundle 5in1 paket Skincare- Moisturizer+Serum+Cleanser+Toner+ Clay Stick- Face Wash Glowing Kit Dark Spot Acne Kit Mencerahkan warna kulit Menghilangkan jerawat Anti penuaan Mencerahkan bintik hitam Beauty Sets & Packages g2glow official store,2026-07-03,Set,"[""5PCS Glowing"", ""5PCS Acne Care"", ""5PCS Anti-wrinkle"", ""5PCS Repair"", ""5PCS Dark Spot"", ""5PCS Glowing&Acne""]",6
id:809769142:23668056941,id,809769142,23668056941,Glad2Glow Centella Water Gel Moisturizer Madeca Cream Cica Pelembab Wajah 30/55g Pengontrol Minyak Pelembab Menyembuhkan Jerawat Krim Anti Jerawat Memperbaiki Penghalang Kulit Kelembapan Kulit g2glow official store,2026-07-03,Set,"[""[HOT]Buy5 Get1Free"", ""[EXTRA DISC20%]55g*5"", ""30g"", ""55g-1PC"", ""[60% off]55g-2pcs"", ""[HEMAT 40%]55g-3pcs"", ""Acne Set"", ""[HEMAT 50%] 30g-3pcs"", ""55g-discount"", ""30g-discount""]",10
id:809769142:23856176929,id,809769142,23856176929,Glad2Glow Volcano 3D Acid Pore Clay Mask Masker Wajah Masker Glad2Glow Masker Komedo Dan Pori Pori Wajah Deep Pores Cleansing Masker Organik Clay Mask Clay Masker Mud Mask Face Masker Jelly Mask Sheetmask Wash Off Mask Masker Jerawat G2Glow Official Store,2026-07-03,Type,"[""1PC"", ""Face Wash & Masker"", ""[60%OFF]2PCS"", ""[60%OFF]3PCS"", ""[50%OFF]4PCS""]",5
id:809769142:24192367557,id,809769142,24192367557,Glad2Glow Yuzu Aha Blackhead Exfoliating Cleanser facial wash skincare face wash sabun cuci muka cleansing balm exfoliating exfoliasi wajah sabun muka pembersih wajah Yuzu Aha Blackhead Exfoliating Cleanser g2glow official store,2026-07-03,Eksfoliasi,"[""1PC-Exfoliating"", ""2PC-Exfoliating"", ""3PCS-Exfoliating"", ""5PCS-Exfoliating"", ""2PCS Clean & Glowing""]",5
id:809769142:24442098701,id,809769142,24442098701,GLAD2GLOW Tremella Vita B5 Sensitive Calming Moisturizer | Gel Day & Night Cream Skincare g2g Pelembab Wajah Pemutih Wajah Mencerahkan g2glow official store,2026-07-03,SENSITIVE,"[""SENSITIVE MOIST"", ""Moisturizer-3pcs"", ""Moisturizer-2pcs"", ""SENSITIVE 2in1"", ""SENSITIVE 3in1"", ""Sensitive 2PCS"", ""Moist & Glow Serum"", ""SENSITIVE 1PC-fs""]",8
id:809769142:24443458397,id,809769142,24443458397,Glad2Glow Volcano 3D Acid Pore Clay Stick Masker Wajah Clay Masker Stik Deep Cleansing Pori Pori Masker Komedo Dan Pori Pori Wajah Pembersih Komedo clay Masker Masker Organik Masker Jerawat Sheetmask Masker Glad2Glow Clay Mask Masker G2Glow Official Store,2026-07-03,Clay Stick,"[""1pc"", ""[60%OFF]3pcs"", ""2pcs"", ""Face Wash & Masker"", ""Deep clean duo"", ""Toner & Masker"", ""Serum & Masker"", ""Moist & Masker"", ""Moist 100g & Masker""]",9
id:809769142:24577552378,id,809769142,24577552378,Glad2Glow Perfect Blurring Powder Foundation waterproof setting two way cake TWC Mengandung squalane dan vitamin E concealer pengontrol minyak meratakan warna kulit bantalan udara yang menjaga kelembapan alas bedak krim BB concealer g2glow official store,2026-07-03,colour code,"[""00 Affogato"", ""01 Buttercream"", ""02 Praline - Hot!"", ""03 Custard - Hot!"", ""04 Ginger"", ""05 Cinnamon"", ""Makeup Set 02"", ""Makeup Set 03"", ""Makeup Remover 02"", ""Makeup Remover 03"", ""02-Praline"", ""03-Custard"", ""[LIVE DEAL]-03"", ""02 Praline-2pcs"", ""03 Custard-2pcs"", ""BUY 2 GET 1-02"", ""BUY 2 GET 1-03"", ""BUY 4 GET 1-02"", ""BUY 4 GET 1-03"", ""Top1 Club & Perks""]",20
id:809769142:24597552858,id,809769142,24597552858,[Big Size]Glad2Glow Blueberry Ceramide Low pH Gel Cleanser 150ml facial wash skincare face wash sabun cuci muka cleansing balm exfoliating exfoliasi wajah sabun muka pembersih wajah Memperbaiki penghalang kulit tetap terhidrasi wajah,2026-07-03,Cleanser,"[""1PCS Big Size"", ""[save 10K today]2PCS"", ""3PCS Big Size"", ""Top1 Club & Perks""]",4
id:809769142:24704461451,id,809769142,24704461451,Glad2Glow Pomegranate Niacinamide Brightening Clay Stick Masker Brightening Glowing Mud Clay Masker Mencerahkan Clay Pembersih Komedo Masker Wajah,2026-07-03,Type,"[""Glow Clay Stick 1pc"", ""Glow Clay Stick 2pcs"", ""Glow Clay Stick 3pcs"", ""Bright Clay Mask"", ""[Favorit]GLOWING SET"", ""Brightening Set"", ""Moist & Masker"", ""Bright Clay Stick-fs"", ""Bright Clay Mask-fs"", ""Face Wash & Masker"", ""Toner & Masker"", ""Serum & Masker"", ""Moist 100g & Masker"", ""Tone UP Cream 2in1""]",14
id:809769142:24742813269,id,809769142,24742813269,[Hemat 60%]Glad2Glow Facial Wash all Series-Low PH Gel Centella Mencerahkan Pencerah Wajah Anti Jerawat Penuaan Hilangkan Flek & Tenangkan face wash Pembersih Wajah Membersihkan kotoran dan minyak Menjaga pelindung kulit Mengobati Cleanser,2026-07-03,cleanser,"[""Buy9 get 1Free-Glow"", ""Buy9 get 1Free-Gel"", ""Buy9 get 1Free-Acne"", ""Buy9 get 1Free-Pore"", ""Buy9 get 1Free -1"", ""Buy8 get 1Free-Milk"", ""Buy8 get1 free -2"", ""Buy9 get 1Free-Cerah"", ""[Buy6 get 1]-glow70g"", ""[Buy6 Get1]-Gel"", ""[Buy6 Get1]-ACNE"", ""[Buy6 Get1]-Pore"", ""[BUY5 GET1]-milk"", ""[Buy6 Get1]-Cerah"", ""5PCS-Glow"", ""7PCS Gentle repair"", ""7PCS Anti-Jerawat"", ""7PCS Gentle Glow"", ""Buy9 get 1Free-Lowph"", ""Buy9 get 1Free-Exfo."", ""Buy9 get 1Fre-Matcha"", ""Buy9 get 1Free-Calm"", ""Buy9 get 1Free-VC"", ""[Buy6 Get1]-Low ph"", ""[Buy6 Get1]-Calm"", ""[Buy6 Get1]-Exfo."", ""[Buy6 Get1]-Matcha"", ""[Buy6 Get1]-VC"", ""Top1 Club & Perks""]",29
id:809769142:25090328302,id,809769142,25090328302,Glad2Glow Acne Jerawat Bundle 7in1 paket Centella madeca cream-Moisturizer+Serum+Cleanser+Toner+Clay Stick+Gel Skincare Mask Menghilangkan Menenangkan kemerahan pada kulit Atur Minyak BerlebihMerawat g2glow official store,2026-07-03,ACNE ALL IN 1,"[""[HOT]7PCS Acne&Mask"", ""7PCS-Acne"", ""5PCS-Acne(30g gel)"", ""HOT7PCS Acne&Peeling"", ""10PS Acne&Body serum"", ""10PCS Acne&Pads"", ""10PCS Acne Skincare"", ""6PCS Acne&Mask"", ""[NEW]7PCS Acne&Clam"", ""9PCS Acne&Body serum"", ""8PCS Acne&Mask"", ""Peeling Acne 7in1"", ""Top1 Club & Perks""]",13
id:809769142:25439085414,id,809769142,25439085414,Glad2Glow Retinol Set All In 1 bundle paket Skincare-Moisturizer+Serum+Cleanser+Toner+ Clay Stick-peach moisturizer skin barrier Retinoid Memudarkan Garis Halus Memudarkan Kerutan Menghaluskan merawat jerawat dan kemerahan g2glow official store,2026-07-03,Anti-wrinkle,"[""6PCS Anti-wrinkle"", ""5PCS Anti-wrinkle"", ""4PCS Anti-wrinkle"", ""3PCS Anti-wrinkle 1"", ""3PCS Anti-wrinkle 2""]",5
id:809769142:25564103539,id,809769142,25564103539,Glad2Glow Peach Retinol Serum aging serum Anti-kerut Pulihkan glowing serum pelembab exfoliasi wajah Membantu mencegah glad2glow official store,2026-07-03,Retinol Serum,"[""[HOT SALE]Buy6 Get7"", ""[EXTRA 25% OFF]-6pcs"", ""Hot Sale 1PC"", ""Retinol Serum 3PCS"", ""[EXTRA DISC 20%]5PCS"", ""Flash Sale 1PC"", ""Retinol Serum 2PCS"", ""Anti-Aging 2PCS"", ""Day and Night Renew"", ""Kulit Halus 2PCS"", ""Set Dark Spot 2PCS""]",11
id:809769142:25614268730,id,809769142,25614268730,[HOT SALE]Glad2Glow Micellar Water 300ml cleansing oil cleansing balm micellar centella salycilic acid remover pembersih double cleansing pembersih make up remove cleanface facial Menghilangkan jerawat Penghapus riasan g2glow official store,2026-07-03,Makeup Remover,"[""1PC-All Skins"", ""300ml-Brightening"", ""Big Size 200ml-Oil"", ""Cleans Oil-100ml"", ""1PC-Cleansing Balm"", ""HOT-VC-230ml"", ""1PC-VC-300ml"", ""1PC-Pore Clear"", ""1PC-Calm"", ""1PC-Acne"", ""[50%OFF]2PCS-Acne"", ""[50%OFF]2PCS-Calm"", ""[55%OFF]3PC-All Skin"", ""3PC-Brightening"", ""1PC-All Skins-disc"", ""[LIVE DEAL]cherry"", ""[LIVE DEAL]bright"", ""Top1 Club & Perks""]",18
id:809769142:26341558563,id,809769142,26341558563,Glad2Glow Acne Jerawat Bundle 4pcs paket Centella madeca cream-Moisturizer+Serum+Cleanser+Toner Skincare Centella Masker Menghilangkan Menenangkan kemerahan pada kulit Atur Minyak BerlebihMerawat Kulit g2glow official store acnaway,2026-07-03,Set Acne Care,"[""Deep Clean Acne 5pcs"", ""Anti Jerawat 5pcs"", ""Peeling Acne 5pcs"", ""Peeling Acne Care"", ""Deep Clean Acne Set"", ""Anti Jerawat 150ML"", ""Anti Jerawat 5in1"", ""Anti Jerawat 4in1"", ""Anti Jerawat 2in1"", ""[LIVE DEAL]Acne 5in1"", ""[LIVE DEAL]Acne 4in1""]",11
id:809769142:26617444732,id,809769142,26617444732,[Cocok Untuk Pemula]Glad2Glow Cerah Glowing Bundle all in 1 7in1-Brightening Moisturizer+Serum+Cleanser+toner+Peeling solution+Retinol 10%Niacinamide skincare paket pembersih perawatan kulit mencerahkan warna kulit g2glow official store,2026-07-03,7in1 Glowing,"[""Bright Terlaris 9PCS"", ""Bright Lengkap 10PCS"", ""Favorit PDRN&RT 7PCS"", ""Favorit Cerah 7PCS"", ""Favorit Glow&RT 7PCS"", ""Premium Glow&RT 9PCS"", ""Hemat Glow&Fresh 8PS"", ""Klasik PDRN&RT 7PCS"", ""Favorit Flash 7PCS"", ""Klasik Renew 7PCS"", ""Hemat Glow&RT 8PCS"", ""Set Glow Harian 5PCS"", ""Top1 Club & Perks""]",13
id:809769142:26704788256,id,809769142,26704788256,GLAD2GLOW Kiwi 3D Acid Acne Moisturizer Pelembab Wajah Jerawat Mencerahkan Pencerah Wajah&Penuaan Hilangkan Flek & Tenangkan Kulit Skincare Pelembab Esensi Wajah Perawatan Kulit day cream tone up g2g official store,2026-07-03,MOISTURIZER,"[""[HOT]Buy5 Get1Free"", ""[EXTRA DISC 20%]5PCS"", ""ACNE MOIST-100g 1pc"", ""ACNE MOIST-100g 2pcs"", ""ACNE MOIST-1pc"", ""ACNE MOIST-3pcs"", ""ACNE MOIST-2pcs"", ""[HOT]ACNE SET 1"", ""ACNE SET 2"", ""ACNE SET 4"", ""ACNE SET 5"", ""ACNE-1pc flash sale"", ""[LIVE DEAL]1pc""]",13
id:809769142:26777568629,id,809769142,26777568629,Glad2Glow Tremella Vita B5 Sensitive Calming Gel Cleanser facial wash skincare face wash sabun cuci muka cleansing balm exfoliating exfoliasi wajah sabun muka pembersih wajah Menenangkan kulit sensitif menghidrasi & menutrisi kulit g2glow official store,2026-07-03,CLEANSER,"[""3PCS Sensitive Skin"", ""1PCS Sensitive Skin"", ""2PCS Sensitive Skin"", ""Set Sensitive Skin"", ""1PC-Calm-FS""]",5
id:809769142:26888816475,id,809769142,26888816475,[KHUSUS MEMBER]Glad2Glow Propolis Hyaluronic Acid Barrier Essence Toner badan face mist hydrating toner centella Toner eksfoliasi wajah glycocid acid glycolic acid Memperbaiki penghalang kulit Jaga kulit Anda G2G Toner g2glow official store,2026-07-03,TONER,"[""1PC-Repair""]",1
id:809769142:26892712078,id,809769142,26892712078,Glad2Glow Pomegranate Niacinamide Brightening Moisturizer 100g Day Cream Night Cream Skincare,2026-07-03,variant,"[""100G-Cream-Bottled"", ""Bottled 2pcs"", ""Glowing 2PCS"", ""[EXTRA DISC 20%]3PCS"", ""Niacinamide 100G-DIS"", ""[UP TO DISC 20%]1PC"", ""Niacinamide Cerah"", ""Niacinamide Cerah2PC"", ""Set Glow 2PCS"", ""Top1 Club & Perks""]",10
id:809769142:27070128649,id,809769142,27070128649,GLAD2GLOW PERFECT VITA C BRIGHT GLOW MICELLAR WATER 300ml Pembersih Wajah Make Up Remover Cleansing Water Mencerahkan Dark Spot Membersihkan makeup waterproof dan kotoran Memberikan rasa lembab dan mencerahkan kulit kusam,2026-07-03,VITAMIN C,"[""130ml-Travel&Trial"", ""230ml-1PC"", ""300ml-1PCS"", ""2PCS-300ml"", ""3PCS-300ml"", ""5PCS-300ml"", ""130ml+300ml"", ""130ml+300ml*3""]",8
id:809769142:27160062024,id,809769142,27160062024,Glad2Glow Propolis Hyaluronic Acid Barrier Essence Toner badan face mist hydrating toner centella Toner eksfoliasi wajah glycocid acid glycolic acid Memperbaiki penghalang kulit Jaga kulit Anda tetap terhidrasi Skincare G2G Toner g2glow official stor,2026-07-03,TONER,"[""1PC-Repair"", ""[26%OFF]3PCS-Repair"", ""[HEMAT 60%]5PCS"", ""[30%OFF]2PCS-Repair""]",4
id:809769142:27383676128,id,809769142,27383676128,"[Ukuran Besar, Lebih Hemat]Glad2Glow Madagascar Centella Light Cleansing Oil 200ml - micellar water pembersih wajah Penghapus riasan - lembut tanpa iritasi Menghapus riasan tahan air dengan cepat dan menyegarkan muka wajah g2glow official store",2026-07-03,Makeup Remover,"[""Clean Oil-200ml"", ""[CUMA75K/PC!]200ml*2"", ""1PC-Clean Oil-100ml"", ""Clean Oil -100ml*2"", ""[LIVE DEAL]-100ml"", ""Clean Oil -100ml-FS""]",6
id:809769142:27408030377,id,809769142,27408030377,Glad2Glow Peeling Solution Serum Eksfoliasi Wajah 60 detik Menghaluskan Kulit AHA BHA PHA serum wajah glowing pelembab mencerahkan peeling exfoliating serum g2glow official store,2026-07-03,Peeling,"[""1PC-Serum"", ""Top1 Club & Perks""]",2
id:809769142:27455737082,id,809769142,27455737082,"[BUY 100ml Save 30%]Glad2Glow Centella Salicylic Acid Acne Gel Cleanser facial wash pembersih wajah sabun cuci muka face wash skincare,Menenangkan kulit berjerawat dan kemerahan,mengontrol minyak berlebih,G2G glad2glow officia store",2026-07-03,Anti-Jerawat,"[""[HOT SALE]Buy6 Get7"", ""[100ml]-ACNE 1pc"", ""[SAVE 30%]100ml-3pc"", ""[SAVE 30%]100ml-5pc"", ""[EXTRA 25% OFF]-6pcs"", ""Set Acne Care 2PCS"", ""Top1 Club & Perks""]",7
id:809769142:27580011874,id,809769142,27580011874,[SENSITIVE SET]Glad2Glow Bundle all in 1 Tremella Vita B5 Sensitive Calming Moisturizer+Peeling Solution+Glad2Glow Gel Cleanser+Tremella Panthenol Sensitive Care Micellar Water g2glow official store,2026-07-03,SENSITIVE SET,"[""5PCS Sensitive Care"", ""4PCS Sensitive Care"", ""3PCS Sensitive Care"", ""2PCS Sensitive Care""]",4
id:809769142:27810365257,id,809769142,27810365257,Glad2Glow Toner Complete Series - Brighten/Acne Toner/Barrier/Exfoliating toner-Skincare centella wajah eksfoliasi hydrating glowing brightening glycolic water g2glow Official Store,2026-07-03,Toner,"[""1PC-Glowing"", ""[ New ]1PC-VITA C"", ""1PC-Acne"", ""Set Glowing 2PCS"", ""Cerah & Hidrasi 2in1"", ""1PC Glycolic Toner"", ""3PCS-Glowing"", ""Glowing Set 3in1"", ""1PC-Exfoliating"", ""1PC-Repair"", ""3PCS-VC Brighten"", ""[Save 8K]2PCS-Glow"", ""Set Anti-wrinkle 2PC"", ""Set Smooth Skin 2PCS"", ""3PCS-Repair"", ""3PCS-Acne Care"", ""3PCS-Exfoliating"", ""Glow&DeepClean2in1"", ""1PC-Glowing-FS"", ""Top1 Club & Perks"", ""[LIVE DEAL]3pcs Glow""]",21
id:809769142:27938088991,id,809769142,27938088991,Glad2Glow Centella Salicylic Acid Exfoliating Acne Toner Pads Gentle Eksfoliasi Kulit Jerawat Kulit Sensitif Centella Pads Lactic Acid Malic AHA BHA Peeling Serum Acne Spot Serum Cica Acne Clear Pad Treatment Jerawat Acne Mask Glad2Glow Official Store,2026-07-03,Acne Pads,"[""1PC- Acne Toner Pad"", ""2PCS-Acne Toner Pads"", ""[ HEMAT 50k ] 3pcs"", ""[HOT ]Eksfo Acne2in1"", ""[ HEMAT 80k ] 5pcs""]",5
id:809769142:28030007092,id,809769142,28030007092,[Set Eksfoliasi]Glad2Glow Kulit Halus Bundle all in 1 - 2/3/4/5 PCS eksfoliasi wajah Skincare Set-Pulihkan/Cerah Krim+Peeling Solution+ Cleanser+Eksfoliasi Toner-peeling whitening Moisturizer facial wash Pelembab G2G glad2glow official store,2026-07-03,Set Eksfoliasi,"[""Set Eksfoliasi 5PCS"", ""Set Kulit Halus 4PCS"", ""Set Kulit Halus 3PCS"", ""Set Eksfoliasi 2PCS"", ""Set Eksfoliasi 2in1"", ""Set Eksfoliasi 4PCS"", ""Set Eksfoliasi 3PCS""]",7
id:809769142:28293199566,id,809769142,28293199566,[Big Size]Glad2Glow Centella Salicylic Acid Acne Gel Cleanser 150ml facial wash skincare face wash sabun cuci muka cleansing balm exfoliating exfoliasi wajah sabun muka pembersih wajah merawat serta membantu menenangkan jerawat,2026-07-03,Anti-Jerawat,"[""Big Size—1PC"", ""2pcs"", ""Big Size—3PCS"", ""Top1 Club & Perks""]",4
id:809769142:28343930753,id,809769142,28343930753,[KHUSUS MEMBER]Glad2Glow Tone Up Brightening Cream 30g,2026-07-03,Serum,"[""1PC""]",1
id:809769142:28376448249,id,809769142,28376448249,Glad2ght & Moist Body Serum Series--Brighten/Moist/Smooth Badan Body Cream Body Lotion Glow Peeling Menghidrasi Kulit Mencerahkan Dan Pemutih Tubuh Atasi Belang,2026-07-03,BODY SERUM,"[""[180ml] NightGlow"", ""[180ml]ALL Day Glow"", ""[New]Day&Night Glow"", ""[300ml] NightGlow"", ""[300ml]ALL Day Glow"", ""[HOT !]Bright -300ml"", ""Bright 180ml-1PC"", ""[SAVE 50%]2pcs-300ml"", ""Bright 300ml-2PCS"", ""[Hemat26K]Bright 3PC"", ""Bright&Smooth 3pcs"", ""Bright(300+180ml)2PC"", ""Bright 300ml-1PC-fs""]",13
id:809769142:28426633621,id,809769142,28426633621,[SPOT-LIGHTENING] Glad2Glow 377 Dark Spot Concealer bundle 4PCS Skincare Paket-SymWhite 377 Moisturizer+ 377 Serum+Cleanser +Niacinamide Day Cream Memperbaiki warna kulit kusam dan mencerahkan kulit G2G g2g officialstore,2026-07-03,377 DARK SPOT,"[""Spot-Lightening Set"", ""2PCS-Dark Spot Hot"", ""Dark Spot Set 3in1"", ""4PCS Anti Flek AM PM"", ""[LIVE DEAL]2PCS"", ""[LIVE DEAL]Spot Set""]",6
id:809769142:28776573319,id,809769142,28776573319,Glad2Glow Perfect Cover Cushion Oil-Control matte Foundation Waterproof Sweatproof Finish Poreless Cushion Refill BB CC Cream Makeup refill g2glow official store,2026-07-03,Warna,"[""cushion+Refill 00"", ""cushion+Refill 01"", ""cushion+Refill 02"", ""cushion+Refill 03"", ""cushion+Refill 04"", ""cushion+Refill 05"", ""00 Affogato REFILL"", ""01Buttercream REFILL"", ""02 Praline REFILL"", ""03 Custard REFIL"", ""04 Ginger REFILL"", ""05 Cinnamon REFIL"", ""Top1 Club & Perks""]",13
id:809769142:28853495832,id,809769142,28853495832,Glad2Glow peeling gel Apricot Glycolic Acid Exfo Smooth Eksfoliasi peeling produk yang mampu mengangkat sel kulit mati Komedo Kotoran Scrub Wajah Extract g2glow official store,2026-07-03,peeling gel,"[""1pc"", ""2pcs"", ""[ Diskon 15% ]3pcs""]",3
id:809769142:28927852106,id,809769142,28927852106,Glad2Glow Perfect cover cushion Setting dengan kandungan skincare mencegah kekusaman dan kulit kering sepanjang hari G2G Concealer Foundation Wajah Extract Mencerahkan Lasting refill Compact g2glow official store,2026-07-03,Warna,"[""Save More-00REFILLx2"", ""Save More-01REFILLx2"", ""Save More-02REFILLx2"", ""Save More-03REFILLx2"", ""Save More-04REFILLx2"", ""Save More-05REFILLx2"", ""00 Affogato REFILL"", ""01Buttercream REFILL"", ""02 Praline REFILL"", ""03 Custard REFIL"", ""04 Ginger REFILL"", ""05 Cinnamon REFIL""]",12
id:809769142:29028423239,id,809769142,29028423239,Glad2Glow Symwhite 377 Dark Spot Bundle 7PCS-Yuja Skincare Cerah 377 Moisturizer+Dark Spot Serum+Cleanser+Brightening Moisturizer+ Peeling Serum+Toner+Clay Stick Meringankan flek hitam mencerahkan g2glow official store,2026-07-03,Dark Spot Set,"[""7PCS Set Anti Flek"", ""2PCS-Dark Spot Hot"", ""7PCS Anti Flek AM PM"", ""[NEW]Spot Light 4in1"", ""3PCS Set Anti Flek"", ""4PCS-Dark Spot &Glow"", ""5PCS Set Anti Flek"", ""3PCS Deep Clean Flek"", ""[LIVE DEAL]7PCS""]",9
id:809769142:29131802740,id,809769142,29131802740,Glad2Glow Pomegranate Niacinamide Brightening Clay Mask Masker Wajah Masker Pencerah Mud Mask Masker Niacinamide Masker Merah Muda Pink Masker Komedo Masker Glad2Glow Clay Mask Masker G2G Clay Masker Gel Mask Sheetmask Skincare Bpom G2Glow Official Store,2026-07-03,Brightening,"[""1pcs Masker"", ""Glow+Pori Masker"", ""1PC-Pori Masker""]",3
id:809769142:29144828706,id,809769142,29144828706,[OUT OF STOCK]GLAD2GLOW DAMASK ROSE PETAL GLOW GEL MASK 50g Brighten Soothing Hydrogel Masker Komedo dan Pori Pori Wajah,2026-07-03,Clay Stick,"[""Bright-3pc"", ""Buy6 Get1 Free-Glow"", ""Bright-1pc"", ""Acne&Glowing-2pc"", ""Bright&Serum-2pc"", ""Bright&Moist-2pc"", ""Bright&Spray-2pc"", ""out of stock""]",8
id:809769142:29270135197,id,809769142,29270135197,[2PCS SAVE MORE]GLAD2GLOW Mugwort Salicylic Acid Acne Clear Micellar Water 300ml For Acne-Prone Skin Dan Oil-Control Hydrating Jerawat Control Membersihkan Makeup Waterproof g2glow official store,2026-07-03,Micellar Water,"[""[50%OFF]2PCS-Acne"", ""1PC-Acne"", ""3PCS-Acne""]",3
id:809769142:29317152516,id,809769142,29317152516,Glad2Glow Centella Water Gel Soothing Moisturizer Madeca Cream Berjerawat Acne Cica Pelembab Wajah 100g Menenangkan kulit Mengurangi kemerahan Mengontrol minyak Mengobati kulit berjerawat Menjaga g2glow official store,2026-07-03,Centella Sooth,"[""[EXTRA 20%OFF]100g*3"", ""[Ekstra Hemat]100g"", ""Centella Gel 55g"", ""Centella Gel 30g"", ""Centella Gel 100g*2"", ""Centella Gel 55g*3"", ""Centella Gel 30g*3"", ""ACNE SET"", ""ACNE SET 2"", ""ACNE&GLOWING SET"", ""ACNE&SMOOTH SET"", ""100g-flash sale"", ""[LIVE DEAL]1pc""]",13
id:809769142:29372960469,id,809769142,29372960469,Glad2Glow Day & Night Renew Cerah Bundle 4-IN-1 Moisturizer+Serum Set Brightening 10%Niacinamide Peeling Eksfoliasi Retinol tone up Pelembab Tubuh Kit Perawatan Kulit Hidrasi Delima Pelembab Wajah Pencerah g2glow official store,2026-07-03,RENEW SET,"[""5PCS Glowing-pdrn"", ""HOT-Glowing 5PCS"", ""Glow & PDRN 4PCS"", ""Glowing 5PCS"", ""PDRN+Retinol 5PCS"", ""[EXTRA 25% OFF]5pcs"", ""Glow+Retinol Set"", ""5PCS Glowing Set1"", ""5PCS Glowing Set2"", ""5PCS Glowing Set3"", ""[60%0FF]4PCS Peeling"", ""2PCS Glowing"", ""Top1 Club & Perks""]",13
id:809769142:29430013001,id,809769142,29430013001,Glad2Glow Cerah&Pulihkan Bundle all in 1 7in1 Glowing skincare Brightening Set-Pulihkan/Cerah Krim+ Serum+Pulihkan cleanser+Cerah Toner whitening Moisturizer facial wash glad2glow official store,2026-07-03,REPAIR&GLOW,"[""Repair&Glow 7PCS"", ""[HEMAT 64K] 7PCS"", ""Pulihkan&Cerah 6PCS"", ""Repair & Glow 5PCS"", ""Repair & Glow 4PCS"", ""[LIVE DEAL]Glow&Peel""]",6
id:809769142:29490268069,id,809769142,29490268069,"Glad2Glow Ultimate Moisturizing Face Wash,Low pH 5.5 Gentle Face Wash,facial wash pembersih wajah sabun cuci muka face wash skincare micellar water,Untuk kulit normal–kering,Hidrasi mendalam,Merawat skin barrier,G2G glad2glow officia store",2026-07-03,CLEANSER,"[""Melembabkan 3PCS"", ""Melembabkan 1PC"", ""Melembabkan 2PCS"", ""Set cleansing 2PCS"", ""Set Anti-Aging 2PCS"", ""Set Anti-Aging 3PCS""]",6
id:809769142:29572980090,id,809769142,29572980090,"[Pekerja Kantor Wajib Punya] Glad2Glow Flawless Makeup Set: Perfect Cover Cushion+Perfect Blurring Powder Foundation+Lip Serum+Cherry Blossom Micellar Water untuk traveling dan aktivitas harian Aplikasikan & touch-up kapan saja, di mana saja",2026-07-03,Warna,"[""Powder Foundation+03"", ""Loose Power + 03"", ""Setting Spray + 03"", ""Top1 Club & Perks""]",4
id:809769142:29601433725,id,809769142,29601433725,Glad2Glow 2in1 Eyelash & BROW INTENSE SERUM Eyelash Extension -Serum Penumbuh Bulu Mata dan Alis g2glow official store,2026-07-03,variant,"[""1pc"", ""[34% off]-3pcs""]",2
id:809769142:29826448226,id,809769142,29826448226,Glad2Glow Creamy Berry Overnight Bright Body Serum 300ml body lotion handbody aha whitening body serum body serum lotion handbody pemutih badan pemutih badan hb pemutih badan citra hand body brighty purbasari body serum slavina g2glow official store,2026-07-03,Body serum,"[""Hemat26K⚡Bright 3PC"", ""✨[HOT]Bright -300ml"", ""✨[HOT]Bright 300mlx2"", ""Bright(300+180ml)2PC"", ""Bright -180ml"", ""Bright 180ml-2PCS"", ""Bright -300ml-fs""]",7
id:809769142:29870133400,id,809769142,29870133400,[2PCS SAVE MORE]GLAD2GLOW Tremella Panthenol Sensitive Care Micellar Water-300ml Membersihkan makeup waterproof dan kotoran Menenangkan dan menghidrasi kulit Tidak terasa lengket setelah membersihkan g2glow official store,2026-07-03,Micellar Water,"[""[50%OFF]2PCS-Calm"", ""Calm&Cleanser 2PCS"", ""1PC-Calm"", ""3PCS-Calm""]",4
id:809769142:29905930406,id,809769142,29905930406,[Hot Sale!]Glad2Glow Perfect Cover Cushion Foundation Waterproof Make Up Setting Concealer BB Cream Tahan Lama Hingga 12 Jam Hasil Akhir Glowing Dan Menyatu Dengan Warna Kulit Tekstur Ringan Di Wajah g2glow official store,2026-07-03,Cushion,"[""2PCS-02-Praline"", ""2PCS-03-Custard"", ""00 Affogato"", ""01 Buttercream"", ""02 Praline-hot sale"", ""03 Custard-hot sale"", ""04 Ginger-hot sale"", ""05 Cinnamon"", ""Cushion+Spray Set02"", ""Cushion+Spray Set03"", ""2PCS-01-Buttercream"", ""BUY 2 GET 1-02"", ""BUY 2 GET 1-03"", ""Disc20%-Makeup Set02"", ""Disc20%-Makeup Set03"", ""20%OFF-Matte spray02"", ""20%OFF-Matte spray03"", ""01Buttercream REFILL"", ""02 Praline REFILL"", ""03 Custard REFILL"", ""Extra Disc 20% - 01"", ""Extra Disc 20% - 03"", ""Extra Disc 20% - 02"", ""[LIVE DEAL]-02"", ""[LIVE DEAL]-03"", ""Top1 Club & Perks""]",26
id:809769142:29954788720,id,809769142,29954788720,Glad2Glow Peach Retinol Moisturizer Pelembab Anti Penuaan Penghalang Kulit Mencerahkan Flek Hitam Mengurangi kerutan mencerahkan warna kulit menghaluskan kulit mengecilkan membesar melembabkan g2glow official store,2026-07-03,Anti-Aging,"[""[HOT]BUY 5 GET 1Free"", ""[EXTRA DISC 20%]5PCS"", ""[HOT]Flash Sale-1PC"", ""Krim 3PCS"", ""[HOT]BIG SIZE 100g"", ""Glowing&Smooth 3in1"", ""Set Anti-Aging 2PCS"", ""Set Kulit Halus 2PCS"", ""1PCS-Dis"", ""Krim 2PCS"", ""[LIVE DEAL]5pcs"", ""Top1 Club & Perks""]",12
id:809769142:40027368442,id,809769142,40027368442,Glad2Glow Cerah Glowing Outing Bundle all in 1 7in1-Brightening Moisturizer+Serum+Cleanser+toner+Peeling solution+Retinol 10%Niacinamide skincare paket pembersih perawatan kulit mencerahkan warna kulit g2glow official store,2026-07-03,Outing set,"[""[HOT]Glow 9PCS"", ""[HOT]Instant Glow"", ""[HOT]Day&Night 9in1"", ""All in1 Glow"", ""[NEW]All in1 Glow"", ""[NEW]Glow-PDRN9PCS"", ""[Extra Dis 25%] 9PCS"", ""[NEW]All in1 Glow-02"", ""[NEW]Outing 7PCS"", ""[NEW]Outing 7PCS-02"", ""[HOT]Outing 7PCS"", ""Whole Glow 7PCS"", ""[LIVE DEAL]FlashGlow"", ""[LIVE DEAL]Out 7PCS"", ""Top1 Club & Perks""]",15
id:809769142:40064375511,id,809769142,40064375511,"Glad2Glow Matcha Salicylic Acid Acne Cleanser facial wash,Anti Jerawat Kontrol Minyak Face Wash Oily Acne Prone Skin Friendly sabun cuci muka,micellar water,skincare,Jerawat,kontrol minyak,lembut tidak kering,cocok untuk semua kulit,G2G Cleanser",2026-07-03,CLEANSER,"[""Acne Cleanser 1PC"", ""Acne Cleanser 3PCS"", ""Acne Cleanser 5PCS"", ""Set--acne care 2PCS"", ""Set--acne care 3PCS"", ""Acne Cleanser 2PCS""]",6
id:809769142:40074160523,id,809769142,40074160523,[NEW LAUNCH]Glad2Glow All IN ONE MAKEUP REMOVER Untuk Semua Kulit Lembut cleansing oil Micellar water Penghapus Makeup Waterproof Hapus Riasan Tahan Air dengan dan Dual-Phase Makeup Melting Solution Tanpa Iritasi untuk Kulit Sensitif g2glow official store,2026-07-03,Makeup Remover,"[""[40%off]150ml-3PCS"", ""150ml-2PCS"", ""150ml-1PC"", ""150m+300ml""]",4
id:809769142:40253957457,id,809769142,40253957457,Glad2Glow Niacinamide Brightening Toner badan face mist hydrating toner centellaToner eksfoliasi wajah glycocid acid glycolic acid combo brightening agent Mencerahkan dan meratakan warna kulit Memberikan efek glowing g2glow,2026-07-03,TONER,"[""1PC-Glowing"", ""[40%OFF]3PCS-Glowing"", ""Tone UP Cream 2in1"", ""[40%OFF]2PCS-Glowing"", ""[HEMAT 60%]5PCS"", ""1PC-Glowing-FS""]",6
id:809769142:40258704146,id,809769142,40258704146,[SPECIAL DISCOUNT]GLAD2GLOW Tropical Velvet Moist & Smooth Hand Body Serum 300ml | Body Cream Body Lotion Menghidrasi Kulit Mencerahkan Dan Pemutih Tubuh Atasi Kulit Belang Brighty Body Care Whitening Skinvu body lotion glad2glow official store,2026-07-03,Body Cream,"[""Moist 300ml-1PC"", ""Moist (180+3OOml)2PC"", ""Moist 300ml-2PCS"", ""Moist 180ml-2PCS"", ""Moist 180ml-3PCS"", ""Moist 180ml""]",6
id:809769142:40507001358,id,809769142,40507001358,[Paket 5PCS]Glad2Glow Micellar Water 300ml cleansing oil cleansing balm micellar centella salycilic acid remover pembersih double cleansing pembersih make up make up remove cleanface facial wash Menghilangkan jerawat Penghapus riasan g2glow official store,2026-07-03,Makeup Remover,"[""8PCS+Free-Skintint02"", ""5PCS+Free-Skintint02"", ""5PCS-Bright+Free-02"", ""8Cherry+1pore clear"", ""8Brightening+1clear"", ""5Cherry+1clear"", ""5Brightening+1clear"", ""5Clean oil+1clear"", ""4Cherry+1Brightening"", ""Cherry-5PCS"", ""Cherry-230ml-5PCS"", ""Brightening-5PCS"", ""VC-5PCS"", ""Pore Clearing-5PCS"", ""Acne Care-5PCS"", ""Calm-5PCS"", ""[LIVE DEAL]bright"", ""Top1 Club & Perks""]",18
id:809769142:40619026889,id,809769142,40619026889,[SET REPAIR&GLOWING]Glad2Glow Glowing&Sehat&Lembap Bundle 4in1-Blueberry Moisturizer+Cerah Krim+Brightening Serum+Pulihkan cleanser+eksfoliasi Toner-skincare Beauty Sets&Packages cream pemutih wajah facial wash eksfoliasi wajah peeling,2026-07-03,REPAIR&GLOW,"[""4IN1 SET(TONER)"", ""4IN1 Bright Cream"", ""4IN1 SET(MOIST)"", ""3IN1 SET(PEELING)"", ""3IN1 SET(GLOWING)"", ""2IN1 REPAIR&GLOW"", ""[LIVE DEAL]4IN1 SET"", ""[LIVE DEAL]2IN1""]",8
id:809769142:40656993496,id,809769142,40656993496,[Better savings]Glad2Glow Clay Stick&Face Mask Complete Series-Brightening/Mugwort/Acne/Pore-face masker Sheet Mask g2glow official store,2026-07-03,Clay Stick,"[""Buy 9 Get1 Free-GEL"", ""Buy 8 Get1 Free-ACNE"", ""Buy8 Get1 Free-Glow"", ""Buy8 Get1 Free-Pore"", ""Buy8 Get1 Free-Clay2"", ""Buy 8 Get1 Free-Clay"", ""Buy8 Get1 Free-pore1"", ""Buy 6 Get1 Free-GEL"", ""Buy 5 Get1 Free-ACNE"", ""Buy 5 Get1 Free-Glow"", ""Buy 5 Get1 Free-Pore"", ""Gel Mask-5PCS"", ""Glowing-5PCS"", ""Eksfoliasi-5PCS"", ""Eksfoliasi Mask-5PCS"", ""ACNE-5PCS"", ""Glow Clay Mask-5PCS"", ""out of stock""]",18
id:809769142:40781619061,id,809769142,40781619061,Glad2Glow Perfect Airbrush Setting Spray -All DAY GLOW SETTINGSPRAY -White Truffle SerumSpray 100ml-All Day Matte Setting Spray -Kunci Makeup 12H Anti Luntur & Kontrol Minyak - Soft Matte Finish Anti Geser Waterproof & Sweatproof-glad2glow offcial,2026-07-03,SPRAY,"[""Glow Setting Spray"", ""Airbrush Spray"", ""Matte Setting Spray"", ""Top1 Club & Perks""]",4
id:809769142:40872286136,id,809769142,40872286136,[OUTING SET]Glad2Glow Niacinamide Tone Up Cream 4in1 cerah Moisturizer day &Night Cream whitening cream skincare glowing g2glow official store,2026-07-03,SET,"[""[NEW]5PCS Outing Set"", ""[HOT]4PCS Outing Set"", ""[NEW]Tone Up 5PCS"", ""5PCS Instant Glowing"", ""Instant Glowing 5PCS"", ""5PCS Instant Glow03"", ""5PCS GLOWING SET-03"", ""5PCS GLOWING SET"", ""HOT-4PCS Tone Up Set"", ""4PCS Instant Glowing"", ""3PCS Outing Set"", ""4PCS GLOWING SET-01"", ""Top1 Club & Perks""]",13
id:809769142:40877444059,id,809769142,40877444059,[NEW LAUNCH] Glad2Glow FLAWLESS Perfect Cushion+ BRIGHTENING LIP SERUM 7g Mencerahkan Melembabkan 3in1 liptint Foundation Bedak padat Make up Lightweight Coverage Long-lasting 12-Hour Soft-Focus Flawless Skin oil-control g2glow official store,2026-07-03,combo,"[""Cushion 02 + Lip 01"", ""Cushion 02 + Lip 03"", ""Cushion 03 + Lip 01"", ""Cushion 03 + Lip 03""]",4
id:809769142:40978051346,id,809769142,40978051346,[JADI MEMBER! SETIAP SENIN DAPATKAN HARGA TERBAIK]Glad2Glow Cerah Glowing Bundle all in 1 7in1 Skincare Set-Brightening Moisturizer+Serum+Cleanser+toner+Peeling solution+Retinol+Niacinamide,2026-07-03,7pcs,"[""Outing 9pcs"", ""Cerah 7PCS-retinol"", ""[HOT]Cerah7PCS"", ""[HOT]4PCS Glowing"", ""Acne Care 5in1"", ""2PCS Glowing"", ""Glow+Retinol""]",7
id:809769142:41075294736,id,809769142,41075294736,[Hot sale]Glad2Glow FLAWLESS BLURRING SKIN TINT 30G Concealer Foundation Bedak padat Make up Lightweight Coverage Long-lasting 12-Hour Soft-Focus Flawless Skin oil-control Bio-Mimetic Film Technology Care g2glow official store,2026-07-03,Cushion,"[""skin tint02-15g+30g"", ""skin tint03-15g+30g"", ""[Save more]02-2PCS"", ""[Save more]03-2PCS"", ""00 Affogato"", ""01 Buttercream"", ""[HOT]02 Praline"", ""[HOT]03 Custard"", ""04 Ginger"", ""05 Cinnamon"", ""02 Praline*4+1"", ""03 Custard*4+1"", ""Skintint+Spray-02"", ""Skintint+Spray-03"", ""02 Praline+01 lip"", ""03 Custard+01 lip"", ""Top1 Club & Perks""]",17
id:809769142:41078528259,id,809769142,41078528259,[ FREE GIFT FOR 6/6! ]Dapatkan Hadiah Dengan Min. Pembelian 300RB,2026-07-03,random color,"[""random""]",1
id:809769142:41101567247,id,809769142,41101567247,Glad2Glow Facial Wash All Series-Pembersih low pH lembut/niacinamide/brightening/ACNE/eksfoliasi/asam amino/wajah sabun cuci muka face wash skincare,2026-07-03,Facial Cleanse,"[""[100g]-1pc Glow"", ""[save 26%]-Repair"", ""[save 26%]-100mlACNE"", ""[hot]-Gentle Glow"", ""[hot]-Gentle Repair"", ""[new]-Instant Glow"", ""Volcano"", ""Glycolic Acid"", ""Big Size-Repair"", ""Big Size-Acne care"", ""Anti-Jerawat 100ML"", ""Sensitive Skin"", ""Vita C Bright"", ""Matha Acne"", ""Moisturizing Cleansr"", ""Eksfoliasi"", ""Top1 Club & Perks""]",17
id:809769142:41223358185,id,809769142,41223358185,Glad2Glow Yuja Symwhite 377 Dark Spot Moisturizer 100g menghilangkan bekas jerawat brightening night cream day cream Hilangkan Flek & Tenangkan Kulit Skincare Pelembab Esensi Wajah Perawatan Kulit Pelembab g2g,2026-07-03,377 MOIST,"[""[EXTRA DISC 20%]3PCS"", ""377 Moist 1PC 100g"", ""377 Moist 2PCS"", ""DARK SPOT SET 2PCS"", ""[LIVE DEAL]1pc""]",5
id:809769142:41320590275,id,809769142,41320590275,[HOT SALE]Glad2Glow Brightening Micellar Water 300ml Lembut Cepat Menghapus Makeup & Mencerahkan kulit Penghapus Makeup Waterproof Hapus Riasan Tahan dan Tanpa Iritasi g2glow official store,2026-07-03,Makeup Remover,"[""[Gift-pore clear]5PC"", ""[Save More]-5PCS"", ""[60%off] 300ml-3PCS"", ""[60%off]300ml-2PCS"", ""300ml-1PC"", ""230ml-Brightening"", ""Travel-130ml"", ""[27k/pc]130ml-2PCS"", ""[LIVE DEAL]3pcs"", ""Top1 Club & Perks""]",10
id:809769142:41381802204,id,809769142,41381802204,Glad2Glow Perfect Blur&Cover Loose Powder oil control Finishing Kontrol Minyak Tahan Lama Anti Luntur Halus Sempurna & Cover Tinggi bedak padat bedak tabur two way cake cushion foundation setting spray make up g2g glad2glow official store,2026-07-03,Colour code,"[""Powder-2pcs"", ""Powder-3pcs"", ""Powder-5+1"", ""Loose powder8g-2pcs"", ""Loose powder8g-3pcs"", ""Loose powder8g-B5G1"", ""Loose powder20g-2pcs"", ""Loose powder20g-3pcs"", ""Loose powder20g-B5G1"", ""mini Powder-2pcs"", ""mini Powder-3pcs"", ""mini Powder-B5G1""]",12
id:809769142:41500309150,id,809769142,41500309150,Glad2Glow Pomegranate Niacinamide Power Bright Serum Mencerahkan Wajah Pemutih Wajah Serum Glowing Serum And Essence Wajah Bekas Jerawat g2glow official store,2026-07-03,GLOWING SERUM,"[""Buy6 Get1 Free"", ""[EXTRA 25% OFF]-6pcs"", ""1PC-Cerah"", ""Glowing-Buy 2 Get 1"", ""3PCS"", ""[EXTRA DISC 20%]5PCS"", ""2PCS-Cerah"", ""[70% off]4PCS"", ""[HOT]Set Glow 2PCS"", ""micellar water&serum"", ""[LIVE DEAL]-3pcs"", ""Top1 Club & Perks""]",12
id:809769142:41680446046,id,809769142,41680446046,[ADD ON DEAL] Glad2Glow Yuzu Aha Blackhead Exfoliating Cleanser facial wash skincare face wash,2026-07-03,Eksfoliasi,"[""1PC-Clean""]",1
id:809769142:41880136036,id,809769142,41880136036,[JADI MEMBER! SETIAP SENIN DAPATKAN HARGA TERBAIK]Glad2Glow Cherry Blossom Micellar Water 300ml Untuk Semua Kulit Lembut cleansing oil Penghapus Makeup Waterproof Hapus Riasan Tahan Air dengan Centella & Tanpa Iritasi untuk Kulit Sensitif & Berjerawat,2026-07-03,Makeup Remover,"[""300ML-B9G1Free"", ""300ML-B9G3"", ""9Brightening+1clear"", ""Clean Oil-200ml 2pcs"", ""8Brightening+1clear"", ""Pore Clearing-8+1"", ""8Cherry+1pore clear""]",7
id:809769142:41901683742,id,809769142,41901683742,GLAD2GLOW Acne Drying Lotion Mengeringkan Jerawat Dengan BHA & Bahan Alami Spot Jerawat Niacinamide,2026-07-03,Acne Lotion,"[""1PC"", ""[ BUY 1 FREE 1 ]2PCS"", ""Lotion+Mask-2IN1"", ""[ HEMAT 50K ]3PCS""]",4
id:809769142:42123681277,id,809769142,42123681277,Glad2Glow 2lN1 VELVET MAKEUP SET-LOOSE POWDER+CUSHION Coverage Tinggi Second Skin Flawless Semi Matte Transferproof Tahan Lama instan Blurring Minyak Extract Air Blurry Technology,2026-07-03,Cushion,"[""makeup 02+02"", ""makeup 02+01"", ""makeup 03+02"", ""makeup 03+03"", ""01+01"", ""cushion+loose powder"", ""Lip 01+Cushion 03+03"", ""Lip 01+Cushion 02+02"", ""Lip 01+Cushion 01+01"", ""Lip 03+Cushion 02+02"", ""Lip 03+Cushion 03+03"", ""Lip 03+Cushion 01+01"", ""[LIVE DEAL]-02+02"", ""[LIVE DEAL]-03+03""]",14
id:809769142:42126203734,id,809769142,42126203734,[KHUSUS MEMBER]Glad2Glow Peeling Solution Serum,2026-07-03,Serum,"[""1PC""]",1
id:809769142:42328071723,id,809769142,42328071723,[ Cocok Untuk Si Perfeksionis ]Glad2Glow Instant Glowing Bundle all in 1 7in1-Brightening Moisturizer+Serum+Cleanser+Body Serum+Retinol 10%Niacinamide skincare paket pembersih perawatan kulit mencerahkan warna kulit g2glow official store,2026-07-03,Instant Glow,"[""[NEW]PDRN+Retinol"", ""[NEW]9PCS-PDRN"", ""BodyGlow+Retinol"", ""KULIT CERAH 8PCS"", ""KULIT CERAH 7PCS"", ""[NEW!]Instant Glow"", ""GlowInstan & Retinol"", ""GlowFocus Retinol"", ""[Extra Dis 25%] 9PCS"", ""[LIVE DEAL]BodyGlow""]",10
id:809769142:42358562447,id,809769142,42358562447,[100g NEW SIZE]Glad2Glow Advanced Mugwort Acne Gel Mask 50/100g Masker Komedo dan Pori Pori Wajah Mask,2026-07-03,Clay Stick,"[""Buy 2 Get 1free"", ""[NEW SIZE]-100g-1pc"", ""100g-3pc"", ""[save 36k]Buy6 Get 7"", ""1PC"", ""[60% OFF]3PCS-Mask"", ""[70% OFF]5PCS-Mask"", ""Mask+Tone up Cream"", ""Mask+Peeling 2IN1"", ""[EXTRA 25% OFF]-6pcs"", ""50g-2pcs"", ""Top1 Club & Perks""]",12
id:809769142:42464292818,id,809769142,42464292818,"[New shades! ]Glad2Glow BRIGHTENING LIP SERUM ×GGBaby Special Edition 7g Ready Stock! Mencerahkan, Melembabkan Bibir dengan Warna Natural | Lip tint&Lip care g2g glad2glow official store",2026-07-03,LIP SERUM,"[""All Hot shades -7pcs"", ""ALL IN SHADES-7pcs"", ""[Top 1]03-Berry Soda"", ""[NEW]-Cherry pop"", ""[NEW]-Grape Jelly"", ""[NEW]-Pumpkin Frost"", ""Perfect 4 Shades-7pc"", ""5PCS 01+03+05+06+07"", ""Hot & New Set-5PCS"", ""01-Strawberry Glaze"", ""02-Peach Pie"", ""04-Pearl Sparkle"", ""[LIVE DEAL] 03"", ""[LIVE DEAL]all in 7p"", ""Top1 Club & Perks""]",15
id:809769142:42705013074,id,809769142,42705013074,[KHUSUS MEMBER]GLAD2GLOW Mugwort Salicylic Acid Acne Clear Micellar Water 300ml For Acne-Prone Skin/Panthenol Sensitive Care Pembersih Wajah Make Up Remover Cleansing Water Dan Oil-Control Hydrating Jerawat Control Makeup Waterproof g2glow official store,2026-07-03,Warna,"[""1PC-Acne Care""]",1
id:809769142:42723371159,id,809769142,42723371159,Glad2Glow Kiwi 3D Acid Acne Moisturizer 100g Jerawat Mencerahkan Penuaan Hilangkan Flek & Tenangkan Kulit Skincare Pelembab Esensi Wajah Perawatan Kulit Pelembab Wajah g2glow official store,2026-07-03,MOISTURIZER,"[""[EXTRA DISC 20%]3PCS"", ""Acne Moist 1PC"", ""Acne Moist 2PCS"", ""Acne Care Set 2PCS"", ""Acne Care Set 3PCS"", ""Moist&Cleanser 2PCS"", ""[LIVE DEAL]1pc""]",7
id:809769142:42752568783,id,809769142,42752568783,[HOT SALE]Glad2Glow Cherry Blossom Micellar Water 300ml Lembut cleansing oil Penghapus Makeup Waterproof Hapus Riasan Tahan Air dengan Centella & Tanpa Iritasi untuk Kulit Sensitif & Berjerawat g2glow official store,2026-07-03,Makeup Remover,"[""5Cherry+1pore clear"", ""SAVE MORE-300ML-5PCS"", ""HOT COMBO-5PCS"", ""BIG SIZE-300ML-3PCS"", ""[Trial]Cherry-1PC"", ""300ML-2PCS"", ""NEW-Brightening-2pcs"", ""1PC-FS"", ""Top1 Club & Perks""]",9
id:809769142:42800295602,id,809769142,42800295602,Glad2Glow Moisturizer Series Mencerahkan Pencerah Wajah Anti Jerawat Penuaan Hilangkan Flek Tenangkan Kulit Niacinamide 377 Retinol Centella Skincare Pelembab Esensi Perawatan Kulit day cream tone up g2g official store,2026-07-03,Moisturizer,"[""[NEW]PDRNGlowing-30g"", ""Glowing-100g-DISC"", ""Glowing-100g-Bottled"", ""Glowing-100g"", ""Glowing-30g"", ""B5 Panthenol Gel"", ""B5 Panthenol Cream"", ""Repair-100g-big size"", ""Anti-wrinkle-100g"", ""Anti-wrinkle-30g"", ""Repair"", ""Antioksidan​"", ""Soothing-55g"", ""Soothing-100g"", ""Calm"", ""Acne"", ""Dark Spot"", ""Soothing-30g"", ""Tone Up Cream 30g"", ""[LIVE DEAL]Glow-30g"", ""[LIVE DEAL]Repair"", ""Top1 Club & Perks""]",22
id:809769142:42870015565,id,809769142,42870015565,[KHUSUS MEMBER]GLAD2GLOW Tremella Panthenol Sensitive Care Micellar Water-300ml,2026-07-03,Micellar Water,"[""1PC-Calm""]",1
id:809769142:42880446008,id,809769142,42880446008,[ADD ON DEAL] GLAD2GLOW PERFECT VITA C BRIGHT GLOW MICELLAR WATER 300ml Pembersih Wajah Make Up Remover Cleansing Water Mencerahkan Dark Spot Membersihkan makeup waterproof 130ML & 230ML,2026-07-03,VITAMIN C,"[""130ml-Travel&Trial"", ""230ml-1PC""]",2
id:809769142:42951674418,id,809769142,42951674418,Glad2Glow Double Bright Tone up Cream Day Cream Cerah Instan Niacinamide Moisturizer brightening wajah pemutih Night Cream whitening skincare glowing Mencerahkan warna halus glad2glow official store,2026-07-03,Bright Cream,"[""[HOT]Buy4 Get1Free"", ""[EXTRA DISC 20%]4PCS"", ""1PC-Bright Cream"", ""1PC-DISC"", ""2PCS-Bright Cream"", ""Set Cerah 2PCS"", ""Set Double Cerah 2PC"", ""Top1 Club & Perks"", ""[LIVE DEAL]4pcs""]",9
id:809769142:43079846216,id,809769142,43079846216,"[New shades! ]Glad2Glow×GGBaby Special Edition BRIGHTENING LIP SERUM 7g Ready Stock! Mencerahkan, Melembabkan Bibir dengan Warna Natural | Lip tint&Lip care",2026-07-03,LIP SERUM,"[""[Top 1]03-Berry Soda"", ""[NEW]-Cherry pop"", ""[NEW]-Pumpkin Frost"", ""Best Sellers-7PCS"", ""Hot & New Set-5PCS"", ""Hot & New Set-3PCS"", ""hot-01+02+03+04-4PCS"", ""hot-01-2PCS+03-2PCS"", ""2PCS Lebih Cuan-01*2"", ""2PCS Lebih Cuan-03*2"", ""2PCS Lebih Cuan 01+3"", ""01-Shopee Special"", ""01-Strawberry Glaze"", ""02-Peach Pie"", ""04-Pearl Sparkle"", ""01-3PCS"", ""03-3PCS"", ""[NEW]-Grape Jelly""]",18
id:809769142:43150301998,id,809769142,43150301998,[Hemat 5PCS] Glad2Glow Serum Series - Brightening Mencerahkan Mengurangi Flek Menghaluskan Kulit Meratakan Warna Skincare Kulit Memudarkan Jerawat Niacinamide AHA BHA Centella 377 Perawatan Kulit Peeling Lembut Eksfoliasi Tidak Perih g2glow official store,2026-07-03,Serum,"[""[Peeling]-Buy3Get1"", ""[PDRN]-Buy3Get1"", ""Buy8 Get1 Free"", ""[Retinol]Buy6 Get1"", ""[Retinol]Buy9 Get1"", ""Buy9 Get1 Free"", ""Buy5 Get1"", ""Buy7 Get1"", ""PDRN"", ""Peeling-5PCS"", ""Cerah-5PCS"", ""Anti-kerut-5PCS"", ""Dark Spot-5PCS"", ""Anti Jerawat-5PCS"", ""[LIVE ONLY]5pcs-1"", ""[LIVE ONLY]5pcs-2"", ""[LIVE DEAL]5pcs""]",17
id:809769142:43226040976,id,809769142,43226040976,[NEW LAUNCH]Glad2Glow Natural Glowing Set Bundle 4in1-Brightening Moisturizer+Cleanser+lip serum+skin tint 10%Niacinamide skincare paket pembersih perawatan kulit mencerahkan warna kulit pelembab wajah all in 1g2glow official store,2026-07-03,Set,"[""01-Strawberry 4PCS"", ""01-Strawberry 2PCS"", ""01-Strawberry 2PCS-1"", ""01-Strawberry 4PCS-2""]",4
id:809769142:43327781503,id,809769142,43327781503,[HOT] Glad2Glow Glow Serum Spray 100ml White Truffle Radiance Mencerahkan & Melindungi Skin Barrier Skin Prep Face Glad2Glow Official Store,2026-07-03,serum,"[""Buy5 Get6"", ""[100ML]1PCS"", ""3pcs"", ""5pcs"", ""02 Glowing-2pcs"", ""03 Glowing-2pcs"", ""Spray+Lip 01-2pcs"", ""Spray+Lip 06-2pcs"", ""02 Perfect cover-2pc"", ""[LIVE DEAL] 02-2pc"", ""Top1 Club & Perks"", ""out of stock""]",12
id:809769142:43360906112,id,809769142,43360906112,Glad2Glow Perfect Blur&Cover Loose Powder oil control Finishing Kontrol Minyak Tahan Lama Anti Luntur Halus Sempurna & Cover Tinggi bedak padat bedak tabur two way cake cushion foundation setting spray make up g2g glad2glow official store,2026-07-03,Colour code,"[""BUY 4 GET 1-01"", ""BUY 4 GET 1-02"", ""BUY 2 GET 1-02"", ""BUY 2 GET 1-01"", ""00 Milkshake"", ""01 Marshmallow- HOT!"", ""02 Cupcake - HOT!"", ""03 Honey"", ""02 Powder+02 Cushion"", ""03 Powder+03 Cushion"", ""[LIVE DEAL]-01"", ""[LIVE DEAL]-02"", ""01 Marshmallow-2pcs"", ""02 Cupcake-2pcs""]",14
id:809769142:43375172010,id,809769142,43375172010,"Glad2glow Set Deep Cleaning& Repair 3lN1,Deep Pore Clean Facial Wash+Peeling Solution Serum+Blueberry 5% Ceramide Moisturizer,Pembersih Wajah Charcoa Volcanic Soil BHA Salicylic Acid,Eksfoliasi Wajah 60S Menghaluskan Kulit,Repair Barrier Pulihkan skincare",2026-07-03,Set Repair 3PC,"[""Set Repair 3PCS"", ""Set Glowing 3PCS"", ""Peeling Solution 1PC""]",3
id:809769142:43426213694,id,809769142,43426213694,[KHUSUS MEMBER]Glad2Glow Blueberry Ceramide Low pH Gel Cleanser,2026-07-03,Cleanser,"[""1PC""]",1
id:809769142:43426829042,id,809769142,43426829042,[NEW]GLAD2GLOW PERFECT VITA C BRIGHT GLOW TONER G2G Toner 3in1 Function Bright Toner Kulit Tampak Cerah Brightening Even Skin Tone Hydrating Glad2Glow Official,2026-07-03,Vita C Toner,"[""1 PC"", ""2 PCS"", ""3 PCS"", ""5 PCS""]",4
id:809769142:43429510165,id,809769142,43429510165,[100g NEW LAUNCH]Glad2Glow Advanced Mugwort Acne Gel Mask 100g Masker Wajah Masker Komedo dan Pori Pori Wajah Masker Mask Sleeping Mask Mugwort Hijau Gel Masker,2026-07-03,Clay Stick,"[""1PC"", ""[60% OFF]3PCS-Mask"", ""[70% OFF]5PCS-Mask"", ""ANTI-ACNE-2pcs"", ""MASK+SERUM-2PCS"", ""Buy2 Get1 Free""]",6
id:809769142:43514974352,id,809769142,43514974352,Glad2Glow Peach Retinol Moisturizer 100g Pelembab Anti Penuaan Penghalang Kulit Mencerahkan Flek Hitam Mengurangi kerutan mencerahkan warna kulit menghaluskan kulit mengecilkan pori-pori membesar g2glow official store,2026-07-03,BIG SIZE 100g,"[""[EXTRA DISC 20%]3PCS"", ""BIG SIZE 100g-1PC"", ""Set Anti-Aging 2PCS"", ""Day Cream+Krim 2PCS"", ""BIG SIZE 100g-2PCS"", ""Anti-Aging&Cerah 3PC"", ""Anti-Aging&Cerah-BIG"", ""Anti-Aging&Pulih 2PC"", ""Set Cerah 2PCS"", ""Anti-Aging&Cerah 2PC"", ""[LIVE DEAL]1pc""]",11
id:809769142:43564342526,id,809769142,43564342526,Glad2Glow Deep Pore Clean Facial Wash Pembersih Wajah Charcoa Volcanic Soil BHA Salicylic Acid Deep Cleansing Minyak Berlebih Kotoran jerawat Blackhead Exfoliate Gentle Foam Non Drying Non rritating Untuk Kuit Berminyak sabun cuci muka G2G Cleanser,2026-07-03,CLEANSER,"[""[HOT SALE]Buy6 Get7"", ""Volcano cleanser 5PC"", ""Volcano cleanser 1PC"", ""Volcano cleanser 3PC"", ""Volcano 1PC-FS"", ""Volcano cleanser 2PC"", ""Top1 Club & Perks""]",7
id:809769142:43631046033,id,809769142,43631046033,[2IN1 Make Up Set] Glad2Glow High Cover & Glow Cushion / Skin Tint + Glowy Tint Lip Balm - 12H Flawless Matte Finish | Korean Glowing Look | No-Makeup Look-glad2glow official,2026-07-03,Make Up Set,"[""High Cover+02"", ""Glow Cushion+02"", ""Skin Tint+02"", ""High Cover+02+03+04"", ""Glow Cushion+02-04"", ""Skin Tint+02+03+04""]",6
id:809769142:43754734954,id,809769142,43754734954,Glad2Glow 2in1 Perfect Pair Cushion Powder Foundation & Lip serum Waterproof Make Up Setting BB Cream Concealer Foundation bedak padat Wajah Cover Tinggi long lasting Tahan 12Jam tahan lama Velvet To Matte skin tint g2g,2026-07-03,Shade,"[""2pcs Hemat Banget-02"", ""2pcs Hemat Banget-03"", ""00 Affogato"", ""01 Buttercream"", ""02 Praline"", ""03 Custard"", ""04 Ginger"", ""05 Cinnamon"", ""02 Praline-FS"", ""EXTRA 25%OFF-Glow-02"", ""EXTRA 25%OFF-Glow-03"", ""[LIVE DEAL]-03"", ""Top1 Club & Perks""]",13
id:809769142:44050582778,id,809769142,44050582778,Glad2Glow Moisturizer Series100G Water Gel Niacinamide Brightening Retinol CentellaMencerahkan Pemutih Kulit Pelembab Bercahaya Krim Siang dan Malam Perawatan Kulit Ekstrak Delima Delima Wajah g2g official store,2026-07-03,Bright moist,"[""Niacinamide 100G-DIS"", ""Niacinamide-Bottled"", ""Niacinamide Cerah"", ""B5 Panthenol Gel50ml"", ""B5 Cream50ml"", ""Ceramides Repair100g"", ""Repair 100g-Dis"", ""Retinol Halus 100g"", ""Centella Soothing"", ""Dark spot 100g"", ""Acne 100g"", ""Bright 100g"", ""Niacinamide Cerah2PC"", ""Ceramides Repair2PCS"", ""Retinol Halus 2PCS"", ""Centella Soothing2PC"", ""[UP TO DISC 20%]1PC"", ""[SAVE 60%]3PCS 100g"", ""[SAVE 9K]2PC 100+30g"", ""Set Glow 2PCS"", ""Set Cerah Plus 2PCS"", ""Set Cerah Basic 2PCS"", ""377 MOIST 2PCS"", ""Acne Gel 2pcs"", ""[LIVE DEAL]Bright""]",25
id:809769142:44164974080,id,809769142,44164974080,Glad2Glow Blueberry Moisturizer 100g 5% Ceramide Menjaga Skin Barrier Mencerahkan wajah Menjaga kelembapan kulit Penyerapan cepat Pelembab wajah perawatan kulit Perawatan g2glow official store,2026-07-03,BIG SIZE 100g,"[""[EXTRA DISC 20%]3PCS"", ""BIG SIZE 100g-1PC"", ""BIG SIZE 100g-Dis"", ""BIG SIZE 100g-2PCS"", ""Set Pulih&Tenang2PCS"", ""Pulih&Cerah 100g 2PC"", ""Set Pulih&Halus 2PCS"", ""Set Pulih&Tenang-3PC"", ""Pulih&Anti-Aging2PCS"", ""[LIVE DEAL]1pc""]",10
id:809769142:44328247175,id,809769142,44328247175,[JADI MEMBER! SETIAP SENIN DAPATKAN HARGA TERBAIK]Glad2Glow Cerah Glowing Bundle 4in1 Brightening,2026-07-03,Set,"[""[HOT]4PCS Glowing""]",1
id:809769142:44350293738,id,809769142,44350293738,[Hemat 8PCS]Glad2Glow Moisturizer Series Mencerahkan Pencerah Wajah Anti Jerawat Penuaan Hilangkan Flek Tenangkan Kulit Niacinamide 377 Retinol Centella Skincare Pelembab Esensi Perawatan Kulit Pelembab Pembersih day cream tone up g2glow official store,2026-07-03,30ml,"[""PDRN Moisturizer9"", ""Cerah Buy8 Get1Free"", ""Anti-kerut-8+1"", ""Ceramide8+1"", ""Acne Moisturize 8+1"", ""B5 Gel 8+1"", ""B5 Cream 8+1"", ""Double Bright Cream9"", ""Brightening Cream 9"", ""Dark Spot 8+1"", ""Tenang 30g-8+1"", ""PDRN-Buy5 Get 1Free"", ""Cerah Buy5 Get 1Free"", ""Anti-kerut-B5G1free"", ""Double Bright-4+1"", ""Ceramide-Buy5 Get 1"", ""ToneUpBuy5 Get 1Free"", ""Tenang 30g-5+1"", ""Dark Spot 5+1"", ""B5 Cream 5+1"", ""B5 Gel 5+1"", ""Acne Moisturize 5+1"", ""ToneUp5pcs"", ""Cerah 30g-5PCS"", ""Dark Spot-5PCS"", ""B5 Gel-5PCS"", ""Repair Matahari-5PCS"", ""Anti-kerut-5PCS"", ""B5 Cream-5PCS"", ""Anti Jerawat-5PCS"", ""PDRN-30g-5PCS"", ""Tenang 55g-5PCS"", ""Sejukkan-5PCS"", ""Cerah 100g-3PCS"", ""Tenang 100g-3PCS"", ""[livedeal] glow 5pcs"", ""[live] retinol 5pcs"", ""Top1 Club & Perks""]",38
id:809769142:44357002770,id,809769142,44357002770,[Hemat 60%]Glad2Glow Toner Complete Series-Brightening/Acne care/Barrier/Exfoliating/hydrating-Skincare toner centella/glycolic toner wajah eksfoliasi water gloglowing exfoliasi g2glow official store,2026-07-03,Toner,"[""Buy8 Get1 Free-Glow"", ""Buy8 Get1 Free-Cerah"", ""Buy8 Get1 Fre-Repair"", ""Buy8 Get1 Free-ACNE"", ""Buy8 Get1 Free-Exfo."", ""Buy8 Get1 Free-VC"", ""Buy5 Get1 Free-Glow1"", ""Buy5 Get1 Free-Glow2"", ""Buy5 Get1 Free-Glow3"", ""Buy5 Get1 Fre-Repair"", ""Buy5 Get1 Free-ACNE"", ""Buy5 Get1 Free-VC"", ""Buy5 Get1 Free-Exfo."", ""Buy5 Get1 Free-Cerah"", ""Glowing-5PCS"", ""Glycolic Toner-5pcs"", ""Acne care-5PCS"", ""Repair-5PCS"", ""Exfoliating-5PCS"", ""VitaC Glow-5PCS"", ""[LIVE DEAL] 5pc Glow""]",21
id:809769142:44429096395,id,809769142,44429096395,Glad2Glow TONE UP BRIGHTENING BODY SERUM Skin Look Flawless Tone Up in 1 Use Tone Up Booster Body Serum Lotion,2026-07-03,body Serum,"[""1PC"", ""3pcs"", ""[HOT]Buy5 Get 6"", ""Buy7 Get 8"", ""ALL-Over Glow-2pcs"", ""tone up 2in1"", ""Bright 3-in-1"", ""5pcs"", ""Bright 2-in-1"", ""Top1 Club & Perks""]",10
id:809769142:44480446034,id,809769142,44480446034,[ADD ON DEAL] Glad2Glow PORE CLEARING MICELLAR WATER 130ML,2026-07-03,Makeup Remover,"[""[Hot]300ml-1PC"", ""230ml-Brightening"", ""130ml-1PC""]",3
id:809769142:44503289989,id,809769142,44503289989,[ New Launch ] GLAD2GLOW NIACINAMIDE BODY SERUM BODY LOTION 10X Cerah Instant Absorb Whiten Tone Up All Day Bright Glow pemutih badan dengan parfum tahan lama Long Lasting Fragrance Handbody Body Cream Butter G2Glow Official Store,2026-07-03,BODY SERUM,"[""1 PC-Glow Body Serum"", ""2PCS-Glow Body Serum"", ""[LIVE DEAL] 1PC Glow""]",3
id:809769142:44554737595,id,809769142,44554737595,[BELI 7 DAPAT 9!] Glad2Glow Cerah Glowing Outing Bundle all in 1 10in1 Brightening Moisturizer+Serum+Tone Up Cream+Body Serum+Cleanser+Lip Care Serum+Retinol 10%Niacinamide skincare paket pembersih perawatan kulit mencerahkan warna kulit g2g official,2026-07-03,10pcs,"[""[HOT]Glow 9pcs-PDRN"", ""Lengkap Outting 10ps"", ""Skincare& Lip Set"", ""All in 1 9pcs-PDRN-3"", ""All in 1 9pcs 03"", ""All in 1 9pcs 01"", ""[LIVE DEAL]9pcs-03""]",7
id:809769142:44855098355,id,809769142,44855098355,[Full Range Base Makeup G2G]Glad2Glow Perfect Cover Glow Cushion | Perfect Cover Cushion | FlawLess Blurring Skin Tint | 2in1 Perfect Pair Cushion Powder | Perfect Blurring Powder | Foundation,2026-07-03,Cushion,"[""Flawless Skintint15g"", ""Cover Cushion"", ""Glow Cusion"", ""Flawless Skintint30g"", ""2in1 Cushion"", ""Blurring Powder"", ""Loose Powder"", ""Top1 Club & Perks""]",8
id:809769142:45102580489,id,809769142,45102580489,"[Travelling] Glad2Glow 4 in 1 Flawless Makeup Set, 2in1 Perfect Pair Cushion Powder Foundation + Brightening Lip Serum 7g Mencerahkan, Melembabkan + 3-in-1 Liptint + Brightening Micellar Water 230 mL g2glow official store",2026-07-03,combo,"[""2IN1-02+LIP 01+MW"", ""2IN1-03+LIP 01+MW"", ""2IN1-02+LIP 01"", ""2IN1-03+LIP 01""]",4
id:809769142:45151558561,id,809769142,45151558561,GLAD2GLOW 2%Niacinamide Brightening Tone Up Cream Day Cream Cerah Instan Moisturizer wajah cream pemutih wajah Night Cream base make up whitening cream skincare glowing BB cream Mencerahkan warna kulit halus g2glow official store,2026-07-03,day cream,"[""30ml"", ""[HOT]Buy5 Get1Free"", ""30ml-3pcs"", ""[EXTRA 25% OFF]-6pcs"", ""[HOT SALE]30ml-5pcs"", ""30ml-FS"", ""30ml-2pcs"", ""Tone Up Cream Set"", ""[LIVE DEAL]1pc"", ""Top1 Club & Perks""]",10
id:809769142:45308822576,id,809769142,45308822576,[LINK]Glad2Glow Perfect Cover Cushion Foundation Waterproof Make Up Setting Concealer BB Cream Tahan Lama Hingga 12 Jam Hasil Akhir Glowing Dan Menyatu Dengan Warna Kulit Tekstur Ringan Di Wajah g2glow official store,2026-07-03,Cushion,"[""03 Custard-hot sale""]",1
id:809769142:45462078618,id,809769142,45462078618,Glad2Glow Perfect Airbrush Setting Spray -All DAY GLOW SETTINGSPRAY -White Truffle SerumSpray 100ml-All Day Matte Setting Spray -Kunci Makeup 12H Anti Luntur & Kontrol Minyak - Soft Matte Finish Anti Geser Waterproof & Sweatproof-glad2glow offcial,2026-07-03,SPRAY,"[""Glow Spray-5pc"", ""Matte Spray-5pc"", ""Airbrush Spray-5pc"", ""Airbrush Spray-2pc"", ""Airbrush Spray-3pc"", ""Matte Spray-2pc"", ""Matte Spray-3pc"", ""Glow Spray-2pc"", ""Glow Spray-3pc"", ""Top1 Club & Perks""]",10
id:809769142:45500753312,id,809769142,45500753312,[NEW LAUNCH] Glad2Glow FLAWLESS BLURRING SKIN TINT 30G+ BRIGHTENING LIP SERUM 7g Mencerahkan Melembabkan 3in1 liptint Foundation Bedak padat Make up Lightweight Coverage Long-lasting 12-Hour Soft-Focus Flawless Skin oil-control g2glow official store,2026-07-03,Warna,"[""02 Praline+01"", ""03 Custard+01"", ""02 Praline+03"", ""03 Custard+03""]",4
id:809769142:45502579334,id,809769142,45502579334,"[Free Gift]Glad2Glow 8 IN 1 Super Glow Niacinamide Skincare & Makeup Paket: Brightening Micellar Water 130ml + Moisturizer+Toner+Serum+Niacinamide Cleanser+Flawless Cushion+Perfect Blurring Powder untuk Kulit Cerah, Glowing & Halus Sepanjang Hari",2026-07-03,combo,"[""Oil Balance Set"", ""Refreshing Set"", ""Oil Balance Set-PDRN"", ""Refreshing Set-PDRN"", ""Top1 Club & Perks""]",5
id:809769142:46103531817,id,809769142,46103531817,"[Free Gift+Extra Disc]Glad2Glow 8 IN 1 Super Glow Skincare & Makeup Set: Brightening Micellar Water+Moisturizer+Toner+Milk Cleanser+Peeling Serum+Flawless Skin Tint+Perfect Blurring Powder|Kulit Cerah, Glowing&Halus Sepanjang Hari",2026-07-03,combo,"[""Skintint+TWC-02"", ""Skintint+TWC-03"", ""Skintint+Powder-02"", ""Skintint+Powder-03""]",4
id:809769142:46312750544,id,809769142,46312750544,[ FREE GIFT FOR 6/25! ]Dapatkan Hadiah Dengan Min. Pembelian 300RB,2026-07-03,random color,"[""Makeup puff""]",1
id:809769142:46457066270,id,809769142,46457066270,"Glad2Glow 2IN1 Glow Makeup Set:Base Makeup + Glow Serum Spray Perfect Cover Cushion Skin Tint : Cover Tinggi, Tahan 12 Jam All Day Hydration g2g Official Store",2026-07-03,GLOWSET,"[""Cushion+ Spray"", ""Cushion+ Moisturizer"", ""Cushion+ Serum"", ""Cushion+ Remover"", ""Cushion+ Lip Serum"", ""Cushion+Gel Mask"", ""Top1 Club & Perks""]",7
id:809769142:46503915754,id,809769142,46503915754,[New]Glad2Glow Glycolic Acid Facial Wash 70ml Membersihkan & Merawat Kulit 2-in-1 Niacinamide face wash Pencerah Pembersihan micellar Lembut Hidrasi pembersih wajah Melindungi Barrier Kulit Sabun Wajah Cocok Untuk Kulit Sensitif g2glow official store,2026-07-03,CLEANSER,"[""[EXTRA 25% OFF]-6pcs"", ""CLEANSER 1PC"", ""[100ML]-1pc"", ""Buy1 Get1 Free-100ML"", ""CLEANSER--3pcs"", ""CLEANSER--5pcs"", ""[NEW] 70ml+100ml"", ""MENCERAHKAN--2PCS"", ""Toner+Cleanser 2pcs""]",9
id:809769142:46810240565,id,809769142,46810240565,Hot-Glad2Glow FLAWLESS BLURRING SKIN TINT 30G Concealer Foundation Bedak padat Make up Lightweight Coverage Long-lasting 12-Hour Soft-Focus Flawless Skin oil-control Bio-Mimetic Film Technology Care g2glow official store,2026-07-03,Cushion,"[""Skintint+Spray-02"", ""Skintint+Spray-03"", ""00 Affogato"", ""01 Buttercream"", ""[HOT]02 Praline"", ""[HOT]03 Custard"", ""04 Ginger"", ""05 Cinnamon"", ""[Save more]02-2PCS"", ""[Save more]03-2PCS"", ""02 Praline+01 lip"", ""03 Custard+01 lip"", ""02 Praline*4+1"", ""03 Custard*4+1""]",14
id:809769142:47505564185,id,809769142,47505564185,[100ML save 30%]Glad2Glow Blueberry Ceramide Low pH Gel Cleanser 100ml Gentle skin Facial Wash oil control skincare pembersih wajah sabun cuci muka face wash micellar water g2glow official store,2026-07-03,Cleanser,"[""1PC Repair-100ml"", ""3pcs Repair-100ml"", ""5pcs Repair-100ml""]",3
id:809769142:47806001969,id,809769142,47806001969,[Ready Stock]Glad2Glow Perfect Cover Cushion Foundation Waterproof Make Up Setting Concealer BB Cream Tahan Lama Hingga 12 Jam Hasil Akhir Glowing Dan Menyatu Dengan Warna Kulit Tekstur Ringan Di Wajah g2glow official store,2026-07-03,Cushion,"[""HEMAT 20k! 02+02"", ""HEMAT 20k! 03+03"", ""00 Affogato"", ""01 Buttercream"", ""02 Praline-hot sale"", ""03 Custard-hot sale"", ""04 Ginger-hot sale"", ""05 Cinnamon"", ""00 Affogato REFILL"", ""01Buttercream REFILL"", ""02 Praline REFILL"", ""03 Custard REFIL"", ""04 Ginger REFILL"", ""05 Cinnamon REFIL"", ""disc 20% - 01"", ""disc 20% - 02"", ""disc 20% - 03"", ""HERO-02""]",18
id:809769142:47902284839,id,809769142,47902284839,GLAD2GLOW PERFECT VITA C BRIGHT GLOW MOISTURIZER vitamin c Mencerahkan Pemutih Kulit Gel Pelembab Bercahaya Krim Siang dan Malam Ekstrak Delima Asam Lemak Asam Delima Pelembab Esensi Wajah Perawatan g2glow official store,2026-07-03,VC Moisturizer,"[""VC Moisturizer 1pc"", ""VC Moisturizer 2pcs"", ""VC Moisturizer 3pcs"", ""Antioksidan 2pcs"", ""Antioksidan 3pcs"", ""Antioksidan 4pcs"", ""Antioksidan&Clean""]",7
id:809769142:48059253956,id,809769142,48059253956,[NEW LAUNCH! ]Glad2Glow Lip Balm GLOWY TINT LIP BALM Melembapkan & Menghaluskan - Tekstur Ringan Tidak Lengket - 24H Color Lock - G2G Glad2glow official store,2026-07-03,LIP SERUM,"[""BestValue&All in Set"", ""All in set!"", ""02 Cherry Fizz"", ""03 Red Velvet Latte"", ""04 Rose Milk Tea"", ""Duo set 02*2pcs"", ""Duo set 02+03"", ""Duo set 02+04"", ""[Gift!]All in 6pcs"", ""[Gift!]all in&02*3"", ""All in 10pcs"", ""All in&care set!"", ""HOT Day&Night-6pcs"", ""Top1 Club & Perks""]",14
id:809769142:48150998499,id,809769142,48150998499,[KHUSUS MEMBER]Glad2Glow Pomegranate Niacinamide Brightening Moisturizer,2026-07-03,Moisturizer,"[""1PC""]",1
id:809769142:48209634222,id,809769142,48209634222,[Add On Deal] Glad2Glow Barrier Toner Propolis Hyaluronic Acid Essence 80ml Toner,2026-07-03,Toner,"[""1PC""]",1
id:809769142:48357124052,id,809769142,48357124052,[Free Gift-Lip serum] Glad2Glow 8-in-1 Brightening Niacinamide Skincare & Makeup Set: Glow Serum Spray+Serum+Cleanser+Glow Cushion +Powder+Micellar Water,2026-07-03,combo,"[""Brightening Set-01"", ""Brightening Set-02"", ""PDRN Set-01"", ""PDRN Set-02""]",4
id:809769142:48402536224,id,809769142,48402536224,[TONE UP SET]Glad2Glow Niacinamide Brightening Tone Up Cream 4in1 bundle cerah Moisturizer pemutih wajah day&Night Cream whitening cream skincare Mencerahkan warna kulit halus g2glow official store,2026-07-03,SET,"[""4PCS Instant Glow 03"", ""4PCS Instant Glow 01"", ""4PCS Out Instan Glow"", ""4PCS Tone Up Set-01"", ""4PCS Tone Up Set-03"", ""4PCS Brightening Set"", ""2PCS Tone Up Set-01"", ""2PCS Brightening Set"", ""2PCS Cerah Set"", ""[LIVE DEAL]Tone Up01"", ""[LIVE DEAL]Tone Up03""]",11
id:809769142:48403527392,id,809769142,48403527392,[NEW LAUNCH] Glad2Glow FLAWLESS BLURRING SKIN TINT 30G+ BRIGHTENING LIP SERUM 7g*2 Mencerahkan Melembabkan 3in1 liptint Foundation Bedak padat Make up Lightweight Coverage Long-lasting 12-Hour Soft-Focus Flawless Skin oil-control g2glow official store,2026-07-03,combo,"[""Skintint 01+ Lip01*2"", ""Skintint 02+ Lip01*2"", ""Skintint 03+ Lip01*2""]",3
id:809769142:48463111664,id,809769142,48463111664,[NEW SIZE] Glad2Glow Cherry Blossom Micellar Water 700ml Kapasitas besar Lembut cleansing oil Penghapus Makeup Waterproof Hapus Riasan Tahan Air dengan Centella & Tanpa Iritasi untuk Kulit Sensitif & Berjerawat g2glow official store,2026-07-03,Makeup Remover,"[""[Cherry]1PC"", ""[Brightening]1PC"", ""[Jumbo Size]1PC"", ""[Jumbo Size]1PC-02""]",4
id:809769142:48659174387,id,809769142,48659174387,GLAD2GLOW [2-IN-1 SET] PDRN Brightening Duo: Serum/Moisturizer + Cushion/Skin Tint - Double Brightening 5% Niacinamide - Deep Repair & Anti Kusam - Base Makeup Sempurna-glad2glow offical,2026-07-03,PDRNserumSET,"[""CUSHION+ SERUM"", ""GLOWCUSHION+SERUM"", ""SKINTINT+ SERUM"", ""CUSHION +CREAM"", ""GLOWCUSHION+CREAM"", ""SKINTINT+CREAM""]",6
id:809769142:48707430412,id,809769142,48707430412,Glad2Glow Paket Makeup 3in1-FLAWLESS BLURRING SKIN TINT+PERFECT BLURRING POWDER FOUNDATION+BRIGHTENING LIP SERUM Ringan tanpa beban Tahan make up seharian g2glow official,2026-07-03,SET,"[""3pcs Makeup""]",1
id:809769142:48752787269,id,809769142,48752787269,Glad2Glow All Day Matte Setting Spray Make up Flawless | 12H Tahan Lama | Soft Matte Finish | Powder Shield Oil Control Tech | Kontrol Minyak | Skin tint & Lip serum Set | g2g Glad2Glow Official Store,2026-07-03,Colour code,"[""100ML-Trial"", ""Airbrush Spray-1PC"", ""100ML-5PCS+lip"", ""100ML-2PCS"", ""SAVE MORE-100ML-3PCS"", ""Airbrush Spray-3PC"", ""SAVE MORE-100ML-5PCS"", ""Airbrush Spray-5PC"", ""Lip-03&100ML"", ""Lip-01&100ML"", ""Airbrush +Matte"", ""SKINTINT-02+100ML"", ""Cushion-02+100ML"", ""SKINTINT-03+100ML"", ""Cushion-03+100ML"", ""[LIVE DEAL]-100ml"", ""[LIVE DEAL]-3pcs""]",17
id:809769142:48806582584,id,809769142,48806582584,Glad2Glow Glow SerumSpray 100ml White Truffle RadianceMencerahkan & Melindungi Skin BarrierSkin Prep Face Glad2Glow Official Store,2026-07-03,serum,"[""set-01"", ""set-02"", ""set-03""]",3
id:809769142:48812376598,id,809769142,48812376598,Glad2Glow Clay Stick&Face Mask Series-Pomegranate Brightening/Mugwort Acne/ Volcanic Pore-sleeping masker g2glow official store,2026-07-03,Clay Stick,"[""1PC-ACNE gel"", ""ACNE Gel-100g"", ""1PC-Acne Care"", ""1PC-Glowing"", ""1PC-Eksfoliasi"", ""Pori Masker"", ""out of stock""]",7
id:809769142:48852152348,id,809769142,48852152348,[NEW LAUNCH] Glad2Glow PORE CLEARING MICELLAR WATER Untuk Semua Kulit Lembut Cepat Menghapus Makeup & Mencerahkan kulit Penghapus Makeup Waterproof Hapus Riasan Tahan dan Tanpa Iritasi g2glow official store,2026-07-03,Makeup Remover,"[""[Big sale] 300ml5PCS"", ""[Hot sale] 300ml5PCS"", ""[60%off] 300ml-3PCS"", ""300ml-2PCS"", ""[Hot]300ml-1PC"", ""230ml-Brightening""]",6
id:809769142:48860851679,id,809769142,48860851679,[NEW LAUNCH]GLAD2GLOW FLAWLESS BLURRING SKIN TINT 15g Concealer Foundation Bedak padat Make up Lightweight Coverage Long-lasting 12-Hour Soft-Focus Flawless Skin oil-control Bio-Mimetic Film Technology Care g2glow official store,2026-07-03,SKIN TINT,"[""00 Affogato"", ""01 Buttercream"", ""02 Praline"", ""03 Custard"", ""04 Ginger"", ""05 Cinnamon"", ""Top1 Club & Perks""]",7
id:809769142:49007392678,id,809769142,49007392678,"[Link Khusus-New Shades]Glad2Glow×GGBaby Special Edition BRIGHTENING LIP SERUM 7g Mencerahkan, Melembabkan Bibir dengan Lip tint&Lip care",2026-07-03,LIP SERUM,"[""[NEW]-Pumpkin Frost"", ""[NEW]-Grape Jelly"", ""New set-05+06+07"", ""Pumpkin Frost-2PCS"", ""Grape Jelly-2PCS"", ""Pumpkin Frost-4PCS"", ""Grape Jelly-4PCS""]",7
id:809769142:49204012647,id,809769142,49204012647,[KHUSUS MEMBER]Glad2Glow Niacinamide Serum Facial Wash Brightening,2026-07-03,Serum,"[""1PC""]",1
id:809769142:49252294295,id,809769142,49252294295,GLAD2GLOW PERFECT VITA C BRIGHT GLOW SERUM 17ml Antioksidan Ekstrak Tangerine Serum Pencerah Kulit,2026-07-03,vc serum,"[""VC Serum 1pc"", ""VC Serum 2pcs"", ""VC Serum 3pcs"", ""Antioksidan 2pcs"", ""Antioksidan 3pcs""]",5
id:809769142:49459172555,id,809769142,49459172555,[ Free Gift&SaveMore-5PCS]Glad2Glow Micellar Water 300ml cleansing oil micellar remover make up remove facial wash g2glow official store,2026-07-03,Makeup Remover,"[""Cherry-230ml-5PCS"", ""4Cherry+1Brightening"", ""Cherry-5PCS"", ""Brightening-5PCS"", ""VC -5PCS"", ""Pore Clearing-5PCS"", ""Acne Care-5PCS"", ""Calm-5PCS"", ""Cleansing Oil-5PCS""]",9
id:809769142:49506878130,id,809769142,49506878130,[NEW LAUNCH]Glad2Glow PDRN5% Moisturizer Niacinamide 1% TXA Brightening Day Cream Pemutih Kulit Gloglowing Skincare Serum glad2glow official store,2026-07-03,PDRN,"[""[HOT]Buy5 Get1 Free"", ""GLOWING BASE SET"", ""Moisturizer+Serum"", ""5PCS"", ""1PC"", ""3PCS"", ""Top1 Club & Perks"", ""out of stock""]",8
id:809769142:49662627211,id,809769142,49662627211,"[Launching 6 July,Add to the Cart]Glad2Glow PERFECT BLURRING POWDER FOUNDATION 4.5g TWC 12H Oil Control Tahan Lama Waterproof Sweatproof Transferproof Full Coverage Melembabkan Tidak Bikin Kering BPOM- g2glow official store",2026-07-03,colour code,"[""00 Affogato"", ""01 Buttercream"", ""02 Praline - Hot!"", ""03 Custard - Hot!"", ""04 Ginger"", ""05 Cinnamon""]",6
id:809769142:50253502913,id,809769142,50253502913,[NEW LAUNCH] Glad2Glow 2in1 Perfect Pair Cushion Powder Foundation + BRIGHTENING LIP SERUM 7g Mencerahkan Melembabkan 3in1 liptint Foundation Bedak padat Make up Lightweight Coverage Long-lasting 12-Hour Soft-Focus Flawless Skin oil-control g2glow,2026-07-03,combo,"[""Cushion-02 + Lip-01"", ""Cushion-02 + Lip-03"", ""Cushion-03 + Lip-01"", ""Cushion-03 + Lip-03""]",4
id:809769142:50406870682,id,809769142,50406870682,[NEW] GLAD2GLOW PDRN BRIGHTENING SERUM PDRN 10% NIACINAMIDE 3% TXA SERUM Mencerahkan Wajah Serum Glow Bomb,2026-07-03,PDRN,"[""Buy5 Get1 Free"", ""1PC"", ""Serum+Moisturizer"", ""PDRN-Buy2Get1"", ""3PCS"", ""5PCS"", ""glowing-3pcs"", ""Top1 Club & Perks"", ""out of stock""]",9
id:809769142:50511536654,id,809769142,50511536654,Glad2Glow Brightening Micellar Water 300ml Untuk Semua Kulit Lembut Cepat Menghapus Makeup & Mencerahkan kulit Penghapus Makeup Waterproof Hapus Riasan Tahan dan Tanpa Iritasi g2glow official store,2026-07-03,Makeup Remover,"[""[Gift-pore clear]5PC""]",1
id:809769142:50653226025,id,809769142,50653226025,[BUY 3 SAVE 10.5k!TRAVEL&TRIAL! ] Glad2Glow PORE CLEARING MICELLAR WATER&BRIGHTENING MICELLAR WATER Cepat Menghapus Makeup & Mencerahkan kulit Penghapus Makeup Waterproof Hapus Riasan Tahan dan Tanpa Iritasi g2glow official store,2026-07-03,Makeup Remover,"[""[HOT]Brightening"", ""Pore Clearing"", ""2PC-Pore Clearing""]",3
id:809769142:50754762666,id,809769142,50754762666,[BELI 7 DAPAT 9!] Glad2Glow Prefect Cover Glowing Outing Bundle all in 1 10in1 Brightening Moisturizer+Serum+Cushion+Cleanser+Clay Stick+Retinol+Micellar Water 10%Niacinamide skincare paket pembersih perawatan kulit mencerahkan warna kulit g2g official,2026-07-03,All in One,"[""[NEW]all in 1-02"", ""[NEW]all in 1-03"", ""[B7G9]all in 1-02"", ""[B7G9]all in 1-03"", ""GLOW Set 02"", ""GLOW Set 03"", ""[LIVE DEAL]9pcs-02""]",7
id:809769142:50802739806,id,809769142,50802739806,"[Buy3 Disc 34%]Glad2Glow Niacinamide Serum Facial Wash Instant Glow 100g, Pencuci Wajah Brightening,Mencerahkan Pembersih Pori,Ceramide Ectoin Sakura,Untuk Kulit Kusam Berminyak Kulit Sensitif,Melembabkan,pembersih wajah,sabun cuci muka",2026-07-03,Cleanser,"[""[100g]-1pc"", ""Top1 Club & Perks""]",2
id:809769142:51450958596,id,809769142,51450958596,Glad2Glow Day & Night Cleanser Set-Niacinamide Serum Facial Wash/Milk Amino Acid Gentle Cleanser/Volcanic Ash+BHA Deep Pore Clean Facial Cleanser/-Instant Glow Brightening facial wash skincare face wash sabun cuci muka Control Oil g2g official store,2026-07-03,Cleanser Combo,"[""Day & Night Set 1"", ""Day & Night Set 2""]",2
id:809769142:51702755108,id,809769142,51702755108,Glad2Glow Retinol/Niacinamide Bright Body Serum Body Lotion 10X Cerah Instant Absorb Whiten Tone Up All Day Bright Glow pemutih badan dengan parfum tahan lama Long Lasting Fragrance Body Cream Butter G2Glow Official Store,2026-07-03,BODY SERUM,"[""Day&Night Glow 2in1"", ""Buy6 Get7"", ""Buy3 Get1 Free"", ""1 PC - Night Glow"", ""5 PC - Night Glow"", ""1 PC - Day Glow"", ""5 PC - Day Glow"", ""3 PC - Night Glow"", ""3 PC - Day Glow"", ""[300ml]- Night Glow"", ""[300ml] -Day Glow"", ""Day&Night Glow 4pcs"", ""[SAVE 38.9k]-6IN1"", ""1PC"", ""3PC"", ""Tone up-3pcs"", ""Buy6 Get1 -tone up"", ""Buy6 Get1-glow"", ""Top1 Club & Perks""]",19
id:809769142:51902826015,id,809769142,51902826015,[New]Glad2Glow All Day Matte Setting Spray Make up Flawless | 12H Tahan Lama | Soft Matte Finish | Powder Shield Oil Control Tech | Kontrol Minyak | Skin tint & Lip serum Set | g2g Glad2Glow Official Store,2026-07-03,Colour code,"[""SET SKIN-02+LIP01"", ""SET SKIN-03+LIP01"", ""SKINTINT-02+LIP01"", ""SKINTINT-03+LIP01"", ""100ML+Skintint-02"", ""100ML+Skintint-03"", ""100ML+2IN1-02+LIP"", ""100ML+2IN1-03+LIP"", ""100ML+2IN1-02"", ""100ML+2IN1-03""]",10
id:809769142:51904991108,id,809769142,51904991108,[ Cocok Untuk Setelah Makeup 7in1 ]Glad2Glow Glow/Eksfoliasi/Vita C Make Up Remove Bundle Moisturizer+Serum+Cleanser+Micellar Water Peeling 10%Niacinamide skincare paket pembersih perawatan kulit mencerahkan warna kulit g2glow official store,2026-07-03,4pcs,"[""[NEW]Glow 7pcs-PDRN"", ""Glow & Soften Set"", ""Glow 7pcs"", ""NEW-Glow 7pcs-Cherry"", ""Glow AntiAge 7pcs"", ""Glow7in1-Cherry300ml"", ""Acne Care 7pcs"", ""Double Bright 7pcs"", ""Exfoliate Glow 7pcs"", ""[LIVE DEAL]Flash7PCS""]",10
id:809769142:52150640468,id,809769142,52150640468,[Cocok Untuk Pemula] Glad2Glow Acne&Cerah Set Glowing Bundle 4in1-Brightening Moisturizer+Cleanser+Mugwort acne gel mask+10%Niacinamide skincare paket pembersih perawatan kulit mencerahkan warna kulit pelembab wajah all in 1g2glow official store,2026-07-03,Set,"[""Acne Cerah Set 4PCS"", ""Acne Cerah Set 3PCS"", ""Acne Cerah Set 2PCS"", ""Glow & Acne Care 4ps""]",4
id:809769142:52152560531,id,809769142,52152560531,"[New Launch] Glad2Glow Brightening Tone Up Cream, Brightening Lip Serum 7g, 3-in-1 liptint, Day Cream Moisturizer, Cerah dan Glowing Tanpa Whitecast, Mencerahkan, Melembabkan g2g official store",2026-07-03,combo,"[""Tone Up + Lip 01"", ""Tone Up + TWC 02"", ""Tone Up + TWC 03"", ""Tone Up + Powder 02"", ""Tone Up + Powder 03"", ""Tone Up+TWC02+Lip01"", ""Tone Up+TWC03+Lip01"", ""ToneUp+Powder02Lip01"", ""ToneUp+Powder03Lip01"", ""4 SET-TWC 02"", ""4 SET-TWC 03"", ""4 SET-Powder 02"", ""4 SET-Powder 03""]",13
id:809769142:52351401583,id,809769142,52351401583,[NEW! FREE EXCLUSIVE CHARM] Glad2Glow Perfect Cover Glow Cushion Charm- High Coverage&Glowing Tahan 12 Jam g2g Official Store,2026-07-03,Cushion,"[""BUY 2 GET 1-02"", ""BUY 2 GET 1-03"", ""[Free charm] - 00"", ""[Free charm] - 01"", ""[Free charm] - 02"", ""[Free charm] - 03"", ""[Free charm] - 04"", ""[Free charm] - 05"", ""2PCS-02-Praline"", ""2PCS-03-Custard"", ""00 Affogato"", ""01 Buttercream-HOT"", ""02 Praline-hot sale"", ""03 Custard-hot sale"", ""04 Ginger"", ""05 Cinnamon"", ""3pcs-Glow Set-02"", ""3pcs-Glow Set-03"", ""Base makeup 02"", ""Base makeup 03"", ""Disc 20%-Charm Set02"", ""Disc 20%-Charm Set03"", ""00 Affogato REFILL"", ""01Buttercream REFILL"", ""02 Praline REFILL"", ""03 Custard REFIL"", ""04 Ginger REFILL"", ""05 Cinnamon REFIL"", ""Disc 20%-01"", ""Disc 20%-02-Praline"", ""Disc 20%-03Custard"", ""[LIVE DEAL]-03"", ""[LIVE DEAL]-02"", ""out of stock2"", ""out of stock1"", ""Top1 Club & Perks""]",36
id:809769142:52463091977,id,809769142,52463091977,[NEW SIZE] Glad2Glow Brightening Micellar Water 700ml Kapasitas besar Lembut Cepat Menghapus Makeup & Mencerahkan kulit Penghapus Makeup Waterproof Hapus Riasan Tahan dan Tanpa Iritasi g2glow official store,2026-07-03,Makeup Remover,"[""[Jumbo Size]1PC"", ""2PCS-700ml""]",2
id:809769142:52558972921,id,809769142,52558972921,[JADI MEMBER! SETIAP SENIN DAPATKAN HARGA TERBAIK]Glad2Glow Perfect Blurring Powder Foundation waterproof setting two way cake TWC Mengandung squalane dan vitamin E concealer pengontrol minyak meratakan warna kulit bantalan udara yang menjaga kelembapan,2026-07-03,GLOWSET,"[""Cover Cushion 2pcs"", ""COVER GLOW 2pcs"", ""skin tint 4pcs""]",3
id:809769142:52610001656,id,809769142,52610001656,[New Launch]Glad2Glow Perfect Airbrush Setting Spray 100ml - Kunci Makeup 12H Anti Luntur & Kontrol Minyak - Soft Matte Finish Anti Geser Waterproof & Sweatproof-glad2glow offical,2026-07-03,Colour code,"[""[Save more!]3PC"", ""[Trial]1PC"", ""[Save more]2PC"", ""BUY5GET6"", ""[Gift+Save more]3PCS"", ""Skin Tint-02+Spray"", ""Skin Tint-03+Spray"", ""[Glow Set]Lip06"", ""Top1 Club & Perks"", ""out of stock-1"", ""out of stock-2""]",11
id:809769142:52652820141,id,809769142,52652820141,"Glad2Glow 2in1 Set Cleansing Oil & Facial Wash - Centella Madagascar - Untuk Kulit Berjerawat, Berminyak, Sensitif & Cerah g2glow official store",2026-07-03,Makeup Remover,"[""[hot]Oil+Repair 2PCS"", ""Oil +Eksfoliasi 2PCS"", ""Oil + Acne care 2PCS"", ""Oil+Calm 2PCS""]",4
id:809769142:52806158940,id,809769142,52806158940,[Big Size 300ml] Glad2Glow Retinol Bight Body Serum / Niacinamide Bright Body Serum 300ml Body Lotion HandBody Body Cream Pelembab Badan Tekstur Ringan Wangi Tahan Lama Long Lasting Body Moisturizer Perfume,2026-07-03,Variations,"[""300ml - night glow"", ""300ml - day glow"", ""300ml Day&Night 2in1"", ""Buy6 Get 7-Day"", ""Buy6 Get 7-Night"", ""buy4 get 1 free""]",6
id:809769142:52853506754,id,809769142,52853506754,[NEW LAUNCH] Glad2Glow FLAWLESS Perfect Cushion+ Perfect Blurring Powder Foundation waterproof setting two way cake TWC Foundation Bedak padat Make up Lightweight Coverage Long-lasting 12-Hour Soft-Focus Flawless Skin oil-control g2glow official store,2026-07-03,combo,"[""Cushion + TWC"", ""Cushion + Power"", ""Cushion + Spray"", ""Skin + TWC"", ""Skin + Power"", ""Skin + Spray"", ""Top1 Club & Perks""]",7
id:809769142:53257417325,id,809769142,53257417325,"[100ML SAVE 30%]Glad2Glow Centella Salicylic Acid Acne Gel Cleanser facial wash pembersih wajah sabun cuci muka face wash skincare Menenangkan kulit berjerawat dan kemerahan,mengontrol minyak berlebih G2G glad2glow officia store",2026-07-03,Anti-Jerawat,"[""[100ml]-ACNE 1pc"", ""3PCS Acne Care"", ""5PCS Acne Care"", ""Set Acne Care 2PCS""]",4
id:809769142:53259701588,id,809769142,53259701588,"[free gift]Glad2Glow Cherry Blossom Micellar Water 230ml, Kulit Lembap, Herry Blossom, Non Stripping",2026-07-03,Makeup Remover,"[""5Cherry+1clearing"", ""5Cherry-230ml"", ""BIG SIZE-230ML-3PCS"", ""[Trial]Cherry-230ml""]",4
id:809769142:53308986174,id,809769142,53308986174,[JADI MEMBER! SETIAP SENIN DAPATKAN HARGA TERBAIK]Glad2Glow Pomegranate Niacinamide Brightening Moisturizer Mencerahkan Pemutih Kulit Gel&Pomegranate Niacinamide Power Bright White Serum skincare peeling serum,2026-07-03,RENEW SET,"[""2PCS Glowing""]",1
id:809769142:53759613273,id,809769142,53759613273,[JADI MEMBER! SETIAP SENIN DAPATKAN HARGA TERBAIK]Glad2Glow FLAWLESS BLURRING SKIN TINT 30G Concealer Foundation Bedak padat Make up Lightweight Coverage Long-lasting 12-Hour Soft-Focus Flawless Skin oil-control Bio-Mimetic Film Technology Care,2026-07-03,Cushion,"[""4+1 Paket Hemat"", ""Face&Body Bright Set"", ""Cushion +Powder"", ""Glow Set"", ""Skintint+TWC""]",5
id:809769142:54053319677,id,809769142,54053319677,"Glad2Glow 2in1 Set Cleansing Oil & Clay Mask - Eksfoliasi, Cerah, Anti Jerawat - Untuk Kulit Berminyak & Berkomedo g2glow official store",2026-07-03,Makeup Remover,"[""Clean&Eksfoliasi 2PC"", ""Clean&Glowing 2PCS"", ""Clean&Acne Care 2PCS""]",3
id:809769142:54256127181,id,809769142,54256127181,"[New! Limited Edition] Glad2Glow Perfect Cover Glow Cushion Charm - Foundation High Coverage Tahan 12 Jam & Tekstur Ringan, Minim Oksidasi - glad2glow Official Store",2026-07-03,Cushion,"[""00 Affogato"", ""01Buttercream"", ""02Praline"", ""03Custard"", ""04 Ginger"", ""05 Cinnamon"", ""02 Praline+Lip01"", ""03 Custard+Lip01"", ""02 Praline+Lip03"", ""03 Custard+Lip03"", ""02 Praline+Refill02"", ""03 Praline+Refill03""]",12
id:809769142:54301642346,id,809769142,54301642346,Glad2Glow 4 IN 1 Paket Makeup Flawless ： Flawless Blurring Skin TIint+Brightening Lip Serum 7g Mencerahkan Melembabkan 3in1 liptint+Perfect Blurring Powder Foundation waterproof setting two way cake+Brightening Micellar Water 230ml g2glow official store,2026-07-03,combo,"[""Brightening Set-01"", ""Brightening Set-02"", ""PDRN Set-01"", ""PDRN Set-02""]",4
id:809769142:54800619577,id,809769142,54800619577,[Cocok Untuk Pemula] Glad2Glow Tone up Set Cerah Glowing Bundle 4in1-Brightening Moisturizer+Cleanser+day cream+Lip serum+10%Niacinamide skincare paket pembersih perawatan kulit mencerahkan warna kulit pelembab wajah all in 1g2glow official store,2026-07-03,Set,"[""OUTING SET 4PCS-01"", ""OUTING SET 3PCS-01"", ""OUTING SET 2PCS-01"", ""OUTING SET2 2PCS-01""]",4
id:809769142:54953271920,id,809769142,54953271920,"[Beli 6, 31K/PC]GLAD2GLOW NIACINAMIDE/RETINOL BRIGHT BODY SERUM BODY LOTION 10X Cerah Instant Absorb Whiten Tone Up All Day Bright Glow pemutih badan dengan parfum tahan lama Long Lasting Fragrance Handbody Body Cream Butter G2Glow Official Store",2026-07-03,BODY SERUM,"[""[SAVE 38.9k]6in1"", ""[SAVE 110k]9in1"", ""5PC - Night Glow"", ""5PC - Day Glow"", ""3PC - Night Glow"", ""3PC - Day Glow"", ""buy8 get 9"", ""Buy6 Get7- Day 300ml"", ""Buy6 Get7- 300ml"", ""buy8 get 1-tone up"", ""Top1 Club & Perks""]",11
id:809769142:55052557973,id,809769142,55052557973,[Gift+50k/pc!] Glad2Glow BRIGHTENING LIP SERUM 7g Mencerahkan Melembabkan dan menambahkan warna 3in1 liptint lipstick lipcream &Metal Applicatior cooling sensation Tahan Lama dan Vitamin E danVitamin C Cushion g2g glad2glow official store,2026-07-03,LIP SERUM,"[""GIFT!Best Value-8pcs"", ""ALL IN SHADES-7pcs"", ""8pcs + Skintint"", ""7pcs + Skintint"", ""All Hot shades -7pcs"", ""Perfect 4 Shades-7pc"", ""BestValue&All in Set"", ""GIFT!Hot seller-5pcs"", ""GIFT! Top Duo-5pcs"", ""Save More-Lip03*4+06"", ""hot-01+02+03+04-4PCS"", ""hot-01-2PCS+03-2PCS"", ""LIP SERUM-01+03"", ""03-Berry Soda"", ""Top1 Club & Perks"", ""[LIVE DEAL]Lip01*5""]",16
id:809769142:55062234188,id,809769142,55062234188,[2pcs Paket Foundation] Glad2Glow Perfect Cover Glow Cushion | Perfect Cover Cushion | FlawLess Blurring Skin Tint | 2in1 Perfect Pair Cushion Powder | Perfect Blurring Powder | Foundation,2026-07-03,Cushion,"[""Skintint15g-2pc"", ""Cover Cushion-2pc"", ""Glow Cusion-2pc"", ""Skintint15g-3pc"", ""Cover Cushion-3pc"", ""Glow Cusion-3pc"", ""BUY5GET1"", ""[96K OFF]BUY8GET1"", ""Top1 Club & Perks""]",9
id:809769142:55150606338,id,809769142,55150606338,[Cocok Untuk Pemula] Glad2Glow Cerah Retinol Bundle 4in1-Brightening Moisturizer+Serum+Cleanser+toner Retinol skincare paket pembersih perawatan kulit warna kulit pelembab wajah all in 1g2glow official store,2026-07-03,Set,"[""Glow Retinol 5PCS"", ""Glow Retinol 4PCS"", ""[HOT]RETINOL 4PCS"", ""Instant Glow 4PCS"", ""Daily Glow 3PCS"", ""Retinol Care 3PCS"", ""OUTING SET 3PCS"", ""[LIVE DEAL]Anti-age"", ""[LIVE DEAL]Glow""]",9
id:809769142:55157456628,id,809769142,55157456628,Glad2Glow Set Makeup Lengkap 2in1 Pore Clearing Micellar+Cushion Foundation Sempurna untuk Makeup Sehari-hari Tanpa Repot G2G / Make Up Set Lengkap,2026-07-03,SET,"[""Kulit Kering Set"", ""Kulit Kombinasi Set"", ""Kulit Berminyak Set""]",3
id:809769142:55201716278,id,809769142,55201716278,"[NEW LAUNCH]Glad2Glow B12 All IN ONE MAKEUP REMOVER Untuk Semua Kulit Lembut cleansing oil&Micellar water 3:7 Tanpa Iritasi untuk Kulit Sensitif Diperkaya dengan Vitamin B12, Niacinamide, dan Vitamin E g2glow official store",2026-07-03,Makeup Remover,"[""Hot sale-150ml-3PCS"", ""150ml-2PCS"", ""150ml-1PC"", ""150m+230ml"", ""150ml+230ml*2""]",5
id:809769142:55202206676,id,809769142,55202206676,Glad2Glow Perfect Cover Glow Cushion 3in1 Set - Brightening serum& Coverage Tinggi & Glowing 12Jam g2g Official store,2026-07-03,GLOWSET,"[""Glow 3PC-Set"", ""Glow 2PC-Set"", ""[For Gifting]GlowSet""]",3
id:809769142:55407453466,id,809769142,55407453466,[SALE!!] Glad2Glow Glow Serum Spray 100ml 2IN1 Combo Serum Spray + Perfect Vita C Bright Glow Cleanser/Propolis Hyaluronic Acid Essence Toner,2026-07-03,serum,"[""[Clean+Serum]-2pcs"", ""[Toner +Serum]-2pcs""]",2
id:809769142:55460830635,id,809769142,55460830635,"[NEW LAUNCH] All DAY GLOW SETTING SPRAY 100ml- Korean Glass Skin, Glowing Seharian, Anti-Luntur Sweat Proof & Transfer Proof, Formula Ringan Bebas Lengket Bebas Kusam-glad2glow offica",2026-07-03,Colour code,"[""[Glow Spray]1PC""]",1
id:809769142:55509134650,id,809769142,55509134650,"[Link]Glad2Glow×GGBaby Special Edition BRIGHTENING LIP SERUM 7g Ready Stock! Mencerahkan, Melembabkan Bibir dengan Warna Natural | Lip tint&Lip care",2026-07-03,LIP SERUM,"[""[Top 1]03-Berry Soda"", ""[NEW]-Cherry pop"", ""[NEW]-Pumpkin Frost"", ""Best Sellers-7PCS"", ""Hot & New Set-5PCS"", ""Hot & New Set-3PCS"", ""hot-01+02+03+04-4PCS"", ""hot-01-2PCS+03-2PCS"", ""2PCS Lebih Cuan-01*2"", ""2PCS Lebih Cuan-03*2"", ""2PCS Lebih Cuan 01+3"", ""01-Shopee Special"", ""01-Strawberry Glaze"", ""02-Peach Pie"", ""04-Pearl Sparkle"", ""01-3PCS"", ""03-3PCS"", ""[NEW]-Grape Jelly"", ""[LIVE DEAL]01*2+03*2"", ""[LIVE DEAL] 03"", ""[LIVE DEAL] 01""]",21
id:809769142:55559898858,id,809769142,55559898858,[ FREE GIFT FOR 6/25! ]Dapatkan Hadiah Dengan Min. Pembelian 300RB,2026-07-03,random color,"[""Cosmetic bag""]",1
id:809769142:55602023813,id,809769142,55602023813,[NEW LAUNCH] Glad2Glow Perfect Cover Glow Cushion Refill - High Coverage&Glowing 12Jam g2g Official Store,2026-07-03,cushion refill,"[""cushion+Refill 02"", ""cushion+Refill 03"", ""[2pcs save30Rb] 02"", ""[2pcs save30Rb] 03"", ""[2pcs save30Rb] 00"", ""[2pcs save30Rb] 01"", ""[2pcs save30Rb] 04"", ""[2pcs save30Rb] 05"", ""[REFILL]00-2PCS"", ""[REFILL]01-2PCS"", ""[REFILL]02-2PCS"", ""[REFILL]03-2PCS"", ""[REFILL]04-2PCS"", ""[REFILL]05-2PCS"", ""[LIVE DEAL]-02"", ""[LIVE DEAL]-03""]",16
id:809769142:55659614172,id,809769142,55659614172,[ ADD ON DEAL ] GLAD2GLOW PERFECT VITA C BRIGHT GLOW TONER G2G Toner 3in1 Function Bright Toner Kulit Tampak Cerah Brightening Even Skin Tone Hydrating Glad2Glow Official,2026-07-03,Vita C Toner,"[""1 PC""]",1
id:809769142:55705269616,id,809769142,55705269616,[Cuma 50k/pc + Disc 20%]Glad2Glow FLAWLESS BLURRING SKIN TINT 30G Concealer Foundation Bedak padat Make up Lightweight Coverage Long-lasting 12-Hour Soft-Focus Flawless Skin oil-control Bio-Mimetic Film Technology Care g2glow official store,2026-07-03,Cushion,"[""4PCS Paket Hemat-00"", ""4PCS Promo Terbaik"", ""[FAVORIT]4PCS-02"", ""[FAVORIT]4PCS-03"", ""4PCS-04 Ginger"", ""4PCS-05 Cinnamon"", ""02-2PCS+lip-03-2PCS"", ""03-2PCS+lip-03-2PCS"", ""HOT-02"", ""HOT-03"", ""02 Praline*4+1"", ""03 Custard*4+1""]",12
id:809769142:55908771179,id,809769142,55908771179,[HOT] Glad2Glow White Truffle Serum Spray 100ml | 12H Tahan Lama|Glass Skin Makeup Lock Mencerahkan Skin Prep g2g Glad2Glow Official Store,2026-07-03,serum,"[""1pcs"", ""3pcs"", ""5pcs""]",3
id:809769142:56009621582,id,809769142,56009621582,[JADI MEMBER! SETIAP SENIN DAPATKAN HARGA TERBAIK]Glad2Glow Pomegranate Niacinamide Brightening Moisturizer Mencerahkan Pemutih Kulit Gel Pelembab Bercahaya Krim Siang dan Malam Perawatan Kulit Ekstrak DelimaPelembab Esensi Wajah Perawatan Kulit,2026-07-03,variant,"[""Cerah Buy8 Get9"", ""Anti-kerut-Buy8 Get9"", ""Ceramide8+1"", ""Tenang 30g-8+1"", ""Dark Spot 9"", ""cleanser-Glow-10pcs"", ""cleanser-Milk-9pcs"", ""cleanser-Pore-10pcs"", ""cleanser-Acne-10pcs"", ""cleanser-Gel-10pcs"", ""serum-Peeling-9pcs"", ""serum-Retinol-10pcs"", ""serum-Cerah-10pcs"", ""Body Lotion 2pcs"", ""Body Lotion 4pcs""]",15
id:809769142:56102197568,id,809769142,56102197568,[NEW]Glad2glow Perfect Vita C Bright Glow Cleanser Vita C Cleanser 3in1 Brightening facial wash skincare face wash g2g,2026-07-03,Cleanser,"[""1PC VITA C Cleanser"", ""2PCS Vita C Cleanser"", ""3PCS Vita C Cleanser"", ""5PCS Vita C Cleanser"", ""Set VITA C 4PCS"", ""Set VITA C 3PCS""]",6
id:809769142:56153897478,id,809769142,56153897478,[Shade Spesial Kulit Gelap] Glad2Glow Flawless Blurring Skin Tint 30G | Foundation Concealer Ringan | Coverage Tinggi | 12-Hour Soft-Focus | Oil Control | Bio-Mimetic Film Technology | g2g Official Store,2026-07-03,Cushion,"[""[HOT]03 Custard"", ""04 Ginger"", ""05 Cinnamon"", ""03-2PCS"", ""04-2PCS"", ""[Save more]05-2PCS"", ""04 Ginger+03 lip"", ""[Save more]05+03 lip""]",8
id:809769142:56159614182,id,809769142,56159614182,[ADD ON DEAL] Glad2Glow All IN ONE MAKEUP REMOVER Untuk Semua Kulit Lembut cleansing oil Penghapus Makeup Waterproof 150ML,2026-07-03,Makeup Remover,"[""150ml-Brightening"", ""150ml-1PC""]",2
id:809769142:56205985876,id,809769142,56205985876,Glad2Glow Perfect Cover Cushion Foundation High coverage&Tahan Lama Hingga 12 Jam g2g official store,2026-07-03,SET,"[""Matte dan Dewy"", ""Matte Cushion+Refill"", ""Glow Cushion+Refill""]",3
id:809769142:56253578980,id,809769142,56253578980,[NEW LAUNCH] Glad2Glow FLAWLESS Perfect Foundation+ BRIGHTENING LIP SERUM 7g Mencerahkan Melembabkan 3in1 liptint Foundation Bedak padat Make up Lightweight Coverage Long-lasting 12-Hour Soft-Focus Flawless Skin oil-control g2glow official store,2026-07-03,combo,"[""Cushion 02 + Lip 01"", ""Cushion 03 + Lip 01"", ""Cushion 02 + Lip 03"", ""Cushion 03 + Lip 03"", ""Skintint 02 + Lip 01"", ""Skintint 03 + Lip 01"", ""Skintint 02 + Lip 03"", ""Skintint 03 + Lip 03"", ""2 IN 1- 02 + Lip 01"", ""2 IN 1- 02 + Lip 03"", ""2 IN 1- 03 + Lip 01"", ""2 IN 1- 03 + Lip 03"", ""GLOW 02 + Lip 01"", ""GLOW 02 + Lip 03"", ""GLOW 03 + Lip 01"", ""GLOW 03 + Lip 03""]",16
id:809769142:56459618045,id,809769142,56459618045,[ADD ON DEAL] Glad2Glow Low pH 5.5 Gentle Face Wash Pencuci Muka pH Seimbang Sabun Wajah Facial Cleanser g2g,2026-07-03,CLEANSER,"[""low pH cleanser 1PC""]",1
id:809769142:56505624072,id,809769142,56505624072,[ JADI MEMBER! Flash Sale 10RB Setiap Senin! ] PORE CLEARING MICELLAR WATER 130ML/Moist & Smooth Hand Body Serum 180ml/PERFECT VITA C BRIGHT GLOW TONER 80ml,2026-07-03,1pc,"[""body lotion180ml"", ""VC toner80ml"", ""micellar water130ml""]",3
id:809769142:56659622964,id,809769142,56659622964,[ADD ON DEAL]Glad2Glow Glycolic Acid Facial Wash 70ml Membersihkan & Merawat Kulit 2-in-1 Niacinamide Pencerah Pembersihan Lembut Hidrasi Melindungi Barrier Kulit Sabun Wajah Cocok Untuk Kulit Sensitif,2026-07-03,CLEANSER,"[""CLEANSER 1PC 70ml""]",1
id:809769142:56803564499,id,809769142,56803564499,[HOT!BUY 3 SAVE 10.5K!] Glad2Glow BRIGHTENING MICELLAR WATER Cepat Menghapus Makeup & Mencerahkan kulit Penghapus Makeup Waterproof Hapus Riasan Tahan dan Tanpa Iritasi g2glow official store,2026-07-03,Makeup Remover,"[""HOT-Brightening230ml"", ""Travel&Trial-130ml""]",2
id:809769142:56857456458,id,809769142,56857456458,[Cocok Untuk Pemula]Glad2Glow Cerah Bundle 3in1 Moisturizer+Serum+Cleanser Niacinamide+Retinol+Symwhite 377 g2glow official store,2026-07-03,SET,"[""[Niacinamide]3pcs"", ""[Retinol]3pcs"", ""[Symwhite 377]3pcs""]",3
id:809769142:57457465945,id,809769142,57457465945,Glad2glow Brightening Lip Serum Strawberry Glaze Melembabkan Bibir& Pore Clearing Micellar Water&Vita C Bright Glow Cleanser,2026-07-03,LIP SERUM,"[""01*2"", ""03*2"", ""05*2"", ""07*2"", ""01+03"", ""05+07""]",6
id:809769142:57552811859,id,809769142,57552811859,Glad2Glow Madagascar Centella Light Cleansing Oil 200ml micellar water pembersih wajah Penghapus riasan lembut tanpa iritasi Menghapus riasan tahan air dengan cepat dan menyegarkan muka wajah g2glow official store,2026-07-03,size,"[""Save More-200ml"", ""Paket Hemat-200ml*2"", ""Clean Oil -300ml"", ""Paket Hemat-600ml""]",4
id:809769142:57859689025,id,809769142,57859689025,Glad2Glow All IN ONE MAKEUP REMOVER 60ml Untuk Semua Kulit Lembut cleansing oil Penghapus Makeup Waterproof Hapus Riasan Tahan Air dengan dan Dual-Phase Makeup Melting Solution Tanpa Iritasi untuk Kulit Sensitif dan Berjerawat g2glow official store,2026-07-03,Makeup Remover,"[""pink 60ml-travel"", ""pink 60ml-travel*2"", ""blue 60ml-travel"", ""blue 60ml-travel*2""]",4
id:809769142:57861978788,id,809769142,57861978788,"Glad2Glow Niacinamide Serum Facial Wash Instant Glow 70g, Pencuci Wajah Brightening,Mencerahkan Pembersih Pori,Ceramide Ectoin Sakura,Untuk Kulit Kusam Berminyak Kulit Sensitif,Melembabkan,pembersih wajah,sabun cuci muka",2026-07-03,Cleanser,"[""[HOT!]-5pcs"", ""[70g]--1PC"", ""[70g]--3pcs"", ""Glowing-3pcs""]",4
id:809769142:57903895781,id,809769142,57903895781,[Buy4 Disc40%]GLAD2GLOW 7% GLYCOLIC ACID ESSENCE TONER 3-in-1 Eksfoliasi toner badan toner wajah skin hydrating brightening Mencerahkan dan meratakan warna kulit g2glow official store,2026-07-03,Vita C Toner,"[""1 PC"", ""Top1 Club & Perks""]",2
id:809769142:57905983411,id,809769142,57905983411,GLAD2GLOW B5-CICA BARRIER CREAM 30ml Pelembab Wajahdengan Pro Vitamin B5 Panthenol danCentella Asiatica Menenangkan &Memperkuat Kulit Kemerahan Sensitif KeringSkincare 3-in-1 Cream Meleleh Ringan TidakLengket Semua Jenis,2026-07-03,variant,"[""1pc"", ""3pcs"", ""5pcs"", ""50ml 1pcs""]",4
id:809769142:57909001846,id,809769142,57909001846,[ New Launch! ]GLAD2GLOW CLEAN IT ALL CLEANSING BALM 80g Cleansing oil | Micellar water| Makeup remover- Hapus Makeup Lumer 1 Detik - Anti Kusam & Tanpa Perih -g2g official store,2026-07-03,Makeup Remover,"[""[ New launch!]1PC"", ""3PC"", ""Special Gift 5pcs"", ""5PC"", ""High Cover+Balm-02"", ""High Cover+Balm-03"", ""Glow Cushion+Balm-02"", ""Glow Cushion+Balm-03"", ""2In1 cushion+Balm-02"", ""2In1 cushion+Balm-03"", ""Skin Tint+Balm-02"", ""Skin Tint+Balm-03""]",12
id:809769142:58058986912,id,809769142,58058986912,"[JADI MEMBER! SETIAP SENIN DAPATKAN HARGA TERBAIK]Glad2Glow×GGBaby Special Edition BRIGHTENING LIP SERUM 7g Ready Stock! Mencerahkan, Melembabkan Bibir dengan Warna Natural | Lip tint&Lip care",2026-07-03,LIP SERUM,"[""All in 7pcs"", ""HOT SALE-7PCS"", ""Mix-7pcs"", ""[Gift!]balm 9pcs"", ""[Gift!]balm 6pcs"", ""HOT Day&Night-6pcs""]",6
id:809769142:58154516903,id,809769142,58154516903,Glad2Glow B5 5% Panthenol 2% Niacinamide Barrier Boosting Gel Moisturizer 30ML/50ML Pro-Vitamin B5 Pelembap Skin Barrier Semua Jenis Kulit Redakan Kemerahan Jerawat Aman Untuk Jerawat Acne Brightening Hydration,2026-07-03,Peeling,"[""[Diskon!] Gel 50ml"", ""[HOT]Day&Night"", ""B5 Gel 50ml 2PCS"", ""Oil Control Set"", ""[Gel]Buy5 Get1Free"", ""[Cream]Buy5 Get1Free"", ""B5 Day&Night Set"", ""B5 Panthenol Gel 1PC"", ""B5 Panthenol Gel3PCS"", ""B5 CICA Cream 1 PC"", ""B5 Panthenol Gel5PCS"", ""B5 Cream 50ml 1PCS"", ""[LIVE DEAL]2in1""]",13
id:859233628:18154327789,id,859233628,18154327789,"[HE-JI] TRAVEL SIZE Gel Masker With Sakura Extract 50gr - Masker Gel Wajah Melembabkan, Mencerahkan & Menenangkan Wajah I Mengandung Niacinamide 2%, Extract Sakura, 5x Ceramide & Centella Asiatica - UJI LAB SIG & BPOM APPROVED",2026-07-03,Variasi,"[""1pcs Gelmask 50gr"", ""2pcs Gelmask 50gr"", ""3pcs Gelmask 50gr""]",3
id:859233628:18450976047,id,859233628,18450976047,"[HE-JI] Rosses Secret Glow Serum 20ml - Serum Melembabkan, Mencerahkan & Memudarkan Flek Wajah I Mengandung Niacinamide 5%, Propolis Extract & Melazero Extract - UJI LAB SIG & BPOM APPROVED",2026-07-03,Harga,"[""Serum 1pcs"", ""Serum 2pcs"", ""Serum 3pcs""]",3
id:859233628:22328349764,id,859233628,22328349764,"[HE-JI] Bundle 2 in 1 Glowing Set Gel Mask with Sakura Extract & Rosses Secret Glow Serum - Perawatan Kulit Wajah Normal & Sensitif I Paket Skincare Cocok Untuk Menenangkan, Melembabkan & Mencerahkan Wajah - BPOM APPROVED",2026-07-03,Variasi,"[""Gelmask 50gr"", ""Serum 1"", ""Gelmask 50gr + Serum"", ""Gelmask 250gr"", ""Gelmask 250gr+Serum""]",5
id:859233628:22827368281,id,859233628,22827368281,"[HE-JI] Bundle 2 in 1 - Glowing Set Sakura Gel Mask & Rosses Secret Glow Serum I Glowing Treatment Skincare For All Skin Type Untuk Hydrating, Brightening & Glowing Skin - UJI LAB SIG & BPOM APRROVED",2026-07-03,PAKET HEMAT,"[""Gelmask 50gr"", ""Serum"", ""Gelmask 250gr"", ""Gelmask 250gr+Serum""]",4
id:859233628:23100064799,id,859233628,23100064799,"[HE-JI] Bundle 2 Pcs Rosses Secret Glow Serum with Niacinamide 5%, Propolis Extract & Melazero Extract I Menghidrasi, Mencerahkan & Menyamarkan Bekas Jerawat Flek Hitam Pada Wajah - For All Skin Type UJI LAB SIG & BPOM APPROVED",2026-07-03,Promo Hemat,"[""Serum 1"", ""Bundle 2 Serum""]",2
id:859233628:23168355689,id,859233628,23168355689,"[HE-JI] Gel Mask With Sakura Extract - Masker Gel Wajah Melembabkan, Mencerahkan & Menenangkan Wajah I Mengandung Niacinamide 2%, Extract Sakura, 5x Ceramide & Centella Asiatica - UJI LAB SIG & BPOM APPROVED",2026-07-03,Gel Mask,"[""Gelmask 50gr"", ""2 Gelmask 50gr"", ""Gelmask 250gr"", ""2 Gelmask 250gr""]",4
id:859233628:23200058244,id,859233628,23200058244,"[HE-JI] BIG SIZE Gel Mask With Sakura Extract 250gr - Masker Gel Wajah Melembabkan, Mencerahkan & Menenangkan Wajah I Mengandung Niacinamide 2%, Extract Sakura, 5x Ceramide & Centella Asiatica - UJI LAB SIG & BPOM APPROVED",2026-07-03,Varian,"[""1pcs Gelmask 250gr"", ""2pcs Gelmask 250gr"", ""3cs Gelmask 250gr""]",3
id:859233628:23700000064,id,859233628,23700000064,"[He-Ji] Bundle 2 in 1 Glowing Set Gel Mask with Sakura Extract 50gr & Rosses Secret Glow Serum - Masker Gel & Serum Skincare For All Skin Type I Menenangkan, Menghidrasi & Mencerahkan Wajah - UJI LAB SIG & BPOM APPROVED",2026-07-03,Produk,"[""Gelmask 50gr"", ""Gelmask 50gr + Serum"", ""2 Gelmask 50gr""]",3
id:859233628:24078859514,id,859233628,24078859514,"[HE-JI] Tone Up Booster 100 ml - Brightening Body Booster Mengandung Niacinamide, Glutathione & Eriobotrya Japonica Extract I Lotion Tone Up Melembabkan, Mencerahkan & Menghaluskan Kulit - BPOM APPROVED",2026-07-03,He-Ji Tone Up,"[""Tone Up 1pcs"", ""Tone Up 2pcs"", ""Tone Up 3pcs""]",3
id:859233628:28601819965,id,859233628,28601819965,"[HE-JI] Bundle 3 in 1 Complete Set - Perawatan Kulit Wajah & Badan I Masker Wajah, Serum Wajah & Body Lotion Tone Up Booster I Hydrating, Brightening & Healthy Skin - UJI LAB SIG & BPOM APRROVED",2026-07-03,Paket Bundling,"[""Serum + Tone Up"", ""Gel Mask + Tone Up"", ""Gel Mask + Serum"", ""Paket Lengkap""]",4
vn:108166524:10218493690,vn,108166524,10218493690,Thực phẩm bổ sung Trà vị chanh NESTEA (Hộp 16 gói x 12g),2026-07-03,,"[""""]",1
vn:108166524:10718498371,vn,108166524,10718498371,[Có thêm Nấm Mối] Hạt Nêm Nấm Hương MAGGI MỚI 450g - THÊM NẤM MỐI,2026-07-02,,"[""""]",1
vn:108166524:11518480861,vn,108166524,11518480861,Bịch Cà phê Hòa tan NESCAFÉ CAFÉ SỮA ĐÁ 25 gói Nhân đôi sánh quyện,2026-07-03,,"[""""]",1
vn:108166524:11818497272,vn,108166524,11818497272,"Nước tương Đậu Nành Đậm Đặc MAGGI chai 700ml - Công thức cải tiến. Bừng hương đậu nành. Ngon hơn, sánh đậm hơn",2026-07-03,,"[""""]",1
vn:108166524:15909559942,vn,108166524,15909559942,Trà Việt Quất và Hoa Atiso Đỏ NESTEA (Hộp 10 gói x 12g),2026-07-01,hàng,"[""chính hãng""]",1
vn:108166524:16081861365,vn,108166524,16081861365,Thức uống lúa mạch Nestlé Milo nguyên chất 400g (hũ nhựa),2026-07-03,Hàng,"[""Chính hãng""]",1
vn:108166524:17377770549,vn,108166524,17377770549,Combo 2 Dầu Hào MAGGI Nấm Hương 350g/chai,2026-07-03,Hàng,"[""Combo""]",1
vn:108166524:17483738735,vn,108166524,17483738735,Combo 2 hũ thức uống lúa mạch Nestlé® Milo® nguyên chất 400g (hũ nhựa),2026-07-03,Hàng,"[""Combo""]",1
vn:108166524:1759126818,vn,108166524,1759126818,Dầu hào Maggi chai 820g,2026-07-03,,"[""""]",1
vn:108166524:1759126828,vn,108166524,1759126828,Bột kem Nestle Coffee Mate hộp 450g,2026-07-03,,"[""""]",1
vn:108166524:1759126901,vn,108166524,1759126901,[CÔNG THỨC CẢI TIẾN] Hộp Cà phê Hòa tan NESCAFÉ VỊ NGUYÊN BẢN 20 gói - Đậm thơm hài hòa,2026-07-03,,"[""""]",1
vn:108166524:18517504771,vn,108166524,18517504771,Dầu Hào MAGGI® Nấm Hương Chai 350g,2026-07-03,Hàng,"[""Chuyên dụng""]",1
vn:108166524:19079264764,vn,108166524,19079264764,Hộp Cà phê Hòa tan NESCAFÉ CAFÉ SỮA ĐÁ 10 gói Nhân đôi sánh quyện,2026-07-03,Hàng,"[""Chính Hãng""]",1
vn:108166524:19234852537,vn,108166524,19234852537,Thực phẩm bổ sung thức uống lúa mạch Nestlé Milo 600g,2026-07-03,Hàng,"[""Chính hãng""]",1
vn:108166524:19351768341,vn,108166524,19351768341,Combo 2 chai nước tương Maggi đậu nành đậm đặc 700ml/chai,2026-07-03,Hàng,"[""Combo""]",1
vn:108166524:20018190581,vn,108166524,20018190581,Combo 2 Dầu Hào MAGGI® Nấm Hương 820g/chai,2026-07-03,Hàng,"[""Combo""]",1
vn:108166524:20513481191,vn,108166524,20513481191,Dầu Hào MAGGI® Nấm Hương 820g:Chính hãng,2026-07-03,Hàng,"[""Chính hãng""]",1
vn:108166524:21217504122,vn,108166524,21217504122,"Nước Tương Đậu Nành MAGGI chai 700ml - Thơm, sánh đậm từ chiết xuất đậu nành lên men tự nhiên 100 ngày",2026-07-03,Hàng,"[""Chuyên dụng""]",1
vn:108166524:21591659164,vn,108166524,21591659164,Thùng Sữa lúa mạch Nestle MILO ít đường (48 Hộp x 110ml),2026-07-03,Hàng,"[""Chính Hãng""]",1
vn:108166524:22172626348,vn,108166524,22172626348,Nước Tương Nestlé MAGGI® Đậu Nành Giảm Muối chai 300ml với đậu nành lên men tự nhiên,2026-07-03,Hàng,"[""Chính Hãng""]",1
vn:108166524:2260506115,vn,108166524,2260506115,Thùng Sữa lúa mạch Nestle MILO ít đường (48 Hộp x 180ml),2026-07-03,,"[""""]",1
vn:108166524:22764900114,vn,108166524,22764900114,Dầu Hào Cao Cấp MAGGI® Bào Ngư Mới 350g,2026-07-02,Hàng,"[""Chính hãng""]",1
vn:108166524:24814585810,vn,108166524,24814585810,[Phiên bản ống hút 4 chiều] Sữa Lúa Mạch Nestlé MILO 48x180ml Không Màng Co,2026-07-02,Hàng,"[""Chính hãng""]",1
vn:108166524:25142564416,vn,108166524,25142564416,Sữa Lúa Mạch Nestle MILO với sữa A2 MỚI thùng 12 x 110ml (12x4x110ml),2026-07-03,Hàng,"[""Chính hãng""]",1
vn:108166524:25364580727,vn,108166524,25364580727,Sữa lúa mạch Nestlé® MILO® thùng 12 x 110ml (12x4x110ml),2026-07-03,Hàng,"[""Chính hãng""]",1
vn:108166524:25642549505,vn,108166524,25642549505,"Dầu Hào Cao Cấp Nestlé MAGGI® Bào Ngư chai 820g - 1 bước xào, óng ánh chuẩn nhà hàng. Chai lớn, giá tiết kiệm 10%",2026-07-03,Hàng,"[""Chính hãng""]",1
vn:108166524:28079281911,vn,108166524,28079281911,Cà phê đen hòa tan NESCAFE Café Việt (Túi 35 gói x 16g),2026-07-03,Hàng,"[""Chính hãng""]",1
vn:108166524:28729293005,vn,108166524,28729293005,Thực phẩm bổ sung Trà vị đào NESTEA (Hộp 16 gói x 12g),2026-07-03,Hàng,"[""Chính hãng""]",1
vn:108166524:29092760448,vn,108166524,29092760448,[Live][Phiên bản ống hút 4 chiều] Sữa Lúa Mạch Nestlé MILO 48x180ml Không Màng Co,2026-07-02,Hàng,"[""Chính hãng""]",1
vn:108166524:29179302583,vn,108166524,29179302583,Thùng Sữa lúa mạch Nestle MILO A2 MỚI (48 Hộp x180ml),2026-07-03,Hàng,"[""Chính hãng""]",1
vn:108166524:29929277161,vn,108166524,29929277161,Cà phê hoà tan NESCAFE 3IN1 công thức cải tiến - vị Rang Đậm Bịch 46 gói,2026-07-03,Hàng,"[""Chính hãng""]",1
vn:108166524:3075288173,vn,108166524,3075288173,NESCAFE 3IN1 Công thức cải tiến - VỊ RANG ĐẬM (Hộp 20 gói x 16g),2026-07-03,,"[""""]",1
vn:108166524:40823006401,vn,108166524,40823006401,[GRO - Quà tặng không bán] Mẫu thử cà phê đen NESCAFÉ Signature V2 (dạng ly) NESCAFÉ,2026-07-03,Hàng,"[""Khuyến mãi""]",1
vn:108166524:41073495592,vn,108166524,41073495592,[Live][Phiên bản ống hút 4 chiều] Sữa lúa mạch Nestlé MILO thùng 12 x 180ml (12x4x180ml),2026-07-03,Hàng,"[""Chính hãng""]",1
vn:108166524:41228927414,vn,108166524,41228927414,Combo 2 hộp Thực phẩm bổ sung trà Nestea vị chanh hộp 16 gói x 12 g,2026-07-03,Hàng,"[""Combo""]",1
vn:108166524:41276719159,vn,108166524,41276719159,[Tặng Ca đá Nescafé] Combo 3 Bịch Cà phê Hòa tan NESCAFÉ CAFÉ SỮA ĐÁ 25 gói Nhân đôi sánh quyện,2026-07-03,Hàng,"[""Combo""]",1
vn:108166524:41677746493,vn,108166524,41677746493,Combo 3 Bịch Cà phê Hòa tan NESCAFÉ VỊ RANG ĐẬM 46 gói Đậm Thơm Hoàn Hảo,2026-07-03,Hàng,"[""Combo""]",1
vn:108166524:42079458258,vn,108166524,42079458258,[GRO - Quà tặng không bán] Balo MILO A2,2026-07-03,Hàng,"[""Khuyến mãi""]",1
vn:108166524:42463531743,vn,108166524,42463531743,[Live] Sữa Lúa Mạch Nestle MILO với sữa A2 MỚI thùng 12 x 180ml (12x4x180ml),2026-07-03,Hàng,"[""Chính hãng""]",1
vn:108166524:42560708018,vn,108166524,42560708018,[GRO - Quà tặng không bán] Gối cổ MILO,2026-07-03,Hàng,"[""Khuyến mãi""]",1
vn:108166524:42577755622,vn,108166524,42577755622,Combo 4 Hộp Cà phê Hòa tan NESCAFÉ VỊ RANG ĐẬM 20 gói Đậm Thơm Hoàn Hảo,2026-07-03,Hàng,"[""Combo""]",1
vn:108166524:42955556831,vn,108166524,42955556831,Cà phê đen hòa tan NESCAFÉ Signature Hộp 10 gói ĐẬM ĐÀ TUYỆT HẢO,2026-07-03,Hàng,"[""Chính hãng""]",1
vn:108166524:42962543920,vn,108166524,42962543920,Cà phê sữa NESCAFÉ Signature Hộp 10 gói THƠM NỒNG VỊ ĐẬM,2026-07-03,Hàng,"[""Chính hãng""]",1
vn:108166524:43526722905,vn,108166524,43526722905,[Tặng Ca đá] Combo 3 Bịch Cà phê Hòa tan NESCAFÉ VỊ RANG ĐẬM 46 gói Đậm Thơm Hoàn Hảo,2026-07-03,Hàng,"[""Combo""]",1
vn:108166524:43677750849,vn,108166524,43677750849,[CÔNG THỨC CẢI TIẾN] Combo 4 hộp Cà phê Hòa tan NESCAFÉ VỊ NGUYÊN BẢN 20 gói - Đậm thơm hài hòa,2026-07-03,Hàng,"[""Combo""]",1
vn:108166524:44101214714,vn,108166524,44101214714,[Live] Sữa lúa mạch Nestlé® MILO® ít đường thùng 12 x 180ml (12x4x180ml),2026-07-03,Hàng,"[""Chính hãng""]",1
vn:108166524:45011729618,vn,108166524,45011729618,Combo 2 Sữa Lúa Mạch Nestle MILO với sữa A2 MỚI thùng 12 x 110ml (12x4x110ml),2026-07-03,Hàng,"[""Combo""]",1
vn:108166524:45252508882,vn,108166524,45252508882,[Tặng Bộ 3 hũ đựng gia vị NESCAFÉ] Bịch Cà phê Hòa tan NESCAFÉ VỊ NGUYÊN BẢN 46 gói Đậm Thơm Hoàn Hảo,2026-07-03,Hàng,"[""Combo""]",1
vn:108166524:45361734616,vn,108166524,45361734616,Combo 2 Thùng Sữa lúa mạch Nestle MILO ít đường (48 Hộp x 110ml),2026-07-03,Hàng,"[""Combo""]",1
vn:108166524:45404142712,vn,108166524,45404142712,Combo 2 Bịch Cà phê Hòa tan NESCAFÉ CAFÉ VIỆT 35 gói Vị Mạnh đặc trưng,2026-07-03,Hàng,"[""Combo""]",1
vn:108166524:45552660535,vn,108166524,45552660535,[Tặng Ca đá Nescafé] Combo 4 Hộp Cà phê Hòa tan NESCAFÉ VỊ NGUYÊN BẢN 20 gói Đậm Thơm Hoàn Hảo,2026-07-03,Hàng,"[""Combo""]",1
vn:108166524:45757629296,vn,108166524,45757629296,[GRO - Quà tặng không bán] Balo túi tote MILO,2026-07-03,Hàng,"[""Khuyến mãi""]",1
vn:108166524:46204147616,vn,108166524,46204147616,Combo 4 Hộp Cà phê Hòa tan NESCAFÉ CAFÉ SỮA ĐÁ 10 gói Nhân đôi sánh quyện,2026-07-03,Hàng,"[""Combo""]",1
vn:108166524:46804156138,vn,108166524,46804156138,[CÔNG THỨC CẢI TIẾN] Combo 2 Bịch Cà phê Hòa tan NESCAFÉ VỊ NGUYÊN BẢN 46 gói - Đậm thơm hài hòa,2026-07-03,Hàng,"[""Combo""]",1
vn:108166524:46807629209,vn,108166524,46807629209,[CÔNG THỨC CẢI TIẾN] Combo 2 Bịch Cà phê Hòa tan NESCAFÉ VỊ NGUYÊN BẢN 80 gói - Đậm thơm hài hòa,2026-07-03,Hàng,"[""Combo""]",1
vn:108166524:47055534935,vn,108166524,47055534935,[CÔNG THỨC CẢI TIẾN] Túi Cà phê Hòa tan NESCAFÉ VỊ NGUYÊN BẢN 80 gói - Đậm thơm hài hòa,2026-07-03,Hàng,"[""Chính hãng""]",1
vn:108166524:47254151647,vn,108166524,47254151647,[CÔNG THỨC CẢI TIẾN] Combo 3 hộp Cà phê Hòa tan NESCAFÉ VỊ NGUYÊN BẢN 20 gói - Đậm thơm hài hòa,2026-07-03,Hàng,"[""Combo""]",1
vn:108166524:47303008009,vn,108166524,47303008009,[TẶNG BÌNH GIỮ NHIỆT] Combo 3 Bịch Cà phê Hòa tan NESCAFÉ CAFÉ SỮA ĐÁ 25 gói Nhân đôi sánh quyện,2026-07-03,Hàng,"[""Combo""]",1
vn:108166524:47806387854,vn,108166524,47806387854,Combo 2 hộp Cà phê sữa NESCAFÉ Signature Hộp 10 gói THƠM NỒNG VỊ ĐẬM,2026-07-03,Hàng,"[""Combo""]",1
vn:108166524:48406531717,vn,108166524,48406531717,Combo 2 hộp Trà Nestea Việt Quất & hoa Atiso đỏ hộp 10 gói x 12 g,2026-07-01,Hàng,"[""Combo""]",1
vn:108166524:49254147237,vn,108166524,49254147237,[CÔNG THỨC CẢI TIẾN] Combo 3 Bịch Cà phê Hòa tan NESCAFÉ VỊ NGUYÊN BẢN 46 gói - Đậm thơm hài hòa,2026-07-03,Hàng,"[""Combo""]",1
vn:108166524:49552029594,vn,108166524,49552029594,[Tặng Bộ 3 hũ đựng gia vị NESCAFÉ] Bịch Cà phê Hòa tan NESCAFÉ CAFÉ VIỆT 35 gói Vị Mạnh đặc trưng,2026-07-03,Hàng,"[""Combo""]",1
vn:108166524:50154131337,vn,108166524,50154131337,Combo 3 Hộp Cà phê Hòa tan NESCAFÉ VỊ RANG ĐẬM 20 gói Đậm Thơm Hoàn Hảo,2026-07-03,Hàng,"[""Combo""]",1
vn:108166524:50556508874,vn,108166524,50556508874,Combo 2 hộp Thực phẩm bổ sung Trà Vị Đào NESTEA hộp 16 gói x 12 g,2026-07-03,Hàng,"[""Combo""]",1
vn:108166524:51652982842,vn,108166524,51652982842,[Tặng Bộ 3 hũ đựng gia vị NESCAFÉ] Bịch Cà phê Hòa tan NESCAFÉ VỊ NGUYÊN BẢN 46 gói Đậm Thơm Hoàn Hảo,2026-07-03,Hàng,"[""Chính hãng""]",1
vn:108166524:52204122884,vn,108166524,52204122884,Combo 3 Bịch Cà phê Hòa tan NESCAFÉ CAFÉ SỮA ĐÁ 25 gói Gấp đôi sánh quyện,2026-07-03,Hàng,"[""Combo""]",1
vn:108166524:52702489216,vn,108166524,52702489216,[Tặng Ca đá 900ml] Combo 3 Bịch Cà phê Hòa tan NESCAFÉ VỊ NGUYÊN BẢN 46 gói Đậm Thơm Hoàn Hảo (Bịch 46+3 gói x 16g),2026-07-03,Hàng,"[""Combo""]",1
vn:108166524:52854131624,vn,108166524,52854131624,Combo 2 hộp Cà phê đen hòa tan NESCAFÉ Signature Hộp 10 gói ĐẬM ĐÀ TUYỆT HẢO,2026-07-03,Hàng,"[""Combo""]",1
vn:108166524:53654127440,vn,108166524,53654127440,Combo 3 Bịch Cà phê Hòa tan NESCAFÉ CAFÉ VIỆT 35 gói Vị Mạnh đặc trưng,2026-07-03,Hàng,"[""Combo""]",1
vn:108166524:54602009580,vn,108166524,54602009580,[Tặng Bộ 3 hũ đựng gia vị] Cà phê Hòa tan NESCAFÉ VỊ RANG ĐẬM 46 gói Đậm Thơm Hoàn Hảo,2026-07-03,Hàng,"[""Combo""]",1
vn:108166524:54712094391,vn,108166524,54712094391,[Tặng chai 200ml] Nước tương Đậu Nành Đậm Đặc MAGGI chai 700ml - Khuyến mại tặng chai 200ml cùng loại.,2026-07-02,Hàng,"[""Chính hãng""]",1
vn:108166524:54752025528,vn,108166524,54752025528,[Tặng Ca đá Nescafé] Combo 4 Hộp Cà phê Hòa tan NESCAFÉ VỊ RANG ĐẬM 20 gói Đậm Thơm Hoàn Hảo,2026-07-03,Hàng,"[""Combo""]",1
vn:108166524:54952020709,vn,108166524,54952020709,[Tặng Ca đá Nescafé] Combo 4 Hộp Cà phê Hòa tan NESCAFÉ CAFÉ SỮA ĐÁ 10 gói Nhân đôi sánh quyện,2026-07-03,Hàng,"[""Combo""]",1
vn:108166524:55211157221,vn,108166524,55211157221,[Phiên bản ống hút 4 chiều] Sữa Lúa Mạch Nestlé MILO 48x180ml Không Màng Co,2026-07-03,Hàng,"[""Chính hãng""]",1
vn:108166524:55454127534,vn,108166524,55454127534,Combo 3 Hộp Cà phê Hòa tan NESCAFÉ CAFÉ SỮA ĐÁ 10 gói Nhân đôi sánh quyện,2026-07-03,Hàng,"[""Combo""]",1
vn:108166524:55604121866,vn,108166524,55604121866,Combo 2 Bịch Cà phê Hòa tan NESCAFÉ VỊ RANG ĐẬM 46 gói Đậm Thơm Hoàn Hảo,2026-07-03,Hàng,"[""Combo""]",1
vn:108166524:55952428549,vn,108166524,55952428549,Hộp Cà phê Hòa tan NESCAFÉ CAFÉ VIỆT 15 gói Vị Mạnh đặc trưng,2026-07-01,Hàng,"[""Chính hãng""]",1
vn:108166524:57051754232,vn,108166524,57051754232,[GRO - Quà tặng không bán] Bộ 3 hũ đựng gia vị NESCAFÉ,2026-07-03,Hàng,"[""Khuyến mãi""]",1
vn:108166524:57054122936,vn,108166524,57054122936,Combo 2 Bịch Cà phê Hòa tan NESCAFÉ CAFÉ SỮA ĐÁ 25 gói Gấp đôi sánh quyện,2026-07-03,Hàng,"[""Combo""]",1
vn:108166524:57802014514,vn,108166524,57802014514,[Tặng Bộ 3 hũ đựng gia vị NESCAFÉ] Bịch Cà phê Hòa tan NESCAFÉ CAFÉ SỮA ĐÁ 25 gói Nhân đôi sánh quyện,2026-07-03,Hàng,"[""Combo""]",1
vn:108166524:7005434955,vn,108166524,7005434955,[Phiên bản ống hút 4 chiều] Sữa lúa mạch Nestlé MILO thùng 12 x 180ml (12x4x180ml),2026-07-03,,"[""""]",1
vn:108166524:9978300337,vn,108166524,9978300337,[CÔNG THỨC CẢI TIẾN] Túi Cà phê Hòa tan NESCAFÉ VỊ NGUYÊN BẢN 46 gói - Đậm thơm hài hòa,2026-07-03,,"[""""]",1
vn:1145316676:18987408217,vn,1145316676,18987408217,[Quà tặng không bán] Bộ gối ôm con rồng kèm nón và balo NUTREN JUNIOR,2026-07-03,,"[""""]",1
vn:1145316676:24114692449,vn,1145316676,24114692449,[Quà tặng không bán] Ba lô và nón Boost Optimum,2026-07-03,,"[""""]",1
vn:1145316676:24116535739,vn,1145316676,24116535739,[Quà Tặng Không Bán] Set khăn Boost Optimum BOOST OPTIMUM,2026-07-03,,"[""""]",1
vn:1145316676:24135901205,vn,1145316676,24135901205,Thùng 36 Hộp Sữa Pha Sẵn NESTLÉ NUTREN JUNIOR Thụy Sĩ Công Thức BIG Tăng Trưởng 110ML,2026-07-03,Phân loại,"[""Date 12 tháng"", ""Date 4/2026""]",2
vn:1145316676:24264694162,vn,1145316676,24264694162,[Quà tặng không bán] Bộ Mền Gối Con Cua,2026-07-03,,"[""""]",1
vn:1145316676:24364698071,vn,1145316676,24364698071,[Quà tặng không bán] Bộ đồ chơi xếp khối,2026-07-03,,"[""""]",1
vn:1145316676:24710759163,vn,1145316676,24710759163,"Collagen Thủy Phân Dạng Bột NESTLÉ VITAL PROTEINS Mỹ Hỗ Trợ Làm Đẹp Da,Móng,Tóc 284G",2026-07-03,HSD,"[""Date 42 tháng"", ""Date 5/2027""]",2
vn:1145316676:24810760293,vn,1145316676,24810760293,"Collagen Thủy Phân Dạng Bột NESTLÉ VITAL PROTEINS Mỹ Hỗ Trợ Làm Đẹp Da,Móng,Tóc 567G",2026-07-03,,"[""""]",1
vn:1145316676:24964694524,vn,1145316676,24964694524,[Quà tặng không bán] Máy uốn tóc VP,2026-07-03,,"[""""]",1
vn:1145316676:25014692248,vn,1145316676,25014692248,[Quà tặng không bán] Khăn choàng tắm bé con voi,2026-07-03,,"[""""]",1
vn:1145316676:25064692961,vn,1145316676,25064692961,[Quà tặng không bán] Bộ mền gối chim cánh cụt,2026-07-03,,"[""""]",1
vn:1145316676:25164682529,vn,1145316676,25164682529,[Quà tặng không bán] Túi đeo chéo máy bay,2026-07-03,,"[""""]",1
vn:1145316676:25164693944,vn,1145316676,25164693944,[Quà tặng không bán] BỘ KHĂN CHOÀNG TẮM BÉ VÀ TÚI KHỦNG LONG,2026-07-03,,"[""""]",1
vn:1145316676:25264697963,vn,1145316676,25264697963,[Quà tặng không bán] Balo con cọp,2026-07-03,,"[""""]",1
vn:1145316676:25411944727,vn,1145316676,25411944727,"[Tặng Máy Uốn Tóc] Collagen Thủy Phân Dạng Bột NESTLÉ VITAL PROTEINS Mỹ Hỗ Trợ Làm Đẹp Da,Móng,Tóc 567G",2026-07-03,,"[""""]",1
vn:1145316676:25414693248,vn,1145316676,25414693248,[Quà tặng không bán] Thùng đồ đa năng,2026-07-03,,"[""""]",1
vn:1145316676:25584202984,vn,1145316676,25584202984,[Quà tặng không bán] Set đồ gấp gọn kèm khăn,2026-07-03,,"[""""]",1
vn:1145316676:25661947997,vn,1145316676,25661947997,"[Tặng Set Túi Giặt Bảo Vệ] Collagen Thủy Phân Dạng Bột NESTLÉ VITAL PROTEINS Mỹ Hỗ Trợ Làm Đẹp Da,Móng,Tóc 284G",2026-07-03,,"[""""]",1
vn:1145316676:25760757038,vn,1145316676,25760757038,Sữa Bột NESTLÉ BOOST OPTIMUM Singapore Bổ Sung Dinh Dưỡng Cho Người Lớn Tuổi,2026-07-03,Phân Loại,"[""800G"", ""400G""]",2
vn:1145316676:25811942299,vn,1145316676,25811942299,Bộ 2 Sữa Bột NESTLÉ BOOST OPTIMUM Singapore Bổ Sung Dinh Dưỡng Cho Người Lớn Tuổi 800G,2026-07-03,Phân loại,"[""Tặng Balo và nón"", ""Tặng Set túi mẹ bé"", ""Không Quà""]",3
vn:1145316676:26229062943,vn,1145316676,26229062943,"Sữa Bột NESTLÉ PEPTAMENJUNIOR Thụy Sĩ Hỗ Trợ Kém Hấp Thu,Giảm Chức Năng Tiêu Hóa 400G",2026-07-03,,"[""""]",1
vn:1145316676:26429048596,vn,1145316676,26429048596,"Sữa Bột NESTLÉ PEPTAMEN Thụy Sĩ Hỗ Trợ Người Kém Hấp Thu,Giảm Chức Năng Tiêu Hóa 400G",2026-07-03,,"[""""]",1
vn:1145316676:26577785819,vn,1145316676,26577785819,[Quà tặng không bán] Set giặt bảo vệ quần áo,2026-07-03,,"[""""]",1
vn:1145316676:26663401389,vn,1145316676,26663401389,Sữa Bột NESTLÉ NUTREN JUNIOR Thụy Sĩ Với Công Thức BIG Hỗ Trợ Tăng Trưởng Cho Bé 800G,2026-07-03,,"[""""]",1
vn:1145316676:26670140794,vn,1145316676,26670140794,[Quà tặng không bán] Quạt kẹp mini NUTREN JUNIOR,2026-07-03,,"[""""]",1
vn:1145316676:26682672239,vn,1145316676,26682672239,Lốc 4 Hộp Sữa Pha Sẵn NESTLÉ NUTREN JUNIOR Thụy Sĩ Công Thức BIG Tăng Trưởng 110ML,2026-07-03,,"[""""]",1
vn:1145316676:26844738635,vn,1145316676,26844738635,[Quà tặng không bán] Lốc 4 Hộp Sữa Pha Sẵn NESTLÉ NUTREN JUNIOR Thụy Sĩ Công Thức BIG Tăng Trưởng 110ML,2026-07-03,,"[""""]",1
vn:1145316676:27127785457,vn,1145316676,27127785457,[Quà tặng không bán] Vĩ nướng kèm nồi lẩu,2026-07-03,,"[""""]",1
vn:1145316676:27229058273,vn,1145316676,27229058273,"Sữa Dinh Dưỡng Y Học NESTLÉ ORAL IMPACT Đức Cho Người Ung Thư,Phẫu Thuật 5 Gói x 74G",2026-07-03,,"[""""]",1
vn:1145316676:27486407238,vn,1145316676,27486407238,[Quà tặng không bán] Nón bảo hiểm (mẫu ngẫu nhiên),2026-07-03,,"[""""]",1
vn:1145316676:27611883214,vn,1145316676,27611883214,Bộ 2 Sữa Bột NESTLÉ NUTREN JUNIOR Thụy Sĩ Với Công Thức BIG Hỗ Trợ Tăng Trưởng Cho Bé 800G,2026-07-03,,"[""""]",1
vn:1145316676:27884205234,vn,1145316676,27884205234,Sữa Bột NESTLÉ NUTREN JUNIOR Thụy Sĩ Với Công Thức BIG Hỗ Trợ Tăng Trưởng Cho Bé 400G,2026-07-03,,"[""""]",1
vn:1145316676:27904398629,vn,1145316676,27904398629,[Quà tặng Không bán] Set túi mẹ bé,2026-07-03,,"[""""]",1
vn:1145316676:28611884248,vn,1145316676,28611884248,Bộ 2 Sữa Bột NESTLÉ NUTREN JUNIOR Thụy Sĩ Với Công Thức BIG Hỗ Trợ Tăng Trưởng Cho Bé 400G,2026-07-03,,"[""""]",1
vn:1145316676:28741775607,vn,1145316676,28741775607,[Quà tặng không bán] Bộ quà thôi nôi,2026-07-03,,"[""""]",1
vn:1145316676:28818600640,vn,1145316676,28818600640,[Quà tặng không bán] Hộp tô màu,2026-07-03,,"[""""]",1
vn:1145316676:28844273090,vn,1145316676,28844273090,Bộ 3 Sữa Bột NESTLÉ NUTREN JUNIOR Thụy Sĩ Với Công Thức BIG Hỗ Trợ Tăng Trưởng Cho Bé 400G,2026-07-03,,"[""""]",1
vn:1145316676:28944224686,vn,1145316676,28944224686,Bộ 4 Lốc 4 Hộp Sữa Pha Sẵn NESTLÉ NUTREN JUNIOR Thụy Sĩ Công Thức BIG Tăng Trưởng 110ML,2026-07-03,,"[""""]",1
vn:1145316676:29026023897,vn,1145316676,29026023897,(Quà Tặng Không Bán) Chảo Chống Dính,2026-07-02,,"[""""]",1
vn:1145316676:29370485469,vn,1145316676,29370485469,[Quà tặng không bán] Gấu trúc ống tre NUTREN JUNIOR,2026-07-03,,"[""""]",1
vn:1145316676:29727782756,vn,1145316676,29727782756,[Quà tặng không bán] Xe Chòi,2026-07-03,,"[""""]",1
vn:1145316676:40067434635,vn,1145316676,40067434635,[Quà tặng không bán] Túi đựng phụ kiện,2026-07-03,,"[""""]",1
vn:1145316676:40072569026,vn,1145316676,40072569026,[Qùa tặng không bán]Túi Tote màu xanh lá (túi ếch) mới,2026-07-03,,"[""""]",1
vn:1145316676:40117408792,vn,1145316676,40117408792,[Quà tặng không bán] Dây Kháng Lực,2026-07-03,,"[""""]",1
vn:1145316676:40931076959,vn,1145316676,40931076959,[MỚI] Bộ 3 Sữa Bột NESTLÉ BOOST GLUCOSE CONTROL Đức Bổ Sung Dinh Dưỡng Người Tiểu Đường 400G,2026-07-03,,"[""""]",1
vn:1145316676:42130599124,vn,1145316676,42130599124,[Quà tặng không bán] Lốc 4 Hộp Sữa Pha Sẵn NESTLÉ NUTREN JUNIOR Thụy Sĩ Công Thức BIG Tăng Trưởng 180ML,2026-07-03,,"[""""]",1
vn:1145316676:42232012026,vn,1145316676,42232012026,"Bộ 3 Collagen Thủy Phân Dạng Bột NESTLÉ VITAL PROTEINS Mỹ Hỗ Trợ Làm Đẹp Da,Móng,Tóc 567G",2026-07-03,,"[""""]",1
vn:1145316676:43058340201,vn,1145316676,43058340201,[Quà tặng không bán] Vali NUTREN JUNIOR,2026-07-03,,"[""""]",1
vn:1145316676:43157122803,vn,1145316676,43157122803,Bộ 2 Thùng 36 Hộp Sữa Pha Sẵn NESTLÉ NUTREN JUNIOR Thụy Sĩ Công Thức BIG Tăng Trưởng 110ML,2026-07-03,,"[""""]",1
vn:1145316676:44377021220,vn,1145316676,44377021220,Thùng 24 Hộp Sữa Pha Sẵn NESTLÉ NUTREN JUNIOR Thụy Sĩ Công Thức BIG Tăng Trưởng 180ML,2026-07-03,,"[""""]",1
vn:1145316676:45212804072,vn,1145316676,45212804072,"Bộ 3 Collagen Thủy Phân Dạng Bột NESTLÉ VITAL PROTEINS Mỹ Hỗ Trợ Làm Đẹp Da,Móng,Tóc 284G",2026-07-03,,"[""""]",1
vn:1145316676:45612809011,vn,1145316676,45612809011,"Bộ 2 Collagen Thủy Phân Dạng Bột NESTLÉ VITAL PROTEINS Mỹ Hỗ Trợ Làm Đẹp Da,Móng,Tóc 284G",2026-07-03,,"[""""]",1
vn:1145316676:45654540269,vn,1145316676,45654540269,Bộ 4 Lốc 4 Hộp Sữa Pha Sẵn NESTLÉ NUTREN JUNIOR Thụy Sĩ Công Thức BIG Tăng Trưởng 180ML,2026-07-03,,"[""""]",1
vn:1145316676:45712795019,vn,1145316676,45712795019,"Bộ 2 Collagen Thủy Phân Dạng Bột NESTLÉ VITAL PROTEINS Mỹ Hỗ Trợ Làm Đẹp Da,Móng,Tóc 567G",2026-07-03,,"[""""]",1
vn:1145316676:45951323803,vn,1145316676,45951323803,"Bộ 2 Sữa Bột NESTLÉ PEPTAMENJUNIOR Thụy Sĩ Hỗ Trợ Kém Hấp Thu,Giảm Chức Năng Tiêu Hóa 400G",2026-07-03,,"[""""]",1
vn:1145316676:46857620541,vn,1145316676,46857620541,Bộ 2 Sữa Bột NESTLÉ BOOST OPTIMUM Singapore Bổ Sung Dinh Dưỡng Cho Người Lớn Tuổi 400G,2026-07-03,,"[""""]",1
vn:1145316676:47260940318,vn,1145316676,47260940318,[MỚI] Sữa Bột NESTLÉ BOOST GLUCOSE CONTROL Đức Bổ Sung Dinh Dưỡng Người Tiểu Đường 400G,2026-07-03,,"[""""]",1
vn:1145316676:47312804000,vn,1145316676,47312804000,"Bộ 4 Collagen Thủy Phân Dạng Bột NESTLÉ VITAL PROTEINS Mỹ Hỗ Trợ Làm Đẹp Da,Móng,Tóc 284G",2026-07-03,,"[""""]",1
vn:1145316676:47408351576,vn,1145316676,47408351576,Bộ 3 Sữa Bột NESTLÉ NUTREN JUNIOR Thụy Sĩ Với Công Thức BIG Hỗ Trợ Tăng Trưởng Cho Bé 800G+2 Lốc 4 hộp sữa pha sẵn 180ML,2026-07-03,,"[""""]",1
vn:1145316676:47857620474,vn,1145316676,47857620474,Bộ 4 Sữa Bột NESTLÉ BOOST OPTIMUM Singapore Bổ Sung Dinh Dưỡng Cho Người Lớn Tuổi 400G,2026-07-03,,"[""""]",1
vn:1145316676:48560929285,vn,1145316676,48560929285,[MỚI] Bộ 2 Sữa Bột NESTLÉ BOOST GLUCOSE CONTROL Đức Bổ Sung Dinh Dưỡng Người Tiểu Đường 400G,2026-07-03,,"[""""]",1
vn:1145316676:48808360600,vn,1145316676,48808360600,Bộ 3 Sữa Bột NESTLÉ NUTREN JUNIOR Thụy Sĩ Với Công Thức BIG Hỗ Trợ Tăng Trưởng Cho Bé 800G+2 Lốc 4 hộp sữa pha sẵn 110ML,2026-07-03,,"[""""]",1
vn:1145316676:49354539673,vn,1145316676,49354539673,Bộ 6 Lốc 4 Hộp Sữa Pha Sẵn NESTLÉ NUTREN JUNIOR Thụy Sĩ Công Thức BIG Tăng Trưởng 180ML,2026-07-03,,"[""""]",1
vn:1145316676:49862259468,vn,1145316676,49862259468,[Quà tặng không bán] Đàn gỗ 8 thanh,2026-07-03,,"[""""]",1
vn:1145316676:51407984307,vn,1145316676,51407984307,"Bộ 3 Sữa Bột NESTLÉ PEPTAMEN Thụy Sĩ Hỗ Trợ Người Kém Hấp Thu,Giảm Chức Năng Tiêu Hóa 400G",2026-07-03,,"[""""]",1
vn:1145316676:51960915243,vn,1145316676,51960915243,[MỚI] Bộ 4 Sữa Bột NESTLÉ BOOST GLUCOSE CONTROL Đức Bổ Sung Dinh Dưỡng Người Tiểu Đường 400G,2026-07-03,,"[""""]",1
vn:1145316676:52257990316,vn,1145316676,52257990316,"Bộ 3 Sữa Bột NESTLÉ PEPTAMENJUNIOR Thụy Sĩ Hỗ Trợ Kém Hấp Thu,Giảm Chức Năng Tiêu Hóa 400G",2026-07-03,,"[""""]",1
vn:1145316676:53306094941,vn,1145316676,53306094941,Bộ 2 Lốc 4 Hộp Sữa Pha Sẵn NESTLÉ NUTREN JUNIOR Thụy Sĩ Công Thức BIG Tăng Trưởng 110ML,2026-07-03,,"[""""]",1
vn:1145316676:53358041887,vn,1145316676,53358041887,"Bộ 2 Sữa Dinh Dưỡng Y Học NESTLÉ ORAL IMPACT Đức Cho Người Ung Thư,Phẫu Thuật 5 Gói x 74G",2026-07-03,,"[""""]",1
vn:1145316676:53562237287,vn,1145316676,53562237287,[Quà tặng không bán] Bộ đồ chơi gỗ giao thông,2026-07-03,,"[""""]",1
vn:1145316676:54658185548,vn,1145316676,54658185548,Bộ 2 Sữa Bột NESTLÉ NUTREN JUNIOR Thụy Sĩ Với Công Thức BIG Hỗ Trợ Tăng Trưởng Cho Bé 800G+Lốc 4 hộp sữa pha sẵn 180ML,2026-07-03,,"[""""]",1
vn:1145316676:54858041814,vn,1145316676,54858041814,"Bộ 3 Sữa Dinh Dưỡng Y Học NESTLÉ ORAL IMPACT Đức Cho Người Ung Thư,Phẫu Thuật 5 Gói x 74G",2026-07-03,,"[""""]",1
vn:1145316676:55004514688,vn,1145316676,55004514688,Bộ 2 Lốc 4 Hộp Sữa Pha Sẵn NESTLÉ NUTREN JUNIOR Thụy Sĩ Công Thức BIG Tăng Trưởng 180ML,2026-07-03,,"[""""]",1
vn:1145316676:55062789130,vn,1145316676,55062789130,"Combo Collagen Thủy Phân Dạng Bột NESTLÉ VITAL PROTEINS Mỹ Hỗ Trợ Làm Đẹp Da,Móng,Tóc 567G & 284G",2026-07-03,,"[""""]",1
vn:1145316676:55708176377,vn,1145316676,55708176377,Bộ 2 Sữa Bột NESTLÉ NUTREN JUNIOR Thụy Sĩ Với Công Thức BIG Hỗ Trợ Tăng Trưởng Cho Bé 800G+Lốc 4 hộp sữa pha sẵn 110ML,2026-07-03,,"[""""]",1
vn:1145316676:55710472577,vn,1145316676,55710472577,[Quà tặng không bán] Túi tote cho mẹ màu kem NESTLÉ,2026-07-03,,"[""""]",1
vn:1145316676:56060464533,vn,1145316676,56060464533,[Quà tặng không bán] Balo Cabybara NESTLÉ,2026-07-03,,"[""""]",1
vn:1145316676:56109950507,vn,1145316676,56109950507,Bộ 3 Sữa Bột NESTLÉ BOOST OPTIMUM Singapore Bổ Sung Dinh Dưỡng Cho Người Lớn Tuổi 800G,2026-07-03,,"[""""]",1
vn:1145316676:56502619005,vn,1145316676,56502619005,Bộ 2 Thùng 24 Hộp Sữa Pha Sẵn NESTLÉ NUTREN JUNIOR Thụy Sĩ Công Thức BIG Tăng Trưởng 180ML,2026-07-03,,"[""""]",1
vn:1145316676:56510469171,vn,1145316676,56510469171,[Quà tặng không bán] Bàn đa năng kèm đồ chơi lắp ráp NESTLÉ,2026-07-03,,"[""""]",1
vn:1145316676:56654032383,vn,1145316676,56654032383,[Quà tặng không bán] Lều du lịch cho bé,2026-07-03,,"[""""]",1
vn:1145316676:56701308093,vn,1145316676,56701308093,"Bộ 2 Sữa Bột NESTLÉ PEPTAMEN Thụy Sĩ Hỗ Trợ Người Kém Hấp Thu,Giảm Chức Năng Tiêu Hóa 400G",2026-07-03,,"[""""]",1
vn:1145316676:57260472404,vn,1145316676,57260472404,[Quà tặng không bán] Bộ Vợt Cầu Lông,2026-07-03,,"[""""]",1
vn:1145316676:57301655172,vn,1145316676,57301655172,Bộ 3 Sữa Bột NESTLÉ NUTREN JUNIOR Thụy Sĩ Với Công Thức BIG Hỗ Trợ Tăng Trưởng Cho Bé 800G,2026-07-03,,"[""""]",1
vn:1145316676:57710464097,vn,1145316676,57710464097,[Quà tặng không bán] Thùng Đồ Chơi Có LEGO NESTLÉ,2026-07-03,,"[""""]",1
vn:1145316676:57906098813,vn,1145316676,57906098813,Bộ 6 Lốc 4 Hộp Sữa Pha Sẵn NESTLÉ NUTREN JUNIOR Thụy Sĩ Công Thức BIG Tăng Trưởng 110ML,2026-07-03,,"[""""]",1
vn:1145316676:58002620314,vn,1145316676,58002620314,Lốc 4 Hộp Sữa Pha Sẵn NESTLÉ NUTREN JUNIOR Thụy Sĩ Công Thức BIG Tăng Trưởng 180ML,2026-07-03,,"[""""]",1
vn:140360136:16189882427,vn,140360136,16189882427,"[CÓ TÚI GIẤY] Bánh Quy Bơ Pháp LU Veritable Petit Beurre, Hộp 600G",2026-07-03,,"[""""]",1
vn:140360136:17591957454,vn,140360136,17591957454,Combo 2 Bánh Socola Pie Oreo Vị Dâu 336g,2026-07-03,,"[""""]",1
vn:140360136:21562941614,vn,140360136,21562941614,[HỎA TỐC] [CÓ TÚI GIẤY] Hộp Thiếc Bánh Quy OREO Tết 2026 Thập Cẩm 393.75g,2026-07-03,,"[""""]",1
vn:140360136:22272121986,vn,140360136,22272121986,"[BAO BÌ GIAO NGẪU NHIÊN] Bánh Xốp Cosy Kinh Đô 2 Trong 1 – Kem Vị Dâu The Lạnh/Kem Vị Dừa Lá Dứa, Combo 3 Gói X 99.8G",2026-07-03,Mùi vị,"[""Vị Dâu"", ""Vị Dừa""]",2
vn:140360136:24297916305,vn,140360136,24297916305,[HỎA TỐC] [CÓ TÚI GIẤY] Hộp Bánh Quy Cosy Tết 2026 Thập Cẩm Vị Socola 315g,2026-07-03,,"[""""]",1
vn:140360136:24779109496,vn,140360136,24779109496,Combo 2 Hộp Bánh Quy Dinh Dưỡng AFC Vị Vị Rau/Lúa Mì/Gà Sả Tắc 172g - LIVE,2026-07-03,Mùi vị,"[""Rau x 2 Hộp"", ""Lúa Mì x 2 Hộp"", ""Gà Sả Tắc x 2 Hộp""]",3
vn:140360136:24906325448,vn,140360136,24906325448,[HỎA TỐC] [CÓ TÚI GIẤY] Hộp Thiếc Bánh Quy OREO Tết 2026 Thập Cẩm 393.75g - LIVE,2026-07-03,,"[""""]",1
vn:140360136:25211554425,vn,140360136,25211554425,Combo 5 Bánh Quy Oreo Với Kem Vị Dâu/Vani/Sôcôla 110.4g,2026-07-03,Phân loại,"[""CB5 Dâu"", ""CB5 Choco"", ""CB5 Vani""]",3
vn:140360136:25656325171,vn,140360136,25656325171,[HỎA TỐC] [CÓ TÚI GIẤY] Hộp Thiếc Bánh Quy OREO Tết 2026 Thập Cẩm 393.75g - LIVE KOL,2026-07-03,,"[""""]",1
vn:140360136:26693594934,vn,140360136,26693594934,[CÓ TÚI GIẤY] Hộp Thiếc Bánh Quy Cosy Tết 2026 Bơ Vị Vani & Marie 408g (Combo 2),2026-07-03,,"[""""]",1
vn:140360136:26963395898,vn,140360136,26963395898,Combo 2 Hộp Bánh Quy Dinh Dưỡng AFC Vị Lúa Mì 172g - LIVE,2026-07-03,Mùi vị,"[""CB2 Lúa Mì"", ""CB2 Rau""]",2
vn:140360136:28243290319,vn,140360136,28243290319,[HỎA TỐC] [CÓ TÚI GIẤY] Hộp Thiếc Bánh Quy Cosy Tết 2026 Bơ Vị Vani & Marie 408g,2026-07-03,,"[""""]",1
vn:140360136:29266899298,vn,140360136,29266899298,[HỎA TỐC] Combo 2 Hộp Bánh Bông Lan Solite Tết 2026 Cuộn Kem Vị Lá Dứa & Vị Dâu 324g,2026-07-03,Hương vị,"[""CB2"", ""CB2 324g""]",2
vn:140360136:29537868294,vn,140360136,29537868294,Combo 2 Lon Bánh Lát Snack Khoai Tây Slide Vị Sò Điệp 145g,2026-07-03,,"[""""]",1
vn:140360136:29793276094,vn,140360136,29793276094,[HỎA TỐC] [CÓ TÚI GIẤY] Hộp Bánh Quy Cosy Tết 2026 Thập Cẩm Vị Bơ Sữa 315g,2026-07-03,,"[""""]",1
vn:140360136:42450739240,vn,140360136,42450739240,[HỎA TỐC] Hộp Bánh Quy Bơ Thập Cẩm Công Thức Pháp LU 180G/320G/540G/720G - LIVE,2026-07-03,Loại,"[""Combo 2 x 180G"", ""320G"", ""540G"", ""720G"", ""600G""]",5
vn:140360136:42675914026,vn,140360136,42675914026,[HỎA TỐC] Combo 2 Hộp Bánh Bông Lan Solite Tết 2026 Cuộn Kem Vị Lá Dứa & Vị Dâu 324g - LIVE,2026-07-03,,"[""""]",1
vn:140360136:45252660052,vn,140360136,45252660052,[Video VC 20%] Thùng 16 Hộp Bánh Quy Dinh Dưỡng AFC Vị Lúa Mì 172g,2026-07-03,,"[""""]",1
vn:140360136:46501725123,vn,140360136,46501725123,Combo 2 Hộp Bánh Quy Bơ Thập Cẩm Công Thức Pháp LU 180G/320G/540G/720G - LIVE HANNAH,2026-07-03,Combo,"[""Combo 2 x 180g"", ""Como 2 x 320g"", ""Combo 2 x 600g"", ""Combo 2 x 720g"", ""Combo 2 x 540g""]",5
vn:140360136:46551403561,vn,140360136,46551403561,Combo 2 Hộp Bánh Bông Lan Solite Tầng Kem Phô Mai 230g,2026-07-03,,"[""""]",1
vn:140360136:47052654690,vn,140360136,47052654690,[Video VC 20%] Thùng 14 Lon Bánh Lát Snack Khoai Tây Slide Vị Kem Chua & Hành 90g,2026-07-03,,"[""""]",1
vn:140360136:47554242165,vn,140360136,47554242165,Combo 2 Lon Bánh Lát Snack Khoai Tây Slide Vị Pizza Sò Điệp Và Bào Ngư 60g,2026-07-03,,"[""""]",1
vn:140360136:48800384019,vn,140360136,48800384019,[HỎA TỐC] Combo 2 Hộp Thiếc Bánh Quy Cosy Tết 2026 Thập Cẩm Sôcôla 135g,2026-07-03,,"[""""]",1
vn:140360136:49001551344,vn,140360136,49001551344,"Bánh Cracker Dinh Dưỡng AFC Vị Rau/Lúa Mì/Gà Sả Tắc/Bò Bít Tết/Tảo Biển, Combo 2 Hộp/3 Hộp/3 Túi - LIVE",2026-07-03,Mùi vị,"[""Rau x 2 Hộp"", ""Lúa Mì x 2 Hộp"", ""Gà Sả Tắc x 2 Hộp"", ""Bò Bít Tết x 3 Hộp"", ""Tảo Biển x 3 Hộp"", ""Lúa Mì 258g x 3 Túi"", ""Rau 258g x 3 Túi""]",7
vn:140360136:49551557295,vn,140360136,49551557295,[CÓ TÚI GIẤY] Hộp Thiếc Bánh Quy OREO Tết 2026 Thập Cẩm 393.75g (Combo 2),2026-07-03,,"[""""]",1
vn:140360136:50803338258,vn,140360136,50803338258,[Video VC 20%] Thùng 28 Lon Bánh Lát Snack Khoai Tây Slide Vị Pizza Sò Điệp Và Bào Ngư 60g,2026-07-03,,"[""""]",1
vn:140360136:51803979562,vn,140360136,51803979562,[GIFT] TÚI ĐEO CHÉO ĐỎ,2026-07-03,,"[""""]",1
vn:140360136:52952634618,vn,140360136,52952634618,[Video VC 20%] Thùng 14 Lon Bánh Lát Snack Khoai Tây Slide Vị Pizza Sò Điệp Và Bào Ngư 145g,2026-07-03,,"[""""]",1
vn:140360136:53203426553,vn,140360136,53203426553,[Video VC 20%] Combo 6 Lon Bánh Lát Snack Khoai Tây Slide Vị Pizza Sò Điệp Và Bào Ngư 60g,2026-07-03,,"[""""]",1
vn:140360136:53507099725,vn,140360136,53507099725,Combo 4 Hộp Bánh Quy Dinh Dưỡng AFC Vị Lúa Mì 172g,2026-07-03,,"[""""]",1
vn:140360136:54951171331,vn,140360136,54951171331,[Video VC 20%] Thùng 24 Hộp Bánh Quy Sữa Cosy Marie 48g,2026-07-03,,"[""""]",1
vn:140360136:55504930342,vn,140360136,55504930342,[GIFT] Bao lì xì tết 2026,2026-07-03,,"[""""]",1
vn:140360136:56603333920,vn,140360136,56603333920,[Video VC 20%] Thùng 28 Lon Bánh Lát Snack Khoai Tây Slide Vị Kem Chua & Hành 60g,2026-07-03,,"[""""]",1
vn:140360136:56804649243,vn,140360136,56804649243,[QUÀ TẶNG KHÔNG BÁN] Gối Oreo Pie,2026-07-03,,"[""""]",1
vn:140360136:57801391961,vn,140360136,57801391961,Bánh Quy Bơ Thập Cẩm Công Thức Pháp LU Hộp 180g/320g/540g/600g/720g - LIVE HANNAH,2026-07-03,Loại,"[""Combo 2 x 180G"", ""320G"", ""540G"", ""720G"", ""600G""]",5
vn:1546895026:24945981060,vn,1546895026,24945981060,Combo 6 hũ kẹo Candy Sing-gum Doublemint hương bạc hà hũ 40 viên,2026-07-03,,"[""""]",1
vn:1546895026:26237445832,vn,1546895026,26237445832,Combo 40 gói kẹo Socola sữa M&M's 14.5g (2 hộp x 20 gói),2026-07-03,,"[""""]",1
vn:1546895026:26287413127,vn,1546895026,26287413127,Combo 6 hộp viên ngậm không đường Doublemint hương bạc hà lục 35 viên,2026-07-03,,"[""""]",1
vn:1546895026:26437445927,vn,1546895026,26437445927,Combo 30 gói kẹo Skittles vị chua 15g x 30 (1 hộp x 30 gói),2026-07-03,,"[""""]",1
vn:1546895026:26839290942,vn,1546895026,26839290942,Combo 2 hũ kẹo Sing-gum Cool Air hương bạc hà - khuynh diệp hũ 90 viên,2026-07-03,,"[""""]",1
vn:1546895026:27387412771,vn,1546895026,27387412771,Combo 6 gói Kẹo Socola Sữa M&M'S 37g - Thức Ăn Vặt Socola - Snack,2026-07-03,,"[""""]",1
vn:1546895026:27440312280,vn,1546895026,27440312280,Combo 30 túi Kẹo trái cây Skittles vị dâu rừng 15g (30 x 15g),2026-07-03,,"[""""]",1
vn:1546895026:27587470891,vn,1546895026,27587470891,Combo 12 Gói kẹo dẻo Skittles Gummies mix vị - 6 gói vị trái cây và 6 gói vị sữa chua trái cây,2026-07-03,,"[""""]",1
vn:1546895026:27937455870,vn,1546895026,27937455870,[DIỆN MẠO MỚI 20 THANH] Combo 2 Hũ kẹo sô cô la nhân đậu phộng Snickers jar 240g (20 thanh x 12g x 2 Hũ),2026-07-03,,"[""""]",1
vn:1546895026:28837455310,vn,1546895026,28837455310,Combo 12 thanh Sô cô la Snickers Hạnh nhân Giảm đường thanh 40g,2026-07-03,,"[""""]",1
vn:1546895026:29637455808,vn,1546895026,29637455808,Hộp 12 Gói kẹo dẻo Skittles vị trái cây Gummies (1 hộp x 12 gói),2026-07-03,,"[""""]",1
vn:1546895026:29737445273,vn,1546895026,29737445273,Combo 6 gói kẹo sô cô la sữa & sô cô la đậu phộng M&M's 90g (90gx3 + 90gx3) socola,2026-07-03,,"[""""]",1
vn:1546895026:29794288663,vn,1546895026,29794288663,Combo 2 Túi Kẹo Sôcôla Đậu Phộng M&M's Funsize (2 túi x 175.5g),2026-07-03,,"[""""]",1
vn:1546895026:40256222778,vn,1546895026,40256222778,[Quà tặng không bán] Kẹo sô cô la M&M'S gói 14.5g,2026-07-03,,"[""""]",1
vn:1546895026:40403991264,vn,1546895026,40403991264,Combo 20 gói Kẹo socola M&M's vị sữa 14.5g,2026-07-03,Dạng sản phẩm,"[""Dây 20 gói"", ""Set quà Tết 1"", ""Set quà Tết 2""]",3
vn:1546895026:40410765498,vn,1546895026,40410765498,Combo 6 hũ Kẹo sing-gum Cool Air hương quả mọng hũ 38 viên,2026-07-03,,"[""""]",1
vn:1546895026:40704001645,vn,1546895026,40704001645,Combo 3 túi Kẹo Socola Snickers Funsize 240g (12 thanh x 3),2026-07-03,,"[""""]",1
vn:1546895026:40924148624,vn,1546895026,40924148624,Combo 6 Kẹo sing-gum không đường Doublemint Refreshers hương trái cây hũ 40g (6 hũ x 40g),2026-07-03,,"[""""]",1
vn:1546895026:40953958491,vn,1546895026,40953958491,Combo 4 Kẹo Sing-Gum Cool Air Fresh Cube - Hương Bạc Hà 40g,2026-07-03,,"[""""]",1
vn:1546895026:40953993210,vn,1546895026,40953993210,Hộp 12 Gói kẹo dẻo Skittles vị sữa chua trái cây Gummies (1 hộp x 12 gói),2026-07-03,,"[""""]",1
vn:1546895026:40954012983,vn,1546895026,40954012983,Combo 30 gói kẹo Skittles vị truyền thống 15g x 30 (1 hộp x 30 gói),2026-07-03,,"[""""]",1
vn:1546895026:40956226958,vn,1546895026,40956226958,[Quà tặng không bán] Túi kẹo Skittles vị truyền thống 15g,2026-07-03,,"[""""]",1
vn:1546895026:41103967860,vn,1546895026,41103967860,Combo 6 hộp viên ngậm không đường Doublemint hương bạc hà hộp 35 viên,2026-07-03,,"[""""]",1
vn:1546895026:41104002530,vn,1546895026,41104002530,[DIỆN MẠO MỚI 20 THANH] Hũ kẹo sô cô la nhân đậu phộng Snickers jar 240g (20 thanh x 12g),2026-07-03,,"[""""]",1
vn:1546895026:41174154230,vn,1546895026,41174154230,Combo 9 thanh kẹo Socola Snickers thanh 35g (3 lốc x 3 thanh),2026-07-03,,"[""""]",1
vn:1546895026:41314469516,vn,1546895026,41314469516,Combo 4 Hũ kẹo Socola M&M's vị sữa 90g,2026-07-03,,"[""""]",1
vn:1546895026:41903964068,vn,1546895026,41903964068,Combo 4 Kẹo Sing-Gum Cool Air Fresh Cube Lemon - Hương Chanh 40g,2026-07-03,,"[""""]",1
vn:1546895026:41910765656,vn,1546895026,41910765656,Combo 2 hũ kẹo Sing-gum Cool Air hương bạc hà - mật ong hũ 90 viên,2026-07-03,,"[""""]",1
vn:1546895026:41961995623,vn,1546895026,41961995623,[DIỆN MẠO MỚI 20 THANH] Combo 2 Hũ kẹo sô cô la nhân đậu phộng Snickers jar 240g (20 thanh x 12g x 2 Hũ) Deal độc quyền,2026-07-03,,"[""""]",1
vn:1546895026:42004001750,vn,1546895026,42004001750,Combo 12 gói kẹo Sô cô la M&M's Crispy giòn 30g (30g x 12 gói),2026-07-03,,"[""""]",1
vn:1546895026:42256214100,vn,1546895026,42256214100,[Quà tặng không bán] Kẹo sô cô la M&M'S gói 37g,2026-07-03,,"[""""]",1
vn:1546895026:42353963055,vn,1546895026,42353963055,Combo 2 hũ Kẹo Skittles Hương Trái Cây hũ 100g Viên kẹo trái cây,2026-07-03,,"[""""]",1
vn:1546895026:42453992470,vn,1546895026,42453992470,Combo 6 hũ kẹo Sing-gum Cool Air Candy hương bạc hà - khuynh diệp hũ 38 viên,2026-07-03,,"[""""]",1
vn:1546895026:42504003370,vn,1546895026,42504003370,[300 gói tặng 30 gói] Combo 3 Túi Kẹo Sing-Gum Cool Air Hương Bạc Hà - Khuynh Diệp Túi (Túi gồm 300+30 Gói x 2 Viên Kẹo),2026-07-03,,"[""""]",1
vn:1546895026:42506217538,vn,1546895026,42506217538,[Quà tặng không bán] Gói kẹo Skittles Gummies 42.5g (vị ngẫu nhiên),2026-07-02,,"[""""]",1
vn:1546895026:42603939824,vn,1546895026,42603939824,[100 gói tặng 10 gói] Kẹo Cao Su Sing-Gum Cool Air Hương Bạc Hà-Khuynh Diệp,2026-07-03,,"[""""]",1
vn:1546895026:42754003144,vn,1546895026,42754003144,Combo 8 Gói kẹo dẻo Skittles Gummies mix vị - 4 gói vị trái cây và 4 gói vị sữa chua trái cây,2026-07-03,,"[""""]",1
vn:1546895026:42924155817,vn,1546895026,42924155817,Combo 15 thanh kẹo Socola Snickers thanh 35g (5 lốc x 3 thanh),2026-07-03,,"[""""]",1
vn:1546895026:43354002232,vn,1546895026,43354002232,Combo 4 Túi Kẹo Candy Sing-Gum Cool Air Hương Bạc Hà - Khuynh Diệp 50 Gói 2 Viên,2026-07-03,,"[""""]",1
vn:1546895026:43378940395,vn,1546895026,43378940395,Combo 3 Túi Kẹo Sôcôla Đậu Phộng M&M's (3 túi x 175.5g),2026-07-03,,"[""""]",1
vn:1546895026:43504006760,vn,1546895026,43504006760,[200 gói tặng 20 gói] Combo 2 Túi Kẹo Sing-Gum Cool Air Hương Bạc Hà - Khuynh Diệp Túi (Túi gồm 200+20 Gói x 2 Viên Kẹo),2026-07-03,,"[""""]",1
vn:1546895026:43553958557,vn,1546895026,43553958557,Combo 4 Túi Viên Ngậm Không Đường Doublemint Hương Bạc Hà Túi 30 Gói 2 Viên,2026-07-03,,"[""""]",1
vn:1546895026:43660765544,vn,1546895026,43660765544,Combo 3 túi Cool Air Bạc Hà Khuynh Diệp 100 gói 2 viên tặng 10 gói (330 gói),2026-07-03,,"[""""]",1
vn:1546895026:43723190354,vn,1546895026,43723190354,[400 gói tặng 40 gói] Combo 4 Túi Kẹo Sing-Gum Cool Air Hương Bạc Hà - Khuynh Diệp,2026-07-03,,"[""""]",1
vn:1546895026:43724143627,vn,1546895026,43724143627,Combo 6 Kẹo sing-gum không đường Doublemint Refreshers hương bạc hà hũ 40g (6 hũ x 40g),2026-07-03,,"[""""]",1
vn:1546895026:43853996444,vn,1546895026,43853996444,Combo 4 gói Socola vị sữa và đậu phộng M&M's 90g,2026-07-03,,"[""""]",1
vn:1546895026:43873199894,vn,1546895026,43873199894,Túi Kẹo Sing-Gum Cool Air Hương Bạc Hà - Khuynh Diệp Túi (1 Túi gồm 100+10 Gói x 2 Viên Kẹo),2026-07-03,Túi,"[""1 Túi"", ""2 Túi"", ""3 Túi"", ""4 Túi""]",4
vn:1546895026:43908659602,vn,1546895026,43908659602,Combo 6 Túi Viên Ngậm Không Đường Doublemint Hương Bạc Hà Túi 30 Gói 2 Viên,2026-07-03,,"[""""]",1
vn:1546895026:44010762458,vn,1546895026,44010762458,Combo 6 hũ Kẹo sing-gum Cool Air hương bạc hà - mật ong hũ 38 viên,2026-07-03,,"[""""]",1
vn:1546895026:44453968539,vn,1546895026,44453968539,Combo 4 hũ kẹo Sing-gum Cool Air hương bạc hà - mật ong - chanh hũ 40 viên,2026-07-03,,"[""""]",1
vn:1546895026:44756561137,vn,1546895026,44756561137,Túi Kẹo Sôcôla đậu phộng M&M's Funsize 175.5g,2026-07-03,,"[""""]",1
vn:1546895026:45411169119,vn,1546895026,45411169119,Túi Kẹo sôcôla sữa M&M's Funsize 175.5g,2026-07-03,,"[""""]",1
vn:1546895026:45653530450,vn,1546895026,45653530450,Túi kẹo Sôcôla nhân đậu phộng Snickers MINIs 80g (8 thanh x 10g),2026-07-03,,"[""""]",1
vn:1546895026:47500854563,vn,1546895026,47500854563,Combo 6 Hũ kẹo sing-gum không đường Doublemint Refreshers mix vị - 3 hũ hương trái cây và 3 hũ hương bạc hà,2026-07-03,,"[""""]",1
vn:1546895026:47602953145,vn,1546895026,47602953145,Combo gồm 2 Hộp kẹo Socola Snickers Funsize (2 Hộp x 240g),2026-07-03,,"[""""]",1
vn:1546895026:48207825412,vn,1546895026,48207825412,[Quà tặng không bán] Gói Kẹo Sôcôla M&M's Crispy Siêu Giòn 30g,2026-07-03,,"[""""]",1
vn:1546895026:48553233793,vn,1546895026,48553233793,Combo 4 Hộp Kẹo Socola Snickers Funsize 240g (12 thanh x 4 hộp),2026-07-03,,"[""""]",1
vn:1546895026:49507285464,vn,1546895026,49507285464,[Quà tặng không bán] Hũ Kẹo sing-gum Cool Air 38 viên,2026-07-03,,"[""""]",1
vn:1546895026:50259287600,vn,1546895026,50259287600,"[MỚI RA MẮT] Combo 4 Gói Kẹo Sing-gum Cool Air Hương Bạc hà siêu the mát gói 159,5g",2026-07-03,,"[""""]",1
vn:1546895026:50553501041,vn,1546895026,50553501041,Combo 3 Túi kẹo Sôcôla nhân đậu phộng Snickers MINIs 80g (3 hộp x 8 thanh),2026-07-03,Số lượng,"[""Combo 3"", ""Combo 4""]",2
vn:1546895026:51209278351,vn,1546895026,51209278351,"[MỚI RA MẮT] Combo 6 Hũ Kẹo Sing-gum Cool Air Hương Bạc hà siêu the mát (6 hũ x 55,4g)",2026-07-03,,"[""""]",1
vn:1546895026:51351130220,vn,1546895026,51351130220,[Quà tặng không bán] Kẹo sing-gum không đường Doublemint Refreshers hương bạc hà hũ 40g,2026-07-02,,"[""""]",1
vn:1546895026:51503929626,vn,1546895026,51503929626,[Quà tặng không bán] Hộp Kẹo Socola Snickers 240g (12 thanh x 20g),2026-07-03,,"[""""]",1
vn:1546895026:52952410397,vn,1546895026,52952410397,[Quà tặng không bán] Gấu bông M&M's màu xanh,2026-07-03,,"[""""]",1
vn:1546895026:53459274550,vn,1546895026,53459274550,"[MỚI RA MẮT] Combo 6 Hũ Kẹo Sing-gum Cool Air Hương Nho siêu the mát (6 hũ x 55,4g)",2026-07-03,,"[""""]",1
vn:1546895026:54161331719,vn,1546895026,54161331719,Combo 3 gói kẹo Skittles Funsize vị truyền thống 150g x 3,2026-07-03,,"[""""]",1
vn:1546895026:54552410475,vn,1546895026,54552410475,[Quà tặng không bán] Gấu bông M&M's màu đỏ,2026-07-03,,"[""""]",1
vn:1546895026:55906777440,vn,1546895026,55906777440,Combo 6 Gói Kẹo Sôcôla đậu phộng M&M's 37g,2026-07-03,,"[""""]",1
vn:1546895026:56261839007,vn,1546895026,56261839007,[MỚI RA MẮT] Combo Kẹo Sing-gum Cool Air siêu the Mát Hương Bạc Hà/Nho,2026-07-03,Loại,"[""6 hũ hương Bạc Hà"", ""6 hũ hương Nho"", ""4 gói hương Bạc Hà""]",3
vn:1546895026:56651801332,vn,1546895026,56651801332,Combo 3 hộp Kẹo Socola Snickers Funsize 240g (12 thanh x 3),2026-07-03,Số lượng,"[""Combo 3 hộp (240gx3)"", ""1 hộp 240g""]",2
vn:1546895026:57156774210,vn,1546895026,57156774210,[PHIÊN BẢN MARVEL] Combo 3 Gói Kẹo Sôcôla Sữa M&M's 90g,2026-07-03,,"[""""]",1
vn:173513432:10308626576,vn,173513432,10308626576,[Tặng Quạt Cầm Tay] Thùng 72 Bánh (6 bánh/túi x 12 túi/thùng) Karo Richy Trứng Tươi Chà Bông & Hoàng Kim Phô Mai,2026-07-03,Vị,"[""Chà Bông"", ""Phô Mai"", ""Mix 2 vị""]",3
vn:173513432:10808120998,vn,173513432,10808120998,[GIAO NHANH] [Quà Tặng Đơn 129k] Bánh gạo Richy Jinju Gold hương vị Ganjang mật ong 100g,2026-07-03,Số Lượng,"[""1 Túi 100g"", ""3 Túi x 100g""]",2
vn:173513432:11562223451,vn,173513432,11562223451,"[Tặng Quạt Đơn 250k] Combo 3 Gói Bánh Gạo Richy Jinju Các Vị: Mật Ong, Muối Hồng, Cốm Sữa, Bò Tiêu",2026-07-03,Hương vị,"[""Bò+Cốm sữa+Mật ong"", ""Bò+Muối hồng+Mật ong"", ""Cốm+Muối hồng+Mậtong"", ""Bò+Cốm+Muối hồng"", ""3 gói mật ong"", ""3 gói muối hồng"", ""3 gói bò tiêu"", ""3 gói cốm sữa""]",8
vn:173513432:12133151466,vn,173513432,12133151466,[GIAO NHANH] [Mua 3 Tặng 1 Quạt] Combo 2 Túi Bánh Yến Mạch Richy Oatmeal Vị Sữa (250gr/túi),2026-07-03,,"[""""]",1
vn:173513432:12993802768,vn,173513432,12993802768,"[Tặng Quạt Cầm Tay] Thùng Bánh RICHY Karo 3 vị (12 bịch /thùng): 5 Karo Sợi Gà Truyền Thống, 5 Karo Hoàng Kim & 2 Gấu",2026-07-03,,"[""""]",1
vn:173513432:14158683593,vn,173513432,14158683593,[Tặng Quạt Đơn 180k] Combo 2-3 Hộp Bánh Richy KENJU Kem Dẻo 279g,2026-07-03,Số lượng,"[""2 Hộp 279g"", ""3 hộp 279g""]",2
vn:173513432:14728068605,vn,173513432,14728068605,"[MUA 1 TẶNG 1, MUA 2 TẶNG 2,..- HSD Tháng 9-Tháng 11/2026] Kẹo Crown Hoa Quả HG 220G",2026-07-03,Hương Vị,"[""Hộp Hồng"", ""Hộp Xanh""]",2
vn:173513432:16604448221,vn,173513432,16604448221,[Tặng Quạt Đơn 180k] Bánh Quy Richy KenJu Giòn Kem Dẻo 279gr,2026-07-03,,"[""""]",1
vn:173513432:16926501740,vn,173513432,16926501740,[Quà Tặng Đơn 180k] Bánh Richy Kenju Quy Hành Kem Dẻo Túi 186g,2026-07-03,Số lượng,"[""1 Túi kenju kem dẻo"", ""Combo 2 túi kem dẻo"", ""Combo 2 mix rau củ"", ""Combo 2 mix tôm""]",4
vn:173513432:18348435785,vn,173513432,18348435785,[GIAO NHANH] [Mua 3 Tặng 1 Quạt] Combo 2 Bánh Yến Mạch Richy 2 vị (Sữa & Phô Mai),2026-07-03,Combo 2 gói,"[""2 túi yến mạch sữa"", ""2 túi yếnmạch phomai"", ""2 túi mix vị""]",3
vn:173513432:19443108444,vn,173513432,19443108444,[Tặng Quạt Đơn 250k] Combo 2 Túi Bánh gạo Jinju vị Muối Hồng Himalaya 135g,2026-07-03,Số Lượng,"[""1 Túi"", ""Combo 2 Túi"", ""Combo 3 Túi""]",3
vn:173513432:19452107845,vn,173513432,19452107845,[GIAO NHANH] [Mua 3 Tặng 1 Quạt] Bánh Yến Mạch Richy Oatmeal - Vị phô mai 220g,2026-07-03,,"[""""]",1
vn:173513432:20085751465,vn,173513432,20085751465,[Tặng Quạt Đơn 180k] [BAO BÌ MỚI!!!] Bánh Quy Kenju Richy Vị Rau Củ - Túi 192g,2026-07-03,Số lượng,"[""1 Túi x 192g"", ""Combo 2 Túi x 192g"", ""2 Túi mix rau+tôm""]",3
vn:173513432:20582995872,vn,173513432,20582995872,[QUÀ TẶNG KHÔNG BÁN] Bánh yến mạch Richy vị ngẫu nhiên túi nhỏ 35-40g,2026-07-03,Vị,"[""Yến mạch vị sữa 40g"", ""COMBO 2 TÚI"", ""COMBO 3 TÚI"", ""COMBO 4 TÚI"", ""COMBO 5 TÚI"", ""yến mạch vị pm 35g"", ""Yến mạch sữa 250g"", ""Yến mạch pm 220g""]",8
vn:173513432:20886958783,vn,173513432,20886958783,"[Tặng Quạt Cầm Tay] Combo 4 Túi Bánh Quy Richy Kenju Mix Các Vị: Kenju 2 Lớp [MỚI], Kem Dẻo, Rau Củ",2026-07-03,Mix vị,"[""Mix vị""]",1
vn:173513432:21071014781,vn,173513432,21071014781,[GIAO NHANH] [Mua 3 Tặng 1 Quạt] Combo 2 Túi Yến Mạch Richy mini bite vị Phô Mai 220g,2026-07-03,Số lượng,"[""2 túi vị phô mai MỚI""]",1
vn:173513432:21152589941,vn,173513432,21152589941,[GIAO NHANH] [Mua 3 Tặng 1 Quạt] Bánh Yến mạch Richy túi 220g 250g Mini Bite (Sữa/Phô Mai),2026-07-03,Hương vị,"[""Sữa"", ""Phô Mai""]",2
vn:173513432:22287585993,vn,173513432,22287585993,[GIAO NHANH] [Tặng Quạt Cầm Tay] Combo 3 túi bánh yến mạch Oatmeal Richy túi to 220g-250g,2026-07-03,Vị,"[""Combo 3 yến mạch Sữa"", ""Combo 3 yến mạch PM"", ""Combo 2 sữa 1 phomai"", ""Combo 1 sữa 2 phomai""]",4
vn:173513432:23244384737,vn,173513432,23244384737,[Quà Tặng Đơn 129k] Combo 2 Túi Bánh Mì Hoa Cúc Ngàn Lớp Fe'sta Richy 3 Bánh/Túi,2026-07-03,Combo,"[""Combo 2 gói bơ trứng"", ""Combo 2 vị việt quất"", ""Combo 2 vị mix""]",3
vn:173513432:23362087945,vn,173513432,23362087945,[Quà Tặng Đơn 129k] [SẴN HÀNG - GIAO NHANH] Combo 6 Túi Bánh Mì Hoa Cúc Ngàn Lớp Fe'sta Richy - HSD 30 ngày,2026-07-03,Loại,"[""Combo 6 túi [MỚI]""]",1
vn:173513432:23462048809,vn,173513432,23462048809,[Tặng Quạt Đơn 180k] Combo 3 túi bánh quy mỏng giòn Kenju Richy 192g/túi 2 vị rau củ [BAO BÌ MỚI],2026-07-03,Vị,"[""3 gói rau củ"", ""1 rau củ 2 tôm"", ""2 rau củ 1 tôm"", ""3 gói tôm mới"", ""3 túi mix""]",5
vn:173513432:23586025018,vn,173513432,23586025018,[GIAO NHANH] [Quà Tặng Đơn 129k] Combo 3 túi bánh mì hoa cúc ngàn lớp Festa Richy - Date 30 ngày [3 bánh/túi],2026-07-03,Combo,"[""3 Túi vị nguyên bản""]",1
vn:173513432:23962091148,vn,173513432,23962091148,[GIAO NHANH] [Quà Tặng Đơn 129k] Combo 4 Túi Bánh Tươi Karo Trứng Chà Bông- Phô Mai Hoàng Kim Richy - HSD 45 Ngày,2026-07-03,Hương vị,"[""3 kenju + karo 2 vị"", ""3 kenju + karo đỏ"", ""3 kenju + karo cam"", ""Combo 4 túi sợi gà"", ""Combo 4 túi phô mai"", ""Combo mix gà+phô mai""]",6
vn:173513432:24084421467,vn,173513432,24084421467,[GIAO NHANH] [Tặng Quạt Cầm Tay] Combo 3 Túi Bánh Yến Mạch Richy Oatmilk Túi 220-250gr,2026-07-03,Combo,"[""3 túi ym sữa"", ""3 túi ym phomai"", ""2 túi sữa 1 túi pm"", ""1 túi sữa 2 túi pm""]",4
vn:173513432:24382925488,vn,173513432,24382925488,"[GIAO NHANH] [Quà Tặng Đơn 129k] Combo 4 Bịch Bánh Tươi Richy: Karo Sợi Gà,Phô mai,Gấu Chà Bông & Bánh Mì Hoa Cúc",2026-07-03,HƯƠNG VỊ,"[""2karo1hoacúc1gấumới"", ""2 karo 2 gấu mix"", ""4 Gói Karo cam"", ""4 Gói Karo đỏ"", ""Mix 2 đỏ+2 cam"", ""24 Gói Sợi Gà"", ""24 Gói Phô Mai HK"", ""24 Gói Mix Vị"", ""2 karo đỏ+2 gấu"", ""2 karo cam+2 gấu"", ""Karo:1đỏ+1cam+2gấu"", ""1đỏ1cam1gấu1hoacúc""]",12
vn:173513432:24602539331,vn,173513432,24602539331,[QUÀ TẶNG KHÔNG BÁN] Bánh quy chấm Wismo socola dâu ly 35g,2026-07-03,,"[""""]",1
vn:173513432:24743454213,vn,173513432,24743454213,[GIAO NHANH] [Tặng Quạt Cầm Tay] Combo 3 túi bánh yến mạch Oatmeal Richy 220g-250g,2026-07-03,Hương vị,"[""Combo 3 gói Đỏ"", ""Combo 3 gói Cam"", ""Combo 1 Đỏ 2 Cam"", ""Combo 2 Đỏ 1 Cam""]",4
vn:173513432:25532918156,vn,173513432,25532918156,[Quà Tặng Đơn 129k] Combo 4 Bịch Bánh Tươi KARO Hoàng Kim Richy (26g/chiếc),2026-07-03,,"[""""]",1
vn:173513432:25907552758,vn,173513432,25907552758,[Tặng Quạt Đơn 180k] Combo 2-3 Hộp Bánh Richy Kenju Kem Dẻo Nougat 279g/hộp,2026-07-03,Combo,"[""2 Hộp 279g"", ""3 Hộp 279g""]",2
vn:173513432:27231816576,vn,173513432,27231816576,"[Quà Tặng Đơn 129k] Combo 4 bánh Karo Richy gốm 2 bịch bánh Karo bơ trứng giòn 150g và 2 bịch bánh Karo phô mai, sợi gà",2026-07-03,Hương vị,"[""2 bơ giòn +2 túi Đỏ"", ""2 bơ giòn+2 túi Cam"", ""2 bơ giòn +2 mix vị""]",3
vn:173513432:27434676228,vn,173513432,27434676228,"[Quà Tặng Đơn 129k] Combo 5 Bánh Tươi Karo Richy: Karo Sợi Gà, Karo Hoàng Kim, Karo Gấu & 2 Bánh Mì Hoa Cúc",2026-07-03,,"[""""]",1
vn:173513432:27985775105,vn,173513432,27985775105,[QUÀ TẶNG KHÔNG BÁN] Wismo bánh que giòn 3 vị hộp 22g - Tặng vị ngẫu nhiên,2026-07-03,Vị,"[""Vị ngẫu nhiên 1"", ""Vị ngẫu nhiên 2"", ""Vị ngẫu nhiên 3""]",3
vn:173513432:28334687948,vn,173513432,28334687948,[Quà Tặng Đơn 129k] Combo 6 Túi Bánh Tươi RICHY: Karo Phô Mai & Bánh Mì Hoa Cúc,2026-07-03,,"[""""]",1
vn:173513432:28483011477,vn,173513432,28483011477,[Quà Tặng Đơn 129K] Combo 3 Túi Bánh Mì Sandwich Khoai Tây Fresta - HSD 20 Ngày Kể Từ NSX,2026-07-03,Số lượng,"[""1 Túi"", ""2 Túi"", ""3 Túi"", ""5 Túi""]",4
vn:173513432:28534686552,vn,173513432,28534686552,[GIAO NHANH] [Quà Tặng Đơn 129k] Combo 4 Túi Bánh Tươi Festa Hoa Cúc Ngàn Lớp 2 Vị,2026-07-03,Vị,"[""4 bánh trứng bơ sữa"", ""4 bánh việt quất"", ""mix 2 vị""]",3
vn:173513432:28993550912,vn,173513432,28993550912,"[Mua 1 Tặng 1, Mua 2 Tặng 2,...] Combo 2 Hộp/Túi Kẹo Dẻo Vị Trái Cây Richy 4D Fruit Gummy 2 Vị Xoài & Đào",2026-07-03,Hương Vị,"[""Xoài"", ""Đào""]",2
vn:173513432:2906940093,vn,173513432,2906940093,[Tặng Quạt Đơn 250k] Bánh gạo Richy Hàn Quốc gói - 303g,2026-07-03,Số lượng,"[""1 Túi 303g"", ""Combo 3 Túi x 303g""]",2
vn:173513432:2907143507,vn,173513432,2907143507,[GIAO NHANH] [Mua 3 Tặng 1 Quạt] Bánh Yến mạch Richy Oatmeal Túi 250g New,2026-07-03,Vị,"[""1 yến mạch Sữa (new)""]",1
vn:173513432:29084761656,vn,173513432,29084761656,"[Quà Tặng Đơn 129k] Combo 4 Bịch Bánh Tươi Karo Richy: Karo Chà Bông Sợi Gà, Karo Phô Mai, Karo Gấu & Bánh Mì Hoa Cúc",2026-07-03,Vị,"[""2 đỏ 1 cam 1 hoa cúc"", ""1 đỏ 2 cam 1 hoa cúc"", ""2 đỏ 1 cam 1 gấu"", ""1 đỏ 2 cam 1 gấu"", ""1 cam 1 gấu 2 hoacúc"", ""mix 4 vị"", ""1 đỏ 1 gấu 2 hoacúc""]",7
vn:173513432:29160911160,vn,173513432,29160911160,[Tặng Quạt Đơn 180k] Combo 3 Bánh Richy Kenju Kem Dẻo 186gr,2026-07-03,,"[""""]",1
vn:173513432:29260645058,vn,173513432,29260645058,"[Quà Tặng Đơn 129k] [SẴN HÀNG-GIAO NHANH] Combo 3-4 bịch bánh Richy Karo Gấu - Chà Bông [MỚI], Gấu Phô Mai",2026-07-03,Số lượng,"[""3 gấu chà bông [MỚI]"", ""Combo 4 gấu mix[MỚI]"", ""Combo 3 bịch"", ""Combo 4 bịch""]",4
vn:173513432:29286722160,vn,173513432,29286722160,[Tặng Quạt Đơn 180k] Bánh Quy Kenju Richy Vị Tôm Giòn Rụm Túi 192g,2026-07-03,,"[""""]",1
vn:173513432:29860616056,vn,173513432,29860616056,[Quà Tặng Đơn 129k] [GIAO NHANH] Bánh Karo Chà Bông Hình Gấu Richy-Bánh Trứng Tươi Chà Bông [MỚI]/ Nhân Phô Mai HSD 45N,2026-07-03,trọng lượng,"[""Gấu chà bông -5 bánh"", ""Combo 2 gấu chà bông"", ""Combo 2 túi mix"", ""Bịch 2 gói (4 bánh)"", ""Bịch 4 gói (8 bánh)"", ""Combo 2 gấu phô mai""]",6
vn:173513432:2989938577,vn,173513432,2989938577,"[GIAO NHANH] [Quà Tặng Đơn 129k] Combo 2 Bịch Bánh Richy Karo Hoàng Kim Phô Mai, Sợi Gà Truyền Thống & Trứng Sữa",2026-07-03,Phân Loại,"[""2 Karo chà bông"", ""2 Karo hoàng kim"", ""2 karo mix vị"", ""2 Karo Sữa""]",4
vn:173513432:3100009305,vn,173513432,3100009305,"[Mua 3 Tặng 1, Mua 6 Tặng 2,...] Combo 2-3 Khay Bánh Richy Peppie 360g Vị Vani Cốm, Vị Lá Dứa & Vị Dừa",2026-07-03,Số lượng,"[""Combo 2 khay vani"", ""Combo 3 khay vani"", ""Combo 3 khay mix vị""]",3
vn:173513432:4003153275,vn,173513432,4003153275,"[Quà Tặng Đơn 129k] Kẹo Richy LOT100 Vị Xoài, Tổng Hợp gói 150g, 320g",2026-07-03,Vị,"[""Tổng hợp"", ""Vị xoài""]",2
vn:173513432:40662233042,vn,173513432,40662233042,[Quà Tặng Đơn 129k] Combo 6 Bánh Tươi Karo Richy 2 Vị - HSD 45 Ngày,2026-07-03,Vị,"[""6 túi chà bông"", ""6 túi hoàng kim"", ""3 đỏ + 3 cam""]",3
vn:173513432:40752936468,vn,173513432,40752936468,[Tặng Quạt Đơn 180k] Combo 2-3 Hộp Bánh Quy Kenju Richy Vị Rau Củ - Hộp 288g,2026-07-03,Số Lượng,"[""2 Hộp 288g"", ""3 Hộp 288g""]",2
vn:173513432:4204384892,vn,173513432,4204384892,[GIAO NHANH] [Quà Tặng Đơn 129k] Combo 4 Túi - Tổng 24 chiếc Bánh Tươi Richy KARO (26g * 6 chiếc/ túi),2026-07-03,Phân loại,"[""2 karo 2 gấu mix"", ""24c Karo chà bông"", ""24c Karo Hoàng Kim"", ""24c Mix 2 vị"", ""Combo 4 túi đỏ"", ""Combo 4 túi cam"", ""3 kenju + 4 karo Đỏ"", ""3 kenju + 4 karo cam"", ""3 kenju + 4 karo 2vi"", ""Combo 2 đỏ 2 cam""]",10
vn:173513432:42201666917,vn,173513432,42201666917,"[MUA 1 TẶNG 1| HSD: T12/2026] Bánh Richy Kenju Giòn Vị Trà Sữa & Đậu Nành Mè Đen, Rau, Karo Bơ Trứng Giòn Hộp 120g,168g",2026-07-03,Hương Vị,"[""Đậu Nành Mè Đen"", ""Trà Sữa"", ""Mix Vị"", ""Bơ Trứng Giòn"", ""Rau Củ""]",5
vn:173513432:42262241242,vn,173513432,42262241242,[Quà Tặng Đơn 129k] Combo 5 Bánh Tươi Karo Richy 2 Vị: Sợi Gà Truyền Thống & Hoàng Kim Phô Mai - HSD 45 Ngày,2026-07-03,Vị,"[""5 túi chà bông -đỏ"", ""5 túi hoàng kim -cam"", ""3 đỏ 2 cam"", ""2 đỏ 3 cam""]",4
vn:173513432:43301375038,vn,173513432,43301375038,[Tặng Quạt Đơn 180k] Combo 3 Túi Bánh Quy Richy Kenju Vị Tôm Mới Giòn Rụm 192g,2026-07-03,,"[""""]",1
vn:173513432:44080976527,vn,173513432,44080976527,[QUÀ TẶNG KHÔNG BÁN] Combo 2 quà tặng ngẫu nhiên,2026-07-03,Loại,"[""2 yến mạch mini bite""]",1
vn:173513432:44861538023,vn,173513432,44861538023,[QUÀ TẶNG KHÔNG BÁN] Quạt Cầm Tay Mini 100 Mức Độ Gió Siêu Mát Độc Quyền Richy Kỉ Niệm 25 Năm - Tặng Màu Ngẫu Nhiên,2026-07-03,,"[""""]",1
vn:173513432:45712735406,vn,173513432,45712735406,"[Quà Tặng Không Bán] Hộp Bánh Giòn Các Vị 120g: Trà Sữa, Đậu Nành Mè, Bơ Trứng Giòn",2026-07-03,Vị,"[""Đầu Nành Mè"", ""Trà Sữa"", ""Bơ Trứng Giòn"", ""Rau Củ 168g""]",4
vn:173513432:4581436119,vn,173513432,4581436119,"[Quà Tặng Đơn 129k] Combo 4 Bịch Bánh Tươi Richy Karo Mix Vị:Sợi Gà,Phô Mai & 2 Karo Gấu",2026-07-03,Vị,"[""1 đỏ 1 cam 2 gấu mix"", ""2 cam 2 gấu mix"", ""2 đỏ 2 gấu mix"", ""2 Đỏ 2 Gấu"", ""2 Cam 2 Gấu"", ""1 Đỏ 1 Cam 2 Gấu""]",6
vn:173513432:47713181860,vn,173513432,47713181860,"[Mua 1 Tặng 1, Mua 2 Tặng 2,..HSD: T11/2026] Bánh Quy Giòn Cracker Richy Kenju Vị Đậu Nành Mè, Trà Sữa Hộp 288g",2026-07-03,Vị,"[""Trà Sữa"", ""Đậu Nành Mè""]",2
vn:173513432:49460866050,vn,173513432,49460866050,[Tặng Quạt Đơn 250k] Thùng/Hộp 18-32 Bánh Tươi NGON Combo Richy Fresh Box Mix Vị Karo Fe'sta,2026-07-03,Combo,"[""Combo 18 Bánh (g)"", ""Combo 18 Bánh (hk)"", ""Combo 22 Bánh"", ""Combo 32 Bánh""]",4
vn:173513432:4980351726,vn,173513432,4980351726,"[GIAO NHANH] [Quà Tặng Đơn 129k] Bánh Karo Richy Vị Phô Mai Hoàng Kim, Trứng Tươi Chà Bông & Trứng Sữa",2026-07-03,Vị,"[""Phô Mai Hoàng Kim"", ""Chà Bông - Gói Đỏ"", ""Trứng Sữa (mới)""]",3
vn:173513432:5103153786,vn,173513432,5103153786,"[Quà Tặng Đơn 129k] Kẹo dẻo Richy LOT 100 gói 150g,320g, hộp 225g 2 Vị Xoài & Vị Tổng Hợp",2026-07-03,Hương Vị,"[""Xoài"", ""Tổng Hợp""]",2
vn:173513432:5204384448,vn,173513432,5204384448,[GIAO NHANH] [Quà Tặng Đơn 129k] Bánh Tươi Richy KARO Bịch 6 Chiếc (26g/chiếc),2026-07-03,Vị,"[""Sợi Gà Truyền Thống"", ""Vị Sữa Mới Ra Mắt"", ""Hoàng Kim Phô Mai""]",3
vn:173513432:54804951793,vn,173513432,54804951793,[Tặng Quạt Cầm Tay] Combo 2-3 Túi Bánh Quy Giòn Kenju 2 Lớp Vị Gà Phô Mai Nướng x 216g/túi (16 gói),2026-07-03,Số lượng,"[""1 túi"", ""Combo 2 túi"", ""Combo 3 túi""]",3
vn:173513432:54861515567,vn,173513432,54861515567,"[MUA 1 TẶNG 1 Vị Ngẫu Nhiên - HSD:T10/2026] Kẹo Crown Hoa Quả Túi 284g Nhập Khẩu Hàn Quốc Vị Dâu Đào, Vải Đào, Xoài Dưa",2026-07-03,Hương Vị,"[""Vải Đào"", ""Dâu Đào"", ""Xoài Dưa""]",3
vn:173513432:5563532430,vn,173513432,5563532430,[Quà Tặng Đơn 129k] [BAO BÌ MỚI] Combo 2 Túi Bánh Karo Richy Bơ Trứng Giòn 150g,2026-07-03,Số lượng,"[""1 túi x 150g"", ""2 túi x 150g""]",2
vn:173513432:56012087788,vn,173513432,56012087788,"[Mua 1 Tặng 1, Mua 2 Tặng 2,...-HSD: Tháng 12/2026] Bánh Que Giòn Richy Wismo Hộp 400g (20 gói/hộp) Vị Vani/Dâu/Socola",2026-07-03,Vị,"[""Vị Vani"", ""Vị Socola"", ""Vị Dâu"", ""Vani + Dâu"", ""Dâu + Socola"", ""Vani + Socola""]",6
vn:173513432:5701081609,vn,173513432,5701081609,"[QUÀ TẶNG KHÔNG BÁN] Bánh gạo Richy mật ong, cốm, muối hồng, bò tiêu",2026-07-03,Vị,"[""Jinju mật ong"", ""Jinju cốm sữa"", ""Jinju bò nướng tiêu"", ""jinju muối hồng"", ""Jinju mật ong 168g""]",5
vn:173513432:58010293888,vn,173513432,58010293888,"[Mua 1 Tặng 1, Mua 2 Tặng 2,..] Hộp/Túi Kẹo Dẻo Vị Trái Cây Richy 4D Fruit Gummy 2 Vị Xoài & Đào",2026-07-03,Hương Vị,"[""Vị Xoài"", ""Vị Đào""]",2
vn:173513432:5942380457,vn,173513432,5942380457,"[Quà Tặng Đơn 250k] Bánh Gạo JINJU RICHY Vị Bò Nướng Tiêu Gói 134,4g",2026-07-03,Số Lượng,"[""1 túi 134g"", ""Combo 2 Túi x 134g"", ""Combo 3 Túi x 134g""]",3
vn:173513432:6147372534,vn,173513432,6147372534,"[Tặng Quạt Cầm Tay] [GIAO NHANH] Thùng 48 Bánh Trứng Tươi Chà Bông, Hoàng Kim Phô Mai Karo Richy 26g/gói (8 bịch)",2026-07-03,Vị,"[""Trứng Tươi Chà Bông"", ""Hoàng Kim Phô Mai"", ""Mix Vị""]",3
vn:173513432:8323910362,vn,173513432,8323910362,[Tặng Quạt Đơn 250k] Bánh Gạo JINJU RICHY vị Cốm Sữa 145g,2026-07-03,Số lượng,"[""1 túi x 145g"", ""Combo 2 túi x145g"", ""Combo 3 túi x 145g""]",3
vn:173513432:9048796121,vn,173513432,9048796121,"[Quà Tặng Đơn 129k] [GIAO NHANH] Combo 5 Bịch Bánh Tươi Richy Karo:Chà Bông Sợi Gà,Phô mai Hoàng Kim,Gấu [MỚI], Bánh Mì",2026-07-03,Combo,"[""5 Karo Gà"", ""5 Karo Phô Mai"", ""Combo 5 Mix Hoa Cúc"", ""Combo 5 Mix Gấu Mới"", ""5 Karo Gấu - Mới"", ""2 Karo Gà 3 Phô Mai"", ""3 Karo Gà 2 Phô Mai"", ""5 Hoa Cúc"", ""5 Karo Gấu Phô Mai""]",9
vn:213989179:12497286603,vn,213989179,12497286603,Combo Mix 6 Kẹo Cứng Migita Gừng và Quế Bibica 70g,2026-07-03,,"[""""]",1
vn:213989179:13195531450,vn,213989179,13195531450,"Kẹo Dẻo Zoo Monster Bibica 24g, 96g",2026-07-03,Phân loại,"[""Combo 10 túi 24g"", ""Combo 3 Túi 96g""]",2
vn:213989179:14068398201,vn,213989179,14068398201,Combo 10 Kẹo Dẻo Zoo Cola Bibica 24g,2026-07-03,,"[""""]",1
vn:213989179:15715828480,vn,213989179,15715828480,Combo 5 Kẹo Cứng Migita Bibica 70g Cay Nhẹ Thơm Ngon Truyền Thống,2026-07-03,Phân Loại,"[""Vị Gừng"", ""Vị Bạc Hà"", ""Vị Me"", ""Vị Quế"", ""Vị Chanh Muối""]",5
vn:213989179:15953645620,vn,213989179,15953645620,"Bánh Hura Swissroll Bibica Bông Lan Trứng Cuộn Kem Nhiều Vị (Dâu, Cốm, Cam+C, Bơ Sữa) 360g",2026-07-03,Vị,"[""Dâu"", ""Cốm"", ""Cam+C"", ""Bơ Sữa""]",4
vn:213989179:17568698755,vn,213989179,17568698755,Combo Kẹo Cứng Tứ Quý Bibica 70g,2026-07-03,Phân loại,"[""Combo 5"", ""Combo 7""]",2
vn:213989179:17568700451,vn,213989179,17568700451,Combo 5 Kẹo Cứng Trái Cây Bốn Mùa Bibica 70g,2026-07-03,,"[""""]",1
vn:213989179:17894583120,vn,213989179,17894583120,Bánh Dinh Dưỡng Quasure Light Bibica Ngũ Cốc Bông Lan Bánh Quy Ăn Kiêng,2026-07-03,Quasure light,"[""Bông Lan Cốm 180g"", ""Bông Lan Dâu 180g""]",2
vn:213989179:18558695171,vn,213989179,18558695171,Combo 5 Kẹo Mềm Sumika Sữa Bibica 70g,2026-07-03,Hương vị,"[""Sữa"", ""Socola Sữa"", ""Sữa dâu""]",3
vn:213989179:19079606615,vn,213989179,19079606615,"(Phiên Bản Giới Hạn) Bộ Quà Tặng Dinh Dưỡng Quasure Light Bibica, Bánh Tiểu Đường, Ăn Kiêng Bibica",2026-07-03,,"[""""]",1
vn:213989179:19079649512,vn,213989179,19079649512,"(Bao Bì Mới) Bánh Quy Quasure Light Bibica 210g, Thực Phẩm Cho Người Ăn Kiêng, Tiểu Đường",2026-07-03,Phân loại,"[""Lẻ 1 Hộp"", ""Combo 2 Hộp""]",2
vn:213989179:19188662330,vn,213989179,19188662330,"Kẹo Mút Zoo Cola, Tăng Lực Bibica",2026-07-03,Phân loại,"[""Combo 5 Kẹo Mút 90g"", ""1 Hũ 540g""]",2
vn:213989179:19695891839,vn,213989179,19695891839,"Combo Hộp Bánh Bông Lan Quasure Light Bibica 180g - Giải pháp cho người ăn kiêng, tiểu đường",2026-07-03,Phân loại,"[""Combo 3 Hộp Vị Cốm"", ""Combo 3 Hộp Vị Dâu"", ""Combo 5 Hộp Vị Cốm"", ""Combo 5 Hộp Vị Dâu""]",4
vn:213989179:20385889396,vn,213989179,20385889396,Combo 3 Bánh Gooka Cracker Nougat Filling Vị Tảo Biển Bibica,2026-07-03,Phân loại,"[""Combo 3 Hộp 120g"", ""Combo 3 Hộp 180g"", ""Combo 3 Túi 260g""]",3
vn:213989179:20385889419,vn,213989179,20385889419,Combo 2 Bánh Gooka Cracker Nougat Filling Vị Tảo Biển/ Dừa Sầu Riêng Bibica,2026-07-03,Phân loại,"[""2 Hộp Tảo Biển 180g"", ""2 Túi Tảo Biển 260g"", ""Mix Tảo + Sầu 260g""]",3
vn:213989179:20481788409,vn,213989179,20481788409,Combo 2 Bánh Quy Mặn Gooka Bibica Vị Phô Mai Lớp Phủ Cheese Topping Thơm Ngon 180g,2026-07-03,,"[""""]",1
vn:213989179:21143770334,vn,213989179,21143770334,Combo Kẹo Mềm Trái cây Cheery Bibica 140g,2026-07-03,Hương Vị,"[""Nho"", ""Cam"", ""Dâu""]",3
vn:213989179:21206943492,vn,213989179,21206943492,"Combo 5 Bột Ngũ Cốc Quasure Light Bibica 400g - Thực phẩm dành cho người ăn kiêng, người tiểu đường",2026-07-03,,"[""""]",1
vn:213989179:21558655559,vn,213989179,21558655559,Combo 2 Kẹo Mềm Sumika Sữa Bibica 275g,2026-07-03,Hương Vị,"[""Sữa"", ""Socola Sữa"", ""Sữa Dâu""]",3
vn:213989179:21703213740,vn,213989179,21703213740,Combo 3 Kẹo Cứng Migita Bibica 140g Vị Chanh Muối Chua Ngọt Thơm Thanh,2026-07-03,Phân loại,"[""Me"", ""Chanh Muối""]",2
vn:213989179:22083886408,vn,213989179,22083886408,Combo 5 Hộp Bánh Bông Lan Quasure Light Dâu Bibica 126g,2026-07-03,Hương vị,"[""Dâu"", ""Cốm"", ""Gấc""]",3
vn:213989179:22288243381,vn,213989179,22288243381,"Combo 3 Túi Ngũ Cốc Quasure Light Sữa Bibica 400g, Thực Phẩm Dành Cho Người Ăn Kiêng, Tiểu Đường",2026-07-03,,"[""""]",1
vn:213989179:22426402261,vn,213989179,22426402261,"Combo 3 hộp Bánh Quy Quasure Light Sữa Bibica 140g - Thực phẩm cho người ăn kiêng, tiểu đường",2026-07-03,,"[""""]",1
vn:213989179:22458407247,vn,213989179,22458407247,"Combo 5 Hộp Bánh Quy Quasure Light Sữa Bibica 140g - Thực phẩm dành cho người ăn kiêng, tiểu đường",2026-07-03,,"[""""]",1
vn:213989179:23102743144,vn,213989179,23102743144,Combo 5 Kẹo Cứng Welly Hỗn Hợp Bibica 70g,2026-07-03,Welly 70g,"[""Hỗn Hợp"", ""Dâu"", ""Cam"", ""Ổi"", ""Chanh""]",5
vn:213989179:23341998012,vn,213989179,23341998012,"Combo Mix 2 Hộp Bánh Quasure Light Bibica Bông Lan Cốm 126g/Bánh Quy 140g- Dành cho người ăn kiêng, tiểu đường",2026-07-03,,"[""""]",1
vn:213989179:23451401334,vn,213989179,23451401334,"Kẹo Mút Sumika Hũ 540g (6,48g) Mix Vị Sữa Cafe - Sữa Dâu - Sữa Cam Bibica",2026-07-03,,"[""""]",1
vn:213989179:23573580490,vn,213989179,23573580490,Bánh Bông Lan Hura Layer Cake Bibica Hộp 90g/210g Mềm Mịn Kem Bơ Sữa Thơm Ngon,2026-07-03,Vị,"[""Dâu"", ""Vani Chanh""]",2
vn:213989179:24203390363,vn,213989179,24203390363,"Combo 3 Hộp Bánh Bông Lan Quasure Light Bibica 126g - Thực phẩm cho người ăn kiêng, tiểu đường",2026-07-03,Phân loại,"[""Combo 3 Hộp Vị Cốm"", ""Combo 3 Hộp Vị Dâu"", ""Combo 3 Hộp Vị Gấc"", ""Combo 3 Mix Vị""]",4
vn:213989179:24286389752,vn,213989179,24286389752,Combo Kẹo Cứng Sữa Cà Phê Bibica 140g,2026-07-03,Phân loại,"[""Combo 3""]",1
vn:213989179:24553391588,vn,213989179,24553391588,"(Bao Bì Mới) Combo Bánh Quy Quasure Light Bibica 210g, Thực Phẩm Cho Người Ăn Kiêng, Tiểu Đường",2026-07-03,Phân loại,"[""Combo 3"", ""Combo 5""]",2
vn:213989179:24636392053,vn,213989179,24636392053,Kẹo Cứng Migita Bibica 400g Vị Gừng Ấm Hoặc Vị Me Chua Ngọt Thơm Ngon,2026-07-03,Phân loại,"[""Me"", ""Gừng""]",2
vn:213989179:24783598421,vn,213989179,24783598421,Combo Bánh Castella Hura Bibica Ăn Sáng Kẹp Xốt Phô Mai Trứng Muối/Dừa (150g),2026-07-03,Vị phô mai,"[""Xốt Trứng muối"", ""Xốt Dừa"", ""Combo 2 Trứng muối"", ""Combo 2 Xốt Dừa"", ""Combo 2 Mix Vị""]",5
vn:213989179:26162211788,vn,213989179,26162211788,Kẹo Trái Cây Nhân Tứ Quý Bibica 400g,2026-07-03,,"[""""]",1
vn:213989179:26362225992,vn,213989179,26362225992,Combo 3 Kẹo Tứ Quý Bạc Hà Sữa Nhân Socola Bibica 100g,2026-07-03,,"[""""]",1
vn:213989179:26567609054,vn,213989179,26567609054,Bánh Gooka Cracker Nougat Filling Vị Dừa Sầu Riêng Bibica,2026-07-03,Phân loại,"[""Túi 260g"", ""Hộp 360g""]",2
vn:213989179:27402928597,vn,213989179,27402928597,Kẹo Dẻo Zoo Foam Jelly Dưa Hấu Bibica,2026-07-03,Phân loại,"[""Combo 10 gói 24g"", ""Lẻ 1 gói 80g""]",2
vn:213989179:27531706377,vn,213989179,27531706377,Bánh Cracker Gooka Nougat Filling Hành HG Bibica 360G,2026-07-03,,"[""""]",1
vn:213989179:28186073758,vn,213989179,28186073758,Bánh Hura Deli Bibica Các Vị 336g - Giảm 40% Đường,2026-07-03,Phân Loại,"[""Cốm Dừa"", ""Sữa Dâu"", ""Bơ Sữa"", ""Cam Cà Rốt"", ""Cà Phê Trứng Muối""]",5
vn:213989179:28433505734,vn,213989179,28433505734,Combo 2 Kẹo Mút Sữa Sumika Bibica 135g,2026-07-03,,"[""""]",1
vn:213989179:28438193554,vn,213989179,28438193554,Combo 5 Bánh Jamy Nhân Mứt Bibica 200g,2026-07-03,Hương,"[""Dâu"", ""Nho"", ""Cam""]",3
vn:213989179:28538456270,vn,213989179,28538456270,Combo 3 Kẹo Mềm Sữa aHHa Bibica 120g,2026-07-03,,"[""""]",1
vn:213989179:28638387207,vn,213989179,28638387207,Combo Mix 3 Vị Bánh Ăn Kiêng Không Đường Quasure Sugar Free Bibica 240gr Bibica,2026-07-03,,"[""""]",1
vn:213989179:28753604189,vn,213989179,28753604189,Combo 10 Kẹo Dẻo Zoo Bibica 24g,2026-07-03,Khối lượng,"[""Combo 10 Sâu Tuyết"", ""Combo 10 Sâu Mắt To"", ""Combo 10 Chua Ngọt""]",3
vn:213989179:28820117182,vn,213989179,28820117182,Combo 2 Bánh Gooka Cracker Giòn Vị Rau Củ Bibica 180g,2026-07-03,,"[""""]",1
vn:213989179:29156682046,vn,213989179,29156682046,Combo 2 Gói Bánh Hura Sandwich Bibica 90g Chà Bông Phô Mai Bữa Ăn Sáng Tiện Lợi,2026-07-03,Loại combo,"[""Mix vị BBQ & PhôMai"", ""Combo 2 Vị BBQ"", ""Combo 2 Vị Phô Mai""]",3
vn:213989179:29662232533,vn,213989179,29662232533,Combo 3 Kẹo Cứng Tứ Quý Bibica 140g,2026-07-03,,"[""""]",1
vn:213989179:29667613836,vn,213989179,29667613836,Combo 2 Bánh Gooka Cracker Nougat Filling Vị Dừa Sầu Riêng,2026-07-03,Phân loại,"[""Combo 2 Túi 120g"", ""Combo 2 Túi 260g"", ""Combo 2 Hộp 360g""]",3
vn:213989179:29743621127,vn,213989179,29743621127,"Combo 2 Hộp Bánh Ăn Kiêng Không Đường Quasure Sugar Free 224g, 240g Bibica",2026-07-03,Phân loại,"[""2 Hạt Chia 240g"", ""2 Khoai Lang Tím224g"", ""2 Ngũ Cốc YMach 240g""]",3
vn:213989179:29802924380,vn,213989179,29802924380,Thạch Dừa Zoo - Soda Trái Cây Bibica các loại 300g/990g,2026-07-03,Phân loại,"[""Túi lưới 990g"", ""Combo 2 Túi 400g"", ""Combo 2 Túi 300g"", ""Nhân thạch dừa 360g"", ""Hộp thạch 750g""]",5
vn:213989179:3282055804,vn,213989179,3282055804,Bánh Goody Chip Dừa Bibica 300g,2026-07-03,Vị,"[""Dừa"", ""Điều"", ""Nho"", ""Socola""]",4
vn:213989179:3425405336,vn,213989179,3425405336,Combo 3 Kẹo Mềm Sumika Sữa Bibica 140g,2026-07-03,Hương vị,"[""Sumika Sữa"", ""Sumika Dâu"", ""Sumika Socola""]",3
vn:213989179:40751619456,vn,213989179,40751619456,Combo Hộp Quà Kẹo Thạch Zoo Bibica Dễ Thương Cho Trẻ Em Tiệc Sinh Nhật Liên Hoan Lớp,2026-07-03,Phân loại,"[""Combo 3 Hộp Quà"", ""Combo 2 Hộp Quà"", ""Combo 4 Hộp Quà""]",3
vn:213989179:42021518143,vn,213989179,42021518143,Combo Mix 3 Vị Bánh Ăn Kiêng Không Đường Quasure Sugar Free Bibica 128gr Bibica,2026-07-03,,"[""""]",1
vn:213989179:4228429017,vn,213989179,4228429017,Combo 2 Bánh Goody Jamy Nhân Mứt Bibica 200g,2026-07-03,Hương vị,"[""Dâu"", ""Nho"", ""Cam""]",3
vn:213989179:42401826840,vn,213989179,42401826840,Combo Bánh Bông Lan Quasure Light Bibica 180g,2026-07-03,Phân loại,"[""Mix Dâu & Cốm 180g"", ""2 Bông Lan Dâu 180g"", ""2 Bông Lan Cốm 180g""]",3
vn:213989179:42431344632,vn,213989179,42431344632,(Mua 5 TẶNG 5) Bánh Ăn Sáng Bibica - Bánh mì Sandwich Vị Bò sốt bulgogi/Cá hồi tiêu/Gà Terayaki 56g(Date mới),2026-07-03,Hương vị,"[""10 Cá hồi sốt tiêu"", ""10 Bò sốt bulgogi"", ""10 Gà sốt teriyaki"", ""5+5 Mix vị""]",4
vn:213989179:42881034712,vn,213989179,42881034712,"[QUÀ TẶNG KHÔNG BÁN] Kẹo mút cheery mascot dễ thương, quà tặng cho bé",2026-07-03,,"[""""]",1
vn:213989179:43001613157,vn,213989179,43001613157,Combo Kẹo Dẻo Zoo Bibica Sâu Kỳ Thú Mềm Dẻo Hương Trái Cây Mix Vị,2026-07-03,Phân Loại,"[""Combo 10 Gói 24g"", ""Combo 5 Gói 54g""]",2
vn:213989179:43400175401,vn,213989179,43400175401,Combo 2 Hộp Bánh Ăn Kiêng Bibica Không Đường Quasure Sugar Free Bibica,2026-07-03,Phân loại,"[""Hạt chia Omega3 128g"", ""NgũCốc & YếnMạch128g"", ""KhoaiLangTím&Dừa112g""]",3
vn:213989179:43415619753,vn,213989179,43415619753,"Bánh Cookies Bibica Goody Premium 228g Nhiều Vị Thơm Ngon Cao Cấp, Hộp Quà Tặng",2026-07-03,Phân loại,"[""Cookies Dừa socola"", ""Cookies Hạnh nhân"", ""Combo 2 Dừa Socola"", ""Combo 2 Hạnh Nhân"", ""Combo Mix Dừa+H.Nhân"", ""Combo 2 Cracker ĐP""]",6
vn:213989179:43706670030,vn,213989179,43706670030,Combo 2 Bánh Hura Deli Bibica Các Vị 336g - Giảm 40% Đường,2026-07-03,Vị,"[""Cốm - Dừa"", ""Sữa - Dâu"", ""Bơ - Sữa"", ""Cam - Cà rốt"", ""Cà Phê Trứng Muối""]",5
vn:213989179:43831726714,vn,213989179,43831726714,Combo 3 Bánh Goody Jamy Nhân Mứt Bibica 200g,2026-07-03,Hương vị,"[""Dâu"", ""Nho"", ""Cam""]",3
vn:213989179:44101565136,vn,213989179,44101565136,Bánh Hura Sandwich Chà Bông Xốt Vị BBQ / Tảo Biển Bibica 156g - Bánh ăn sáng dinh dưỡng siêu ngon & tiện lợi,2026-07-03,Phân loại,"[""Vị BBQ"", ""Vị Tảo Biển""]",2
vn:213989179:44106711271,vn,213989179,44106711271,Combo 2 Hộp Bánh Bông Lan Hura Layer Cake Bibica 300g Kem Bơ Sữa Mềm Xốp Tiện Lợi,2026-07-03,Hương,"[""Dâu"", ""Cốm"", ""Bơ Sữa"", ""Vani Chanh""]",4
vn:213989179:46208275058,vn,213989179,46208275058,"Bánh Goody Premium Cracker Khoai tây kem Bơ Đậu Phộng Bibica 112g, 224g",2026-07-03,Phân loại,"[""Combo 2 Hộp 112g"", ""Lẻ 1 Hộp 224g""]",2
vn:213989179:47262565646,vn,213989179,47262565646,[QUÀ TẶNG KHÔNG BÁN] Một Túi Kẹo dẻo Zoo 54g vị bất kỳ,2026-07-03,,"[""""]",1
vn:213989179:47461281311,vn,213989179,47461281311,(Mua 5 TẶNG 5) Bánh Ăn Sáng Bibica - Bông lan Olive Chà Bông/Nho Khô Mềm Mịn (Date mới),2026-07-03,Vị,"[""5+5 BL Chà Bông"", ""5+5 Nho Khô"", ""5 Chà Bông + 5 Nho""]",3
vn:213989179:47963062968,vn,213989179,47963062968,QUÀ TẶNG KHÔNG BÁN | SỐ LƯỢNG CÓ HẠN Thạch Dừa Zoo Soda Trái Cây Bibica 360g (Date Tháng 09),2026-07-03,,"[""""]",1
vn:213989179:48257280275,vn,213989179,48257280275,Hộp Kẹo Thạch Trái Cây Zoo Bibica 750g,2026-07-03,Thạch Zoo,"[""Hộp thạch 750g""]",1
vn:213989179:4828889673,vn,213989179,4828889673,Combo Kẹo Michoco Dừa Giòn Nước Cốt Dừa Bibica 100g,2026-07-03,Phân loại,"[""Combo 3""]",1
vn:213989179:49212426528,vn,213989179,49212426528,(Mua 10 TẶNG 10) Bánh Ăn Sáng Bibica - Bánh Mì Chà Bông/ Phô Mai Trứng Muối 40g (Date mới),2026-07-03,Hương Vị,"[""10+10Chà Bông"", ""10+10 trứng muối"", ""10Chà Bông+10trứng""]",3
vn:213989179:49461278439,vn,213989179,49461278439,(Mua 5 TẶNG 5) Bánh Ăn Sáng Bibica - Bánh Tươi Olive có nhân Cốm/Bơ Sữa 50g (Date mới),2026-07-03,Hương vị,"[""5+5 Cốm"", ""5+5 Bơ Sữa"", ""3+2 Cốm"", ""3+2 Bơ Sữa""]",4
vn:213989179:49462558993,vn,213989179,49462558993,[QUÀ TẶNG KHÔNG BÁN] Kẹo dẻo Zoo một túi 24g vị bất kỳ,2026-07-03,,"[""""]",1
vn:213989179:49561265568,vn,213989179,49561265568,"Combo Tiệc Sinh Nhật Cho Bé - 10 Kem Tuyết, 10 Sâu Kỳ Thú, 10 Dưa hấu 24g, Kẹo Thạch Nhân Dừa 360g, Kẹo Mút Cheery 570g",2026-07-03,,"[""""]",1
vn:213989179:49607284576,vn,213989179,49607284576,"(NEW) Combo Kẹo Dẻo Kem Tuyết Zoo Bibica 25g - Mềm Dẻo Hương Trái Cây Mix Vị Nho, Chuối, Đào",2026-07-03,Phân loại,"[""Combo 10 Mix vị"", ""Combo 20 Mix vị""]",2
vn:213989179:5091831437,vn,213989179,5091831437,"Combo 2 Bánh Gooka Cracker Ngũ Cốc Khoai Tây, Bắp Bibica 160g",2026-07-03,Hương vị,"[""Khoai Tây"", ""Bắp""]",2
vn:213989179:52411245289,vn,213989179,52411245289,"Combo 20 Gói Kẹo Dẻo Zoo Mix 4 Vị Ăn Thử - 5 Kem Tuyết, 5 Sâu Tuyết, 5 Dưa Hấu, 5 Sâu Kỳ Thú Đa Dạng 24g",2026-07-03,,"[""""]",1
vn:213989179:52900782117,vn,213989179,52900782117,"Bánh hỗn hợp Quasure Sugar Free hộp thiếc sang trọng Bibica bánh ăn kiêng không đường, biếu tặng người thân 256g",2026-07-03,,"[""""]",1
vn:213989179:52960468270,vn,213989179,52960468270,[ĐỘC QUYỀN] Combo 30 Gói Kẹo Dẻo Trái Cây - Hộp Kẹo Dẻo Đồ Chơi Zoo Candy Box - Đại Chiến Zoẳn Zoò Zì - Quà Tặng Cho Bé,2026-07-03,,"[""""]",1
vn:213989179:54611253723,vn,213989179,54611253723,(Mua 5 TẶNG 5) Bánh Ăn Sáng Bibica - Bánh Mì Chà Bông/ Phô Mai Trứng Muối 40g (Date mới),2026-07-03,Hương Vị,"[""5+5 Chà Bông"", ""5+5 trứng muối"", ""5Chà Bông+5trứng""]",3
vn:213989179:54661236695,vn,213989179,54661236695,"(Fruity combo) Kẹo Dẻo Trái Cây Mix Vị Zoo, 10 Kẹo Dưa Hấu, 10 Kem Tuyết 24g, 2 Kẹo Dẻo Áo Dầu 100g",2026-07-03,,"[""""]",1
vn:213989179:55561234333,vn,213989179,55561234333,"Combo 31 Gói Kẹo Dẻo Zoo Mix 4 Vị Ăn Thử - 10 Kem Tuyết, 10 Dưa Hấu, 10 Sâu Kỳ Thú 24g, 1 Kẹo Dẻo Áo Dầu 100g",2026-07-03,,"[""""]",1
vn:213989179:56311234382,vn,213989179,56311234382,"Hộp Quà Sinh Nhật Cho Bé - Hộp Phần Thưởng Cho Bé Ngoan, Kẹo Dẻo Zoo Mix Đủ Vị",2026-07-03,Phân loại,"[""1 Candy Box Zoẳn Zoò"", ""1 Hộp thạch Zoo 750g"", ""2 Hộp Zoo năng lượng""]",3
vn:213989179:56712406423,vn,213989179,56712406423,(Mua 10 TẶNG 10) Bánh Ăn Sáng Bibica - Bông lan Olive Chà Bông/Nho Khô Mềm Mịn (Date mới),2026-07-03,Vị,"[""10+10 BL Chà Bông"", ""10+10 Nho Khô"", ""10 Chà Bông+10 Nho""]",3
vn:213989179:56761249618,vn,213989179,56761249618,(Mua 10 TẶNG 10) Bánh Ăn Sáng Bibica - Bánh Tươi Olive có nhân Cốm/Bơ Sữa 50g (Date mới),2026-07-03,Hương Vị,"[""10+10 Cốm"", ""10+10 Bơ Sữa"", ""10 Cốm +10 Bơ Sữa""]",3
vn:213989179:56909219568,vn,213989179,56909219568,"Kẹo mút Cheery hai tầng hương vị nhân đôi niềm vui Bibica lan tỏa yêu thương 570g, 760g",2026-07-03,Phân loại,"[""Túi 570g"", ""Hũ 760g""]",2
vn:213989179:5828892952,vn,213989179,5828892952,"Kẹo Mút Welly Cam, Dâu, Ổi, Cola Bibica 396g",2026-07-03,Khối lượng,"[""Túi 396g"", ""Hộp 594g""]",2
vn:213989179:5881924418,vn,213989179,5881924418,Combo 2 Bánh Goody Chip Dừa Bibica 144g,2026-07-03,Hạt,"[""Dừa"", ""Điều"", ""Nho"", ""Socola""]",4
vn:213989179:5919525984,vn,213989179,5919525984,Combo 5 Bánh Quy Chip Socola Goody Bibica 80g Nhiều Vị Nho Dừa Điều Thơm Ngon,2026-07-03,Hương vị,"[""Socola"", ""Dừa"", ""Điều"", ""Nho""]",4
vn:213989179:6219529787,vn,213989179,6219529787,"Combo 2 Bánh Quy Quasure Light Sữa Bibica 140g, Thực Phẩm Dành Cho Người Ăn Kiêng, Tiểu Đường",2026-07-03,Phân loại,"[""Combo 2 Hộp""]",1
vn:213989179:6225308367,vn,213989179,6225308367,Kẹo Dẻo Hình Thú Zoo Áo Dầu Bibica Nhiều Vị Trái Cây,2026-07-03,Khối lượng,"[""Combo 2 túi 500g"", ""Combo 3 túi 200g"", ""Combo 5 túi 100g""]",3
vn:213989179:7019537060,vn,213989179,7019537060,"Túi Ngũ Cốc Quasure Light Sữa Bibica 400g, Thực Phẩm Dành Cho Người Ăn Kiêng, Tiểu Đường",2026-07-03,Phân loại,"[""1 túi"", ""Combo 2 túi""]",2
vn:213989179:7059426608,vn,213989179,7059426608,Kẹo Dẻo Zoo Bibica Áo Đường Mềm Dẻo Hương Trái Cây Đa Dạng Gói Lớn,2026-07-03,Khối lượng,"[""500g"", ""Combo 2 Túi 200g""]",2
vn:213989179:7613998544,vn,213989179,7613998544,"Combo 2 Bánh Bông Lan Quasure Light Bibica 126g, Thực Phẩm Dành Cho Người Ăn Kiêng, Tiểu Đường",2026-07-03,HƯƠNG VỊ,"[""Dâu"", ""Cốm"", ""Gấc""]",3
vn:213989179:7780693115,vn,213989179,7780693115,Bánh Hura Layercake Bibica 300g,2026-07-03,Hương,"[""Dâu"", ""Cốm"", ""Bơ Sữa"", ""Vani Chanh""]",4
vn:289646907:19474514882,vn,289646907,19474514882,Combo 2 Hộp Bánh Orion Chocopie TÌNH (435.6g/hộp),2026-07-03,,"[""""]",1
vn:289646907:22227670295,vn,289646907,22227670295,Combo 2 Hộp Bánh Orion Custas Nhân Kem Trứng (282g/hộp),2026-07-03,,"[""""]",1
vn:289646907:22327674524,vn,289646907,22327674524,Combo 2 Hộp Bánh Goute Hạt dinh dưỡng (8 Gói/hộp),2026-07-03,,"[""""]",1
vn:289646907:22327681194,vn,289646907,22327681194,Combo 2 Hộp 12 gói Bánh Chocopie vị Dưa Hấu (336g),2026-07-03,,"[""""]",1
vn:289646907:23027666001,vn,289646907,23027666001,Combo 2 Hộp Bánh Orion Chocopie ĐẬM (396g/hộp),2026-07-03,,"[""""]",1
vn:289646907:23459135184,vn,289646907,23459135184,Combo 5 Túi Bánh Nướng Giòn C'est Bon Orion Baguette Vị Bơ Tỏi Đút Lò (5 gói/Túi),2026-07-03,,"[""""]",1
vn:289646907:23565208439,vn,289646907,23565208439,Combo 3 Túi Bánh Gạo An vị Ngô nướng Bơ (120g/Túi),2026-07-03,,"[""""]",1
vn:289646907:23727659874,vn,289646907,23727659874,Combo 2 Hộp Bánh Goute Mè Giòn Tan (8 Gói/hộp),2026-07-03,,"[""""]",1
vn:289646907:23727675986,vn,289646907,23727675986,"Combo 2 Hộp 12 gói Bánh Custas vị Cốm Sen Hà Nội (282,6g/hộp)",2026-07-03,,"[""""]",1
vn:289646907:24027869690,vn,289646907,24027869690,Combo 3 Túi 5 gói bánh ăn sáng Orion C'est Bon sợi thịt gà truyền thống 85G/Túi,2026-07-03,,"[""""]",1
vn:289646907:24391148394,vn,289646907,24391148394,[ĐỘC QUYỀN] Hộp Bánh Bống Bang Family Pack 20 Gói (580g),2026-07-03,,"[""""]",1
vn:289646907:24828115965,vn,289646907,24828115965,Combo 3 túi Bánh Gạo Nướng Orion An Vừng 115.2g,2026-07-03,,"[""""]",1
vn:289646907:25027863990,vn,289646907,25027863990,Combo 2 Hộp 12 gói bánh Orion Custas 12P tiramisu (282G),2026-07-03,,"[""""]",1
vn:289646907:25078119874,vn,289646907,25078119874,"Combo 3 túi Bánh gạo nướng An ORION vị Chà Bông 145,6G",2026-07-03,,"[""""]",1
vn:289646907:25178062720,vn,289646907,25178062720,"Combo 3 Túi 5 gói bánh ăn sáng Orion C'est Bon sợi thịt gà sốt kem phô mai 101,5G/Túi",2026-07-03,,"[""""]",1
vn:289646907:25228640065,vn,289646907,25228640065,Combo 5 Gói Kẹo ngậm HỌNG vị gừng mật ong gói 84G,2026-07-03,,"[""""]",1
vn:289646907:25578062299,vn,289646907,25578062299,Combo 3 Túi 5 gói bánh ăn sáng Orion C'est Bon sốt nhân kem trứng muối (101.5G),2026-07-03,,"[""""]",1
vn:289646907:25586402460,vn,289646907,25586402460,"[ĐỘC QUYỀN ONLINE] Hộp Quà Tặng Bánh Kẹo ĂN VẶT TEAMWORK Orion (992,6G)",2026-07-03,,"[""""]",1
vn:289646907:25728109731,vn,289646907,25728109731,Combo 3 Túi Bánh Gạo Nướng An Orion vị Tảo Biển 111.3g/Túi,2026-07-03,,"[""""]",1
vn:289646907:25784920058,vn,289646907,25784920058,Combo 3 Túi Bánh Con Cá Bống Bang nhân MOCHI SOCOLA Đậu Đỏ (145g),2026-07-03,,"[""""]",1
vn:289646907:25828640224,vn,289646907,25828640224,Combo 5 Gói kẹo ngậm HỌNG vị quất mật ong gói 84G,2026-07-03,,"[""""]",1
vn:289646907:26052011768,vn,289646907,26052011768,Combo 3 gói bánh ăn sáng C'est Bon Sandwich Sốt Bơ Phô Mai Chà Bông Orion (147G x 6),2026-07-03,,"[""""]",1
vn:289646907:26233488173,vn,289646907,26233488173,[ĐỘC QUYỀN] Kẹo ngậm dịu HỌNG nhiều vị (500g),2026-07-03,,"[""""]",1
vn:289646907:26331556808,vn,289646907,26331556808,[LIVESTREAM] [ĐỘC QUYỀN] Hộp Bánh Bống Bang Family Pack 20 Gói (580g),2026-07-03,,"[""""]",1
vn:289646907:26361847161,vn,289646907,26361847161,[ĐỘC QUYỀN] Kẹo dẻo Boom Jelly THẠCH Orion MIX VỊ hộp 60 gói (750g),2026-07-03,,"[""""]",1
vn:289646907:26408223367,vn,289646907,26408223367,Combo 5 Túi Bánh Con Cá Bống Bang Nhân MOCHI SOCOLA Đậu Đỏ (145g),2026-07-03,,"[""""]",1
vn:289646907:26489730581,vn,289646907,26489730581,Combo 8 Hộp bánh Cá Marine Boy Orion Vị Gà Bơ Sốt Tỏi (35g/Hộp),2026-07-03,,"[""""]",1
vn:289646907:26829112813,vn,289646907,26829112813,[LIVESTREAM] Combo 5 Túi Bánh Gạo An vị Ngô nướng Bơ (120g/Túi),2026-07-03,,"[""""]",1
vn:289646907:26900493910,vn,289646907,26900493910,"Combo 3 Túi Bánh Gạo Nướng Orion An Vị Tự Nhiên 151,2g/Túi",2026-07-03,,"[""""]",1
vn:289646907:26912249516,vn,289646907,26912249516,"[ĐỘC QUYỀN ONLINE] Hộp Quà Tặng Bánh Kẹo ĂN VẶT NĂNG LƯỢNG Orion (988,3G)",2026-07-03,,"[""""]",1
vn:289646907:27128180756,vn,289646907,27128180756,[LIVESTREAM] [ĐỘC QUYỀN] Kẹo dẻo Boom Jelly THẠCH Orion MIX VỊ hộp 60 gói (750g),2026-07-03,,"[""""]",1
vn:289646907:27168939726,vn,289646907,27168939726,Combo 2 Hộp 10 Gói Bánh kiểu Âu OPERA (280g),2026-07-03,,"[""""]",1
vn:289646907:27331553476,vn,289646907,27331553476,"[LIVESTREAM] [ĐỘC QUYỀN ONLINE] Hộp Quà Tặng Bánh Kẹo ĂN VẶT NĂNG LƯỢNG Orion (988,3G)",2026-07-03,,"[""""]",1
vn:289646907:27978176232,vn,289646907,27978176232,"[LIVESTREAM] [ĐỘC QUYỀN ONLINE] Hộp Quà Tặng Bánh Kẹo ĂN VẶT TEAMWORK Orion (992,6G)",2026-07-03,,"[""""]",1
vn:289646907:28044975197,vn,289646907,28044975197,[LIVESTREAM] Combo 5 Túi 14 Gói Bánh An Vị Nếp Cẩm Mật Hoa Dừa (140G/Túi),2026-07-03,,"[""""]",1
vn:289646907:28292038558,vn,289646907,28292038558,Combo 5 Bánh snack Toonies Dipping Sốt Chấm Phô Mai Cay 57G/Gói,2026-07-03,,"[""""]",1
vn:289646907:28353888202,vn,289646907,28353888202,Combo 3 túi bánh gạo nướng An vị Cốm Sen 168G,2026-07-03,,"[""""]",1
vn:289646907:28702746044,vn,289646907,28702746044,"Combo 3 Túi 8 gói bánh ăn sáng Orion C'est Bon sợi thịt gà sốt kem phô mai (162,4G)",2026-07-01,,"[""""]",1
vn:289646907:28886761728,vn,289646907,28886761728,[LIVESTREAM] Combo 2 Hộp Bánh Orion Chocopie TÌNH (435.6g/hộp),2026-07-03,,"[""""]",1
vn:289646907:28952745890,vn,289646907,28952745890,Combo 3 Túi 8 gói bánh ăn sáng Orion C'est Bon sợi thịt gà truyền thống (136G),2026-07-03,,"[""""]",1
vn:289646907:29231544899,vn,289646907,29231544899,[LIVESTREAM] Combo 5 gói Bánh Nướng Giòn C'est Bon Orion Baguette Vị Bơ Tỏi Đút Lò (Túi 5 gói),2026-07-03,,"[""""]",1
vn:289646907:29492921661,vn,289646907,29492921661,Combo 2 Hộp 12 Gói Bánh ChocoPie Giảm Đường (360g),2026-07-03,,"[""""]",1
vn:289646907:29784689659,vn,289646907,29784689659,[LIVESTREAM] [ĐỘC QUYỀN] Kẹo Họng Mix Vị Quất - Gừng (500g),2026-07-03,,"[""""]",1
vn:289646907:29878168813,vn,289646907,29878168813,[LIVESTREAM] COMBO 5 Túi Bánh Con Cá Bống Bang nhân MOCHI SOCOLA Đậu Đỏ (145g x 5 túi),2026-07-03,,"[""""]",1
vn:289646907:40205837706,vn,289646907,40205837706,[LIVESTREAM] [ĐỘC QUYỀN] Hộp 15 Gói Bánh Nướng Giòn Vị Bơ Tỏi Orion C'est Bon Baguette (540g),2026-07-03,,"[""""]",1
vn:289646907:41670882461,vn,289646907,41670882461,Combo 5 Túi Bánh Con Cá Bống Bang Nhân MOCHI CỐM Đậu Đỏ (145G/Gói),2026-07-03,,"[""""]",1
vn:289646907:41712379566,vn,289646907,41712379566,Combo 8 Hộp bánh Cá Marine Boy Orion vị Tôm Nướng Môi Đỏ 35g/hộp,2026-07-03,,"[""""]",1
vn:289646907:41824111415,vn,289646907,41824111415,Combo 2 Hộp 12 Gói Bánh Custas Kem Trứng Giảm Đường (282g),2026-07-03,,"[""""]",1
vn:289646907:41829383225,vn,289646907,41829383225,Combo 2 Hộp Bánh Goute Topping Cốm Dừa (16 Gói/Hộp),2026-07-03,,"[""""]",1
vn:289646907:41853192625,vn,289646907,41853192625,[ĐỘC QUYỀN] Hộp 15 Gói Bánh Nướng Giòn Vị Bơ Tỏi Orion C'est Bon Baguette (540g),2026-07-03,,"[""""]",1
vn:289646907:42579332927,vn,289646907,42579332927,[LIVESTREAM] Combo 5 Túi Bánh Gạo Nướng An vị Nấm Hương Om Nước Tương (140G/Túi),2026-07-03,,"[""""]",1
vn:289646907:42779834059,vn,289646907,42779834059,[LIVESTREAM] Combo 2 Hộp Bánh Goute Creme Dâu (16 Gói/Hộp),2026-07-03,,"[""""]",1
vn:289646907:43220891429,vn,289646907,43220891429,[LIVESTREAM] Combo 5 Túi Bánh Con Cá Bống Bang nhân MOCHI CỐM Đậu Đỏ (145g),2026-07-03,,"[""""]",1
vn:289646907:43472615588,vn,289646907,43472615588,[LIVESTREAM] Combo 2 Hộp 12 Gói Bánh ChocoPie Giảm Đường (360g),2026-07-03,,"[""""]",1
vn:289646907:43579391371,vn,289646907,43579391371,Thùng Bánh Custas Kem Trứng 12P (8 Hộp/Thùng),2026-07-03,,"[""""]",1
vn:289646907:44024261701,vn,289646907,44024261701,"Combo 5 Túi Bánh Gạo Nướng An Chee-Z Vị Khoai Tây Phô Mai Nướng 104,2g/Túi",2026-07-03,,"[""""]",1
vn:289646907:44112379715,vn,289646907,44112379715,Combo 8 Hộp bánh Cá Marine Boy Orion vị Rong Biển Tuyết Xanh 35g/hộp,2026-07-03,,"[""""]",1
vn:289646907:44322603844,vn,289646907,44322603844,[LIVESTREAM] Combo 2 Hộp 12 Gói Bánh Custas Kem Trứng Giảm Đường (282g),2026-07-03,,"[""""]",1
vn:289646907:45357467779,vn,289646907,45357467779,Combo 5 Túi Bánh Cest Bon Mochi Cốm Dừa (5 Gói/Túi),2026-07-03,,"[""""]",1
vn:289646907:45751820735,vn,289646907,45751820735,Combo 2 Hộp 18 Gói Bánh Orion Custas Vị Kem Trứng (423g/Hộp),2026-07-03,,"[""""]",1
vn:289646907:45808391874,vn,289646907,45808391874,[LIVESTREAM] Combo 2 Hộp Bánh Goute Creme Đậu Phộng (16 Gói/Hộp),2026-07-03,,"[""""]",1
vn:289646907:45810975410,vn,289646907,45810975410,COMBO 5 Hộp Bánh Snack Khoai Tây Nướng Yegam vị Kim Chi Hàn Quốc (64G/Hộp),2026-07-03,,"[""""]",1
vn:289646907:45857464389,vn,289646907,45857464389,Thùng Bánh Chocopie Tình 12P (8 Hộp/Thùng),2026-07-03,,"[""""]",1
vn:289646907:46207476417,vn,289646907,46207476417,Combo 3 Túi Bánh Custas Bakery Castella Trứng Lava (3 Gói/Túi),2026-07-03,,"[""""]",1
vn:289646907:46611116293,vn,289646907,46611116293,[LIVESTREAM] COMBO 5 Hộp Bánh Snack Khoai Tây Nướng Yegam vị Kim Chi Hàn Quốc (64G/Hộp),2026-07-03,,"[""""]",1
vn:289646907:47660969325,vn,289646907,47660969325,COMBO 5 Hộp Bánh Snack Khoai Tây Nướng Yegam vị Nguyên Bản (64G/Hộp),2026-07-03,,"[""""]",1
vn:289646907:47704391486,vn,289646907,47704391486,"[ĐỘC QUYỀN] Hộp bánh Pie Orion mix 4 vị (697,5g)",2026-07-03,,"[""""]",1
vn:289646907:51161101482,vn,289646907,51161101482,[LIVESTREAM] COMBO 5 Hộp Bánh Snack Khoai Tây Nướng Yegam vị Nguyên Bản (64G/Hộp),2026-07-03,,"[""""]",1
vn:289646907:51204730541,vn,289646907,51204730541,"[LIVESTREAM] [ĐỘC QUYỀN] Hộp bánh Pie Orion mix 4 vị (697,5g)",2026-07-03,,"[""""]",1
vn:289646907:51907456940,vn,289646907,51907456940,Combo 2 Hộp Bánh Goute Creme Đậu Phộng (16 Gói/Hộp),2026-07-03,,"[""""]",1
vn:289646907:53162629503,vn,289646907,53162629503,[LIVESTREAM] [Phiên bản Bánh In Tên] COMBO 8 Hộp bánh Cá Marine Boy Orion vị Rong Biển Tuyết Xanh 35g/hộp,2026-07-03,,"[""""]",1
vn:289646907:53457449519,vn,289646907,53457449519,Combo 10 Hộp Bánh Quy Ăn Sáng Toonies Miz Socola 2P (2 Gói/Hộp),2026-07-03,,"[""""]",1
vn:289646907:54810955747,vn,289646907,54810955747,THÙNG BÁNH SNACK KHOAI TÂY NƯỚNG YEGAM VỊ KIM CHI HÀN QUỐC (20 HỘP/THÙNG),2026-07-03,,"[""""]",1
vn:289646907:54811285979,vn,289646907,54811285979,Combo 5 Túi 14 Gói Bánh An Vị Nếp Cẩm Mật Hoa Dừa (140G/Túi),2026-07-03,,"[""""]",1
vn:289646907:54911472135,vn,289646907,54911472135,Combo 3 Túi Bánh Cest Bon Mochi Cốm Dừa (5 Gói/Túi),2026-07-03,,"[""""]",1
vn:289646907:55601794933,vn,289646907,55601794933,"Combo 2 Hộp 18 Gói Bánh Orion Chocopie Tình Vị Truyền Thống (653,4g/Hộp)",2026-07-03,,"[""""]",1
vn:289646907:55707444399,vn,289646907,55707444399,Thùng Bánh Custas Kem Trứng 2P (48 Hộp/Thùng),2026-07-03,,"[""""]",1
vn:289646907:55807566103,vn,289646907,55807566103,[Orion x Hannah Olala] Combo 2 Hộp 12 Gói Bánh ChocoPie Giảm Đường (360g),2026-07-03,,"[""""]",1
vn:289646907:56108385268,vn,289646907,56108385268,[LIVESTREAM] Combo 5 Túi Bánh Cest Bon Mochi Cốm Dừa (5 Gói/Túi),2026-07-03,,"[""""]",1
vn:289646907:56152579418,vn,289646907,56152579418,Combo 5 Túi Bánh Gạo Nướng An vị Nấm Hương Om Nước Tương (140G/Túi),2026-07-03,,"[""""]",1
vn:289646907:56158376123,vn,289646907,56158376123,[LIVESTREAM] Combo 2 Hộp Bánh Goute Topping Cốm Dừa (16 Gói/Hộp),2026-07-03,,"[""""]",1
vn:289646907:56257443079,vn,289646907,56257443079,Combo 2 Hộp Bánh Goute Creme Dâu (16 Gói/Hộp),2026-07-03,,"[""""]",1
vn:289646907:57160955850,vn,289646907,57160955850,THÙNG BÁNH SNACK KHOAI TÂY NƯỚNG YEGAM VỊ NGUYÊN BẢN (20 HỘP/THÙNG),2026-07-03,,"[""""]",1
vn:289646907:57407453873,vn,289646907,57407453873,Thùng Bánh Chocopie Tình 2P (48 Hộp/Thùng),2026-07-03,,"[""""]",1
vn:430972539:10032780626,vn,430972539,10032780626,Kẹo dẻo vị chua Chupa Chups hương trái cây hỗn hợp và kẹo dẻo vị chua hình ống hương cola và dâu,2026-07-03,Hương,"[""Trái cây (1 mét)"", ""Trái cây (60 Dây)"", ""Hươu cao cổ dâu"", ""Hươu cao cô Trái cây""]",4
vn:430972539:10550707084,vn,430972539,10550707084,"Kẹo mút Chupa Chups Hương trái cây hỗn hợp (Gói 60 que), kẹo mút tô màu lưỡi hương Dâu và Cola (Gói 58 que)",2026-07-03,Hương,"[""Tô màu (58 Que)"", ""Trái cây HH (60 Que)""]",2
vn:430972539:10665244303,vn,430972539,10665244303,"Kẹo cứng, kẹo mềm, kẹo nhai Alpenliebe, Golia, Mentos dạng gói nhiều hương vị",2026-07-03,Hương,"[""ALPCứng Xoài Muối Ớt"", ""ALP Cứng Trà Sữa"", ""ALP Cứng Sữa Caramen"", ""ALP Cứng Dâu Kem"", ""ALP Cứng Cà Phê Phố"", ""ALP 2Chew Dâu Nho"", ""ALP 2Chew Chanh dây"", ""Golia Thảo dược"", ""Mentos cầu vồng"", ""Mentos Mê ly""]",10
vn:430972539:11518293382,vn,430972539,11518293382,"Kẹo dẻo có nhân Alpenliebe Vũ Trụ Kỳ Thú, Biển Xanh Long Lanh, Tim Đào Ngọt Ngào, Tim Nho Nhí Nhảnh",2026-07-03,Hương,"[""Biển xanh long lanh"", ""Tim đào ngọt ngào"", ""Tim nho nhí nhảnh"", ""Vũ trụ kì thú""]",4
vn:430972539:17230920919,vn,430972539,17230920919,"COMBO Kẹo dẻo Chupa Chups hương trái cây hỗn hợp, hương cola mang đến vị ngọt, vị chua và đa dạng hình dáng",2026-07-03,Hương,"[""SBite+MCrawler+Panda"", ""SBite+Panda+Cola"", ""SBite+MCrawler+Cola"", ""TMix+MCrawler+Panda"", ""TMix+Panda+Cola"", ""TMix+MCrawler+Cola"", ""TMix+SBite+MCrawler"", ""Biển+Đào+Nho"", ""3 Biển xanh"", ""3 Tim đào"", ""3 Tim nho"", ""Combo3 Vũ trụ kỳ thú""]",12
vn:430972539:20848965963,vn,430972539,20848965963,Que kẹo mút Hương dâu đầy bí ẩn Chupa Chups sưu tầm những nhân vật Hello Kitty & Friends,2026-07-03,Tên,"[""Doraemon"", ""Hello Kitty & Friend""]",2
vn:430972539:20848965969,vn,430972539,20848965969,"COMBO Kẹo cứng Alpenliebe đậm vị sữa béo hương Caramel, Dâu sữa, Trà sữa và kẹo cứng có nhân Xoài muối ớt",2026-07-03,Hương,"[""COMBO5 mix vị"", ""COMBO4 Mix Vị""]",2
vn:430972539:21475359656,vn,430972539,21475359656,COMBO MIX vị kẹo dẻo 90g Chupa Chups và Alpenliebe,2026-07-03,Hương vị,"[""Mix 8 vị"", ""Mix 5 vị Loại 1"", ""Mix 5 vị Loại 2""]",3
vn:430972539:22425279849,vn,430972539,22425279849,COMBO 2 hộp thiếc kẹo Ngậm Không Đường Mentos Clean Breath (nhiều hương) cho hơi thở thơm mát trong suốt 30 phút,2026-07-03,Hương,"[""COMBO 2 Bạc Hà"", ""COMBO 2 Chanh Bạc Hà"", ""COMBO 2 Đào Bạc Hà"", ""Bạc Hà &Chanh Bạc Hà"", ""Bạc Hà & Đào Bạc Hà"", ""Chanh BH & Đào BH"", ""COMBO 2 Bạc Hà Âu"", ""COMBO 2 Bạc Hà Á"", ""BH Âu & BH Á""]",9
vn:430972539:27676060719,vn,430972539,27676060719,[QUÀ TẶNG KHÔNG BÁN] BÔNG HOA THƯ GIÃN,2026-07-03,,"[""""]",1
vn:430972539:28653603145,vn,430972539,28653603145,COMBO Kẹo ngậm không đường Mentos Hương Đào/Nho Bạc Hà (hộp nhựa) mang đến hơi thở tươi mát,2026-07-03,Hương,"[""6 Hộp Mix 3 Hương"", ""6 Hộp Bạc hà"", ""6 Hộp hương Đào"", ""6 Hộp hương Nho"", ""3 hộp Đào +3 hộp Nho""]",5
vn:430972539:28985249725,vn,430972539,28985249725,Kẹo dẻo Dài - Xoắn Chupa Chups Hươu Cao Cổ có nhân hương Trái cây/ Dâu - Vani (Hộp 12 thanh),2026-07-03,Số lượng,"[""Dâu (1 hộp)"", ""Dâu (2 hộp)"", ""Trái cây (1 hộp)"", ""Trái cây (2 hộp)""]",4
vn:430972539:4094521804,vn,430972539,4094521804,"Kẹo cao su gum thổi có nhân Chupa Chups Big Babol Sploosh (Hũ 74 viên) hương dưa hấu, dâu, cola",2026-07-03,,"[""""]",1
vn:430972539:41381798535,vn,430972539,41381798535,Kẹo Mút Còi Thổi CHUPA CHUPS Hương Cola 30G,2026-07-03,Phân Loại,"[""Single"", ""Combo 2""]",2
vn:430972539:41873246247,vn,430972539,41873246247,[Quà tặng không bán] Gậy đấm lưng Chupa Chups hình dáng Halloween,2026-07-03,,"[""""]",1
vn:430972539:42903404932,vn,430972539,42903404932,[QUÀ TẶNG KHÔNG BÁN] Túi Tote Chupa Chups,2026-07-03,,"[""""]",1
vn:430972539:43677995538,vn,430972539,43677995538,[QUÀ TẶNG KHÔNG BÁN] Túi đỏ lời chúc Chupa Chups,2026-07-03,,"[""""]",1
vn:430972539:44324603727,vn,430972539,44324603727,COMBO 2 Kẹo Cứng - Mềm Nhiều vị từ Alpenliebe,2026-07-03,Hương vị,"[""Xoài Muối ớt + Caram"", ""Dâu + Caramen"", ""Trà Sữa + Cà Phê Phố"", ""2Chew Dâu+Chanh dây""]",4
vn:430972539:48360192218,vn,430972539,48360192218,"Kẹo dẻo Chupa Chups hương trái cây hỗn hợp, hương cola mang đến vị ngọt, vị chua và đa dạng hình dáng",2026-07-03,Phân Loại,"[""Mini Crawlers"", ""Panda"", ""Cola"", ""Sour Bites"", ""TopMix""]",5
vn:430972539:53312342929,vn,430972539,53312342929,[QUÀ TẶNG KHÔNG BÁN] TÚI XÁCH VŨ TRỤ,2026-07-03,,"[""""]",1
vn:430972539:53907411896,vn,430972539,53907411896,Gum không đường Mentos Air Mát Lạnh Hương Bạc hà khuynh diệp/Dưa hấu (Lốc 6 hũ),2026-07-03,Hương vị,"[""Bạc hà khuynh diệp"", ""Dưa hấu""]",2
vn:430972539:8689421259,vn,430972539,8689421259,Kẹo mút Chupa Chups hình dáng Bó hoa hồng hương trái cây (19 que kẹo) phù hợp tặng người thương nhân dịp đặc biệt,2026-07-03,,"[""""]",1
vn:438905996:10466590734,vn,438905996,10466590734,[ TẶNG QUẠT ĐƠN TỪ 250K] Thùng 48 bánh trứng tươi - chà bông Karo Richy 26g/gói,2026-07-03,Vị,"[""VỊ GÀ"", ""VỊ PHÔ MAI"", ""VỊ TRỨNG SỮA"", ""MIX 3 VỊ"", ""GẤU- MỚI- 8 túi""]",5
vn:438905996:11090028367,vn,438905996,11090028367,"[TẶNG QUẠT ĐƠN TỪ 250K] Thùng 72 cái bánh trứng tươi sợi gà Karo Richy (12 bịch/thùng), HSD 45 ngày",2026-07-03,Hương vị,"[""Chà Bông Sợi Gà"", ""Phô Mai Hoàng Kim"", ""Mix 2 vị"", ""MỚI| Mix 6 gà,6 sữa"", ""MỚI| Mix 6 PM,6 sữa"", ""MỚI| VỊ SỮA"", ""MỚI| Mix 3 vị"", ""Gấu cb-thùng 12"", ""Combo 34 bánh mix"", ""thùng hoa cúc- 12"", ""thùngmix karo,cúc-12""]",11
vn:438905996:11166632589,vn,438905996,11166632589,"[MUA 3 TẶNG 1] Bánh Gạo JINJU RICHY Vị Bò Nướng Tiêu Gói 134,4g Datet11/2026",2026-07-03,combo,"[""1 gói"", ""3 gói""]",2
vn:438905996:11366802291,vn,438905996,11366802291,[Tặng quà đơn từ 129k]Bánh trứng tươi - chà bông KARO Richy Sợi thịt gà bịch 6 chiếc 156gr (26g/chiếc),2026-07-03,,"[""""]",1
vn:438905996:11966626126,vn,438905996,11966626126,[MUA 3 TẶNG 1 QUẠT] Combo 2 Bánh Yến Mạch Oatmeal Richy Vị Sữa (250g/Túi),2026-07-03,Combo,"[""1 túi 250g"", ""combo 2 túi""]",2
vn:438905996:13439697233,vn,438905996,13439697233,"[MUA 3 TẶNG 1 QUAT] Combo 3 Bánh Yến Mạch Oatmeal Richy 2 Vị, Sữa, Phô Mai Túi 220g-250g",2026-07-03,Trọng lượng,"[""1 túi 250g"", ""3 túi sữa"", ""3 túi phô mai"", ""1 sữa 2 phô mai"", ""1 phô mai 2 sữa""]",5
vn:438905996:16196107987,vn,438905996,16196107987,"[TẶNG QUẠT ĐƠN 180K] Thùng bánh quy hành Kenju kem dẻo loại hộp - 279g (12 Hộp/Thùng), Bánh Kẹo Richy",2026-07-03,,"[""""]",1
vn:438905996:16825736129,vn,438905996,16825736129,"[TẶNG QUẠT ĐƠN 180K] Bánh quy Kenju giòn kem dẻo hộp 279gr, Bánh Kẹo Richy",2026-07-03,,"[""""]",1
vn:438905996:17385752247,vn,438905996,17385752247,[MUA 3 TẶNG 1 QUAT] Bánh Yến mạch Richy túi 206-220-250g Mini Bite (Sữa/Phô Mai),2026-07-03,Hương vị,"[""Sữa"", ""Phô mai""]",2
vn:438905996:17396314544,vn,438905996,17396314544,[QUÀ TẶNG] Bánh quy que chấm Wismo ly,2026-07-03,Quà tặng,"[""Bánh quy chấm Wismo"", ""Wismo tặng 3 túi HC""]",2
vn:438905996:18367916719,vn,438905996,18367916719,[TẶNG QUẠT ĐƠN TỪ 250K] Thùng bánh RICHY Karo 2 vị (12 bịch/thùng),2026-07-03,,"[""""]",1
vn:438905996:18480491787,vn,438905996,18480491787,"[TẶNG QUÀ ĐƠN TỪ 129K] Combo 6 Bánh mì hoa cúc ngàn lớp, Bánh mì Lụa Fe'sta Richy, HSD 35 ngày từ NSX",2026-07-03,Combo,"[""Combo 2 túi"", ""Combo 3 túi"", ""Combo 6 túi"", ""Combo 8 túi"", ""MỚI | COMBO 10 BỊCH"", ""MỚI | Combo 6 - 2 vị"", ""MỚI | Combo 4 - 2 vị"", ""MỚI: 4 LỤA + 3 CÚC""]",8
vn:438905996:18684826924,vn,438905996,18684826924,[MUA 3 TẶNG 1 QUAT] Combo 3 Túi Bánh Yến Mạch Richy Oatmilk Túi 220-250gr,2026-07-03,Combo,"[""3 sữa"", ""3 phô mai"", ""2 sữa+ 1 phô mai"", ""1 sữa+ 2 phô mai""]",4
vn:438905996:18877528337,vn,438905996,18877528337,"[TẶNG QUÀ ĐƠN TỪ 109K] Combo 4 bịch bánh Karo Richy trứng tươi chà bông sợi gà, phô mai hoàng kim, HSD 45 ngày",2026-07-03,Vị,"[""4 bịch Chà bông Đỏ"", ""4 bịch Phô Mai"", ""Combo 4 hoa cúc"", ""combo 4 gấu"", ""Combo 4 sữa"", ""4 karo gấu cb"", ""2 bịch đỏ+2 bịch cam"", ""2 gà,2 gấu"", ""2 phô mai, 2 gấu"", ""2 karo gà, 2 hoa cúc"", ""2 phô mai, 2 hoa cúc"", ""Combo 4 vị"", ""Combo mix 3 vị"", ""2 gà, 2 sữa"", ""2 phô mai, 2 sữa""]",15
vn:438905996:18970964057,vn,438905996,18970964057,[MUA 3 TẶNG 1 QUAT] Bánh Yến mạch Richy mini bite - Vị phô mai túi lớn 220g,2026-07-03,,"[""""]",1
vn:438905996:19448050564,vn,438905996,19448050564,[TẶNG QUẠT MINI CẦM TAY] Thùng Bánh Yến Mạch Richy vị Phô Mai vị Sữa mini bite 48 gói/ thùng,2026-07-03,Khối lượng,"[""sữa 40g ( 48 gói)"", ""phô mai 35g ( 48 gói"", ""mix(48 gói)""]",3
vn:438905996:19479438852,vn,438905996,19479438852,"[TẶNG QUẠT ĐƠN 180K] Combo 4 túi bánh quy kem dẻo Kenju 186g, Bánh Quy Nougat, Bánh Kẹo Richy",2026-07-03,,"[""""]",1
vn:438905996:19760852081,vn,438905996,19760852081,[TẶNG QUẠT MINI CẦM TAY] Thùng Bánh Yến Mạch Richy Mix vị (10 phô mai 10 sữa),2026-07-03,Thùng mix,"[""Thùng 10 túi mix"", ""Thùng 15 túi mix"", ""Thùng 20 túi mix""]",3
vn:438905996:20477673172,vn,438905996,20477673172,[HCM | MUA 3 TĂNG 1] Tổng 4 gói bánh gạo Hàn Quốc Jinju Richy vị cốm sữa ganjang mật ong và bò nướng tiêu,2026-07-03,Vị,"[""Combo 3 vị""]",1
vn:438905996:20486486922,vn,438905996,20486486922,[TẶNG QUÀ ĐƠN TỪ 129K] Bánh mì hoa cúc ngàn lớp Fes'ta Richy,2026-07-03,phân loại,"[""1 gói"", ""Combo 2 gói"", ""Combo 3 gói"", ""Combo 4 gói""]",4
vn:438905996:20652617695,vn,438905996,20652617695,[MUA 3 TẶNG 1] Bánh gạo Richy Jinju Gold hương vị Ganjang mật ong 100g,2026-07-03,Hương vị,"[""Mật Ong 100g"", ""3 gói""]",2
vn:438905996:20852613995,vn,438905996,20852613995,"[Tặng quà đơn từ 129k]Bánh Richy KARO trứng tươi chà bông (Gà/ Phô Mai/ Sữa), HSD 45-90 ngày",2026-07-03,Hương vị,"[""MỚI - VỊ SỮA"", ""Gà (gói đỏ)"", ""Phô Mai (gói cam)"", ""Chà bông gấu- new"", ""hoa cúc"", ""gấu pm""]",6
vn:438905996:21188363250,vn,438905996,21188363250,"Combo 4 Bánh Mix Vị, 2 Bánh Karo - Chà Bông, Hoàng Kim, Yến Mạch Sữa 250g, Kenju kem dẻo túi 186g",2026-07-03,,"[""""]",1
vn:438905996:21258367014,vn,438905996,21258367014,"[MUA 3 TẶNG 1 QUAT] Combo 2 Bánh Yến Mạch Richy 220g-250g, 2 vị (Sữa và Phô Mai)",2026-07-03,Combo 2 gói,"[""2 gói 2 vị"", ""2 gói Sữa 250g/gói"", ""2 gói Phô Mai220/gói""]",3
vn:438905996:21377681750,vn,438905996,21377681750,"[TẶNG QUÀ TỪ 129K] Combo "" ĂN VẶT VĂN PHÒNG"" bánh yến mạch Oatmeal và bánh quy hành kem dẻo Kenju Richy",2026-07-03,Vị,"[""Oatmeal vị sữa+Kenju"", ""phô mai+ kenju"", ""sữa+ phô mai+ kenju""]",3
vn:438905996:21479403474,vn,438905996,21479403474,[MUA 3 TẶNG 1] Bánh peppie khay vị sữa dừa 360g,2026-07-03,combo,"[""1 khay 360g"", ""combo 3 khay""]",2
vn:438905996:21658340202,vn,438905996,21658340202,[TẶNG QUẠT ĐƠN 180K] Bánh quy Richy KenJu giòn kem dẻo hương vị Nhật,2026-07-03,Khối lượng,"[""Túi 186gr (12 bánh)"", ""Hộp 279gr (18 bánh)"", ""Combo 2 hộp 279g"", ""combo 2 túi 186g""]",4
vn:438905996:21677414205,vn,438905996,21677414205,[Tặng quà đơn từ 129k] Combo 2 bịch bánh trứng tươi chà bông Karo Richy sợi thịt gà và phô mai hoàng kim 26g,2026-07-03,Vị,"[""2 bịch Chà bông Đỏ"", ""2 bịch Hoàng Kim Cam"", ""2 hoa cúc"", ""2 sữa"", ""new 2 gấu chà bông"", ""2 gấu pm"", ""2 bịch 2 vị Đỏ + Cam"", ""MỚI - 1 đỏ + 1 sữa"", ""MỚI - 1 cam + 1 sữa"", ""1 cam+1 gấu cb"", ""1 sữa+ 1 gấu cb""]",11
vn:438905996:21795581180,vn,438905996,21795581180,[MUA 1 TẶNG 1] Kẹo dẻo trái cây LOT 100 Richy vị xoài/ tổng hợp Date t2/2027,2026-07-03,Khối lượng,"[""150g"", ""225g"", ""320g""]",3
vn:438905996:21975544291,vn,438905996,21975544291,[TẶNG QUẠT MINI ĐƠN TỪ 155K] Combo 6 gói bánh yến mạch Richy vị sữa và phô mai 35g,2026-07-03,Combo,"[""6 gói vị sữa 40g/gói"", ""6 gói phô mai35g/gói"", ""6 gói mix""]",3
vn:438905996:22238396041,vn,438905996,22238396041,[TẶNG QUÀ ĐƠN TỪ 129K ]Bánh que kem chấm Wismo Richy vị socola dâu 35g,2026-07-03,Số lượng,"[""1 ly"", ""3 ly"", ""5 ly"", ""7ly""]",4
vn:438905996:22243784219,vn,438905996,22243784219,"[TẶNG QUÀ ĐƠN TỪ 129K]Combo 5 Bánh mì hoa cúc ngàn lớp Festa Richy túi 3 bánh, HSD 35 ngày từ NSX,kH cân nhắc đặt sll",2026-07-03,Số lượng,"[""1 Túi (3 bánh)"", ""Combo 3 bịch"", ""Combo 5 bịch"", ""MỚI | Combo 4 - 2 vị"", ""MỚI | Combo 5 - 2 vị""]",5
vn:438905996:22330873798,vn,438905996,22330873798,[MUA 3 TẶNG 1] Bánh Gạo JINJU RICHY vị Cốm Sữa 145g,2026-07-03,Vị,"[""1 gói"", ""combo 3 gói""]",2
vn:438905996:22462828294,vn,438905996,22462828294,"[TẶNG QUẠT ĐƠN 180K] Combo bánh quy Kenju nhiều vị, Kenju rau củ/ vị tôm,kem dẻo hành, chà bông",2026-07-03,Mix,"[""3 Rau củ"", ""3 Kem dẻo"", ""3 vị tôm"", ""3 kenju 2 lớp"", ""mix 4 vị"", ""mix vị kenju 279g"", ""2 Hộp 279g""]",7
vn:438905996:22636113353,vn,438905996,22636113353,"[TẶNG QUÀ ĐƠN TỪ 129K] Combo 6 bịch bánh Karo Richy trứng tươi chà bông và phô mai hoàng kim, HSD 45 ngày",2026-07-03,Vị,"[""6 bịch sợi gà Đỏ"", ""6 bịch Phô mai Cam"", ""6 hoa cúc"", ""Mới- 6 bịch cb gấu"", ""6 bịch gấu"", ""6 bịch sữa"", ""3 bịch Đỏ+3 bịch Cam"", ""4 Karo gà, 3 hoa cúc"", ""4 Phô mai, 3 hoa cúc"", ""MỚI - 3 sữa, 3 gà"", ""MỚI -3 sữa,3 phô mai"", ""3cb gấu- 3 kim""]",12
vn:438905996:22654206837,vn,438905996,22654206837,[MUA 3 TẶNG 1]Bánh gạo Jinju Hàn Quốc 303g,2026-07-03,combo,"[""1 gói"", ""3 gói""]",2
vn:438905996:22670919692,vn,438905996,22670919692,"[TẶNG QUẠT ĐƠN TỪ 250K] Combo 10 Bịch Bánh Richy trứng tươi Karo chà bông sợi gà, phô mai hoàng kim",2026-07-03,Vị,"[""10 gói cam"", ""5 cam- 5 đỏ"", ""10 gói đỏ"", ""12 hoa cúc"", ""5 cúc- 5 gà"", ""5 hoa cúc- 5 kim""]",6
vn:438905996:22759887263,vn,438905996,22759887263,"[TẶNG QUẠT ĐƠN 180K] Combo 3 Bịch Kenju kem dẻo 186G, bánh kẹo Richy",2026-07-03,Số lượng,"[""Combo 3 túi"", ""2 Hộp 279g""]",2
vn:438905996:22830862149,vn,438905996,22830862149,[TẶNG QUÀ ĐƠN TỪ 129K][BAO BÌ MỚI] Bánh Karo Richy bơ trứng giòn túi 150g,2026-07-03,Trọng lượng,"[""Gói 150gr"", ""Gói 270gr""]",2
vn:438905996:23044095031,vn,438905996,23044095031,[TẶNG QUẠT ĐƠN 180K] Combo 2-3 bánh quy hành Kenju Richy túi 186g - 279g,2026-07-03,Số lượng,"[""2 gói 186g"", ""2 hộp 279g"", ""3 gói 186g"", ""3 hộp 279g""]",4
vn:438905996:23117784722,vn,438905996,23117784722,[MUA 3 TẶNG 1 QUAT] Combo 2 Túi Yến Mạch Richy mini bite vị Phô Mai 220g,2026-07-03,,"[""""]",1
vn:438905996:23184849821,vn,438905996,23184849821,[TẶNG QUÀ ĐƠN TỪ 129K] [NEW] Karo chà bông gấu Richy (5 bánh/bịch) VỊ MỚI,2026-07-03,vị,"[""chà bông gấu new"", ""karo đỏ"", ""karo sữa"", ""karo phô mai"", ""karo gấu"", ""hoa cúc""]",6
vn:438905996:23476552513,vn,438905996,23476552513,[Mua 1 tặng 1]Bánh bơ trứng giòn Richy Rose Love hộp giấy 255g,2026-07-03,Kích cỡ,"[""Hộp Giấy 255g""]",1
vn:438905996:23560645214,vn,438905996,23560645214,"[TẶNG QUẠT ĐƠN 180K] [BAO BÌ MỚI] Bánh quy Kenju Richy vị rau củ, vị tôm túi 192g, hộp 288g, Bánh Kẹo Richy",2026-07-03,Số lượng,"[""Túi 192g"", ""2 túi 192g"", ""Hộp 288g"", ""2 hộp 288g"", ""2 hộp 168g"", ""3 Rau Củ"", ""VỊ MỚI"", ""3 KENJU TÔM""]",8
vn:438905996:23651446221,vn,438905996,23651446221,[QUÀ TẶNG KHÔNG BÁN] Bánh yến mạch Oatmeal Richy,2026-07-03,Loại,"[""Yến mạch vị sữa 40g"", ""Combo 3 túi YM 40g"", ""Combo 5 túi YM 40g"", ""Yến mạch lọ 110g"", ""Yến mạch 220g"", ""Yến mạch trái tim""]",6
vn:438905996:23738702520,vn,438905996,23738702520,"[VỊ MỚI | MUA 3 TẶNG 1] Tổng 4 gói Bánh phủ socola Peppie Richy vị Dưa lưới/Vani cốm/Caramen, loại khay 360g",2026-07-03,Vị,"[""NEW - MUA 3 ĐƯỢC 4"", ""Đỏ- vani 3 được 4"", ""Dừa - 3 được 4"", ""Lá dứa - 3 được 4"", ""Caramel - 3 được 4"", ""Peppie khay Đỏ Vani"", ""Peppie khay sữa dừa"", ""Peppie khay vị Dứa"", ""NEW - MUA 2 ĐƯỢC 3"", ""Mix vị - 3 được 4""]",10
vn:438905996:23826107700,vn,438905996,23826107700,VỊ MỚI | MUA 3 TẶNG 1] Tổng 4 gói Bánh phủ socola Peppie Richy vị Vani loại khay 360g,2026-07-03,Phân loại,"[""1 khay 360g"", ""Combo 3 khay 360g""]",2
vn:438905996:24002925688,vn,438905996,24002925688,"[MUA 1 TẶNG 1] Hộp Bánh Bông Lan phủ socola Peppie Richy Hoàng Kim, Phú Quý - Hộp Giấy 468g",2026-07-03,Màu sắc,"[""Hộp Hoàng Kim"", ""Hộp Phú Quý""]",2
vn:438905996:24095062354,vn,438905996,24095062354,[QUÀ TẶNG KHÔNG BÁN] Bánh chấm Wismo Richy nhiều vị 22g,2026-07-03,Vị,"[""Vị bơ sữa"", ""Vị dâu"", ""Vị socola""]",3
vn:438905996:24700119875,vn,438905996,24700119875,[MUA 3 TẶNG 1 QUAT] Combo 3 túi bánh yến mạch Oatmeal Richy 220g- 250g,2026-07-03,Combo,"[""3 sữa"", ""3 phô mai"", ""2 sữa - 1 phô mai"", ""2 phô mai-1 sữa""]",4
vn:438905996:25052927410,vn,438905996,25052927410,[MUA 3 TẶNG 1] Bánh peppie khay vị lá dứa 360g,2026-07-03,Vị,"[""1 khay 360g"", ""Combo 3 khay 360g""]",2
vn:438905996:25145752808,vn,438905996,25145752808,"[MUA 10 TẶNG 5] Combo 10 Bánh mì Hotdog Vị Gà nướng Phô mai 42g, HSD 35 ngày",2026-07-03,Combo,"[""10 Tặng 5"", ""3 gà, 3 hotdog"", ""3 PM, 3 hotdog"", ""4 hoa cúc, 6 hotdog""]",4
vn:438905996:25344436117,vn,438905996,25344436117,"[Tặng quà đơn từ 129k]Combo 5 bánh mix vị, Bánh mì hoa cúc ngàn lớp Fes'ta, Bánh Karo Gấu phô mai 8 bánh/bịch, HSD 35-",2026-07-03,Combo,"[""2 hoa cúc, 2 gấu"", ""4 bánh mix"", ""5 karo mix vị""]",3
vn:438905996:25744440915,vn,438905996,25744440915,"[Tặng quà đơn từ 129k]Combo 4 Bánh mix vị, Bánh Karo chà bông 6 bánh/bịch, Bánh Karo Gấu phô mai, HSD 45 ngày",2026-07-03,Combo,"[""2 gà, 2 gấu"", ""2 phô mai, 2 gấu"", ""4 loại bánh"", ""MỚI,2 sữa + 2 gà"", ""MỚI,2 sữa +2 phô mai"", ""MỚI,4 sữa"", ""MỚI,2 sữa + 2 gấu""]",7
vn:438905996:25950531610,vn,438905996,25950531610,"[ TẶNG QUẠT ĐƠN TỪ 250K] Thùng bánh mì hoa cúc ngàn lớp Festa Richy, HSD 35 ngày, Khách cân nhắc khi đặt SL lớn",2026-07-03,Combo,"[""Thùng 24 bịch"", ""Thùng 16 bịch""]",2
vn:438905996:26010792468,vn,438905996,26010792468,[Tặng quà đơn 129k] Bánh Karo Gấu Richy - Bánh Chà Bông Nhân Phô Mai Trứng - Date 45 Ngày,2026-07-03,Combo,"[""1 Gói 2 Gấu"", ""Bịch 4 bánh hình gấu"", ""Bịch 8 bánh hình gấu""]",3
vn:438905996:26284532008,vn,438905996,26284532008,"[Tặng quà đơn từ 129k]Combo 6 bánh mix vị, Bánh mì hoa cúc ngàn lớp Fes'ta, Bánh Karo gấu phô mai, HSD 35-45 ngày",2026-07-03,Combo,"[""Combo 4"", ""Combo 6""]",2
vn:438905996:26411335415,vn,438905996,26411335415,"[QUÀ TẶNG | GIAO MÀU NGẪU NHIÊN] Ly Kenju Richy cao cấp có ống hút, dung tích lớn",2026-07-03,,"[""""]",1
vn:438905996:26488409967,vn,438905996,26488409967,"[TẶNG QUÀ ĐƠN TỪ 129K] Combo 4 bịch bánh Karo chà bông sợi gà, Karo chà bông hoàng kim, HSD 45 ngày",2026-07-03,Vị,"[""4 bịch Chà bông Đỏ"", ""4 bịch Phô mai Cam"", ""4 hoa cúc"", ""MỚI - 4 bịch Sữa"", ""New- 4 gấu chà bông"", ""4 gấu phô mai"", ""2 bịch Đỏ+2 bịch Cam"", ""MỚI - 2 gà, 2 sữa"", ""MỚI - 2 PM, 2 sữa"", ""Combo mix""]",10
vn:438905996:26579122800,vn,438905996,26579122800,[MUA 3 TẶNG 1 QUAT] Combo 4 túi yến mạch sữa - phô mai 250g-220g,2026-07-03,Combo,"[""4 túi sữa"", ""4 phô mai"", ""2 sữa- 2 phô mai""]",3
vn:438905996:26589754927,vn,438905996,26589754927,"[ TẶNG QUẠT MINI ĐƠN TỪ 250K] Set bánh tươi mix vị từ 24-36 chiếc karo: gà, phô mai, sữa, gấu, festa hoa cúc, yến mạch.",2026-07-03,Combo,"[""Combo 24 bánh"", ""Combo 25 bánh"", ""Combo mix 31 bánh"", ""Combo 34 bánh"", ""Combo mix 20 chiếc"", ""Combo mix 23 chiếc"", ""Combo mix 33 chiêc""]",7
vn:438905996:28045099629,vn,438905996,28045099629,"[MUA 1 TẶNG 1] Majestic HT Hoa Nhí 310g xanh, đỏ, bánh kẹo Richy",2026-07-03,màu,"[""Đỏ"", ""Xanh""]",2
vn:438905996:28236664738,vn,438905996,28236664738,"[TẶNG QUẠT ĐƠN 180K] Combo 3 Túi Bánh Kenju Rau Củ vị Tôm 192g, Bánh Quy vị Tôm thật - Bánh kẹo Richy",2026-07-03,Combo,"[""3 Bịch Tôm"", ""2 Rau củ, 1 Tôm"", ""2 Kem dẻo, 1 Tôm"", ""2 Latte, 1 Tôm"", ""2 Chà Bông, 1 Tôm"", ""3 Bịch Mix Vị"", ""2 tôm , 1 kem dẻo""]",7
vn:438905996:28438413736,vn,438905996,28438413736,"[TẶNG QUẠT ĐƠN 180K] Combo 2 Bánh Kenju kem dẻo túi 186g, Bánh Kenju rau củ túi 192g, Bánh Kẹo Richy",2026-07-03,Mix,"[""2 Rau củ"", ""2 Kem dẻo"", ""1 kem dẻo, 1 rau củ"", ""1 kem dẻo, 1 tôm"", ""2 tôm""]",5
vn:438905996:28488287544,vn,438905996,28488287544,"[Tặng quà đơn từ 129k] Combo Bánh Tươi các vị, Bánh Karo chà bông, Karo Gấu phô mai, Bánh mì hoa cúc, HSD 35-45ngày",2026-07-03,Combo,"[""4 Bịch mix vị"", ""5 Bịch mix vị""]",2
vn:438905996:28526139038,vn,438905996,28526139038,"[QUÀ TẶNG KHÔNG BÁN] Bánh yến mạch phô mai, túi 35g",2026-07-03,,"[""""]",1
vn:438905996:29088108842,vn,438905996,29088108842,"[MỚI | MUA 8 TẶNG 2] Combo 8 Bánh mì Hotdog Vị Gà nướng Phô mai 42g, HSD 35 ngày",2026-07-03,Combo,"[""8 Tặng 2""]",1
vn:438905996:29575235557,vn,438905996,29575235557,[MUA 1 TẶNG 1] Kẹo LOT 100 Cocoaland vị xoài túi 1kg,2026-07-03,Hương vị,"[""Tổng hợp"", ""Xoài""]",2
vn:438905996:29727728677,vn,438905996,29727728677,"[Tặng quà đơn từ 129k]Combo"" TIỆN -NGON- KHỎI ""NGHĨ 3 Bánh Karo chà bông mix 3 Bánh mì hoa cúc ngàn lớp",2026-07-03,Combo,"[""3 Gà + 3 Hoa cúc"", ""3 Phô mai + 3 Hoacúc"", ""6 Bánh mix 1"", ""6 Bánh mix 2"", ""3 gấu cb+ 3 hoa cúc"", ""3 Gà , 3 Hoa cúc"", ""3 Phô mai, 3 Hoacúc"", ""6 Bánh mix""]",8
vn:438905996:29738422873,vn,438905996,29738422873,"[Tặng quà đơn từ 129k]Combo 5 bịch bánh Mix vị, 2 bánh Karo chà bông, 3 bánh mì hoa cúc, Bánh mì Lụa Fe'sta , HSD 35-4",2026-07-03,Vị,"[""2 karo gà, 3 hoa cúc"", ""2 phô mai, 3 hoa cúc"", ""MỚI: 4 lụa + 2 gà"", ""MỚI: 4 lụa + 2 PM"", ""MỚI: Mix 3 vị"", ""MỚI: Mix 4 vị""]",6
vn:438905996:40157591819,vn,438905996,40157591819,"[TẶNG QUÀ ĐƠN TỪ 109K] Combo 5 bịch bánh Karo chà bông sợi gà, Bánh ăn sáng, Bánh kẹo Richy, HSD 45 ngày",2026-07-03,Vị,"[""5 bịch Chà bông Đỏ"", ""5 bịch Phô Mai Cam"", ""MỚI - 5 bịch Sữa"", ""5 gấu"", ""5 gấu cb"", ""5 hoa cúc"", ""2 gà, 3 phô mai"", ""2 phô mai, 3 gà"", ""3 gà, 2 sữa"", ""3 phô mai, 2 sữa"", ""5 mix vị""]",11
vn:438905996:40507120621,vn,438905996,40507120621,"[Tặng quà đơn từ 129k]Combo 4 Bịch, Bánh Karo chà bông sợi gà, Bánh mì hoa cúc Fe'sta, Bánh tươi, HSD 35-45 ngày",2026-07-03,Vị,"[""2 gà, 2 hoa cúc"", ""2 PM, 2 hoa cúc"", ""2 gấu cb, 2 hoa cúc"", ""2 sữa, 2 hoa cúc""]",4
vn:438905996:40581612807,vn,438905996,40581612807,"[MUA 1 TẶNG 1] KENJU trà sữa 288gram, bánh kẹo Richy Date t1/2027",2026-07-01,combo,"[""mua 1+1""]",1
vn:438905996:41307588613,vn,438905996,41307588613,"[Tặng 2 quà đơn từ 129k] Combo 3 bịch bánh Karo chà bông sợi gà, Bánh ăn sáng, Bánh kẹo Richy, HSD 45 ngày",2026-07-03,Vị,"[""3 bịch Chà bông Đỏ"", ""3 bịch Phô mai Cam"", ""3 bịch Sữa"", ""NEW 3 gấu chà bông"", ""3 hoa cúc"", ""3 gấu pm""]",6
vn:438905996:41628205893,vn,438905996,41628205893,"[MUA 2 TẶNG 1 QUẠT] Combo 2 Kenju Gà Nướng Phô Mai, Kenju 2 Lớp Chà Bông, Túi 216g, Bánh Kẹo Richy",2026-07-03,Combo,"[""2 Túi""]",1
vn:438905996:42500556873,vn,438905996,42500556873,"[TẶNG QUẠT ĐƠN 180K] Combo Bánh Kenju, Kenju Kem Dẻo, Kenju Rau Củ,, kenju tôm",2026-07-03,Combo,"[""3 Túi rau củ"", ""3 túi tôm"", ""3 kem dẻo"", ""2 Hộp 279g"", ""3 Túi mix"", ""Mix 4 vị"", ""3 Chà bông""]",7
vn:438905996:43357596628,vn,438905996,43357596628,"[Tặng quà đơn 129k]Combo 2-3 bịch Bánh Karo Gấu nhân phô mai béo ngậy, HSD 45 ngày - cân nhắc khi đặt SLL",2026-07-03,Combo,"[""1 Bịch"", ""Combo 2 Bịch"", ""Combo 3 bịch""]",3
vn:438905996:43357600879,vn,438905996,43357600879,"[TẶNG QUÀ ĐƠN TỪ 129K]Combo 4 bịch bánh Karo Gấu chà bông nhân phô mai béo ngậy, HSD 45 ngày - cân nhắc khi đặt SLL",2026-07-03,Combo,"[""1 Bịch"", ""Combo 4 Bịch""]",2
vn:438905996:43600566645,vn,438905996,43600566645,[TẶNG QUẠT ĐƠN 180K] Combo 2 -4 túi kenju rau củ 192g Bánh Kẹo Richy,2026-07-03,Combo,"[""2 Hộp Rau Củ"", ""2 Hộp Kem Dẻo"", ""2 Hộp MIx"", ""Combo 2 túi 192g"", ""Combo 4 túi 192g""]",5
vn:438905996:43807592371,vn,438905996,43807592371,"[TẶNG QUẠT ĐƠN TỪ 250K] Combo 8 bịch Bánh Karo chà bông sợi gà, Bánh tươi, Bánh kẹo Richy, HSD 45 ngày - cân nhắ",2026-07-03,Vị,"[""8 bịch Chà bông Đỏ"", ""8 bịch Phô mai Cam"", ""Mix 2 vị"", ""8 hoa cúc"", ""4 gà- 4 sữa"", ""4 kim- 4 sữa""]",6
vn:438905996:43852307558,vn,438905996,43852307558,"Thùng bánh gạo Jinju, Bánh gạo mật ong, Bánh gạo cốm sữa, Bánh gạo muối hồng, Bánh gạo bò tiêu, - Bánh kẹo Richy",2026-07-03,Thùng,"[""Thùng mật ong x 20"", ""Thùng cốm sữa x 20"", ""Thùng bò tiêu x 20"", ""Thùng muối hồng x 20""]",4
vn:438905996:43957595456,vn,438905996,43957595456,"[Tặng quà đơn từ 129k]Combo 7 bánh Mix vị, 4 bịch Karo chà bông, 3 bịch Bánh mì hoa cúc Fe'sta, HSD 35-45 ngày",2026-07-03,Vị,"[""4 Karo gà, 3 hoa cúc"", ""4 Phô mai, 3 hoa cúc""]",2
vn:438905996:44007597771,vn,438905996,44007597771,"[TẶNG QUẠT ĐƠN 180K] Combo 2-4 bịch Bánh quy Kenju rau củ vị Tôm giòn rụm, Bánh snack ăn vặt, Túi 192g,",2026-07-03,Combo,"[""2 Túi"", ""3 Túi"", ""4 túi""]",3
vn:438905996:45410969628,vn,438905996,45410969628,[MUA 1 TẶNG 1]Kẹo Dẻo Richy 4D Fruit Gummies 246g Sốt Trái Cây Tươi Vị Đào/ Xoài Ngọt Ngào Date t11/2026,2026-07-03,COMBO,"[""Vị Xoài 246g"", ""Vị đào 246g"", ""Combo xoài- đào""]",3
vn:438905996:45460311001,vn,438905996,45460311001,"[TẶNG QUẠT ĐƠN 180K] Thùng bánh quy hành Kenju kem dẻo loại túi - 186g (18 túi/Thùng), Bánh Kẹo Richy",2026-07-03,,"[""""]",1
vn:438905996:46712105892,vn,438905996,46712105892,"[ MUA 1 TẶNG 1, MUA 2 TẶNG 2,...] WISMO BÁNH QUE PHỦ KEM VỊ SOCOLA / DÂU / VANI – HỘP 400G (20 GÓI NHỎ)",2026-07-03,vi,"[""mua 1 tặng 1vị vali"", ""mua 1 tặng 1vị dâu"", ""mua 1 tặng 1vị scl"", ""combo vali,dâu+2"", ""combo scl,dâu+2"", ""combo scl,vali+2"", ""3 vị+3"", ""scl+dâu"", ""dâu+vali"", ""vali+scl""]",10
vn:438905996:46800472365,vn,438905996,46800472365,"[MUA 1 TẶNG 1] Hộp Bánh Tết Kenju Kim Cương, Kenju Rau Củ, Kenju Tôm, Kenju Kem Dẻo, Hộp Giấy 325g-360g",2026-07-03,Màu sắc,"[""Hộp Đỏ 325g"", ""Hộp Xanh 360g"", ""Hộp Cam 360g+1"", ""MÀU NGẪU NHIÊN"", ""BAO BÌ MỚI|Xanh 360g"", ""BAO BÌ MỚI|Cam 360g""]",6
vn:438905996:46805415448,vn,438905996,46805415448,"[MUA 2 TẶNG 1 QUẠT]Combo 3 Bịch Kenju Gà Nướng Phô Mai, Kenju 2 Lớp Chà Bông, Túi 216g, Bánh Kẹo RichyCombo 3 Bịch Kenju",2026-07-03,Combo,"[""3 Túi Chà Bông""]",1
vn:438905996:46961314681,vn,438905996,46961314681,"[MUA 1 TẶNG 1] KENJU ĐẬU NÀNH MÈ NGON, Bánh kẹo Richy Date t12/2026",2026-07-03,Combo,"[""1 Hộp+1"", ""2 Hộp+2""]",2
vn:438905996:47161022997,vn,438905996,47161022997,"[TẶNG QUẠT ĐƠN 180K] COMBO 4 kenju mix vị, 2 kem dẻo 186g, 2 kenju tôm",2026-07-03,,"[""""]",1
vn:438905996:47461246089,vn,438905996,47461246089,"QUÀ TẶNG KHÔNG BÁN- TẶNG VỊ NGẪU NHIÊN BÁNH GẠO JINJU VỊ BÒ TIÊU, MUỐI HỒNG DATE T11/2026",2026-07-03,CB,"[""VỊ BÒ TIÊU"", ""VỊ MUỐI HỒNG""]",2
vn:438905996:47560964182,vn,438905996,47560964182,"[TẶNG QUÀ ĐƠN TỪ 129K] [New]Combo 4 bịch bánh Karo Gấu chà bông, HSD 45 ngày - cân nhắc khi đặt SLL",2026-07-03,,"[""""]",1
vn:438905996:47959526710,vn,438905996,47959526710,[Tặng quà đơn 129k] [BAO BÌ MỚI] Combo 2 Túi Bánh Karo Richy Bơ Trứng Giòn 150g,2026-07-03,Combo,"[""Combo 2 gói"", ""Combo 3 gói"", ""Combo 5 gói""]",3
vn:438905996:48206797229,vn,438905996,48206797229,"[TẶNG QUÀ ĐƠN TỪ 129K]Combo 4 Bịch Bánh Mì Hoa Cúc, Bịch 3 Bánh, Bánh mì ăn sáng Bánh kẹo Richy - HSD 35 ngày",2026-07-03,Số lượng,"[""Combo 4 bịch""]",1
vn:438905996:48961223310,vn,438905996,48961223310,"[TẶNG QUÀ ĐƠN TỪ 129K] Combo 4 Karo chà bông gấu mix vị, bánh kẹo richy, HSD 45 NGÀY, khách hàng lưu ý đặt sll",2026-07-03,Combo,"[""2 gấu cb, 2 gà"", ""2 gấu cb, 2 pm"", ""2 gấu cb, 2 sữa"", ""2 gấu cb, 2 gấu pm"", ""2 gấu cb, 2 hoa cúc""]",5
vn:438905996:49106797794,vn,438905996,49106797794,"[TẶNG QUÀ ĐƠN TỪ 129K]Combo 8 Bịch Bánh Mì Hoa Cúc Ngàn Lớp, Bịch 3 Bánh,Bánh kẹo richy",2026-07-03,Combo,"[""Combo 8 túi""]",1
vn:438905996:49410301908,vn,438905996,49410301908,[ QUÀ TẶNG KHÔNG BÁN] TẶNG VỊ NGẪU NHIÊN KẸO DẺO 4D RICHY VỊ ĐÀO/ XOÀI HỘP 216GRAM,2026-07-03,,"[""""]",1
vn:438905996:49460368720,vn,438905996,49460368720,"[TẶNG QUẠT ĐƠN 180K] Combo 4 kenju rau củ và kenju tôm, bánh kẹo Richy",2026-07-03,,"[""""]",1
vn:438905996:49559932159,vn,438905996,49559932159,"[ TẶNG QUẠT ĐƠN TỪ 250K]Combo 10 - 12 Bịch Bánh Mì Hoa Cúc, Bịch 3 Bánh, Bánh ăn sáng, Bánh kẹo Richy - HSD 35 ngày",2026-07-03,Số lượng,"[""Combo 10 bịch"", ""Combo 12 bịch""]",2
vn:438905996:49660842718,vn,438905996,49660842718,"[TẶNG QUẠT ĐƠN 180K] Bánh quy Kenju giòn đậu nành, Kenju trà sữa hộp 288gr, Bánh Kẹo Richy",2026-07-03,Combo,"[""Đậu nành"", ""Trà sữa"", ""Combo mix vị"", ""combo 2 đậu nành"", ""Combo 2 trà sữa""]",5
vn:438905996:50410083782,vn,438905996,50410083782,"[MUA 3 TẶNG 1] Bánh Gạo JINJU RICHY muối hồng Gói 134,4g",2026-07-03,combo,"[""1 gói"", ""3 gói""]",2
vn:438905996:50712699876,vn,438905996,50712699876,[QUÀ TẶNG KHÔNG BÁN] Kenju trà sữa 120g date t12/2026,2026-07-03,,"[""""]",1
vn:438905996:50861006954,vn,438905996,50861006954,"[TẶNG QUẠT ĐƠN 180K] COMBO 4 kenju mix vị, 2 kem dẻo 186g, 2 kenju rau củ",2026-07-03,,"[""""]",1
vn:438905996:51410286188,vn,438905996,51410286188,[MUA 3 TẶNG 1 QUAT] Combo 6 túi yến mạch sữa - phô mai 250g-220g,2026-07-03,Combo,"[""6 túi sữa"", ""6 phô mai"", ""3 sữa- 3 phô mai""]",3
vn:438905996:51460942294,vn,438905996,51460942294,"[NEW] [TẶNG QUÀ ĐƠN TỪ 129K]Combo 3 Karo Gấu chà bông, Bánh kẹo Richy",2026-07-03,Combo,"[""1 gói"", ""combo 2 gói"", ""Combo 3 gói"", ""Combo 4 gói""]",4
vn:438905996:52710351721,vn,438905996,52710351721,[TẶNG QUẠT ĐƠN 250K]Thùng 24 gói nhỏ ( 6 túi lớn) bánh Karo gấu chà bông phô mai bánh gấu,2026-07-03,,"[""""]",1
vn:438905996:53210360524,vn,438905996,53210360524,"[TẶNG QUÀ ĐƠN TỪ 129K] COMBO 4 TÚI: Kenju kem dẻo 186g, kenju 2 lớp, ym phô mai 220g, ym sữa 250g",2026-07-03,,"[""""]",1
vn:438905996:53551695912,vn,438905996,53551695912,"[Tặng quà đơn từ 129k]Combo 3 bịch Karo Sữa, Vị nguyên bản, Karo chà bông sợi gà, Karo phô mai hoàng kim, HSD 45-90 ng",2026-07-03,Vị,"[""MỚI 3 bịch Sữa"", ""2 gà, 1 phô mai"", ""2 phô mai, 1 gà""]",3
vn:438905996:54709901533,vn,438905996,54709901533,"[Tặng quà đơn từ129k][VỊ SỮA MỚI] Combo 3 bịch bánh Karo chà bông sợi gà, Bánh ăn sáng, Bánh kẹo Richy, HSD 45 ngày",2026-07-03,Vị,"[""3 bịch Chà bông Đỏ"", ""3 bịch Phô mai Cam"", ""MỚI 3 bịch Sữa"", ""New 3 gấu chà bông"", ""3 bịch hoa cúc"", ""3 gấu pm""]",6
vn:438905996:55962469680,vn,438905996,55962469680,"[MUA 1 TẶNG 1] Bánh quy sữa dừa HG 108g (Merry), Date t12/2026",2026-07-03,,"[""""]",1
vn:438905996:56061511146,vn,438905996,56061511146,"[QUÀ TẶNG KHÔNG BÁN] QUẠT MINI CẦM TAY 100 NẤC GIÓ, MÀN HÌNH LED THÔNG MINH",2026-07-03,,"[""""]",1
vn:438905996:56062041503,vn,438905996,56062041503,"[ TẶNG QUẠT ĐƠN TỪ 250K] [NEW] Thùng 60 bánh karo gấu chà bông 100g, 5 bánh/ túi, date 45 ngày",2026-07-03,combo,"[""Thùng 12 túi"", ""Thùng 24 túi""]",2
vn:438905996:56210343716,vn,438905996,56210343716,[MUA 2 TẶNG 1 QUẠT] Combo 4 bánh kenju kem dẻo và kenju gà phô mai 2 lớp,2026-07-03,Combo,"[""combo 1- kenju 186g"", ""Combo 2-kenju 279g""]",2
vn:438905996:56310231315,vn,438905996,56310231315,[TẶNG QUẠT ĐƠN TỪ 180K] Thùng kenju tôm 18 gói/ thùng,2026-07-03,,"[""""]",1
vn:438905996:56612119914,vn,438905996,56612119914,[ QUÀ TẶNG KHÔNG BÁN] DATE T11/2026 BÁNH KARO BƠ TRỨNG GIÒN 150G,2026-07-03,,"[""""]",1
vn:438905996:56811471193,vn,438905996,56811471193,"[MUA 1 TẶNG 1] Bánh quy Merry sữa dừa hộp 396g, bánh kẹo Richy Date t9/2026",2026-07-03,Combo,"[""Mua 1 tặng 1"", ""Mua 2 tặng 2""]",2
vn:438905996:56860203157,vn,438905996,56860203157,"[ Tặng quà đơn từ 129k] Combo 4 karo sợi gà, karo phô mai, karo bơ trứng giòn, bánh kẹo Richy",2026-07-03,Combo,"[""2giòn+1 gà+ 1 PM"", ""2Gion+ 2ga"", ""2 giòn+ 2PM""]",3
vn:438905996:57210285849,vn,438905996,57210285849,"[TẶNG QUẠT ĐƠN TỪ 180K] Thùng bánh quy hành Kenju rau củ - 192g (18 túi/Thùng), Bánh Kẹo Richy",2026-07-03,,"[""""]",1
vn:438905996:57259950354,vn,438905996,57259950354,[MUA 1 TẶNG 1]Kẹo Dẻo Richy 4D Fruit Gummies 216g Sốt Trái Cây Tươi Vị Đào/ Xoài Ngọt Ngào,2026-07-03,COMBO,"[""Vị Xoài"", ""Vị đào"", ""Combo xoài- đào""]",3
vn:438905996:57260349532,vn,438905996,57260349532,"[TẶNG QUẠT ĐƠN 180K] COMBO ĂN VẶT: Kenju rau củ, kenju tôm, yến mạch phô mai 220g, ym sữa 250g",2026-07-02,,"[""""]",1
vn:438905996:57701686736,vn,438905996,57701686736,"[Tặng quà đơn từ 129k]Combo 4 bịch Karo Sữa, VỊ nguyên bản, Karo Chà Bông Sợi Gà, Karo Phô Mai Hoàng Kim, Bánh Kẹo Ric",2026-07-03,Vị,"[""Combo 4 sữa"", ""2 gà, 2 sữa"", ""2 phô mai, 2 sữa""]",3
vn:438905996:57862356488,vn,438905996,57862356488,"[TẶNG BÁNH NGẪU NHIÊN ]ÁNH LẺ KARO SỢI GÀ, KARO HOÀNG KIM, KARO GẤU PHÔ MAI, BÁNH MÌ HOA CÚC DATE 12/7",2026-07-03,VỊ,"[""bánh lẻ gà+ kim"", ""bánh gấu phô mai""]",2
vn:464391416:11213091333,vn,464391416,11213091333,Bánh Xốp Ống Nhân Kem Cốm Miniwaf HẢI HÀ Thơm Ngon Mùi Cốm Xanh Mới Túi 330g,2026-07-03,,"[""""]",1
vn:464391416:11395342887,vn,464391416,11395342887,Combo 3 bánh kem xốp HẢI HÀ - Túi 230g,2026-07-03,,"[""""]",1
vn:464391416:14285234900,vn,464391416,14285234900,Combo 2 Túi Bánh Socola Mềm LongPie Hải Hà - Hộp 216g,2026-07-03,,"[""""]",1
vn:464391416:14517785671,vn,464391416,14517785671,Bánh Trứng Sữa SOZOLL HẢI HÀ Giàu Dinh Dưỡng - Hộp 300 Gram,2026-07-03,Combo,"[""1 Túi"", ""Combo 3 Túi"", ""Combo 5 Túi""]",3
vn:464391416:16365981952,vn,464391416,16365981952,Bánh Kem Xốp Cream Wafer HẢI HÀ (Túi: 475g),2026-07-03,Combo,"[""Combo 5 Túi"", ""Combo 3 Túi"", ""1 Túi""]",3
vn:464391416:17566024845,vn,464391416,17566024845,Combo 3 Kẹo Dẻo Jelly HẢI HÀ Hương Trái Cây Tổng Hợp - Túi 175g,2026-07-03,,"[""""]",1
vn:464391416:19002502525,vn,464391416,19002502525,Kẹo dẻo Jelly Chip Chip HẢI HÀ - Túi 100 Gram - Combo 3 túi tiện lợi,2026-07-03,,"[""""]",1
vn:464391416:20637494201,vn,464391416,20637494201,Combo 10 Kẹo dẻo Jelly Chip Chip 175g[TẶNG 1 JELLY CHIP CHIP 175G],2026-07-03,,"[""""]",1
vn:464391416:21202484546,vn,464391416,21202484546,Combo 3 Túi Kẹo Dẻo Chipchip HẢI HÀ - Túi 450g,2026-07-03,,"[""""]",1
vn:464391416:4292568126,vn,464391416,4292568126,Kẹo Socola Viên Sofee Hải Hà (Túi: 250g),2026-07-03,Combo,"[""Combo 5 Túi"", ""Combo 3 Túi"", ""1 Túi""]",3
vn:464391416:9776658104,vn,464391416,9776658104,Bánh Tảo Biển Kami Hải Hà - Hàng Chính Hãng (Hộp: 230g) - Bánh quy mặn vị tảo biển,2026-07-03,Combo,"[""1 Túi"", ""Combo 3 Túi"", ""Combo 5 Túi""]",3
vn:464391416:9970000081,vn,464391416,9970000081,Kẹo Sữa Bò GoodMilk Hải Hà - Hàng Chính Hãng (Túi: 140g),2026-07-03,Combo,"[""Combo 5 Túi"", ""Combo 3 Túi"", ""1 Túi""]",3
