platform,key,country_code,date,shop_id,shop_slug,shop_name,location,item_id,product_name,url,image_url,images,seller_flag,seller_flag_hash,image_overlay,image_overlay_hash,is_ad,is_sold_out,shopee_verified,ctime,price,price_original,price_before_promo,discount_percent,promotion_id,voucher_code,voucher_discount,voucher_start_time,voucher_end_time,voucher_min_spend,history_sold_value,monthly_sold_value,rating,rating_count,rating_count_detail,vouchers,brand,brand_id,catid,global_catids,liked_count,tier_variation_name,tier_variation_options
Shopee,,vn,2026-07-01,1145316676,nestlehealthscience,Nestlé Health Science,Thành phố Hà Nội,24135901205,Thùng 36 Hộp Sữa Pha Sẵn NESTLÉ NUTREN JUNIOR Thụy Sĩ Công Thức BIG Tăng Trưởng 110ML,https://shopee.vn/product/1145316676/24135901205,https://down-vn.img.susercontent.com/file/sg-11134201-825bc-mq3tsbgmk0zx3e,"[""https://down-vn.img.susercontent.com/file/sg-11134201-825bc-mq3tsbgmk0zx3e"", ""https://down-vn.img.susercontent.com/file/vn-11134207-820l4-mi2wjdce2ryb78"", ""https://down-vn.img.susercontent.com/file/vn-11134207-820l4-mi2wjd6j2cqp1a"", ""https://down-vn.img.susercontent.com/file/vn-11134207-820l4-mi2tzmssy6814d"", ""https://down-vn.img.susercontent.com/file/vn-11134207-820l4-mi2wjdasda1226"", ""https://down-vn.img.susercontent.com/file/vn-11134207-820l4-mi2twbbaz30i3f"", ""https://down-vn.img.susercontent.com/file/vn-11134207-820l4-mi2wgwpbxszke2""]","[""OFFICIAL_SHOP""]","[""vn-11134258-7r98o-lyb3kdam2qw17d""]",30VCX[26.6-9.7.2026],vn-11134258-81ztc-mpuan4n576yqc2,False,False,False,1726042516,532980,928800,708000,43,473499643232359,17GIAM350K2,125020,1782838800,1782925140,600000,5000.0,2000.0,4.921176470588235,853,"[9, 4, 2, 15, 823]","[""Mua để nhận quà""]",Nutren Junior,1146828.0,100632,"[100632, 100681, 100991]",326,Phân loại,"[""Date 12 tháng"", ""Date 4/2026""]"
Shopee,,vn,2026-07-01,1145316676,nestlehealthscience,Nestlé Health Science,Thành phố Hà Nội,26429048596,"Sữa Bột NESTLÉ PEPTAMEN Thụy Sĩ Hỗ Trợ Người Kém Hấp Thu,Giảm Chức Năng Tiêu Hóa 400G",https://shopee.vn/product/1145316676/26429048596,https://down-vn.img.susercontent.com/file/sg-11134201-8259j-mq3tschxue4i66,"[""https://down-vn.img.susercontent.com/file/sg-11134201-8259j-mq3tschxue4i66"", ""https://down-vn.img.susercontent.com/file/vn-11134207-820l4-mi2wsy0xa03se4"", ""https://down-vn.img.susercontent.com/file/vn-11134207-820l4-mi2wsy6tnl6s7c"", ""https://down-vn.img.susercontent.com/file/vn-11134207-820l4-mi2wsy80m4g6bf"", ""https://down-vn.img.susercontent.com/file/vn-11134207-820l4-mi2wsy5gnbwid1"", ""https://down-vn.img.susercontent.com/file/vn-11134207-820l4-mi2wsy0zrwg4d0"", ""https://down-vn.img.susercontent.com/file/vn-11134207-820l4-mi2wsy0zqhvo08"", ""https://down-vn.img.susercontent.com/file/vn-11134207-820l4-mi2wsy1h3kld2d"", ""https://down-vn.img.susercontent.com/file/vn-11134207-820l4-mi2wsy1halfs42""]","[""OFFICIAL_SHOP""]","[""vn-11134258-7r98o-lyb3kdam2qw17d""]",30VCX[26.6-9.7.2026],vn-11134258-81ztc-mpuan4n576yqc2,False,False,False,1741600748,542700,830000,720000,35,473499643232359,17GIAM350K2,127300,1782838800,1782925140,600000,711.0,150.0,5.0,10,"[0, 0, 0, 0, 10]","[""Mua để nhận quà""]",Peptamen,1146890.0,100629,"[100629, 100652, 100838, 101596]",138,,"[""""]"
Shopee,,vn,2026-07-01,1145316676,nestlehealthscience,Nestlé Health Science,Thành phố Hà Nội,26229062943,"Sữa Bột NESTLÉ PEPTAMENJUNIOR Thụy Sĩ Hỗ Trợ Kém Hấp Thu,Giảm Chức Năng Tiêu Hóa 400G",https://shopee.vn/product/1145316676/26229062943,https://down-vn.img.susercontent.com/file/sg-11134201-825a7-mq3tsch8r6yodc,"[""https://down-vn.img.susercontent.com/file/sg-11134201-825a7-mq3tsch8r6yodc"", ""https://down-vn.img.susercontent.com/file/vn-11134207-820l4-mi2wrk0yncap32"", ""https://down-vn.img.susercontent.com/file/vn-11134207-820l4-mi2wrk18oc8xa0"", ""https://down-vn.img.susercontent.com/file/vn-11134207-820l4-mi2wrk3wtfk784"", ""https://down-vn.img.susercontent.com/file/vn-11134207-820l4-mi2wrk7ci7sx60"", ""https://down-vn.img.susercontent.com/file/vn-11134207-820l4-mi2wrk14uolj84"", ""https://down-vn.img.susercontent.com/file/vn-11134207-820l4-mi2wrk199ers2b"", ""https://down-vn.img.susercontent.com/file/vn-11134207-820l4-mi2wrk87ahvs58"", ""https://down-vn.img.susercontent.com/file/vn-11134207-820l4-mi2wrk90edj795""]","[""OFFICIAL_SHOP""]","[""vn-11134258-7r98o-lyb3kdam2qw17d""]",30VCX[26.6-9.7.2026],vn-11134258-81ztc-mpuan4n576yqc2,False,False,False,1741601078,465796,750000,610000,38,473499643232359,FM250K107,95404,1782838800,1782925140,300000,492.0,169.0,4.842105263157895,57,"[1, 0, 2, 1, 53]","[""Mua để nhận quà""]",Peptamen,1146890.0,100629,"[100629, 100652, 100838, 101596]",85,,"[""""]"
Shopee,,vn,2026-07-01,1145316676,nestlehealthscience,Nestlé Health Science,Thành phố Hà Nội,25760757038,Sữa Bột NESTLÉ BOOST OPTIMUM Singapore Bổ Sung Dinh Dưỡng Cho Người Lớn Tuổi,https://shopee.vn/product/1145316676/25760757038,https://down-vn.img.susercontent.com/file/sg-11134201-825bc-mq3tsche97gi2f,"[""https://down-vn.img.susercontent.com/file/sg-11134201-825bc-mq3tsche97gi2f"", ""https://down-vn.img.susercontent.com/file/vn-11134207-820l4-mi2wvg2yg9vk22"", ""https://down-vn.img.susercontent.com/file/vn-11134207-820l4-mi2wvg2y991ea3"", ""https://down-vn.img.susercontent.com/file/vn-11134207-820l4-mi2wuu4nopvq96"", ""https://down-vn.img.susercontent.com/file/vn-11134207-820l4-mi2wvga5c7wj56"", ""https://down-vn.img.susercontent.com/file/vn-11134207-820l4-mi2wvg2yhog018"", ""https://down-vn.img.susercontent.com/file/vn-11134207-820l4-mi2wvg4bgj5v37"", ""https://down-vn.img.susercontent.com/file/vn-11134207-820l4-mi2wvgc0kgef79""]","[""OFFICIAL_SHOP""]","[""vn-11134258-7r98o-lyb3kdam2qw17d""]",30VCX[26.6-9.7.2026],vn-11134258-81ztc-mpuan4n576yqc2,False,False,False,1706165679,305532,480000,410000,36,473499643232359,17GIAM90K2,71668,1782838800,1782925140,250000,3000.0,2000.0,4.893095768374165,449,"[5, 1, 3, 19, 421]","[""Mua để nhận quà""]",BOOST,3150064.0,100629,"[100629, 100652, 100838, 101596]",197,Phân Loại,"[""800G"", ""400G""]"
Shopee,,vn,2026-07-01,1145316676,nestlehealthscience,Nestlé Health Science,Thành phố Hà Nội,26663401389,Sữa Bột NESTLÉ NUTREN JUNIOR Thụy Sĩ Với Công Thức BIG Hỗ Trợ Tăng Trưởng Cho Bé 800G,https://shopee.vn/product/1145316676/26663401389,https://down-vn.img.susercontent.com/file/sg-11134201-8259p-mq3tsbkj280244,"[""https://down-vn.img.susercontent.com/file/sg-11134201-8259p-mq3tsbkj280244"", ""https://down-vn.img.susercontent.com/file/vn-11134207-820l4-mi2wx8j1ydxe1c"", ""https://down-vn.img.susercontent.com/file/vn-11134207-820l4-mi2wx86tmr5u54"", ""https://down-vn.img.susercontent.com/file/vn-11134207-820l4-mi2wx8cxuoead6"", ""https://down-vn.img.susercontent.com/file/vn-11134207-820l4-mi2wx87urzsxe3"", ""https://down-vn.img.susercontent.com/file/vn-11134207-820l4-mi2wx8bc56h494"", ""https://down-vn.img.susercontent.com/file/vn-11134207-820l4-mi2wx8bvjapsce"", ""https://down-vn.img.susercontent.com/file/vn-11134207-820l4-mi2wx8fsbbpkbb""]","[""OFFICIAL_SHOP""]","[""vn-11134258-7r98o-lyb3kdam2qw17d""]",30VCX[26.6-9.7.2026],vn-11134258-81ztc-mpuan4n576yqc2,False,False,False,1728272522,537030,886000,760000,39,473499643232359,17GIAM350K2,125970,1782838800,1782925140,600000,6000.0,1000.0,4.851894374282434,872,"[8, 6, 23, 33, 802]","[""Mua để nhận quà""]",Nutren Junior,1146828.0,100632,"[100632, 100681, 100991]",487,,"[""""]"
Shopee,,vn,2026-07-01,1145316676,nestlehealthscience,Nestlé Health Science,Thành phố Hà Nội,24810760293,"Collagen Thủy Phân Dạng Bột NESTLÉ VITAL PROTEINS Mỹ Hỗ Trợ Làm Đẹp Da,Móng,Tóc 567G",https://shopee.vn/product/1145316676/24810760293,https://down-vn.img.susercontent.com/file/sg-11134201-8258v-mq3r38z9ro5o6d,"[""https://down-vn.img.susercontent.com/file/sg-11134201-8258v-mq3r38z9ro5o6d"", ""https://down-vn.img.susercontent.com/file/vn-11134207-820l4-mi2x00lmnh1ka7"", ""https://down-vn.img.susercontent.com/file/vn-11134207-820l4-mi2x00asjn5s64"", ""https://down-vn.img.susercontent.com/file/vn-11134207-820l4-mi2wyv0iczd0d5"", ""https://down-vn.img.susercontent.com/file/vn-11134207-820l4-mi2x00jfelms02"", ""https://down-vn.img.susercontent.com/file/vn-11134207-820l4-mi2x00k8mozs58""]","[""OFFICIAL_SHOP""]","[""vn-11134258-7r98o-lyb3kdam2qw17d""]",30VCX[26.6-9.7.2026],vn-11134258-81ztc-mpuan4n576yqc2,False,False,False,1706167199,957600,1920000,1400000,50,288936107257856,VCXHB500K107,302400,1782838800,1782925140,1000000,2000.0,1000.0,4.9411764705882355,238,"[2, 0, 0, 6, 230]","[""Mua để nhận quà""]",VITAL PROTEINS,1191854.0,100001,"[100001, 100002, 100004]",206,,"[""""]"
Shopee,,vn,2026-07-01,1145316676,nestlehealthscience,Nestlé Health Science,Thành phố Hà Nội,27611883214,Bộ 2 Sữa Bột NESTLÉ NUTREN JUNIOR Thụy Sĩ Với Công Thức BIG Hỗ Trợ Tăng Trưởng Cho Bé 800G,https://shopee.vn/product/1145316676/27611883214,https://down-vn.img.susercontent.com/file/sg-11134201-8258l-mq3tsbkjc0em5c,"[""https://down-vn.img.susercontent.com/file/sg-11134201-8258l-mq3tsbkjc0em5c"", ""https://down-vn.img.susercontent.com/file/vn-11134207-820l4-mi2wx8j1ydxe1c"", ""https://down-vn.img.susercontent.com/file/vn-11134207-820l4-mi2wx86tpkaqce"", ""https://down-vn.img.susercontent.com/file/vn-11134207-820l4-mi2wx86tmr5u54"", ""https://down-vn.img.susercontent.com/file/vn-11134207-820l4-mi2wx8cxuoead6"", ""https://down-vn.img.susercontent.com/file/vn-11134207-820l4-mi2wx87urzsxe3"", ""https://down-vn.img.susercontent.com/file/vn-11134207-820l4-mi2wx8bc56h494"", ""https://down-vn.img.susercontent.com/file/vn-11134207-820l4-mi2wx8bvjapsce"", ""https://down-vn.img.susercontent.com/file/vn-11134207-820l4-mi2wx8fsbbpkbb""]","[""OFFICIAL_SHOP""]","[""vn-11134258-7r98o-lyb3kdam2qw17d""]",30VCX[26.6-9.7.2026],vn-11134258-81ztc-mpuan4n576yqc2,False,False,False,1726808358,1054900,1772000,1500000,40,288936107257856,17GIAM400K1,315100,1782838800,1782925140,1000000,2000.0,476.0,4.796875,384,"[7, 5, 12, 11, 349]","[""Mua để nhận quà""]",Nestle,2563581.0,100632,"[100632, 100681, 100991]",263,,"[""""]"
Shopee,,vn,2026-07-01,1145316676,nestlehealthscience,Nestlé Health Science,Thành phố Hà Nội,43157122803,Bộ 2 Thùng 36 Hộp Sữa Pha Sẵn NESTLÉ NUTREN JUNIOR Thụy Sĩ Công Thức BIG Tăng Trưởng 110ML,https://shopee.vn/product/1145316676/43157122803,https://down-vn.img.susercontent.com/file/sg-11134201-82589-mq3tsbkhnlzgbc,"[""https://down-vn.img.susercontent.com/file/sg-11134201-82589-mq3tsbkhnlzgbc"", ""https://down-vn.img.susercontent.com/file/vn-11134207-820l4-mi2wjdce2ryb78"", ""https://down-vn.img.susercontent.com/file/vn-11134207-820l4-mi2wjd6j2cqp1a"", ""https://down-vn.img.susercontent.com/file/vn-11134207-820l4-mi2tzmssy6814d"", ""https://down-vn.img.susercontent.com/file/vn-11134207-820l4-mi2wjdasda1226"", ""https://down-vn.img.susercontent.com/file/vn-11134207-820l4-mi2twbbaz30i3f"", ""https://down-vn.img.susercontent.com/file/vn-11134207-820l4-mi2wgwpbxszke2""]","[""OFFICIAL_SHOP""]","[""vn-11134258-7r98o-lyb3kdam2qw17d""]",30VCX[26.6-9.7.2026],vn-11134258-81ztc-mpuan4n576yqc2,False,False,False,1751514482,1021020,1857600,1376000,45,288936107257856,17GIAM400K1,304980,1782838800,1782925140,1000000,5000.0,2000.0,4.8983833718244805,433,"[7, 2, 1, 8, 415]","[""Mua để nhận quà""]",Nutren Junior,1146828.0,100632,"[100632, 100681, 102070]",194,,"[""""]"
Shopee,,vn,2026-07-01,1145316676,nestlehealthscience,Nestlé Health Science,Thành phố Hà Nội,26682672239,Lốc 4 Hộp Sữa Pha Sẵn NESTLÉ NUTREN JUNIOR Thụy Sĩ Công Thức BIG Tăng Trưởng 110ML,https://shopee.vn/product/1145316676/26682672239,https://down-vn.img.susercontent.com/file/sg-11134201-82593-mq3tsbrg6yh835,"[""https://down-vn.img.susercontent.com/file/sg-11134201-82593-mq3tsbrg6yh835"", ""https://down-vn.img.susercontent.com/file/vn-11134207-820l4-mi2wgw9j7f9i96"", ""https://down-vn.img.susercontent.com/file/vn-11134207-820l4-mi2wgx2ooo3qda"", ""https://down-vn.img.susercontent.com/file/vn-11134207-820l4-mi2ttpm4ub6074"", ""https://down-vn.img.susercontent.com/file/vn-11134207-820l4-mi2wgw93od8k31"", ""https://down-vn.img.susercontent.com/file/vn-11134207-820l4-mi2twbbaz30i3f"", ""https://down-vn.img.susercontent.com/file/vn-11134207-820l4-mi2wgwpbxszke2""]","[""OFFICIAL_SHOP""]","[""vn-11134258-7r98o-lyb3kdam2qw17d""]",18VCX+SSCBundle[1.7],vn-11134258-81ztc-mpuaa0q603kffe,False,False,False,1744177635,65982,103200,81500,36,473499643232359,17GIAM30K1,8998,1782838800,1782925140,50000,6000.0,4000.0,4.97948717948718,585,"[1, 0, 0, 8, 576]","[""Mua để nhận quà""]",Nutren Junior,1146828.0,100632,"[100632, 100681, 102070]",145,,"[""""]"
Shopee,,vn,2026-07-01,1145316676,nestlehealthscience,Nestlé Health Science,Thành phố Hà Nội,57301655172,Bộ 3 Sữa Bột NESTLÉ NUTREN JUNIOR Thụy Sĩ Với Công Thức BIG Hỗ Trợ Tăng Trưởng Cho Bé 800G,https://shopee.vn/product/1145316676/57301655172,https://down-vn.img.susercontent.com/file/sg-11134201-825bc-mq3tsbwi4y6k5a,"[""https://down-vn.img.susercontent.com/file/sg-11134201-825bc-mq3tsbwi4y6k5a"", ""https://down-vn.img.susercontent.com/file/vn-11134207-820l4-mi2wx8j1ydxe1c"", ""https://down-vn.img.susercontent.com/file/vn-11134207-820l4-mi2wx86tpkaqce"", ""https://down-vn.img.susercontent.com/file/vn-11134207-820l4-mi2wx86tmr5u54"", ""https://down-vn.img.susercontent.com/file/vn-11134207-820l4-mi2wx8cxuoead6"", ""https://down-vn.img.susercontent.com/file/vn-11134207-820l4-mi2wx87urzsxe3"", ""https://down-vn.img.susercontent.com/file/vn-11134207-820l4-mi2wx8bc56h494"", ""https://down-vn.img.susercontent.com/file/vn-11134207-820l4-mi2wx8bvjapsce"", ""https://down-vn.img.susercontent.com/file/vn-11134207-820l4-mi2wx8fsbbpkbb""]","[""OFFICIAL_SHOP""]","[""vn-11134258-7r98o-lyb3kdam2qw17d""]",30VCX[26.6-9.7.2026],vn-11134258-81ztc-mpuan4n576yqc2,False,False,False,1763460110,1550780,2658000,2242000,42,473499643232359,17GIAM720K,463220,1782838800,1782925140,2000000,6000.0,5000.0,4.882005899705015,678,"[8, 5, 6, 21, 638]","[""Mua để nhận quà""]",Nutren Junior,1146828.0,100632,"[100632, 100681, 100991]",205,,"[""""]"
Shopee,,vn,2026-07-01,1145316676,nestlehealthscience,Nestlé Health Science,Thành phố Hà Nội,24710759163,"Collagen Thủy Phân Dạng Bột NESTLÉ VITAL PROTEINS Mỹ Hỗ Trợ Làm Đẹp Da,Móng,Tóc 284G",https://shopee.vn/product/1145316676/24710759163,https://down-vn.img.susercontent.com/file/sg-11134201-8259p-mq3r3a6tdekgdd,"[""https://down-vn.img.susercontent.com/file/sg-11134201-8259p-mq3r3a6tdekgdd"", ""https://down-vn.img.susercontent.com/file/vn-11134207-820l4-mi2wyv26n6rs9d"", ""https://down-vn.img.susercontent.com/file/vn-11134207-820l4-mi2wyv02ppmo35"", ""https://down-vn.img.susercontent.com/file/vn-11134207-820l4-mi2wyv0iczd0d5"", ""https://down-vn.img.susercontent.com/file/vn-11134207-820l4-mi2wyv0u80063d"", ""https://down-vn.img.susercontent.com/file/vn-11134207-820l4-mi2wyuzyce100c""]","[""OFFICIAL_SHOP""]","[""vn-11134258-7r98o-lyb3kdam2qw17d""]",30VCX[26.6-9.7.2026],vn-11134258-81ztc-mpuan4n576yqc2,False,False,False,1706166898,598400,1100000,850000,46,473499643232359,HB250K107,149600,1782838800,1782925140,400000,751.0,193.0,4.939655172413793,116,"[0, 0, 2, 3, 111]","[""Mua để nhận quà""]",VITAL PROTEINS,1191854.0,100001,"[100001, 100002, 100004]",309,HSD,"[""Date 42 tháng"", ""Date 5/2027""]"
Shopee,,vn,2026-07-01,1145316676,nestlehealthscience,Nestlé Health Science,Thành phố Hà Nội,44377021220,Thùng 24 Hộp Sữa Pha Sẵn NESTLÉ NUTREN JUNIOR Thụy Sĩ Công Thức BIG Tăng Trưởng 180ML,https://shopee.vn/product/1145316676/44377021220,https://down-vn.img.susercontent.com/file/sg-11134201-82582-mq3tsbgicbnyd3,"[""https://down-vn.img.susercontent.com/file/sg-11134201-82582-mq3tsbgicbnyd3"", ""https://down-vn.img.susercontent.com/file/vn-11134207-820l4-mi2ttplu2mfa10"", ""https://down-vn.img.susercontent.com/file/vn-11134207-820l4-mi2tzmrovkzl55"", ""https://down-vn.img.susercontent.com/file/vn-11134207-820l4-mi2tzmssy6814d"", ""https://down-vn.img.susercontent.com/file/vn-11134207-820l4-mi2tzn3yztvk52"", ""https://down-vn.img.susercontent.com/file/vn-11134207-820l4-mi2twbbaz30i3f"", ""https://down-vn.img.susercontent.com/file/vn-11134207-820l4-mi2ttpmzpedje3""]","[""OFFICIAL_SHOP""]","[""vn-11134258-7r98o-lyb3kdam2qw17d""]",30VCX[26.6-9.7.2026],vn-11134258-81ztc-mpuan4n576yqc2,False,False,False,1764907496,567000,1065000,750000,47,473499643232359,17GIAM350K2,133000,1782838800,1782925140,600000,3000.0,2000.0,4.975206611570248,121,"[0, 0, 0, 3, 118]","[""Mua để nhận quà""]",Nutren Junior,1146828.0,100632,"[100632, 100681, 100991]",133,,"[""""]"
Shopee,,vn,2026-07-01,1145316676,nestlehealthscience,Nestlé Health Science,Thành phố Hà Nội,53562237287,[Quà tặng không bán] Bộ đồ chơi gỗ giao thông,https://shopee.vn/product/1145316676/53562237287,https://down-vn.img.susercontent.com/file/vn-11134207-81ztc-mphm3rmriznxd2,"[""https://down-vn.img.susercontent.com/file/vn-11134207-81ztc-mphm3rmriznxd2"", ""https://down-vn.img.susercontent.com/file/vn-11134207-81ztc-mphm3rmlmvwhe8"", ""https://down-vn.img.susercontent.com/file/vn-11134207-81ztc-mphm3rmloagx3c"", ""https://down-vn.img.susercontent.com/file/vn-11134207-81ztc-mphm3rmrhl3h55"", ""https://down-vn.img.susercontent.com/file/vn-11134207-81ztc-mphm3rofjd3ff4""]","[""OFFICIAL_SHOP""]","[""vn-11134258-7r98o-lyb3kdam2qw17d""]",30VCX[26.6-9.7.2026],vn-11134258-81ztc-mpuan4n576yqc2,False,False,False,1781505593,372600,500000,500000,25,0,17GIAM90K2,87400,1782838800,1782925140,250000,45.0,39.0,4.666666666666667,3,"[0, 0, 0, 1, 2]","[""Hàng mới về""]",Nutren Junior,1146828.0,100632,"[100632, 100684, 101010]",0,,"[""""]"
Shopee,,vn,2026-07-01,1145316676,nestlehealthscience,Nestlé Health Science,Thành phố Hà Nội,27229058273,"Sữa Dinh Dưỡng Y Học NESTLÉ ORAL IMPACT Đức Cho Người Ung Thư,Phẫu Thuật 5 Gói x 74G",https://shopee.vn/product/1145316676/27229058273,https://down-vn.img.susercontent.com/file/sg-11134201-825ap-mq3tsc9h86j2d8,"[""https://down-vn.img.susercontent.com/file/sg-11134201-825ap-mq3tsc9h86j2d8"", ""https://down-vn.img.susercontent.com/file/vn-11134207-820l4-mi2wto9vz3lt5f"", ""https://down-vn.img.susercontent.com/file/vn-11134207-820l4-mi2wto5spwck5c"", ""https://down-vn.img.susercontent.com/file/vn-11134207-820l4-mi2wto67l2pvbd"", ""https://down-vn.img.susercontent.com/file/vn-11134207-820l4-mi2wtob9kfew38"", ""https://down-vn.img.susercontent.com/file/vn-11134207-820l4-mi2wto5poc2016"", ""https://down-vn.img.susercontent.com/file/vn-11134207-820l4-mi2wtod5gjk356"", ""https://down-vn.img.susercontent.com/file/vn-11134207-820l4-mi2wtoaxgzczed"", ""https://down-vn.img.susercontent.com/file/vn-11134207-820l4-mi2wtoedmmfbc0""]","[""OFFICIAL_SHOP""]","[""vn-11134258-7r98o-lyb3kdam2qw17d""]",30VCX[26.6-9.7.2026],vn-11134258-81ztc-mpuan4n576yqc2,False,False,False,1741601401,502200,750000,670000,33,473499643232359,17GIAM350K2,117800,1782838800,1782925140,600000,803.0,242.0,4.857142857142857,84,"[2, 1, 0, 1, 80]","[""Mua để nhận quà""]",Nestle,2563581.0,100629,"[100629, 100652, 100838, 101596]",81,,"[""""]"
Shopee,,vn,2026-07-01,1145316676,nestlehealthscience,Nestlé Health Science,Thành phố Hà Nội,25811942299,Bộ 2 Sữa Bột NESTLÉ BOOST OPTIMUM Singapore Bổ Sung Dinh Dưỡng Cho Người Lớn Tuổi 800G,https://shopee.vn/product/1145316676/25811942299,https://down-vn.img.susercontent.com/file/vn-11134207-81ztc-mq4h3dpycqoc40,"[""https://down-vn.img.susercontent.com/file/vn-11134207-81ztc-mq4h3dpycqoc40"", ""https://down-vn.img.susercontent.com/file/sg-11134201-8258x-mq3r38pwrjm7ff"", ""https://down-vn.img.susercontent.com/file/vn-11134207-820l4-mi2wvg2yg9vk22"", ""https://down-vn.img.susercontent.com/file/vn-11134207-820l4-mi2wvg2y991ea3"", ""https://down-vn.img.susercontent.com/file/vn-11134207-820l4-mi2wuu4nopvq96"", ""https://down-vn.img.susercontent.com/file/vn-11134207-820l4-mi2wvga5c7wj56"", ""https://down-vn.img.susercontent.com/file/vn-11134207-820l4-mi2wvg2yhog018"", ""https://down-vn.img.susercontent.com/file/vn-11134207-820l4-mi2wvg4bgj5v37"", ""https://down-vn.img.susercontent.com/file/vn-11134207-820l4-mi2wvgc0kgef79""]","[""OFFICIAL_SHOP""]","[""vn-11134258-7r98o-lyb3kdam2qw17d""]",30VCX[26.6-9.7.2026],vn-11134258-81ztc-mpuan4n576yqc2,False,False,False,1706843093,1160544,1900000,1570000,39,473499643232359,17GIAM400K1,346656,1782838800,1782925140,1000000,1000.0,222.0,4.883116883116883,231,"[1, 2, 3, 11, 214]","[""Mua để nhận quà""]",BOOST,3150064.0,100629,"[100629, 100652, 100838, 101596]",158,Phân loại,"[""Tặng Balo và nón"", ""Tặng Set túi mẹ bé"", ""Không Quà""]"
Shopee,,vn,2026-07-01,1145316676,nestlehealthscience,Nestlé Health Science,Thành phố Hà Nội,27884205234,Sữa Bột NESTLÉ NUTREN JUNIOR Thụy Sĩ Với Công Thức BIG Hỗ Trợ Tăng Trưởng Cho Bé 400G,https://shopee.vn/product/1145316676/27884205234,https://down-vn.img.susercontent.com/file/vn-11134207-81ztc-mq4bj3sxr958f1,"[""https://down-vn.img.susercontent.com/file/vn-11134207-81ztc-mq4bj3sxr958f1"", ""https://down-vn.img.susercontent.com/file/vn-11134207-820l4-mi2ww7h89ddy81"", ""https://down-vn.img.susercontent.com/file/vn-11134207-820l4-mi2ww78qs9abae"", ""https://down-vn.img.susercontent.com/file/vn-11134207-820l4-mi2ww7hiisqq32"", ""https://down-vn.img.susercontent.com/file/vn-11134207-820l4-mi2ww794vcapbe"", ""https://down-vn.img.susercontent.com/file/vn-11134207-820l4-mi2ww795ughy4a"", ""https://down-vn.img.susercontent.com/file/vn-11134207-820l4-mi2ww7dhg9a827"", ""https://down-vn.img.susercontent.com/file/vn-11134207-820l4-mi2ww7b5zojoa4"", ""https://down-vn.img.susercontent.com/file/vn-11134207-820l4-mi2ww7e66tc695""]","[""OFFICIAL_SHOP""]","[""vn-11134258-7r98o-lyb3kdam2qw17d""]",30VCX[26.6-9.7.2026],vn-11134258-81ztc-mpuan4n576yqc2,False,False,False,1745206628,350989,570000,471000,38,473499643232359,17GIAM90K2,82331,1782838800,1782925140,250000,1000.0,1000.0,4.9393939393939394,33,"[0, 0, 1, 0, 32]",[],Nutren Junior,1146828.0,100632,"[100632, 100681, 100991]",123,,"[""""]"
Shopee,,vn,2026-07-01,1145316676,nestlehealthscience,Nestlé Health Science,Thành phố Hà Nội,43058340201,[Quà tặng không bán] Vali NUTREN JUNIOR,https://shopee.vn/product/1145316676/43058340201,https://down-vn.img.susercontent.com/file/vn-11134207-7ras8-mc4js5iygjg26f,"[""https://down-vn.img.susercontent.com/file/vn-11134207-7ras8-mc4js5iygjg26f""]","[""OFFICIAL_SHOP""]","[""vn-11134258-7r98o-lyb3kdam2qw17d""]",30VCX[26.6-9.7.2026],vn-11134258-81ztc-mpuan4n576yqc2,False,False,False,1752384662,368000,500000,500000,26,0,FA250K0107,92000,1782838800,1782925140,300000,184.0,138.0,5.0,13,"[0, 0, 0, 0, 13]",[],,,100633,"[100633, 100689, 101026, 101746]",3,,"[""""]"
Shopee,,vn,2026-07-01,1145316676,nestlehealthscience,Nestlé Health Science,Thành phố Hà Nội,25411944727,"[Tặng Máy Uốn Tóc] Collagen Thủy Phân Dạng Bột NESTLÉ VITAL PROTEINS Mỹ Hỗ Trợ Làm Đẹp Da,Móng,Tóc 567G",https://shopee.vn/product/1145316676/25411944727,https://down-vn.img.susercontent.com/file/sg-11134201-820ns-mnms2mr2zx1i52,"[""https://down-vn.img.susercontent.com/file/sg-11134201-820ns-mnms2mr2zx1i52"", ""https://down-vn.img.susercontent.com/file/vn-11134207-820l4-mi2x00lmnh1ka7"", ""https://down-vn.img.susercontent.com/file/vn-11134207-820l4-mi2x00asjn5s64"", ""https://down-vn.img.susercontent.com/file/vn-11134207-820l4-mi2wyv0iczd0d5"", ""https://down-vn.img.susercontent.com/file/vn-11134207-820l4-mi2x00jfelms02"", ""https://down-vn.img.susercontent.com/file/vn-11134207-820l4-mi2x00k8mozs58""]","[""OFFICIAL_SHOP""]","[""vn-11134258-7r98o-lyb3kdam2qw17d""]",30VCX[26.6-9.7.2026],vn-11134258-81ztc-mpuan4n576yqc2,False,False,False,1706844655,1026000,1920000,1400000,47,473499643232359,VCXHB500K107,324000,1782838800,1782925140,1000000,565.0,72.0,4.90625,64,"[1, 0, 0, 2, 61]","[""Mua để nhận quà""]",VITAL PROTEINS,1191854.0,100001,"[100001, 100002, 100004]",255,,"[""""]"
Shopee,,vn,2026-07-01,1145316676,nestlehealthscience,Nestlé Health Science,Thành phố Hà Nội,52257990316,"Bộ 3 Sữa Bột NESTLÉ PEPTAMENJUNIOR Thụy Sĩ Hỗ Trợ Kém Hấp Thu,Giảm Chức Năng Tiêu Hóa 400G",https://shopee.vn/product/1145316676/52257990316,https://down-vn.img.susercontent.com/file/sg-11134201-825aa-mq3tschnrzlu96,"[""https://down-vn.img.susercontent.com/file/sg-11134201-825aa-mq3tschnrzlu96"", ""https://down-vn.img.susercontent.com/file/vn-11134207-81ztc-mmk8agiubdom59"", ""https://down-vn.img.susercontent.com/file/vn-11134207-81ztc-mmh0s7rxg64ofb"", ""https://down-vn.img.susercontent.com/file/vn-11134207-81ztc-mmh0s7q7kdfob3"", ""https://down-vn.img.susercontent.com/file/vn-11134207-81ztc-mmh0s7qe2y9x59"", ""https://down-vn.img.susercontent.com/file/vn-11134207-81ztc-mmh0s7xj3h1ff4"", ""https://down-vn.img.susercontent.com/file/vn-11134207-81ztc-mmh0s7y1cutr6e"", ""https://down-vn.img.susercontent.com/file/vn-11134207-81ztc-mmh0s7qbcmir47"", ""https://down-vn.img.susercontent.com/file/vn-11134207-81ztc-mmh0s7wddvyg06""]","[""OFFICIAL_SHOP""]","[""vn-11134258-7r98o-lyb3kdam2qw17d""]",30VCX[26.6-9.7.2026],vn-11134258-81ztc-mpuan4n576yqc2,False,False,False,1774932026,1350000,2250000,1800000,40,473499643232359,17GIAM400K1,400000,1782838800,1782925140,1000000,165.0,90.0,4.368421052631579,19,"[3, 0, 0, 0, 16]","[""Mua để nhận quà""]",Peptamen,1146890.0,100629,"[100629, 100652, 100838, 101596]",32,,"[""""]"
Shopee,,vn,2026-07-01,1145316676,nestlehealthscience,Nestlé Health Science,Thành phố Hà Nội,29370485469,[Quà tặng không bán] Gấu trúc ống tre NUTREN JUNIOR,https://shopee.vn/product/1145316676/29370485469,https://down-vn.img.susercontent.com/file/vn-11134201-7ra0g-m9r165xu4itgea,"[""https://down-vn.img.susercontent.com/file/vn-11134201-7ra0g-m9r165xu4itgea"", ""https://down-vn.img.susercontent.com/file/vn-11134201-7ra0g-m9r1661zx18if9"", ""https://down-vn.img.susercontent.com/file/vn-11134201-7ra0g-m9r1662tx7ya33""]","[""OFFICIAL_SHOP""]","[""vn-11134258-7r98o-lyb3kdam2qw17d""]",30VCX[26.6-9.7.2026],vn-11134258-81ztc-mpuan4n576yqc2,False,False,False,1733998098,372600,500000,500000,25,0,17GIAM90K2,87400,1782838800,1782925140,250000,804.0,22.0,4.944827586206896,145,"[0, 0, 2, 4, 139]",[],,,100632,"[100632, 100684, 101008, 101722]",3,,"[""""]"
Shopee,,vn,2026-07-01,1145316676,nestlehealthscience,Nestlé Health Science,Thành phố Hà Nội,58002620314,Lốc 4 Hộp Sữa Pha Sẵn NESTLÉ NUTREN JUNIOR Thụy Sĩ Công Thức BIG Tăng Trưởng 180ML,https://shopee.vn/product/1145316676/58002620314,https://down-vn.img.susercontent.com/file/sg-11134201-8259s-mq3tsbhnckxt45,"[""https://down-vn.img.susercontent.com/file/sg-11134201-8259s-mq3tsbhnckxt45"", ""https://down-vn.img.susercontent.com/file/vn-11134207-820l4-mi2ttplu2mfa10"", ""https://down-vn.img.susercontent.com/file/vn-11134207-820l4-mi2ttplntvk18b"", ""https://down-vn.img.susercontent.com/file/vn-11134207-820l4-mi2ttpm4ub6074"", ""https://down-vn.img.susercontent.com/file/vn-11134207-820l4-mi2ttpr4vfgo13"", ""https://down-vn.img.susercontent.com/file/vn-11134207-820l4-mi2twbbaz30i3f"", ""https://down-vn.img.susercontent.com/file/vn-11134207-820l4-mi2ttpmzpedje3""]","[""OFFICIAL_SHOP""]","[""vn-11134258-7r98o-lyb3kdam2qw17d""]",30VCX[26.6-9.7.2026],vn-11134258-81ztc-mpuan4n576yqc2,False,False,False,1764907560,97152,150000,120000,35,473499643232359,17GIAM30K1,13248,1782838800,1782925140,50000,621.0,286.0,4.857142857142857,49,"[1, 1, 0, 0, 47]","[""Mua để nhận quà""]",Nutren Junior,1146828.0,100632,"[100632, 100681, 100991]",65,,"[""""]"
Shopee,,vn,2026-07-01,1145316676,nestlehealthscience,Nestlé Health Science,Thành phố Hà Nội,45951323803,"Bộ 2 Sữa Bột NESTLÉ PEPTAMENJUNIOR Thụy Sĩ Hỗ Trợ Kém Hấp Thu,Giảm Chức Năng Tiêu Hóa 400G",https://shopee.vn/product/1145316676/45951323803,https://down-vn.img.susercontent.com/file/sg-11134201-8257y-mq3tscnn4buo2b,"[""https://down-vn.img.susercontent.com/file/sg-11134201-8257y-mq3tscnn4buo2b"", ""https://down-vn.img.susercontent.com/file/vn-11134207-820l4-mi2wrk0yncap32"", ""https://down-vn.img.susercontent.com/file/vn-11134207-820l4-mi2wrk18oc8xa0"", ""https://down-vn.img.susercontent.com/file/vn-11134207-820l4-mi2wrk3wtfk784"", ""https://down-vn.img.susercontent.com/file/vn-11134207-820l4-mi2wrk7ci7sx60"", ""https://down-vn.img.susercontent.com/file/vn-11134207-820l4-mi2wrk14uolj84"", ""https://down-vn.img.susercontent.com/file/vn-11134207-820l4-mi2wrk199ers2b"", ""https://down-vn.img.susercontent.com/file/vn-11134207-820l4-mi2wrk87ahvs58"", ""https://down-vn.img.susercontent.com/file/vn-11134207-820l4-mi2wrk90edj795""]","[""OFFICIAL_SHOP""]","[""vn-11134258-7r98o-lyb3kdam2qw17d""]",30VCX[26.6-9.7.2026],vn-11134258-81ztc-mpuan4n576yqc2,False,False,False,1763029421,900900,1500000,1220000,40,473499643232359,17GIAM400K1,269100,1782838800,1782925140,1000000,333.0,95.0,4.954545454545454,44,"[0, 0, 0, 2, 42]","[""Mua để nhận quà""]",Peptamen,1146890.0,100629,"[100629, 100652, 100838, 101596]",64,,"[""""]"
Shopee,,vn,2026-07-01,1145316676,nestlehealthscience,Nestlé Health Science,Thành phố Hà Nội,48560929285,[MỚI] Bộ 2 Sữa Bột NESTLÉ BOOST GLUCOSE CONTROL Đức Bổ Sung Dinh Dưỡng Người Tiểu Đường 400G,https://shopee.vn/product/1145316676/48560929285,https://down-vn.img.susercontent.com/file/sg-11134201-8258u-mq3tschnql1e94,"[""https://down-vn.img.susercontent.com/file/sg-11134201-8258u-mq3tschnql1e94"", ""https://down-vn.img.susercontent.com/file/vn-11134207-81ztc-moxsg4ska7ezdb"", ""https://down-vn.img.susercontent.com/file/vn-11134207-81ztc-moxtd0bzhts17e"", ""https://down-vn.img.susercontent.com/file/vn-11134207-81ztc-moxshqxu4f7kc4"", ""https://down-vn.img.susercontent.com/file/vn-11134207-81ztc-monfehezokcta9"", ""https://down-vn.img.susercontent.com/file/vn-11134207-81ztc-moxu293j9xcb23"", ""https://down-vn.img.susercontent.com/file/vn-11134207-81ztc-monfehiyj1fy5d"", ""https://down-vn.img.susercontent.com/file/vn-11134207-81ztc-monfeh8pq5n02c"", ""https://down-vn.img.susercontent.com/file/vn-11134207-81ztc-monfehdbfril64""]","[""OFFICIAL_SHOP""]","[""vn-11134258-7r98o-lyb3kdam2qw17d""]",13VCX+Shopeedebut[26.6-9.7.2026],vn-11134258-81ztc-mpua4oxk2jnm0c,False,False,False,1779367047,796950,1260000,1085000,37,473499643232359,17GIAM400K1,238050,1782838800,1782925140,1000000,18.0,17.0,5.0,8,"[0, 0, 0, 0, 8]","[""Mua để nhận quà""]",BOOST,3150064.0,100629,"[100629, 100652, 100838, 101596]",13,,"[""""]"
Shopee,,vn,2026-07-01,1145316676,nestlehealthscience,Nestlé Health Science,Thành phố Hà Nội,56510469171,[Quà tặng không bán] Bàn đa năng kèm đồ chơi lắp ráp NESTLÉ,https://shopee.vn/product/1145316676/56510469171,https://down-vn.img.susercontent.com/file/vn-11134207-81ztc-mo7tbzjwoyde7b,"[""https://down-vn.img.susercontent.com/file/vn-11134207-81ztc-mo7tbzjwoyde7b"", ""https://down-vn.img.susercontent.com/file/vn-11134207-81ztc-mo7tbzjlrnd169"", ""https://down-vn.img.susercontent.com/file/vn-11134207-81ztc-mo7tbzk6pybmc5"", ""https://down-vn.img.susercontent.com/file/vn-11134207-81ztc-mo7tbzk6g4cg06"", ""https://down-vn.img.susercontent.com/file/vn-11134207-81ztc-mo7tbzjmqrk34e""]","[""OFFICIAL_SHOP""]","[""vn-11134258-7r98o-lyb3kdam2qw17d""]",30VCX[26.6-9.7.2026],vn-11134258-81ztc-mpuan4n576yqc2,False,False,False,1778733161,372600,500000,500000,25,0,17GIAM90K2,87400,1782838800,1782925140,250000,201.0,201.0,4.982456140350878,57,"[0, 0, 0, 1, 56]",[],Nestle,2563581.0,100632,"[100632, 100684, 101011, 101729]",2,,"[""""]"
Shopee,,vn,2026-07-01,1145316676,nestlehealthscience,Nestlé Health Science,Thành phố Hà Nội,53358041887,"Bộ 2 Sữa Dinh Dưỡng Y Học NESTLÉ ORAL IMPACT Đức Cho Người Ung Thư,Phẫu Thuật 5 Gói x 74G",https://shopee.vn/product/1145316676/53358041887,https://down-vn.img.susercontent.com/file/sg-11134201-8259v-mq3tsbkoohse12,"[""https://down-vn.img.susercontent.com/file/sg-11134201-8259v-mq3tsbkoohse12"", ""https://down-vn.img.susercontent.com/file/vn-11134207-81ztc-mmid9jouy5tx13"", ""https://down-vn.img.susercontent.com/file/vn-11134207-81ztc-mmid9joyrthg26"", ""https://down-vn.img.susercontent.com/file/vn-11134207-81ztc-mmid9jp824n70a"", ""https://down-vn.img.susercontent.com/file/vn-11134207-81ztc-mmid9joyt81w6d"", ""https://down-vn.img.susercontent.com/file/vn-11134207-81ztc-mmid9joy14oz9a"", ""https://down-vn.img.susercontent.com/file/vn-11134207-81ztc-mmid9jou39c6c6"", ""https://down-vn.img.susercontent.com/file/vn-11134207-81ztc-mmid9jouwr9h9b""]","[""OFFICIAL_SHOP""]","[""vn-11134258-7r98o-lyb3kdam2qw17d""]",30VCX[26.6-9.7.2026],vn-11134258-81ztc-mpuan4n576yqc2,False,False,False,1775013526,989450,1500000,1335000,34,473499643232359,17GIAM400K1,295550,1782838800,1782925140,1000000,74.0,31.0,4.5,10,"[1, 0, 0, 1, 8]","[""Mua để nhận quà""]",Nestle,2563581.0,100629,"[100629, 100652, 100838, 101596]",19,,"[""""]"
Shopee,,vn,2026-07-01,1145316676,nestlehealthscience,Nestlé Health Science,Thành phố Hà Nội,25661947997,"[Tặng Set Túi Giặt Bảo Vệ] Collagen Thủy Phân Dạng Bột NESTLÉ VITAL PROTEINS Mỹ Hỗ Trợ Làm Đẹp Da,Móng,Tóc 284G",https://shopee.vn/product/1145316676/25661947997,https://down-vn.img.susercontent.com/file/vn-11134207-81ztc-mq1o0343y9l7bc,"[""https://down-vn.img.susercontent.com/file/vn-11134207-81ztc-mq1o0343y9l7bc"", ""https://down-vn.img.susercontent.com/file/vn-11134207-820l4-mi2wyv26n6rs9d"", ""https://down-vn.img.susercontent.com/file/vn-11134207-820l4-mi2wyv02ppmo35"", ""https://down-vn.img.susercontent.com/file/vn-11134207-820l4-mi2wyv0iczd0d5"", ""https://down-vn.img.susercontent.com/file/vn-11134207-820l4-mi2wyv0u80063d"", ""https://down-vn.img.susercontent.com/file/vn-11134207-820l4-mi2wyuzyce100c""]","[""OFFICIAL_SHOP""]","[""vn-11134258-7r98o-lyb3kdam2qw17d""]",30VCX[26.6-9.7.2026],vn-11134258-81ztc-mpuan4n576yqc2,False,False,False,1706844007,640000,1100000,850000,42,473499643232359,HB250K107,160000,1782838800,1782925140,400000,859.0,176.0,4.931034482758621,116,"[1, 0, 1, 2, 112]","[""Mua để nhận quà""]",VITAL PROTEINS,1191854.0,100001,"[100001, 100002, 100004]",444,,"[""""]"
Shopee,,vn,2026-07-01,1145316676,nestlehealthscience,Nestlé Health Science,Thành phố Hà Nội,28611884248,Bộ 2 Sữa Bột NESTLÉ NUTREN JUNIOR Thụy Sĩ Với Công Thức BIG Hỗ Trợ Tăng Trưởng Cho Bé 400G,https://shopee.vn/product/1145316676/28611884248,https://down-vn.img.susercontent.com/file/sg-11134201-825ar-mq3tsbkizev6b8,"[""https://down-vn.img.susercontent.com/file/sg-11134201-825ar-mq3tsbkizev6b8"", ""https://down-vn.img.susercontent.com/file/vn-11134207-820l4-mi2ww7h89ddy81"", ""https://down-vn.img.susercontent.com/file/vn-11134207-820l4-mi2ww78qs9abae"", ""https://down-vn.img.susercontent.com/file/vn-11134207-820l4-mi2ww7hiisqq32"", ""https://down-vn.img.susercontent.com/file/vn-11134207-820l4-mi2ww794vcapbe"", ""https://down-vn.img.susercontent.com/file/vn-11134207-820l4-mi2ww795ughy4a"", ""https://down-vn.img.susercontent.com/file/vn-11134207-820l4-mi2ww7dhg9a827"", ""https://down-vn.img.susercontent.com/file/vn-11134207-820l4-mi2ww7b5zojoa4"", ""https://down-vn.img.susercontent.com/file/vn-11134207-820l4-mi2ww7e66tc695""]","[""OFFICIAL_SHOP""]","[""vn-11134258-7r98o-lyb3kdam2qw17d""]",30VCX[26.6-9.7.2026],vn-11134258-81ztc-mpuan4n576yqc2,False,False,False,1726808916,673110,1140000,932000,41,473499643232359,17GIAM350K2,157890,1782838800,1782925140,600000,191.0,111.0,4.833333333333333,12,"[0, 0, 0, 2, 10]","[""Mua để nhận quà""]",Nestle,2563581.0,100632,"[100632, 100681, 100991]",106,,"[""""]"
Shopee,,vn,2026-07-01,1145316676,nestlehealthscience,Nestlé Health Science,Thành phố Hà Nội,51407984307,"Bộ 3 Sữa Bột NESTLÉ PEPTAMEN Thụy Sĩ Hỗ Trợ Người Kém Hấp Thu,Giảm Chức Năng Tiêu Hóa 400G",https://shopee.vn/product/1145316676/51407984307,https://down-vn.img.susercontent.com/file/sg-11134201-8258h-mq3tsbwj17nmd4,"[""https://down-vn.img.susercontent.com/file/sg-11134201-8258h-mq3tsbwj17nmd4"", ""https://down-vn.img.susercontent.com/file/vn-11134207-81ztc-mmk8915srx1ke6"", ""https://down-vn.img.susercontent.com/file/vn-11134207-81ztc-mmh0u93vu8770b"", ""https://down-vn.img.susercontent.com/file/vn-11134207-81ztc-mmh0u941oxdxa9"", ""https://down-vn.img.susercontent.com/file/vn-11134207-81ztc-mmh0u941rqit92"", ""https://down-vn.img.susercontent.com/file/vn-11134207-81ztc-mmh0u941qbyd27"", ""https://down-vn.img.susercontent.com/file/vn-11134207-81ztc-mmh0u940n01t42"", ""https://down-vn.img.susercontent.com/file/vn-11134207-81ztc-mmh0u96sye4h94"", ""https://down-vn.img.susercontent.com/file/vn-11134207-81ztc-mmh0u94ehnnzac""]","[""OFFICIAL_SHOP""]","[""vn-11134258-7r98o-lyb3kdam2qw17d""]",30VCX[26.6-9.7.2026],vn-11134258-81ztc-mpuan4n576yqc2,False,False,False,1774932112,1624700,2490000,2160000,35,473499643232359,17GIAM720K,485300,1782838800,1782925140,2000000,261.0,135.0,4.911111111111111,45,"[0, 0, 2, 0, 43]","[""Mua để nhận quà""]",Peptamen,1146890.0,100629,"[100629, 100652, 100838, 101596]",20,,"[""""]"
Shopee,,vn,2026-07-01,1145316676,nestlehealthscience,Nestlé Health Science,Thành phố Hà Nội,47260940318,[MỚI] Sữa Bột NESTLÉ BOOST GLUCOSE CONTROL Đức Bổ Sung Dinh Dưỡng Người Tiểu Đường 400G,https://shopee.vn/product/1145316676/47260940318,https://down-vn.img.susercontent.com/file/sg-11134201-825bd-mq3tsc8336ry60,"[""https://down-vn.img.susercontent.com/file/sg-11134201-825bd-mq3tsc8336ry60"", ""https://down-vn.img.susercontent.com/file/vn-11134207-81ztc-moxsu3vtee4ue4"", ""https://down-vn.img.susercontent.com/file/vn-11134207-81ztc-moxtd0bzhts17e"", ""https://down-vn.img.susercontent.com/file/vn-11134207-81ztc-moxshqxu4f7kc4"", ""https://down-vn.img.susercontent.com/file/vn-11134207-81ztc-monfehezokcta9"", ""https://down-vn.img.susercontent.com/file/vn-11134207-81ztc-moxu293j9xcb23"", ""https://down-vn.img.susercontent.com/file/vn-11134207-81ztc-monfehiyj1fy5d"", ""https://down-vn.img.susercontent.com/file/vn-11134207-81ztc-monfeh8pq5n02c"", ""https://down-vn.img.susercontent.com/file/vn-11134207-81ztc-monfehdbfril64""]","[""OFFICIAL_SHOP""]","[""vn-11134258-7r98o-lyb3kdam2qw17d""]",13VCX+Shopeedebut[26.6-9.7.2026],vn-11134258-81ztc-mpua4oxk2jnm0c,False,False,False,1779366939,402200,630000,535000,36,473499643232359,17GIAM90K2,90000,1782838800,1782925140,250000,782.0,781.0,4.974683544303797,79,"[0, 0, 0, 2, 77]","[""Mua để nhận quà""]",BOOST,3150064.0,100629,"[100629, 100652, 100838, 101596]",23,,"[""""]"
Shopee,,vn,2026-07-01,1145316676,nestlehealthscience,Nestlé Health Science,Thành phố Hà Nội,49354539673,Bộ 6 Lốc 4 Hộp Sữa Pha Sẵn NESTLÉ NUTREN JUNIOR Thụy Sĩ Công Thức BIG Tăng Trưởng 180ML,https://shopee.vn/product/1145316676/49354539673,https://down-vn.img.susercontent.com/file/sg-11134201-8257w-mq3tsbisa2of75,"[""https://down-vn.img.susercontent.com/file/sg-11134201-8257w-mq3tsbisa2of75"", ""https://down-vn.img.susercontent.com/file/vn-11134207-820l4-mje15cluq8ljf2"", ""https://down-vn.img.susercontent.com/file/vn-11134207-820l4-mje16owrlssg55"", ""https://down-vn.img.susercontent.com/file/vn-11134207-820l4-mje16oxtlxxibc"", ""https://down-vn.img.susercontent.com/file/vn-11134207-820l4-mje16oyl5mv63d"", ""https://down-vn.img.susercontent.com/file/vn-11134207-820l4-mje15cncqakl1a"", ""https://down-vn.img.susercontent.com/file/vn-11134207-820l4-mje15cv3o8htb8""]","[""OFFICIAL_SHOP""]","[""vn-11134258-7r98o-lyb3kdam2qw17d""]",30VCX[26.6-9.7.2026],vn-11134258-81ztc-mpuan4n576yqc2,False,False,False,1768213598,526500,900000,700000,42,473499643232359,17GIAM350K2,123500,1782838800,1782925140,600000,52.0,30.0,5.0,5,"[0, 0, 0, 0, 5]","[""Mua để nhận quà""]",Nutren Junior,1146828.0,100632,"[100632, 100681, 100991]",12,,"[""""]"
Shopee,,vn,2026-07-01,1145316676,nestlehealthscience,Nestlé Health Science,Thành phố Hà Nội,55062789130,"Combo Collagen Thủy Phân Dạng Bột NESTLÉ VITAL PROTEINS Mỹ Hỗ Trợ Làm Đẹp Da,Móng,Tóc 567G & 284G",https://shopee.vn/product/1145316676/55062789130,https://down-vn.img.susercontent.com/file/vn-11134207-81ztc-mpxuz8ehe680d4,"[""https://down-vn.img.susercontent.com/file/vn-11134207-81ztc-mpxuz8ehe680d4"", ""https://down-vn.img.susercontent.com/file/vn-11134207-81ztc-mpvqscrw9mv5c5"", ""https://down-vn.img.susercontent.com/file/vn-11134207-81ztc-mpvqsct20mj269"", ""https://down-vn.img.susercontent.com/file/vn-11134207-81ztc-mpvqlq3o5rt90b"", ""https://down-vn.img.susercontent.com/file/vn-11134207-81ztc-mpvqscrxy1ame2"", ""https://down-vn.img.susercontent.com/file/vn-11134207-81ztc-mpvqscrwb1flbf""]","[""OFFICIAL_SHOP""]","[""vn-11134258-7r98o-lyb3kdam2qw17d""]",30VCX[26.6-9.7.2026],vn-11134258-81ztc-mpuan4n576yqc2,False,False,False,1782361359,1535580,3020000,2245000,49,473499643232359,VCXHB500K107,484920,1782838800,1782925140,1000000,177.0,177.0,0.0,0,"[0, 0, 0, 0, 0]","[""Mua để nhận quà"", ""Hàng mới về""]",VITAL PROTEINS,1191854.0,100001,"[100001, 100002, 100004]",2,,"[""""]"
Shopee,,vn,2026-07-01,1145316676,nestlehealthscience,Nestlé Health Science,Thành phố Hà Nội,28944224686,Bộ 4 Lốc 4 Hộp Sữa Pha Sẵn NESTLÉ NUTREN JUNIOR Thụy Sĩ Công Thức BIG Tăng Trưởng 110ML,https://shopee.vn/product/1145316676/28944224686,https://down-vn.img.susercontent.com/file/sg-11134201-8259x-mq3tsbi3mbr402,"[""https://down-vn.img.susercontent.com/file/sg-11134201-8259x-mq3tsbi3mbr402"", ""https://down-vn.img.susercontent.com/file/vn-11134207-81ztc-mklufymaqdc3d2"", ""https://down-vn.img.susercontent.com/file/vn-11134207-81ztc-mklufymiavie9b"", ""https://down-vn.img.susercontent.com/file/vn-11134207-81ztc-mklufymgz478ce"", ""https://down-vn.img.susercontent.com/file/vn-11134207-81ztc-mklufyminimde0"", ""https://down-vn.img.susercontent.com/file/vn-11134207-81ztc-mklufymhsm4n48"", ""https://down-vn.img.susercontent.com/file/vn-11134207-81ztc-mklufymiox6tfb""]","[""OFFICIAL_SHOP""]","[""vn-11134258-7r98o-lyb3kdam2qw17d""]",30VCX[26.6-9.7.2026],vn-11134258-81ztc-mpuan4n576yqc2,False,False,False,1770865692,235483,412800,316000,43,473499643232359,17GIAM90K2,55237,1782838800,1782925140,250000,158.0,78.0,5.0,8,"[0, 0, 0, 0, 8]","[""Mua để nhận quà""]",Nutren Junior,1146828.0,100632,"[100632, 100681, 100991]",7,,"[""""]"
Shopee,,vn,2026-07-01,1145316676,nestlehealthscience,Nestlé Health Science,Thành phố Hà Nội,56701308093,"Bộ 2 Sữa Bột NESTLÉ PEPTAMEN Thụy Sĩ Hỗ Trợ Người Kém Hấp Thu,Giảm Chức Năng Tiêu Hóa 400G",https://shopee.vn/product/1145316676/56701308093,https://down-vn.img.susercontent.com/file/sg-11134201-8258g-mq3tsco26j2a0c,"[""https://down-vn.img.susercontent.com/file/sg-11134201-8258g-mq3tsco26j2a0c"", ""https://down-vn.img.susercontent.com/file/vn-11134207-820l4-mi2wsy0xa03se4"", ""https://down-vn.img.susercontent.com/file/vn-11134207-820l4-mi2wsy6tnl6s7c"", ""https://down-vn.img.susercontent.com/file/vn-11134207-820l4-mi2wsy80m4g6bf"", ""https://down-vn.img.susercontent.com/file/vn-11134207-820l4-mi2wsy5gnbwid1"", ""https://down-vn.img.susercontent.com/file/vn-11134207-820l4-mi2wsy0zrwg4d0"", ""https://down-vn.img.susercontent.com/file/vn-11134207-820l4-mi2wsy0zqhvo08"", ""https://down-vn.img.susercontent.com/file/vn-11134207-820l4-mi2wsy1h3kld2d"", ""https://down-vn.img.susercontent.com/file/vn-11134207-820l4-mi2wsy1halfs42""]","[""OFFICIAL_SHOP""]","[""vn-11134258-7r98o-lyb3kdam2qw17d""]",30VCX[26.6-9.7.2026],vn-11134258-81ztc-mpuan4n576yqc2,False,False,False,1763028895,1093400,1660000,1470000,34,473499643232359,17GIAM400K1,326600,1782838800,1782925140,1000000,666.0,111.0,4.861386138613861,101,"[2, 1, 0, 3, 95]","[""Mua để nhận quà""]",Peptamen,1146890.0,100629,"[100629, 100652, 100838, 101596]",107,,"[""""]"
Shopee,,vn,2026-07-01,1145316676,nestlehealthscience,Nestlé Health Science,Thành phố Hà Nội,25064692961,[Quà tặng không bán] Bộ mền gối chim cánh cụt,https://shopee.vn/product/1145316676/25064692961,https://down-vn.img.susercontent.com/file/vn-11134201-7ra0g-m9r178ntf5nye3,"[""https://down-vn.img.susercontent.com/file/vn-11134201-7ra0g-m9r178ntf5nye3"", ""https://down-vn.img.susercontent.com/file/vn-11134201-7ra0g-m9r178vb48ck94"", ""https://down-vn.img.susercontent.com/file/vn-11134201-7ra0g-m9r178xt0jfy56""]","[""OFFICIAL_SHOP""]","[""vn-11134258-7r98o-lyb3kdam2qw17d""]",30VCX[26.6-9.7.2026],vn-11134258-81ztc-mpuan4n576yqc2,False,False,False,1708610586,372600,500000,500000,25,0,17GIAM90K2,87400,1782838800,1782925140,250000,217.0,93.0,4.918918918918919,37,"[0, 0, 1, 1, 35]",[],,,100632,"[100632, 100679, 100981, 101707]",0,,"[""""]"
Shopee,,vn,2026-07-01,1145316676,nestlehealthscience,Nestlé Health Science,Thành phố Hà Nội,24264694162,[Quà tặng không bán] Bộ Mền Gối Con Cua,https://shopee.vn/product/1145316676/24264694162,https://down-vn.img.susercontent.com/file/vn-11134201-7ra0g-m9r17g4yhawe50,"[""https://down-vn.img.susercontent.com/file/vn-11134201-7ra0g-m9r17g4yhawe50"", ""https://down-vn.img.susercontent.com/file/vn-11134201-7ra0g-m9r17gbw75eic0"", ""https://down-vn.img.susercontent.com/file/vn-11134201-7ra0g-m9r17gbc7ymy70"", ""https://down-vn.img.susercontent.com/file/vn-11134201-7ra0g-m9r17gc66sg2f6""]","[""OFFICIAL_SHOP""]","[""vn-11134258-7r98o-lyb3kdam2qw17d""]",30VCX[26.6-9.7.2026],vn-11134258-81ztc-mpuan4n576yqc2,False,False,False,1708611826,372600,500000,500000,25,0,17GIAM90K2,87400,1782838800,1782925140,250000,261.0,149.0,5.0,20,"[0, 0, 0, 0, 20]",[],,,100632,"[100632, 100679, 100981, 101707]",0,,"[""""]"
Shopee,,vn,2026-07-01,1145316676,nestlehealthscience,Nestlé Health Science,Thành phố Hà Nội,26670140794,[Quà tặng không bán] Quạt kẹp mini NUTREN JUNIOR,https://shopee.vn/product/1145316676/26670140794,https://down-vn.img.susercontent.com/file/vn-11134201-7ra0g-m9r16sex74hu7b,"[""https://down-vn.img.susercontent.com/file/vn-11134201-7ra0g-m9r16sex74hu7b"", ""https://down-vn.img.susercontent.com/file/vn-11134201-7ra0g-m9r16slkxc0q7f"", ""https://down-vn.img.susercontent.com/file/vn-11134201-7ra0g-m9r16sn8uwbe9e""]","[""OFFICIAL_SHOP""]","[""vn-11134258-7r98o-lyb3kdam2qw17d""]",30VCX[26.6-9.7.2026],vn-11134258-81ztc-mpuan4n576yqc2,False,False,False,1733729100,372600,500000,500000,25,0,17GIAM90K2,87400,1782838800,1782925140,250000,692.0,116.0,4.879518072289157,83,"[2, 0, 1, 0, 80]",[],,,100013,"[100013, 100075, 100277]",2,,"[""""]"
Shopee,,vn,2026-07-01,1145316676,nestlehealthscience,Nestlé Health Science,Thành phố Hồ Chí Minh,25414693248,[Quà tặng không bán] Thùng đồ đa năng,https://shopee.vn/product/1145316676/25414693248,https://down-vn.img.susercontent.com/file/vn-11134201-7ra0g-m9r175jpz71q90,"[""https://down-vn.img.susercontent.com/file/vn-11134201-7ra0g-m9r175jpz71q90"", ""https://down-vn.img.susercontent.com/file/vn-11134201-7ra0g-m9r175q3pw787b"", ""https://down-vn.img.susercontent.com/file/vn-11134201-7ra0g-m9r175q3puum16"", ""https://down-vn.img.susercontent.com/file/vn-11134201-7ra0g-m9r175ptq9eie1"", ""https://down-vn.img.susercontent.com/file/vn-11134201-7ra0g-m9r175vxhbvy1f"", ""https://down-vn.img.susercontent.com/file/vn-11134201-7ra0g-m9r175vdi522f1"", ""https://down-vn.img.susercontent.com/file/vn-11134201-7ra0g-m9r175pjqpfo6a""]","[""OFFICIAL_SHOP""]","[""vn-11134258-7r98o-lyb3kdam2qw17d""]",30VCX[26.6-9.7.2026],vn-11134258-81ztc-mpuan4n576yqc2,False,False,False,1708610998,372600,500000,500000,25,0,17GIAM90K2,87400,1782838800,1782925140,250000,131.0,90.0,4.9375,16,"[0, 0, 0, 1, 15]",[],Nestle,2563581.0,100632,"[100632, 100684, 101015]",0,,"[""""]"
Shopee,,vn,2026-07-01,1145316676,nestlehealthscience,Nestlé Health Science,Thành phố Hà Nội,45212804072,"Bộ 3 Collagen Thủy Phân Dạng Bột NESTLÉ VITAL PROTEINS Mỹ Hỗ Trợ Làm Đẹp Da,Móng,Tóc 284G",https://shopee.vn/product/1145316676/45212804072,https://down-vn.img.susercontent.com/file/vn-11134207-81ztc-mpxu0izc8c8wcd,"[""https://down-vn.img.susercontent.com/file/vn-11134207-81ztc-mpxu0izc8c8wcd"", ""https://down-vn.img.susercontent.com/file/vn-11134207-81ztc-mpvqlq26v01ud4"", ""https://down-vn.img.susercontent.com/file/vn-11134207-81ztc-mpvqlq26wema46"", ""https://down-vn.img.susercontent.com/file/vn-11134207-81ztc-mpvqlq3o5rt90b"", ""https://down-vn.img.susercontent.com/file/vn-11134207-81ztc-mpvqlq26icy4b5"", ""https://down-vn.img.susercontent.com/file/vn-11134207-81ztc-mpvqlq26xt6q79""]","[""OFFICIAL_SHOP""]","[""vn-11134258-7r98o-lyb3kdam2qw17d""]",30VCX[26.6-9.7.2026],vn-11134258-81ztc-mpuan4n576yqc2,False,False,False,1782360708,1721104,3300000,2540000,48,473499643232359,17GIAM720K,514096,1782838800,1782925140,2000000,,,0.0,0,"[0, 0, 0, 0, 0]","[""Mua để nhận quà"", ""Hàng mới về""]",VITAL PROTEINS,1191854.0,100001,"[100001, 100002, 100004]",2,,"[""""]"
Shopee,,vn,2026-07-01,1145316676,nestlehealthscience,Nestlé Health Science,Thành phố Hà Nội,56654032383,[Quà tặng không bán] Lều du lịch cho bé,https://shopee.vn/product/1145316676/56654032383,https://down-vn.img.susercontent.com/file/sg-11134201-824hv-mpxs90vb1erwfe,"[""https://down-vn.img.susercontent.com/file/sg-11134201-824hv-mpxs90vb1erwfe"", ""https://down-vn.img.susercontent.com/file/vn-11134207-820l4-mizhzxahpgci28"", ""https://down-vn.img.susercontent.com/file/vn-11134207-820l4-mizhzyzarbbaea""]","[""OFFICIAL_SHOP""]","[""vn-11134258-7r98o-lyb3kdam2qw17d""]",30VCX[26.6-9.7.2026],vn-11134258-81ztc-mpuan4n576yqc2,False,False,False,1767333893,372600,500000,500000,25,0,17GIAM90K2,87400,1782838800,1782925140,250000,217.0,31.0,4.892857142857143,28,"[0, 1, 0, 0, 27]",[],Nutren Junior,1146828.0,100632,"[100632, 100684, 101011, 101726]",5,,"[""""]"
Shopee,,vn,2026-07-01,1145316676,nestlehealthscience,Nestlé Health Science,Thành phố Hà Nội,53306094941,Bộ 2 Lốc 4 Hộp Sữa Pha Sẵn NESTLÉ NUTREN JUNIOR Thụy Sĩ Công Thức BIG Tăng Trưởng 110ML,https://shopee.vn/product/1145316676/53306094941,https://down-vn.img.susercontent.com/file/sg-11134201-825an-mq3tsbgmimfh1f,"[""https://down-vn.img.susercontent.com/file/sg-11134201-825an-mq3tsbgmimfh1f"", ""https://down-vn.img.susercontent.com/file/vn-11134207-81ztc-mklufymaqdc3d2"", ""https://down-vn.img.susercontent.com/file/vn-11134207-81ztc-mklufymiavie9b"", ""https://down-vn.img.susercontent.com/file/vn-11134207-81ztc-mklufymgz478ce"", ""https://down-vn.img.susercontent.com/file/vn-11134207-81ztc-mklufyminimde0"", ""https://down-vn.img.susercontent.com/file/vn-11134207-81ztc-mklufymhsm4n48"", ""https://down-vn.img.susercontent.com/file/vn-11134207-81ztc-mklufymiox6tfb""]","[""OFFICIAL_SHOP""]","[""vn-11134258-7r98o-lyb3kdam2qw17d""]",30VCX[26.6-9.7.2026],vn-11134258-81ztc-mpuan4n576yqc2,False,False,False,1770865577,127916,206400,158000,38,473499643232359,17GIAM30K1,17444,1782838800,1782925140,50000,652.0,559.0,5.0,13,"[0, 0, 0, 0, 13]","[""Mua để nhận quà""]",Nutren Junior,1146828.0,100632,"[100632, 100681, 100991]",8,,"[""""]"
Shopee,,vn,2026-07-01,1145316676,nestlehealthscience,Nestlé Health Science,Thành phố Hà Nội,54858041814,"Bộ 3 Sữa Dinh Dưỡng Y Học NESTLÉ ORAL IMPACT Đức Cho Người Ung Thư,Phẫu Thuật 5 Gói x 74G",https://shopee.vn/product/1145316676/54858041814,https://down-vn.img.susercontent.com/file/sg-11134201-8259k-mq3tsbx0jwngca,"[""https://down-vn.img.susercontent.com/file/sg-11134201-8259k-mq3tsbx0jwngca"", ""https://down-vn.img.susercontent.com/file/vn-11134207-81ztc-mmid9jouy5tx13"", ""https://down-vn.img.susercontent.com/file/vn-11134207-81ztc-mmid9joyrthg26"", ""https://down-vn.img.susercontent.com/file/vn-11134207-81ztc-mmid9jp824n70a"", ""https://down-vn.img.susercontent.com/file/vn-11134207-81ztc-mmid9joyt81w6d"", ""https://down-vn.img.susercontent.com/file/vn-11134207-81ztc-mmid9joy14oz9a"", ""https://down-vn.img.susercontent.com/file/vn-11134207-81ztc-mmid9jou39c6c6"", ""https://down-vn.img.susercontent.com/file/vn-11134207-81ztc-mmid9jouwr9h9b""]","[""OFFICIAL_SHOP""]","[""vn-11134258-7r98o-lyb3kdam2qw17d""]",30VCX[26.6-9.7.2026],vn-11134258-81ztc-mpuan4n576yqc2,False,False,False,1775013580,1522500,2250000,1972500,32,473499643232359,17GIAM400K1,400000,1782838800,1782925140,1000000,94.0,49.0,5.0,11,"[0, 0, 0, 0, 11]","[""Mua để nhận quà""]",Nestle,2563581.0,100629,"[100629, 100652, 100838, 101596]",17,,"[""""]"
Shopee,,vn,2026-07-01,1145316676,nestlehealthscience,Nestlé Health Science,Thành phố Hồ Chí Minh,29727782756,[Quà tặng không bán] Xe Chòi,https://shopee.vn/product/1145316676/29727782756,https://down-vn.img.susercontent.com/file/vn-11134201-7ra0g-m9r162z0fehm58,"[""https://down-vn.img.susercontent.com/file/vn-11134201-7ra0g-m9r162z0fehm58"", ""https://down-vn.img.susercontent.com/file/vn-11134201-7ra0g-m9r1637m2tf218"", ""https://down-vn.img.susercontent.com/file/vn-11134201-7ra0g-m9r1636i4h8kf7"", ""https://down-vn.img.susercontent.com/file/vn-11134201-7ra0g-m9r1637w2esuc1""]","[""OFFICIAL_SHOP""]","[""vn-11134258-7r98o-lyb3kdam2qw17d""]",30VCX[26.6-9.7.2026],vn-11134258-81ztc-mpuan4n576yqc2,False,False,False,1740666287,372600,500000,500000,25,0,17GIAM90K2,87400,1782838800,1782925140,250000,38.0,,5.0,5,"[0, 0, 0, 0, 5]",[],,,100632,"[100632, 100684, 101011, 101724]",0,,"[""""]"
Shopee,,vn,2026-07-01,1145316676,nestlehealthscience,Nestlé Health Science,Thành phố Hà Nội,27486407238,[Quà tặng không bán] Nón bảo hiểm (mẫu ngẫu nhiên),https://shopee.vn/product/1145316676/27486407238,https://down-vn.img.susercontent.com/file/vn-11134201-7ra0g-m9r16k4dbz3i82,"[""https://down-vn.img.susercontent.com/file/vn-11134201-7ra0g-m9r16k4dbz3i82"", ""https://down-vn.img.susercontent.com/file/vn-11134207-820l4-mizhzyzarbbaea"", ""https://down-vn.img.susercontent.com/file/vn-11134207-820l4-mizhzxahpgci28""]","[""OFFICIAL_SHOP""]","[""vn-11134258-7r98o-lyb3kdam2qw17d""]",30VCX[26.6-9.7.2026],vn-11134258-81ztc-mpuan4n576yqc2,False,False,False,1746762177,372600,500000,500000,25,0,17GIAM90K2,87400,1782838800,1782925140,250000,456.0,,4.736263736263736,91,"[4, 1, 1, 3, 82]",[],Nestle,2563581.0,100632,"[100632, 100674, 100949]",0,,"[""""]"
Shopee,,vn,2026-07-01,1145316676,nestlehealthscience,Nestlé Health Science,Thành phố Hồ Chí Minh,29026023897,(Quà Tặng Không Bán) Chảo Chống Dính,https://shopee.vn/product/1145316676/29026023897,https://down-vn.img.susercontent.com/file/vn-11134207-81ztc-mmpr4sgbl6o5e6,"[""https://down-vn.img.susercontent.com/file/vn-11134207-81ztc-mmpr4sgbl6o5e6"", ""https://down-vn.img.susercontent.com/file/vn-11134207-81ztc-mmpr4nu37nye8c"", ""https://down-vn.img.susercontent.com/file/vn-11134207-820l4-mizhzyzarbbaea"", ""https://down-vn.img.susercontent.com/file/vn-11134207-820l4-mizhzxahpgci28""]","[""OFFICIAL_SHOP""]","[""vn-11134258-7r98o-lyb3kdam2qw17d""]",30VCX[26.6-9.7.2026],vn-11134258-81ztc-mpuan4n576yqc2,False,False,False,1739418019,372600,500000,500000,25,0,17GIAM90K2,87400,1782838800,1782925140,250000,1000.0,16.0,4.914572864321608,199,"[2, 0, 2, 5, 190]",[],Nestle,2563581.0,100636,"[100636, 100717, 101218]",0,,"[""""]"
Shopee,,vn,2026-07-01,1145316676,nestlehealthscience,Nestlé Health Science,Thành phố Hà Nội,56502619005,Bộ 2 Thùng 24 Hộp Sữa Pha Sẵn NESTLÉ NUTREN JUNIOR Thụy Sĩ Công Thức BIG Tăng Trưởng 180ML,https://shopee.vn/product/1145316676/56502619005,https://down-vn.img.susercontent.com/file/sg-11134201-825ao-mq3tsc9azfnw95,"[""https://down-vn.img.susercontent.com/file/sg-11134201-825ao-mq3tsc9azfnw95"", ""https://down-vn.img.susercontent.com/file/sg-11134201-822yz-mic2nw0nglj492"", ""https://down-vn.img.susercontent.com/file/vn-11134207-820l4-mi2ttplu2mfa10"", ""https://down-vn.img.susercontent.com/file/vn-11134207-820l4-mi2tzmrovkzl55"", ""https://down-vn.img.susercontent.com/file/vn-11134207-820l4-mi2tzmssy6814d"", ""https://down-vn.img.susercontent.com/file/vn-11134207-820l4-mi2tzn3yztvk52"", ""https://down-vn.img.susercontent.com/file/vn-11134207-820l4-mi2twbbaz30i3f"", ""https://down-vn.img.susercontent.com/file/vn-11134207-820l4-mi2ttpmzpedje3""]","[""OFFICIAL_SHOP""]","[""vn-11134258-7r98o-lyb3kdam2qw17d""]",30VCX[26.6-9.7.2026],vn-11134258-81ztc-mpuan4n576yqc2,False,False,False,1764907381,1039500,2130000,1400000,51,473499643232359,17GIAM400K1,310500,1782838800,1782925140,1000000,1000.0,167.0,4.970760233918129,171,"[0, 1, 0, 2, 168]","[""Mua để nhận quà""]",Nutren Junior,1146828.0,100632,"[100632, 100681, 100991]",162,,"[""""]"
Shopee,,vn,2026-07-01,1145316676,nestlehealthscience,Nestlé Health Science,Thành phố Hà Nội,56109950507,Bộ 3 Sữa Bột NESTLÉ BOOST OPTIMUM Singapore Bổ Sung Dinh Dưỡng Cho Người Lớn Tuổi 800G,https://shopee.vn/product/1145316676/56109950507,https://down-vn.img.susercontent.com/file/sg-11134201-825at-mq3tsbxm8xz643,"[""https://down-vn.img.susercontent.com/file/sg-11134201-825at-mq3tsbxm8xz643"", ""https://down-vn.img.susercontent.com/file/vn-11134207-81ztc-mnuvtrfkurr850"", ""https://down-vn.img.susercontent.com/file/vn-11134207-81ztc-mnuvnq8sfapt1e"", ""https://down-vn.img.susercontent.com/file/vn-11134207-81ztc-mnuvnq8sgpa9af"", ""https://down-vn.img.susercontent.com/file/vn-11134207-81ztc-mnuvtrfccjy9fc"", ""https://down-vn.img.susercontent.com/file/vn-11134207-81ztc-mnuvtrfmdjwha5"", ""https://down-vn.img.susercontent.com/file/vn-11134207-81ztc-mnuvtrfeou14c2"", ""https://down-vn.img.susercontent.com/file/vn-11134207-81ztc-mnuvtrfenfgodb""]","[""OFFICIAL_SHOP""]","[""vn-11134258-7r98o-lyb3kdam2qw17d""]",30VCX[26.6-9.7.2026],vn-11134258-81ztc-mpuan4n576yqc2,False,False,False,1777950182,1737120,2850000,2350000,39,288936107257856,17GIAM720K,518880,1782838800,1782925140,2000000,125.0,111.0,5.0,7,"[0, 0, 0, 0, 7]","[""Mua để nhận quà""]",BOOST,3150064.0,100629,"[100629, 100652, 100838, 101596]",17,,"[""""]"
Shopee,,vn,2026-07-01,1145316676,nestlehealthscience,Nestlé Health Science,Thành phố Hà Nội,48808360600,Bộ 3 Sữa Bột NESTLÉ NUTREN JUNIOR Thụy Sĩ Với Công Thức BIG Hỗ Trợ Tăng Trưởng Cho Bé 800G+2 Lốc 4 hộp sữa pha sẵn 110ML,https://shopee.vn/product/1145316676/48808360600,https://down-vn.img.susercontent.com/file/sg-11134201-8258l-mq3tsc834lce5d,"[""https://down-vn.img.susercontent.com/file/sg-11134201-8258l-mq3tsc834lce5d"", ""https://down-vn.img.susercontent.com/file/vn-11134207-81ztc-mmu10ihnzugye1"", ""https://down-vn.img.susercontent.com/file/vn-11134207-81ztc-mmh103qynk793e"", ""https://down-vn.img.susercontent.com/file/vn-11134207-81ztc-mmh1030up7gld3"", ""https://down-vn.img.susercontent.com/file/vn-11134207-81ztc-mmh10363ml8j24"", ""https://down-vn.img.susercontent.com/file/vn-11134207-81ztc-mmh10434ham9c0"", ""https://down-vn.img.susercontent.com/file/vn-11134207-81ztc-mmlirpibd0r34f"", ""https://down-vn.img.susercontent.com/file/vn-11134207-81ztc-mmlirpidgveu7e"", ""https://down-vn.img.susercontent.com/file/vn-11134207-81ztc-mmlirpidgver11""]","[""OFFICIAL_SHOP""]","[""vn-11134258-7r98o-lyb3kdam2qw17d""]",13VCX+Shopeedebut[26.6-9.7.2026],vn-11134258-81ztc-mpua4oxk2jnm0c,False,False,False,1775548811,1641640,2864400,2360000,43,473499643232359,17GIAM720K,490360,1782838800,1782925140,2000000,49.0,21.0,5.0,6,"[0, 0, 0, 0, 6]","[""Mua để nhận quà""]",Nestle,2563581.0,100632,"[100632, 100681, 100991]",24,,"[""""]"
Shopee,,vn,2026-07-01,1145316676,nestlehealthscience,Nestlé Health Science,Thành phố Hà Nội,51960915243,[MỚI] Bộ 4 Sữa Bột NESTLÉ BOOST GLUCOSE CONTROL Đức Bổ Sung Dinh Dưỡng Người Tiểu Đường 400G,https://shopee.vn/product/1145316676/51960915243,https://down-vn.img.susercontent.com/file/sg-11134201-8257t-mq3tsbxbczylff,"[""https://down-vn.img.susercontent.com/file/sg-11134201-8257t-mq3tsbxbczylff"", ""https://down-vn.img.susercontent.com/file/vn-11134207-81ztc-moxsgcvyxrlud7"", ""https://down-vn.img.susercontent.com/file/vn-11134207-81ztc-moxtd0bzhts17e"", ""https://down-vn.img.susercontent.com/file/vn-11134207-81ztc-moxshqxu4f7kc4"", ""https://down-vn.img.susercontent.com/file/vn-11134207-81ztc-monfehezokcta9"", ""https://down-vn.img.susercontent.com/file/vn-11134207-81ztc-moxu293j9xcb23"", ""https://down-vn.img.susercontent.com/file/vn-11134207-81ztc-monfehiyj1fy5d"", ""https://down-vn.img.susercontent.com/file/vn-11134207-81ztc-monfeh8pq5n02c"", ""https://down-vn.img.susercontent.com/file/vn-11134207-81ztc-monfehdbfril64""]","[""OFFICIAL_SHOP""]","[""vn-11134258-7r98o-lyb3kdam2qw17d""]",13VCX+Shopeedebut[26.6-9.7.2026],vn-11134258-81ztc-mpua4oxk2jnm0c,False,False,False,1779367186,1590050,2520000,2115000,37,473499643232359,17GIAM720K,474950,1782838800,1782925140,2000000,8.0,7.0,5.0,1,"[0, 0, 0, 0, 1]","[""Mua để nhận quà""]",BOOST,3150064.0,100629,"[100629, 100652, 100838, 101596]",12,,"[""""]"
Shopee,,vn,2026-07-01,1145316676,nestlehealthscience,Nestlé Health Science,Thành phố Hà Nội,40067434635,[Quà tặng không bán] Túi đựng phụ kiện,https://shopee.vn/product/1145316676/40067434635,https://down-vn.img.susercontent.com/file/vn-11134207-820l4-me85vwcnv1fn15,"[""https://down-vn.img.susercontent.com/file/vn-11134207-820l4-me85vwcnv1fn15"", ""https://down-vn.img.susercontent.com/file/vn-11134207-820l4-me85vwb2utqc69"", ""https://down-vn.img.susercontent.com/file/vn-11134207-820l4-me85vwcqtslgce"", ""https://down-vn.img.susercontent.com/file/vn-11134207-820l4-me85vwao11xc2d"", ""https://down-vn.img.susercontent.com/file/vn-11134207-820l4-me85vw7nwq9v56""]","[""OFFICIAL_SHOP""]","[""vn-11134258-7r98o-lyb3kdam2qw17d""]",30VCX[26.6-9.7.2026],vn-11134258-81ztc-mpuan4n576yqc2,False,False,False,1756961904,368000,500000,500000,26,0,FA250K0107,92000,1782838800,1782925140,300000,321.0,101.0,4.9523809523809526,42,"[0, 0, 0, 2, 40]",[],,,100015,"[100015, 100087, 100325]",0,,"[""""]"
Shopee,,vn,2026-07-01,1145316676,nestlehealthscience,Nestlé Health Science,Thành phố Hà Nội,46857620541,Bộ 2 Sữa Bột NESTLÉ BOOST OPTIMUM Singapore Bổ Sung Dinh Dưỡng Cho Người Lớn Tuổi 400G,https://shopee.vn/product/1145316676/46857620541,https://down-vn.img.susercontent.com/file/sg-11134201-8258h-mq3tsc8pu2a5ec,"[""https://down-vn.img.susercontent.com/file/sg-11134201-8258h-mq3tsc8pu2a5ec"", ""https://down-vn.img.susercontent.com/file/vn-11134207-81ztc-mm71bte5tybl45"", ""https://down-vn.img.susercontent.com/file/vn-11134207-81ztc-mm71bteazdan4a"", ""https://down-vn.img.susercontent.com/file/vn-11134207-81ztc-mm71bte2eccgc8"", ""https://down-vn.img.susercontent.com/file/vn-11134207-81ztc-mm71bte2h5hc3a"", ""https://down-vn.img.susercontent.com/file/vn-11134207-81ztc-mm71bte58vsya7"", ""https://down-vn.img.susercontent.com/file/vn-11134207-81ztc-mm71bte2cxs0a2"", ""https://down-vn.img.susercontent.com/file/vn-11134207-81ztc-mm71bte2fqwwd1""]","[""OFFICIAL_SHOP""]","[""vn-11134258-7r98o-lyb3kdam2qw17d""]",30VCX[26.6-9.7.2026],vn-11134258-81ztc-mpuan4n576yqc2,False,False,False,1774327602,599400,960000,790000,38,473499643232359,17GIAM350K2,140600,1782838800,1782925140,600000,134.0,68.0,5.0,16,"[0, 0, 0, 0, 16]","[""Mua để nhận quà""]",BOOST,3150064.0,100629,"[100629, 100652, 100838, 101596]",31,,"[""""]"
Shopee,,vn,2026-07-01,1145316676,nestlehealthscience,Nestlé Health Science,Thành phố Hà Nội,25164682529,[Quà tặng không bán] Túi đeo chéo máy bay,https://shopee.vn/product/1145316676/25164682529,https://down-vn.img.susercontent.com/file/vn-11134201-7ra0g-m9r177k519j652,"[""https://down-vn.img.susercontent.com/file/vn-11134201-7ra0g-m9r177k519j652"", ""https://down-vn.img.susercontent.com/file/vn-11134201-7ra0g-m9r177sgp1cq40"", ""https://down-vn.img.susercontent.com/file/vn-11134201-7ra0g-m9r177rmq99qfc""]","[""OFFICIAL_SHOP""]","[""vn-11134258-7r98o-lyb3kdam2qw17d""]",30VCX[26.6-9.7.2026],vn-11134258-81ztc-mpuan4n576yqc2,False,False,False,1708605045,368000,500000,500000,26,0,FA250K0107,92000,1782838800,1782925140,300000,445.0,14.0,4.948275862068965,58,"[0, 0, 0, 3, 55]",[],Nestle,2563581.0,100533,"[100533, 100570]",0,,"[""""]"
Shopee,,vn,2026-07-01,1145316676,nestlehealthscience,Nestlé Health Science,Thành phố Hà Nội,25264697963,[Quà tặng không bán] Balo con cọp,https://shopee.vn/product/1145316676/25264697963,https://down-vn.img.susercontent.com/file/vn-11134201-7ra0g-m9r176j8j9mqbf,"[""https://down-vn.img.susercontent.com/file/vn-11134201-7ra0g-m9r176j8j9mqbf"", ""https://down-vn.img.susercontent.com/file/vn-11134201-7ra0g-m9r176uw3koeb5"", ""https://down-vn.img.susercontent.com/file/vn-11134201-7ra0g-m9r176r09ao4d7""]","[""OFFICIAL_SHOP""]","[""vn-11134258-7r98o-lyb3kdam2qw17d""]",30VCX[26.6-9.7.2026],vn-11134258-81ztc-mpuan4n576yqc2,False,False,False,1708610896,368000,500000,500000,26,10000010610,FA250K0107,92000,1782838800,1782925140,300000,137.0,10.0,4.8125,16,"[0, 0, 1, 1, 14]",[],,,100633,"[100633, 100689, 101026, 101744]",0,,"[""""]"
Shopee,,vn,2026-07-01,1145316676,nestlehealthscience,Nestlé Health Science,Thành phố Hà Nội,45654540269,Bộ 4 Lốc 4 Hộp Sữa Pha Sẵn NESTLÉ NUTREN JUNIOR Thụy Sĩ Công Thức BIG Tăng Trưởng 180ML,https://shopee.vn/product/1145316676/45654540269,https://down-vn.img.susercontent.com/file/sg-11134201-8259o-mq3tsbiwnfupfd,"[""https://down-vn.img.susercontent.com/file/sg-11134201-8259o-mq3tsbiwnfupfd"", ""https://down-vn.img.susercontent.com/file/vn-11134207-820l4-mje15cluq8ljf2"", ""https://down-vn.img.susercontent.com/file/vn-11134207-820l4-mje16owrlssg55"", ""https://down-vn.img.susercontent.com/file/vn-11134207-820l4-mje16oxtlxxibc"", ""https://down-vn.img.susercontent.com/file/vn-11134207-820l4-mje16oyl5mv63d"", ""https://down-vn.img.susercontent.com/file/vn-11134207-820l4-mje15cncqakl1a"", ""https://down-vn.img.susercontent.com/file/vn-11134207-820l4-mje15cv3o8htb8""]","[""OFFICIAL_SHOP""]","[""vn-11134258-7r98o-lyb3kdam2qw17d""]",30VCX[26.6-9.7.2026],vn-11134258-81ztc-mpuan4n576yqc2,False,False,False,1768213504,350244,600000,470000,42,473499643232359,17GIAM90K2,82156,1782838800,1782925140,250000,93.0,59.0,0.0,0,"[0, 0, 0, 0, 0]","[""Mua để nhận quà""]",Nutren Junior,1146828.0,100632,"[100632, 100681, 100991]",28,,"[""""]"
Shopee,,vn,2026-07-01,1145316676,nestlehealthscience,Nestlé Health Science,Thành phố Hà Nội,55004514688,Bộ 2 Lốc 4 Hộp Sữa Pha Sẵn NESTLÉ NUTREN JUNIOR Thụy Sĩ Công Thức BIG Tăng Trưởng 180ML,https://shopee.vn/product/1145316676/55004514688,https://down-vn.img.susercontent.com/file/sg-11134201-825b8-mq3tsbrma4n431,"[""https://down-vn.img.susercontent.com/file/sg-11134201-825b8-mq3tsbrma4n431"", ""https://down-vn.img.susercontent.com/file/vn-11134207-820l4-mje15cluq8ljf2"", ""https://down-vn.img.susercontent.com/file/vn-11134207-820l4-mje16owrlssg55"", ""https://down-vn.img.susercontent.com/file/vn-11134207-820l4-mje16oxtlxxibc"", ""https://down-vn.img.susercontent.com/file/vn-11134207-820l4-mje16oyl5mv63d"", ""https://down-vn.img.susercontent.com/file/vn-11134207-820l4-mje15cncqakl1a"", ""https://down-vn.img.susercontent.com/file/vn-11134207-820l4-mje15cv3o8htb8""]","[""OFFICIAL_SHOP""]","[""vn-11134258-7r98o-lyb3kdam2qw17d""]",30VCX[26.6-9.7.2026],vn-11134258-81ztc-mpuan4n576yqc2,False,False,False,1768213414,192096,300000,240000,36,473499643232359,17GIAM40K,28704,1782838800,1782925140,150000,402.0,338.0,5.0,8,"[0, 0, 0, 0, 8]","[""Mua để nhận quà""]",Nutren Junior,1146828.0,100632,"[100632, 100681, 100991]",41,,"[""""]"
Shopee,,vn,2026-07-01,1145316676,nestlehealthscience,Nestlé Health Science,Thành phố Hà Nội,55710472577,[Quà tặng không bán] Túi tote cho mẹ màu kem NESTLÉ,https://shopee.vn/product/1145316676/55710472577,https://down-vn.img.susercontent.com/file/vn-11134207-81ztc-mo7rska2pg5cff,"[""https://down-vn.img.susercontent.com/file/vn-11134207-81ztc-mo7rska2pg5cff"", ""https://down-vn.img.susercontent.com/file/vn-11134207-81ztc-mo7rskq3fsat1d"", ""https://down-vn.img.susercontent.com/file/vn-11134207-81ztc-mo7rskh5f3eq81"", ""https://down-vn.img.susercontent.com/file/vn-11134207-81ztc-mo7rskjxjgn6a7""]","[""OFFICIAL_SHOP""]","[""vn-11134258-7r98o-lyb3kdam2qw17d""]",30VCX[26.6-9.7.2026],vn-11134258-81ztc-mpuan4n576yqc2,False,False,False,1778730603,372600,500000,500000,25,0,17GIAM90K2,87400,1782838800,1782925140,250000,177.0,161.0,5.0,29,"[0, 0, 0, 0, 29]",[],Nestle,2563581.0,100632,"[100632, 100674, 100950]",0,,"[""""]"
Shopee,,vn,2026-07-01,1145316676,nestlehealthscience,Nestlé Health Science,Thành phố Hà Nội,47312804000,"Bộ 4 Collagen Thủy Phân Dạng Bột NESTLÉ VITAL PROTEINS Mỹ Hỗ Trợ Làm Đẹp Da,Móng,Tóc 284G",https://shopee.vn/product/1145316676/47312804000,https://down-vn.img.susercontent.com/file/vn-11134207-81ztc-mpxu653j7if4ca,"[""https://down-vn.img.susercontent.com/file/vn-11134207-81ztc-mpxu653j7if4ca"", ""https://down-vn.img.susercontent.com/file/vn-11134207-81ztc-mpvqlq26v01ud4"", ""https://down-vn.img.susercontent.com/file/vn-11134207-81ztc-mpvqlq26wema46"", ""https://down-vn.img.susercontent.com/file/vn-11134207-81ztc-mpvqlq3o5rt90b"", ""https://down-vn.img.susercontent.com/file/vn-11134207-81ztc-mpvqlq26icy4b5"", ""https://down-vn.img.susercontent.com/file/vn-11134207-81ztc-mpvqlq26xt6q79""]","[""OFFICIAL_SHOP""]","[""vn-11134258-7r98o-lyb3kdam2qw17d""]",30VCX[26.6-9.7.2026],vn-11134258-81ztc-mpuan4n576yqc2,False,False,False,1782360783,2249632,4400000,3320000,49,473499643232359,17GIAM720K,671968,1782838800,1782925140,2000000,,,0.0,0,"[0, 0, 0, 0, 0]","[""Mua để nhận quà"", ""Hàng mới về""]",VITAL PROTEINS,1191854.0,100001,"[100001, 100002, 100004]",2,,"[""""]"
Shopee,,vn,2026-07-01,1145316676,nestlehealthscience,Nestlé Health Science,Thành phố Hà Nội,55708176377,Bộ 2 Sữa Bột NESTLÉ NUTREN JUNIOR Thụy Sĩ Với Công Thức BIG Hỗ Trợ Tăng Trưởng Cho Bé 800G+Lốc 4 hộp sữa pha sẵn 110ML,https://shopee.vn/product/1145316676/55708176377,https://down-vn.img.susercontent.com/file/sg-11134201-8258r-mq3tsc8xpszld8,"[""https://down-vn.img.susercontent.com/file/sg-11134201-8258r-mq3tsc8xpszld8"", ""https://down-vn.img.susercontent.com/file/vn-11134207-81ztc-mmlnojnn0wldbd"", ""https://down-vn.img.susercontent.com/file/vn-11134207-81ztc-mmh103qynk793e"", ""https://down-vn.img.susercontent.com/file/vn-11134207-81ztc-mmh1030up7gld3"", ""https://down-vn.img.susercontent.com/file/vn-11134207-81ztc-mmh10363ml8j24"", ""https://down-vn.img.susercontent.com/file/vn-11134207-81ztc-mmh10434ham9c0"", ""https://down-vn.img.susercontent.com/file/vn-11134207-81ztc-mmlirpibd0r34f"", ""https://down-vn.img.susercontent.com/file/vn-11134207-81ztc-mmlirpidgveu7e"", ""https://down-vn.img.susercontent.com/file/vn-11134207-81ztc-mmlirpidgver11""]","[""OFFICIAL_SHOP""]","[""vn-11134258-7r98o-lyb3kdam2qw17d""]",13VCX+Shopeedebut[26.6-9.7.2026],vn-11134258-81ztc-mpua4oxk2jnm0c,False,False,False,1775204443,1102255,1875200,1561500,41,473499643232359,17GIAM400K1,329245,1782838800,1782925140,1000000,127.0,72.0,4.9,20,"[0, 0, 0, 2, 18]","[""Mua để nhận quà""]",Nestle,2563581.0,100632,"[100632, 100681, 100991]",45,,"[""""]"
Shopee,,vn,2026-07-01,1145316676,nestlehealthscience,Nestlé Health Science,Thành phố Hà Nội,45712795019,"Bộ 2 Collagen Thủy Phân Dạng Bột NESTLÉ VITAL PROTEINS Mỹ Hỗ Trợ Làm Đẹp Da,Móng,Tóc 567G",https://shopee.vn/product/1145316676/45712795019,https://down-vn.img.susercontent.com/file/vn-11134207-81ztc-mpxv7kw5znr4b3,"[""https://down-vn.img.susercontent.com/file/vn-11134207-81ztc-mpxv7kw5znr4b3"", ""https://down-vn.img.susercontent.com/file/vn-11134207-81ztc-mpvqscrw9mv5c5"", ""https://down-vn.img.susercontent.com/file/vn-11134207-81ztc-mpvqsct20mj269"", ""https://down-vn.img.susercontent.com/file/vn-11134207-81ztc-mpvqlq3o5rt90b"", ""https://down-vn.img.susercontent.com/file/vn-11134207-81ztc-mpvqscrxy1ame2"", ""https://down-vn.img.susercontent.com/file/vn-11134207-81ztc-mpvqscrwb1flbf""]","[""OFFICIAL_SHOP""]","[""vn-11134258-7r98o-lyb3kdam2qw17d""]",30VCX[26.6-9.7.2026],vn-11134258-81ztc-mpuan4n576yqc2,False,False,False,1782360940,1919610,3840000,2770000,50,473499643232359,17GIAM720K,573390,1782838800,1782925140,2000000,,,0.0,0,"[0, 0, 0, 0, 0]","[""Mua để nhận quà"", ""Hàng mới về""]",VITAL PROTEINS,1191854.0,100001,"[100001, 100002, 100004]",3,,"[""""]"
Shopee,,vn,2026-07-01,1145316676,nestlehealthscience,Nestlé Health Science,Thành phố Hà Nội,27127785457,[Quà tặng không bán] Vĩ nướng kèm nồi lẩu,https://shopee.vn/product/1145316676/27127785457,https://down-vn.img.susercontent.com/file/vn-11134201-7ra0g-m9r16nkoa45e32,"[""https://down-vn.img.susercontent.com/file/vn-11134201-7ra0g-m9r16nkoa45e32"", ""https://down-vn.img.susercontent.com/file/vn-11134201-7ra0g-m9r16ntjx2su12"", ""https://down-vn.img.susercontent.com/file/vn-11134201-7ra0g-m9r16nsfyp9q6f"", ""https://down-vn.img.susercontent.com/file/vn-11134201-7ra0g-m9r16nudvwjm66"", ""https://down-vn.img.susercontent.com/file/vn-11134201-7ra0g-m9r16nu3wax074""]","[""OFFICIAL_SHOP""]","[""vn-11134258-7r98o-lyb3kdam2qw17d""]",30VCX[26.6-9.7.2026],vn-11134258-81ztc-mpuan4n576yqc2,False,False,False,1740666936,372600,500000,500000,25,0,17GIAM90K2,87400,1782838800,1782925140,250000,32.0,,5.0,6,"[0, 0, 0, 0, 6]",[],Nestle,2563581.0,100632,"[100632, 100685]",0,,"[""""]"
Shopee,,vn,2026-07-01,1145316676,nestlehealthscience,Nestlé Health Science,Thành phố Hà Nội,45612809011,"Bộ 2 Collagen Thủy Phân Dạng Bột NESTLÉ VITAL PROTEINS Mỹ Hỗ Trợ Làm Đẹp Da,Móng,Tóc 284G",https://shopee.vn/product/1145316676/45612809011,https://down-vn.img.susercontent.com/file/vn-11134207-81ztc-mpxqjvedea6jd3,"[""https://down-vn.img.susercontent.com/file/vn-11134207-81ztc-mpxqjvedea6jd3"", ""https://down-vn.img.susercontent.com/file/vn-11134207-81ztc-mpvqlq26v01ud4"", ""https://down-vn.img.susercontent.com/file/vn-11134207-81ztc-mpvqlq26wema46"", ""https://down-vn.img.susercontent.com/file/vn-11134207-81ztc-mpvqlq3o5rt90b"", ""https://down-vn.img.susercontent.com/file/vn-11134207-81ztc-mpvqlq26icy4b5"", ""https://down-vn.img.susercontent.com/file/vn-11134207-81ztc-mpvqlq26xt6q79""]","[""OFFICIAL_SHOP""]","[""vn-11134258-7r98o-lyb3kdam2qw17d""]",30VCX[26.6-9.7.2026],vn-11134258-81ztc-mpuan4n576yqc2,False,False,False,1782360640,1150336,2200000,1720000,48,473499643232359,VCXHB500K107,363264,1782838800,1782925140,1000000,,,0.0,0,"[0, 0, 0, 0, 0]","[""Mua để nhận quà"", ""Hàng mới về""]",VITAL PROTEINS,1191854.0,100001,"[100001, 100002, 100004]",2,,"[""""]"
Shopee,,vn,2026-07-01,1145316676,nestlehealthscience,Nestlé Health Science,Thành phố Hồ Chí Minh,57710464097,[Quà tặng không bán] Thùng Đồ Chơi Có LEGO NESTLÉ,https://shopee.vn/product/1145316676/57710464097,https://down-vn.img.susercontent.com/file/vn-11134207-81ztc-mo7s0uvnqgarb9,"[""https://down-vn.img.susercontent.com/file/vn-11134207-81ztc-mo7s0uvnqgarb9"", ""https://down-vn.img.susercontent.com/file/vn-11134207-81ztc-mo7s0uuk4pvq80"", ""https://down-vn.img.susercontent.com/file/vn-11134207-81ztc-mo7s0uv4hybl86"", ""https://down-vn.img.susercontent.com/file/vn-11134207-81ztc-mo7s0uuectts7b"", ""https://down-vn.img.susercontent.com/file/vn-11134207-81ztc-mo7s0uuwnm6g6a""]","[""OFFICIAL_SHOP""]","[""vn-11134258-7r98o-lyb3kdam2qw17d""]",30VCX[26.6-9.7.2026],vn-11134258-81ztc-mpuan4n576yqc2,False,False,False,1778730959,372600,500000,500000,25,0,17GIAM90K2,87400,1782838800,1782925140,250000,78.0,78.0,5.0,8,"[0, 0, 0, 0, 8]",[],Nestle,2563581.0,100632,"[100632, 100684, 101011, 101729]",1,,"[""""]"
Shopee,,vn,2026-07-01,1145316676,nestlehealthscience,Nestlé Health Science,Thành phố Hà Nội,42232012026,"Bộ 3 Collagen Thủy Phân Dạng Bột NESTLÉ VITAL PROTEINS Mỹ Hỗ Trợ Làm Đẹp Da,Móng,Tóc 567G",https://shopee.vn/product/1145316676/42232012026,https://down-vn.img.susercontent.com/file/vn-11134207-81ztc-mpxv59ri7torf2,"[""https://down-vn.img.susercontent.com/file/vn-11134207-81ztc-mpxv59ri7torf2"", ""https://down-vn.img.susercontent.com/file/vn-11134207-81ztc-mpvqscrw9mv5c5"", ""https://down-vn.img.susercontent.com/file/vn-11134207-81ztc-mpvqsct20mj269"", ""https://down-vn.img.susercontent.com/file/vn-11134207-81ztc-mpvqlq3o5rt90b"", ""https://down-vn.img.susercontent.com/file/vn-11134207-81ztc-mpvqscrxy1ame2"", ""https://down-vn.img.susercontent.com/file/vn-11134207-81ztc-mpvqscrwb1flbf""]","[""OFFICIAL_SHOP""]","[""vn-11134258-7r98o-lyb3kdam2qw17d""]",30VCX[26.6-9.7.2026],vn-11134258-81ztc-mpuan4n576yqc2,False,False,False,1782361170,2959200,5760000,4110000,49,473499643232359,17GIAM1000K2,739800,1782838800,1782925140,3000000,,,0.0,0,"[0, 0, 0, 0, 0]","[""Mua để nhận quà"", ""Hàng mới về""]",VITAL PROTEINS,1191854.0,100001,"[100001, 100002, 100004]",2,,"[""""]"
Shopee,,vn,2026-07-01,1145316676,nestlehealthscience,Nestlé Health Science,Thành phố Hà Nội,25584202984,[Quà tặng không bán] Set đồ gấp gọn kèm khăn,https://shopee.vn/product/1145316676/25584202984,https://down-vn.img.susercontent.com/file/vn-11134201-7ra0g-m9r173rclfuqd1,"[""https://down-vn.img.susercontent.com/file/vn-11134201-7ra0g-m9r173rclfuqd1"", ""https://down-vn.img.susercontent.com/file/vn-11134201-7ra0g-m9r173wmf4g4ae"", ""https://down-vn.img.susercontent.com/file/vn-11134201-7ra0g-m9r173xgdwlg12""]","[""OFFICIAL_SHOP""]","[""vn-11134258-7r98o-lyb3kdam2qw17d""]",30VCX[26.6-9.7.2026],vn-11134258-81ztc-mpuan4n576yqc2,False,False,False,1722441379,372600,500000,500000,25,0,17GIAM90K2,87400,1782838800,1782925140,250000,389.0,230.0,4.883116883116883,77,"[1, 1, 0, 2, 73]",[],Nestle,2563581.0,100638,"[100638, 100730, 101331]",1,,"[""""]"
Shopee,,vn,2026-07-01,1145316676,nestlehealthscience,Nestlé Health Science,Thành phố Hồ Chí Minh,25014692248,[Quà tặng không bán] Khăn choàng tắm bé con voi,https://shopee.vn/product/1145316676/25014692248,https://down-vn.img.susercontent.com/file/vn-11134201-7ra0g-m9r178ijmvbu8a,"[""https://down-vn.img.susercontent.com/file/vn-11134201-7ra0g-m9r178ijmvbu8a"", ""https://down-vn.img.susercontent.com/file/vn-11134201-7ra0g-m9r178rf9vkq36"", ""https://down-vn.img.susercontent.com/file/vn-11134201-7ra0g-m9r178oxdksief"", ""https://down-vn.img.susercontent.com/file/vn-11134201-7ra0g-m9r178rf9vn2ed"", ""https://down-vn.img.susercontent.com/file/vn-11134201-7ra0g-m9r178p7d4ii38"", ""https://down-vn.img.susercontent.com/file/vn-11134201-7ra0g-m9r178s98pdue8"", ""https://down-vn.img.susercontent.com/file/vn-11134201-7ra0g-m9r178p7ej2y0d""]","[""OFFICIAL_SHOP""]","[""vn-11134258-7r98o-lyb3kdam2qw17d""]",30VCX[26.6-9.7.2026],vn-11134258-81ztc-mpuan4n576yqc2,False,False,False,1708610293,372600,500000,500000,25,10000010610,17GIAM90K2,87400,1782838800,1782925140,250000,836.0,14.0,4.8478260869565215,138,"[2, 3, 1, 2, 130]",[],Nestle,2563581.0,100632,"[100632, 100678, 100969]",1,,"[""""]"
Shopee,,vn,2026-07-01,1145316676,nestlehealthscience,Nestlé Health Science,Thành phố Hà Nội,49862259468,[Quà tặng không bán] Đàn gỗ 8 thanh,https://shopee.vn/product/1145316676/49862259468,https://down-vn.img.susercontent.com/file/vn-11134207-81ztc-mphlzqxvuvwuf4,"[""https://down-vn.img.susercontent.com/file/vn-11134207-81ztc-mphlzqxvuvwuf4"", ""https://down-vn.img.susercontent.com/file/vn-11134207-81ztc-mphlzqywj9q8fb"", ""https://down-vn.img.susercontent.com/file/vn-11134207-81ztc-mphlzqxs41dt44"", ""https://down-vn.img.susercontent.com/file/vn-11134207-81ztc-mphlzqy44ob3bb"", ""https://down-vn.img.susercontent.com/file/vn-11134207-81ztc-mphlzqxs2mtd51""]","[""OFFICIAL_SHOP""]","[""vn-11134258-7r98o-lyb3kdam2qw17d""]",30VCX[26.6-9.7.2026],vn-11134258-81ztc-mpuan4n576yqc2,False,False,False,1781505494,372600,500000,500000,25,0,17GIAM90K2,87400,1782838800,1782925140,250000,64.0,44.0,5.0,5,"[0, 0, 0, 0, 5]","[""Hàng mới về""]",Nutren Junior,1146828.0,100632,"[100632, 100684, 101012, 101737]",1,,"[""""]"
Shopee,,vn,2026-07-01,1145316676,nestlehealthscience,Nestlé Health Science,Thành phố Hồ Chí Minh,26844738635,[Quà tặng không bán] Lốc 4 Hộp Sữa Pha Sẵn NESTLÉ NUTREN JUNIOR Thụy Sĩ Công Thức BIG Tăng Trưởng 110ML,https://shopee.vn/product/1145316676/26844738635,https://down-vn.img.susercontent.com/file/vn-11134207-81ztc-mnwigyxssb9cc0,"[""https://down-vn.img.susercontent.com/file/vn-11134207-81ztc-mnwigyxssb9cc0"", ""https://down-vn.img.susercontent.com/file/vn-11134207-81ztc-mnuvs358gb2b7d"", ""https://down-vn.img.susercontent.com/file/vn-11134207-81ztc-mmlirpibd0r34f"", ""https://down-vn.img.susercontent.com/file/vn-11134207-81ztc-mmlirpidgveu7e"", ""https://down-vn.img.susercontent.com/file/vn-11134207-81ztc-mmlirpidgver11"", ""https://down-vn.img.susercontent.com/file/vn-11134207-81ztc-mnuvs3a41amc19"", ""https://down-vn.img.susercontent.com/file/vn-11134207-81ztc-mnuvs367x5acdd""]","[""OFFICIAL_SHOP""]","[""vn-11134258-7r98o-lyb3kdam2qw17d""]",30VCX[26.6-9.7.2026],vn-11134258-81ztc-mpuan4n576yqc2,False,False,False,1777950315,372600,500000,500000,25,0,17GIAM90K2,87400,1782838800,1782925140,250000,250.0,238.0,5.0,72,"[0, 0, 0, 0, 72]",[],Nutren Junior,1146828.0,100632,"[100632, 100681, 100991]",5,,"[""""]"
Shopee,,vn,2026-07-01,1145316676,nestlehealthscience,Nestlé Health Science,Thành phố Hà Nội,28844273090,Bộ 3 Sữa Bột NESTLÉ NUTREN JUNIOR Thụy Sĩ Với Công Thức BIG Hỗ Trợ Tăng Trưởng Cho Bé 400G,https://shopee.vn/product/1145316676/28844273090,https://down-vn.img.susercontent.com/file/sg-11134201-8259e-mq3tschf8d8hf8,"[""https://down-vn.img.susercontent.com/file/sg-11134201-8259e-mq3tschf8d8hf8"", ""https://down-vn.img.susercontent.com/file/vn-11134207-81ztc-mlc1lau9y3nn02"", ""https://down-vn.img.susercontent.com/file/vn-11134207-81ztc-ml77x18pi2vc5a"", ""https://down-vn.img.susercontent.com/file/vn-11134207-81ztc-ml77x18uoweb29"", ""https://down-vn.img.susercontent.com/file/vn-11134207-81ztc-ml77x18mqcjm51"", ""https://down-vn.img.susercontent.com/file/vn-11134207-81ztc-ml77x18mjbpced"", ""https://down-vn.img.susercontent.com/file/vn-11134207-81ztc-ml77x18um39g37"", ""https://down-vn.img.susercontent.com/file/vn-11134207-81ztc-ml77x18unhtvb3"", ""https://down-vn.img.susercontent.com/file/vn-11134207-81ztc-ml77x18uqayrb1""]","[""OFFICIAL_SHOP""]","[""vn-11134258-7r98o-lyb3kdam2qw17d""]",30VCX[26.6-9.7.2026],vn-11134258-81ztc-mpuan4n576yqc2,False,False,False,1772159505,949410,1710000,1408000,44,473499643232359,17GIAM400K1,283590,1782838800,1782925140,1000000,55.0,32.0,5.0,1,"[0, 0, 0, 0, 1]","[""Mua để nhận quà""]",Nestle,2563581.0,100632,"[100632, 100681, 100991]",5,,"[""""]"
Shopee,,vn,2026-07-01,1145316676,nestlehealthscience,Nestlé Health Science,Thành phố Hà Nội,56060464533,[Quà tặng không bán] Balo Cabybara NESTLÉ,https://shopee.vn/product/1145316676/56060464533,https://down-vn.img.susercontent.com/file/vn-11134207-81ztc-mo7t4hd0j5s01d,"[""https://down-vn.img.susercontent.com/file/vn-11134207-81ztc-mo7t4hd0j5s01d"", ""https://down-vn.img.susercontent.com/file/vn-11134207-81ztc-mo7t4hdovo5h78"", ""https://down-vn.img.susercontent.com/file/vn-11134207-81ztc-mo7t4hdak5q86d"", ""https://down-vn.img.susercontent.com/file/vn-11134207-81ztc-mo7t4hd4zaiw66"", ""https://down-vn.img.susercontent.com/file/vn-11134207-81ztc-mo7t4hdaabr86d""]","[""OFFICIAL_SHOP""]","[""vn-11134258-7r98o-lyb3kdam2qw17d""]",30VCX[26.6-9.7.2026],vn-11134258-81ztc-mpuan4n576yqc2,False,False,False,1778732803,372600,500000,500000,25,0,17GIAM90K2,87400,1782838800,1782925140,250000,87.0,39.0,4.923076923076923,13,"[0, 0, 0, 1, 12]",[],Nestle,2563581.0,100632,"[100632, 100674, 100950]",1,,"[""""]"
Shopee,,vn,2026-07-01,1145316676,nestlehealthscience,Nestlé Health Science,Thành phố Hồ Chí Minh,40117408792,[Quà tặng không bán] Dây Kháng Lực,https://shopee.vn/product/1145316676/40117408792,https://down-vn.img.susercontent.com/file/vn-11134207-820l4-me859dqa70g05a,"[""https://down-vn.img.susercontent.com/file/vn-11134207-820l4-me859dqa70g05a"", ""https://down-vn.img.susercontent.com/file/vn-11134207-820l4-me859dqgbjlv8d"", ""https://down-vn.img.susercontent.com/file/vn-11134207-820l4-me859dqga51f01"", ""https://down-vn.img.susercontent.com/file/vn-11134207-820l4-me859dqf16v9c8""]","[""OFFICIAL_SHOP""]","[""vn-11134258-7r98o-lyb3kdam2qw17d""]",30VCX[26.6-9.7.2026],vn-11134258-81ztc-mpuan4n576yqc2,False,False,False,1756961321,368000,500000,500000,26,0,FA250K0107,92000,1782838800,1782925140,300000,506.0,77.0,4.858823529411764,85,"[2, 0, 1, 2, 80]",[],,,100637,"[100637, 100725, 101294, 101888]",5,,"[""""]"
Shopee,,vn,2026-07-01,1145316676,nestlehealthscience,Nestlé Health Science,Thành phố Hà Nội,57906098813,Bộ 6 Lốc 4 Hộp Sữa Pha Sẵn NESTLÉ NUTREN JUNIOR Thụy Sĩ Công Thức BIG Tăng Trưởng 110ML,https://shopee.vn/product/1145316676/57906098813,https://down-vn.img.susercontent.com/file/sg-11134201-8258c-mq3tsc8nnegx31,"[""https://down-vn.img.susercontent.com/file/sg-11134201-8258c-mq3tsc8nnegx31"", ""https://down-vn.img.susercontent.com/file/vn-11134207-81ztc-mklufymaqdc3d2"", ""https://down-vn.img.susercontent.com/file/vn-11134207-81ztc-mklufymiavie9b"", ""https://down-vn.img.susercontent.com/file/vn-11134207-81ztc-mklufymgz478ce"", ""https://down-vn.img.susercontent.com/file/vn-11134207-81ztc-mklufyminimde0"", ""https://down-vn.img.susercontent.com/file/vn-11134207-81ztc-mklufymhsm4n48"", ""https://down-vn.img.susercontent.com/file/vn-11134207-81ztc-mklufymiox6tfb""]","[""OFFICIAL_SHOP""]","[""vn-11134258-7r98o-lyb3kdam2qw17d""]",30VCX[26.6-9.7.2026],vn-11134258-81ztc-mpuan4n576yqc2,False,False,False,1770865757,349498,619200,469000,44,473499643232359,17GIAM90K2,81982,1782838800,1782925140,250000,69.0,47.0,3.3333333333333335,3,"[0, 1, 1, 0, 1]","[""Mua để nhận quà""]",Nutren Junior,1146828.0,100632,"[100632, 100681, 100991]",3,,"[""""]"
Shopee,,vn,2026-07-01,1145316676,nestlehealthscience,Nestlé Health Science,Thành phố Hà Nội,27904398629,[Quà tặng Không bán] Set túi mẹ bé,https://shopee.vn/product/1145316676/27904398629,https://down-vn.img.susercontent.com/file/vn-11134201-7ra0g-m9r16gkqir1qbd,"[""https://down-vn.img.susercontent.com/file/vn-11134201-7ra0g-m9r16gkqir1qbd"", ""https://down-vn.img.susercontent.com/file/vn-11134201-7ra0g-m9r16gqaampa8e"", ""https://down-vn.img.susercontent.com/file/vn-11134201-7ra0g-m9r16gvu2iai3c""]","[""OFFICIAL_SHOP""]","[""vn-11134258-7r98o-lyb3kdam2qw17d""]",30VCX[26.6-9.7.2026],vn-11134258-81ztc-mpuan4n576yqc2,False,False,False,1719990569,769500,1000000,1000000,23,0,17GIAM350K2,180500,1782838800,1782925140,600000,392.0,189.0,4.827586206896552,29,"[1, 0, 0, 1, 27]",[],Nestle,2563581.0,100632,"[100632, 100685]",2,,"[""""]"
Shopee,,vn,2026-07-01,1145316676,nestlehealthscience,Nestlé Health Science,Thành phố Hồ Chí Minh,42130599124,[Quà tặng không bán] Lốc 4 Hộp Sữa Pha Sẵn NESTLÉ NUTREN JUNIOR Thụy Sĩ Công Thức BIG Tăng Trưởng 180ML,https://shopee.vn/product/1145316676/42130599124,https://down-vn.img.susercontent.com/file/vn-11134207-81ztc-mnwihpo6wemde8,"[""https://down-vn.img.susercontent.com/file/vn-11134207-81ztc-mnwihpo6wemde8"", ""https://down-vn.img.susercontent.com/file/vn-11134207-81ztc-mnuvvk3rjugy49"", ""https://down-vn.img.susercontent.com/file/vn-11134207-81ztc-mmliuuusay9u0a"", ""https://down-vn.img.susercontent.com/file/vn-11134207-81ztc-mmlirpidgveu7e"", ""https://down-vn.img.susercontent.com/file/vn-11134207-81ztc-mmliuuuoy5fqf7"", ""https://down-vn.img.susercontent.com/file/vn-11134207-81ztc-mnuvs3a41amc19"", ""https://down-vn.img.susercontent.com/file/vn-11134207-81ztc-mmh1cy2lbs3sc4""]","[""OFFICIAL_SHOP""]","[""vn-11134258-7r98o-lyb3kdam2qw17d""]",30VCX[26.6-9.7.2026],vn-11134258-81ztc-mpuan4n576yqc2,False,False,False,1777950486,372600,500000,500000,25,0,17GIAM90K2,87400,1782838800,1782925140,250000,146.0,114.0,5.0,42,"[0, 0, 0, 0, 42]",[],Nutren Junior,1146828.0,100632,"[100632, 100681, 100991]",6,,"[""""]"
Shopee,,vn,2026-07-01,1145316676,nestlehealthscience,Nestlé Health Science,Thành phố Hà Nội,28818600640,[Quà tặng không bán] Hộp tô màu,https://shopee.vn/product/1145316676/28818600640,https://down-vn.img.susercontent.com/file/vn-11134201-7ra0g-m9r168jm9vuq74,"[""https://down-vn.img.susercontent.com/file/vn-11134201-7ra0g-m9r168jm9vuq74"", ""https://down-vn.img.susercontent.com/file/vn-11134201-7ra0g-m9r168o23dz621"", ""https://down-vn.img.susercontent.com/file/vn-11134201-7ra0g-m9r168omp1l053""]","[""OFFICIAL_SHOP""]","[""vn-11134258-7r98o-lyb3kdam2qw17d""]",30VCX[26.6-9.7.2026],vn-11134258-81ztc-mpuan4n576yqc2,False,False,False,1732505021,600000,800000,800000,25,0,HB250K107,150000,1782838800,1782925140,400000,579.0,90.0,4.934426229508197,61,"[0, 0, 1, 2, 58]",[],Nestle,2563581.0,100001,"[100001, 100019, 100135]",2,,"[""""]"
Shopee,,vn,2026-07-01,1145316676,nestlehealthscience,Nestlé Health Science,Thành phố Hà Nội,24364698071,[Quà tặng không bán] Bộ đồ chơi xếp khối,https://shopee.vn/product/1145316676/24364698071,https://down-vn.img.susercontent.com/file/vn-11134201-7ra0g-m9r17f5fyoha5f,"[""https://down-vn.img.susercontent.com/file/vn-11134201-7ra0g-m9r17f5fyoha5f"", ""https://down-vn.img.susercontent.com/file/vn-11134201-7ra0g-m9r17fe1m4p0d6"", ""https://down-vn.img.susercontent.com/file/vn-11134201-7ra0g-m9r17fd7lwka36"", ""https://down-vn.img.susercontent.com/file/vn-11134201-7ra0g-m9r17fhxf02ied"", ""https://down-vn.img.susercontent.com/file/vn-11134201-7ra0g-m9r17fcxnpta8f"", ""https://down-vn.img.susercontent.com/file/vn-11134201-7ra0g-m9r17fdhli0e22"", ""https://down-vn.img.susercontent.com/file/vn-11134201-7ra0g-m9r17fcxp5z6cf"", ""https://down-vn.img.susercontent.com/file/vn-11134201-7ra0g-m9r17fd7lwmm29""]","[""OFFICIAL_SHOP""]","[""vn-11134258-7r98o-lyb3kdam2qw17d""]",30VCX[26.6-9.7.2026],vn-11134258-81ztc-mpuan4n576yqc2,False,False,False,1708610737,372600,500000,500000,25,0,17GIAM90K2,87400,1782838800,1782925140,250000,452.0,142.0,4.791666666666667,48,"[0, 2, 1, 2, 43]",[],Nestle,2563581.0,100632,"[100632, 100684, 101012, 101735]",0,,"[""""]"
Shopee,,vn,2026-07-01,1145316676,nestlehealthscience,Nestlé Health Science,Thành phố Hà Nội,24964694524,[Quà tặng không bán] Máy uốn tóc VP,https://shopee.vn/product/1145316676/24964694524,https://down-vn.img.susercontent.com/file/vn-11134201-7ra0g-m9r179g49saq6d,"[""https://down-vn.img.susercontent.com/file/vn-11134201-7ra0g-m9r179g49saq6d"", ""https://down-vn.img.susercontent.com/file/vn-11134201-7ra0g-m9r179p9xshu85"", ""https://down-vn.img.susercontent.com/file/vn-11134201-7ra0g-m9r179qdxkle5a"", ""https://down-vn.img.susercontent.com/file/vn-11134201-7ra0g-m9r179ku2u563c"", ""https://down-vn.img.susercontent.com/file/vn-11134201-7ra0g-m9r179kaj3mi6b""]","[""OFFICIAL_SHOP""]","[""vn-11134258-7r98o-lyb3kdam2qw17d""]",30VCX[26.6-9.7.2026],vn-11134258-81ztc-mpuan4n576yqc2,False,False,False,1708612631,720000,950000,950000,24,0,HB250K107,180000,1782838800,1782925140,400000,115.0,37.0,4.947368421052632,19,"[0, 0, 0, 1, 18]",[],,,100630,"[100630, 100663, 100889, 101666]",1,,"[""""]"
Shopee,,vn,2026-07-01,1145316676,nestlehealthscience,Nestlé Health Science,Thành phố Hà Nội,24114692449,[Quà tặng không bán] Ba lô và nón Boost Optimum,https://shopee.vn/product/1145316676/24114692449,https://down-vn.img.susercontent.com/file/vn-11134201-7ra0g-m9r17hl4d078fc,"[""https://down-vn.img.susercontent.com/file/vn-11134201-7ra0g-m9r17hl4d078fc"", ""https://down-vn.img.susercontent.com/file/vn-11134201-7ra0g-m9r17hr89p4y13"", ""https://down-vn.img.susercontent.com/file/vn-11134201-7ra0g-m9r17hri7vya27"", ""https://down-vn.img.susercontent.com/file/vn-11134201-7ra0g-m9r17hxbwjuq93"", ""https://down-vn.img.susercontent.com/file/vn-11134201-7ra0g-m9r17hqy5vt0fe"", ""https://down-vn.img.susercontent.com/file/vn-11134201-7ra0g-m9r17hri3ml6ed"", ""https://down-vn.img.susercontent.com/file/vn-11134201-7ra0g-m9r17hqy7adga9"", ""https://down-vn.img.susercontent.com/file/vn-11134201-7ra0g-m9r17hv3ye8288""]","[""OFFICIAL_SHOP""]","[""vn-11134258-7r98o-lyb3kdam2qw17d""]",30VCX[26.6-9.7.2026],vn-11134258-81ztc-mpuan4n576yqc2,False,False,False,1708610157,368000,500000,500000,26,0,FA250K0107,92000,1782838800,1782925140,300000,85.0,63.0,5.0,7,"[0, 0, 0, 0, 7]",[],,,100633,"[100633, 100689, 101026, 101744]",0,,"[""""]"
Shopee,,vn,2026-07-01,1145316676,nestlehealthscience,Nestlé Health Science,Thành phố Hà Nội,40931076959,[MỚI] Bộ 3 Sữa Bột NESTLÉ BOOST GLUCOSE CONTROL Đức Bổ Sung Dinh Dưỡng Người Tiểu Đường 400G,https://shopee.vn/product/1145316676/40931076959,https://down-vn.img.susercontent.com/file/sg-11134201-82583-mq3tscgfx5am58,"[""https://down-vn.img.susercontent.com/file/sg-11134201-82583-mq3tscgfx5am58"", ""https://down-vn.img.susercontent.com/file/vn-11134207-81ztc-moxsfpjp6ryaab"", ""https://down-vn.img.susercontent.com/file/vn-11134207-81ztc-moxtd0bzhts17e"", ""https://down-vn.img.susercontent.com/file/vn-11134207-81ztc-moxshqxu4f7kc4"", ""https://down-vn.img.susercontent.com/file/vn-11134207-81ztc-monfehezokcta9"", ""https://down-vn.img.susercontent.com/file/vn-11134207-81ztc-moxu293j9xcb23"", ""https://down-vn.img.susercontent.com/file/vn-11134207-81ztc-monfehiyj1fy5d"", ""https://down-vn.img.susercontent.com/file/vn-11134207-81ztc-monfeh8pq5n02c"", ""https://down-vn.img.susercontent.com/file/vn-11134207-81ztc-monfehdbfril64""]","[""OFFICIAL_SHOP""]","[""vn-11134258-7r98o-lyb3kdam2qw17d""]",13VCX+Shopeedebut[26.6-9.7.2026],vn-11134258-81ztc-mpua4oxk2jnm0c,False,False,False,1779367114,1197350,1890000,1605000,37,473499643232359,17GIAM400K1,357650,1782838800,1782925140,1000000,8.0,7.0,5.0,2,"[0, 0, 0, 0, 2]","[""Mua để nhận quà""]",BOOST,3150064.0,100629,"[100629, 100652, 100838, 101596]",15,,"[""""]"
Shopee,,vn,2026-07-01,1145316676,nestlehealthscience,Nestlé Health Science,Thành phố Hà Nội,28741775607,[Quà tặng không bán] Bộ quà thôi nôi,https://shopee.vn/product/1145316676/28741775607,https://down-vn.img.susercontent.com/file/vn-11134207-820l4-metghiv9h05i9f,"[""https://down-vn.img.susercontent.com/file/vn-11134207-820l4-metghiv9h05i9f"", ""https://down-vn.img.susercontent.com/file/vn-11134207-820l4-metghiwxmzuud1"", ""https://down-vn.img.susercontent.com/file/vn-11134207-820l4-metghil6itj70a"", ""https://down-vn.img.susercontent.com/file/vn-11134207-820l4-metghisifytj95"", ""https://down-vn.img.susercontent.com/file/vn-11134207-820l4-metghiz4kmpwe6"", ""https://down-vn.img.susercontent.com/file/vn-11134207-820l4-metghiqi54hvd3""]","[""OFFICIAL_SHOP""]","[""vn-11134258-7r98o-lyb3kdam2qw17d""]",30VCX[26.6-9.7.2026],vn-11134258-81ztc-mpuan4n576yqc2,False,False,False,1758250988,372600,500000,500000,25,0,17GIAM90K2,87400,1782838800,1782925140,250000,837.0,,4.890909090909091,165,"[2, 1, 1, 5, 156]",[],Nestle,2563581.0,100632,"[100632, 100685]",7,,"[""""]"
Shopee,,vn,2026-07-01,1145316676,nestlehealthscience,Nestlé Health Science,Thành phố Hồ Chí Minh,18987408217,[Quà tặng không bán] Bộ gối ôm con rồng kèm nón và balo NUTREN JUNIOR,https://shopee.vn/product/1145316676/18987408217,https://down-vn.img.susercontent.com/file/vn-11134201-7ra0g-m9r17ke4965q29,"[""https://down-vn.img.susercontent.com/file/vn-11134201-7ra0g-m9r17ke4965q29"", ""https://down-vn.img.susercontent.com/file/vn-11134201-7ra0g-m9r17km5xe9a27"", ""https://down-vn.img.susercontent.com/file/vn-11134201-7ra0g-m9r17kks3oec23""]","[""OFFICIAL_SHOP""]","[""vn-11134258-7r98o-lyb3kdam2qw17d""]",30VCX[26.6-9.7.2026],vn-11134258-81ztc-mpuan4n576yqc2,False,False,False,1709612735,648000,850000,850000,24,0,17GIAM350K2,152000,1782838800,1782925140,600000,123.0,99.0,5.0,5,"[0, 0, 0, 0, 5]",[],Nestle,2563581.0,100632,"[100632, 100679, 100981, 101707]",1,,"[""""]"
Shopee,,vn,2026-07-01,1145316676,nestlehealthscience,Nestlé Health Science,Thành phố Hà Nội,47857620474,Bộ 4 Sữa Bột NESTLÉ BOOST OPTIMUM Singapore Bổ Sung Dinh Dưỡng Cho Người Lớn Tuổi 400G,https://shopee.vn/product/1145316676/47857620474,https://down-vn.img.susercontent.com/file/sg-11134201-8259i-mq3tsbkkuu4h35,"[""https://down-vn.img.susercontent.com/file/sg-11134201-8259i-mq3tsbkkuu4h35"", ""https://down-vn.img.susercontent.com/file/vn-11134207-81ztc-mm71bte5tybl45"", ""https://down-vn.img.susercontent.com/file/vn-11134207-81ztc-mm71bteazdan4a"", ""https://down-vn.img.susercontent.com/file/vn-11134207-81ztc-mm71bte2eccgc8"", ""https://down-vn.img.susercontent.com/file/vn-11134207-81ztc-mm71bte2h5hc3a"", ""https://down-vn.img.susercontent.com/file/vn-11134207-81ztc-mm71bte58vsya7"", ""https://down-vn.img.susercontent.com/file/vn-11134207-81ztc-mm71bte2cxs0a2"", ""https://down-vn.img.susercontent.com/file/vn-11134207-81ztc-mm71bte2fqwwd1""]","[""OFFICIAL_SHOP""]","[""vn-11134258-7r98o-lyb3kdam2qw17d""]",30VCX[26.6-9.7.2026],vn-11134258-81ztc-mpuan4n576yqc2,False,False,False,1774327668,1175328,1920000,1590000,39,473499643232359,17GIAM400K1,351072,1782838800,1782925140,1000000,47.0,13.0,5.0,15,"[0, 0, 0, 0, 15]","[""Mua để nhận quà""]",BOOST,3150064.0,100629,"[100629, 100652, 100838, 101596]",25,,"[""""]"
Shopee,,vn,2026-07-01,1145316676,nestlehealthscience,Nestlé Health Science,Thành phố Hồ Chí Minh,57260472404,[Quà tặng không bán] Bộ Vợt Cầu Lông,https://shopee.vn/product/1145316676/57260472404,https://down-vn.img.susercontent.com/file/vn-11134207-81ztc-mo7reku3320wd6,"[""https://down-vn.img.susercontent.com/file/vn-11134207-81ztc-mo7reku3320wd6"", ""https://down-vn.img.susercontent.com/file/vn-11134207-81ztc-mo7rekvl8q9y8f"", ""https://down-vn.img.susercontent.com/file/vn-11134207-81ztc-mo7reku6y494aa"", ""https://down-vn.img.susercontent.com/file/vn-11134207-81ztc-mo7reku77y848a"", ""https://down-vn.img.susercontent.com/file/vn-11134207-81ztc-mo7reku5qkn75a""]","[""OFFICIAL_SHOP""]","[""vn-11134258-7r98o-lyb3kdam2qw17d""]",30VCX[26.6-9.7.2026],vn-11134258-81ztc-mpuan4n576yqc2,False,False,False,1778729958,372600,500000,500000,25,0,17GIAM90K2,87400,1782838800,1782925140,250000,,,0.0,0,"[0, 0, 0, 0, 0]",[],Nestle,2563581.0,100632,"[100632, 100684, 101011, 101729]",0,,"[""""]"
Shopee,,vn,2026-07-01,1145316676,nestlehealthscience,Nestlé Health Science,Thành phố Hà Nội,54658185548,Bộ 2 Sữa Bột NESTLÉ NUTREN JUNIOR Thụy Sĩ Với Công Thức BIG Hỗ Trợ Tăng Trưởng Cho Bé 800G+Lốc 4 hộp sữa pha sẵn 180ML,https://shopee.vn/product/1145316676/54658185548,https://down-vn.img.susercontent.com/file/sg-11134201-8257s-mq3tsbkfs6pt33,"[""https://down-vn.img.susercontent.com/file/sg-11134201-8257s-mq3tsbkfs6pt33"", ""https://down-vn.img.susercontent.com/file/vn-11134207-81ztc-mmlno3tytc044b"", ""https://down-vn.img.susercontent.com/file/vn-11134207-81ztc-mmh103qynk793e"", ""https://down-vn.img.susercontent.com/file/vn-11134207-81ztc-mmh1030up7gld3"", ""https://down-vn.img.susercontent.com/file/vn-11134207-81ztc-mmh10363ml8j24"", ""https://down-vn.img.susercontent.com/file/vn-11134207-81ztc-mmh10434ham9c0"", ""https://down-vn.img.susercontent.com/file/vn-11134207-81ztc-mmliuuusay9u0a"", ""https://down-vn.img.susercontent.com/file/vn-11134207-81ztc-mmlirpidgveu7e"", ""https://down-vn.img.susercontent.com/file/vn-11134207-81ztc-mmliuuuoy5fqf7""]","[""OFFICIAL_SHOP""]","[""vn-11134258-7r98o-lyb3kdam2qw17d""]",13VCX+Shopeedebut[26.6-9.7.2026],vn-11134258-81ztc-mpua4oxk2jnm0c,False,False,False,1775204563,1131900,1922000,1600000,41,473499643232359,17GIAM400K1,338100,1782838800,1782925140,1000000,72.0,63.0,4.666666666666667,3,"[0, 0, 0, 1, 2]","[""Mua để nhận quà""]",Nestle,2563581.0,100632,"[100632, 100681, 100991]",16,,"[""""]"
Shopee,,vn,2026-07-01,1145316676,nestlehealthscience,Nestlé Health Science,Thành phố Hà Nội,25164693944,[Quà tặng không bán] BỘ KHĂN CHOÀNG TẮM BÉ VÀ TÚI KHỦNG LONG,https://shopee.vn/product/1145316676/25164693944,https://down-vn.img.susercontent.com/file/vn-11134201-7ra0g-m9r177kp0epa75,"[""https://down-vn.img.susercontent.com/file/vn-11134201-7ra0g-m9r177kp0epa75"", ""https://down-vn.img.susercontent.com/file/vn-11134201-7ra0g-m9r177r2r3usc7"", ""https://down-vn.img.susercontent.com/file/vn-11134201-7ra0g-m9r177sqomsub7"", ""https://down-vn.img.susercontent.com/file/vn-11134201-7ra0g-m9r177qita8qdb"", ""https://down-vn.img.susercontent.com/file/vn-11134201-7ra0g-m9r177wwil4yd5"", ""https://down-vn.img.susercontent.com/file/vn-11134201-7ra0g-m9r177r2r2i621"", ""https://down-vn.img.susercontent.com/file/vn-11134201-7ra0g-m9r177qsripu4e""]","[""OFFICIAL_SHOP""]","[""vn-11134258-7r98o-lyb3kdam2qw17d""]",30VCX[26.6-9.7.2026],vn-11134258-81ztc-mpuan4n576yqc2,False,False,False,1708611935,372600,500000,500000,25,0,17GIAM90K2,87400,1782838800,1782925140,250000,10.0,,5.0,1,"[0, 0, 0, 0, 1]",[],,,100632,"[100632, 100678, 100969]",1,,"[""""]"
Shopee,,vn,2026-07-01,1145316676,nestlehealthscience,Nestlé Health Science,Thành phố Hà Nội,24116535739,[Quà Tặng Không Bán] Set khăn Boost Optimum BOOST OPTIMUM,https://shopee.vn/product/1145316676/24116535739,https://down-vn.img.susercontent.com/file/vn-11134201-7ra0g-m9r17hm8bdz6a3,"[""https://down-vn.img.susercontent.com/file/vn-11134201-7ra0g-m9r17hm8bdz6a3"", ""https://down-vn.img.susercontent.com/file/vn-11134201-7ra0g-m9r17hujz77o5c"", ""https://down-vn.img.susercontent.com/file/vn-11134201-7ra0g-m9r17hu000g464""]","[""OFFICIAL_SHOP""]","[""vn-11134258-7r98o-lyb3kdam2qw17d""]",30VCX[26.6-9.7.2026],vn-11134258-81ztc-mpuan4n576yqc2,False,False,False,1709485947,372600,500000,500000,25,0,17GIAM90K2,87400,1782838800,1782925140,250000,875.0,43.0,4.901234567901234,163,"[3, 0, 1, 2, 157]",[],Nestle,2563581.0,100632,"[100632, 100678, 100969]",1,,"[""""]"
Shopee,,vn,2026-07-01,1145316676,nestlehealthscience,Nestlé Health Science,Thành phố Hà Nội,47408351576,Bộ 3 Sữa Bột NESTLÉ NUTREN JUNIOR Thụy Sĩ Với Công Thức BIG Hỗ Trợ Tăng Trưởng Cho Bé 800G+2 Lốc 4 hộp sữa pha sẵn 180ML,https://shopee.vn/product/1145316676/47408351576,https://down-vn.img.susercontent.com/file/sg-11134201-8259i-mq3tsbwujl6o7b,"[""https://down-vn.img.susercontent.com/file/sg-11134201-8259i-mq3tsbwujl6o7b"", ""https://down-vn.img.susercontent.com/file/vn-11134207-81ztc-mmu0zy0fq96o22"", ""https://down-vn.img.susercontent.com/file/vn-11134207-81ztc-mmh103qynk793e"", ""https://down-vn.img.susercontent.com/file/vn-11134207-81ztc-mmh1030up7gld3"", ""https://down-vn.img.susercontent.com/file/vn-11134207-81ztc-mmh10363ml8j24"", ""https://down-vn.img.susercontent.com/file/vn-11134207-81ztc-mmh10434ham9c0"", ""https://down-vn.img.susercontent.com/file/vn-11134207-81ztc-mmliuuusay9u0a"", ""https://down-vn.img.susercontent.com/file/vn-11134207-81ztc-mmlirpidgveu7e"", ""https://down-vn.img.susercontent.com/file/vn-11134207-81ztc-mmliuuuoy5fqf7""]","[""OFFICIAL_SHOP""]","[""vn-11134258-7r98o-lyb3kdam2qw17d""]",13VCX+Shopeedebut[26.6-9.7.2026],vn-11134258-81ztc-mpua4oxk2jnm0c,False,False,False,1775549174,1704780,2958000,2442000,42,288936107257856,17GIAM720K,509220,1782838800,1782925140,2000000,19.0,7.0,5.0,2,"[0, 0, 0, 0, 2]","[""Mua để nhận quà""]",Nestle,2563581.0,100632,"[100632, 100681, 100991]",21,,"[""""]"
Shopee,,vn,2026-07-01,1145316676,nestlehealthscience,Nestlé Health Science,Thành phố Hà Nội,26577785819,[Quà tặng không bán] Set giặt bảo vệ quần áo,https://shopee.vn/product/1145316676/26577785819,https://down-vn.img.susercontent.com/file/vn-11134201-7ra0g-m9r16sed7xhg73,"[""https://down-vn.img.susercontent.com/file/vn-11134201-7ra0g-m9r16sed7xhg73"", ""https://down-vn.img.susercontent.com/file/vn-11134201-7ra0g-m9r16sreot4e65"", ""https://down-vn.img.susercontent.com/file/vn-11134201-7ra0g-m9r16sn8uwdq3f"", ""https://down-vn.img.susercontent.com/file/vn-11134201-7ra0g-m9r16sn8xr42be"", ""https://down-vn.img.susercontent.com/file/vn-11134201-7ra0g-m9r16smyvazy29""]","[""OFFICIAL_SHOP""]","[""vn-11134258-7r98o-lyb3kdam2qw17d""]",30VCX[26.6-9.7.2026],vn-11134258-81ztc-mpuan4n576yqc2,False,False,False,1740667297,372600,500000,500000,25,0,17GIAM90K2,87400,1782838800,1782925140,250000,1000.0,,4.905362776025236,319,"[2, 1, 6, 7, 303]",[],Nestle,2563581.0,100632,"[100632, 100678, 100976]",2,,"[""""]"
Shopee,,vn,2026-07-02,1145316676,nestlehealthscience,Nestlé Health Science,Thành phố Hà Nội,26429048596,"Sữa Bột NESTLÉ PEPTAMEN Thụy Sĩ Hỗ Trợ Người Kém Hấp Thu,Giảm Chức Năng Tiêu Hóa 400G",https://shopee.vn/product/1145316676/26429048596,https://down-vn.img.susercontent.com/file/sg-11134201-8259j-mq3tschxue4i66,"[""https://down-vn.img.susercontent.com/file/sg-11134201-8259j-mq3tschxue4i66"", ""https://down-vn.img.susercontent.com/file/vn-11134207-820l4-mi2wsy0xa03se4"", ""https://down-vn.img.susercontent.com/file/vn-11134207-820l4-mi2wsy6tnl6s7c"", ""https://down-vn.img.susercontent.com/file/vn-11134207-820l4-mi2wsy80m4g6bf"", ""https://down-vn.img.susercontent.com/file/vn-11134207-820l4-mi2wsy5gnbwid1"", ""https://down-vn.img.susercontent.com/file/vn-11134207-820l4-mi2wsy0zrwg4d0"", ""https://down-vn.img.susercontent.com/file/vn-11134207-820l4-mi2wsy0zqhvo08"", ""https://down-vn.img.susercontent.com/file/vn-11134207-820l4-mi2wsy1h3kld2d"", ""https://down-vn.img.susercontent.com/file/vn-11134207-820l4-mi2wsy1halfs42""]","[""OFFICIAL_SHOP""]","[""vn-11134258-7r98o-lyb3kdam2qw17d""]",30VCX[26.6-9.7.2026],vn-11134258-81ztc-mpuan4n576yqc2,False,False,False,1741600748,556100,830000,720000,33,475828320813188,237GIAM350K2,113900,1782925200,1783097940,600000,712.0,152.0,5.0,10,"[0, 0, 0, 0, 10]","[""Mua để nhận quà""]",Peptamen,1146890.0,100629,"[100629, 100652, 100838, 101596]",138,,"[""""]"
Shopee,,vn,2026-07-02,1145316676,nestlehealthscience,Nestlé Health Science,Thành phố Hà Nội,24135901205,Thùng 36 Hộp Sữa Pha Sẵn NESTLÉ NUTREN JUNIOR Thụy Sĩ Công Thức BIG Tăng Trưởng 110ML,https://shopee.vn/product/1145316676/24135901205,https://down-vn.img.susercontent.com/file/sg-11134201-825bc-mq3tsbgmk0zx3e,"[""https://down-vn.img.susercontent.com/file/sg-11134201-825bc-mq3tsbgmk0zx3e"", ""https://down-vn.img.susercontent.com/file/vn-11134207-820l4-mi2wjdce2ryb78"", ""https://down-vn.img.susercontent.com/file/vn-11134207-820l4-mi2wjd6j2cqp1a"", ""https://down-vn.img.susercontent.com/file/vn-11134207-820l4-mi2tzmssy6814d"", ""https://down-vn.img.susercontent.com/file/vn-11134207-820l4-mi2wjdasda1226"", ""https://down-vn.img.susercontent.com/file/vn-11134207-820l4-mi2twbbaz30i3f"", ""https://down-vn.img.susercontent.com/file/vn-11134207-820l4-mi2wgwpbxszke2""]","[""OFFICIAL_SHOP""]","[""vn-11134258-7r98o-lyb3kdam2qw17d""]",30VCX[26.6-9.7.2026],vn-11134258-81ztc-mpuan4n576yqc2,False,False,False,1726042516,546140,928800,708000,41,475828320813188,237GIAM350K2,111860,1782925200,1783097940,600000,6000.0,2000.0,4.904831625183016,686,"[9, 4, 2, 13, 658]","[""Mua để nhận quà""]",Nutren Junior,1146828.0,100632,"[100632, 100681, 100991]",327,Phân loại,"[""Date 12 tháng"", ""Date 4/2026""]"
Shopee,,vn,2026-07-02,1145316676,nestlehealthscience,Nestlé Health Science,Thành phố Hà Nội,25760757038,Sữa Bột NESTLÉ BOOST OPTIMUM Singapore Bổ Sung Dinh Dưỡng Cho Người Lớn Tuổi,https://shopee.vn/product/1145316676/25760757038,https://down-vn.img.susercontent.com/file/sg-11134201-825bc-mq3tsche97gi2f,"[""https://down-vn.img.susercontent.com/file/sg-11134201-825bc-mq3tsche97gi2f"", ""https://down-vn.img.susercontent.com/file/vn-11134207-820l4-mi2wvg2yg9vk22"", ""https://down-vn.img.susercontent.com/file/vn-11134207-820l4-mi2wvg2y991ea3"", ""https://down-vn.img.susercontent.com/file/vn-11134207-820l4-mi2wuu4nopvq96"", ""https://down-vn.img.susercontent.com/file/vn-11134207-820l4-mi2wvga5c7wj56"", ""https://down-vn.img.susercontent.com/file/vn-11134207-820l4-mi2wvg2yhog018"", ""https://down-vn.img.susercontent.com/file/vn-11134207-820l4-mi2wvg4bgj5v37"", ""https://down-vn.img.susercontent.com/file/vn-11134207-820l4-mi2wvgc0kgef79""]","[""OFFICIAL_SHOP""]","[""vn-11134258-7r98o-lyb3kdam2qw17d""]",30VCX[26.6-9.7.2026],vn-11134258-81ztc-mpuan4n576yqc2,False,False,False,1706165679,313076,480000,410000,35,475828320813188,237GIAM90K2,64124,1782925200,1783097940,250000,1000.0,238.0,4.852,250,"[5, 1, 3, 8, 233]","[""Mua để nhận quà""]",BOOST,3150064.0,100629,"[100629, 100652, 100838, 101596]",201,Phân Loại,"[""800G"", ""400G""]"
Shopee,,vn,2026-07-02,1145316676,nestlehealthscience,Nestlé Health Science,Thành phố Hà Nội,26229062943,"Sữa Bột NESTLÉ PEPTAMENJUNIOR Thụy Sĩ Hỗ Trợ Kém Hấp Thu,Giảm Chức Năng Tiêu Hóa 400G",https://shopee.vn/product/1145316676/26229062943,https://down-vn.img.susercontent.com/file/sg-11134201-825a7-mq3tsch8r6yodc,"[""https://down-vn.img.susercontent.com/file/sg-11134201-825a7-mq3tsch8r6yodc"", ""https://down-vn.img.susercontent.com/file/vn-11134207-820l4-mi2wrk0yncap32"", ""https://down-vn.img.susercontent.com/file/vn-11134207-820l4-mi2wrk18oc8xa0"", ""https://down-vn.img.susercontent.com/file/vn-11134207-820l4-mi2wrk3wtfk784"", ""https://down-vn.img.susercontent.com/file/vn-11134207-820l4-mi2wrk7ci7sx60"", ""https://down-vn.img.susercontent.com/file/vn-11134207-820l4-mi2wrk14uolj84"", ""https://down-vn.img.susercontent.com/file/vn-11134207-820l4-mi2wrk199ers2b"", ""https://down-vn.img.susercontent.com/file/vn-11134207-820l4-mi2wrk87ahvs58"", ""https://down-vn.img.susercontent.com/file/vn-11134207-820l4-mi2wrk90edj795""]","[""OFFICIAL_SHOP""]","[""vn-11134258-7r98o-lyb3kdam2qw17d""]",30VCX[26.6-9.7.2026],vn-11134258-81ztc-mpuan4n576yqc2,False,False,False,1741601078,471200,750000,610000,37,475828320813188,237GIAM90K2,90000,1782925200,1783097940,250000,493.0,169.0,4.844827586206897,58,"[1, 0, 2, 1, 54]","[""Mua để nhận quà""]",Peptamen,1146890.0,100629,"[100629, 100652, 100838, 101596]",85,,"[""""]"
Shopee,,vn,2026-07-02,1145316676,nestlehealthscience,Nestlé Health Science,Thành phố Hà Nội,24810760293,"Collagen Thủy Phân Dạng Bột NESTLÉ VITAL PROTEINS Mỹ Hỗ Trợ Làm Đẹp Da,Móng,Tóc 567G",https://shopee.vn/product/1145316676/24810760293,https://down-vn.img.susercontent.com/file/sg-11134201-8258v-mq3r38z9ro5o6d,"[""https://down-vn.img.susercontent.com/file/sg-11134201-8258v-mq3r38z9ro5o6d"", ""https://down-vn.img.susercontent.com/file/vn-11134207-820l4-mi2x00lmnh1ka7"", ""https://down-vn.img.susercontent.com/file/vn-11134207-820l4-mi2x00asjn5s64"", ""https://down-vn.img.susercontent.com/file/vn-11134207-820l4-mi2wyv0iczd0d5"", ""https://down-vn.img.susercontent.com/file/vn-11134207-820l4-mi2x00jfelms02"", ""https://down-vn.img.susercontent.com/file/vn-11134207-820l4-mi2x00k8mozs58""]","[""OFFICIAL_SHOP""]","[""vn-11134258-7r98o-lyb3kdam2qw17d""]",30VCX[26.6-9.7.2026],vn-11134258-81ztc-mpuan4n576yqc2,False,False,False,1706167199,1033200,1920000,1400000,46,475828320813188,237GIAM500K2,226800,1782925200,1783097940,1000000,2000.0,1000.0,4.941422594142259,239,"[2, 0, 0, 6, 231]","[""Mua để nhận quà""]",VITAL PROTEINS,1191854.0,100001,"[100001, 100002, 100004]",206,,"[""""]"
Shopee,,vn,2026-07-02,1145316676,nestlehealthscience,Nestlé Health Science,Thành phố Hà Nội,26663401389,Sữa Bột NESTLÉ NUTREN JUNIOR Thụy Sĩ Với Công Thức BIG Hỗ Trợ Tăng Trưởng Cho Bé 800G,https://shopee.vn/product/1145316676/26663401389,https://down-vn.img.susercontent.com/file/sg-11134201-8259p-mq3tsbkj280244,"[""https://down-vn.img.susercontent.com/file/sg-11134201-8259p-mq3tsbkj280244"", ""https://down-vn.img.susercontent.com/file/vn-11134207-820l4-mi2wx8j1ydxe1c"", ""https://down-vn.img.susercontent.com/file/vn-11134207-820l4-mi2wx86tmr5u54"", ""https://down-vn.img.susercontent.com/file/vn-11134207-820l4-mi2wx8cxuoead6"", ""https://down-vn.img.susercontent.com/file/vn-11134207-820l4-mi2wx87urzsxe3"", ""https://down-vn.img.susercontent.com/file/vn-11134207-820l4-mi2wx8bc56h494"", ""https://down-vn.img.susercontent.com/file/vn-11134207-820l4-mi2wx8bvjapsce"", ""https://down-vn.img.susercontent.com/file/vn-11134207-820l4-mi2wx8fsbbpkbb""]","[""OFFICIAL_SHOP""]","[""vn-11134258-7r98o-lyb3kdam2qw17d""]",30VCX[26.6-9.7.2026],vn-11134258-81ztc-mpuan4n576yqc2,False,False,False,1728272522,550290,886000,760000,38,475828320813188,237GIAM350K2,112710,1782925200,1783097940,600000,6000.0,1000.0,4.851894374282434,872,"[8, 6, 23, 33, 802]","[""Mua để nhận quà""]",Nutren Junior,1146828.0,100632,"[100632, 100681, 100991]",490,,"[""""]"
Shopee,,vn,2026-07-02,1145316676,nestlehealthscience,Nestlé Health Science,Thành phố Hà Nội,27611883214,Bộ 2 Sữa Bột NESTLÉ NUTREN JUNIOR Thụy Sĩ Với Công Thức BIG Hỗ Trợ Tăng Trưởng Cho Bé 800G,https://shopee.vn/product/1145316676/27611883214,https://down-vn.img.susercontent.com/file/sg-11134201-8258l-mq3tsbkjc0em5c,"[""https://down-vn.img.susercontent.com/file/sg-11134201-8258l-mq3tsbkjc0em5c"", ""https://down-vn.img.susercontent.com/file/vn-11134207-820l4-mi2wx8j1ydxe1c"", ""https://down-vn.img.susercontent.com/file/vn-11134207-820l4-mi2wx86tpkaqce"", ""https://down-vn.img.susercontent.com/file/vn-11134207-820l4-mi2wx86tmr5u54"", ""https://down-vn.img.susercontent.com/file/vn-11134207-820l4-mi2wx8cxuoead6"", ""https://down-vn.img.susercontent.com/file/vn-11134207-820l4-mi2wx87urzsxe3"", ""https://down-vn.img.susercontent.com/file/vn-11134207-820l4-mi2wx8bc56h494"", ""https://down-vn.img.susercontent.com/file/vn-11134207-820l4-mi2wx8bvjapsce"", ""https://down-vn.img.susercontent.com/file/vn-11134207-820l4-mi2wx8fsbbpkbb""]","[""OFFICIAL_SHOP""]","[""vn-11134258-7r98o-lyb3kdam2qw17d""]",30VCX[26.6-9.7.2026],vn-11134258-81ztc-mpuan4n576yqc2,False,False,False,1726808358,1123400,1772000,1500000,37,475828320813188,237GIAM500K2,246600,1782925200,1783097940,1000000,2000.0,476.0,4.796875,384,"[7, 5, 12, 11, 349]","[""Mua để nhận quà""]",Nestle,2563581.0,100632,"[100632, 100681, 100991]",264,,"[""""]"
Shopee,,vn,2026-07-02,1145316676,nestlehealthscience,Nestlé Health Science,Thành phố Hà Nội,43157122803,Bộ 2 Thùng 36 Hộp Sữa Pha Sẵn NESTLÉ NUTREN JUNIOR Thụy Sĩ Công Thức BIG Tăng Trưởng 110ML,https://shopee.vn/product/1145316676/43157122803,https://down-vn.img.susercontent.com/file/sg-11134201-82589-mq3tsbkhnlzgbc,"[""https://down-vn.img.susercontent.com/file/sg-11134201-82589-mq3tsbkhnlzgbc"", ""https://down-vn.img.susercontent.com/file/vn-11134207-820l4-mi2wjdce2ryb78"", ""https://down-vn.img.susercontent.com/file/vn-11134207-820l4-mi2wjd6j2cqp1a"", ""https://down-vn.img.susercontent.com/file/vn-11134207-820l4-mi2tzmssy6814d"", ""https://down-vn.img.susercontent.com/file/vn-11134207-820l4-mi2wjdasda1226"", ""https://down-vn.img.susercontent.com/file/vn-11134207-820l4-mi2twbbaz30i3f"", ""https://down-vn.img.susercontent.com/file/vn-11134207-820l4-mi2wgwpbxszke2""]","[""OFFICIAL_SHOP""]","[""vn-11134258-7r98o-lyb3kdam2qw17d""]",30VCX[26.6-9.7.2026],vn-11134258-81ztc-mpuan4n576yqc2,False,False,False,1751514482,1087320,1857600,1376000,41,475828320813188,237GIAM500K2,238680,1782925200,1783097940,1000000,5000.0,2000.0,4.8983833718244805,433,"[7, 2, 1, 8, 415]","[""Mua để nhận quà""]",Nutren Junior,1146828.0,100632,"[100632, 100681, 102070]",195,,"[""""]"
Shopee,,vn,2026-07-02,1145316676,nestlehealthscience,Nestlé Health Science,Thành phố Hà Nội,26682672239,Lốc 4 Hộp Sữa Pha Sẵn NESTLÉ NUTREN JUNIOR Thụy Sĩ Công Thức BIG Tăng Trưởng 110ML,https://shopee.vn/product/1145316676/26682672239,https://down-vn.img.susercontent.com/file/sg-11134201-82593-mq3tsbrg6yh835,"[""https://down-vn.img.susercontent.com/file/sg-11134201-82593-mq3tsbrg6yh835"", ""https://down-vn.img.susercontent.com/file/vn-11134207-820l4-mi2wgw9j7f9i96"", ""https://down-vn.img.susercontent.com/file/vn-11134207-820l4-mi2wgx2ooo3qda"", ""https://down-vn.img.susercontent.com/file/vn-11134207-820l4-mi2ttpm4ub6074"", ""https://down-vn.img.susercontent.com/file/vn-11134207-820l4-mi2wgw93od8k31"", ""https://down-vn.img.susercontent.com/file/vn-11134207-820l4-mi2twbbaz30i3f"", ""https://down-vn.img.susercontent.com/file/vn-11134207-820l4-mi2wgwpbxszke2""]","[""OFFICIAL_SHOP""]","[""vn-11134258-7r98o-lyb3kdam2qw17d""]",30VCX[26.6-9.7.2026],vn-11134258-81ztc-mpuan4n576yqc2,False,False,False,1744177635,65982,103200,81500,36,475828320813188,VCXDPULC0702,8998,1782925200,1783011540,50000,6000.0,4000.0,4.979522184300341,586,"[1, 0, 0, 8, 577]","[""Mua để nhận quà""]",Nutren Junior,1146828.0,100632,"[100632, 100681, 102070]",145,,"[""""]"
Shopee,,vn,2026-07-02,1145316676,nestlehealthscience,Nestlé Health Science,Thành phố Hà Nội,57301655172,Bộ 3 Sữa Bột NESTLÉ NUTREN JUNIOR Thụy Sĩ Với Công Thức BIG Hỗ Trợ Tăng Trưởng Cho Bé 800G,https://shopee.vn/product/1145316676/57301655172,https://down-vn.img.susercontent.com/file/sg-11134201-825bc-mq3tsbwi4y6k5a,"[""https://down-vn.img.susercontent.com/file/sg-11134201-825bc-mq3tsbwi4y6k5a"", ""https://down-vn.img.susercontent.com/file/vn-11134207-820l4-mi2wx8j1ydxe1c"", ""https://down-vn.img.susercontent.com/file/vn-11134207-820l4-mi2wx86tpkaqce"", ""https://down-vn.img.susercontent.com/file/vn-11134207-820l4-mi2wx86tmr5u54"", ""https://down-vn.img.susercontent.com/file/vn-11134207-820l4-mi2wx8cxuoead6"", ""https://down-vn.img.susercontent.com/file/vn-11134207-820l4-mi2wx87urzsxe3"", ""https://down-vn.img.susercontent.com/file/vn-11134207-820l4-mi2wx8bc56h494"", ""https://down-vn.img.susercontent.com/file/vn-11134207-820l4-mi2wx8bvjapsce"", ""https://down-vn.img.susercontent.com/file/vn-11134207-820l4-mi2wx8fsbbpkbb""]","[""OFFICIAL_SHOP""]","[""vn-11134258-7r98o-lyb3kdam2qw17d""]",30VCX[26.6-9.7.2026],vn-11134258-81ztc-mpuan4n576yqc2,False,False,False,1763460110,1651480,2658000,2242000,38,286944471367682,237GIAM500K2,362520,1782925200,1783097940,1000000,6000.0,5000.0,4.882179675994109,679,"[8, 5, 6, 21, 639]","[""Mua để nhận quà""]",Nutren Junior,1146828.0,100632,"[100632, 100681, 100991]",206,,"[""""]"
Shopee,,vn,2026-07-02,1145316676,nestlehealthscience,Nestlé Health Science,Thành phố Hà Nội,44377021220,Thùng 24 Hộp Sữa Pha Sẵn NESTLÉ NUTREN JUNIOR Thụy Sĩ Công Thức BIG Tăng Trưởng 180ML,https://shopee.vn/product/1145316676/44377021220,https://down-vn.img.susercontent.com/file/sg-11134201-82582-mq3tsbgicbnyd3,"[""https://down-vn.img.susercontent.com/file/sg-11134201-82582-mq3tsbgicbnyd3"", ""https://down-vn.img.susercontent.com/file/vn-11134207-820l4-mi2ttplu2mfa10"", ""https://down-vn.img.susercontent.com/file/vn-11134207-820l4-mi2tzmrovkzl55"", ""https://down-vn.img.susercontent.com/file/vn-11134207-820l4-mi2tzmssy6814d"", ""https://down-vn.img.susercontent.com/file/vn-11134207-820l4-mi2tzn3yztvk52"", ""https://down-vn.img.susercontent.com/file/vn-11134207-820l4-mi2twbbaz30i3f"", ""https://down-vn.img.susercontent.com/file/vn-11134207-820l4-mi2ttpmzpedje3""]","[""OFFICIAL_SHOP""]","[""vn-11134258-7r98o-lyb3kdam2qw17d""]",30VCX[26.6-9.7.2026],vn-11134258-81ztc-mpuan4n576yqc2,False,False,False,1764907496,581000,1065000,750000,45,475828320813188,237GIAM350K2,119000,1782925200,1783097940,600000,3000.0,2000.0,4.975806451612903,124,"[0, 0, 0, 3, 121]","[""Mua để nhận quà""]",Nutren Junior,1146828.0,100632,"[100632, 100681, 100991]",134,,"[""""]"
Shopee,,vn,2026-07-02,1145316676,nestlehealthscience,Nestlé Health Science,Thành phố Hà Nội,27229058273,"Sữa Dinh Dưỡng Y Học NESTLÉ ORAL IMPACT Đức Cho Người Ung Thư,Phẫu Thuật 5 Gói x 74G",https://shopee.vn/product/1145316676/27229058273,https://down-vn.img.susercontent.com/file/sg-11134201-825ap-mq3tsc9h86j2d8,"[""https://down-vn.img.susercontent.com/file/sg-11134201-825ap-mq3tsc9h86j2d8"", ""https://down-vn.img.susercontent.com/file/vn-11134207-820l4-mi2wto9vz3lt5f"", ""https://down-vn.img.susercontent.com/file/vn-11134207-820l4-mi2wto5spwck5c"", ""https://down-vn.img.susercontent.com/file/vn-11134207-820l4-mi2wto67l2pvbd"", ""https://down-vn.img.susercontent.com/file/vn-11134207-820l4-mi2wtob9kfew38"", ""https://down-vn.img.susercontent.com/file/vn-11134207-820l4-mi2wto5poc2016"", ""https://down-vn.img.susercontent.com/file/vn-11134207-820l4-mi2wtod5gjk356"", ""https://down-vn.img.susercontent.com/file/vn-11134207-820l4-mi2wtoaxgzczed"", ""https://down-vn.img.susercontent.com/file/vn-11134207-820l4-mi2wtoedmmfbc0""]","[""OFFICIAL_SHOP""]","[""vn-11134258-7r98o-lyb3kdam2qw17d""]",30VCX[26.6-9.7.2026],vn-11134258-81ztc-mpuan4n576yqc2,False,False,False,1741601401,514600,750000,670000,31,475828320813188,237GIAM350K2,105400,1782925200,1783097940,600000,807.0,243.0,4.857142857142857,84,"[2, 1, 0, 1, 80]","[""Mua để nhận quà""]",Nestle,2563581.0,100629,"[100629, 100652, 100838, 101596]",81,,"[""""]"
Shopee,,vn,2026-07-02,1145316676,nestlehealthscience,Nestlé Health Science,Thành phố Hà Nội,25811942299,Bộ 2 Sữa Bột NESTLÉ BOOST OPTIMUM Singapore Bổ Sung Dinh Dưỡng Cho Người Lớn Tuổi 800G,https://shopee.vn/product/1145316676/25811942299,https://down-vn.img.susercontent.com/file/vn-11134207-81ztc-mq4h3dpycqoc40,"[""https://down-vn.img.susercontent.com/file/vn-11134207-81ztc-mq4h3dpycqoc40"", ""https://down-vn.img.susercontent.com/file/sg-11134201-8258x-mq3r38pwrjm7ff"", ""https://down-vn.img.susercontent.com/file/vn-11134207-820l4-mi2wvg2yg9vk22"", ""https://down-vn.img.susercontent.com/file/vn-11134207-820l4-mi2wvg2y991ea3"", ""https://down-vn.img.susercontent.com/file/vn-11134207-820l4-mi2wuu4nopvq96"", ""https://down-vn.img.susercontent.com/file/vn-11134207-820l4-mi2wvga5c7wj56"", ""https://down-vn.img.susercontent.com/file/vn-11134207-820l4-mi2wvg2yhog018"", ""https://down-vn.img.susercontent.com/file/vn-11134207-820l4-mi2wvg4bgj5v37"", ""https://down-vn.img.susercontent.com/file/vn-11134207-820l4-mi2wvgc0kgef79""]","[""OFFICIAL_SHOP""]","[""vn-11134258-7r98o-lyb3kdam2qw17d""]",30VCX[26.6-9.7.2026],vn-11134258-81ztc-mpuan4n576yqc2,False,False,False,1706843093,1235904,1900000,1570000,35,475828320813188,237GIAM500K2,271296,1782925200,1783097940,1000000,1000.0,222.0,4.883116883116883,231,"[1, 2, 3, 11, 214]","[""Mua để nhận quà""]",BOOST,3150064.0,100629,"[100629, 100652, 100838, 101596]",160,Phân loại,"[""Tặng Balo và nón"", ""Tặng Set túi mẹ bé"", ""Không Quà""]"
Shopee,,vn,2026-07-02,1145316676,nestlehealthscience,Nestlé Health Science,Thành phố Hà Nội,24710759163,"Collagen Thủy Phân Dạng Bột NESTLÉ VITAL PROTEINS Mỹ Hỗ Trợ Làm Đẹp Da,Móng,Tóc 284G",https://shopee.vn/product/1145316676/24710759163,https://down-vn.img.susercontent.com/file/sg-11134201-8259p-mq3r3a6tdekgdd,"[""https://down-vn.img.susercontent.com/file/sg-11134201-8259p-mq3r3a6tdekgdd"", ""https://down-vn.img.susercontent.com/file/vn-11134207-820l4-mi2wyv26n6rs9d"", ""https://down-vn.img.susercontent.com/file/vn-11134207-820l4-mi2wyv02ppmo35"", ""https://down-vn.img.susercontent.com/file/vn-11134207-820l4-mi2wyv0iczd0d5"", ""https://down-vn.img.susercontent.com/file/vn-11134207-820l4-mi2wyv0u80063d"", ""https://down-vn.img.susercontent.com/file/vn-11134207-820l4-mi2wyuzyce100c""]","[""OFFICIAL_SHOP""]","[""vn-11134258-7r98o-lyb3kdam2qw17d""]",30VCX[26.6-9.7.2026],vn-11134258-81ztc-mpuan4n576yqc2,False,False,False,1706166898,620840,1100000,850000,44,475828320813188,237GIAM350K2,127160,1782925200,1783097940,600000,864.0,306.0,4.936936936936937,111,"[0, 0, 2, 3, 106]","[""Mua để nhận quà""]",VITAL PROTEINS,1191854.0,100001,"[100001, 100002, 100004]",311,HSD,"[""Date 42 tháng"", ""Date 5/2027""]"
Shopee,,vn,2026-07-02,1145316676,nestlehealthscience,Nestlé Health Science,Thành phố Hà Nội,27884205234,Sữa Bột NESTLÉ NUTREN JUNIOR Thụy Sĩ Với Công Thức BIG Hỗ Trợ Tăng Trưởng Cho Bé 400G,https://shopee.vn/product/1145316676/27884205234,https://down-vn.img.susercontent.com/file/vn-11134207-81ztc-mq4bj3sxr958f1,"[""https://down-vn.img.susercontent.com/file/vn-11134207-81ztc-mq4bj3sxr958f1"", ""https://down-vn.img.susercontent.com/file/vn-11134207-820l4-mi2ww7h89ddy81"", ""https://down-vn.img.susercontent.com/file/vn-11134207-820l4-mi2ww78qs9abae"", ""https://down-vn.img.susercontent.com/file/vn-11134207-820l4-mi2ww7hiisqq32"", ""https://down-vn.img.susercontent.com/file/vn-11134207-820l4-mi2ww794vcapbe"", ""https://down-vn.img.susercontent.com/file/vn-11134207-820l4-mi2ww795ughy4a"", ""https://down-vn.img.susercontent.com/file/vn-11134207-820l4-mi2ww7dhg9a827"", ""https://down-vn.img.susercontent.com/file/vn-11134207-820l4-mi2ww7b5zojoa4"", ""https://down-vn.img.susercontent.com/file/vn-11134207-820l4-mi2ww7e66tc695""]","[""OFFICIAL_SHOP""]","[""vn-11134258-7r98o-lyb3kdam2qw17d""]",30VCX[26.6-9.7.2026],vn-11134258-81ztc-mpuan4n576yqc2,False,False,False,1745206628,359655,570000,471000,37,475828320813188,237GIAM90K2,73665,1782925200,1783097940,250000,3000.0,3000.0,4.977207977207978,351,"[0, 1, 1, 3, 346]",[],Nutren Junior,1146828.0,100632,"[100632, 100681, 100991]",123,,"[""""]"
Shopee,,vn,2026-07-02,1145316676,nestlehealthscience,Nestlé Health Science,Thành phố Hà Nội,25411944727,"[Tặng Máy Uốn Tóc] Collagen Thủy Phân Dạng Bột NESTLÉ VITAL PROTEINS Mỹ Hỗ Trợ Làm Đẹp Da,Móng,Tóc 567G",https://shopee.vn/product/1145316676/25411944727,https://down-vn.img.susercontent.com/file/sg-11134201-820ns-mnms2mr2zx1i52,"[""https://down-vn.img.susercontent.com/file/sg-11134201-820ns-mnms2mr2zx1i52"", ""https://down-vn.img.susercontent.com/file/vn-11134207-820l4-mi2x00lmnh1ka7"", ""https://down-vn.img.susercontent.com/file/vn-11134207-820l4-mi2x00asjn5s64"", ""https://down-vn.img.susercontent.com/file/vn-11134207-820l4-mi2wyv0iczd0d5"", ""https://down-vn.img.susercontent.com/file/vn-11134207-820l4-mi2x00jfelms02"", ""https://down-vn.img.susercontent.com/file/vn-11134207-820l4-mi2x00k8mozs58""]","[""OFFICIAL_SHOP""]","[""vn-11134258-7r98o-lyb3kdam2qw17d""]",30VCX[26.6-9.7.2026],vn-11134258-81ztc-mpuan4n576yqc2,False,False,False,1706844655,1107000,1920000,1400000,42,475828320813188,237GIAM500K2,243000,1782925200,1783097940,1000000,565.0,72.0,4.90625,64,"[1, 0, 0, 2, 61]","[""Mua để nhận quà""]",VITAL PROTEINS,1191854.0,100001,"[100001, 100002, 100004]",255,,"[""""]"
Shopee,,vn,2026-07-02,1145316676,nestlehealthscience,Nestlé Health Science,Thành phố Hà Nội,53562237287,[Quà tặng không bán] Bộ đồ chơi gỗ giao thông,https://shopee.vn/product/1145316676/53562237287,https://down-vn.img.susercontent.com/file/vn-11134207-81ztc-mphm3rmriznxd2,"[""https://down-vn.img.susercontent.com/file/vn-11134207-81ztc-mphm3rmriznxd2"", ""https://down-vn.img.susercontent.com/file/vn-11134207-81ztc-mphm3rmlmvwhe8"", ""https://down-vn.img.susercontent.com/file/vn-11134207-81ztc-mphm3rmloagx3c"", ""https://down-vn.img.susercontent.com/file/vn-11134207-81ztc-mphm3rmrhl3h55"", ""https://down-vn.img.susercontent.com/file/vn-11134207-81ztc-mphm3rofjd3ff4""]","[""OFFICIAL_SHOP""]","[""vn-11134258-7r98o-lyb3kdam2qw17d""]",30VCX[26.6-9.7.2026],vn-11134258-81ztc-mpuan4n576yqc2,False,False,False,1781505593,381800,500000,500000,24,0,237GIAM90K2,78200,1782925200,1783097940,250000,48.0,46.0,4.666666666666667,3,"[0, 0, 0, 1, 2]","[""Hàng mới về""]",Nutren Junior,1146828.0,100632,"[100632, 100684, 101010]",0,,"[""""]"
Shopee,,vn,2026-07-02,1145316676,nestlehealthscience,Nestlé Health Science,Thành phố Hà Nội,58002620314,Lốc 4 Hộp Sữa Pha Sẵn NESTLÉ NUTREN JUNIOR Thụy Sĩ Công Thức BIG Tăng Trưởng 180ML,https://shopee.vn/product/1145316676/58002620314,https://down-vn.img.susercontent.com/file/sg-11134201-8259s-mq3tsbhnckxt45,"[""https://down-vn.img.susercontent.com/file/sg-11134201-8259s-mq3tsbhnckxt45"", ""https://down-vn.img.susercontent.com/file/vn-11134207-820l4-mi2ttplu2mfa10"", ""https://down-vn.img.susercontent.com/file/vn-11134207-820l4-mi2ttplntvk18b"", ""https://down-vn.img.susercontent.com/file/vn-11134207-820l4-mi2ttpm4ub6074"", ""https://down-vn.img.susercontent.com/file/vn-11134207-820l4-mi2ttpr4vfgo13"", ""https://down-vn.img.susercontent.com/file/vn-11134207-820l4-mi2twbbaz30i3f"", ""https://down-vn.img.susercontent.com/file/vn-11134207-820l4-mi2ttpmzpedje3""]","[""OFFICIAL_SHOP""]","[""vn-11134258-7r98o-lyb3kdam2qw17d""]",30VCX[26.6-9.7.2026],vn-11134258-81ztc-mpuan4n576yqc2,False,False,False,1764907560,97152,150000,120000,35,475828320813188,VCXDPULC0702,13248,1782925200,1783011540,50000,621.0,288.0,4.857142857142857,49,"[1, 1, 0, 0, 47]","[""Mua để nhận quà""]",Nutren Junior,1146828.0,100632,"[100632, 100681, 100991]",65,,"[""""]"
Shopee,,vn,2026-07-02,1145316676,nestlehealthscience,Nestlé Health Science,Thành phố Hà Nội,43058340201,[Quà tặng không bán] Vali NUTREN JUNIOR,https://shopee.vn/product/1145316676/43058340201,https://down-vn.img.susercontent.com/file/vn-11134207-7ras8-mc4js5iygjg26f,"[""https://down-vn.img.susercontent.com/file/vn-11134207-7ras8-mc4js5iygjg26f""]","[""OFFICIAL_SHOP""]","[""vn-11134258-7r98o-lyb3kdam2qw17d""]",30VCX[26.6-9.7.2026],vn-11134258-81ztc-mpuan4n576yqc2,False,False,False,1752384662,381800,500000,500000,24,0,237GIAM90K2,78200,1782925200,1783097940,250000,184.0,138.0,5.0,13,"[0, 0, 0, 0, 13]",[],,,100633,"[100633, 100689, 101026, 101746]",3,,"[""""]"
Shopee,,vn,2026-07-02,1145316676,nestlehealthscience,Nestlé Health Science,Thành phố Hà Nội,52257990316,"Bộ 3 Sữa Bột NESTLÉ PEPTAMENJUNIOR Thụy Sĩ Hỗ Trợ Kém Hấp Thu,Giảm Chức Năng Tiêu Hóa 400G",https://shopee.vn/product/1145316676/52257990316,https://down-vn.img.susercontent.com/file/sg-11134201-825aa-mq3tschnrzlu96,"[""https://down-vn.img.susercontent.com/file/sg-11134201-825aa-mq3tschnrzlu96"", ""https://down-vn.img.susercontent.com/file/vn-11134207-81ztc-mmk8agiubdom59"", ""https://down-vn.img.susercontent.com/file/vn-11134207-81ztc-mmh0s7rxg64ofb"", ""https://down-vn.img.susercontent.com/file/vn-11134207-81ztc-mmh0s7q7kdfob3"", ""https://down-vn.img.susercontent.com/file/vn-11134207-81ztc-mmh0s7qe2y9x59"", ""https://down-vn.img.susercontent.com/file/vn-11134207-81ztc-mmh0s7xj3h1ff4"", ""https://down-vn.img.susercontent.com/file/vn-11134207-81ztc-mmh0s7y1cutr6e"", ""https://down-vn.img.susercontent.com/file/vn-11134207-81ztc-mmh0s7qbcmir47"", ""https://down-vn.img.susercontent.com/file/vn-11134207-81ztc-mmh0s7wddvyg06""]","[""OFFICIAL_SHOP""]","[""vn-11134258-7r98o-lyb3kdam2qw17d""]",30VCX[26.6-9.7.2026],vn-11134258-81ztc-mpuan4n576yqc2,False,False,False,1774932026,1435000,2250000,1800000,36,475828320813188,237GIAM500K2,315000,1782925200,1783097940,1000000,167.0,92.0,4.2,20,"[4, 0, 0, 0, 16]","[""Mua để nhận quà""]",Peptamen,1146890.0,100629,"[100629, 100652, 100838, 101596]",33,,"[""""]"
Shopee,,vn,2026-07-02,1145316676,nestlehealthscience,Nestlé Health Science,Thành phố Hà Nội,29370485469,[Quà tặng không bán] Gấu trúc ống tre NUTREN JUNIOR,https://shopee.vn/product/1145316676/29370485469,https://down-vn.img.susercontent.com/file/vn-11134201-7ra0g-m9r165xu4itgea,"[""https://down-vn.img.susercontent.com/file/vn-11134201-7ra0g-m9r165xu4itgea"", ""https://down-vn.img.susercontent.com/file/vn-11134201-7ra0g-m9r1661zx18if9"", ""https://down-vn.img.susercontent.com/file/vn-11134201-7ra0g-m9r1662tx7ya33""]","[""OFFICIAL_SHOP""]","[""vn-11134258-7r98o-lyb3kdam2qw17d""]",30VCX[26.6-9.7.2026],vn-11134258-81ztc-mpuan4n576yqc2,False,False,False,1733998098,381800,500000,500000,24,0,237GIAM90K2,78200,1782925200,1783097940,250000,804.0,23.0,4.944827586206896,145,"[0, 0, 2, 4, 139]",[],,,100632,"[100632, 100684, 101008, 101722]",3,,"[""""]"
Shopee,,vn,2026-07-02,1145316676,nestlehealthscience,Nestlé Health Science,Thành phố Hà Nội,45951323803,"Bộ 2 Sữa Bột NESTLÉ PEPTAMENJUNIOR Thụy Sĩ Hỗ Trợ Kém Hấp Thu,Giảm Chức Năng Tiêu Hóa 400G",https://shopee.vn/product/1145316676/45951323803,https://down-vn.img.susercontent.com/file/sg-11134201-8257y-mq3tscnn4buo2b,"[""https://down-vn.img.susercontent.com/file/sg-11134201-8257y-mq3tscnn4buo2b"", ""https://down-vn.img.susercontent.com/file/vn-11134207-820l4-mi2wrk0yncap32"", ""https://down-vn.img.susercontent.com/file/vn-11134207-820l4-mi2wrk18oc8xa0"", ""https://down-vn.img.susercontent.com/file/vn-11134207-820l4-mi2wrk3wtfk784"", ""https://down-vn.img.susercontent.com/file/vn-11134207-820l4-mi2wrk7ci7sx60"", ""https://down-vn.img.susercontent.com/file/vn-11134207-820l4-mi2wrk14uolj84"", ""https://down-vn.img.susercontent.com/file/vn-11134207-820l4-mi2wrk199ers2b"", ""https://down-vn.img.susercontent.com/file/vn-11134207-820l4-mi2wrk87ahvs58"", ""https://down-vn.img.susercontent.com/file/vn-11134207-820l4-mi2wrk90edj795""]","[""OFFICIAL_SHOP""]","[""vn-11134258-7r98o-lyb3kdam2qw17d""]",30VCX[26.6-9.7.2026],vn-11134258-81ztc-mpuan4n576yqc2,False,False,False,1763029421,959400,1500000,1220000,36,475828320813188,237GIAM500K2,210600,1782925200,1783097940,1000000,334.0,95.0,4.954545454545454,44,"[0, 0, 0, 2, 42]","[""Mua để nhận quà""]",Peptamen,1146890.0,100629,"[100629, 100652, 100838, 101596]",65,,"[""""]"
Shopee,,vn,2026-07-02,1145316676,nestlehealthscience,Nestlé Health Science,Thành phố Hà Nội,48560929285,[MỚI] Bộ 2 Sữa Bột NESTLÉ BOOST GLUCOSE CONTROL Đức Bổ Sung Dinh Dưỡng Người Tiểu Đường 400G,https://shopee.vn/product/1145316676/48560929285,https://down-vn.img.susercontent.com/file/sg-11134201-8258u-mq3tschnql1e94,"[""https://down-vn.img.susercontent.com/file/sg-11134201-8258u-mq3tschnql1e94"", ""https://down-vn.img.susercontent.com/file/vn-11134207-81ztc-moxsg4ska7ezdb"", ""https://down-vn.img.susercontent.com/file/vn-11134207-81ztc-moxtd0bzhts17e"", ""https://down-vn.img.susercontent.com/file/vn-11134207-81ztc-moxshqxu4f7kc4"", ""https://down-vn.img.susercontent.com/file/vn-11134207-81ztc-monfehezokcta9"", ""https://down-vn.img.susercontent.com/file/vn-11134207-81ztc-moxu293j9xcb23"", ""https://down-vn.img.susercontent.com/file/vn-11134207-81ztc-monfehiyj1fy5d"", ""https://down-vn.img.susercontent.com/file/vn-11134207-81ztc-monfeh8pq5n02c"", ""https://down-vn.img.susercontent.com/file/vn-11134207-81ztc-monfehdbfril64""]","[""OFFICIAL_SHOP""]","[""vn-11134258-7r98o-lyb3kdam2qw17d""]",13VCX+Shopeedebut[26.6-9.7.2026],vn-11134258-81ztc-mpua4oxk2jnm0c,False,False,False,1779367047,848700,1260000,1085000,33,475828320813188,237GIAM500K2,186300,1782925200,1783097940,1000000,20.0,20.0,5.0,8,"[0, 0, 0, 0, 8]","[""Mua để nhận quà""]",BOOST,3150064.0,100629,"[100629, 100652, 100838, 101596]",14,,"[""""]"
Shopee,,vn,2026-07-02,1145316676,nestlehealthscience,Nestlé Health Science,Thành phố Hà Nội,56510469171,[Quà tặng không bán] Bàn đa năng kèm đồ chơi lắp ráp NESTLÉ,https://shopee.vn/product/1145316676/56510469171,https://down-vn.img.susercontent.com/file/vn-11134207-81ztc-mo7tbzjwoyde7b,"[""https://down-vn.img.susercontent.com/file/vn-11134207-81ztc-mo7tbzjwoyde7b"", ""https://down-vn.img.susercontent.com/file/vn-11134207-81ztc-mo7tbzjlrnd169"", ""https://down-vn.img.susercontent.com/file/vn-11134207-81ztc-mo7tbzk6pybmc5"", ""https://down-vn.img.susercontent.com/file/vn-11134207-81ztc-mo7tbzk6g4cg06"", ""https://down-vn.img.susercontent.com/file/vn-11134207-81ztc-mo7tbzjmqrk34e""]","[""OFFICIAL_SHOP""]","[""vn-11134258-7r98o-lyb3kdam2qw17d""]",30VCX[26.6-9.7.2026],vn-11134258-81ztc-mpuan4n576yqc2,False,False,False,1778733161,381800,500000,500000,24,0,237GIAM90K2,78200,1782925200,1783097940,250000,202.0,201.0,4.982456140350878,57,"[0, 0, 0, 1, 56]",[],Nestle,2563581.0,100632,"[100632, 100684, 101011, 101729]",2,,"[""""]"
Shopee,,vn,2026-07-02,1145316676,nestlehealthscience,Nestlé Health Science,Thành phố Hà Nội,53358041887,"Bộ 2 Sữa Dinh Dưỡng Y Học NESTLÉ ORAL IMPACT Đức Cho Người Ung Thư,Phẫu Thuật 5 Gói x 74G",https://shopee.vn/product/1145316676/53358041887,https://down-vn.img.susercontent.com/file/sg-11134201-8259v-mq3tsbkoohse12,"[""https://down-vn.img.susercontent.com/file/sg-11134201-8259v-mq3tsbkoohse12"", ""https://down-vn.img.susercontent.com/file/vn-11134207-81ztc-mmid9jouy5tx13"", ""https://down-vn.img.susercontent.com/file/vn-11134207-81ztc-mmid9joyrthg26"", ""https://down-vn.img.susercontent.com/file/vn-11134207-81ztc-mmid9jp824n70a"", ""https://down-vn.img.susercontent.com/file/vn-11134207-81ztc-mmid9joyt81w6d"", ""https://down-vn.img.susercontent.com/file/vn-11134207-81ztc-mmid9joy14oz9a"", ""https://down-vn.img.susercontent.com/file/vn-11134207-81ztc-mmid9jou39c6c6"", ""https://down-vn.img.susercontent.com/file/vn-11134207-81ztc-mmid9jouwr9h9b""]","[""OFFICIAL_SHOP""]","[""vn-11134258-7r98o-lyb3kdam2qw17d""]",30VCX[26.6-9.7.2026],vn-11134258-81ztc-mpuan4n576yqc2,False,False,False,1775013526,1053700,1500000,1335000,30,475828320813188,237GIAM500K2,231300,1782925200,1783097940,1000000,74.0,33.0,4.5,10,"[1, 0, 0, 1, 8]","[""Mua để nhận quà""]",Nestle,2563581.0,100629,"[100629, 100652, 100838, 101596]",19,,"[""""]"
Shopee,,vn,2026-07-02,1145316676,nestlehealthscience,Nestlé Health Science,Thành phố Hà Nội,55062789130,"Combo Collagen Thủy Phân Dạng Bột NESTLÉ VITAL PROTEINS Mỹ Hỗ Trợ Làm Đẹp Da,Móng,Tóc 567G & 284G",https://shopee.vn/product/1145316676/55062789130,https://down-vn.img.susercontent.com/file/vn-11134207-81ztc-mpxuz8ehe680d4,"[""https://down-vn.img.susercontent.com/file/vn-11134207-81ztc-mpxuz8ehe680d4"", ""https://down-vn.img.susercontent.com/file/vn-11134207-81ztc-mpvqscrw9mv5c5"", ""https://down-vn.img.susercontent.com/file/vn-11134207-81ztc-mpvqsct20mj269"", ""https://down-vn.img.susercontent.com/file/vn-11134207-81ztc-mpvqlq3o5rt90b"", ""https://down-vn.img.susercontent.com/file/vn-11134207-81ztc-mpvqscrxy1ame2"", ""https://down-vn.img.susercontent.com/file/vn-11134207-81ztc-mpvqscrwb1flbf""]","[""OFFICIAL_SHOP""]","[""vn-11134258-7r98o-lyb3kdam2qw17d""]",30VCX[26.6-9.7.2026],vn-11134258-81ztc-mpuan4n576yqc2,False,False,False,1782361359,1656810,3020000,2245000,45,475828320813188,237GIAM500K2,363690,1782925200,1783097940,1000000,177.0,177.0,0.0,0,"[0, 0, 0, 0, 0]","[""Mua để nhận quà"", ""Hàng mới về""]",VITAL PROTEINS,1191854.0,100001,"[100001, 100002, 100004]",3,,"[""""]"
Shopee,,vn,2026-07-02,1145316676,nestlehealthscience,Nestlé Health Science,Thành phố Hồ Chí Minh,40072569026,[Qùa tặng không bán]Túi Tote màu xanh lá (túi ếch) mới,https://shopee.vn/product/1145316676/40072569026,https://down-vn.img.susercontent.com/file/vn-11134207-820l4-mfazn02tt4ax57,"[""https://down-vn.img.susercontent.com/file/vn-11134207-820l4-mfazn02tt4ax57"", ""https://down-vn.img.susercontent.com/file/vn-11134207-820l4-mfazn02sfyfeaf"", ""https://down-vn.img.susercontent.com/file/vn-11134207-820l4-mfazn5piyk21b1""]","[""OFFICIAL_SHOP""]","[""vn-11134258-7r98o-lyb3kdam2qw17d""]",30VCX[26.6-9.7.2026],vn-11134258-81ztc-mpuan4n576yqc2,False,False,False,1759312270,381800,500000,500000,24,0,237GIAM90K2,78200,1782925200,1783097940,250000,3000.0,1000.0,4.902298850574713,348,"[3, 2, 6, 4, 333]",[],Nestle,2563581.0,100016,"[100016, 100093]",8,,"[""""]"
Shopee,,vn,2026-07-02,1145316676,nestlehealthscience,Nestlé Health Science,Thành phố Hà Nội,28611884248,Bộ 2 Sữa Bột NESTLÉ NUTREN JUNIOR Thụy Sĩ Với Công Thức BIG Hỗ Trợ Tăng Trưởng Cho Bé 400G,https://shopee.vn/product/1145316676/28611884248,https://down-vn.img.susercontent.com/file/sg-11134201-825ar-mq3tsbkizev6b8,"[""https://down-vn.img.susercontent.com/file/sg-11134201-825ar-mq3tsbkizev6b8"", ""https://down-vn.img.susercontent.com/file/vn-11134207-820l4-mi2ww7h89ddy81"", ""https://down-vn.img.susercontent.com/file/vn-11134207-820l4-mi2ww78qs9abae"", ""https://down-vn.img.susercontent.com/file/vn-11134207-820l4-mi2ww7hiisqq32"", ""https://down-vn.img.susercontent.com/file/vn-11134207-820l4-mi2ww794vcapbe"", ""https://down-vn.img.susercontent.com/file/vn-11134207-820l4-mi2ww795ughy4a"", ""https://down-vn.img.susercontent.com/file/vn-11134207-820l4-mi2ww7dhg9a827"", ""https://down-vn.img.susercontent.com/file/vn-11134207-820l4-mi2ww7b5zojoa4"", ""https://down-vn.img.susercontent.com/file/vn-11134207-820l4-mi2ww7e66tc695""]","[""OFFICIAL_SHOP""]","[""vn-11134258-7r98o-lyb3kdam2qw17d""]",30VCX[26.6-9.7.2026],vn-11134258-81ztc-mpuan4n576yqc2,False,False,False,1726808916,693050,1140000,932000,39,475828320813188,237GIAM350K2,141950,1782925200,1783097940,600000,191.0,111.0,4.833333333333333,12,"[0, 0, 0, 2, 10]","[""Mua để nhận quà""]",Nestle,2563581.0,100632,"[100632, 100681, 100991]",106,,"[""""]"
Shopee,,vn,2026-07-02,1145316676,nestlehealthscience,Nestlé Health Science,Thành phố Hà Nội,51407984307,"Bộ 3 Sữa Bột NESTLÉ PEPTAMEN Thụy Sĩ Hỗ Trợ Người Kém Hấp Thu,Giảm Chức Năng Tiêu Hóa 400G",https://shopee.vn/product/1145316676/51407984307,https://down-vn.img.susercontent.com/file/sg-11134201-8258h-mq3tsbwj17nmd4,"[""https://down-vn.img.susercontent.com/file/sg-11134201-8258h-mq3tsbwj17nmd4"", ""https://down-vn.img.susercontent.com/file/vn-11134207-81ztc-mmk8915srx1ke6"", ""https://down-vn.img.susercontent.com/file/vn-11134207-81ztc-mmh0u93vu8770b"", ""https://down-vn.img.susercontent.com/file/vn-11134207-81ztc-mmh0u941oxdxa9"", ""https://down-vn.img.susercontent.com/file/vn-11134207-81ztc-mmh0u941rqit92"", ""https://down-vn.img.susercontent.com/file/vn-11134207-81ztc-mmh0u941qbyd27"", ""https://down-vn.img.susercontent.com/file/vn-11134207-81ztc-mmh0u940n01t42"", ""https://down-vn.img.susercontent.com/file/vn-11134207-81ztc-mmh0u96sye4h94"", ""https://down-vn.img.susercontent.com/file/vn-11134207-81ztc-mmh0u94ehnnzac""]","[""OFFICIAL_SHOP""]","[""vn-11134258-7r98o-lyb3kdam2qw17d""]",30VCX[26.6-9.7.2026],vn-11134258-81ztc-mpuan4n576yqc2,False,False,False,1774932112,1730200,2490000,2160000,31,475828320813188,237GIAM500K2,379800,1782925200,1783097940,1000000,262.0,130.0,4.911111111111111,45,"[0, 0, 2, 0, 43]","[""Mua để nhận quà""]",Peptamen,1146890.0,100629,"[100629, 100652, 100838, 101596]",20,,"[""""]"
Shopee,,vn,2026-07-02,1145316676,nestlehealthscience,Nestlé Health Science,Thành phố Hà Nội,47260940318,[MỚI] Sữa Bột NESTLÉ BOOST GLUCOSE CONTROL Đức Bổ Sung Dinh Dưỡng Người Tiểu Đường 400G,https://shopee.vn/product/1145316676/47260940318,https://down-vn.img.susercontent.com/file/sg-11134201-825bd-mq3tsc8336ry60,"[""https://down-vn.img.susercontent.com/file/sg-11134201-825bd-mq3tsc8336ry60"", ""https://down-vn.img.susercontent.com/file/vn-11134207-81ztc-moxsu3vtee4ue4"", ""https://down-vn.img.susercontent.com/file/vn-11134207-81ztc-moxtd0bzhts17e"", ""https://down-vn.img.susercontent.com/file/vn-11134207-81ztc-moxshqxu4f7kc4"", ""https://down-vn.img.susercontent.com/file/vn-11134207-81ztc-monfehezokcta9"", ""https://down-vn.img.susercontent.com/file/vn-11134207-81ztc-moxu293j9xcb23"", ""https://down-vn.img.susercontent.com/file/vn-11134207-81ztc-monfehiyj1fy5d"", ""https://down-vn.img.susercontent.com/file/vn-11134207-81ztc-monfeh8pq5n02c"", ""https://down-vn.img.susercontent.com/file/vn-11134207-81ztc-monfehdbfril64""]","[""OFFICIAL_SHOP""]","[""vn-11134258-7r98o-lyb3kdam2qw17d""]",13VCX+Shopeedebut[26.6-9.7.2026],vn-11134258-81ztc-mpua4oxk2jnm0c,False,False,False,1779366939,408526,630000,535000,35,475828320813188,237GIAM90K2,83674,1782925200,1783097940,250000,783.0,779.0,4.974683544303797,79,"[0, 0, 0, 2, 77]","[""Mua để nhận quà""]",BOOST,3150064.0,100629,"[100629, 100652, 100838, 101596]",24,,"[""""]"
Shopee,,vn,2026-07-02,1145316676,nestlehealthscience,Nestlé Health Science,Thành phố Hà Nội,49354539673,Bộ 6 Lốc 4 Hộp Sữa Pha Sẵn NESTLÉ NUTREN JUNIOR Thụy Sĩ Công Thức BIG Tăng Trưởng 180ML,https://shopee.vn/product/1145316676/49354539673,https://down-vn.img.susercontent.com/file/sg-11134201-8257w-mq3tsbisa2of75,"[""https://down-vn.img.susercontent.com/file/sg-11134201-8257w-mq3tsbisa2of75"", ""https://down-vn.img.susercontent.com/file/vn-11134207-820l4-mje15cluq8ljf2"", ""https://down-vn.img.susercontent.com/file/vn-11134207-820l4-mje16owrlssg55"", ""https://down-vn.img.susercontent.com/file/vn-11134207-820l4-mje16oxtlxxibc"", ""https://down-vn.img.susercontent.com/file/vn-11134207-820l4-mje16oyl5mv63d"", ""https://down-vn.img.susercontent.com/file/vn-11134207-820l4-mje15cncqakl1a"", ""https://down-vn.img.susercontent.com/file/vn-11134207-820l4-mje15cv3o8htb8""]","[""OFFICIAL_SHOP""]","[""vn-11134258-7r98o-lyb3kdam2qw17d""]",30VCX[26.6-9.7.2026],vn-11134258-81ztc-mpuan4n576yqc2,False,False,False,1768213598,539500,900000,700000,40,475828320813188,237GIAM350K2,110500,1782925200,1783097940,600000,65.0,41.0,5.0,6,"[0, 0, 0, 0, 6]","[""Mua để nhận quà""]",Nutren Junior,1146828.0,100632,"[100632, 100681, 100991]",13,,"[""""]"
Shopee,,vn,2026-07-02,1145316676,nestlehealthscience,Nestlé Health Science,Thành phố Hà Nội,28944224686,Bộ 4 Lốc 4 Hộp Sữa Pha Sẵn NESTLÉ NUTREN JUNIOR Thụy Sĩ Công Thức BIG Tăng Trưởng 110ML,https://shopee.vn/product/1145316676/28944224686,https://down-vn.img.susercontent.com/file/sg-11134201-8259x-mq3tsbi3mbr402,"[""https://down-vn.img.susercontent.com/file/sg-11134201-8259x-mq3tsbi3mbr402"", ""https://down-vn.img.susercontent.com/file/vn-11134207-81ztc-mklufymaqdc3d2"", ""https://down-vn.img.susercontent.com/file/vn-11134207-81ztc-mklufymiavie9b"", ""https://down-vn.img.susercontent.com/file/vn-11134207-81ztc-mklufymgz478ce"", ""https://down-vn.img.susercontent.com/file/vn-11134207-81ztc-mklufyminimde0"", ""https://down-vn.img.susercontent.com/file/vn-11134207-81ztc-mklufymhsm4n48"", ""https://down-vn.img.susercontent.com/file/vn-11134207-81ztc-mklufymiox6tfb""]","[""OFFICIAL_SHOP""]","[""vn-11134258-7r98o-lyb3kdam2qw17d""]",30VCX[26.6-9.7.2026],vn-11134258-81ztc-mpuan4n576yqc2,False,False,False,1770865692,241297,412800,316000,42,475828320813188,237GIAM90K2,49423,1782925200,1783097940,250000,158.0,75.0,5.0,8,"[0, 0, 0, 0, 8]","[""2??.??9₫ 5.7 lúc 00:00 Th07 5"", ""Mua để nhận quà""]",Nutren Junior,1146828.0,100632,"[100632, 100681, 100991]",7,,"[""""]"
Shopee,,vn,2026-07-02,1145316676,nestlehealthscience,Nestlé Health Science,Thành phố Hà Nội,25064692961,[Quà tặng không bán] Bộ mền gối chim cánh cụt,https://shopee.vn/product/1145316676/25064692961,https://down-vn.img.susercontent.com/file/vn-11134201-7ra0g-m9r178ntf5nye3,"[""https://down-vn.img.susercontent.com/file/vn-11134201-7ra0g-m9r178ntf5nye3"", ""https://down-vn.img.susercontent.com/file/vn-11134201-7ra0g-m9r178vb48ck94"", ""https://down-vn.img.susercontent.com/file/vn-11134201-7ra0g-m9r178xt0jfy56""]","[""OFFICIAL_SHOP""]","[""vn-11134258-7r98o-lyb3kdam2qw17d""]",30VCX[26.6-9.7.2026],vn-11134258-81ztc-mpuan4n576yqc2,False,False,False,1708610586,381800,500000,500000,24,0,237GIAM90K2,78200,1782925200,1783097940,250000,220.0,96.0,4.921052631578948,38,"[0, 0, 1, 1, 36]",[],,,100632,"[100632, 100679, 100981, 101707]",0,,"[""""]"
Shopee,,vn,2026-07-02,1145316676,nestlehealthscience,Nestlé Health Science,Thành phố Hà Nội,27486407238,[Quà tặng không bán] Nón bảo hiểm (mẫu ngẫu nhiên),https://shopee.vn/product/1145316676/27486407238,https://down-vn.img.susercontent.com/file/vn-11134201-7ra0g-m9r16k4dbz3i82,"[""https://down-vn.img.susercontent.com/file/vn-11134201-7ra0g-m9r16k4dbz3i82"", ""https://down-vn.img.susercontent.com/file/vn-11134207-820l4-mizhzyzarbbaea"", ""https://down-vn.img.susercontent.com/file/vn-11134207-820l4-mizhzxahpgci28""]","[""OFFICIAL_SHOP""]","[""vn-11134258-7r98o-lyb3kdam2qw17d""]",30VCX[26.6-9.7.2026],vn-11134258-81ztc-mpuan4n576yqc2,False,False,False,1746762177,381800,500000,500000,24,0,237GIAM90K2,78200,1782925200,1783097940,250000,456.0,,4.736263736263736,91,"[4, 1, 1, 3, 82]",[],Nestle,2563581.0,100632,"[100632, 100674, 100949]",0,,"[""""]"
Shopee,,vn,2026-07-02,1145316676,nestlehealthscience,Nestlé Health Science,Thành phố Hà Nội,56701308093,"Bộ 2 Sữa Bột NESTLÉ PEPTAMEN Thụy Sĩ Hỗ Trợ Người Kém Hấp Thu,Giảm Chức Năng Tiêu Hóa 400G",https://shopee.vn/product/1145316676/56701308093,https://down-vn.img.susercontent.com/file/sg-11134201-8258g-mq3tsco26j2a0c,"[""https://down-vn.img.susercontent.com/file/sg-11134201-8258g-mq3tsco26j2a0c"", ""https://down-vn.img.susercontent.com/file/vn-11134207-820l4-mi2wsy0xa03se4"", ""https://down-vn.img.susercontent.com/file/vn-11134207-820l4-mi2wsy6tnl6s7c"", ""https://down-vn.img.susercontent.com/file/vn-11134207-820l4-mi2wsy80m4g6bf"", ""https://down-vn.img.susercontent.com/file/vn-11134207-820l4-mi2wsy5gnbwid1"", ""https://down-vn.img.susercontent.com/file/vn-11134207-820l4-mi2wsy0zrwg4d0"", ""https://down-vn.img.susercontent.com/file/vn-11134207-820l4-mi2wsy0zqhvo08"", ""https://down-vn.img.susercontent.com/file/vn-11134207-820l4-mi2wsy1h3kld2d"", ""https://down-vn.img.susercontent.com/file/vn-11134207-820l4-mi2wsy1halfs42""]","[""OFFICIAL_SHOP""]","[""vn-11134258-7r98o-lyb3kdam2qw17d""]",30VCX[26.6-9.7.2026],vn-11134258-81ztc-mpuan4n576yqc2,False,False,False,1763028895,1164400,1660000,1470000,30,475828320813188,237GIAM500K2,255600,1782925200,1783097940,1000000,667.0,105.0,4.861386138613861,101,"[2, 1, 0, 3, 95]","[""Mua để nhận quà""]",Peptamen,1146890.0,100629,"[100629, 100652, 100838, 101596]",107,,"[""""]"
Shopee,,vn,2026-07-02,1145316676,nestlehealthscience,Nestlé Health Science,Thành phố Hà Nội,26670140794,[Quà tặng không bán] Quạt kẹp mini NUTREN JUNIOR,https://shopee.vn/product/1145316676/26670140794,https://down-vn.img.susercontent.com/file/vn-11134201-7ra0g-m9r16sex74hu7b,"[""https://down-vn.img.susercontent.com/file/vn-11134201-7ra0g-m9r16sex74hu7b"", ""https://down-vn.img.susercontent.com/file/vn-11134201-7ra0g-m9r16slkxc0q7f"", ""https://down-vn.img.susercontent.com/file/vn-11134201-7ra0g-m9r16sn8uwbe9e""]","[""OFFICIAL_SHOP""]","[""vn-11134258-7r98o-lyb3kdam2qw17d""]",30VCX[26.6-9.7.2026],vn-11134258-81ztc-mpuan4n576yqc2,False,False,False,1733729100,381800,500000,500000,24,0,237GIAM90K2,78200,1782925200,1783097940,250000,692.0,116.0,4.879518072289157,83,"[2, 0, 1, 0, 80]",[],,,100013,"[100013, 100075, 100277]",2,,"[""""]"
Shopee,,vn,2026-07-02,1145316676,nestlehealthscience,Nestlé Health Science,Thành phố Hà Nội,56654032383,[Quà tặng không bán] Lều du lịch cho bé,https://shopee.vn/product/1145316676/56654032383,https://down-vn.img.susercontent.com/file/sg-11134201-824hv-mpxs90vb1erwfe,"[""https://down-vn.img.susercontent.com/file/sg-11134201-824hv-mpxs90vb1erwfe"", ""https://down-vn.img.susercontent.com/file/vn-11134207-820l4-mizhzxahpgci28"", ""https://down-vn.img.susercontent.com/file/vn-11134207-820l4-mizhzyzarbbaea""]","[""OFFICIAL_SHOP""]","[""vn-11134258-7r98o-lyb3kdam2qw17d""]",30VCX[26.6-9.7.2026],vn-11134258-81ztc-mpuan4n576yqc2,False,False,False,1767333893,381800,500000,500000,24,0,237GIAM90K2,78200,1782925200,1783097940,250000,217.0,32.0,4.892857142857143,28,"[0, 1, 0, 0, 27]",[],Nutren Junior,1146828.0,100632,"[100632, 100684, 101011, 101726]",5,,"[""""]"
Shopee,,vn,2026-07-02,1145316676,nestlehealthscience,Nestlé Health Science,Thành phố Hà Nội,25661947997,"[Tặng Set Túi Giặt Bảo Vệ] Collagen Thủy Phân Dạng Bột NESTLÉ VITAL PROTEINS Mỹ Hỗ Trợ Làm Đẹp Da,Móng,Tóc 284G",https://shopee.vn/product/1145316676/25661947997,https://down-vn.img.susercontent.com/file/vn-11134207-81ztc-mq1o0343y9l7bc,"[""https://down-vn.img.susercontent.com/file/vn-11134207-81ztc-mq1o0343y9l7bc"", ""https://down-vn.img.susercontent.com/file/vn-11134207-820l4-mi2wyv26n6rs9d"", ""https://down-vn.img.susercontent.com/file/vn-11134207-820l4-mi2wyv02ppmo35"", ""https://down-vn.img.susercontent.com/file/vn-11134207-820l4-mi2wyv0iczd0d5"", ""https://down-vn.img.susercontent.com/file/vn-11134207-820l4-mi2wyv0u80063d"", ""https://down-vn.img.susercontent.com/file/vn-11134207-820l4-mi2wyuzyce100c""]","[""OFFICIAL_SHOP""]","[""vn-11134258-7r98o-lyb3kdam2qw17d""]",30VCX[26.6-9.7.2026],vn-11134258-81ztc-mpuan4n576yqc2,False,False,False,1706844007,664000,1100000,850000,40,475828320813188,237GIAM350K2,136000,1782925200,1783097940,600000,860.0,177.0,4.931034482758621,116,"[1, 0, 1, 2, 112]","[""Mua để nhận quà""]",VITAL PROTEINS,1191854.0,100001,"[100001, 100002, 100004]",444,,"[""""]"
Shopee,,vn,2026-07-02,1145316676,nestlehealthscience,Nestlé Health Science,Thành phố Hà Nội,54858041814,"Bộ 3 Sữa Dinh Dưỡng Y Học NESTLÉ ORAL IMPACT Đức Cho Người Ung Thư,Phẫu Thuật 5 Gói x 74G",https://shopee.vn/product/1145316676/54858041814,https://down-vn.img.susercontent.com/file/sg-11134201-8259k-mq3tsbx0jwngca,"[""https://down-vn.img.susercontent.com/file/sg-11134201-8259k-mq3tsbx0jwngca"", ""https://down-vn.img.susercontent.com/file/vn-11134207-81ztc-mmid9jouy5tx13"", ""https://down-vn.img.susercontent.com/file/vn-11134207-81ztc-mmid9joyrthg26"", ""https://down-vn.img.susercontent.com/file/vn-11134207-81ztc-mmid9jp824n70a"", ""https://down-vn.img.susercontent.com/file/vn-11134207-81ztc-mmid9joyt81w6d"", ""https://down-vn.img.susercontent.com/file/vn-11134207-81ztc-mmid9joy14oz9a"", ""https://down-vn.img.susercontent.com/file/vn-11134207-81ztc-mmid9jou39c6c6"", ""https://down-vn.img.susercontent.com/file/vn-11134207-81ztc-mmid9jouwr9h9b""]","[""OFFICIAL_SHOP""]","[""vn-11134258-7r98o-lyb3kdam2qw17d""]",30VCX[26.6-9.7.2026],vn-11134258-81ztc-mpuan4n576yqc2,False,False,False,1775013580,1576450,2250000,1972500,30,475828320813188,237GIAM500K2,346050,1782925200,1783097940,1000000,153.0,105.0,4.947368421052632,19,"[0, 0, 0, 1, 18]","[""Mua để nhận quà""]",Nestle,2563581.0,100629,"[100629, 100652, 100838, 101596]",17,,"[""""]"
Shopee,,vn,2026-07-02,1145316676,nestlehealthscience,Nestlé Health Science,Thành phố Hồ Chí Minh,25414693248,[Quà tặng không bán] Thùng đồ đa năng,https://shopee.vn/product/1145316676/25414693248,https://down-vn.img.susercontent.com/file/vn-11134201-7ra0g-m9r175jpz71q90,"[""https://down-vn.img.susercontent.com/file/vn-11134201-7ra0g-m9r175jpz71q90"", ""https://down-vn.img.susercontent.com/file/vn-11134201-7ra0g-m9r175q3pw787b"", ""https://down-vn.img.susercontent.com/file/vn-11134201-7ra0g-m9r175q3puum16"", ""https://down-vn.img.susercontent.com/file/vn-11134201-7ra0g-m9r175ptq9eie1"", ""https://down-vn.img.susercontent.com/file/vn-11134201-7ra0g-m9r175vxhbvy1f"", ""https://down-vn.img.susercontent.com/file/vn-11134201-7ra0g-m9r175vdi522f1"", ""https://down-vn.img.susercontent.com/file/vn-11134201-7ra0g-m9r175pjqpfo6a""]","[""OFFICIAL_SHOP""]","[""vn-11134258-7r98o-lyb3kdam2qw17d""]",30VCX[26.6-9.7.2026],vn-11134258-81ztc-mpuan4n576yqc2,False,False,False,1708610998,381800,500000,500000,24,0,237GIAM90K2,78200,1782925200,1783097940,250000,131.0,91.0,4.9375,16,"[0, 0, 0, 1, 15]",[],Nestle,2563581.0,100632,"[100632, 100684, 101015]",0,,"[""""]"
Shopee,,vn,2026-07-02,1145316676,nestlehealthscience,Nestlé Health Science,Thành phố Hà Nội,25584202984,[Quà tặng không bán] Set đồ gấp gọn kèm khăn,https://shopee.vn/product/1145316676/25584202984,https://down-vn.img.susercontent.com/file/vn-11134201-7ra0g-m9r173rclfuqd1,"[""https://down-vn.img.susercontent.com/file/vn-11134201-7ra0g-m9r173rclfuqd1"", ""https://down-vn.img.susercontent.com/file/vn-11134201-7ra0g-m9r173wmf4g4ae"", ""https://down-vn.img.susercontent.com/file/vn-11134201-7ra0g-m9r173xgdwlg12""]","[""OFFICIAL_SHOP""]","[""vn-11134258-7r98o-lyb3kdam2qw17d""]",30VCX[26.6-9.7.2026],vn-11134258-81ztc-mpuan4n576yqc2,False,False,False,1722441379,381800,500000,500000,24,0,237GIAM90K2,78200,1782925200,1783097940,250000,393.0,231.0,4.886075949367089,79,"[1, 1, 0, 2, 75]",[],Nestle,2563581.0,100638,"[100638, 100730, 101331]",1,,"[""""]"
Shopee,,vn,2026-07-02,1145316676,nestlehealthscience,Nestlé Health Science,Thành phố Hà Nội,53306094941,Bộ 2 Lốc 4 Hộp Sữa Pha Sẵn NESTLÉ NUTREN JUNIOR Thụy Sĩ Công Thức BIG Tăng Trưởng 110ML,https://shopee.vn/product/1145316676/53306094941,https://down-vn.img.susercontent.com/file/sg-11134201-825an-mq3tsbgmimfh1f,"[""https://down-vn.img.susercontent.com/file/sg-11134201-825an-mq3tsbgmimfh1f"", ""https://down-vn.img.susercontent.com/file/vn-11134207-81ztc-mklufymaqdc3d2"", ""https://down-vn.img.susercontent.com/file/vn-11134207-81ztc-mklufymiavie9b"", ""https://down-vn.img.susercontent.com/file/vn-11134207-81ztc-mklufymgz478ce"", ""https://down-vn.img.susercontent.com/file/vn-11134207-81ztc-mklufyminimde0"", ""https://down-vn.img.susercontent.com/file/vn-11134207-81ztc-mklufymhsm4n48"", ""https://down-vn.img.susercontent.com/file/vn-11134207-81ztc-mklufymiox6tfb""]","[""OFFICIAL_SHOP""]","[""vn-11134258-7r98o-lyb3kdam2qw17d""]",30VCX[26.6-9.7.2026],vn-11134258-81ztc-mpuan4n576yqc2,False,False,False,1770865577,127916,206400,158000,38,475828320813188,VCXDPULC0702,17444,1782925200,1783011540,50000,656.0,559.0,5.0,13,"[0, 0, 0, 0, 13]","[""1??.??4₫ 5.7 lúc 00:00 Th07 5"", ""Mua để nhận quà""]",Nutren Junior,1146828.0,100632,"[100632, 100681, 100991]",8,,"[""""]"
Shopee,,vn,2026-07-02,1145316676,nestlehealthscience,Nestlé Health Science,Thành phố Hà Nội,45212804072,"Bộ 3 Collagen Thủy Phân Dạng Bột NESTLÉ VITAL PROTEINS Mỹ Hỗ Trợ Làm Đẹp Da,Móng,Tóc 284G",https://shopee.vn/product/1145316676/45212804072,https://down-vn.img.susercontent.com/file/vn-11134207-81ztc-mpxu0izc8c8wcd,"[""https://down-vn.img.susercontent.com/file/vn-11134207-81ztc-mpxu0izc8c8wcd"", ""https://down-vn.img.susercontent.com/file/vn-11134207-81ztc-mpvqlq26v01ud4"", ""https://down-vn.img.susercontent.com/file/vn-11134207-81ztc-mpvqlq26wema46"", ""https://down-vn.img.susercontent.com/file/vn-11134207-81ztc-mpvqlq3o5rt90b"", ""https://down-vn.img.susercontent.com/file/vn-11134207-81ztc-mpvqlq26icy4b5"", ""https://down-vn.img.susercontent.com/file/vn-11134207-81ztc-mpvqlq26xt6q79""]","[""OFFICIAL_SHOP""]","[""vn-11134258-7r98o-lyb3kdam2qw17d""]",30VCX[26.6-9.7.2026],vn-11134258-81ztc-mpuan4n576yqc2,False,False,False,1782360708,1832864,3300000,2540000,44,475828320813188,237GIAM500K2,402336,1782925200,1783097940,1000000,,,0.0,0,"[0, 0, 0, 0, 0]","[""1.???.??0₫ 5.7 lúc 00:00 Th07 5"", ""Mua để nhận quà""]",VITAL PROTEINS,1191854.0,100001,"[100001, 100002, 100004]",3,,"[""""]"
Shopee,,vn,2026-07-02,1145316676,nestlehealthscience,Nestlé Health Science,Thành phố Hồ Chí Minh,29727782756,[Quà tặng không bán] Xe Chòi,https://shopee.vn/product/1145316676/29727782756,https://down-vn.img.susercontent.com/file/vn-11134201-7ra0g-m9r162z0fehm58,"[""https://down-vn.img.susercontent.com/file/vn-11134201-7ra0g-m9r162z0fehm58"", ""https://down-vn.img.susercontent.com/file/vn-11134201-7ra0g-m9r1637m2tf218"", ""https://down-vn.img.susercontent.com/file/vn-11134201-7ra0g-m9r1636i4h8kf7"", ""https://down-vn.img.susercontent.com/file/vn-11134201-7ra0g-m9r1637w2esuc1""]","[""OFFICIAL_SHOP""]","[""vn-11134258-7r98o-lyb3kdam2qw17d""]",30VCX[26.6-9.7.2026],vn-11134258-81ztc-mpuan4n576yqc2,False,False,False,1740666287,381800,500000,500000,24,0,237GIAM90K2,78200,1782925200,1783097940,250000,38.0,,5.0,5,"[0, 0, 0, 0, 5]",[],,,100632,"[100632, 100684, 101011, 101724]",0,,"[""""]"
Shopee,,vn,2026-07-02,1145316676,nestlehealthscience,Nestlé Health Science,Thành phố Hà Nội,56502619005,Bộ 2 Thùng 24 Hộp Sữa Pha Sẵn NESTLÉ NUTREN JUNIOR Thụy Sĩ Công Thức BIG Tăng Trưởng 180ML,https://shopee.vn/product/1145316676/56502619005,https://down-vn.img.susercontent.com/file/sg-11134201-825ao-mq3tsc9azfnw95,"[""https://down-vn.img.susercontent.com/file/sg-11134201-825ao-mq3tsc9azfnw95"", ""https://down-vn.img.susercontent.com/file/sg-11134201-822yz-mic2nw0nglj492"", ""https://down-vn.img.susercontent.com/file/vn-11134207-820l4-mi2ttplu2mfa10"", ""https://down-vn.img.susercontent.com/file/vn-11134207-820l4-mi2tzmrovkzl55"", ""https://down-vn.img.susercontent.com/file/vn-11134207-820l4-mi2tzmssy6814d"", ""https://down-vn.img.susercontent.com/file/vn-11134207-820l4-mi2tzn3yztvk52"", ""https://down-vn.img.susercontent.com/file/vn-11134207-820l4-mi2twbbaz30i3f"", ""https://down-vn.img.susercontent.com/file/vn-11134207-820l4-mi2ttpmzpedje3""]","[""OFFICIAL_SHOP""]","[""vn-11134258-7r98o-lyb3kdam2qw17d""]",30VCX[26.6-9.7.2026],vn-11134258-81ztc-mpuan4n576yqc2,False,False,False,1764907381,1107000,2130000,1400000,48,475828320813188,237GIAM500K2,243000,1782925200,1783097940,1000000,1000.0,167.0,4.970760233918129,171,"[0, 1, 0, 2, 168]","[""Mua để nhận quà""]",Nutren Junior,1146828.0,100632,"[100632, 100681, 100991]",163,,"[""""]"
Shopee,,vn,2026-07-02,1145316676,nestlehealthscience,Nestlé Health Science,Thành phố Hà Nội,24264694162,[Quà tặng không bán] Bộ Mền Gối Con Cua,https://shopee.vn/product/1145316676/24264694162,https://down-vn.img.susercontent.com/file/vn-11134201-7ra0g-m9r17g4yhawe50,"[""https://down-vn.img.susercontent.com/file/vn-11134201-7ra0g-m9r17g4yhawe50"", ""https://down-vn.img.susercontent.com/file/vn-11134201-7ra0g-m9r17gbw75eic0"", ""https://down-vn.img.susercontent.com/file/vn-11134201-7ra0g-m9r17gbc7ymy70"", ""https://down-vn.img.susercontent.com/file/vn-11134201-7ra0g-m9r17gc66sg2f6""]","[""OFFICIAL_SHOP""]","[""vn-11134258-7r98o-lyb3kdam2qw17d""]",30VCX[26.6-9.7.2026],vn-11134258-81ztc-mpuan4n576yqc2,False,False,False,1708611826,381800,500000,500000,24,0,237GIAM90K2,78200,1782925200,1783097940,250000,261.0,149.0,5.0,20,"[0, 0, 0, 0, 20]",[],,,100632,"[100632, 100679, 100981, 101707]",0,,"[""""]"
Shopee,,vn,2026-07-02,1145316676,nestlehealthscience,Nestlé Health Science,Thành phố Hà Nội,51960915243,[MỚI] Bộ 4 Sữa Bột NESTLÉ BOOST GLUCOSE CONTROL Đức Bổ Sung Dinh Dưỡng Người Tiểu Đường 400G,https://shopee.vn/product/1145316676/51960915243,https://down-vn.img.susercontent.com/file/sg-11134201-8257t-mq3tsbxbczylff,"[""https://down-vn.img.susercontent.com/file/sg-11134201-8257t-mq3tsbxbczylff"", ""https://down-vn.img.susercontent.com/file/vn-11134207-81ztc-moxsgcvyxrlud7"", ""https://down-vn.img.susercontent.com/file/vn-11134207-81ztc-moxtd0bzhts17e"", ""https://down-vn.img.susercontent.com/file/vn-11134207-81ztc-moxshqxu4f7kc4"", ""https://down-vn.img.susercontent.com/file/vn-11134207-81ztc-monfehezokcta9"", ""https://down-vn.img.susercontent.com/file/vn-11134207-81ztc-moxu293j9xcb23"", ""https://down-vn.img.susercontent.com/file/vn-11134207-81ztc-monfehiyj1fy5d"", ""https://down-vn.img.susercontent.com/file/vn-11134207-81ztc-monfeh8pq5n02c"", ""https://down-vn.img.susercontent.com/file/vn-11134207-81ztc-monfehdbfril64""]","[""OFFICIAL_SHOP""]","[""vn-11134258-7r98o-lyb3kdam2qw17d""]",13VCX+Shopeedebut[26.6-9.7.2026],vn-11134258-81ztc-mpua4oxk2jnm0c,False,False,False,1779367186,1693300,2520000,2115000,33,475828320813188,237GIAM500K2,371700,1782925200,1783097940,1000000,8.0,8.0,5.0,1,"[0, 0, 0, 0, 1]","[""Mua để nhận quà""]",BOOST,3150064.0,100629,"[100629, 100652, 100838, 101596]",13,,"[""""]"
Shopee,,vn,2026-07-02,1145316676,nestlehealthscience,Nestlé Health Science,Thành phố Hà Nội,45654540269,Bộ 4 Lốc 4 Hộp Sữa Pha Sẵn NESTLÉ NUTREN JUNIOR Thụy Sĩ Công Thức BIG Tăng Trưởng 180ML,https://shopee.vn/product/1145316676/45654540269,https://down-vn.img.susercontent.com/file/sg-11134201-8259o-mq3tsbiwnfupfd,"[""https://down-vn.img.susercontent.com/file/sg-11134201-8259o-mq3tsbiwnfupfd"", ""https://down-vn.img.susercontent.com/file/vn-11134207-820l4-mje15cluq8ljf2"", ""https://down-vn.img.susercontent.com/file/vn-11134207-820l4-mje16owrlssg55"", ""https://down-vn.img.susercontent.com/file/vn-11134207-820l4-mje16oxtlxxibc"", ""https://down-vn.img.susercontent.com/file/vn-11134207-820l4-mje16oyl5mv63d"", ""https://down-vn.img.susercontent.com/file/vn-11134207-820l4-mje15cncqakl1a"", ""https://down-vn.img.susercontent.com/file/vn-11134207-820l4-mje15cv3o8htb8""]","[""OFFICIAL_SHOP""]","[""vn-11134258-7r98o-lyb3kdam2qw17d""]",30VCX[26.6-9.7.2026],vn-11134258-81ztc-mpuan4n576yqc2,False,False,False,1768213504,358892,600000,470000,40,475828320813188,237GIAM90K2,73508,1782925200,1783097940,250000,93.0,58.0,0.0,0,"[0, 0, 0, 0, 0]","[""Mua để nhận quà""]",Nutren Junior,1146828.0,100632,"[100632, 100681, 100991]",29,,"[""""]"
Shopee,,vn,2026-07-02,1145316676,nestlehealthscience,Nestlé Health Science,Thành phố Hà Nội,56109950507,Bộ 3 Sữa Bột NESTLÉ BOOST OPTIMUM Singapore Bổ Sung Dinh Dưỡng Cho Người Lớn Tuổi 800G,https://shopee.vn/product/1145316676/56109950507,https://down-vn.img.susercontent.com/file/sg-11134201-825at-mq3tsbxm8xz643,"[""https://down-vn.img.susercontent.com/file/sg-11134201-825at-mq3tsbxm8xz643"", ""https://down-vn.img.susercontent.com/file/vn-11134207-81ztc-mnuvtrfkurr850"", ""https://down-vn.img.susercontent.com/file/vn-11134207-81ztc-mnuvnq8sfapt1e"", ""https://down-vn.img.susercontent.com/file/vn-11134207-81ztc-mnuvnq8sgpa9af"", ""https://down-vn.img.susercontent.com/file/vn-11134207-81ztc-mnuvtrfccjy9fc"", ""https://down-vn.img.susercontent.com/file/vn-11134207-81ztc-mnuvtrfmdjwha5"", ""https://down-vn.img.susercontent.com/file/vn-11134207-81ztc-mnuvtrfeou14c2"", ""https://down-vn.img.susercontent.com/file/vn-11134207-81ztc-mnuvtrfenfgodb""]","[""OFFICIAL_SHOP""]","[""vn-11134258-7r98o-lyb3kdam2qw17d""]",30VCX[26.6-9.7.2026],vn-11134258-81ztc-mpuan4n576yqc2,False,False,False,1777950182,1849920,2850000,2350000,35,475828320813188,237GIAM500K2,406080,1782925200,1783097940,1000000,45.0,36.0,4.666666666666667,9,"[0, 0, 1, 1, 7]","[""Mua để nhận quà""]",BOOST,3150064.0,100629,"[100629, 100652, 100838, 101596]",18,,"[""""]"
Shopee,,vn,2026-07-02,1145316676,nestlehealthscience,Nestlé Health Science,Thành phố Hà Nội,48808360600,Bộ 3 Sữa Bột NESTLÉ NUTREN JUNIOR Thụy Sĩ Với Công Thức BIG Hỗ Trợ Tăng Trưởng Cho Bé 800G+2 Lốc 4 hộp sữa pha sẵn 110ML,https://shopee.vn/product/1145316676/48808360600,https://down-vn.img.susercontent.com/file/sg-11134201-8258l-mq3tsc834lce5d,"[""https://down-vn.img.susercontent.com/file/sg-11134201-8258l-mq3tsc834lce5d"", ""https://down-vn.img.susercontent.com/file/vn-11134207-81ztc-mmu10ihnzugye1"", ""https://down-vn.img.susercontent.com/file/vn-11134207-81ztc-mmh103qynk793e"", ""https://down-vn.img.susercontent.com/file/vn-11134207-81ztc-mmh1030up7gld3"", ""https://down-vn.img.susercontent.com/file/vn-11134207-81ztc-mmh10363ml8j24"", ""https://down-vn.img.susercontent.com/file/vn-11134207-81ztc-mmh10434ham9c0"", ""https://down-vn.img.susercontent.com/file/vn-11134207-81ztc-mmlirpibd0r34f"", ""https://down-vn.img.susercontent.com/file/vn-11134207-81ztc-mmlirpidgveu7e"", ""https://down-vn.img.susercontent.com/file/vn-11134207-81ztc-mmlirpidgver11""]","[""OFFICIAL_SHOP""]","[""vn-11134258-7r98o-lyb3kdam2qw17d""]",13VCX+Shopeedebut[26.6-9.7.2026],vn-11134258-81ztc-mpua4oxk2jnm0c,False,False,False,1775548811,1748240,2864400,2360000,39,475828320813188,237GIAM500K2,383760,1782925200,1783097940,1000000,49.0,21.0,5.0,6,"[0, 0, 0, 0, 6]","[""Mua để nhận quà""]",Nestle,2563581.0,100632,"[100632, 100681, 100991]",26,,"[""""]"
Shopee,,vn,2026-07-02,1145316676,nestlehealthscience,Nestlé Health Science,Thành phố Hà Nội,25164682529,[Quà tặng không bán] Túi đeo chéo máy bay,https://shopee.vn/product/1145316676/25164682529,https://down-vn.img.susercontent.com/file/vn-11134201-7ra0g-m9r177k519j652,"[""https://down-vn.img.susercontent.com/file/vn-11134201-7ra0g-m9r177k519j652"", ""https://down-vn.img.susercontent.com/file/vn-11134201-7ra0g-m9r177sgp1cq40"", ""https://down-vn.img.susercontent.com/file/vn-11134201-7ra0g-m9r177rmq99qfc""]","[""OFFICIAL_SHOP""]","[""vn-11134258-7r98o-lyb3kdam2qw17d""]",30VCX[26.6-9.7.2026],vn-11134258-81ztc-mpuan4n576yqc2,False,False,False,1708605045,381800,500000,500000,24,0,237GIAM90K2,78200,1782925200,1783097940,250000,445.0,12.0,4.948275862068965,58,"[0, 0, 0, 3, 55]",[],Nestle,2563581.0,100533,"[100533, 100570]",0,,"[""""]"
Shopee,,vn,2026-07-02,1145316676,nestlehealthscience,Nestlé Health Science,Thành phố Hà Nội,46857620541,Bộ 2 Sữa Bột NESTLÉ BOOST OPTIMUM Singapore Bổ Sung Dinh Dưỡng Cho Người Lớn Tuổi 400G,https://shopee.vn/product/1145316676/46857620541,https://down-vn.img.susercontent.com/file/sg-11134201-8258h-mq3tsc8pu2a5ec,"[""https://down-vn.img.susercontent.com/file/sg-11134201-8258h-mq3tsc8pu2a5ec"", ""https://down-vn.img.susercontent.com/file/vn-11134207-81ztc-mm71bte5tybl45"", ""https://down-vn.img.susercontent.com/file/vn-11134207-81ztc-mm71bteazdan4a"", ""https://down-vn.img.susercontent.com/file/vn-11134207-81ztc-mm71bte2eccgc8"", ""https://down-vn.img.susercontent.com/file/vn-11134207-81ztc-mm71bte2h5hc3a"", ""https://down-vn.img.susercontent.com/file/vn-11134207-81ztc-mm71bte58vsya7"", ""https://down-vn.img.susercontent.com/file/vn-11134207-81ztc-mm71bte2cxs0a2"", ""https://down-vn.img.susercontent.com/file/vn-11134207-81ztc-mm71bte2fqwwd1""]","[""OFFICIAL_SHOP""]","[""vn-11134258-7r98o-lyb3kdam2qw17d""]",30VCX[26.6-9.7.2026],vn-11134258-81ztc-mpuan4n576yqc2,False,False,False,1774327602,614200,960000,790000,36,475828320813188,237GIAM350K2,125800,1782925200,1783097940,600000,134.0,69.0,5.0,16,"[0, 0, 0, 0, 16]","[""Mua để nhận quà""]",BOOST,3150064.0,100629,"[100629, 100652, 100838, 101596]",33,,"[""""]"
Shopee,,vn,2026-07-02,1145316676,nestlehealthscience,Nestlé Health Science,Thành phố Hà Nội,25264697963,[Quà tặng không bán] Balo con cọp,https://shopee.vn/product/1145316676/25264697963,https://down-vn.img.susercontent.com/file/vn-11134201-7ra0g-m9r176j8j9mqbf,"[""https://down-vn.img.susercontent.com/file/vn-11134201-7ra0g-m9r176j8j9mqbf"", ""https://down-vn.img.susercontent.com/file/vn-11134201-7ra0g-m9r176uw3koeb5"", ""https://down-vn.img.susercontent.com/file/vn-11134201-7ra0g-m9r176r09ao4d7""]","[""OFFICIAL_SHOP""]","[""vn-11134258-7r98o-lyb3kdam2qw17d""]",30VCX[26.6-9.7.2026],vn-11134258-81ztc-mpuan4n576yqc2,False,False,False,1708610896,381800,500000,500000,24,10000010610,237GIAM90K2,78200,1782925200,1783097940,250000,137.0,10.0,4.8125,16,"[0, 0, 1, 1, 14]",[],,,100633,"[100633, 100689, 101026, 101744]",0,,"[""""]"
Shopee,,vn,2026-07-02,1145316676,nestlehealthscience,Nestlé Health Science,Thành phố Hà Nội,40067434635,[Quà tặng không bán] Túi đựng phụ kiện,https://shopee.vn/product/1145316676/40067434635,https://down-vn.img.susercontent.com/file/vn-11134207-820l4-me85vwcnv1fn15,"[""https://down-vn.img.susercontent.com/file/vn-11134207-820l4-me85vwcnv1fn15"", ""https://down-vn.img.susercontent.com/file/vn-11134207-820l4-me85vwb2utqc69"", ""https://down-vn.img.susercontent.com/file/vn-11134207-820l4-me85vwcqtslgce"", ""https://down-vn.img.susercontent.com/file/vn-11134207-820l4-me85vwao11xc2d"", ""https://down-vn.img.susercontent.com/file/vn-11134207-820l4-me85vw7nwq9v56""]","[""OFFICIAL_SHOP""]","[""vn-11134258-7r98o-lyb3kdam2qw17d""]",30VCX[26.6-9.7.2026],vn-11134258-81ztc-mpuan4n576yqc2,False,False,False,1756961904,381800,500000,500000,24,0,237GIAM90K2,78200,1782925200,1783097940,250000,326.0,107.0,4.954545454545454,44,"[0, 0, 0, 2, 42]",[],,,100015,"[100015, 100087, 100325]",0,,"[""""]"
Shopee,,vn,2026-07-02,1145316676,nestlehealthscience,Nestlé Health Science,Thành phố Hà Nội,55710472577,[Quà tặng không bán] Túi tote cho mẹ màu kem NESTLÉ,https://shopee.vn/product/1145316676/55710472577,https://down-vn.img.susercontent.com/file/vn-11134207-81ztc-mo7rska2pg5cff,"[""https://down-vn.img.susercontent.com/file/vn-11134207-81ztc-mo7rska2pg5cff"", ""https://down-vn.img.susercontent.com/file/vn-11134207-81ztc-mo7rskq3fsat1d"", ""https://down-vn.img.susercontent.com/file/vn-11134207-81ztc-mo7rskh5f3eq81"", ""https://down-vn.img.susercontent.com/file/vn-11134207-81ztc-mo7rskjxjgn6a7""]","[""OFFICIAL_SHOP""]","[""vn-11134258-7r98o-lyb3kdam2qw17d""]",30VCX[26.6-9.7.2026],vn-11134258-81ztc-mpuan4n576yqc2,False,False,False,1778730603,381800,500000,500000,24,0,237GIAM90K2,78200,1782925200,1783097940,250000,191.0,181.0,5.0,32,"[0, 0, 0, 0, 32]",[],Nestle,2563581.0,100632,"[100632, 100674, 100950]",0,,"[""""]"
Shopee,,vn,2026-07-02,1145316676,nestlehealthscience,Nestlé Health Science,Thành phố Hà Nội,55004514688,Bộ 2 Lốc 4 Hộp Sữa Pha Sẵn NESTLÉ NUTREN JUNIOR Thụy Sĩ Công Thức BIG Tăng Trưởng 180ML,https://shopee.vn/product/1145316676/55004514688,https://down-vn.img.susercontent.com/file/sg-11134201-825b8-mq3tsbrma4n431,"[""https://down-vn.img.susercontent.com/file/sg-11134201-825b8-mq3tsbrma4n431"", ""https://down-vn.img.susercontent.com/file/vn-11134207-820l4-mje15cluq8ljf2"", ""https://down-vn.img.susercontent.com/file/vn-11134207-820l4-mje16owrlssg55"", ""https://down-vn.img.susercontent.com/file/vn-11134207-820l4-mje16oxtlxxibc"", ""https://down-vn.img.susercontent.com/file/vn-11134207-820l4-mje16oyl5mv63d"", ""https://down-vn.img.susercontent.com/file/vn-11134207-820l4-mje15cncqakl1a"", ""https://down-vn.img.susercontent.com/file/vn-11134207-820l4-mje15cv3o8htb8""]","[""OFFICIAL_SHOP""]","[""vn-11134258-7r98o-lyb3kdam2qw17d""]",30VCX[26.6-9.7.2026],vn-11134258-81ztc-mpuan4n576yqc2,False,False,False,1768213414,189888,300000,240000,37,475828320813188,VCXDPUL0702A,30912,1782925200,1783011540,150000,401.0,338.0,5.0,8,"[0, 0, 0, 0, 8]","[""Mua để nhận quà""]",Nutren Junior,1146828.0,100632,"[100632, 100681, 100991]",42,,"[""""]"
Shopee,,vn,2026-07-02,1145316676,nestlehealthscience,Nestlé Health Science,Thành phố Hà Nội,27127785457,[Quà tặng không bán] Vĩ nướng kèm nồi lẩu,https://shopee.vn/product/1145316676/27127785457,https://down-vn.img.susercontent.com/file/vn-11134201-7ra0g-m9r16nkoa45e32,"[""https://down-vn.img.susercontent.com/file/vn-11134201-7ra0g-m9r16nkoa45e32"", ""https://down-vn.img.susercontent.com/file/vn-11134201-7ra0g-m9r16ntjx2su12"", ""https://down-vn.img.susercontent.com/file/vn-11134201-7ra0g-m9r16nsfyp9q6f"", ""https://down-vn.img.susercontent.com/file/vn-11134201-7ra0g-m9r16nudvwjm66"", ""https://down-vn.img.susercontent.com/file/vn-11134201-7ra0g-m9r16nu3wax074""]","[""OFFICIAL_SHOP""]","[""vn-11134258-7r98o-lyb3kdam2qw17d""]",30VCX[26.6-9.7.2026],vn-11134258-81ztc-mpuan4n576yqc2,False,False,False,1740666936,381800,500000,500000,24,0,237GIAM90K2,78200,1782925200,1783097940,250000,32.0,,5.0,6,"[0, 0, 0, 0, 6]",[],Nestle,2563581.0,100632,"[100632, 100685]",0,,"[""""]"
Shopee,,vn,2026-07-02,1145316676,nestlehealthscience,Nestlé Health Science,Thành phố Hà Nội,55708176377,Bộ 2 Sữa Bột NESTLÉ NUTREN JUNIOR Thụy Sĩ Với Công Thức BIG Hỗ Trợ Tăng Trưởng Cho Bé 800G+Lốc 4 hộp sữa pha sẵn 110ML,https://shopee.vn/product/1145316676/55708176377,https://down-vn.img.susercontent.com/file/sg-11134201-8258r-mq3tsc8xpszld8,"[""https://down-vn.img.susercontent.com/file/sg-11134201-8258r-mq3tsc8xpszld8"", ""https://down-vn.img.susercontent.com/file/vn-11134207-81ztc-mmlnojnn0wldbd"", ""https://down-vn.img.susercontent.com/file/vn-11134207-81ztc-mmh103qynk793e"", ""https://down-vn.img.susercontent.com/file/vn-11134207-81ztc-mmh1030up7gld3"", ""https://down-vn.img.susercontent.com/file/vn-11134207-81ztc-mmh10363ml8j24"", ""https://down-vn.img.susercontent.com/file/vn-11134207-81ztc-mmh10434ham9c0"", ""https://down-vn.img.susercontent.com/file/vn-11134207-81ztc-mmlirpibd0r34f"", ""https://down-vn.img.susercontent.com/file/vn-11134207-81ztc-mmlirpidgveu7e"", ""https://down-vn.img.susercontent.com/file/vn-11134207-81ztc-mmlirpidgver11""]","[""OFFICIAL_SHOP""]","[""vn-11134258-7r98o-lyb3kdam2qw17d""]",13VCX+Shopeedebut[26.6-9.7.2026],vn-11134258-81ztc-mpua4oxk2jnm0c,False,False,False,1775204443,1173830,1875200,1561500,37,475828320813188,237GIAM500K2,257670,1782925200,1783097940,1000000,199.0,144.0,4.928571428571429,14,"[0, 0, 0, 1, 13]","[""Mua để nhận quà""]",Nestle,2563581.0,100632,"[100632, 100681, 100991]",47,,"[""""]"
Shopee,,vn,2026-07-02,1145316676,nestlehealthscience,Nestlé Health Science,Thành phố Hà Nội,47312804000,"Bộ 4 Collagen Thủy Phân Dạng Bột NESTLÉ VITAL PROTEINS Mỹ Hỗ Trợ Làm Đẹp Da,Móng,Tóc 284G",https://shopee.vn/product/1145316676/47312804000,https://down-vn.img.susercontent.com/file/vn-11134207-81ztc-mpxu653j7if4ca,"[""https://down-vn.img.susercontent.com/file/vn-11134207-81ztc-mpxu653j7if4ca"", ""https://down-vn.img.susercontent.com/file/vn-11134207-81ztc-mpvqlq26v01ud4"", ""https://down-vn.img.susercontent.com/file/vn-11134207-81ztc-mpvqlq26wema46"", ""https://down-vn.img.susercontent.com/file/vn-11134207-81ztc-mpvqlq3o5rt90b"", ""https://down-vn.img.susercontent.com/file/vn-11134207-81ztc-mpvqlq26icy4b5"", ""https://down-vn.img.susercontent.com/file/vn-11134207-81ztc-mpvqlq26xt6q79""]","[""OFFICIAL_SHOP""]","[""vn-11134258-7r98o-lyb3kdam2qw17d""]",30VCX[26.6-9.7.2026],vn-11134258-81ztc-mpuan4n576yqc2,False,False,False,1782360783,2421600,4400000,3320000,45,475828320813188,237GIAM500K2,500000,1782925200,1783097940,1000000,,,0.0,0,"[0, 0, 0, 0, 0]","[""2.???.??0₫ 5.7 lúc 00:00 Th07 5"", ""Mua để nhận quà""]",VITAL PROTEINS,1191854.0,100001,"[100001, 100002, 100004]",3,,"[""""]"
Shopee,,vn,2026-07-02,1145316676,nestlehealthscience,Nestlé Health Science,Thành phố Hà Nội,24364698071,[Quà tặng không bán] Bộ đồ chơi xếp khối,https://shopee.vn/product/1145316676/24364698071,https://down-vn.img.susercontent.com/file/vn-11134201-7ra0g-m9r17f5fyoha5f,"[""https://down-vn.img.susercontent.com/file/vn-11134201-7ra0g-m9r17f5fyoha5f"", ""https://down-vn.img.susercontent.com/file/vn-11134201-7ra0g-m9r17fe1m4p0d6"", ""https://down-vn.img.susercontent.com/file/vn-11134201-7ra0g-m9r17fd7lwka36"", ""https://down-vn.img.susercontent.com/file/vn-11134201-7ra0g-m9r17fhxf02ied"", ""https://down-vn.img.susercontent.com/file/vn-11134201-7ra0g-m9r17fcxnpta8f"", ""https://down-vn.img.susercontent.com/file/vn-11134201-7ra0g-m9r17fdhli0e22"", ""https://down-vn.img.susercontent.com/file/vn-11134201-7ra0g-m9r17fcxp5z6cf"", ""https://down-vn.img.susercontent.com/file/vn-11134201-7ra0g-m9r17fd7lwmm29""]","[""OFFICIAL_SHOP""]","[""vn-11134258-7r98o-lyb3kdam2qw17d""]",30VCX[26.6-9.7.2026],vn-11134258-81ztc-mpuan4n576yqc2,False,False,False,1708610737,381800,500000,500000,24,0,237GIAM90K2,78200,1782925200,1783097940,250000,457.0,150.0,4.791666666666667,48,"[0, 2, 1, 2, 43]",[],Nestle,2563581.0,100632,"[100632, 100684, 101012, 101735]",0,,"[""""]"
Shopee,,vn,2026-07-02,1145316676,nestlehealthscience,Nestlé Health Science,Thành phố Hà Nội,49862259468,[Quà tặng không bán] Đàn gỗ 8 thanh,https://shopee.vn/product/1145316676/49862259468,https://down-vn.img.susercontent.com/file/vn-11134207-81ztc-mphlzqxvuvwuf4,"[""https://down-vn.img.susercontent.com/file/vn-11134207-81ztc-mphlzqxvuvwuf4"", ""https://down-vn.img.susercontent.com/file/vn-11134207-81ztc-mphlzqywj9q8fb"", ""https://down-vn.img.susercontent.com/file/vn-11134207-81ztc-mphlzqxs41dt44"", ""https://down-vn.img.susercontent.com/file/vn-11134207-81ztc-mphlzqy44ob3bb"", ""https://down-vn.img.susercontent.com/file/vn-11134207-81ztc-mphlzqxs2mtd51""]","[""OFFICIAL_SHOP""]","[""vn-11134258-7r98o-lyb3kdam2qw17d""]",30VCX[26.6-9.7.2026],vn-11134258-81ztc-mpuan4n576yqc2,False,False,False,1781505494,381800,500000,500000,24,0,237GIAM90K2,78200,1782925200,1783097940,250000,81.0,67.0,5.0,10,"[0, 0, 0, 0, 10]","[""Hàng mới về""]",Nutren Junior,1146828.0,100632,"[100632, 100684, 101012, 101737]",1,,"[""""]"
Shopee,,vn,2026-07-02,1145316676,nestlehealthscience,Nestlé Health Science,Thành phố Hà Nội,45712795019,"Bộ 2 Collagen Thủy Phân Dạng Bột NESTLÉ VITAL PROTEINS Mỹ Hỗ Trợ Làm Đẹp Da,Móng,Tóc 567G",https://shopee.vn/product/1145316676/45712795019,https://down-vn.img.susercontent.com/file/vn-11134207-81ztc-mpxv7kw5znr4b3,"[""https://down-vn.img.susercontent.com/file/vn-11134207-81ztc-mpxv7kw5znr4b3"", ""https://down-vn.img.susercontent.com/file/vn-11134207-81ztc-mpvqscrw9mv5c5"", ""https://down-vn.img.susercontent.com/file/vn-11134207-81ztc-mpvqsct20mj269"", ""https://down-vn.img.susercontent.com/file/vn-11134207-81ztc-mpvqlq3o5rt90b"", ""https://down-vn.img.susercontent.com/file/vn-11134207-81ztc-mpvqscrxy1ame2"", ""https://down-vn.img.susercontent.com/file/vn-11134207-81ztc-mpvqscrwb1flbf""]","[""OFFICIAL_SHOP""]","[""vn-11134258-7r98o-lyb3kdam2qw17d""]",30VCX[26.6-9.7.2026],vn-11134258-81ztc-mpuan4n576yqc2,False,False,False,1782360940,2044260,3840000,2770000,47,475828320813188,237GIAM500K2,448740,1782925200,1783097940,1000000,,,0.0,0,"[0, 0, 0, 0, 0]","[""2.???.??0₫ 5.7 lúc 00:00 Th07 5"", ""Mua để nhận quà""]",VITAL PROTEINS,1191854.0,100001,"[100001, 100002, 100004]",4,,"[""""]"
Shopee,,vn,2026-07-02,1145316676,nestlehealthscience,Nestlé Health Science,Thành phố Hồ Chí Minh,26844738635,[Quà tặng không bán] Lốc 4 Hộp Sữa Pha Sẵn NESTLÉ NUTREN JUNIOR Thụy Sĩ Công Thức BIG Tăng Trưởng 110ML,https://shopee.vn/product/1145316676/26844738635,https://down-vn.img.susercontent.com/file/vn-11134207-81ztc-mnwigyxssb9cc0,"[""https://down-vn.img.susercontent.com/file/vn-11134207-81ztc-mnwigyxssb9cc0"", ""https://down-vn.img.susercontent.com/file/vn-11134207-81ztc-mnuvs358gb2b7d"", ""https://down-vn.img.susercontent.com/file/vn-11134207-81ztc-mmlirpibd0r34f"", ""https://down-vn.img.susercontent.com/file/vn-11134207-81ztc-mmlirpidgveu7e"", ""https://down-vn.img.susercontent.com/file/vn-11134207-81ztc-mmlirpidgver11"", ""https://down-vn.img.susercontent.com/file/vn-11134207-81ztc-mnuvs3a41amc19"", ""https://down-vn.img.susercontent.com/file/vn-11134207-81ztc-mnuvs367x5acdd""]","[""OFFICIAL_SHOP""]","[""vn-11134258-7r98o-lyb3kdam2qw17d""]",30VCX[26.6-9.7.2026],vn-11134258-81ztc-mpuan4n576yqc2,False,False,False,1777950315,381800,500000,500000,24,0,237GIAM90K2,78200,1782925200,1783097940,250000,189.0,177.0,5.0,17,"[0, 0, 0, 0, 17]",[],Nutren Junior,1146828.0,100632,"[100632, 100681, 100991]",5,,"[""""]"
Shopee,,vn,2026-07-02,1145316676,nestlehealthscience,Nestlé Health Science,Thành phố Hồ Chí Minh,25014692248,[Quà tặng không bán] Khăn choàng tắm bé con voi,https://shopee.vn/product/1145316676/25014692248,https://down-vn.img.susercontent.com/file/vn-11134201-7ra0g-m9r178ijmvbu8a,"[""https://down-vn.img.susercontent.com/file/vn-11134201-7ra0g-m9r178ijmvbu8a"", ""https://down-vn.img.susercontent.com/file/vn-11134201-7ra0g-m9r178rf9vkq36"", ""https://down-vn.img.susercontent.com/file/vn-11134201-7ra0g-m9r178oxdksief"", ""https://down-vn.img.susercontent.com/file/vn-11134201-7ra0g-m9r178rf9vn2ed"", ""https://down-vn.img.susercontent.com/file/vn-11134201-7ra0g-m9r178p7d4ii38"", ""https://down-vn.img.susercontent.com/file/vn-11134201-7ra0g-m9r178s98pdue8"", ""https://down-vn.img.susercontent.com/file/vn-11134201-7ra0g-m9r178p7ej2y0d""]","[""OFFICIAL_SHOP""]","[""vn-11134258-7r98o-lyb3kdam2qw17d""]",30VCX[26.6-9.7.2026],vn-11134258-81ztc-mpuan4n576yqc2,False,False,False,1708610293,381800,500000,500000,24,10000010610,237GIAM90K2,78200,1782925200,1783097940,250000,836.0,14.0,4.8478260869565215,138,"[2, 3, 1, 2, 130]",[],Nestle,2563581.0,100632,"[100632, 100678, 100969]",1,,"[""""]"
Shopee,,vn,2026-07-02,1145316676,nestlehealthscience,Nestlé Health Science,Thành phố Hà Nội,42232012026,"Bộ 3 Collagen Thủy Phân Dạng Bột NESTLÉ VITAL PROTEINS Mỹ Hỗ Trợ Làm Đẹp Da,Móng,Tóc 567G",https://shopee.vn/product/1145316676/42232012026,https://down-vn.img.susercontent.com/file/vn-11134207-81ztc-mpxv59ri7torf2,"[""https://down-vn.img.susercontent.com/file/vn-11134207-81ztc-mpxv59ri7torf2"", ""https://down-vn.img.susercontent.com/file/vn-11134207-81ztc-mpvqscrw9mv5c5"", ""https://down-vn.img.susercontent.com/file/vn-11134207-81ztc-mpvqsct20mj269"", ""https://down-vn.img.susercontent.com/file/vn-11134207-81ztc-mpvqlq3o5rt90b"", ""https://down-vn.img.susercontent.com/file/vn-11134207-81ztc-mpvqscrxy1ame2"", ""https://down-vn.img.susercontent.com/file/vn-11134207-81ztc-mpvqscrwb1flbf""]","[""OFFICIAL_SHOP""]","[""vn-11134258-7r98o-lyb3kdam2qw17d""]",30VCX[26.6-9.7.2026],vn-11134258-81ztc-mpuan4n576yqc2,False,False,False,1782361170,3033180,5760000,4110000,47,475828320813188,237GIAM2000K,665820,1782925200,1783097940,3000000,,,0.0,0,"[0, 0, 0, 0, 0]","[""3.???.??0₫ 5.7 lúc 00:00 Th07 5"", ""Mua để nhận quà""]",VITAL PROTEINS,1191854.0,100001,"[100001, 100002, 100004]",3,,"[""""]"
Shopee,,vn,2026-07-02,1145316676,nestlehealthscience,Nestlé Health Science,Thành phố Hồ Chí Minh,42130599124,[Quà tặng không bán] Lốc 4 Hộp Sữa Pha Sẵn NESTLÉ NUTREN JUNIOR Thụy Sĩ Công Thức BIG Tăng Trưởng 180ML,https://shopee.vn/product/1145316676/42130599124,https://down-vn.img.susercontent.com/file/vn-11134207-81ztc-mnwihpo6wemde8,"[""https://down-vn.img.susercontent.com/file/vn-11134207-81ztc-mnwihpo6wemde8"", ""https://down-vn.img.susercontent.com/file/vn-11134207-81ztc-mnuvvk3rjugy49"", ""https://down-vn.img.susercontent.com/file/vn-11134207-81ztc-mmliuuusay9u0a"", ""https://down-vn.img.susercontent.com/file/vn-11134207-81ztc-mmlirpidgveu7e"", ""https://down-vn.img.susercontent.com/file/vn-11134207-81ztc-mmliuuuoy5fqf7"", ""https://down-vn.img.susercontent.com/file/vn-11134207-81ztc-mnuvs3a41amc19"", ""https://down-vn.img.susercontent.com/file/vn-11134207-81ztc-mmh1cy2lbs3sc4""]","[""OFFICIAL_SHOP""]","[""vn-11134258-7r98o-lyb3kdam2qw17d""]",30VCX[26.6-9.7.2026],vn-11134258-81ztc-mpuan4n576yqc2,False,False,False,1777950486,381800,500000,500000,24,0,237GIAM90K2,78200,1782925200,1783097940,250000,99.0,67.0,5.0,13,"[0, 0, 0, 0, 13]",[],Nutren Junior,1146828.0,100632,"[100632, 100681, 100991]",6,,"[""""]"
Shopee,,vn,2026-07-02,1145316676,nestlehealthscience,Nestlé Health Science,Thành phố Hồ Chí Minh,57710464097,[Quà tặng không bán] Thùng Đồ Chơi Có LEGO NESTLÉ,https://shopee.vn/product/1145316676/57710464097,https://down-vn.img.susercontent.com/file/vn-11134207-81ztc-mo7s0uvnqgarb9,"[""https://down-vn.img.susercontent.com/file/vn-11134207-81ztc-mo7s0uvnqgarb9"", ""https://down-vn.img.susercontent.com/file/vn-11134207-81ztc-mo7s0uuk4pvq80"", ""https://down-vn.img.susercontent.com/file/vn-11134207-81ztc-mo7s0uv4hybl86"", ""https://down-vn.img.susercontent.com/file/vn-11134207-81ztc-mo7s0uuectts7b"", ""https://down-vn.img.susercontent.com/file/vn-11134207-81ztc-mo7s0uuwnm6g6a""]","[""OFFICIAL_SHOP""]","[""vn-11134258-7r98o-lyb3kdam2qw17d""]",30VCX[26.6-9.7.2026],vn-11134258-81ztc-mpuan4n576yqc2,False,False,False,1778730959,381800,500000,500000,24,0,237GIAM90K2,78200,1782925200,1783097940,250000,78.0,78.0,5.0,8,"[0, 0, 0, 0, 8]",[],Nestle,2563581.0,100632,"[100632, 100684, 101011, 101729]",1,,"[""""]"
Shopee,,vn,2026-07-02,1145316676,nestlehealthscience,Nestlé Health Science,Thành phố Hà Nội,28844273090,Bộ 3 Sữa Bột NESTLÉ NUTREN JUNIOR Thụy Sĩ Với Công Thức BIG Hỗ Trợ Tăng Trưởng Cho Bé 400G,https://shopee.vn/product/1145316676/28844273090,https://down-vn.img.susercontent.com/file/sg-11134201-8259e-mq3tschf8d8hf8,"[""https://down-vn.img.susercontent.com/file/sg-11134201-8259e-mq3tschf8d8hf8"", ""https://down-vn.img.susercontent.com/file/vn-11134207-81ztc-mlc1lau9y3nn02"", ""https://down-vn.img.susercontent.com/file/vn-11134207-81ztc-ml77x18pi2vc5a"", ""https://down-vn.img.susercontent.com/file/vn-11134207-81ztc-ml77x18uoweb29"", ""https://down-vn.img.susercontent.com/file/vn-11134207-81ztc-ml77x18mqcjm51"", ""https://down-vn.img.susercontent.com/file/vn-11134207-81ztc-ml77x18mjbpced"", ""https://down-vn.img.susercontent.com/file/vn-11134207-81ztc-ml77x18um39g37"", ""https://down-vn.img.susercontent.com/file/vn-11134207-81ztc-ml77x18unhtvb3"", ""https://down-vn.img.susercontent.com/file/vn-11134207-81ztc-ml77x18uqayrb1""]","[""OFFICIAL_SHOP""]","[""vn-11134258-7r98o-lyb3kdam2qw17d""]",30VCX[26.6-9.7.2026],vn-11134258-81ztc-mpuan4n576yqc2,False,False,False,1772159505,1011060,1710000,1408000,41,475828320813188,237GIAM500K2,221940,1782925200,1783097940,1000000,55.0,34.0,5.0,1,"[0, 0, 0, 0, 1]","[""1.???.??0₫ 5.7 lúc 00:00 Th07 5"", ""Mua để nhận quà""]",Nestle,2563581.0,100632,"[100632, 100681, 100991]",5,,"[""""]"
Shopee,,vn,2026-07-02,1145316676,nestlehealthscience,Nestlé Health Science,Thành phố Hà Nội,57906098813,Bộ 6 Lốc 4 Hộp Sữa Pha Sẵn NESTLÉ NUTREN JUNIOR Thụy Sĩ Công Thức BIG Tăng Trưởng 110ML,https://shopee.vn/product/1145316676/57906098813,https://down-vn.img.susercontent.com/file/sg-11134201-8258c-mq3tsc8nnegx31,"[""https://down-vn.img.susercontent.com/file/sg-11134201-8258c-mq3tsc8nnegx31"", ""https://down-vn.img.susercontent.com/file/vn-11134207-81ztc-mklufymaqdc3d2"", ""https://down-vn.img.susercontent.com/file/vn-11134207-81ztc-mklufymiavie9b"", ""https://down-vn.img.susercontent.com/file/vn-11134207-81ztc-mklufymgz478ce"", ""https://down-vn.img.susercontent.com/file/vn-11134207-81ztc-mklufyminimde0"", ""https://down-vn.img.susercontent.com/file/vn-11134207-81ztc-mklufymhsm4n48"", ""https://down-vn.img.susercontent.com/file/vn-11134207-81ztc-mklufymiox6tfb""]","[""OFFICIAL_SHOP""]","[""vn-11134258-7r98o-lyb3kdam2qw17d""]",30VCX[26.6-9.7.2026],vn-11134258-81ztc-mpuan4n576yqc2,False,False,False,1770865757,358128,619200,469000,42,475828320813188,237GIAM90K2,73352,1782925200,1783097940,250000,69.0,47.0,3.3333333333333335,3,"[0, 1, 1, 0, 1]","[""3??.??2₫ 5.7 lúc 00:00 Th07 5"", ""Mua để nhận quà""]",Nutren Junior,1146828.0,100632,"[100632, 100681, 100991]",3,,"[""""]"
Shopee,,vn,2026-07-02,1145316676,nestlehealthscience,Nestlé Health Science,Thành phố Hồ Chí Minh,40117408792,[Quà tặng không bán] Dây Kháng Lực,https://shopee.vn/product/1145316676/40117408792,https://down-vn.img.susercontent.com/file/vn-11134207-820l4-me859dqa70g05a,"[""https://down-vn.img.susercontent.com/file/vn-11134207-820l4-me859dqa70g05a"", ""https://down-vn.img.susercontent.com/file/vn-11134207-820l4-me859dqgbjlv8d"", ""https://down-vn.img.susercontent.com/file/vn-11134207-820l4-me859dqga51f01"", ""https://down-vn.img.susercontent.com/file/vn-11134207-820l4-me859dqf16v9c8""]","[""OFFICIAL_SHOP""]","[""vn-11134258-7r98o-lyb3kdam2qw17d""]",30VCX[26.6-9.7.2026],vn-11134258-81ztc-mpuan4n576yqc2,False,False,False,1756961321,381800,500000,500000,24,0,237GIAM90K2,78200,1782925200,1783097940,250000,506.0,74.0,4.858823529411764,85,"[2, 0, 1, 2, 80]",[],,,100637,"[100637, 100725, 101294, 101888]",5,,"[""""]"
Shopee,,vn,2026-07-02,1145316676,nestlehealthscience,Nestlé Health Science,Thành phố Hà Nội,56060464533,[Quà tặng không bán] Balo Cabybara NESTLÉ,https://shopee.vn/product/1145316676/56060464533,https://down-vn.img.susercontent.com/file/vn-11134207-81ztc-mo7t4hd0j5s01d,"[""https://down-vn.img.susercontent.com/file/vn-11134207-81ztc-mo7t4hd0j5s01d"", ""https://down-vn.img.susercontent.com/file/vn-11134207-81ztc-mo7t4hdovo5h78"", ""https://down-vn.img.susercontent.com/file/vn-11134207-81ztc-mo7t4hdak5q86d"", ""https://down-vn.img.susercontent.com/file/vn-11134207-81ztc-mo7t4hd4zaiw66"", ""https://down-vn.img.susercontent.com/file/vn-11134207-81ztc-mo7t4hdaabr86d""]","[""OFFICIAL_SHOP""]","[""vn-11134258-7r98o-lyb3kdam2qw17d""]",30VCX[26.6-9.7.2026],vn-11134258-81ztc-mpuan4n576yqc2,False,False,False,1778732803,381800,500000,500000,24,0,237GIAM90K2,78200,1782925200,1783097940,250000,87.0,38.0,4.923076923076923,13,"[0, 0, 0, 1, 12]",[],Nestle,2563581.0,100632,"[100632, 100674, 100950]",1,,"[""""]"
Shopee,,vn,2026-07-02,1145316676,nestlehealthscience,Nestlé Health Science,Thành phố Hà Nội,45612809011,"Bộ 2 Collagen Thủy Phân Dạng Bột NESTLÉ VITAL PROTEINS Mỹ Hỗ Trợ Làm Đẹp Da,Móng,Tóc 284G",https://shopee.vn/product/1145316676/45612809011,https://down-vn.img.susercontent.com/file/vn-11134207-81ztc-mpxqjvedea6jd3,"[""https://down-vn.img.susercontent.com/file/vn-11134207-81ztc-mpxqjvedea6jd3"", ""https://down-vn.img.susercontent.com/file/vn-11134207-81ztc-mpvqlq26v01ud4"", ""https://down-vn.img.susercontent.com/file/vn-11134207-81ztc-mpvqlq26wema46"", ""https://down-vn.img.susercontent.com/file/vn-11134207-81ztc-mpvqlq3o5rt90b"", ""https://down-vn.img.susercontent.com/file/vn-11134207-81ztc-mpvqlq26icy4b5"", ""https://down-vn.img.susercontent.com/file/vn-11134207-81ztc-mpvqlq26xt6q79""]","[""OFFICIAL_SHOP""]","[""vn-11134258-7r98o-lyb3kdam2qw17d""]",30VCX[26.6-9.7.2026],vn-11134258-81ztc-mpuan4n576yqc2,False,False,False,1782360640,1241152,2200000,1720000,44,475828320813188,237GIAM500K2,272448,1782925200,1783097940,1000000,177.0,177.0,0.0,0,"[0, 0, 0, 0, 0]","[""1.???.??0₫ 5.7 lúc 00:00 Th07 5"", ""Mua để nhận quà""]",VITAL PROTEINS,1191854.0,100001,"[100001, 100002, 100004]",3,,"[""""]"
Shopee,,vn,2026-07-02,1145316676,nestlehealthscience,Nestlé Health Science,Thành phố Hà Nội,27904398629,[Quà tặng Không bán] Set túi mẹ bé,https://shopee.vn/product/1145316676/27904398629,https://down-vn.img.susercontent.com/file/vn-11134201-7ra0g-m9r16gkqir1qbd,"[""https://down-vn.img.susercontent.com/file/vn-11134201-7ra0g-m9r16gkqir1qbd"", ""https://down-vn.img.susercontent.com/file/vn-11134201-7ra0g-m9r16gqaampa8e"", ""https://down-vn.img.susercontent.com/file/vn-11134201-7ra0g-m9r16gvu2iai3c""]","[""OFFICIAL_SHOP""]","[""vn-11134258-7r98o-lyb3kdam2qw17d""]",30VCX[26.6-9.7.2026],vn-11134258-81ztc-mpuan4n576yqc2,False,False,False,1719990569,788500,1000000,1000000,21,0,237GIAM350K2,161500,1782925200,1783097940,600000,392.0,189.0,4.827586206896552,29,"[1, 0, 0, 1, 27]",[],Nestle,2563581.0,100632,"[100632, 100685]",2,,"[""""]"
Shopee,,vn,2026-07-02,1145316676,nestlehealthscience,Nestlé Health Science,Thành phố Hà Nội,24114692449,[Quà tặng không bán] Ba lô và nón Boost Optimum,https://shopee.vn/product/1145316676/24114692449,https://down-vn.img.susercontent.com/file/vn-11134201-7ra0g-m9r17hl4d078fc,"[""https://down-vn.img.susercontent.com/file/vn-11134201-7ra0g-m9r17hl4d078fc"", ""https://down-vn.img.susercontent.com/file/vn-11134201-7ra0g-m9r17hr89p4y13"", ""https://down-vn.img.susercontent.com/file/vn-11134201-7ra0g-m9r17hri7vya27"", ""https://down-vn.img.susercontent.com/file/vn-11134201-7ra0g-m9r17hxbwjuq93"", ""https://down-vn.img.susercontent.com/file/vn-11134201-7ra0g-m9r17hqy5vt0fe"", ""https://down-vn.img.susercontent.com/file/vn-11134201-7ra0g-m9r17hri3ml6ed"", ""https://down-vn.img.susercontent.com/file/vn-11134201-7ra0g-m9r17hqy7adga9"", ""https://down-vn.img.susercontent.com/file/vn-11134201-7ra0g-m9r17hv3ye8288""]","[""OFFICIAL_SHOP""]","[""vn-11134258-7r98o-lyb3kdam2qw17d""]",30VCX[26.6-9.7.2026],vn-11134258-81ztc-mpuan4n576yqc2,False,False,False,1708610157,381800,500000,500000,24,0,237GIAM90K2,78200,1782925200,1783097940,250000,85.0,62.0,5.0,7,"[0, 0, 0, 0, 7]",[],,,100633,"[100633, 100689, 101026, 101744]",0,,"[""""]"
Shopee,,vn,2026-07-02,1145316676,nestlehealthscience,Nestlé Health Science,Thành phố Hà Nội,28741775607,[Quà tặng không bán] Bộ quà thôi nôi,https://shopee.vn/product/1145316676/28741775607,https://down-vn.img.susercontent.com/file/vn-11134207-820l4-metghiv9h05i9f,"[""https://down-vn.img.susercontent.com/file/vn-11134207-820l4-metghiv9h05i9f"", ""https://down-vn.img.susercontent.com/file/vn-11134207-820l4-metghiwxmzuud1"", ""https://down-vn.img.susercontent.com/file/vn-11134207-820l4-metghil6itj70a"", ""https://down-vn.img.susercontent.com/file/vn-11134207-820l4-metghisifytj95"", ""https://down-vn.img.susercontent.com/file/vn-11134207-820l4-metghiz4kmpwe6"", ""https://down-vn.img.susercontent.com/file/vn-11134207-820l4-metghiqi54hvd3""]","[""OFFICIAL_SHOP""]","[""vn-11134258-7r98o-lyb3kdam2qw17d""]",30VCX[26.6-9.7.2026],vn-11134258-81ztc-mpuan4n576yqc2,False,False,False,1758250988,381800,500000,500000,24,0,237GIAM90K2,78200,1782925200,1783097940,250000,837.0,,4.890909090909091,165,"[2, 1, 1, 5, 156]",[],Nestle,2563581.0,100632,"[100632, 100685]",7,,"[""""]"
Shopee,,vn,2026-07-02,1145316676,nestlehealthscience,Nestlé Health Science,Thành phố Hà Nội,24964694524,[Quà tặng không bán] Máy uốn tóc VP,https://shopee.vn/product/1145316676/24964694524,https://down-vn.img.susercontent.com/file/vn-11134201-7ra0g-m9r179g49saq6d,"[""https://down-vn.img.susercontent.com/file/vn-11134201-7ra0g-m9r179g49saq6d"", ""https://down-vn.img.susercontent.com/file/vn-11134201-7ra0g-m9r179p9xshu85"", ""https://down-vn.img.susercontent.com/file/vn-11134201-7ra0g-m9r179qdxkle5a"", ""https://down-vn.img.susercontent.com/file/vn-11134201-7ra0g-m9r179ku2u563c"", ""https://down-vn.img.susercontent.com/file/vn-11134201-7ra0g-m9r179kaj3mi6b""]","[""OFFICIAL_SHOP""]","[""vn-11134258-7r98o-lyb3kdam2qw17d""]",30VCX[26.6-9.7.2026],vn-11134258-81ztc-mpuan4n576yqc2,False,False,False,1708612631,747000,950000,950000,21,0,237GIAM350K2,153000,1782925200,1783097940,600000,118.0,40.0,4.95,20,"[0, 0, 0, 1, 19]",[],,,100630,"[100630, 100663, 100889, 101666]",1,,"[""""]"
Shopee,,vn,2026-07-02,1145316676,nestlehealthscience,Nestlé Health Science,Thành phố Hà Nội,28818600640,[Quà tặng không bán] Hộp tô màu,https://shopee.vn/product/1145316676/28818600640,https://down-vn.img.susercontent.com/file/vn-11134201-7ra0g-m9r168jm9vuq74,"[""https://down-vn.img.susercontent.com/file/vn-11134201-7ra0g-m9r168jm9vuq74"", ""https://down-vn.img.susercontent.com/file/vn-11134201-7ra0g-m9r168o23dz621"", ""https://down-vn.img.susercontent.com/file/vn-11134201-7ra0g-m9r168omp1l053""]","[""OFFICIAL_SHOP""]","[""vn-11134258-7r98o-lyb3kdam2qw17d""]",30VCX[26.6-9.7.2026],vn-11134258-81ztc-mpuan4n576yqc2,False,False,False,1732505021,622500,800000,800000,22,0,237GIAM350K2,127500,1782925200,1783097940,600000,579.0,90.0,4.934426229508197,61,"[0, 0, 1, 2, 58]",[],Nestle,2563581.0,100001,"[100001, 100019, 100135]",2,,"[""""]"
Shopee,,vn,2026-07-02,1145316676,nestlehealthscience,Nestlé Health Science,Thành phố Hà Nội,40931076959,[MỚI] Bộ 3 Sữa Bột NESTLÉ BOOST GLUCOSE CONTROL Đức Bổ Sung Dinh Dưỡng Người Tiểu Đường 400G,https://shopee.vn/product/1145316676/40931076959,https://down-vn.img.susercontent.com/file/sg-11134201-82583-mq3tscgfx5am58,"[""https://down-vn.img.susercontent.com/file/sg-11134201-82583-mq3tscgfx5am58"", ""https://down-vn.img.susercontent.com/file/vn-11134207-81ztc-moxsfpjp6ryaab"", ""https://down-vn.img.susercontent.com/file/vn-11134207-81ztc-moxtd0bzhts17e"", ""https://down-vn.img.susercontent.com/file/vn-11134207-81ztc-moxshqxu4f7kc4"", ""https://down-vn.img.susercontent.com/file/vn-11134207-81ztc-monfehezokcta9"", ""https://down-vn.img.susercontent.com/file/vn-11134207-81ztc-moxu293j9xcb23"", ""https://down-vn.img.susercontent.com/file/vn-11134207-81ztc-monfehiyj1fy5d"", ""https://down-vn.img.susercontent.com/file/vn-11134207-81ztc-monfeh8pq5n02c"", ""https://down-vn.img.susercontent.com/file/vn-11134207-81ztc-monfehdbfril64""]","[""OFFICIAL_SHOP""]","[""vn-11134258-7r98o-lyb3kdam2qw17d""]",13VCX+Shopeedebut[26.6-9.7.2026],vn-11134258-81ztc-mpua4oxk2jnm0c,False,False,False,1779367114,1275100,1890000,1605000,33,475828320813188,237GIAM500K2,279900,1782925200,1783097940,1000000,29.0,28.0,5.0,2,"[0, 0, 0, 0, 2]","[""Mua để nhận quà""]",BOOST,3150064.0,100629,"[100629, 100652, 100838, 101596]",16,,"[""""]"
Shopee,,vn,2026-07-02,1145316676,nestlehealthscience,Nestlé Health Science,Thành phố Hồ Chí Minh,18987408217,[Quà tặng không bán] Bộ gối ôm con rồng kèm nón và balo NUTREN JUNIOR,https://shopee.vn/product/1145316676/18987408217,https://down-vn.img.susercontent.com/file/vn-11134201-7ra0g-m9r17ke4965q29,"[""https://down-vn.img.susercontent.com/file/vn-11134201-7ra0g-m9r17ke4965q29"", ""https://down-vn.img.susercontent.com/file/vn-11134201-7ra0g-m9r17km5xe9a27"", ""https://down-vn.img.susercontent.com/file/vn-11134201-7ra0g-m9r17kks3oec23""]","[""OFFICIAL_SHOP""]","[""vn-11134258-7r98o-lyb3kdam2qw17d""]",30VCX[26.6-9.7.2026],vn-11134258-81ztc-mpuan4n576yqc2,False,False,False,1709612735,664000,850000,850000,22,0,237GIAM350K2,136000,1782925200,1783097940,600000,123.0,99.0,5.0,5,"[0, 0, 0, 0, 5]",[],Nestle,2563581.0,100632,"[100632, 100679, 100981, 101707]",1,,"[""""]"
Shopee,,vn,2026-07-02,1145316676,nestlehealthscience,Nestlé Health Science,Thành phố Hà Nội,47857620474,Bộ 4 Sữa Bột NESTLÉ BOOST OPTIMUM Singapore Bổ Sung Dinh Dưỡng Cho Người Lớn Tuổi 400G,https://shopee.vn/product/1145316676/47857620474,https://down-vn.img.susercontent.com/file/sg-11134201-8259i-mq3tsbkkuu4h35,"[""https://down-vn.img.susercontent.com/file/sg-11134201-8259i-mq3tsbkkuu4h35"", ""https://down-vn.img.susercontent.com/file/vn-11134207-81ztc-mm71bte5tybl45"", ""https://down-vn.img.susercontent.com/file/vn-11134207-81ztc-mm71bteazdan4a"", ""https://down-vn.img.susercontent.com/file/vn-11134207-81ztc-mm71bte2eccgc8"", ""https://down-vn.img.susercontent.com/file/vn-11134207-81ztc-mm71bte2h5hc3a"", ""https://down-vn.img.susercontent.com/file/vn-11134207-81ztc-mm71bte58vsya7"", ""https://down-vn.img.susercontent.com/file/vn-11134207-81ztc-mm71bte2cxs0a2"", ""https://down-vn.img.susercontent.com/file/vn-11134207-81ztc-mm71bte2fqwwd1""]","[""OFFICIAL_SHOP""]","[""vn-11134258-7r98o-lyb3kdam2qw17d""]",30VCX[26.6-9.7.2026],vn-11134258-81ztc-mpuan4n576yqc2,False,False,False,1774327668,1251648,1920000,1590000,35,475828320813188,237GIAM500K2,274752,1782925200,1783097940,1000000,47.0,13.0,5.0,15,"[0, 0, 0, 0, 15]","[""Mua để nhận quà""]",BOOST,3150064.0,100629,"[100629, 100652, 100838, 101596]",26,,"[""""]"
Shopee,,vn,2026-07-02,1145316676,nestlehealthscience,Nestlé Health Science,Thành phố Hồ Chí Minh,57260472404,[Quà tặng không bán] Bộ Vợt Cầu Lông,https://shopee.vn/product/1145316676/57260472404,https://down-vn.img.susercontent.com/file/vn-11134207-81ztc-mo7reku3320wd6,"[""https://down-vn.img.susercontent.com/file/vn-11134207-81ztc-mo7reku3320wd6"", ""https://down-vn.img.susercontent.com/file/vn-11134207-81ztc-mo7rekvl8q9y8f"", ""https://down-vn.img.susercontent.com/file/vn-11134207-81ztc-mo7reku6y494aa"", ""https://down-vn.img.susercontent.com/file/vn-11134207-81ztc-mo7reku77y848a"", ""https://down-vn.img.susercontent.com/file/vn-11134207-81ztc-mo7reku5qkn75a""]","[""OFFICIAL_SHOP""]","[""vn-11134258-7r98o-lyb3kdam2qw17d""]",30VCX[26.6-9.7.2026],vn-11134258-81ztc-mpuan4n576yqc2,False,False,False,1778729958,381800,500000,500000,24,0,237GIAM90K2,78200,1782925200,1783097940,250000,,,0.0,0,"[0, 0, 0, 0, 0]",[],Nestle,2563581.0,100632,"[100632, 100684, 101011, 101729]",0,,"[""""]"
Shopee,,vn,2026-07-02,1145316676,nestlehealthscience,Nestlé Health Science,Thành phố Hà Nội,54658185548,Bộ 2 Sữa Bột NESTLÉ NUTREN JUNIOR Thụy Sĩ Với Công Thức BIG Hỗ Trợ Tăng Trưởng Cho Bé 800G+Lốc 4 hộp sữa pha sẵn 180ML,https://shopee.vn/product/1145316676/54658185548,https://down-vn.img.susercontent.com/file/sg-11134201-8257s-mq3tsbkfs6pt33,"[""https://down-vn.img.susercontent.com/file/sg-11134201-8257s-mq3tsbkfs6pt33"", ""https://down-vn.img.susercontent.com/file/vn-11134207-81ztc-mmlno3tytc044b"", ""https://down-vn.img.susercontent.com/file/vn-11134207-81ztc-mmh103qynk793e"", ""https://down-vn.img.susercontent.com/file/vn-11134207-81ztc-mmh1030up7gld3"", ""https://down-vn.img.susercontent.com/file/vn-11134207-81ztc-mmh10363ml8j24"", ""https://down-vn.img.susercontent.com/file/vn-11134207-81ztc-mmh10434ham9c0"", ""https://down-vn.img.susercontent.com/file/vn-11134207-81ztc-mmliuuusay9u0a"", ""https://down-vn.img.susercontent.com/file/vn-11134207-81ztc-mmlirpidgveu7e"", ""https://down-vn.img.susercontent.com/file/vn-11134207-81ztc-mmliuuuoy5fqf7""]","[""OFFICIAL_SHOP""]","[""vn-11134258-7r98o-lyb3kdam2qw17d""]",13VCX+Shopeedebut[26.6-9.7.2026],vn-11134258-81ztc-mpua4oxk2jnm0c,False,False,False,1775204563,1205400,1922000,1600000,37,475828320813188,237GIAM500K2,264600,1782925200,1783097940,1000000,114.0,105.0,4.666666666666667,3,"[0, 0, 0, 1, 2]","[""Mua để nhận quà""]",Nestle,2563581.0,100632,"[100632, 100681, 100991]",17,,"[""""]"
Shopee,,vn,2026-07-02,1145316676,nestlehealthscience,Nestlé Health Science,Thành phố Hà Nội,25164693944,[Quà tặng không bán] BỘ KHĂN CHOÀNG TẮM BÉ VÀ TÚI KHỦNG LONG,https://shopee.vn/product/1145316676/25164693944,https://down-vn.img.susercontent.com/file/vn-11134201-7ra0g-m9r177kp0epa75,"[""https://down-vn.img.susercontent.com/file/vn-11134201-7ra0g-m9r177kp0epa75"", ""https://down-vn.img.susercontent.com/file/vn-11134201-7ra0g-m9r177r2r3usc7"", ""https://down-vn.img.susercontent.com/file/vn-11134201-7ra0g-m9r177sqomsub7"", ""https://down-vn.img.susercontent.com/file/vn-11134201-7ra0g-m9r177qita8qdb"", ""https://down-vn.img.susercontent.com/file/vn-11134201-7ra0g-m9r177wwil4yd5"", ""https://down-vn.img.susercontent.com/file/vn-11134201-7ra0g-m9r177r2r2i621"", ""https://down-vn.img.susercontent.com/file/vn-11134201-7ra0g-m9r177qsripu4e""]","[""OFFICIAL_SHOP""]","[""vn-11134258-7r98o-lyb3kdam2qw17d""]",30VCX[26.6-9.7.2026],vn-11134258-81ztc-mpuan4n576yqc2,False,False,False,1708611935,381800,500000,500000,24,0,237GIAM90K2,78200,1782925200,1783097940,250000,10.0,,5.0,1,"[0, 0, 0, 0, 1]",[],,,100632,"[100632, 100678, 100969]",1,,"[""""]"
Shopee,,vn,2026-07-02,1145316676,nestlehealthscience,Nestlé Health Science,Thành phố Hà Nội,24116535739,[Quà Tặng Không Bán] Set khăn Boost Optimum BOOST OPTIMUM,https://shopee.vn/product/1145316676/24116535739,https://down-vn.img.susercontent.com/file/vn-11134201-7ra0g-m9r17hm8bdz6a3,"[""https://down-vn.img.susercontent.com/file/vn-11134201-7ra0g-m9r17hm8bdz6a3"", ""https://down-vn.img.susercontent.com/file/vn-11134201-7ra0g-m9r17hujz77o5c"", ""https://down-vn.img.susercontent.com/file/vn-11134201-7ra0g-m9r17hu000g464""]","[""OFFICIAL_SHOP""]","[""vn-11134258-7r98o-lyb3kdam2qw17d""]",30VCX[26.6-9.7.2026],vn-11134258-81ztc-mpuan4n576yqc2,False,False,False,1709485947,381800,500000,500000,24,0,237GIAM90K2,78200,1782925200,1783097940,250000,875.0,38.0,4.901234567901234,163,"[3, 0, 1, 2, 157]",[],Nestle,2563581.0,100632,"[100632, 100678, 100969]",1,,"[""""]"
Shopee,,vn,2026-07-02,1145316676,nestlehealthscience,Nestlé Health Science,Thành phố Hà Nội,26577785819,[Quà tặng không bán] Set giặt bảo vệ quần áo,https://shopee.vn/product/1145316676/26577785819,https://down-vn.img.susercontent.com/file/vn-11134201-7ra0g-m9r16sed7xhg73,"[""https://down-vn.img.susercontent.com/file/vn-11134201-7ra0g-m9r16sed7xhg73"", ""https://down-vn.img.susercontent.com/file/vn-11134201-7ra0g-m9r16sreot4e65"", ""https://down-vn.img.susercontent.com/file/vn-11134201-7ra0g-m9r16sn8uwdq3f"", ""https://down-vn.img.susercontent.com/file/vn-11134201-7ra0g-m9r16sn8xr42be"", ""https://down-vn.img.susercontent.com/file/vn-11134201-7ra0g-m9r16smyvazy29""]","[""OFFICIAL_SHOP""]","[""vn-11134258-7r98o-lyb3kdam2qw17d""]",30VCX[26.6-9.7.2026],vn-11134258-81ztc-mpuan4n576yqc2,False,False,False,1740667297,381800,500000,500000,24,0,237GIAM90K2,78200,1782925200,1783097940,250000,1000.0,,4.905362776025236,319,"[2, 1, 6, 7, 303]",[],Nestle,2563581.0,100632,"[100632, 100678, 100976]",2,,"[""""]"
Shopee,,vn,2026-07-02,1145316676,nestlehealthscience,Nestlé Health Science,Thành phố Hồ Chí Minh,29026023897,(Quà Tặng Không Bán) Chảo Chống Dính,https://shopee.vn/product/1145316676/29026023897,https://down-vn.img.susercontent.com/file/vn-11134207-81ztc-mmpr4sgbl6o5e6,"[""https://down-vn.img.susercontent.com/file/vn-11134207-81ztc-mmpr4sgbl6o5e6"", ""https://down-vn.img.susercontent.com/file/vn-11134207-81ztc-mmpr4nu37nye8c"", ""https://down-vn.img.susercontent.com/file/vn-11134207-820l4-mizhzyzarbbaea"", ""https://down-vn.img.susercontent.com/file/vn-11134207-820l4-mizhzxahpgci28""]","[""OFFICIAL_SHOP""]","[""vn-11134258-7r98o-lyb3kdam2qw17d""]",30VCX[26.6-9.7.2026],vn-11134258-81ztc-mpuan4n576yqc2,False,False,False,1739418019,381800,500000,500000,24,0,237GIAM90K2,78200,1782925200,1783097940,250000,1000.0,16.0,4.914572864321608,199,"[2, 0, 2, 5, 190]",[],Nestle,2563581.0,100636,"[100636, 100717, 101218]",0,,"[""""]"
Shopee,,vn,2026-07-02,1145316676,nestlehealthscience,Nestlé Health Science,Thành phố Hà Nội,47408351576,Bộ 3 Sữa Bột NESTLÉ NUTREN JUNIOR Thụy Sĩ Với Công Thức BIG Hỗ Trợ Tăng Trưởng Cho Bé 800G+2 Lốc 4 hộp sữa pha sẵn 180ML,https://shopee.vn/product/1145316676/47408351576,https://down-vn.img.susercontent.com/file/sg-11134201-8259i-mq3tsbwujl6o7b,"[""https://down-vn.img.susercontent.com/file/sg-11134201-8259i-mq3tsbwujl6o7b"", ""https://down-vn.img.susercontent.com/file/vn-11134207-81ztc-mmu0zy0fq96o22"", ""https://down-vn.img.susercontent.com/file/vn-11134207-81ztc-mmh103qynk793e"", ""https://down-vn.img.susercontent.com/file/vn-11134207-81ztc-mmh1030up7gld3"", ""https://down-vn.img.susercontent.com/file/vn-11134207-81ztc-mmh10363ml8j24"", ""https://down-vn.img.susercontent.com/file/vn-11134207-81ztc-mmh10434ham9c0"", ""https://down-vn.img.susercontent.com/file/vn-11134207-81ztc-mmliuuusay9u0a"", ""https://down-vn.img.susercontent.com/file/vn-11134207-81ztc-mmlirpidgveu7e"", ""https://down-vn.img.susercontent.com/file/vn-11134207-81ztc-mmliuuuoy5fqf7""]","[""OFFICIAL_SHOP""]","[""vn-11134258-7r98o-lyb3kdam2qw17d""]",13VCX+Shopeedebut[26.6-9.7.2026],vn-11134258-81ztc-mpua4oxk2jnm0c,False,False,False,1775549174,1815480,2958000,2442000,39,475828320813188,237GIAM500K2,398520,1782925200,1783097940,1000000,19.0,8.0,5.0,2,"[0, 0, 0, 0, 2]","[""Mua để nhận quà""]",Nestle,2563581.0,100632,"[100632, 100681, 100991]",22,,"[""""]"
Shopee,,vn,2026-07-03,1145316676,nestlehealthscience,Nestlé Health Science,Thành phố Hà Nội,26663401389,Sữa Bột NESTLÉ NUTREN JUNIOR Thụy Sĩ Với Công Thức BIG Hỗ Trợ Tăng Trưởng Cho Bé 800G,https://shopee.vn/product/1145316676/26663401389,https://down-vn.img.susercontent.com/file/sg-11134201-8259p-mq3tsbkj280244,"[""https://down-vn.img.susercontent.com/file/sg-11134201-8259p-mq3tsbkj280244"", ""https://down-vn.img.susercontent.com/file/vn-11134207-820l4-mi2wx8j1ydxe1c"", ""https://down-vn.img.susercontent.com/file/vn-11134207-820l4-mi2wx86tmr5u54"", ""https://down-vn.img.susercontent.com/file/vn-11134207-820l4-mi2wx8cxuoead6"", ""https://down-vn.img.susercontent.com/file/vn-11134207-820l4-mi2wx87urzsxe3"", ""https://down-vn.img.susercontent.com/file/vn-11134207-820l4-mi2wx8bc56h494"", ""https://down-vn.img.susercontent.com/file/vn-11134207-820l4-mi2wx8bvjapsce"", ""https://down-vn.img.susercontent.com/file/vn-11134207-820l4-mi2wx8fsbbpkbb""]","[""OFFICIAL_SHOP""]","[""vn-11134258-7r98o-lyb3kdam2qw17d""]",30VCX[26.6-9.7.2026],vn-11134258-81ztc-mpuan4n576yqc2,False,False,False,1728272522,550290,886000,760000,38,475828320813188,237GIAM350K2,112710,1782925200,1783097940,600000,8000.0,3000.0,4.883527454242929,1203,"[8, 6, 23, 44, 1122]","[""Mua để nhận quà""]",Nutren Junior,1146828.0,100632,"[100632, 100681, 100991]",490,,"[""""]"
Shopee,,vn,2026-07-03,1145316676,nestlehealthscience,Nestlé Health Science,Thành phố Hà Nội,24135901205,Thùng 36 Hộp Sữa Pha Sẵn NESTLÉ NUTREN JUNIOR Thụy Sĩ Công Thức BIG Tăng Trưởng 110ML,https://shopee.vn/product/1145316676/24135901205,https://down-vn.img.susercontent.com/file/sg-11134201-825bc-mq3tsbgmk0zx3e,"[""https://down-vn.img.susercontent.com/file/sg-11134201-825bc-mq3tsbgmk0zx3e"", ""https://down-vn.img.susercontent.com/file/vn-11134207-820l4-mi2wjdce2ryb78"", ""https://down-vn.img.susercontent.com/file/vn-11134207-820l4-mi2wjd6j2cqp1a"", ""https://down-vn.img.susercontent.com/file/vn-11134207-820l4-mi2tzmssy6814d"", ""https://down-vn.img.susercontent.com/file/vn-11134207-820l4-mi2wjdasda1226"", ""https://down-vn.img.susercontent.com/file/vn-11134207-820l4-mi2twbbaz30i3f"", ""https://down-vn.img.susercontent.com/file/vn-11134207-820l4-mi2wgwpbxszke2""]","[""OFFICIAL_SHOP""]","[""vn-11134258-7r98o-lyb3kdam2qw17d""]",30VCX[26.6-9.7.2026],vn-11134258-81ztc-mpuan4n576yqc2,False,False,False,1726042516,546140,928800,708000,41,475828320813188,237GIAM350K2,111860,1782925200,1783097940,600000,5000.0,2000.0,4.921545667447306,857,"[9, 4, 2, 15, 827]","[""Mua để nhận quà""]",Nutren Junior,1146828.0,100632,"[100632, 100681, 100991]",327,Phân loại,"[""Date 12 tháng"", ""Date 4/2026""]"
Shopee,,vn,2026-07-03,1145316676,nestlehealthscience,Nestlé Health Science,Thành phố Hà Nội,26229062943,"Sữa Bột NESTLÉ PEPTAMENJUNIOR Thụy Sĩ Hỗ Trợ Kém Hấp Thu,Giảm Chức Năng Tiêu Hóa 400G",https://shopee.vn/product/1145316676/26229062943,https://down-vn.img.susercontent.com/file/sg-11134201-825a7-mq3tsch8r6yodc,"[""https://down-vn.img.susercontent.com/file/sg-11134201-825a7-mq3tsch8r6yodc"", ""https://down-vn.img.susercontent.com/file/vn-11134207-820l4-mi2wrk0yncap32"", ""https://down-vn.img.susercontent.com/file/vn-11134207-820l4-mi2wrk18oc8xa0"", ""https://down-vn.img.susercontent.com/file/vn-11134207-820l4-mi2wrk3wtfk784"", ""https://down-vn.img.susercontent.com/file/vn-11134207-820l4-mi2wrk7ci7sx60"", ""https://down-vn.img.susercontent.com/file/vn-11134207-820l4-mi2wrk14uolj84"", ""https://down-vn.img.susercontent.com/file/vn-11134207-820l4-mi2wrk199ers2b"", ""https://down-vn.img.susercontent.com/file/vn-11134207-820l4-mi2wrk87ahvs58"", ""https://down-vn.img.susercontent.com/file/vn-11134207-820l4-mi2wrk90edj795""]","[""OFFICIAL_SHOP""]","[""vn-11134258-7r98o-lyb3kdam2qw17d""]",30VCX[26.6-9.7.2026],vn-11134258-81ztc-mpuan4n576yqc2,False,False,False,1741601078,471200,750000,610000,37,475828320813188,237GIAM90K2,90000,1782925200,1783097940,250000,497.0,173.0,4.844827586206897,58,"[1, 0, 2, 1, 54]","[""Mua để nhận quà""]",Peptamen,1146890.0,100629,"[100629, 100652, 100838, 101596]",85,,"[""""]"
Shopee,,vn,2026-07-03,1145316676,nestlehealthscience,Nestlé Health Science,Thành phố Hà Nội,26429048596,"Sữa Bột NESTLÉ PEPTAMEN Thụy Sĩ Hỗ Trợ Người Kém Hấp Thu,Giảm Chức Năng Tiêu Hóa 400G",https://shopee.vn/product/1145316676/26429048596,https://down-vn.img.susercontent.com/file/sg-11134201-8259j-mq3tschxue4i66,"[""https://down-vn.img.susercontent.com/file/sg-11134201-8259j-mq3tschxue4i66"", ""https://down-vn.img.susercontent.com/file/vn-11134207-820l4-mi2wsy0xa03se4"", ""https://down-vn.img.susercontent.com/file/vn-11134207-820l4-mi2wsy6tnl6s7c"", ""https://down-vn.img.susercontent.com/file/vn-11134207-820l4-mi2wsy80m4g6bf"", ""https://down-vn.img.susercontent.com/file/vn-11134207-820l4-mi2wsy5gnbwid1"", ""https://down-vn.img.susercontent.com/file/vn-11134207-820l4-mi2wsy0zrwg4d0"", ""https://down-vn.img.susercontent.com/file/vn-11134207-820l4-mi2wsy0zqhvo08"", ""https://down-vn.img.susercontent.com/file/vn-11134207-820l4-mi2wsy1h3kld2d"", ""https://down-vn.img.susercontent.com/file/vn-11134207-820l4-mi2wsy1halfs42""]","[""OFFICIAL_SHOP""]","[""vn-11134258-7r98o-lyb3kdam2qw17d""]",30VCX[26.6-9.7.2026],vn-11134258-81ztc-mpuan4n576yqc2,False,False,False,1741600748,556100,830000,720000,33,475828320813188,237GIAM350K2,113900,1782925200,1783097940,600000,714.0,151.0,5.0,10,"[0, 0, 0, 0, 10]","[""Mua để nhận quà""]",Peptamen,1146890.0,100629,"[100629, 100652, 100838, 101596]",139,,"[""""]"
Shopee,,vn,2026-07-03,1145316676,nestlehealthscience,Nestlé Health Science,Thành phố Hà Nội,25760757038,Sữa Bột NESTLÉ BOOST OPTIMUM Singapore Bổ Sung Dinh Dưỡng Cho Người Lớn Tuổi,https://shopee.vn/product/1145316676/25760757038,https://down-vn.img.susercontent.com/file/sg-11134201-825bc-mq3tsche97gi2f,"[""https://down-vn.img.susercontent.com/file/sg-11134201-825bc-mq3tsche97gi2f"", ""https://down-vn.img.susercontent.com/file/vn-11134207-820l4-mi2wvg2yg9vk22"", ""https://down-vn.img.susercontent.com/file/vn-11134207-820l4-mi2wvg2y991ea3"", ""https://down-vn.img.susercontent.com/file/vn-11134207-820l4-mi2wuu4nopvq96"", ""https://down-vn.img.susercontent.com/file/vn-11134207-820l4-mi2wvga5c7wj56"", ""https://down-vn.img.susercontent.com/file/vn-11134207-820l4-mi2wvg2yhog018"", ""https://down-vn.img.susercontent.com/file/vn-11134207-820l4-mi2wvg4bgj5v37"", ""https://down-vn.img.susercontent.com/file/vn-11134207-820l4-mi2wvgc0kgef79""]","[""OFFICIAL_SHOP""]","[""vn-11134258-7r98o-lyb3kdam2qw17d""]",30VCX[26.6-9.7.2026],vn-11134258-81ztc-mpuan4n576yqc2,False,False,False,1706165679,313076,480000,410000,35,475828320813188,237GIAM90K2,64124,1782925200,1783097940,250000,3000.0,2000.0,4.893805309734513,452,"[5, 1, 3, 19, 424]","[""Mua để nhận quà""]",BOOST,3150064.0,100629,"[100629, 100652, 100838, 101596]",201,Phân Loại,"[""800G"", ""400G""]"
Shopee,,vn,2026-07-03,1145316676,nestlehealthscience,Nestlé Health Science,Thành phố Hà Nội,24810760293,"Collagen Thủy Phân Dạng Bột NESTLÉ VITAL PROTEINS Mỹ Hỗ Trợ Làm Đẹp Da,Móng,Tóc 567G",https://shopee.vn/product/1145316676/24810760293,https://down-vn.img.susercontent.com/file/sg-11134201-8258v-mq3r38z9ro5o6d,"[""https://down-vn.img.susercontent.com/file/sg-11134201-8258v-mq3r38z9ro5o6d"", ""https://down-vn.img.susercontent.com/file/vn-11134207-820l4-mi2x00lmnh1ka7"", ""https://down-vn.img.susercontent.com/file/vn-11134207-820l4-mi2x00asjn5s64"", ""https://down-vn.img.susercontent.com/file/vn-11134207-820l4-mi2wyv0iczd0d5"", ""https://down-vn.img.susercontent.com/file/vn-11134207-820l4-mi2x00jfelms02"", ""https://down-vn.img.susercontent.com/file/vn-11134207-820l4-mi2x00k8mozs58""]","[""OFFICIAL_SHOP""]","[""vn-11134258-7r98o-lyb3kdam2qw17d""]",30VCX[26.6-9.7.2026],vn-11134258-81ztc-mpuan4n576yqc2,False,False,False,1706167199,1033200,1920000,1400000,46,475828320813188,237GIAM500K2,226800,1782925200,1783097940,1000000,2000.0,1000.0,4.94238683127572,243,"[2, 0, 0, 6, 235]","[""Mua để nhận quà""]",VITAL PROTEINS,1191854.0,100001,"[100001, 100002, 100004]",207,,"[""""]"
Shopee,,vn,2026-07-03,1145316676,nestlehealthscience,Nestlé Health Science,Thành phố Hà Nội,24710759163,"Collagen Thủy Phân Dạng Bột NESTLÉ VITAL PROTEINS Mỹ Hỗ Trợ Làm Đẹp Da,Móng,Tóc 284G",https://shopee.vn/product/1145316676/24710759163,https://down-vn.img.susercontent.com/file/sg-11134201-8259p-mq3r3a6tdekgdd,"[""https://down-vn.img.susercontent.com/file/sg-11134201-8259p-mq3r3a6tdekgdd"", ""https://down-vn.img.susercontent.com/file/vn-11134207-820l4-mi2wyv26n6rs9d"", ""https://down-vn.img.susercontent.com/file/vn-11134207-820l4-mi2wyv02ppmo35"", ""https://down-vn.img.susercontent.com/file/vn-11134207-820l4-mi2wyv0iczd0d5"", ""https://down-vn.img.susercontent.com/file/vn-11134207-820l4-mi2wyv0u80063d"", ""https://down-vn.img.susercontent.com/file/vn-11134207-820l4-mi2wyuzyce100c""]","[""OFFICIAL_SHOP""]","[""vn-11134258-7r98o-lyb3kdam2qw17d""]",30VCX[26.6-9.7.2026],vn-11134258-81ztc-mpuan4n576yqc2,False,False,False,1706166898,595020,1100000,766892,46,453299875168509,237GIAM350K2,121872,1782925200,1783097940,600000,768.0,204.0,4.940677966101695,118,"[0, 0, 2, 3, 113]","[""Mua để nhận quà""]",VITAL PROTEINS,1191854.0,100001,"[100001, 100002, 100004]",313,HSD,"[""Date 42 tháng"", ""Date 5/2027""]"
Shopee,,vn,2026-07-03,1145316676,nestlehealthscience,Nestlé Health Science,Thành phố Hà Nội,27611883214,Bộ 2 Sữa Bột NESTLÉ NUTREN JUNIOR Thụy Sĩ Với Công Thức BIG Hỗ Trợ Tăng Trưởng Cho Bé 800G,https://shopee.vn/product/1145316676/27611883214,https://down-vn.img.susercontent.com/file/sg-11134201-8258l-mq3tsbkjc0em5c,"[""https://down-vn.img.susercontent.com/file/sg-11134201-8258l-mq3tsbkjc0em5c"", ""https://down-vn.img.susercontent.com/file/vn-11134207-820l4-mi2wx8j1ydxe1c"", ""https://down-vn.img.susercontent.com/file/vn-11134207-820l4-mi2wx86tpkaqce"", ""https://down-vn.img.susercontent.com/file/vn-11134207-820l4-mi2wx86tmr5u54"", ""https://down-vn.img.susercontent.com/file/vn-11134207-820l4-mi2wx8cxuoead6"", ""https://down-vn.img.susercontent.com/file/vn-11134207-820l4-mi2wx87urzsxe3"", ""https://down-vn.img.susercontent.com/file/vn-11134207-820l4-mi2wx8bc56h494"", ""https://down-vn.img.susercontent.com/file/vn-11134207-820l4-mi2wx8bvjapsce"", ""https://down-vn.img.susercontent.com/file/vn-11134207-820l4-mi2wx8fsbbpkbb""]","[""OFFICIAL_SHOP""]","[""vn-11134258-7r98o-lyb3kdam2qw17d""]",30VCX[26.6-9.7.2026],vn-11134258-81ztc-mpuan4n576yqc2,False,False,False,1726808358,1123400,1772000,1500000,37,475828320813188,237GIAM500K2,246600,1782925200,1783097940,1000000,2000.0,470.0,4.796875,384,"[7, 5, 12, 11, 349]","[""Mua để nhận quà""]",Nestle,2563581.0,100632,"[100632, 100681, 100991]",266,,"[""""]"
Shopee,,vn,2026-07-03,1145316676,nestlehealthscience,Nestlé Health Science,Thành phố Hà Nội,43157122803,Bộ 2 Thùng 36 Hộp Sữa Pha Sẵn NESTLÉ NUTREN JUNIOR Thụy Sĩ Công Thức BIG Tăng Trưởng 110ML,https://shopee.vn/product/1145316676/43157122803,https://down-vn.img.susercontent.com/file/sg-11134201-82589-mq3tsbkhnlzgbc,"[""https://down-vn.img.susercontent.com/file/sg-11134201-82589-mq3tsbkhnlzgbc"", ""https://down-vn.img.susercontent.com/file/vn-11134207-820l4-mi2wjdce2ryb78"", ""https://down-vn.img.susercontent.com/file/vn-11134207-820l4-mi2wjd6j2cqp1a"", ""https://down-vn.img.susercontent.com/file/vn-11134207-820l4-mi2tzmssy6814d"", ""https://down-vn.img.susercontent.com/file/vn-11134207-820l4-mi2wjdasda1226"", ""https://down-vn.img.susercontent.com/file/vn-11134207-820l4-mi2twbbaz30i3f"", ""https://down-vn.img.susercontent.com/file/vn-11134207-820l4-mi2wgwpbxszke2""]","[""OFFICIAL_SHOP""]","[""vn-11134258-7r98o-lyb3kdam2qw17d""]",30VCX[26.6-9.7.2026],vn-11134258-81ztc-mpuan4n576yqc2,False,False,False,1751514482,1087320,1857600,1376000,41,475828320813188,237GIAM500K2,238680,1782925200,1783097940,1000000,5000.0,2000.0,4.896788990825688,436,"[7, 2, 1, 9, 417]","[""Mua để nhận quà""]",Nutren Junior,1146828.0,100632,"[100632, 100681, 102070]",195,,"[""""]"
Shopee,,vn,2026-07-03,1145316676,nestlehealthscience,Nestlé Health Science,Thành phố Hà Nội,26682672239,Lốc 4 Hộp Sữa Pha Sẵn NESTLÉ NUTREN JUNIOR Thụy Sĩ Công Thức BIG Tăng Trưởng 110ML,https://shopee.vn/product/1145316676/26682672239,https://down-vn.img.susercontent.com/file/sg-11134201-82593-mq3tsbrg6yh835,"[""https://down-vn.img.susercontent.com/file/sg-11134201-82593-mq3tsbrg6yh835"", ""https://down-vn.img.susercontent.com/file/vn-11134207-820l4-mi2wgw9j7f9i96"", ""https://down-vn.img.susercontent.com/file/vn-11134207-820l4-mi2wgx2ooo3qda"", ""https://down-vn.img.susercontent.com/file/vn-11134207-820l4-mi2ttpm4ub6074"", ""https://down-vn.img.susercontent.com/file/vn-11134207-820l4-mi2wgw93od8k31"", ""https://down-vn.img.susercontent.com/file/vn-11134207-820l4-mi2twbbaz30i3f"", ""https://down-vn.img.susercontent.com/file/vn-11134207-820l4-mi2wgwpbxszke2""]","[""OFFICIAL_SHOP""]","[""vn-11134258-7r98o-lyb3kdam2qw17d""]",30VCX[26.6-9.7.2026],vn-11134258-81ztc-mpuan4n576yqc2,False,False,False,1744177635,67482,103200,81500,35,475828320813188,VCXDPBLC0703,7498,1783011600,1783357140,50000,6000.0,4000.0,4.979522184300341,586,"[1, 0, 0, 8, 577]","[""Mua để nhận quà""]",Nutren Junior,1146828.0,100632,"[100632, 100681, 102070]",145,,"[""""]"
Shopee,,vn,2026-07-03,1145316676,nestlehealthscience,Nestlé Health Science,Thành phố Hà Nội,57301655172,Bộ 3 Sữa Bột NESTLÉ NUTREN JUNIOR Thụy Sĩ Với Công Thức BIG Hỗ Trợ Tăng Trưởng Cho Bé 800G,https://shopee.vn/product/1145316676/57301655172,https://down-vn.img.susercontent.com/file/sg-11134201-825bc-mq3tsbwi4y6k5a,"[""https://down-vn.img.susercontent.com/file/sg-11134201-825bc-mq3tsbwi4y6k5a"", ""https://down-vn.img.susercontent.com/file/vn-11134207-820l4-mi2wx8j1ydxe1c"", ""https://down-vn.img.susercontent.com/file/vn-11134207-820l4-mi2wx86tpkaqce"", ""https://down-vn.img.susercontent.com/file/vn-11134207-820l4-mi2wx86tmr5u54"", ""https://down-vn.img.susercontent.com/file/vn-11134207-820l4-mi2wx8cxuoead6"", ""https://down-vn.img.susercontent.com/file/vn-11134207-820l4-mi2wx87urzsxe3"", ""https://down-vn.img.susercontent.com/file/vn-11134207-820l4-mi2wx8bc56h494"", ""https://down-vn.img.susercontent.com/file/vn-11134207-820l4-mi2wx8bvjapsce"", ""https://down-vn.img.susercontent.com/file/vn-11134207-820l4-mi2wx8fsbbpkbb""]","[""OFFICIAL_SHOP""]","[""vn-11134258-7r98o-lyb3kdam2qw17d""]",30VCX[26.6-9.7.2026],vn-11134258-81ztc-mpuan4n576yqc2,False,False,False,1763460110,1651480,2658000,2242000,38,475828320813188,37GIAM1000K2,362520,1783011600,1783097940,1500000,2000.0,1000.0,4.681159420289855,207,"[8, 5, 6, 7, 181]","[""Mua để nhận quà""]",Nutren Junior,1146828.0,100632,"[100632, 100681, 100991]",206,,"[""""]"
Shopee,,vn,2026-07-03,1145316676,nestlehealthscience,Nestlé Health Science,Thành phố Hà Nội,44377021220,Thùng 24 Hộp Sữa Pha Sẵn NESTLÉ NUTREN JUNIOR Thụy Sĩ Công Thức BIG Tăng Trưởng 180ML,https://shopee.vn/product/1145316676/44377021220,https://down-vn.img.susercontent.com/file/sg-11134201-82582-mq3tsbgicbnyd3,"[""https://down-vn.img.susercontent.com/file/sg-11134201-82582-mq3tsbgicbnyd3"", ""https://down-vn.img.susercontent.com/file/vn-11134207-820l4-mi2ttplu2mfa10"", ""https://down-vn.img.susercontent.com/file/vn-11134207-820l4-mi2tzmrovkzl55"", ""https://down-vn.img.susercontent.com/file/vn-11134207-820l4-mi2tzmssy6814d"", ""https://down-vn.img.susercontent.com/file/vn-11134207-820l4-mi2tzn3yztvk52"", ""https://down-vn.img.susercontent.com/file/vn-11134207-820l4-mi2twbbaz30i3f"", ""https://down-vn.img.susercontent.com/file/vn-11134207-820l4-mi2ttpmzpedje3""]","[""OFFICIAL_SHOP""]","[""vn-11134258-7r98o-lyb3kdam2qw17d""]",30VCX[26.6-9.7.2026],vn-11134258-81ztc-mpuan4n576yqc2,False,False,False,1764907496,581000,1065000,750000,45,286995088224258,237GIAM350K2,119000,1782925200,1783097940,600000,3000.0,2000.0,4.975806451612903,124,"[0, 0, 0, 3, 121]","[""Mua để nhận quà""]",Nutren Junior,1146828.0,100632,"[100632, 100681, 100991]",135,,"[""""]"
Shopee,,vn,2026-07-03,1145316676,nestlehealthscience,Nestlé Health Science,Thành phố Hà Nội,27229058273,"Sữa Dinh Dưỡng Y Học NESTLÉ ORAL IMPACT Đức Cho Người Ung Thư,Phẫu Thuật 5 Gói x 74G",https://shopee.vn/product/1145316676/27229058273,https://down-vn.img.susercontent.com/file/sg-11134201-825ap-mq3tsc9h86j2d8,"[""https://down-vn.img.susercontent.com/file/sg-11134201-825ap-mq3tsc9h86j2d8"", ""https://down-vn.img.susercontent.com/file/vn-11134207-820l4-mi2wto9vz3lt5f"", ""https://down-vn.img.susercontent.com/file/vn-11134207-820l4-mi2wto5spwck5c"", ""https://down-vn.img.susercontent.com/file/vn-11134207-820l4-mi2wto67l2pvbd"", ""https://down-vn.img.susercontent.com/file/vn-11134207-820l4-mi2wtob9kfew38"", ""https://down-vn.img.susercontent.com/file/vn-11134207-820l4-mi2wto5poc2016"", ""https://down-vn.img.susercontent.com/file/vn-11134207-820l4-mi2wtod5gjk356"", ""https://down-vn.img.susercontent.com/file/vn-11134207-820l4-mi2wtoaxgzczed"", ""https://down-vn.img.susercontent.com/file/vn-11134207-820l4-mi2wtoedmmfbc0""]","[""OFFICIAL_SHOP""]","[""vn-11134258-7r98o-lyb3kdam2qw17d""]",30VCX[26.6-9.7.2026],vn-11134258-81ztc-mpuan4n576yqc2,False,False,False,1741601401,514600,750000,670000,31,475828320813188,237GIAM350K2,105400,1782925200,1783097940,600000,807.0,242.0,4.857142857142857,84,"[2, 1, 0, 1, 80]","[""Mua để nhận quà""]",Nestle,2563581.0,100629,"[100629, 100652, 100838, 101596]",81,,"[""""]"
Shopee,,vn,2026-07-03,1145316676,nestlehealthscience,Nestlé Health Science,Thành phố Hà Nội,25811942299,Bộ 2 Sữa Bột NESTLÉ BOOST OPTIMUM Singapore Bổ Sung Dinh Dưỡng Cho Người Lớn Tuổi 800G,https://shopee.vn/product/1145316676/25811942299,https://down-vn.img.susercontent.com/file/vn-11134207-81ztc-mq4h3dpycqoc40,"[""https://down-vn.img.susercontent.com/file/vn-11134207-81ztc-mq4h3dpycqoc40"", ""https://down-vn.img.susercontent.com/file/sg-11134201-8258x-mq3r38pwrjm7ff"", ""https://down-vn.img.susercontent.com/file/vn-11134207-820l4-mi2wvg2yg9vk22"", ""https://down-vn.img.susercontent.com/file/vn-11134207-820l4-mi2wvg2y991ea3"", ""https://down-vn.img.susercontent.com/file/vn-11134207-820l4-mi2wuu4nopvq96"", ""https://down-vn.img.susercontent.com/file/vn-11134207-820l4-mi2wvga5c7wj56"", ""https://down-vn.img.susercontent.com/file/vn-11134207-820l4-mi2wvg2yhog018"", ""https://down-vn.img.susercontent.com/file/vn-11134207-820l4-mi2wvg4bgj5v37"", ""https://down-vn.img.susercontent.com/file/vn-11134207-820l4-mi2wvgc0kgef79""]","[""OFFICIAL_SHOP""]","[""vn-11134258-7r98o-lyb3kdam2qw17d""]",30VCX[26.6-9.7.2026],vn-11134258-81ztc-mpuan4n576yqc2,False,False,False,1706843093,1235904,1900000,1570000,35,475828320813188,37GIAM1000K2,271296,1783011600,1783097940,1500000,1000.0,220.0,4.883116883116883,231,"[1, 2, 3, 11, 214]","[""Mua để nhận quà""]",BOOST,3150064.0,100629,"[100629, 100652, 100838, 101596]",161,Phân loại,"[""Tặng Balo và nón"", ""Tặng Set túi mẹ bé"", ""Không Quà""]"
Shopee,,vn,2026-07-03,1145316676,nestlehealthscience,Nestlé Health Science,Thành phố Hà Nội,25411944727,"[Tặng Máy Uốn Tóc] Collagen Thủy Phân Dạng Bột NESTLÉ VITAL PROTEINS Mỹ Hỗ Trợ Làm Đẹp Da,Móng,Tóc 567G",https://shopee.vn/product/1145316676/25411944727,https://down-vn.img.susercontent.com/file/sg-11134201-820ns-mnms2mr2zx1i52,"[""https://down-vn.img.susercontent.com/file/sg-11134201-820ns-mnms2mr2zx1i52"", ""https://down-vn.img.susercontent.com/file/vn-11134207-820l4-mi2x00lmnh1ka7"", ""https://down-vn.img.susercontent.com/file/vn-11134207-820l4-mi2x00asjn5s64"", ""https://down-vn.img.susercontent.com/file/vn-11134207-820l4-mi2wyv0iczd0d5"", ""https://down-vn.img.susercontent.com/file/vn-11134207-820l4-mi2x00jfelms02"", ""https://down-vn.img.susercontent.com/file/vn-11134207-820l4-mi2x00k8mozs58""]","[""OFFICIAL_SHOP""]","[""vn-11134258-7r98o-lyb3kdam2qw17d""]",30VCX[26.6-9.7.2026],vn-11134258-81ztc-mpuan4n576yqc2,False,False,False,1706844655,1107000,1920000,1400000,42,475828320813188,237GIAM500K2,243000,1782925200,1783097940,1000000,567.0,72.0,4.90625,64,"[1, 0, 0, 2, 61]","[""Mua để nhận quà""]",VITAL PROTEINS,1191854.0,100001,"[100001, 100002, 100004]",256,,"[""""]"
Shopee,,vn,2026-07-03,1145316676,nestlehealthscience,Nestlé Health Science,Thành phố Hà Nội,27884205234,Sữa Bột NESTLÉ NUTREN JUNIOR Thụy Sĩ Với Công Thức BIG Hỗ Trợ Tăng Trưởng Cho Bé 400G,https://shopee.vn/product/1145316676/27884205234,https://down-vn.img.susercontent.com/file/vn-11134207-81ztc-mq4bj3sxr958f1,"[""https://down-vn.img.susercontent.com/file/vn-11134207-81ztc-mq4bj3sxr958f1"", ""https://down-vn.img.susercontent.com/file/vn-11134207-820l4-mi2ww7h89ddy81"", ""https://down-vn.img.susercontent.com/file/vn-11134207-820l4-mi2ww78qs9abae"", ""https://down-vn.img.susercontent.com/file/vn-11134207-820l4-mi2ww7hiisqq32"", ""https://down-vn.img.susercontent.com/file/vn-11134207-820l4-mi2ww794vcapbe"", ""https://down-vn.img.susercontent.com/file/vn-11134207-820l4-mi2ww795ughy4a"", ""https://down-vn.img.susercontent.com/file/vn-11134207-820l4-mi2ww7dhg9a827"", ""https://down-vn.img.susercontent.com/file/vn-11134207-820l4-mi2ww7b5zojoa4"", ""https://down-vn.img.susercontent.com/file/vn-11134207-820l4-mi2ww7e66tc695""]","[""OFFICIAL_SHOP""]","[""vn-11134258-7r98o-lyb3kdam2qw17d""]",30VCX[26.6-9.7.2026],vn-11134258-81ztc-mpuan4n576yqc2,False,False,False,1745206628,359655,570000,471000,37,475828320813188,237GIAM90K2,73665,1782925200,1783097940,250000,3000.0,3000.0,4.977207977207978,351,"[0, 1, 1, 3, 346]",[],Nutren Junior,1146828.0,100632,"[100632, 100681, 100991]",123,,"[""""]"
Shopee,,vn,2026-07-03,1145316676,nestlehealthscience,Nestlé Health Science,Thành phố Hà Nội,43058340201,[Quà tặng không bán] Vali NUTREN JUNIOR,https://shopee.vn/product/1145316676/43058340201,https://down-vn.img.susercontent.com/file/vn-11134207-7ras8-mc4js5iygjg26f,"[""https://down-vn.img.susercontent.com/file/vn-11134207-7ras8-mc4js5iygjg26f""]","[""OFFICIAL_SHOP""]","[""vn-11134258-7r98o-lyb3kdam2qw17d""]",30VCX[26.6-9.7.2026],vn-11134258-81ztc-mpuan4n576yqc2,False,False,False,1752384662,377200,500000,500000,25,0,FA250K0207,82800,1782925200,1783357140,300000,185.0,138.0,5.0,13,"[0, 0, 0, 0, 13]",[],,,100633,"[100633, 100689, 101026, 101746]",3,,"[""""]"
Shopee,,vn,2026-07-03,1145316676,nestlehealthscience,Nestlé Health Science,Thành phố Hà Nội,58002620314,Lốc 4 Hộp Sữa Pha Sẵn NESTLÉ NUTREN JUNIOR Thụy Sĩ Công Thức BIG Tăng Trưởng 180ML,https://shopee.vn/product/1145316676/58002620314,https://down-vn.img.susercontent.com/file/sg-11134201-8259s-mq3tsbhnckxt45,"[""https://down-vn.img.susercontent.com/file/sg-11134201-8259s-mq3tsbhnckxt45"", ""https://down-vn.img.susercontent.com/file/vn-11134207-820l4-mi2ttplu2mfa10"", ""https://down-vn.img.susercontent.com/file/vn-11134207-820l4-mi2ttplntvk18b"", ""https://down-vn.img.susercontent.com/file/vn-11134207-820l4-mi2ttpm4ub6074"", ""https://down-vn.img.susercontent.com/file/vn-11134207-820l4-mi2ttpr4vfgo13"", ""https://down-vn.img.susercontent.com/file/vn-11134207-820l4-mi2twbbaz30i3f"", ""https://down-vn.img.susercontent.com/file/vn-11134207-820l4-mi2ttpmzpedje3""]","[""OFFICIAL_SHOP""]","[""vn-11134258-7r98o-lyb3kdam2qw17d""]",30VCX[26.6-9.7.2026],vn-11134258-81ztc-mpuan4n576yqc2,False,False,False,1764907560,99360,150000,120000,34,475828320813188,VCXDPBLC0703,11040,1783011600,1783357140,50000,622.0,285.0,4.857142857142857,49,"[1, 1, 0, 0, 47]","[""Mua để nhận quà""]",Nutren Junior,1146828.0,100632,"[100632, 100681, 100991]",65,,"[""""]"
Shopee,,vn,2026-07-03,1145316676,nestlehealthscience,Nestlé Health Science,Thành phố Hà Nội,29370485469,[Quà tặng không bán] Gấu trúc ống tre NUTREN JUNIOR,https://shopee.vn/product/1145316676/29370485469,https://down-vn.img.susercontent.com/file/vn-11134201-7ra0g-m9r165xu4itgea,"[""https://down-vn.img.susercontent.com/file/vn-11134201-7ra0g-m9r165xu4itgea"", ""https://down-vn.img.susercontent.com/file/vn-11134201-7ra0g-m9r1661zx18if9"", ""https://down-vn.img.susercontent.com/file/vn-11134201-7ra0g-m9r1662tx7ya33""]","[""OFFICIAL_SHOP""]","[""vn-11134258-7r98o-lyb3kdam2qw17d""]",30VCX[26.6-9.7.2026],vn-11134258-81ztc-mpuan4n576yqc2,False,False,False,1733998098,381800,500000,500000,24,0,237GIAM90K2,78200,1782925200,1783097940,250000,805.0,24.0,4.944827586206896,145,"[0, 0, 2, 4, 139]",[],,,100632,"[100632, 100684, 101008, 101722]",3,,"[""""]"
Shopee,,vn,2026-07-03,1145316676,nestlehealthscience,Nestlé Health Science,Thành phố Hà Nội,45951323803,"Bộ 2 Sữa Bột NESTLÉ PEPTAMENJUNIOR Thụy Sĩ Hỗ Trợ Kém Hấp Thu,Giảm Chức Năng Tiêu Hóa 400G",https://shopee.vn/product/1145316676/45951323803,https://down-vn.img.susercontent.com/file/sg-11134201-8257y-mq3tscnn4buo2b,"[""https://down-vn.img.susercontent.com/file/sg-11134201-8257y-mq3tscnn4buo2b"", ""https://down-vn.img.susercontent.com/file/vn-11134207-820l4-mi2wrk0yncap32"", ""https://down-vn.img.susercontent.com/file/vn-11134207-820l4-mi2wrk18oc8xa0"", ""https://down-vn.img.susercontent.com/file/vn-11134207-820l4-mi2wrk3wtfk784"", ""https://down-vn.img.susercontent.com/file/vn-11134207-820l4-mi2wrk7ci7sx60"", ""https://down-vn.img.susercontent.com/file/vn-11134207-820l4-mi2wrk14uolj84"", ""https://down-vn.img.susercontent.com/file/vn-11134207-820l4-mi2wrk199ers2b"", ""https://down-vn.img.susercontent.com/file/vn-11134207-820l4-mi2wrk87ahvs58"", ""https://down-vn.img.susercontent.com/file/vn-11134207-820l4-mi2wrk90edj795""]","[""OFFICIAL_SHOP""]","[""vn-11134258-7r98o-lyb3kdam2qw17d""]",30VCX[26.6-9.7.2026],vn-11134258-81ztc-mpuan4n576yqc2,False,False,False,1763029421,959400,1500000,1220000,36,475828320813188,237GIAM500K2,210600,1782925200,1783097940,1000000,312.0,73.0,4.954545454545454,44,"[0, 0, 0, 2, 42]","[""Mua để nhận quà""]",Peptamen,1146890.0,100629,"[100629, 100652, 100838, 101596]",65,,"[""""]"
Shopee,,vn,2026-07-03,1145316676,nestlehealthscience,Nestlé Health Science,Thành phố Hà Nội,52257990316,"Bộ 3 Sữa Bột NESTLÉ PEPTAMENJUNIOR Thụy Sĩ Hỗ Trợ Kém Hấp Thu,Giảm Chức Năng Tiêu Hóa 400G",https://shopee.vn/product/1145316676/52257990316,https://down-vn.img.susercontent.com/file/sg-11134201-825aa-mq3tschnrzlu96,"[""https://down-vn.img.susercontent.com/file/sg-11134201-825aa-mq3tschnrzlu96"", ""https://down-vn.img.susercontent.com/file/vn-11134207-81ztc-mmk8agiubdom59"", ""https://down-vn.img.susercontent.com/file/vn-11134207-81ztc-mmh0s7rxg64ofb"", ""https://down-vn.img.susercontent.com/file/vn-11134207-81ztc-mmh0s7q7kdfob3"", ""https://down-vn.img.susercontent.com/file/vn-11134207-81ztc-mmh0s7qe2y9x59"", ""https://down-vn.img.susercontent.com/file/vn-11134207-81ztc-mmh0s7xj3h1ff4"", ""https://down-vn.img.susercontent.com/file/vn-11134207-81ztc-mmh0s7y1cutr6e"", ""https://down-vn.img.susercontent.com/file/vn-11134207-81ztc-mmh0s7qbcmir47"", ""https://down-vn.img.susercontent.com/file/vn-11134207-81ztc-mmh0s7wddvyg06""]","[""OFFICIAL_SHOP""]","[""vn-11134258-7r98o-lyb3kdam2qw17d""]",30VCX[26.6-9.7.2026],vn-11134258-81ztc-mpuan4n576yqc2,False,False,False,1774932026,1435000,2250000,1800000,36,475828320813188,37GIAM1000K2,315000,1783011600,1783097940,1500000,168.0,94.0,4.2,20,"[4, 0, 0, 0, 16]","[""Mua để nhận quà""]",Peptamen,1146890.0,100629,"[100629, 100652, 100838, 101596]",33,,"[""""]"
Shopee,,vn,2026-07-03,1145316676,nestlehealthscience,Nestlé Health Science,Thành phố Hà Nội,56510469171,[Quà tặng không bán] Bàn đa năng kèm đồ chơi lắp ráp NESTLÉ,https://shopee.vn/product/1145316676/56510469171,https://down-vn.img.susercontent.com/file/vn-11134207-81ztc-mo7tbzjwoyde7b,"[""https://down-vn.img.susercontent.com/file/vn-11134207-81ztc-mo7tbzjwoyde7b"", ""https://down-vn.img.susercontent.com/file/vn-11134207-81ztc-mo7tbzjlrnd169"", ""https://down-vn.img.susercontent.com/file/vn-11134207-81ztc-mo7tbzk6pybmc5"", ""https://down-vn.img.susercontent.com/file/vn-11134207-81ztc-mo7tbzk6g4cg06"", ""https://down-vn.img.susercontent.com/file/vn-11134207-81ztc-mo7tbzjmqrk34e""]","[""OFFICIAL_SHOP""]","[""vn-11134258-7r98o-lyb3kdam2qw17d""]",30VCX[26.6-9.7.2026],vn-11134258-81ztc-mpuan4n576yqc2,False,False,False,1778733161,381800,500000,500000,24,0,237GIAM90K2,78200,1782925200,1783097940,250000,205.0,201.0,4.982758620689655,58,"[0, 0, 0, 1, 57]",[],Nestle,2563581.0,100632,"[100632, 100684, 101011, 101729]",2,,"[""""]"
Shopee,,vn,2026-07-03,1145316676,nestlehealthscience,Nestlé Health Science,Thành phố Hà Nội,25661947997,"[Tặng Set Túi Giặt Bảo Vệ] Collagen Thủy Phân Dạng Bột NESTLÉ VITAL PROTEINS Mỹ Hỗ Trợ Làm Đẹp Da,Móng,Tóc 284G",https://shopee.vn/product/1145316676/25661947997,https://down-vn.img.susercontent.com/file/vn-11134207-81ztc-mq1o0343y9l7bc,"[""https://down-vn.img.susercontent.com/file/vn-11134207-81ztc-mq1o0343y9l7bc"", ""https://down-vn.img.susercontent.com/file/vn-11134207-820l4-mi2wyv26n6rs9d"", ""https://down-vn.img.susercontent.com/file/vn-11134207-820l4-mi2wyv02ppmo35"", ""https://down-vn.img.susercontent.com/file/vn-11134207-820l4-mi2wyv0iczd0d5"", ""https://down-vn.img.susercontent.com/file/vn-11134207-820l4-mi2wyv0u80063d"", ""https://down-vn.img.susercontent.com/file/vn-11134207-820l4-mi2wyuzyce100c""]","[""OFFICIAL_SHOP""]","[""vn-11134258-7r98o-lyb3kdam2qw17d""]",30VCX[26.6-9.7.2026],vn-11134258-81ztc-mpuan4n576yqc2,False,False,False,1706844007,664000,1100000,850000,40,475828320813188,37GIAM250K2,136000,1783011600,1783097940,800000,860.0,177.0,4.931034482758621,116,"[1, 0, 1, 2, 112]","[""Mua để nhận quà""]",VITAL PROTEINS,1191854.0,100001,"[100001, 100002, 100004]",444,,"[""""]"
Shopee,,vn,2026-07-03,1145316676,nestlehealthscience,Nestlé Health Science,Thành phố Hà Nội,53562237287,[Quà tặng không bán] Bộ đồ chơi gỗ giao thông,https://shopee.vn/product/1145316676/53562237287,https://down-vn.img.susercontent.com/file/vn-11134207-81ztc-mphm3rmriznxd2,"[""https://down-vn.img.susercontent.com/file/vn-11134207-81ztc-mphm3rmriznxd2"", ""https://down-vn.img.susercontent.com/file/vn-11134207-81ztc-mphm3rmlmvwhe8"", ""https://down-vn.img.susercontent.com/file/vn-11134207-81ztc-mphm3rmloagx3c"", ""https://down-vn.img.susercontent.com/file/vn-11134207-81ztc-mphm3rmrhl3h55"", ""https://down-vn.img.susercontent.com/file/vn-11134207-81ztc-mphm3rofjd3ff4""]","[""OFFICIAL_SHOP""]","[""vn-11134258-7r98o-lyb3kdam2qw17d""]",30VCX[26.6-9.7.2026],vn-11134258-81ztc-mpuan4n576yqc2,False,False,False,1781505593,381800,500000,500000,24,0,237GIAM90K2,78200,1782925200,1783097940,250000,55.0,54.0,4.75,4,"[0, 0, 0, 1, 3]","[""Hàng mới về""]",Nutren Junior,1146828.0,100632,"[100632, 100684, 101010]",0,,"[""""]"
Shopee,,vn,2026-07-03,1145316676,nestlehealthscience,Nestlé Health Science,Thành phố Hà Nội,48560929285,[MỚI] Bộ 2 Sữa Bột NESTLÉ BOOST GLUCOSE CONTROL Đức Bổ Sung Dinh Dưỡng Người Tiểu Đường 400G,https://shopee.vn/product/1145316676/48560929285,https://down-vn.img.susercontent.com/file/sg-11134201-8258u-mq3tschnql1e94,"[""https://down-vn.img.susercontent.com/file/sg-11134201-8258u-mq3tschnql1e94"", ""https://down-vn.img.susercontent.com/file/vn-11134207-81ztc-moxsg4ska7ezdb"", ""https://down-vn.img.susercontent.com/file/vn-11134207-81ztc-moxtd0bzhts17e"", ""https://down-vn.img.susercontent.com/file/vn-11134207-81ztc-moxshqxu4f7kc4"", ""https://down-vn.img.susercontent.com/file/vn-11134207-81ztc-monfehezokcta9"", ""https://down-vn.img.susercontent.com/file/vn-11134207-81ztc-moxu293j9xcb23"", ""https://down-vn.img.susercontent.com/file/vn-11134207-81ztc-monfehiyj1fy5d"", ""https://down-vn.img.susercontent.com/file/vn-11134207-81ztc-monfeh8pq5n02c"", ""https://down-vn.img.susercontent.com/file/vn-11134207-81ztc-monfehdbfril64""]","[""OFFICIAL_SHOP""]","[""vn-11134258-7r98o-lyb3kdam2qw17d""]",13VCX+Shopeedebut[26.6-9.7.2026],vn-11134258-81ztc-mpua4oxk2jnm0c,False,False,False,1779367047,848700,1260000,1085000,33,475828320813188,237GIAM500K2,186300,1782925200,1783097940,1000000,20.0,19.0,5.0,8,"[0, 0, 0, 0, 8]","[""Mua để nhận quà""]",BOOST,3150064.0,100629,"[100629, 100652, 100838, 101596]",14,,"[""""]"
Shopee,,vn,2026-07-03,1145316676,nestlehealthscience,Nestlé Health Science,Thành phố Hà Nội,26670140794,[Quà tặng không bán] Quạt kẹp mini NUTREN JUNIOR,https://shopee.vn/product/1145316676/26670140794,https://down-vn.img.susercontent.com/file/vn-11134201-7ra0g-m9r16sex74hu7b,"[""https://down-vn.img.susercontent.com/file/vn-11134201-7ra0g-m9r16sex74hu7b"", ""https://down-vn.img.susercontent.com/file/vn-11134201-7ra0g-m9r16slkxc0q7f"", ""https://down-vn.img.susercontent.com/file/vn-11134201-7ra0g-m9r16sn8uwbe9e""]","[""OFFICIAL_SHOP""]","[""vn-11134258-7r98o-lyb3kdam2qw17d""]",30VCX[26.6-9.7.2026],vn-11134258-81ztc-mpuan4n576yqc2,False,False,False,1733729100,381800,500000,500000,24,0,237GIAM90K2,78200,1782925200,1783097940,250000,692.0,116.0,4.879518072289157,83,"[2, 0, 1, 0, 80]",[],,,100013,"[100013, 100075, 100277]",2,,"[""""]"
Shopee,,vn,2026-07-03,1145316676,nestlehealthscience,Nestlé Health Science,Thành phố Hồ Chí Minh,29727782756,[Quà tặng không bán] Xe Chòi,https://shopee.vn/product/1145316676/29727782756,https://down-vn.img.susercontent.com/file/vn-11134201-7ra0g-m9r162z0fehm58,"[""https://down-vn.img.susercontent.com/file/vn-11134201-7ra0g-m9r162z0fehm58"", ""https://down-vn.img.susercontent.com/file/vn-11134201-7ra0g-m9r1637m2tf218"", ""https://down-vn.img.susercontent.com/file/vn-11134201-7ra0g-m9r1636i4h8kf7"", ""https://down-vn.img.susercontent.com/file/vn-11134201-7ra0g-m9r1637w2esuc1""]","[""OFFICIAL_SHOP""]","[""vn-11134258-7r98o-lyb3kdam2qw17d""]",30VCX[26.6-9.7.2026],vn-11134258-81ztc-mpuan4n576yqc2,False,False,False,1740666287,381800,500000,500000,24,0,237GIAM90K2,78200,1782925200,1783097940,250000,38.0,,5.0,5,"[0, 0, 0, 0, 5]",[],,,100632,"[100632, 100684, 101011, 101724]",0,,"[""""]"
Shopee,,vn,2026-07-03,1145316676,nestlehealthscience,Nestlé Health Science,Thành phố Hồ Chí Minh,40072569026,[Qùa tặng không bán]Túi Tote màu xanh lá (túi ếch) mới,https://shopee.vn/product/1145316676/40072569026,https://down-vn.img.susercontent.com/file/vn-11134207-820l4-mfazn02tt4ax57,"[""https://down-vn.img.susercontent.com/file/vn-11134207-820l4-mfazn02tt4ax57"", ""https://down-vn.img.susercontent.com/file/vn-11134207-820l4-mfazn02sfyfeaf"", ""https://down-vn.img.susercontent.com/file/vn-11134207-820l4-mfazn5piyk21b1""]","[""OFFICIAL_SHOP""]","[""vn-11134258-7r98o-lyb3kdam2qw17d""]",30VCX[26.6-9.7.2026],vn-11134258-81ztc-mpuan4n576yqc2,False,False,False,1759312270,377200,500000,500000,25,0,FA250K0207,82800,1782925200,1783357140,300000,3000.0,1000.0,4.902578796561604,349,"[3, 2, 6, 4, 334]",[],Nestle,2563581.0,100016,"[100016, 100093]",8,,"[""""]"
Shopee,,vn,2026-07-03,1145316676,nestlehealthscience,Nestlé Health Science,Thành phố Hà Nội,28611884248,Bộ 2 Sữa Bột NESTLÉ NUTREN JUNIOR Thụy Sĩ Với Công Thức BIG Hỗ Trợ Tăng Trưởng Cho Bé 400G,https://shopee.vn/product/1145316676/28611884248,https://down-vn.img.susercontent.com/file/sg-11134201-825ar-mq3tsbkizev6b8,"[""https://down-vn.img.susercontent.com/file/sg-11134201-825ar-mq3tsbkizev6b8"", ""https://down-vn.img.susercontent.com/file/vn-11134207-820l4-mi2ww7h89ddy81"", ""https://down-vn.img.susercontent.com/file/vn-11134207-820l4-mi2ww78qs9abae"", ""https://down-vn.img.susercontent.com/file/vn-11134207-820l4-mi2ww7hiisqq32"", ""https://down-vn.img.susercontent.com/file/vn-11134207-820l4-mi2ww794vcapbe"", ""https://down-vn.img.susercontent.com/file/vn-11134207-820l4-mi2ww795ughy4a"", ""https://down-vn.img.susercontent.com/file/vn-11134207-820l4-mi2ww7dhg9a827"", ""https://down-vn.img.susercontent.com/file/vn-11134207-820l4-mi2ww7b5zojoa4"", ""https://down-vn.img.susercontent.com/file/vn-11134207-820l4-mi2ww7e66tc695""]","[""OFFICIAL_SHOP""]","[""vn-11134258-7r98o-lyb3kdam2qw17d""]",30VCX[26.6-9.7.2026],vn-11134258-81ztc-mpuan4n576yqc2,False,False,False,1726808916,693050,1140000,932000,39,475828320813188,37GIAM250K2,141950,1783011600,1783097940,800000,191.0,111.0,4.833333333333333,12,"[0, 0, 0, 2, 10]","[""Mua để nhận quà""]",Nestle,2563581.0,100632,"[100632, 100681, 100991]",107,,"[""""]"
Shopee,,vn,2026-07-03,1145316676,nestlehealthscience,Nestlé Health Science,Thành phố Hà Nội,51407984307,"Bộ 3 Sữa Bột NESTLÉ PEPTAMEN Thụy Sĩ Hỗ Trợ Người Kém Hấp Thu,Giảm Chức Năng Tiêu Hóa 400G",https://shopee.vn/product/1145316676/51407984307,https://down-vn.img.susercontent.com/file/sg-11134201-8258h-mq3tsbwj17nmd4,"[""https://down-vn.img.susercontent.com/file/sg-11134201-8258h-mq3tsbwj17nmd4"", ""https://down-vn.img.susercontent.com/file/vn-11134207-81ztc-mmk8915srx1ke6"", ""https://down-vn.img.susercontent.com/file/vn-11134207-81ztc-mmh0u93vu8770b"", ""https://down-vn.img.susercontent.com/file/vn-11134207-81ztc-mmh0u941oxdxa9"", ""https://down-vn.img.susercontent.com/file/vn-11134207-81ztc-mmh0u941rqit92"", ""https://down-vn.img.susercontent.com/file/vn-11134207-81ztc-mmh0u941qbyd27"", ""https://down-vn.img.susercontent.com/file/vn-11134207-81ztc-mmh0u940n01t42"", ""https://down-vn.img.susercontent.com/file/vn-11134207-81ztc-mmh0u96sye4h94"", ""https://down-vn.img.susercontent.com/file/vn-11134207-81ztc-mmh0u94ehnnzac""]","[""OFFICIAL_SHOP""]","[""vn-11134258-7r98o-lyb3kdam2qw17d""]",30VCX[26.6-9.7.2026],vn-11134258-81ztc-mpuan4n576yqc2,False,False,False,1774932112,1730200,2490000,2160000,31,475828320813188,37GIAM1000K2,379800,1783011600,1783097940,1500000,263.0,131.0,4.911111111111111,45,"[0, 0, 2, 0, 43]","[""Mua để nhận quà""]",Peptamen,1146890.0,100629,"[100629, 100652, 100838, 101596]",20,,"[""""]"
Shopee,,vn,2026-07-03,1145316676,nestlehealthscience,Nestlé Health Science,Thành phố Hà Nội,53358041887,"Bộ 2 Sữa Dinh Dưỡng Y Học NESTLÉ ORAL IMPACT Đức Cho Người Ung Thư,Phẫu Thuật 5 Gói x 74G",https://shopee.vn/product/1145316676/53358041887,https://down-vn.img.susercontent.com/file/sg-11134201-8259v-mq3tsbkoohse12,"[""https://down-vn.img.susercontent.com/file/sg-11134201-8259v-mq3tsbkoohse12"", ""https://down-vn.img.susercontent.com/file/vn-11134207-81ztc-mmid9jouy5tx13"", ""https://down-vn.img.susercontent.com/file/vn-11134207-81ztc-mmid9joyrthg26"", ""https://down-vn.img.susercontent.com/file/vn-11134207-81ztc-mmid9jp824n70a"", ""https://down-vn.img.susercontent.com/file/vn-11134207-81ztc-mmid9joyt81w6d"", ""https://down-vn.img.susercontent.com/file/vn-11134207-81ztc-mmid9joy14oz9a"", ""https://down-vn.img.susercontent.com/file/vn-11134207-81ztc-mmid9jou39c6c6"", ""https://down-vn.img.susercontent.com/file/vn-11134207-81ztc-mmid9jouwr9h9b""]","[""OFFICIAL_SHOP""]","[""vn-11134258-7r98o-lyb3kdam2qw17d""]",30VCX[26.6-9.7.2026],vn-11134258-81ztc-mpuan4n576yqc2,False,False,False,1775013526,1053700,1500000,1335000,30,475828320813188,237GIAM500K2,231300,1782925200,1783097940,1000000,75.0,33.0,4.5,10,"[1, 0, 0, 1, 8]","[""Mua để nhận quà""]",Nestle,2563581.0,100629,"[100629, 100652, 100838, 101596]",19,,"[""""]"
Shopee,,vn,2026-07-03,1145316676,nestlehealthscience,Nestlé Health Science,Thành phố Hà Nội,25064692961,[Quà tặng không bán] Bộ mền gối chim cánh cụt,https://shopee.vn/product/1145316676/25064692961,https://down-vn.img.susercontent.com/file/vn-11134201-7ra0g-m9r178ntf5nye3,"[""https://down-vn.img.susercontent.com/file/vn-11134201-7ra0g-m9r178ntf5nye3"", ""https://down-vn.img.susercontent.com/file/vn-11134201-7ra0g-m9r178vb48ck94"", ""https://down-vn.img.susercontent.com/file/vn-11134201-7ra0g-m9r178xt0jfy56""]","[""OFFICIAL_SHOP""]","[""vn-11134258-7r98o-lyb3kdam2qw17d""]",30VCX[26.6-9.7.2026],vn-11134258-81ztc-mpuan4n576yqc2,False,False,False,1708610586,381800,500000,500000,24,0,237GIAM90K2,78200,1782925200,1783097940,250000,222.0,100.0,4.921052631578948,38,"[0, 0, 1, 1, 36]",[],,,100632,"[100632, 100679, 100981, 101707]",0,,"[""""]"
Shopee,,vn,2026-07-03,1145316676,nestlehealthscience,Nestlé Health Science,Thành phố Hà Nội,27486407238,[Quà tặng không bán] Nón bảo hiểm (mẫu ngẫu nhiên),https://shopee.vn/product/1145316676/27486407238,https://down-vn.img.susercontent.com/file/vn-11134201-7ra0g-m9r16k4dbz3i82,"[""https://down-vn.img.susercontent.com/file/vn-11134201-7ra0g-m9r16k4dbz3i82"", ""https://down-vn.img.susercontent.com/file/vn-11134207-820l4-mizhzyzarbbaea"", ""https://down-vn.img.susercontent.com/file/vn-11134207-820l4-mizhzxahpgci28""]","[""OFFICIAL_SHOP""]","[""vn-11134258-7r98o-lyb3kdam2qw17d""]",30VCX[26.6-9.7.2026],vn-11134258-81ztc-mpuan4n576yqc2,False,False,False,1746762177,381800,500000,500000,24,0,237GIAM90K2,78200,1782925200,1783097940,250000,456.0,,4.736263736263736,91,"[4, 1, 1, 3, 82]",[],Nestle,2563581.0,100632,"[100632, 100674, 100949]",0,,"[""""]"
Shopee,,vn,2026-07-03,1145316676,nestlehealthscience,Nestlé Health Science,Thành phố Hà Nội,28944224686,Bộ 4 Lốc 4 Hộp Sữa Pha Sẵn NESTLÉ NUTREN JUNIOR Thụy Sĩ Công Thức BIG Tăng Trưởng 110ML,https://shopee.vn/product/1145316676/28944224686,https://down-vn.img.susercontent.com/file/sg-11134201-8259x-mq3tsbi3mbr402,"[""https://down-vn.img.susercontent.com/file/sg-11134201-8259x-mq3tsbi3mbr402"", ""https://down-vn.img.susercontent.com/file/vn-11134207-81ztc-mklufymaqdc3d2"", ""https://down-vn.img.susercontent.com/file/vn-11134207-81ztc-mklufymiavie9b"", ""https://down-vn.img.susercontent.com/file/vn-11134207-81ztc-mklufymgz478ce"", ""https://down-vn.img.susercontent.com/file/vn-11134207-81ztc-mklufyminimde0"", ""https://down-vn.img.susercontent.com/file/vn-11134207-81ztc-mklufymhsm4n48"", ""https://down-vn.img.susercontent.com/file/vn-11134207-81ztc-mklufymiox6tfb""]","[""OFFICIAL_SHOP""]","[""vn-11134258-7r98o-lyb3kdam2qw17d""]",30VCX[26.6-9.7.2026],vn-11134258-81ztc-mpuan4n576yqc2,False,False,False,1770865692,241297,412800,316000,42,475828320813188,237GIAM90K2,49423,1782925200,1783097940,250000,879.0,794.0,5.0,8,"[0, 0, 0, 0, 8]","[""2??.??3₫ 5.7 lúc 00:00 Th07 5"", ""Mua để nhận quà""]",Nutren Junior,1146828.0,100632,"[100632, 100681, 100991]",7,,"[""""]"
Shopee,,vn,2026-07-03,1145316676,nestlehealthscience,Nestlé Health Science,Thành phố Hà Nội,56701308093,"Bộ 2 Sữa Bột NESTLÉ PEPTAMEN Thụy Sĩ Hỗ Trợ Người Kém Hấp Thu,Giảm Chức Năng Tiêu Hóa 400G",https://shopee.vn/product/1145316676/56701308093,https://down-vn.img.susercontent.com/file/sg-11134201-8258g-mq3tsco26j2a0c,"[""https://down-vn.img.susercontent.com/file/sg-11134201-8258g-mq3tsco26j2a0c"", ""https://down-vn.img.susercontent.com/file/vn-11134207-820l4-mi2wsy0xa03se4"", ""https://down-vn.img.susercontent.com/file/vn-11134207-820l4-mi2wsy6tnl6s7c"", ""https://down-vn.img.susercontent.com/file/vn-11134207-820l4-mi2wsy80m4g6bf"", ""https://down-vn.img.susercontent.com/file/vn-11134207-820l4-mi2wsy5gnbwid1"", ""https://down-vn.img.susercontent.com/file/vn-11134207-820l4-mi2wsy0zrwg4d0"", ""https://down-vn.img.susercontent.com/file/vn-11134207-820l4-mi2wsy0zqhvo08"", ""https://down-vn.img.susercontent.com/file/vn-11134207-820l4-mi2wsy1h3kld2d"", ""https://down-vn.img.susercontent.com/file/vn-11134207-820l4-mi2wsy1halfs42""]","[""OFFICIAL_SHOP""]","[""vn-11134258-7r98o-lyb3kdam2qw17d""]",30VCX[26.6-9.7.2026],vn-11134258-81ztc-mpuan4n576yqc2,False,False,False,1763028895,1164400,1660000,1470000,30,475828320813188,237GIAM500K2,255600,1782925200,1783097940,1000000,667.0,103.0,4.861386138613861,101,"[2, 1, 0, 3, 95]","[""Mua để nhận quà""]",Peptamen,1146890.0,100629,"[100629, 100652, 100838, 101596]",107,,"[""""]"
Shopee,,vn,2026-07-03,1145316676,nestlehealthscience,Nestlé Health Science,Thành phố Hà Nội,49354539673,Bộ 6 Lốc 4 Hộp Sữa Pha Sẵn NESTLÉ NUTREN JUNIOR Thụy Sĩ Công Thức BIG Tăng Trưởng 180ML,https://shopee.vn/product/1145316676/49354539673,https://down-vn.img.susercontent.com/file/sg-11134201-8257w-mq3tsbisa2of75,"[""https://down-vn.img.susercontent.com/file/sg-11134201-8257w-mq3tsbisa2of75"", ""https://down-vn.img.susercontent.com/file/vn-11134207-820l4-mje15cluq8ljf2"", ""https://down-vn.img.susercontent.com/file/vn-11134207-820l4-mje16owrlssg55"", ""https://down-vn.img.susercontent.com/file/vn-11134207-820l4-mje16oxtlxxibc"", ""https://down-vn.img.susercontent.com/file/vn-11134207-820l4-mje16oyl5mv63d"", ""https://down-vn.img.susercontent.com/file/vn-11134207-820l4-mje15cncqakl1a"", ""https://down-vn.img.susercontent.com/file/vn-11134207-820l4-mje15cv3o8htb8""]","[""OFFICIAL_SHOP""]","[""vn-11134258-7r98o-lyb3kdam2qw17d""]",30VCX[26.6-9.7.2026],vn-11134258-81ztc-mpuan4n576yqc2,False,False,False,1768213598,539500,900000,700000,40,475828320813188,237GIAM350K2,110500,1782925200,1783097940,600000,65.0,43.0,5.0,6,"[0, 0, 0, 0, 6]","[""Mua để nhận quà""]",Nutren Junior,1146828.0,100632,"[100632, 100681, 100991]",13,,"[""""]"
Shopee,,vn,2026-07-03,1145316676,nestlehealthscience,Nestlé Health Science,Thành phố Hà Nội,47260940318,[MỚI] Sữa Bột NESTLÉ BOOST GLUCOSE CONTROL Đức Bổ Sung Dinh Dưỡng Người Tiểu Đường 400G,https://shopee.vn/product/1145316676/47260940318,https://down-vn.img.susercontent.com/file/sg-11134201-825bd-mq3tsc8336ry60,"[""https://down-vn.img.susercontent.com/file/sg-11134201-825bd-mq3tsc8336ry60"", ""https://down-vn.img.susercontent.com/file/vn-11134207-81ztc-moxsu3vtee4ue4"", ""https://down-vn.img.susercontent.com/file/vn-11134207-81ztc-moxtd0bzhts17e"", ""https://down-vn.img.susercontent.com/file/vn-11134207-81ztc-moxshqxu4f7kc4"", ""https://down-vn.img.susercontent.com/file/vn-11134207-81ztc-monfehezokcta9"", ""https://down-vn.img.susercontent.com/file/vn-11134207-81ztc-moxu293j9xcb23"", ""https://down-vn.img.susercontent.com/file/vn-11134207-81ztc-monfehiyj1fy5d"", ""https://down-vn.img.susercontent.com/file/vn-11134207-81ztc-monfeh8pq5n02c"", ""https://down-vn.img.susercontent.com/file/vn-11134207-81ztc-monfehdbfril64""]","[""OFFICIAL_SHOP""]","[""vn-11134258-7r98o-lyb3kdam2qw17d""]",13VCX+Shopeedebut[26.6-9.7.2026],vn-11134258-81ztc-mpua4oxk2jnm0c,False,False,False,1779366939,408526,630000,535000,35,475828320813188,237GIAM90K2,83674,1782925200,1783097940,250000,784.0,780.0,4.974683544303797,79,"[0, 0, 0, 2, 77]","[""Mua để nhận quà""]",BOOST,3150064.0,100629,"[100629, 100652, 100838, 101596]",24,,"[""""]"
Shopee,,vn,2026-07-03,1145316676,nestlehealthscience,Nestlé Health Science,Thành phố Hà Nội,27127785457,[Quà tặng không bán] Vĩ nướng kèm nồi lẩu,https://shopee.vn/product/1145316676/27127785457,https://down-vn.img.susercontent.com/file/vn-11134201-7ra0g-m9r16nkoa45e32,"[""https://down-vn.img.susercontent.com/file/vn-11134201-7ra0g-m9r16nkoa45e32"", ""https://down-vn.img.susercontent.com/file/vn-11134201-7ra0g-m9r16ntjx2su12"", ""https://down-vn.img.susercontent.com/file/vn-11134201-7ra0g-m9r16nsfyp9q6f"", ""https://down-vn.img.susercontent.com/file/vn-11134201-7ra0g-m9r16nudvwjm66"", ""https://down-vn.img.susercontent.com/file/vn-11134201-7ra0g-m9r16nu3wax074""]","[""OFFICIAL_SHOP""]","[""vn-11134258-7r98o-lyb3kdam2qw17d""]",30VCX[26.6-9.7.2026],vn-11134258-81ztc-mpuan4n576yqc2,False,False,False,1740666936,381800,500000,500000,24,0,237GIAM90K2,78200,1782925200,1783097940,250000,33.0,1.0,5.0,7,"[0, 0, 0, 0, 7]",[],Nestle,2563581.0,100632,"[100632, 100685]",0,,"[""""]"
Shopee,,vn,2026-07-03,1145316676,nestlehealthscience,Nestlé Health Science,Thành phố Hà Nội,25584202984,[Quà tặng không bán] Set đồ gấp gọn kèm khăn,https://shopee.vn/product/1145316676/25584202984,https://down-vn.img.susercontent.com/file/vn-11134201-7ra0g-m9r173rclfuqd1,"[""https://down-vn.img.susercontent.com/file/vn-11134201-7ra0g-m9r173rclfuqd1"", ""https://down-vn.img.susercontent.com/file/vn-11134201-7ra0g-m9r173wmf4g4ae"", ""https://down-vn.img.susercontent.com/file/vn-11134201-7ra0g-m9r173xgdwlg12""]","[""OFFICIAL_SHOP""]","[""vn-11134258-7r98o-lyb3kdam2qw17d""]",30VCX[26.6-9.7.2026],vn-11134258-81ztc-mpuan4n576yqc2,False,False,False,1722441379,381800,500000,500000,24,0,237GIAM90K2,78200,1782925200,1783097940,250000,405.0,236.0,4.888888888888889,81,"[1, 1, 0, 2, 77]",[],Nestle,2563581.0,100638,"[100638, 100730, 101331]",1,,"[""""]"
Shopee,,vn,2026-07-03,1145316676,nestlehealthscience,Nestlé Health Science,Thành phố Hà Nội,53306094941,Bộ 2 Lốc 4 Hộp Sữa Pha Sẵn NESTLÉ NUTREN JUNIOR Thụy Sĩ Công Thức BIG Tăng Trưởng 110ML,https://shopee.vn/product/1145316676/53306094941,https://down-vn.img.susercontent.com/file/sg-11134201-825an-mq3tsbgmimfh1f,"[""https://down-vn.img.susercontent.com/file/sg-11134201-825an-mq3tsbgmimfh1f"", ""https://down-vn.img.susercontent.com/file/vn-11134207-81ztc-mklufymaqdc3d2"", ""https://down-vn.img.susercontent.com/file/vn-11134207-81ztc-mklufymiavie9b"", ""https://down-vn.img.susercontent.com/file/vn-11134207-81ztc-mklufymgz478ce"", ""https://down-vn.img.susercontent.com/file/vn-11134207-81ztc-mklufyminimde0"", ""https://down-vn.img.susercontent.com/file/vn-11134207-81ztc-mklufymhsm4n48"", ""https://down-vn.img.susercontent.com/file/vn-11134207-81ztc-mklufymiox6tfb""]","[""OFFICIAL_SHOP""]","[""vn-11134258-7r98o-lyb3kdam2qw17d""]",30VCX[26.6-9.7.2026],vn-11134258-81ztc-mpuan4n576yqc2,False,False,False,1770865577,130824,206400,158000,37,475828320813188,VCXDPBLC0703,14536,1783011600,1783357140,50000,139.0,45.0,4.928571428571429,14,"[0, 0, 0, 1, 13]","[""1??.??4₫ 5.7 lúc 00:00 Th07 5"", ""Mua để nhận quà""]",Nutren Junior,1146828.0,100632,"[100632, 100681, 100991]",8,,"[""""]"
Shopee,,vn,2026-07-03,1145316676,nestlehealthscience,Nestlé Health Science,Thành phố Hà Nội,54858041814,"Bộ 3 Sữa Dinh Dưỡng Y Học NESTLÉ ORAL IMPACT Đức Cho Người Ung Thư,Phẫu Thuật 5 Gói x 74G",https://shopee.vn/product/1145316676/54858041814,https://down-vn.img.susercontent.com/file/sg-11134201-8259k-mq3tsbx0jwngca,"[""https://down-vn.img.susercontent.com/file/sg-11134201-8259k-mq3tsbx0jwngca"", ""https://down-vn.img.susercontent.com/file/vn-11134207-81ztc-mmid9jouy5tx13"", ""https://down-vn.img.susercontent.com/file/vn-11134207-81ztc-mmid9joyrthg26"", ""https://down-vn.img.susercontent.com/file/vn-11134207-81ztc-mmid9jp824n70a"", ""https://down-vn.img.susercontent.com/file/vn-11134207-81ztc-mmid9joyt81w6d"", ""https://down-vn.img.susercontent.com/file/vn-11134207-81ztc-mmid9joy14oz9a"", ""https://down-vn.img.susercontent.com/file/vn-11134207-81ztc-mmid9jou39c6c6"", ""https://down-vn.img.susercontent.com/file/vn-11134207-81ztc-mmid9jouwr9h9b""]","[""OFFICIAL_SHOP""]","[""vn-11134258-7r98o-lyb3kdam2qw17d""]",30VCX[26.6-9.7.2026],vn-11134258-81ztc-mpuan4n576yqc2,False,False,False,1775013580,1576450,2250000,1972500,30,475828320813188,37GIAM1000K2,346050,1783011600,1783097940,1500000,95.0,48.0,5.0,11,"[0, 0, 0, 0, 11]","[""Mua để nhận quà""]",Nestle,2563581.0,100629,"[100629, 100652, 100838, 101596]",17,,"[""""]"
Shopee,,vn,2026-07-03,1145316676,nestlehealthscience,Nestlé Health Science,Thành phố Hồ Chí Minh,25014692248,[Quà tặng không bán] Khăn choàng tắm bé con voi,https://shopee.vn/product/1145316676/25014692248,https://down-vn.img.susercontent.com/file/vn-11134201-7ra0g-m9r178ijmvbu8a,"[""https://down-vn.img.susercontent.com/file/vn-11134201-7ra0g-m9r178ijmvbu8a"", ""https://down-vn.img.susercontent.com/file/vn-11134201-7ra0g-m9r178rf9vkq36"", ""https://down-vn.img.susercontent.com/file/vn-11134201-7ra0g-m9r178oxdksief"", ""https://down-vn.img.susercontent.com/file/vn-11134201-7ra0g-m9r178rf9vn2ed"", ""https://down-vn.img.susercontent.com/file/vn-11134201-7ra0g-m9r178p7d4ii38"", ""https://down-vn.img.susercontent.com/file/vn-11134201-7ra0g-m9r178s98pdue8"", ""https://down-vn.img.susercontent.com/file/vn-11134201-7ra0g-m9r178p7ej2y0d""]","[""OFFICIAL_SHOP""]","[""vn-11134258-7r98o-lyb3kdam2qw17d""]",30VCX[26.6-9.7.2026],vn-11134258-81ztc-mpuan4n576yqc2,False,False,False,1708610293,381800,500000,500000,24,10000010610,237GIAM90K2,78200,1782925200,1783097940,250000,836.0,14.0,4.8478260869565215,138,"[2, 3, 1, 2, 130]",[],Nestle,2563581.0,100632,"[100632, 100678, 100969]",1,,"[""""]"
Shopee,,vn,2026-07-03,1145316676,nestlehealthscience,Nestlé Health Science,Thành phố Hà Nội,56502619005,Bộ 2 Thùng 24 Hộp Sữa Pha Sẵn NESTLÉ NUTREN JUNIOR Thụy Sĩ Công Thức BIG Tăng Trưởng 180ML,https://shopee.vn/product/1145316676/56502619005,https://down-vn.img.susercontent.com/file/sg-11134201-825ao-mq3tsc9azfnw95,"[""https://down-vn.img.susercontent.com/file/sg-11134201-825ao-mq3tsc9azfnw95"", ""https://down-vn.img.susercontent.com/file/sg-11134201-822yz-mic2nw0nglj492"", ""https://down-vn.img.susercontent.com/file/vn-11134207-820l4-mi2ttplu2mfa10"", ""https://down-vn.img.susercontent.com/file/vn-11134207-820l4-mi2tzmrovkzl55"", ""https://down-vn.img.susercontent.com/file/vn-11134207-820l4-mi2tzmssy6814d"", ""https://down-vn.img.susercontent.com/file/vn-11134207-820l4-mi2tzn3yztvk52"", ""https://down-vn.img.susercontent.com/file/vn-11134207-820l4-mi2twbbaz30i3f"", ""https://down-vn.img.susercontent.com/file/vn-11134207-820l4-mi2ttpmzpedje3""]","[""OFFICIAL_SHOP""]","[""vn-11134258-7r98o-lyb3kdam2qw17d""]",30VCX[26.6-9.7.2026],vn-11134258-81ztc-mpuan4n576yqc2,False,False,False,1764907381,1107000,2130000,1400000,48,475828320813188,237GIAM500K2,243000,1782925200,1783097940,1000000,1000.0,170.0,4.97093023255814,172,"[0, 1, 0, 2, 169]","[""Mua để nhận quà""]",Nutren Junior,1146828.0,100632,"[100632, 100681, 100991]",163,,"[""""]"
Shopee,,vn,2026-07-03,1145316676,nestlehealthscience,Nestlé Health Science,Thành phố Hồ Chí Minh,25414693248,[Quà tặng không bán] Thùng đồ đa năng,https://shopee.vn/product/1145316676/25414693248,https://down-vn.img.susercontent.com/file/vn-11134201-7ra0g-m9r175jpz71q90,"[""https://down-vn.img.susercontent.com/file/vn-11134201-7ra0g-m9r175jpz71q90"", ""https://down-vn.img.susercontent.com/file/vn-11134201-7ra0g-m9r175q3pw787b"", ""https://down-vn.img.susercontent.com/file/vn-11134201-7ra0g-m9r175q3puum16"", ""https://down-vn.img.susercontent.com/file/vn-11134201-7ra0g-m9r175ptq9eie1"", ""https://down-vn.img.susercontent.com/file/vn-11134201-7ra0g-m9r175vxhbvy1f"", ""https://down-vn.img.susercontent.com/file/vn-11134201-7ra0g-m9r175vdi522f1"", ""https://down-vn.img.susercontent.com/file/vn-11134201-7ra0g-m9r175pjqpfo6a""]","[""OFFICIAL_SHOP""]","[""vn-11134258-7r98o-lyb3kdam2qw17d""]",30VCX[26.6-9.7.2026],vn-11134258-81ztc-mpuan4n576yqc2,False,False,False,1708610998,381800,500000,500000,24,0,237GIAM90K2,78200,1782925200,1783097940,250000,131.0,91.0,4.9375,16,"[0, 0, 0, 1, 15]",[],Nestle,2563581.0,100632,"[100632, 100684, 101015]",0,,"[""""]"
Shopee,,vn,2026-07-03,1145316676,nestlehealthscience,Nestlé Health Science,Thành phố Hà Nội,25264697963,[Quà tặng không bán] Balo con cọp,https://shopee.vn/product/1145316676/25264697963,https://down-vn.img.susercontent.com/file/vn-11134201-7ra0g-m9r176j8j9mqbf,"[""https://down-vn.img.susercontent.com/file/vn-11134201-7ra0g-m9r176j8j9mqbf"", ""https://down-vn.img.susercontent.com/file/vn-11134201-7ra0g-m9r176uw3koeb5"", ""https://down-vn.img.susercontent.com/file/vn-11134201-7ra0g-m9r176r09ao4d7""]","[""OFFICIAL_SHOP""]","[""vn-11134258-7r98o-lyb3kdam2qw17d""]",30VCX[26.6-9.7.2026],vn-11134258-81ztc-mpuan4n576yqc2,False,False,False,1708610896,377200,500000,500000,25,10000010610,FA250K0207,82800,1782925200,1783357140,300000,137.0,10.0,4.8125,16,"[0, 0, 1, 1, 14]",[],,,100633,"[100633, 100689, 101026, 101744]",0,,"[""""]"
Shopee,,vn,2026-07-03,1145316676,nestlehealthscience,Nestlé Health Science,Thành phố Hà Nội,46857620541,Bộ 2 Sữa Bột NESTLÉ BOOST OPTIMUM Singapore Bổ Sung Dinh Dưỡng Cho Người Lớn Tuổi 400G,https://shopee.vn/product/1145316676/46857620541,https://down-vn.img.susercontent.com/file/sg-11134201-8258h-mq3tsc8pu2a5ec,"[""https://down-vn.img.susercontent.com/file/sg-11134201-8258h-mq3tsc8pu2a5ec"", ""https://down-vn.img.susercontent.com/file/vn-11134207-81ztc-mm71bte5tybl45"", ""https://down-vn.img.susercontent.com/file/vn-11134207-81ztc-mm71bteazdan4a"", ""https://down-vn.img.susercontent.com/file/vn-11134207-81ztc-mm71bte2eccgc8"", ""https://down-vn.img.susercontent.com/file/vn-11134207-81ztc-mm71bte2h5hc3a"", ""https://down-vn.img.susercontent.com/file/vn-11134207-81ztc-mm71bte58vsya7"", ""https://down-vn.img.susercontent.com/file/vn-11134207-81ztc-mm71bte2cxs0a2"", ""https://down-vn.img.susercontent.com/file/vn-11134207-81ztc-mm71bte2fqwwd1""]","[""OFFICIAL_SHOP""]","[""vn-11134258-7r98o-lyb3kdam2qw17d""]",30VCX[26.6-9.7.2026],vn-11134258-81ztc-mpuan4n576yqc2,False,False,False,1774327602,614200,960000,790000,36,475828320813188,237GIAM350K2,125800,1782925200,1783097940,600000,135.0,69.0,5.0,16,"[0, 0, 0, 0, 16]","[""Mua để nhận quà""]",BOOST,3150064.0,100629,"[100629, 100652, 100838, 101596]",33,,"[""""]"
Shopee,,vn,2026-07-03,1145316676,nestlehealthscience,Nestlé Health Science,Thành phố Hà Nội,56654032383,[Quà tặng không bán] Lều du lịch cho bé,https://shopee.vn/product/1145316676/56654032383,https://down-vn.img.susercontent.com/file/sg-11134201-824hv-mpxs90vb1erwfe,"[""https://down-vn.img.susercontent.com/file/sg-11134201-824hv-mpxs90vb1erwfe"", ""https://down-vn.img.susercontent.com/file/vn-11134207-820l4-mizhzxahpgci28"", ""https://down-vn.img.susercontent.com/file/vn-11134207-820l4-mizhzyzarbbaea""]","[""OFFICIAL_SHOP""]","[""vn-11134258-7r98o-lyb3kdam2qw17d""]",30VCX[26.6-9.7.2026],vn-11134258-81ztc-mpuan4n576yqc2,False,False,False,1767333893,381800,500000,500000,24,0,237GIAM90K2,78200,1782925200,1783097940,250000,217.0,32.0,4.892857142857143,28,"[0, 1, 0, 0, 27]",[],Nutren Junior,1146828.0,100632,"[100632, 100684, 101011, 101726]",5,,"[""""]"
Shopee,,vn,2026-07-03,1145316676,nestlehealthscience,Nestlé Health Science,Thành phố Hà Nội,24364698071,[Quà tặng không bán] Bộ đồ chơi xếp khối,https://shopee.vn/product/1145316676/24364698071,https://down-vn.img.susercontent.com/file/vn-11134201-7ra0g-m9r17f5fyoha5f,"[""https://down-vn.img.susercontent.com/file/vn-11134201-7ra0g-m9r17f5fyoha5f"", ""https://down-vn.img.susercontent.com/file/vn-11134201-7ra0g-m9r17fe1m4p0d6"", ""https://down-vn.img.susercontent.com/file/vn-11134201-7ra0g-m9r17fd7lwka36"", ""https://down-vn.img.susercontent.com/file/vn-11134201-7ra0g-m9r17fhxf02ied"", ""https://down-vn.img.susercontent.com/file/vn-11134201-7ra0g-m9r17fcxnpta8f"", ""https://down-vn.img.susercontent.com/file/vn-11134201-7ra0g-m9r17fdhli0e22"", ""https://down-vn.img.susercontent.com/file/vn-11134201-7ra0g-m9r17fcxp5z6cf"", ""https://down-vn.img.susercontent.com/file/vn-11134201-7ra0g-m9r17fd7lwmm29""]","[""OFFICIAL_SHOP""]","[""vn-11134258-7r98o-lyb3kdam2qw17d""]",30VCX[26.6-9.7.2026],vn-11134258-81ztc-mpuan4n576yqc2,False,False,False,1708610737,381800,500000,500000,24,0,237GIAM90K2,78200,1782925200,1783097940,250000,471.0,161.0,4.803921568627451,51,"[0, 2, 1, 2, 46]",[],Nestle,2563581.0,100632,"[100632, 100684, 101012, 101735]",0,,"[""""]"
Shopee,,vn,2026-07-03,1145316676,nestlehealthscience,Nestlé Health Science,Thành phố Hà Nội,24264694162,[Quà tặng không bán] Bộ Mền Gối Con Cua,https://shopee.vn/product/1145316676/24264694162,https://down-vn.img.susercontent.com/file/vn-11134201-7ra0g-m9r17g4yhawe50,"[""https://down-vn.img.susercontent.com/file/vn-11134201-7ra0g-m9r17g4yhawe50"", ""https://down-vn.img.susercontent.com/file/vn-11134201-7ra0g-m9r17gbw75eic0"", ""https://down-vn.img.susercontent.com/file/vn-11134201-7ra0g-m9r17gbc7ymy70"", ""https://down-vn.img.susercontent.com/file/vn-11134201-7ra0g-m9r17gc66sg2f6""]","[""OFFICIAL_SHOP""]","[""vn-11134258-7r98o-lyb3kdam2qw17d""]",30VCX[26.6-9.7.2026],vn-11134258-81ztc-mpuan4n576yqc2,False,False,False,1708611826,381800,500000,500000,24,0,237GIAM90K2,78200,1782925200,1783097940,250000,261.0,149.0,5.0,20,"[0, 0, 0, 0, 20]",[],,,100632,"[100632, 100679, 100981, 101707]",0,,"[""""]"
Shopee,,vn,2026-07-03,1145316676,nestlehealthscience,Nestlé Health Science,Thành phố Hồ Chí Minh,57710464097,[Quà tặng không bán] Thùng Đồ Chơi Có LEGO NESTLÉ,https://shopee.vn/product/1145316676/57710464097,https://down-vn.img.susercontent.com/file/vn-11134207-81ztc-mo7s0uvnqgarb9,"[""https://down-vn.img.susercontent.com/file/vn-11134207-81ztc-mo7s0uvnqgarb9"", ""https://down-vn.img.susercontent.com/file/vn-11134207-81ztc-mo7s0uuk4pvq80"", ""https://down-vn.img.susercontent.com/file/vn-11134207-81ztc-mo7s0uv4hybl86"", ""https://down-vn.img.susercontent.com/file/vn-11134207-81ztc-mo7s0uuectts7b"", ""https://down-vn.img.susercontent.com/file/vn-11134207-81ztc-mo7s0uuwnm6g6a""]","[""OFFICIAL_SHOP""]","[""vn-11134258-7r98o-lyb3kdam2qw17d""]",30VCX[26.6-9.7.2026],vn-11134258-81ztc-mpuan4n576yqc2,False,False,False,1778730959,381800,500000,500000,24,0,237GIAM90K2,78200,1782925200,1783097940,250000,79.0,78.0,5.0,8,"[0, 0, 0, 0, 8]",[],Nestle,2563581.0,100632,"[100632, 100684, 101011, 101729]",1,,"[""""]"
Shopee,,vn,2026-07-03,1145316676,nestlehealthscience,Nestlé Health Science,Thành phố Hà Nội,25164682529,[Quà tặng không bán] Túi đeo chéo máy bay,https://shopee.vn/product/1145316676/25164682529,https://down-vn.img.susercontent.com/file/vn-11134201-7ra0g-m9r177k519j652,"[""https://down-vn.img.susercontent.com/file/vn-11134201-7ra0g-m9r177k519j652"", ""https://down-vn.img.susercontent.com/file/vn-11134201-7ra0g-m9r177sgp1cq40"", ""https://down-vn.img.susercontent.com/file/vn-11134201-7ra0g-m9r177rmq99qfc""]","[""OFFICIAL_SHOP""]","[""vn-11134258-7r98o-lyb3kdam2qw17d""]",30VCX[26.6-9.7.2026],vn-11134258-81ztc-mpuan4n576yqc2,False,False,False,1708605045,377200,500000,500000,25,0,FA250K0207,82800,1782925200,1783357140,300000,445.0,12.0,4.948275862068965,58,"[0, 0, 0, 3, 55]",[],Nestle,2563581.0,100533,"[100533, 100570]",0,,"[""""]"
Shopee,,vn,2026-07-03,1145316676,nestlehealthscience,Nestlé Health Science,Thành phố Hà Nội,48808360600,Bộ 3 Sữa Bột NESTLÉ NUTREN JUNIOR Thụy Sĩ Với Công Thức BIG Hỗ Trợ Tăng Trưởng Cho Bé 800G+2 Lốc 4 hộp sữa pha sẵn 110ML,https://shopee.vn/product/1145316676/48808360600,https://down-vn.img.susercontent.com/file/sg-11134201-8258l-mq3tsc834lce5d,"[""https://down-vn.img.susercontent.com/file/sg-11134201-8258l-mq3tsc834lce5d"", ""https://down-vn.img.susercontent.com/file/vn-11134207-81ztc-mmu10ihnzugye1"", ""https://down-vn.img.susercontent.com/file/vn-11134207-81ztc-mmh103qynk793e"", ""https://down-vn.img.susercontent.com/file/vn-11134207-81ztc-mmh1030up7gld3"", ""https://down-vn.img.susercontent.com/file/vn-11134207-81ztc-mmh10363ml8j24"", ""https://down-vn.img.susercontent.com/file/vn-11134207-81ztc-mmh10434ham9c0"", ""https://down-vn.img.susercontent.com/file/vn-11134207-81ztc-mmlirpibd0r34f"", ""https://down-vn.img.susercontent.com/file/vn-11134207-81ztc-mmlirpidgveu7e"", ""https://down-vn.img.susercontent.com/file/vn-11134207-81ztc-mmlirpidgver11""]","[""OFFICIAL_SHOP""]","[""vn-11134258-7r98o-lyb3kdam2qw17d""]",13VCX+Shopeedebut[26.6-9.7.2026],vn-11134258-81ztc-mpua4oxk2jnm0c,False,False,False,1775548811,1748240,2864400,2360000,39,475828320813188,37GIAM1000K2,383760,1783011600,1783097940,1500000,50.0,21.0,5.0,6,"[0, 0, 0, 0, 6]","[""Mua để nhận quà""]",Nestle,2563581.0,100632,"[100632, 100681, 100991]",27,,"[""""]"
Shopee,,vn,2026-07-03,1145316676,nestlehealthscience,Nestlé Health Science,Thành phố Hà Nội,56109950507,Bộ 3 Sữa Bột NESTLÉ BOOST OPTIMUM Singapore Bổ Sung Dinh Dưỡng Cho Người Lớn Tuổi 800G,https://shopee.vn/product/1145316676/56109950507,https://down-vn.img.susercontent.com/file/sg-11134201-825at-mq3tsbxm8xz643,"[""https://down-vn.img.susercontent.com/file/sg-11134201-825at-mq3tsbxm8xz643"", ""https://down-vn.img.susercontent.com/file/vn-11134207-81ztc-mnuvtrfkurr850"", ""https://down-vn.img.susercontent.com/file/vn-11134207-81ztc-mnuvnq8sfapt1e"", ""https://down-vn.img.susercontent.com/file/vn-11134207-81ztc-mnuvnq8sgpa9af"", ""https://down-vn.img.susercontent.com/file/vn-11134207-81ztc-mnuvtrfccjy9fc"", ""https://down-vn.img.susercontent.com/file/vn-11134207-81ztc-mnuvtrfmdjwha5"", ""https://down-vn.img.susercontent.com/file/vn-11134207-81ztc-mnuvtrfeou14c2"", ""https://down-vn.img.susercontent.com/file/vn-11134207-81ztc-mnuvtrfenfgodb""]","[""OFFICIAL_SHOP""]","[""vn-11134258-7r98o-lyb3kdam2qw17d""]",30VCX[26.6-9.7.2026],vn-11134258-81ztc-mpuan4n576yqc2,False,False,False,1777950182,1849920,2850000,2350000,35,475828320813188,37GIAM1000K2,406080,1783011600,1783097940,1500000,45.0,36.0,4.666666666666667,9,"[0, 0, 1, 1, 7]","[""Mua để nhận quà""]",BOOST,3150064.0,100629,"[100629, 100652, 100838, 101596]",18,,"[""""]"
Shopee,,vn,2026-07-03,1145316676,nestlehealthscience,Nestlé Health Science,Thành phố Hà Nội,55004514688,Bộ 2 Lốc 4 Hộp Sữa Pha Sẵn NESTLÉ NUTREN JUNIOR Thụy Sĩ Công Thức BIG Tăng Trưởng 180ML,https://shopee.vn/product/1145316676/55004514688,https://down-vn.img.susercontent.com/file/sg-11134201-825b8-mq3tsbrma4n431,"[""https://down-vn.img.susercontent.com/file/sg-11134201-825b8-mq3tsbrma4n431"", ""https://down-vn.img.susercontent.com/file/vn-11134207-820l4-mje15cluq8ljf2"", ""https://down-vn.img.susercontent.com/file/vn-11134207-820l4-mje16owrlssg55"", ""https://down-vn.img.susercontent.com/file/vn-11134207-820l4-mje16oxtlxxibc"", ""https://down-vn.img.susercontent.com/file/vn-11134207-820l4-mje16oyl5mv63d"", ""https://down-vn.img.susercontent.com/file/vn-11134207-820l4-mje15cncqakl1a"", ""https://down-vn.img.susercontent.com/file/vn-11134207-820l4-mje15cv3o8htb8""]","[""OFFICIAL_SHOP""]","[""vn-11134258-7r98o-lyb3kdam2qw17d""]",30VCX[26.6-9.7.2026],vn-11134258-81ztc-mpuan4n576yqc2,False,False,False,1768213414,194304,300000,240000,35,475828320813188,VCXDPBL0703A,26496,1783011600,1783357140,150000,401.0,336.0,5.0,8,"[0, 0, 0, 0, 8]","[""Mua để nhận quà""]",Nutren Junior,1146828.0,100632,"[100632, 100681, 100991]",42,,"[""""]"
Shopee,,vn,2026-07-03,1145316676,nestlehealthscience,Nestlé Health Science,Thành phố Hà Nội,45654540269,Bộ 4 Lốc 4 Hộp Sữa Pha Sẵn NESTLÉ NUTREN JUNIOR Thụy Sĩ Công Thức BIG Tăng Trưởng 180ML,https://shopee.vn/product/1145316676/45654540269,https://down-vn.img.susercontent.com/file/sg-11134201-8259o-mq3tsbiwnfupfd,"[""https://down-vn.img.susercontent.com/file/sg-11134201-8259o-mq3tsbiwnfupfd"", ""https://down-vn.img.susercontent.com/file/vn-11134207-820l4-mje15cluq8ljf2"", ""https://down-vn.img.susercontent.com/file/vn-11134207-820l4-mje16owrlssg55"", ""https://down-vn.img.susercontent.com/file/vn-11134207-820l4-mje16oxtlxxibc"", ""https://down-vn.img.susercontent.com/file/vn-11134207-820l4-mje16oyl5mv63d"", ""https://down-vn.img.susercontent.com/file/vn-11134207-820l4-mje15cncqakl1a"", ""https://down-vn.img.susercontent.com/file/vn-11134207-820l4-mje15cv3o8htb8""]","[""OFFICIAL_SHOP""]","[""vn-11134258-7r98o-lyb3kdam2qw17d""]",30VCX[26.6-9.7.2026],vn-11134258-81ztc-mpuan4n576yqc2,False,False,False,1768213504,358892,600000,470000,40,475828320813188,237GIAM90K2,73508,1782925200,1783097940,250000,90.0,55.0,0.0,0,"[0, 0, 0, 0, 0]","[""Mua để nhận quà""]",Nutren Junior,1146828.0,100632,"[100632, 100681, 100991]",29,,"[""""]"
Shopee,,vn,2026-07-03,1145316676,nestlehealthscience,Nestlé Health Science,Thành phố Hà Nội,55708176377,Bộ 2 Sữa Bột NESTLÉ NUTREN JUNIOR Thụy Sĩ Với Công Thức BIG Hỗ Trợ Tăng Trưởng Cho Bé 800G+Lốc 4 hộp sữa pha sẵn 110ML,https://shopee.vn/product/1145316676/55708176377,https://down-vn.img.susercontent.com/file/sg-11134201-8258r-mq3tsc8xpszld8,"[""https://down-vn.img.susercontent.com/file/sg-11134201-8258r-mq3tsc8xpszld8"", ""https://down-vn.img.susercontent.com/file/vn-11134207-81ztc-mmlnojnn0wldbd"", ""https://down-vn.img.susercontent.com/file/vn-11134207-81ztc-mmh103qynk793e"", ""https://down-vn.img.susercontent.com/file/vn-11134207-81ztc-mmh1030up7gld3"", ""https://down-vn.img.susercontent.com/file/vn-11134207-81ztc-mmh10363ml8j24"", ""https://down-vn.img.susercontent.com/file/vn-11134207-81ztc-mmh10434ham9c0"", ""https://down-vn.img.susercontent.com/file/vn-11134207-81ztc-mmlirpibd0r34f"", ""https://down-vn.img.susercontent.com/file/vn-11134207-81ztc-mmlirpidgveu7e"", ""https://down-vn.img.susercontent.com/file/vn-11134207-81ztc-mmlirpidgver11""]","[""OFFICIAL_SHOP""]","[""vn-11134258-7r98o-lyb3kdam2qw17d""]",13VCX+Shopeedebut[26.6-9.7.2026],vn-11134258-81ztc-mpua4oxk2jnm0c,False,False,False,1775204443,1173830,1875200,1561500,37,475828320813188,237GIAM500K2,257670,1782925200,1783097940,1000000,98.0,41.0,4.928571428571429,14,"[0, 0, 0, 1, 13]","[""Mua để nhận quà""]",Nestle,2563581.0,100632,"[100632, 100681, 100991]",48,,"[""""]"
Shopee,,vn,2026-07-03,1145316676,nestlehealthscience,Nestlé Health Science,Thành phố Hà Nội,51960915243,[MỚI] Bộ 4 Sữa Bột NESTLÉ BOOST GLUCOSE CONTROL Đức Bổ Sung Dinh Dưỡng Người Tiểu Đường 400G,https://shopee.vn/product/1145316676/51960915243,https://down-vn.img.susercontent.com/file/sg-11134201-8257t-mq3tsbxbczylff,"[""https://down-vn.img.susercontent.com/file/sg-11134201-8257t-mq3tsbxbczylff"", ""https://down-vn.img.susercontent.com/file/vn-11134207-81ztc-moxsgcvyxrlud7"", ""https://down-vn.img.susercontent.com/file/vn-11134207-81ztc-moxtd0bzhts17e"", ""https://down-vn.img.susercontent.com/file/vn-11134207-81ztc-moxshqxu4f7kc4"", ""https://down-vn.img.susercontent.com/file/vn-11134207-81ztc-monfehezokcta9"", ""https://down-vn.img.susercontent.com/file/vn-11134207-81ztc-moxu293j9xcb23"", ""https://down-vn.img.susercontent.com/file/vn-11134207-81ztc-monfehiyj1fy5d"", ""https://down-vn.img.susercontent.com/file/vn-11134207-81ztc-monfeh8pq5n02c"", ""https://down-vn.img.susercontent.com/file/vn-11134207-81ztc-monfehdbfril64""]","[""OFFICIAL_SHOP""]","[""vn-11134258-7r98o-lyb3kdam2qw17d""]",13VCX+Shopeedebut[26.6-9.7.2026],vn-11134258-81ztc-mpua4oxk2jnm0c,False,False,False,1779367186,1693300,2520000,2115000,33,475828320813188,37GIAM1000K2,371700,1783011600,1783097940,1500000,8.0,8.0,5.0,1,"[0, 0, 0, 0, 1]","[""Mua để nhận quà""]",BOOST,3150064.0,100629,"[100629, 100652, 100838, 101596]",13,,"[""""]"
Shopee,,vn,2026-07-03,1145316676,nestlehealthscience,Nestlé Health Science,Thành phố Hồ Chí Minh,26844738635,[Quà tặng không bán] Lốc 4 Hộp Sữa Pha Sẵn NESTLÉ NUTREN JUNIOR Thụy Sĩ Công Thức BIG Tăng Trưởng 110ML,https://shopee.vn/product/1145316676/26844738635,https://down-vn.img.susercontent.com/file/vn-11134207-81ztc-mnwigyxssb9cc0,"[""https://down-vn.img.susercontent.com/file/vn-11134207-81ztc-mnwigyxssb9cc0"", ""https://down-vn.img.susercontent.com/file/vn-11134207-81ztc-mnuvs358gb2b7d"", ""https://down-vn.img.susercontent.com/file/vn-11134207-81ztc-mmlirpibd0r34f"", ""https://down-vn.img.susercontent.com/file/vn-11134207-81ztc-mmlirpidgveu7e"", ""https://down-vn.img.susercontent.com/file/vn-11134207-81ztc-mmlirpidgver11"", ""https://down-vn.img.susercontent.com/file/vn-11134207-81ztc-mnuvs3a41amc19"", ""https://down-vn.img.susercontent.com/file/vn-11134207-81ztc-mnuvs367x5acdd""]","[""OFFICIAL_SHOP""]","[""vn-11134258-7r98o-lyb3kdam2qw17d""]",30VCX[26.6-9.7.2026],vn-11134258-81ztc-mpuan4n576yqc2,False,False,False,1777950315,381800,500000,500000,24,0,237GIAM90K2,78200,1782925200,1783097940,250000,250.0,238.0,5.0,72,"[0, 0, 0, 0, 72]",[],Nutren Junior,1146828.0,100632,"[100632, 100681, 100991]",6,,"[""""]"
Shopee,,vn,2026-07-03,1145316676,nestlehealthscience,Nestlé Health Science,Thành phố Hà Nội,40067434635,[Quà tặng không bán] Túi đựng phụ kiện,https://shopee.vn/product/1145316676/40067434635,https://down-vn.img.susercontent.com/file/vn-11134207-820l4-me85vwcnv1fn15,"[""https://down-vn.img.susercontent.com/file/vn-11134207-820l4-me85vwcnv1fn15"", ""https://down-vn.img.susercontent.com/file/vn-11134207-820l4-me85vwb2utqc69"", ""https://down-vn.img.susercontent.com/file/vn-11134207-820l4-me85vwcqtslgce"", ""https://down-vn.img.susercontent.com/file/vn-11134207-820l4-me85vwao11xc2d"", ""https://down-vn.img.susercontent.com/file/vn-11134207-820l4-me85vw7nwq9v56""]","[""OFFICIAL_SHOP""]","[""vn-11134258-7r98o-lyb3kdam2qw17d""]",30VCX[26.6-9.7.2026],vn-11134258-81ztc-mpuan4n576yqc2,False,False,False,1756961904,377200,500000,500000,25,0,FA250K0207,82800,1782925200,1783357140,300000,337.0,111.0,4.954545454545454,44,"[0, 0, 0, 2, 42]",[],,,100015,"[100015, 100087, 100325]",0,,"[""""]"
Shopee,,vn,2026-07-03,1145316676,nestlehealthscience,Nestlé Health Science,Thành phố Hồ Chí Minh,42130599124,[Quà tặng không bán] Lốc 4 Hộp Sữa Pha Sẵn NESTLÉ NUTREN JUNIOR Thụy Sĩ Công Thức BIG Tăng Trưởng 180ML,https://shopee.vn/product/1145316676/42130599124,https://down-vn.img.susercontent.com/file/vn-11134207-81ztc-mnwihpo6wemde8,"[""https://down-vn.img.susercontent.com/file/vn-11134207-81ztc-mnwihpo6wemde8"", ""https://down-vn.img.susercontent.com/file/vn-11134207-81ztc-mnuvvk3rjugy49"", ""https://down-vn.img.susercontent.com/file/vn-11134207-81ztc-mmliuuusay9u0a"", ""https://down-vn.img.susercontent.com/file/vn-11134207-81ztc-mmlirpidgveu7e"", ""https://down-vn.img.susercontent.com/file/vn-11134207-81ztc-mmliuuuoy5fqf7"", ""https://down-vn.img.susercontent.com/file/vn-11134207-81ztc-mnuvs3a41amc19"", ""https://down-vn.img.susercontent.com/file/vn-11134207-81ztc-mmh1cy2lbs3sc4""]","[""OFFICIAL_SHOP""]","[""vn-11134258-7r98o-lyb3kdam2qw17d""]",30VCX[26.6-9.7.2026],vn-11134258-81ztc-mpuan4n576yqc2,False,False,False,1777950486,381800,500000,500000,24,0,237GIAM90K2,78200,1782925200,1783097940,250000,99.0,67.0,5.0,13,"[0, 0, 0, 0, 13]",[],Nutren Junior,1146828.0,100632,"[100632, 100681, 100991]",7,,"[""""]"
Shopee,,vn,2026-07-03,1145316676,nestlehealthscience,Nestlé Health Science,Thành phố Hà Nội,55062789130,"Combo Collagen Thủy Phân Dạng Bột NESTLÉ VITAL PROTEINS Mỹ Hỗ Trợ Làm Đẹp Da,Móng,Tóc 567G & 284G",https://shopee.vn/product/1145316676/55062789130,https://down-vn.img.susercontent.com/file/vn-11134207-81ztc-mpxuz8ehe680d4,"[""https://down-vn.img.susercontent.com/file/vn-11134207-81ztc-mpxuz8ehe680d4"", ""https://down-vn.img.susercontent.com/file/vn-11134207-81ztc-mpvqscrw9mv5c5"", ""https://down-vn.img.susercontent.com/file/vn-11134207-81ztc-mpvqsct20mj269"", ""https://down-vn.img.susercontent.com/file/vn-11134207-81ztc-mpvqlq3o5rt90b"", ""https://down-vn.img.susercontent.com/file/vn-11134207-81ztc-mpvqscrxy1ame2"", ""https://down-vn.img.susercontent.com/file/vn-11134207-81ztc-mpvqscrwb1flbf""]","[""OFFICIAL_SHOP""]","[""vn-11134258-7r98o-lyb3kdam2qw17d""]",30VCX[26.6-9.7.2026],vn-11134258-81ztc-mpuan4n576yqc2,False,False,False,1782361359,1656810,3020000,2245000,45,475828320813188,37GIAM1000K2,363690,1783011600,1783097940,1500000,177.0,177.0,0.0,0,"[0, 0, 0, 0, 0]","[""Mua để nhận quà"", ""Hàng mới về""]",VITAL PROTEINS,1191854.0,100001,"[100001, 100002, 100004]",4,,"[""""]"
Shopee,,vn,2026-07-03,1145316676,nestlehealthscience,Nestlé Health Science,Thành phố Hồ Chí Minh,40117408792,[Quà tặng không bán] Dây Kháng Lực,https://shopee.vn/product/1145316676/40117408792,https://down-vn.img.susercontent.com/file/vn-11134207-820l4-me859dqa70g05a,"[""https://down-vn.img.susercontent.com/file/vn-11134207-820l4-me859dqa70g05a"", ""https://down-vn.img.susercontent.com/file/vn-11134207-820l4-me859dqgbjlv8d"", ""https://down-vn.img.susercontent.com/file/vn-11134207-820l4-me859dqga51f01"", ""https://down-vn.img.susercontent.com/file/vn-11134207-820l4-me859dqf16v9c8""]","[""OFFICIAL_SHOP""]","[""vn-11134258-7r98o-lyb3kdam2qw17d""]",30VCX[26.6-9.7.2026],vn-11134258-81ztc-mpuan4n576yqc2,False,False,False,1756961321,377200,500000,500000,25,0,FA250K0207,82800,1782925200,1783357140,300000,506.0,72.0,4.8604651162790695,86,"[2, 0, 1, 2, 81]",[],,,100637,"[100637, 100725, 101294, 101888]",5,,"[""""]"
Shopee,,vn,2026-07-03,1145316676,nestlehealthscience,Nestlé Health Science,Thành phố Hà Nội,24114692449,[Quà tặng không bán] Ba lô và nón Boost Optimum,https://shopee.vn/product/1145316676/24114692449,https://down-vn.img.susercontent.com/file/vn-11134201-7ra0g-m9r17hl4d078fc,"[""https://down-vn.img.susercontent.com/file/vn-11134201-7ra0g-m9r17hl4d078fc"", ""https://down-vn.img.susercontent.com/file/vn-11134201-7ra0g-m9r17hr89p4y13"", ""https://down-vn.img.susercontent.com/file/vn-11134201-7ra0g-m9r17hri7vya27"", ""https://down-vn.img.susercontent.com/file/vn-11134201-7ra0g-m9r17hxbwjuq93"", ""https://down-vn.img.susercontent.com/file/vn-11134201-7ra0g-m9r17hqy5vt0fe"", ""https://down-vn.img.susercontent.com/file/vn-11134201-7ra0g-m9r17hri3ml6ed"", ""https://down-vn.img.susercontent.com/file/vn-11134201-7ra0g-m9r17hqy7adga9"", ""https://down-vn.img.susercontent.com/file/vn-11134201-7ra0g-m9r17hv3ye8288""]","[""OFFICIAL_SHOP""]","[""vn-11134258-7r98o-lyb3kdam2qw17d""]",30VCX[26.6-9.7.2026],vn-11134258-81ztc-mpuan4n576yqc2,False,False,False,1708610157,377200,500000,500000,25,0,FA250K0207,82800,1782925200,1783357140,300000,85.0,60.0,5.0,7,"[0, 0, 0, 0, 7]",[],,,100633,"[100633, 100689, 101026, 101744]",0,,"[""""]"
Shopee,,vn,2026-07-03,1145316676,nestlehealthscience,Nestlé Health Science,Thành phố Hà Nội,28741775607,[Quà tặng không bán] Bộ quà thôi nôi,https://shopee.vn/product/1145316676/28741775607,https://down-vn.img.susercontent.com/file/vn-11134207-820l4-metghiv9h05i9f,"[""https://down-vn.img.susercontent.com/file/vn-11134207-820l4-metghiv9h05i9f"", ""https://down-vn.img.susercontent.com/file/vn-11134207-820l4-metghiwxmzuud1"", ""https://down-vn.img.susercontent.com/file/vn-11134207-820l4-metghil6itj70a"", ""https://down-vn.img.susercontent.com/file/vn-11134207-820l4-metghisifytj95"", ""https://down-vn.img.susercontent.com/file/vn-11134207-820l4-metghiz4kmpwe6"", ""https://down-vn.img.susercontent.com/file/vn-11134207-820l4-metghiqi54hvd3""]","[""OFFICIAL_SHOP""]","[""vn-11134258-7r98o-lyb3kdam2qw17d""]",30VCX[26.6-9.7.2026],vn-11134258-81ztc-mpuan4n576yqc2,False,False,False,1758250988,381800,500000,500000,24,0,237GIAM90K2,78200,1782925200,1783097940,250000,837.0,,4.890909090909091,165,"[2, 1, 1, 5, 156]",[],Nestle,2563581.0,100632,"[100632, 100685]",7,,"[""""]"
Shopee,,vn,2026-07-03,1145316676,nestlehealthscience,Nestlé Health Science,Thành phố Hà Nội,45212804072,"Bộ 3 Collagen Thủy Phân Dạng Bột NESTLÉ VITAL PROTEINS Mỹ Hỗ Trợ Làm Đẹp Da,Móng,Tóc 284G",https://shopee.vn/product/1145316676/45212804072,https://down-vn.img.susercontent.com/file/vn-11134207-81ztc-mpxu0izc8c8wcd,"[""https://down-vn.img.susercontent.com/file/vn-11134207-81ztc-mpxu0izc8c8wcd"", ""https://down-vn.img.susercontent.com/file/vn-11134207-81ztc-mpvqlq26v01ud4"", ""https://down-vn.img.susercontent.com/file/vn-11134207-81ztc-mpvqlq26wema46"", ""https://down-vn.img.susercontent.com/file/vn-11134207-81ztc-mpvqlq3o5rt90b"", ""https://down-vn.img.susercontent.com/file/vn-11134207-81ztc-mpvqlq26icy4b5"", ""https://down-vn.img.susercontent.com/file/vn-11134207-81ztc-mpvqlq26xt6q79""]","[""OFFICIAL_SHOP""]","[""vn-11134258-7r98o-lyb3kdam2qw17d""]",30VCX[26.6-9.7.2026],vn-11134258-81ztc-mpuan4n576yqc2,False,False,False,1782360708,1832864,3300000,2540000,44,475828320813188,37GIAM1000K2,402336,1783011600,1783097940,1500000,,,0.0,0,"[0, 0, 0, 0, 0]","[""1.???.??0₫ 5.7 lúc 00:00 Th07 5"", ""Mua để nhận quà""]",VITAL PROTEINS,1191854.0,100001,"[100001, 100002, 100004]",4,,"[""""]"
Shopee,,vn,2026-07-03,1145316676,nestlehealthscience,Nestlé Health Science,Thành phố Hà Nội,27904398629,[Quà tặng Không bán] Set túi mẹ bé,https://shopee.vn/product/1145316676/27904398629,https://down-vn.img.susercontent.com/file/vn-11134201-7ra0g-m9r16gkqir1qbd,"[""https://down-vn.img.susercontent.com/file/vn-11134201-7ra0g-m9r16gkqir1qbd"", ""https://down-vn.img.susercontent.com/file/vn-11134201-7ra0g-m9r16gqaampa8e"", ""https://down-vn.img.susercontent.com/file/vn-11134201-7ra0g-m9r16gvu2iai3c""]","[""OFFICIAL_SHOP""]","[""vn-11134258-7r98o-lyb3kdam2qw17d""]",30VCX[26.6-9.7.2026],vn-11134258-81ztc-mpuan4n576yqc2,False,False,False,1719990569,788500,1000000,1000000,21,0,37GIAM250K2,161500,1783011600,1783097940,800000,392.0,183.0,4.827586206896552,29,"[1, 0, 0, 1, 27]",[],Nestle,2563581.0,100632,"[100632, 100685]",2,,"[""""]"
Shopee,,vn,2026-07-03,1145316676,nestlehealthscience,Nestlé Health Science,Thành phố Hà Nội,56060464533,[Quà tặng không bán] Balo Cabybara NESTLÉ,https://shopee.vn/product/1145316676/56060464533,https://down-vn.img.susercontent.com/file/vn-11134207-81ztc-mo7t4hd0j5s01d,"[""https://down-vn.img.susercontent.com/file/vn-11134207-81ztc-mo7t4hd0j5s01d"", ""https://down-vn.img.susercontent.com/file/vn-11134207-81ztc-mo7t4hdovo5h78"", ""https://down-vn.img.susercontent.com/file/vn-11134207-81ztc-mo7t4hdak5q86d"", ""https://down-vn.img.susercontent.com/file/vn-11134207-81ztc-mo7t4hd4zaiw66"", ""https://down-vn.img.susercontent.com/file/vn-11134207-81ztc-mo7t4hdaabr86d""]","[""OFFICIAL_SHOP""]","[""vn-11134258-7r98o-lyb3kdam2qw17d""]",30VCX[26.6-9.7.2026],vn-11134258-81ztc-mpuan4n576yqc2,False,False,False,1778732803,381800,500000,500000,24,0,237GIAM90K2,78200,1782925200,1783097940,250000,87.0,35.0,4.923076923076923,13,"[0, 0, 0, 1, 12]",[],Nestle,2563581.0,100632,"[100632, 100674, 100950]",1,,"[""""]"
Shopee,,vn,2026-07-03,1145316676,nestlehealthscience,Nestlé Health Science,Thành phố Hồ Chí Minh,18987408217,[Quà tặng không bán] Bộ gối ôm con rồng kèm nón và balo NUTREN JUNIOR,https://shopee.vn/product/1145316676/18987408217,https://down-vn.img.susercontent.com/file/vn-11134201-7ra0g-m9r17ke4965q29,"[""https://down-vn.img.susercontent.com/file/vn-11134201-7ra0g-m9r17ke4965q29"", ""https://down-vn.img.susercontent.com/file/vn-11134201-7ra0g-m9r17km5xe9a27"", ""https://down-vn.img.susercontent.com/file/vn-11134201-7ra0g-m9r17kks3oec23""]","[""OFFICIAL_SHOP""]","[""vn-11134258-7r98o-lyb3kdam2qw17d""]",30VCX[26.6-9.7.2026],vn-11134258-81ztc-mpuan4n576yqc2,False,False,False,1709612735,664000,850000,850000,22,0,37GIAM250K2,136000,1783011600,1783097940,800000,123.0,99.0,5.0,5,"[0, 0, 0, 0, 5]",[],Nestle,2563581.0,100632,"[100632, 100679, 100981, 101707]",1,,"[""""]"
Shopee,,vn,2026-07-03,1145316676,nestlehealthscience,Nestlé Health Science,Thành phố Hà Nội,57906098813,Bộ 6 Lốc 4 Hộp Sữa Pha Sẵn NESTLÉ NUTREN JUNIOR Thụy Sĩ Công Thức BIG Tăng Trưởng 110ML,https://shopee.vn/product/1145316676/57906098813,https://down-vn.img.susercontent.com/file/sg-11134201-8258c-mq3tsc8nnegx31,"[""https://down-vn.img.susercontent.com/file/sg-11134201-8258c-mq3tsc8nnegx31"", ""https://down-vn.img.susercontent.com/file/vn-11134207-81ztc-mklufymaqdc3d2"", ""https://down-vn.img.susercontent.com/file/vn-11134207-81ztc-mklufymiavie9b"", ""https://down-vn.img.susercontent.com/file/vn-11134207-81ztc-mklufymgz478ce"", ""https://down-vn.img.susercontent.com/file/vn-11134207-81ztc-mklufyminimde0"", ""https://down-vn.img.susercontent.com/file/vn-11134207-81ztc-mklufymhsm4n48"", ""https://down-vn.img.susercontent.com/file/vn-11134207-81ztc-mklufymiox6tfb""]","[""OFFICIAL_SHOP""]","[""vn-11134258-7r98o-lyb3kdam2qw17d""]",30VCX[26.6-9.7.2026],vn-11134258-81ztc-mpuan4n576yqc2,False,False,False,1770865757,358128,619200,469000,42,475828320813188,237GIAM90K2,73352,1782925200,1783097940,250000,70.0,47.0,3.3333333333333335,3,"[0, 1, 1, 0, 1]","[""3??.??2₫ 5.7 lúc 00:00 Th07 5"", ""Mua để nhận quà""]",Nutren Junior,1146828.0,100632,"[100632, 100681, 100991]",3,,"[""""]"
Shopee,,vn,2026-07-03,1145316676,nestlehealthscience,Nestlé Health Science,Thành phố Hà Nội,49862259468,[Quà tặng không bán] Đàn gỗ 8 thanh,https://shopee.vn/product/1145316676/49862259468,https://down-vn.img.susercontent.com/file/vn-11134207-81ztc-mphlzqxvuvwuf4,"[""https://down-vn.img.susercontent.com/file/vn-11134207-81ztc-mphlzqxvuvwuf4"", ""https://down-vn.img.susercontent.com/file/vn-11134207-81ztc-mphlzqywj9q8fb"", ""https://down-vn.img.susercontent.com/file/vn-11134207-81ztc-mphlzqxs41dt44"", ""https://down-vn.img.susercontent.com/file/vn-11134207-81ztc-mphlzqy44ob3bb"", ""https://down-vn.img.susercontent.com/file/vn-11134207-81ztc-mphlzqxs2mtd51""]","[""OFFICIAL_SHOP""]","[""vn-11134258-7r98o-lyb3kdam2qw17d""]",30VCX[26.6-9.7.2026],vn-11134258-81ztc-mpuan4n576yqc2,False,False,False,1781505494,381800,500000,500000,24,0,237GIAM90K2,78200,1782925200,1783097940,250000,127.0,108.0,5.0,16,"[0, 0, 0, 0, 16]","[""Hàng mới về""]",Nutren Junior,1146828.0,100632,"[100632, 100684, 101012, 101737]",1,,"[""""]"
Shopee,,vn,2026-07-03,1145316676,nestlehealthscience,Nestlé Health Science,Thành phố Hà Nội,24116535739,[Quà Tặng Không Bán] Set khăn Boost Optimum BOOST OPTIMUM,https://shopee.vn/product/1145316676/24116535739,https://down-vn.img.susercontent.com/file/vn-11134201-7ra0g-m9r17hm8bdz6a3,"[""https://down-vn.img.susercontent.com/file/vn-11134201-7ra0g-m9r17hm8bdz6a3"", ""https://down-vn.img.susercontent.com/file/vn-11134201-7ra0g-m9r17hujz77o5c"", ""https://down-vn.img.susercontent.com/file/vn-11134201-7ra0g-m9r17hu000g464""]","[""OFFICIAL_SHOP""]","[""vn-11134258-7r98o-lyb3kdam2qw17d""]",30VCX[26.6-9.7.2026],vn-11134258-81ztc-mpuan4n576yqc2,False,False,False,1709485947,381800,500000,500000,24,0,237GIAM90K2,78200,1782925200,1783097940,250000,880.0,38.0,4.901840490797546,164,"[3, 0, 1, 2, 158]",[],Nestle,2563581.0,100632,"[100632, 100678, 100969]",1,,"[""""]"
Shopee,,vn,2026-07-03,1145316676,nestlehealthscience,Nestlé Health Science,Thành phố Hà Nội,28844273090,Bộ 3 Sữa Bột NESTLÉ NUTREN JUNIOR Thụy Sĩ Với Công Thức BIG Hỗ Trợ Tăng Trưởng Cho Bé 400G,https://shopee.vn/product/1145316676/28844273090,https://down-vn.img.susercontent.com/file/sg-11134201-8259e-mq3tschf8d8hf8,"[""https://down-vn.img.susercontent.com/file/sg-11134201-8259e-mq3tschf8d8hf8"", ""https://down-vn.img.susercontent.com/file/vn-11134207-81ztc-mlc1lau9y3nn02"", ""https://down-vn.img.susercontent.com/file/vn-11134207-81ztc-ml77x18pi2vc5a"", ""https://down-vn.img.susercontent.com/file/vn-11134207-81ztc-ml77x18uoweb29"", ""https://down-vn.img.susercontent.com/file/vn-11134207-81ztc-ml77x18mqcjm51"", ""https://down-vn.img.susercontent.com/file/vn-11134207-81ztc-ml77x18mjbpced"", ""https://down-vn.img.susercontent.com/file/vn-11134207-81ztc-ml77x18um39g37"", ""https://down-vn.img.susercontent.com/file/vn-11134207-81ztc-ml77x18unhtvb3"", ""https://down-vn.img.susercontent.com/file/vn-11134207-81ztc-ml77x18uqayrb1""]","[""OFFICIAL_SHOP""]","[""vn-11134258-7r98o-lyb3kdam2qw17d""]",30VCX[26.6-9.7.2026],vn-11134258-81ztc-mpuan4n576yqc2,False,False,False,1772159505,1011060,1710000,1408000,41,475828320813188,237GIAM500K2,221940,1782925200,1783097940,1000000,52.0,31.0,5.0,1,"[0, 0, 0, 0, 1]","[""1.???.??0₫ 5.7 lúc 00:00 Th07 5"", ""Mua để nhận quà""]",Nestle,2563581.0,100632,"[100632, 100681, 100991]",5,,"[""""]"
Shopee,,vn,2026-07-03,1145316676,nestlehealthscience,Nestlé Health Science,Thành phố Hà Nội,42232012026,"Bộ 3 Collagen Thủy Phân Dạng Bột NESTLÉ VITAL PROTEINS Mỹ Hỗ Trợ Làm Đẹp Da,Móng,Tóc 567G",https://shopee.vn/product/1145316676/42232012026,https://down-vn.img.susercontent.com/file/vn-11134207-81ztc-mpxv59ri7torf2,"[""https://down-vn.img.susercontent.com/file/vn-11134207-81ztc-mpxv59ri7torf2"", ""https://down-vn.img.susercontent.com/file/vn-11134207-81ztc-mpvqscrw9mv5c5"", ""https://down-vn.img.susercontent.com/file/vn-11134207-81ztc-mpvqsct20mj269"", ""https://down-vn.img.susercontent.com/file/vn-11134207-81ztc-mpvqlq3o5rt90b"", ""https://down-vn.img.susercontent.com/file/vn-11134207-81ztc-mpvqscrxy1ame2"", ""https://down-vn.img.susercontent.com/file/vn-11134207-81ztc-mpvqscrwb1flbf""]","[""OFFICIAL_SHOP""]","[""vn-11134258-7r98o-lyb3kdam2qw17d""]",30VCX[26.6-9.7.2026],vn-11134258-81ztc-mpuan4n576yqc2,False,False,False,1782361170,3033180,5760000,4110000,47,475828320813188,237GIAM2000K,665820,1782925200,1783097940,3000000,,,0.0,0,"[0, 0, 0, 0, 0]","[""3.???.??0₫ 5.7 lúc 00:00 Th07 5"", ""Mua để nhận quà""]",VITAL PROTEINS,1191854.0,100001,"[100001, 100002, 100004]",4,,"[""""]"
Shopee,,vn,2026-07-03,1145316676,nestlehealthscience,Nestlé Health Science,Thành phố Hà Nội,24964694524,[Quà tặng không bán] Máy uốn tóc VP,https://shopee.vn/product/1145316676/24964694524,https://down-vn.img.susercontent.com/file/vn-11134201-7ra0g-m9r179g49saq6d,"[""https://down-vn.img.susercontent.com/file/vn-11134201-7ra0g-m9r179g49saq6d"", ""https://down-vn.img.susercontent.com/file/vn-11134201-7ra0g-m9r179p9xshu85"", ""https://down-vn.img.susercontent.com/file/vn-11134201-7ra0g-m9r179qdxkle5a"", ""https://down-vn.img.susercontent.com/file/vn-11134201-7ra0g-m9r179ku2u563c"", ""https://down-vn.img.susercontent.com/file/vn-11134201-7ra0g-m9r179kaj3mi6b""]","[""OFFICIAL_SHOP""]","[""vn-11134258-7r98o-lyb3kdam2qw17d""]",30VCX[26.6-9.7.2026],vn-11134258-81ztc-mpuan4n576yqc2,False,False,False,1708612631,747000,950000,950000,21,0,37GIAM250K2,153000,1783011600,1783097940,800000,119.0,44.0,4.95,20,"[0, 0, 0, 1, 19]",[],,,100630,"[100630, 100663, 100889, 101666]",1,,"[""""]"
Shopee,,vn,2026-07-03,1145316676,nestlehealthscience,Nestlé Health Science,Thành phố Hà Nội,25164693944,[Quà tặng không bán] BỘ KHĂN CHOÀNG TẮM BÉ VÀ TÚI KHỦNG LONG,https://shopee.vn/product/1145316676/25164693944,https://down-vn.img.susercontent.com/file/vn-11134201-7ra0g-m9r177kp0epa75,"[""https://down-vn.img.susercontent.com/file/vn-11134201-7ra0g-m9r177kp0epa75"", ""https://down-vn.img.susercontent.com/file/vn-11134201-7ra0g-m9r177r2r3usc7"", ""https://down-vn.img.susercontent.com/file/vn-11134201-7ra0g-m9r177sqomsub7"", ""https://down-vn.img.susercontent.com/file/vn-11134201-7ra0g-m9r177qita8qdb"", ""https://down-vn.img.susercontent.com/file/vn-11134201-7ra0g-m9r177wwil4yd5"", ""https://down-vn.img.susercontent.com/file/vn-11134201-7ra0g-m9r177r2r2i621"", ""https://down-vn.img.susercontent.com/file/vn-11134201-7ra0g-m9r177qsripu4e""]","[""OFFICIAL_SHOP""]","[""vn-11134258-7r98o-lyb3kdam2qw17d""]",30VCX[26.6-9.7.2026],vn-11134258-81ztc-mpuan4n576yqc2,False,False,False,1708611935,381800,500000,500000,24,0,237GIAM90K2,78200,1782925200,1783097940,250000,10.0,,5.0,1,"[0, 0, 0, 0, 1]",[],,,100632,"[100632, 100678, 100969]",1,,"[""""]"
Shopee,,vn,2026-07-03,1145316676,nestlehealthscience,Nestlé Health Science,Thành phố Hà Nội,28818600640,[Quà tặng không bán] Hộp tô màu,https://shopee.vn/product/1145316676/28818600640,https://down-vn.img.susercontent.com/file/vn-11134201-7ra0g-m9r168jm9vuq74,"[""https://down-vn.img.susercontent.com/file/vn-11134201-7ra0g-m9r168jm9vuq74"", ""https://down-vn.img.susercontent.com/file/vn-11134201-7ra0g-m9r168o23dz621"", ""https://down-vn.img.susercontent.com/file/vn-11134201-7ra0g-m9r168omp1l053""]","[""OFFICIAL_SHOP""]","[""vn-11134258-7r98o-lyb3kdam2qw17d""]",30VCX[26.6-9.7.2026],vn-11134258-81ztc-mpuan4n576yqc2,False,False,False,1732505021,622500,800000,800000,22,0,237GIAM350K2,127500,1782925200,1783097940,600000,579.0,90.0,4.934426229508197,61,"[0, 0, 1, 2, 58]",[],Nestle,2563581.0,100001,"[100001, 100019, 100135]",2,,"[""""]"
Shopee,,vn,2026-07-03,1145316676,nestlehealthscience,Nestlé Health Science,Thành phố Hà Nội,47857620474,Bộ 4 Sữa Bột NESTLÉ BOOST OPTIMUM Singapore Bổ Sung Dinh Dưỡng Cho Người Lớn Tuổi 400G,https://shopee.vn/product/1145316676/47857620474,https://down-vn.img.susercontent.com/file/sg-11134201-8259i-mq3tsbkkuu4h35,"[""https://down-vn.img.susercontent.com/file/sg-11134201-8259i-mq3tsbkkuu4h35"", ""https://down-vn.img.susercontent.com/file/vn-11134207-81ztc-mm71bte5tybl45"", ""https://down-vn.img.susercontent.com/file/vn-11134207-81ztc-mm71bteazdan4a"", ""https://down-vn.img.susercontent.com/file/vn-11134207-81ztc-mm71bte2eccgc8"", ""https://down-vn.img.susercontent.com/file/vn-11134207-81ztc-mm71bte2h5hc3a"", ""https://down-vn.img.susercontent.com/file/vn-11134207-81ztc-mm71bte58vsya7"", ""https://down-vn.img.susercontent.com/file/vn-11134207-81ztc-mm71bte2cxs0a2"", ""https://down-vn.img.susercontent.com/file/vn-11134207-81ztc-mm71bte2fqwwd1""]","[""OFFICIAL_SHOP""]","[""vn-11134258-7r98o-lyb3kdam2qw17d""]",30VCX[26.6-9.7.2026],vn-11134258-81ztc-mpuan4n576yqc2,False,False,False,1774327668,1251648,1920000,1590000,35,475828320813188,37GIAM1000K2,274752,1783011600,1783097940,1500000,191.0,157.0,5.0,15,"[0, 0, 0, 0, 15]","[""Mua để nhận quà""]",BOOST,3150064.0,100629,"[100629, 100652, 100838, 101596]",26,,"[""""]"
Shopee,,vn,2026-07-03,1145316676,nestlehealthscience,Nestlé Health Science,Thành phố Hồ Chí Minh,57260472404,[Quà tặng không bán] Bộ Vợt Cầu Lông,https://shopee.vn/product/1145316676/57260472404,https://down-vn.img.susercontent.com/file/vn-11134207-81ztc-mo7reku3320wd6,"[""https://down-vn.img.susercontent.com/file/vn-11134207-81ztc-mo7reku3320wd6"", ""https://down-vn.img.susercontent.com/file/vn-11134207-81ztc-mo7rekvl8q9y8f"", ""https://down-vn.img.susercontent.com/file/vn-11134207-81ztc-mo7reku6y494aa"", ""https://down-vn.img.susercontent.com/file/vn-11134207-81ztc-mo7reku77y848a"", ""https://down-vn.img.susercontent.com/file/vn-11134207-81ztc-mo7reku5qkn75a""]","[""OFFICIAL_SHOP""]","[""vn-11134258-7r98o-lyb3kdam2qw17d""]",30VCX[26.6-9.7.2026],vn-11134258-81ztc-mpuan4n576yqc2,False,False,False,1778729958,381800,500000,500000,24,0,237GIAM90K2,78200,1782925200,1783097940,250000,,,0.0,0,"[0, 0, 0, 0, 0]",[],Nestle,2563581.0,100632,"[100632, 100684, 101011, 101729]",0,,"[""""]"
Shopee,,vn,2026-07-03,1145316676,nestlehealthscience,Nestlé Health Science,Thành phố Hà Nội,55710472577,[Quà tặng không bán] Túi tote cho mẹ màu kem NESTLÉ,https://shopee.vn/product/1145316676/55710472577,https://down-vn.img.susercontent.com/file/vn-11134207-81ztc-mo7rska2pg5cff,"[""https://down-vn.img.susercontent.com/file/vn-11134207-81ztc-mo7rska2pg5cff"", ""https://down-vn.img.susercontent.com/file/vn-11134207-81ztc-mo7rskq3fsat1d"", ""https://down-vn.img.susercontent.com/file/vn-11134207-81ztc-mo7rskh5f3eq81"", ""https://down-vn.img.susercontent.com/file/vn-11134207-81ztc-mo7rskjxjgn6a7""]","[""OFFICIAL_SHOP""]","[""vn-11134258-7r98o-lyb3kdam2qw17d""]",30VCX[26.6-9.7.2026],vn-11134258-81ztc-mpuan4n576yqc2,False,False,False,1778730603,381800,500000,500000,24,0,237GIAM90K2,78200,1782925200,1783097940,250000,208.0,193.0,5.0,32,"[0, 0, 0, 0, 32]",[],Nestle,2563581.0,100632,"[100632, 100674, 100950]",0,,"[""""]"
Shopee,,vn,2026-07-03,1145316676,nestlehealthscience,Nestlé Health Science,Thành phố Hà Nội,45712795019,"Bộ 2 Collagen Thủy Phân Dạng Bột NESTLÉ VITAL PROTEINS Mỹ Hỗ Trợ Làm Đẹp Da,Móng,Tóc 567G",https://shopee.vn/product/1145316676/45712795019,https://down-vn.img.susercontent.com/file/vn-11134207-81ztc-mpxv7kw5znr4b3,"[""https://down-vn.img.susercontent.com/file/vn-11134207-81ztc-mpxv7kw5znr4b3"", ""https://down-vn.img.susercontent.com/file/vn-11134207-81ztc-mpvqscrw9mv5c5"", ""https://down-vn.img.susercontent.com/file/vn-11134207-81ztc-mpvqsct20mj269"", ""https://down-vn.img.susercontent.com/file/vn-11134207-81ztc-mpvqlq3o5rt90b"", ""https://down-vn.img.susercontent.com/file/vn-11134207-81ztc-mpvqscrxy1ame2"", ""https://down-vn.img.susercontent.com/file/vn-11134207-81ztc-mpvqscrwb1flbf""]","[""OFFICIAL_SHOP""]","[""vn-11134258-7r98o-lyb3kdam2qw17d""]",30VCX[26.6-9.7.2026],vn-11134258-81ztc-mpuan4n576yqc2,False,False,False,1782360940,2044260,3840000,2770000,47,475828320813188,37GIAM1000K2,448740,1783011600,1783097940,1500000,,,0.0,0,"[0, 0, 0, 0, 0]","[""2.???.??0₫ 5.7 lúc 00:00 Th07 5"", ""Mua để nhận quà""]",VITAL PROTEINS,1191854.0,100001,"[100001, 100002, 100004]",5,,"[""""]"
Shopee,,vn,2026-07-03,1145316676,nestlehealthscience,Nestlé Health Science,Thành phố Hà Nội,54658185548,Bộ 2 Sữa Bột NESTLÉ NUTREN JUNIOR Thụy Sĩ Với Công Thức BIG Hỗ Trợ Tăng Trưởng Cho Bé 800G+Lốc 4 hộp sữa pha sẵn 180ML,https://shopee.vn/product/1145316676/54658185548,https://down-vn.img.susercontent.com/file/sg-11134201-8257s-mq3tsbkfs6pt33,"[""https://down-vn.img.susercontent.com/file/sg-11134201-8257s-mq3tsbkfs6pt33"", ""https://down-vn.img.susercontent.com/file/vn-11134207-81ztc-mmlno3tytc044b"", ""https://down-vn.img.susercontent.com/file/vn-11134207-81ztc-mmh103qynk793e"", ""https://down-vn.img.susercontent.com/file/vn-11134207-81ztc-mmh1030up7gld3"", ""https://down-vn.img.susercontent.com/file/vn-11134207-81ztc-mmh10363ml8j24"", ""https://down-vn.img.susercontent.com/file/vn-11134207-81ztc-mmh10434ham9c0"", ""https://down-vn.img.susercontent.com/file/vn-11134207-81ztc-mmliuuusay9u0a"", ""https://down-vn.img.susercontent.com/file/vn-11134207-81ztc-mmlirpidgveu7e"", ""https://down-vn.img.susercontent.com/file/vn-11134207-81ztc-mmliuuuoy5fqf7""]","[""OFFICIAL_SHOP""]","[""vn-11134258-7r98o-lyb3kdam2qw17d""]",13VCX+Shopeedebut[26.6-9.7.2026],vn-11134258-81ztc-mpua4oxk2jnm0c,False,False,False,1775204563,1205400,1922000,1600000,37,475828320813188,237GIAM500K2,264600,1782925200,1783097940,1000000,114.0,105.0,4.666666666666667,3,"[0, 0, 0, 1, 2]","[""Mua để nhận quà""]",Nestle,2563581.0,100632,"[100632, 100681, 100991]",17,,"[""""]"
Shopee,,vn,2026-07-03,1145316676,nestlehealthscience,Nestlé Health Science,Thành phố Hà Nội,47312804000,"Bộ 4 Collagen Thủy Phân Dạng Bột NESTLÉ VITAL PROTEINS Mỹ Hỗ Trợ Làm Đẹp Da,Móng,Tóc 284G",https://shopee.vn/product/1145316676/47312804000,https://down-vn.img.susercontent.com/file/vn-11134207-81ztc-mpxu653j7if4ca,"[""https://down-vn.img.susercontent.com/file/vn-11134207-81ztc-mpxu653j7if4ca"", ""https://down-vn.img.susercontent.com/file/vn-11134207-81ztc-mpvqlq26v01ud4"", ""https://down-vn.img.susercontent.com/file/vn-11134207-81ztc-mpvqlq26wema46"", ""https://down-vn.img.susercontent.com/file/vn-11134207-81ztc-mpvqlq3o5rt90b"", ""https://down-vn.img.susercontent.com/file/vn-11134207-81ztc-mpvqlq26icy4b5"", ""https://down-vn.img.susercontent.com/file/vn-11134207-81ztc-mpvqlq26xt6q79""]","[""OFFICIAL_SHOP""]","[""vn-11134258-7r98o-lyb3kdam2qw17d""]",30VCX[26.6-9.7.2026],vn-11134258-81ztc-mpuan4n576yqc2,False,False,False,1782360783,2395712,4400000,3320000,46,475828320813188,37GIAM1000K2,525888,1783011600,1783097940,1500000,,,0.0,0,"[0, 0, 0, 0, 0]","[""2.???.??0₫ 5.7 lúc 00:00 Th07 5"", ""Mua để nhận quà""]",VITAL PROTEINS,1191854.0,100001,"[100001, 100002, 100004]",4,,"[""""]"
Shopee,,vn,2026-07-03,1145316676,nestlehealthscience,Nestlé Health Science,Thành phố Hà Nội,40931076959,[MỚI] Bộ 3 Sữa Bột NESTLÉ BOOST GLUCOSE CONTROL Đức Bổ Sung Dinh Dưỡng Người Tiểu Đường 400G,https://shopee.vn/product/1145316676/40931076959,https://down-vn.img.susercontent.com/file/sg-11134201-82583-mq3tscgfx5am58,"[""https://down-vn.img.susercontent.com/file/sg-11134201-82583-mq3tscgfx5am58"", ""https://down-vn.img.susercontent.com/file/vn-11134207-81ztc-moxsfpjp6ryaab"", ""https://down-vn.img.susercontent.com/file/vn-11134207-81ztc-moxtd0bzhts17e"", ""https://down-vn.img.susercontent.com/file/vn-11134207-81ztc-moxshqxu4f7kc4"", ""https://down-vn.img.susercontent.com/file/vn-11134207-81ztc-monfehezokcta9"", ""https://down-vn.img.susercontent.com/file/vn-11134207-81ztc-moxu293j9xcb23"", ""https://down-vn.img.susercontent.com/file/vn-11134207-81ztc-monfehiyj1fy5d"", ""https://down-vn.img.susercontent.com/file/vn-11134207-81ztc-monfeh8pq5n02c"", ""https://down-vn.img.susercontent.com/file/vn-11134207-81ztc-monfehdbfril64""]","[""OFFICIAL_SHOP""]","[""vn-11134258-7r98o-lyb3kdam2qw17d""]",13VCX+Shopeedebut[26.6-9.7.2026],vn-11134258-81ztc-mpua4oxk2jnm0c,False,False,False,1779367114,1275100,1890000,1605000,33,475828320813188,37GIAM1000K2,279900,1783011600,1783097940,1500000,9.0,7.0,5.0,2,"[0, 0, 0, 0, 2]","[""Mua để nhận quà""]",BOOST,3150064.0,100629,"[100629, 100652, 100838, 101596]",16,,"[""""]"
Shopee,,vn,2026-07-03,1145316676,nestlehealthscience,Nestlé Health Science,Thành phố Hà Nội,45612809011,"Bộ 2 Collagen Thủy Phân Dạng Bột NESTLÉ VITAL PROTEINS Mỹ Hỗ Trợ Làm Đẹp Da,Móng,Tóc 284G",https://shopee.vn/product/1145316676/45612809011,https://down-vn.img.susercontent.com/file/vn-11134207-81ztc-mpxqjvedea6jd3,"[""https://down-vn.img.susercontent.com/file/vn-11134207-81ztc-mpxqjvedea6jd3"", ""https://down-vn.img.susercontent.com/file/vn-11134207-81ztc-mpvqlq26v01ud4"", ""https://down-vn.img.susercontent.com/file/vn-11134207-81ztc-mpvqlq26wema46"", ""https://down-vn.img.susercontent.com/file/vn-11134207-81ztc-mpvqlq3o5rt90b"", ""https://down-vn.img.susercontent.com/file/vn-11134207-81ztc-mpvqlq26icy4b5"", ""https://down-vn.img.susercontent.com/file/vn-11134207-81ztc-mpvqlq26xt6q79""]","[""OFFICIAL_SHOP""]","[""vn-11134258-7r98o-lyb3kdam2qw17d""]",30VCX[26.6-9.7.2026],vn-11134258-81ztc-mpuan4n576yqc2,False,False,False,1782360640,1241152,2200000,1720000,44,475828320813188,37GIAM1000K2,272448,1783011600,1783097940,1500000,177.0,177.0,0.0,0,"[0, 0, 0, 0, 0]","[""Mua để nhận quà"", ""Hàng mới về""]",VITAL PROTEINS,1191854.0,100001,"[100001, 100002, 100004]",4,,"[""""]"
Shopee,,vn,2026-07-03,1145316676,nestlehealthscience,Nestlé Health Science,Thành phố Hà Nội,26577785819,[Quà tặng không bán] Set giặt bảo vệ quần áo,https://shopee.vn/product/1145316676/26577785819,https://down-vn.img.susercontent.com/file/vn-11134201-7ra0g-m9r16sed7xhg73,"[""https://down-vn.img.susercontent.com/file/vn-11134201-7ra0g-m9r16sed7xhg73"", ""https://down-vn.img.susercontent.com/file/vn-11134201-7ra0g-m9r16sreot4e65"", ""https://down-vn.img.susercontent.com/file/vn-11134201-7ra0g-m9r16sn8uwdq3f"", ""https://down-vn.img.susercontent.com/file/vn-11134201-7ra0g-m9r16sn8xr42be"", ""https://down-vn.img.susercontent.com/file/vn-11134201-7ra0g-m9r16smyvazy29""]","[""OFFICIAL_SHOP""]","[""vn-11134258-7r98o-lyb3kdam2qw17d""]",30VCX[26.6-9.7.2026],vn-11134258-81ztc-mpuan4n576yqc2,False,False,False,1740667297,381800,500000,500000,24,0,237GIAM90K2,78200,1782925200,1783097940,250000,1000.0,,4.905362776025236,319,"[2, 1, 6, 7, 303]",[],Nestle,2563581.0,100632,"[100632, 100678, 100976]",2,,"[""""]"
Shopee,,vn,2026-07-03,1145316676,nestlehealthscience,Nestlé Health Science,Thành phố Hà Nội,47408351576,Bộ 3 Sữa Bột NESTLÉ NUTREN JUNIOR Thụy Sĩ Với Công Thức BIG Hỗ Trợ Tăng Trưởng Cho Bé 800G+2 Lốc 4 hộp sữa pha sẵn 180ML,https://shopee.vn/product/1145316676/47408351576,https://down-vn.img.susercontent.com/file/sg-11134201-8259i-mq3tsbwujl6o7b,"[""https://down-vn.img.susercontent.com/file/sg-11134201-8259i-mq3tsbwujl6o7b"", ""https://down-vn.img.susercontent.com/file/vn-11134207-81ztc-mmu0zy0fq96o22"", ""https://down-vn.img.susercontent.com/file/vn-11134207-81ztc-mmh103qynk793e"", ""https://down-vn.img.susercontent.com/file/vn-11134207-81ztc-mmh1030up7gld3"", ""https://down-vn.img.susercontent.com/file/vn-11134207-81ztc-mmh10363ml8j24"", ""https://down-vn.img.susercontent.com/file/vn-11134207-81ztc-mmh10434ham9c0"", ""https://down-vn.img.susercontent.com/file/vn-11134207-81ztc-mmliuuusay9u0a"", ""https://down-vn.img.susercontent.com/file/vn-11134207-81ztc-mmlirpidgveu7e"", ""https://down-vn.img.susercontent.com/file/vn-11134207-81ztc-mmliuuuoy5fqf7""]","[""OFFICIAL_SHOP""]","[""vn-11134258-7r98o-lyb3kdam2qw17d""]",13VCX+Shopeedebut[26.6-9.7.2026],vn-11134258-81ztc-mpua4oxk2jnm0c,False,False,False,1775549174,1815480,2958000,2442000,39,475828320813188,37GIAM1000K2,398520,1783011600,1783097940,1500000,19.0,8.0,5.0,2,"[0, 0, 0, 0, 2]","[""Mua để nhận quà""]",Nestle,2563581.0,100632,"[100632, 100681, 100991]",22,,"[""""]"
