platform,key,country_code,date,shop_id,shop_slug,shop_name,location,item_id,product_name,url,image_url,images,seller_flag,seller_flag_hash,image_overlay,image_overlay_hash,is_ad,is_sold_out,shopee_verified,ctime,price,price_original,price_before_promo,discount_percent,promotion_id,voucher_code,voucher_discount,voucher_start_time,voucher_end_time,voucher_min_spend,history_sold_value,monthly_sold_value,rating,rating_count,rating_count_detail,vouchers,brand,brand_id,catid,global_catids,liked_count,tier_variation_name,tier_variation_options
Shopee,,vn,2026-07-01,289646907,orion-official-store,Orion VN Official Store,Tỉnh Bắc Ninh,25078119874,"Combo 3 túi Bánh gạo nướng An ORION vị Chà Bông 145,6G",https://shopee.vn/product/289646907/25078119874,https://down-vn.img.susercontent.com/file/vn-11134207-7ras8-mdju762gbzfz90,"[""https://down-vn.img.susercontent.com/file/vn-11134207-7ras8-mdju762gbzfz90"", ""https://down-vn.img.susercontent.com/file/vn-11134207-7r98o-lzsewljlehsxfd"", ""https://down-vn.img.susercontent.com/file/vn-11134207-7r98o-lzsewljld2z195"", ""https://down-vn.img.susercontent.com/file/vn-11134207-7r98o-lzsewljld38hf4"", ""https://down-vn.img.susercontent.com/file/vn-11134207-7r98o-lzsewljlehjh00""]","[""OFFICIAL_SHOP""]","[""vn-11134258-7r98o-lyb3kdam2qw17d""]",6VCX+SuperCheap+SSCBundle[1.7],vn-11134258-81ztc-mpu9tmygc0zle6,False,False,False,1714729823,100620,117000,117000,14,0,VCXFM30K107,16380,1782838800.0,1782925140.0,99000,10000,2000,4.963375796178344,628,"[2, 1, 1, 10, 614]",[],ORION,3395424.0,100629,"[100629, 100646, 100787]",286,,"[""""]"
Shopee,,vn,2026-07-01,289646907,orion-official-store,Orion VN Official Store,Tỉnh Bắc Ninh,25828640224,Combo 5 Gói kẹo ngậm HỌNG vị quất mật ong gói 84G,https://shopee.vn/product/289646907/25828640224,https://down-vn.img.susercontent.com/file/vn-11134207-7ras8-mdjvrkowrg6kc0,"[""https://down-vn.img.susercontent.com/file/vn-11134207-7ras8-mdjvrkowrg6kc0"", ""https://down-vn.img.susercontent.com/file/vn-11134207-7r98o-lzq59dkuef8hd5"", ""https://down-vn.img.susercontent.com/file/vn-11134207-7r98o-lzq59dkueez13d"", ""https://down-vn.img.susercontent.com/file/vn-11134207-7r98o-lzq59dkud0o11c"", ""https://down-vn.img.susercontent.com/file/vn-11134207-7r98o-lzq59dkud0elc8""]","[""OFFICIAL_SHOP""]","[""vn-11134258-7r98o-lyb3kdam2qw17d""]",18VCX+SSCBundle[1.7],vn-11134258-81ztc-mpuaa0q603kffe,False,False,False,1714963506,86000,100000,100000,14,0,VCXFM30K107,14000,1782838800.0,1782925140.0,99000,9000,1000,4.958472873409243,1493,"[1, 3, 8, 33, 1448]",[],ORION,3395424.0,100629,"[100629, 100646, 100785]",236,,"[""""]"
Shopee,,vn,2026-07-01,289646907,orion-official-store,Orion VN Official Store,Tỉnh Bắc Ninh,23727659874,Combo 2 Hộp Bánh Goute Mè Giòn Tan (8 Gói/hộp),https://shopee.vn/product/289646907/23727659874,https://down-vn.img.susercontent.com/file/vn-11134207-7ras8-mdfro7vtbwkx3e,"[""https://down-vn.img.susercontent.com/file/vn-11134207-7ras8-mdfro7vtbwkx3e"", ""https://down-vn.img.susercontent.com/file/vn-11134207-7ras8-mdfro7vtbw3331"", ""https://down-vn.img.susercontent.com/file/vn-11134207-7ras8-mdfrhsi1xjn0df"", ""https://down-vn.img.susercontent.com/file/vn-11134207-7ras8-mdfrhsi1yy7gda"", ""https://down-vn.img.susercontent.com/file/vn-11134207-7ras8-mdfrhsibx4n907"", ""https://down-vn.img.susercontent.com/file/vn-11134207-7ras8-mdfrhsi1xj9h7e"", ""https://down-vn.img.susercontent.com/file/vn-11134207-7ras8-mdfrhshrzcg582""]","[""OFFICIAL_SHOP""]","[""vn-11134258-7r98o-lyb3kdam2qw17d""]",18VCX+SSCBundle[1.7],vn-11134258-81ztc-mpuaa0q603kffe,False,False,False,1677418827,99760,116000,116000,14,0,VCXFM30K107,16240,1782838800.0,1782925140.0,99000,10000,1000,4.9050167224080266,1497,"[15, 3, 17, 39, 1423]",[],ORION,3395424.0,100629,"[100629, 100646, 100787]",236,,"[""""]"
Shopee,,vn,2026-07-01,289646907,orion-official-store,Orion VN Official Store,Tỉnh Bắc Ninh,19474514882,Combo 2 Hộp Bánh Orion Chocopie TÌNH (435.6g/hộp),https://shopee.vn/product/289646907/19474514882,https://down-vn.img.susercontent.com/file/vn-11134207-7ras8-mdjvgzh8nqnl2c,"[""https://down-vn.img.susercontent.com/file/vn-11134207-7ras8-mdjvgzh8nqnl2c"", ""https://down-vn.img.susercontent.com/file/vn-11134207-7r98o-lzq5bvjesklpd0"", ""https://down-vn.img.susercontent.com/file/vn-11134207-7r98o-lzq5bvjeskv55a"", ""https://down-vn.img.susercontent.com/file/vn-11134207-7r98o-lzq5bvjeprgt2e"", ""https://down-vn.img.susercontent.com/file/vn-11134207-7r98o-lzq5bvjeprq985"", ""https://down-vn.img.susercontent.com/file/vn-11134207-7r98o-lzq5bvjer6ap30"", ""https://down-vn.img.susercontent.com/file/vn-11134207-7r98o-lzq5bvjer61987""]","[""OFFICIAL_SHOP""]","[""vn-11134258-7r98o-lyb3kdam2qw17d""]",30VCX[26.6-9.7.2026],vn-11134258-81ztc-mpuan4n576yqc2,False,False,False,1677393333,123840,144000,144000,14,0,VCXFM30K107,20160,1782838800.0,1782925140.0,99000,20000,1000,4.876940133037694,903,"[14, 7, 6, 22, 854]",[],ORION,3395424.0,100629,"[100629, 100654, 100858]",602,,"[""""]"
Shopee,,vn,2026-07-01,289646907,orion-official-store,Orion VN Official Store,Tỉnh Bắc Ninh,26361847161,[ĐỘC QUYỀN] Kẹo dẻo Boom Jelly THẠCH Orion MIX VỊ hộp 60 gói (750g),https://shopee.vn/product/289646907/26361847161,https://down-vn.img.susercontent.com/file/vn-11134207-81ztc-mnfhezileupw29,"[""https://down-vn.img.susercontent.com/file/vn-11134207-81ztc-mnfhezileupw29"", ""https://down-vn.img.susercontent.com/file/vn-11134207-7ras8-m0dxfdmcrtsf3b"", ""https://down-vn.img.susercontent.com/file/vn-11134207-7ra0g-maao9jlgxtuz5c""]","[""OFFICIAL_SHOP""]","[""vn-11134258-7r98o-lyb3kdam2qw17d""]",30VCX[26.6-9.7.2026],vn-11134258-81ztc-mpuan4n576yqc2,False,False,False,1726801630,186000,216000,216000,14,0,VCXFM30K107,30000,1782838800.0,1782925140.0,99000,5000,334,4.905222437137331,1034,"[7, 4, 16, 26, 981]",[],ORION,3395424.0,100629,"[100629, 100646, 100794]",509,,"[""""]"
Shopee,,vn,2026-07-01,289646907,orion-official-store,Orion VN Official Store,Tỉnh Bắc Ninh,46207476417,Combo 3 Túi Bánh Custas Bakery Castella Trứng Lava (3 Gói/Túi),https://shopee.vn/product/289646907/46207476417,https://down-vn.img.susercontent.com/file/vn-11134207-81ztc-mm1grg1x89oj9f,"[""https://down-vn.img.susercontent.com/file/vn-11134207-81ztc-mm1grg1x89oj9f"", ""https://down-vn.img.susercontent.com/file/vn-11134207-81ztc-mmjz8sb0ts751b"", ""https://down-vn.img.susercontent.com/file/vn-11134207-81ztc-mmjz8sb0sdmp48""]","[""OFFICIAL_SHOP""]","[""vn-11134258-7r98o-lyb3kdam2qw17d""]",30VCX[26.6-9.7.2026],vn-11134258-81ztc-mpuan4n576yqc2,False,False,False,1773990425,113520,132000,132000,14,0,VCXFM30K107,18480,1782838800.0,1782925140.0,99000,5000,4000,4.907051282051282,312,"[2, 0, 3, 15, 292]",[],ORION,3395424.0,100629,"[100629, 100654, 100858]",844,,"[""""]"
Shopee,,vn,2026-07-01,289646907,orion-official-store,Orion VN Official Store,Tỉnh Bắc Ninh,25027863990,Combo 2 Hộp 12 gói bánh Orion Custas 12P tiramisu (282G),https://shopee.vn/product/289646907/25027863990,https://down-vn.img.susercontent.com/file/vn-11134207-7ras8-m34h7mh6o6jdfc,"[""https://down-vn.img.susercontent.com/file/vn-11134207-7ras8-m34h7mh6o6jdfc"", ""https://down-vn.img.susercontent.com/file/vn-11134207-7ras8-m1xu0mtwgr7jce"", ""https://down-vn.img.susercontent.com/file/vn-11134207-7ras8-m1xu0mtwfccz6a"", ""https://down-vn.img.susercontent.com/file/vn-11134207-7ras8-m1xu0mtwdy2nc4"", ""https://down-vn.img.susercontent.com/file/vn-11134207-7ras8-m1xu0mtwfcn33a"", ""https://down-vn.img.susercontent.com/file/vn-11134207-7ras8-m1xu0mtwdxsj3c""]","[""OFFICIAL_SHOP""]","[""vn-11134258-7r98o-lyb3kdam2qw17d""]",30VCX[26.6-9.7.2026],vn-11134258-81ztc-mpuan4n576yqc2,False,False,False,1714644819,123840,144000,144000,14,0,VCXFM30K107,20160,1782838800.0,1782925140.0,99000,10000,981,4.898611111111111,1446,"[17, 5, 12, 39, 1373]",[],ORION,3395424.0,100629,"[100629, 100654, 100857]",876,,"[""""]"
Shopee,,vn,2026-07-01,289646907,orion-official-store,Orion VN Official Store,Tỉnh Bắc Ninh,44112379715,Combo 8 Hộp bánh Cá Marine Boy Orion vị Rong Biển Tuyết Xanh 35g/hộp,https://shopee.vn/product/289646907/44112379715,https://down-vn.img.susercontent.com/file/vn-11134207-81ztc-mot5ycirwoow3c,"[""https://down-vn.img.susercontent.com/file/vn-11134207-81ztc-mot5ycirwoow3c"", ""https://down-vn.img.susercontent.com/file/vn-11134207-81ztc-mot5ycifjeocfc"", ""https://down-vn.img.susercontent.com/file/vn-11134207-820l4-mjwmv66animeb6"", ""https://down-vn.img.susercontent.com/file/vn-11134207-820l4-mjwmunawx1xj45"", ""https://down-vn.img.susercontent.com/file/vn-11134207-820l4-mfkj4stiodfz22""]","[""OFFICIAL_SHOP""]","[""vn-11134258-7r98o-lyb3kdam2qw17d""]",18VCX+SSCBundle[1.7],vn-11134258-81ztc-mpuaa0q603kffe,False,False,False,1754983144,103200,120000,120000,14,0,VCXFM30K107,16800,1782838800.0,1782925140.0,99000,2000,746,4.891566265060241,332,"[6, 0, 2, 8, 316]",[],ORION,3395424.0,100629,"[100629, 100646, 100787]",113,,"[""""]"
Shopee,,vn,2026-07-01,289646907,orion-official-store,Orion VN Official Store,Tỉnh Bắc Ninh,25578062299,Combo 3 Túi 5 gói bánh ăn sáng Orion C'est Bon sốt nhân kem trứng muối (101.5G),https://shopee.vn/product/289646907/25578062299,https://down-vn.img.susercontent.com/file/vn-11134207-7ras8-mdjutl41bn3g1e,"[""https://down-vn.img.susercontent.com/file/vn-11134207-7ras8-mdjutl41bn3g1e"", ""https://down-vn.img.susercontent.com/file/vn-11134207-7r98o-lzriac73adnl74"", ""https://down-vn.img.susercontent.com/file/vn-11134207-7r98o-lzriac73el3h9c"", ""https://down-vn.img.susercontent.com/file/vn-11134207-7r98o-lzriac73bs81a5"", ""https://down-vn.img.susercontent.com/file/vn-11134207-7r98o-lzriac73d6j1b6""]","[""OFFICIAL_SHOP""]","[""vn-11134258-7r98o-lyb3kdam2qw17d""]",18VCX+SSCBundle[1.7],vn-11134258-81ztc-mpuaa0q603kffe,False,False,False,1714718200,79200,90000,90000,12,0,17GIAM30K1,10800,1782838800.0,1782925140.0,50000,7000,2000,4.928443649373882,1118,"[9, 4, 7, 18, 1080]",[],ORION,3395424.0,100629,"[100629, 100654, 100858]",264,,"[""""]"
Shopee,,vn,2026-07-01,289646907,orion-official-store,Orion VN Official Store,Tỉnh Bắc Ninh,22327674524,Combo 2 Hộp Bánh Goute Hạt dinh dưỡng (8 Gói/hộp),https://shopee.vn/product/289646907/22327674524,https://down-vn.img.susercontent.com/file/vn-11134207-7ras8-mdfrncpqxwdra8,"[""https://down-vn.img.susercontent.com/file/vn-11134207-7ras8-mdfrncpqxwdra8"", ""https://down-vn.img.susercontent.com/file/vn-11134207-7ras8-mdfrncwyore926"", ""https://down-vn.img.susercontent.com/file/vn-11134207-7ras8-mdfrkkyix9yk29"", ""https://down-vn.img.susercontent.com/file/vn-11134207-7ras8-mdfrkkzcxgat92"", ""https://down-vn.img.susercontent.com/file/vn-11134207-7ras8-mdfrkkzcyuv95a"", ""https://down-vn.img.susercontent.com/file/vn-11134207-7ras8-mdfrkkzcxgoc29"", ""https://down-vn.img.susercontent.com/file/vn-11134207-7ras8-mdfrhshrzcg582""]","[""OFFICIAL_SHOP""]","[""vn-11134258-7r98o-lyb3kdam2qw17d""]",18VCX+SSCBundle[1.7],vn-11134258-81ztc-mpuaa0q603kffe,False,False,False,1677419448,99760,116000,116000,14,0,VCXFM30K107,16240,1782838800.0,1782925140.0,99000,5000,358,4.885682574916759,901,"[10, 2, 16, 25, 848]",[],ORION,3395424.0,100629,"[100629, 100646, 100787]",135,,"[""""]"
Shopee,,vn,2026-07-01,289646907,orion-official-store,Orion VN Official Store,Thành phố Hồ Chí Minh,45857464389,Thùng Bánh Chocopie Tình 12P (8 Hộp/Thùng),https://shopee.vn/product/289646907/45857464389,https://down-vn.img.susercontent.com/file/vn-11134207-81ztc-mmjz54wnhngob5,"[""https://down-vn.img.susercontent.com/file/vn-11134207-81ztc-mmjz54wnhngob5"", ""https://down-vn.img.susercontent.com/file/vn-11134207-81ztc-mmjz54wrcpoj27"", ""https://down-vn.img.susercontent.com/file/vn-11134207-81ztc-mm1ka931ww7c57"", ""https://down-vn.img.susercontent.com/file/vn-11134207-81ztc-mmjz54wrwdn378"", ""https://down-vn.img.susercontent.com/file/vn-11134207-81ztc-mm1l0hg57tvp7a"", ""https://down-vn.img.susercontent.com/file/vn-11134207-81ztc-mm1l0hg7a9z863""]","[""OFFICIAL_SHOP""]","[""vn-11134258-7r98o-lyb3kdam2qw17d""]",30VCX[26.6-9.7.2026],vn-11134258-81ztc-mpuan4n576yqc2,False,False,False,1773996515,461480,576000,576000,20,0,FM250K107,94520,1782838800.0,1782925140.0,300000,2000,1000,4.924418604651163,180,"[1, 0, 3, 3, 173]",[],ORION,3395424.0,100629,"[100629, 100654, 100858]",37,,"[""""]"
Shopee,,vn,2026-07-01,289646907,orion-official-store,Orion VN Official Store,Tỉnh Bắc Ninh,25728109731,Combo 3 Túi Bánh Gạo Nướng An Orion vị Tảo Biển 111.3g/Túi,https://shopee.vn/product/289646907/25728109731,https://down-vn.img.susercontent.com/file/vn-11134207-81ztc-mot5t39yemmjdf,"[""https://down-vn.img.susercontent.com/file/vn-11134207-81ztc-mot5t39yemmjdf"", ""https://down-vn.img.susercontent.com/file/vn-11134207-81ztc-mot5t3a0cv0u69"", ""https://down-vn.img.susercontent.com/file/vn-11134207-7r98o-lzseynrard598d"", ""https://down-vn.img.susercontent.com/file/vn-11134207-7r98o-lzseynrardep92"", ""https://down-vn.img.susercontent.com/file/vn-11134207-7r98o-lzseynrasrz546"", ""https://down-vn.img.susercontent.com/file/vn-11134207-7r98o-lzseynrasrppf3""]","[""OFFICIAL_SHOP""]","[""vn-11134258-7r98o-lyb3kdam2qw17d""]",18VCX+SSCBundle[1.7],vn-11134258-81ztc-mpuaa0q603kffe,False,False,False,1714728552,76560,87000,87000,12,0,17GIAM30K1,10440,1782838800.0,1782925140.0,50000,4000,540,4.919402985074627,670,"[6, 0, 5, 20, 639]",[],ORION,3395424.0,100629,"[100629, 100646, 100787]",116,,"[""""]"
Shopee,,vn,2026-07-01,289646907,orion-official-store,Orion VN Official Store,Tỉnh Bắc Ninh,22227670295,Combo 2 Hộp Bánh Orion Custas Nhân Kem Trứng (282g/hộp),https://shopee.vn/product/289646907/22227670295,https://down-vn.img.susercontent.com/file/vn-11134207-820l4-mgrqwn5yjocs85,"[""https://down-vn.img.susercontent.com/file/vn-11134207-820l4-mgrqwn5yjocs85"", ""https://down-vn.img.susercontent.com/file/vn-11134207-820l4-mgrqvnmwj4zxee"", ""https://down-vn.img.susercontent.com/file/vn-11134207-820l4-mgrqvnmmi51pe3"", ""https://down-vn.img.susercontent.com/file/vn-11134207-820l4-mfkj4stiodfz22""]","[""OFFICIAL_SHOP""]","[""vn-11134258-7r98o-lyb3kdam2qw17d""]",30VCX[26.6-9.7.2026],vn-11134258-81ztc-mpuan4n576yqc2,False,False,False,1677419837,123840,144000,144000,14,0,VCXFM30K107,20160,1782838800.0,1782925140.0,99000,10000,971,4.911551155115512,1520,"[13, 9, 10, 35, 1453]",[],ORION,3395424.0,100629,"[100629, 100654, 100857]",382,,"[""""]"
Shopee,,vn,2026-07-01,289646907,orion-official-store,Orion VN Official Store,Tỉnh Bắc Ninh,28952745890,Combo 3 Túi 8 gói bánh ăn sáng Orion C'est Bon sợi thịt gà truyền thống (136G),https://shopee.vn/product/289646907/28952745890,https://down-vn.img.susercontent.com/file/vn-11134207-7ras8-mdjuqunfeqwcd1,"[""https://down-vn.img.susercontent.com/file/vn-11134207-7ras8-mdjuqunfeqwcd1"", ""https://down-vn.img.susercontent.com/file/vn-11134207-7r98o-lzshlm0ql3yl1c"", ""https://down-vn.img.susercontent.com/file/vn-11134207-7r98o-lzshlm0ql481e7"", ""https://down-vn.img.susercontent.com/file/vn-11134207-7r98o-lzshlm0qmish19"", ""https://down-vn.img.susercontent.com/file/vn-11134207-7r98o-lzshlm0qjpe5c6""]","[""OFFICIAL_SHOP""]","[""vn-11134258-7r98o-lyb3kdam2qw17d""]",30VCX[26.6-9.7.2026],vn-11134258-81ztc-mpuan4n576yqc2,False,False,False,1718270290,113520,132000,132000,14,0,VCXFM30K107,18480,1782838800.0,1782925140.0,99000,3000,882,4.911949685534591,159,"[2, 1, 0, 3, 153]",[],ORION,3395424.0,100629,"[100629, 100654, 100858]",109,,"[""""]"
Shopee,,vn,2026-07-01,289646907,orion-official-store,Orion VN Official Store,Tỉnh Bắc Ninh,23459135184,Combo 5 Túi Bánh Nướng Giòn C'est Bon Orion Baguette Vị Bơ Tỏi Đút Lò (5 gói/Túi),https://shopee.vn/product/289646907/23459135184,https://down-vn.img.susercontent.com/file/vn-11134207-81ztc-mot5wri2kg003c,"[""https://down-vn.img.susercontent.com/file/vn-11134207-81ztc-mot5wri2kg003c"", ""https://down-vn.img.susercontent.com/file/vn-11134207-81ztc-mot5wri2df65cd"", ""https://down-vn.img.susercontent.com/file/vn-11134207-7r98o-lzrjulz0t6bx0c"", ""https://down-vn.img.susercontent.com/file/vn-11134207-7r98o-lzrjulz0ul5te4"", ""https://down-vn.img.susercontent.com/file/vn-11134207-7r98o-lzrjulz0ukwd3a"", ""https://down-vn.img.susercontent.com/file/vn-11134207-7r98o-lzrjulz0vzq948""]","[""OFFICIAL_SHOP""]","[""vn-11134258-7r98o-lyb3kdam2qw17d""]",30VCX[26.6-9.7.2026],vn-11134258-81ztc-mpuan4n576yqc2,False,False,False,1698283891,190000,220000,220000,14,0,VCXFM30K107,30000,1782838800.0,1782925140.0,99000,10000,2000,4.931526390870186,701,"[1, 3, 8, 19, 670]",[],ORION,3395424.0,100629,"[100629, 100646, 100787]",557,,"[""""]"
Shopee,,vn,2026-07-01,289646907,orion-official-store,Orion VN Official Store,Tỉnh Bắc Ninh,28702746044,"Combo 3 Túi 8 gói bánh ăn sáng Orion C'est Bon sợi thịt gà sốt kem phô mai (162,4G)",https://shopee.vn/product/289646907/28702746044,https://down-vn.img.susercontent.com/file/vn-11134207-7ras8-mdjuumfipltx20,"[""https://down-vn.img.susercontent.com/file/vn-11134207-7ras8-mdjuumfipltx20"", ""https://down-vn.img.susercontent.com/file/vn-11134207-7r98o-lzsgxz9xic2p01"", ""https://down-vn.img.susercontent.com/file/vn-11134207-7r98o-lzsgxz9xibt909"", ""https://down-vn.img.susercontent.com/file/vn-11134207-7r98o-lzsgxz9xjqn52c"", ""https://down-vn.img.susercontent.com/file/vn-11134207-7r98o-lzsgxz9xjqdp86""]","[""OFFICIAL_SHOP""]","[""vn-11134258-7r98o-lyb3kdam2qw17d""]",30VCX[26.6-9.7.2026],vn-11134258-81ztc-mpuan4n576yqc2,False,False,False,1718270563,113520,132000,132000,14,0,VCXFM30K107,18480,1782838800.0,1782925140.0,99000,8000,4000,4.946847960444994,809,"[3, 0, 6, 19, 781]",[],ORION,3395424.0,100629,"[100629, 100654, 100856]",172,,"[""""]"
Shopee,,vn,2026-07-01,289646907,orion-official-store,Orion VN Official Store,Tỉnh Bắc Ninh,28292038558,Combo 5 Bánh snack Toonies Dipping Sốt Chấm Phô Mai Cay 57G/Gói,https://shopee.vn/product/289646907/28292038558,https://down-vn.img.susercontent.com/file/vn-11134207-820l4-mf0ncuhozbbd65,"[""https://down-vn.img.susercontent.com/file/vn-11134207-820l4-mf0ncuhozbbd65"", ""https://down-vn.img.susercontent.com/file/vn-11134207-820l4-mf0ncuhmn18t59"", ""https://down-vn.img.susercontent.com/file/vn-11134207-820l4-mf0m5hilgtu1df""]","[""OFFICIAL_SHOP""]","[""vn-11134258-7r98o-lyb3kdam2qw17d""]",18VCX+SSCBundle[1.7],vn-11134258-81ztc-mpuaa0q603kffe,False,False,False,1758686526,79200,90000,90000,12,0,17GIAM30K1,10800,1782838800.0,1782925140.0,50000,816,268,4.916666666666667,120,"[0, 1, 0, 7, 112]",[],ORION,3395424.0,100629,"[100629, 100646, 100788]",96,,"[""""]"
Shopee,,vn,2026-07-01,289646907,orion-official-store,Orion VN Official Store,Tỉnh Bắc Ninh,26900493910,"Combo 3 Túi Bánh Gạo Nướng Orion An Vị Tự Nhiên 151,2g/Túi",https://shopee.vn/product/289646907/26900493910,https://down-vn.img.susercontent.com/file/vn-11134207-81ztc-mot5qx4nu49749,"[""https://down-vn.img.susercontent.com/file/vn-11134207-81ztc-mot5qx4nu49749"", ""https://down-vn.img.susercontent.com/file/vn-11134207-81ztc-mot5qx4flqfg9e"", ""https://down-vn.img.susercontent.com/file/vn-11134207-7r98o-lzsgfj9t74250d"", ""https://down-vn.img.susercontent.com/file/vn-11134207-7r98o-lzsgfj9t9x71e3"", ""https://down-vn.img.susercontent.com/file/vn-11134207-7r98o-lzsgfj9t8iml40"", ""https://down-vn.img.susercontent.com/file/vn-11134207-7r98o-lzsgfj9t9xgh5f""]","[""OFFICIAL_SHOP""]","[""vn-11134258-7r98o-lyb3kdam2qw17d""]",18VCX+SSCBundle[1.7],vn-11134258-81ztc-mpuaa0q603kffe,False,False,False,1716259781,76560,87000,87000,12,0,17GIAM30K1,10440,1782838800.0,1782925140.0,50000,2000,704,4.9186046511627906,258,"[1, 1, 3, 8, 245]",[],ORION,3395424.0,100629,"[100629, 100646, 100787]",25,,"[""""]"
Shopee,,vn,2026-07-01,289646907,orion-official-store,Orion VN Official Store,Tỉnh Bắc Ninh,27168939726,Combo 2 Hộp 10 Gói Bánh kiểu Âu OPERA (280g),https://shopee.vn/product/289646907/27168939726,https://down-vn.img.susercontent.com/file/vn-11134207-820l4-mgrr0dxiyqdk43,"[""https://down-vn.img.susercontent.com/file/vn-11134207-820l4-mgrr0dxiyqdk43"", ""https://down-vn.img.susercontent.com/file/vn-11134207-820l4-mgrqzha4muiyc5"", ""https://down-vn.img.susercontent.com/file/vn-11134207-820l4-mgrqzhapxslp32"", ""https://down-vn.img.susercontent.com/file/vn-11134207-820l4-mfkj4stiodfz22""]","[""OFFICIAL_SHOP""]","[""vn-11134258-7r98o-lyb3kdam2qw17d""]",30VCX[26.6-9.7.2026],vn-11134258-81ztc-mpuan4n576yqc2,False,False,False,1732700834,129000,150000,150000,14,0,VCXFM30K107,21000,1782838800.0,1782925140.0,99000,3000,157,4.88368580060423,662,"[6, 7, 6, 20, 623]",[],ORION,3395424.0,100629,"[100629, 100654, 100858]",168,,"[""""]"
Shopee,,vn,2026-07-01,289646907,orion-official-store,Orion VN Official Store,Thành phố Hồ Chí Minh,24391148394,[ĐỘC QUYỀN] Hộp Bánh Bống Bang Family Pack 20 Gói (580g),https://shopee.vn/product/289646907/24391148394,https://down-vn.img.susercontent.com/file/vn-11134207-7ras8-mdk4dzqrfd0xf7,"[""https://down-vn.img.susercontent.com/file/vn-11134207-7ras8-mdk4dzqrfd0xf7"", ""https://down-vn.img.susercontent.com/file/vn-11134207-7ras8-m5y22kpvaxmg4b"", ""https://down-vn.img.susercontent.com/file/vn-11134207-7ras8-m5y22kq5aigz61"", ""https://down-vn.img.susercontent.com/file/vn-11134207-7ras8-m5y22kpvcc6w28"", ""https://down-vn.img.susercontent.com/file/vn-11134207-7ras8-m5y22kpvcbnn8f"", ""https://down-vn.img.susercontent.com/file/vn-11134207-7ra0g-maao9jlgxtuz5c""]","[""OFFICIAL_SHOP""]","[""vn-11134258-7r98o-lyb3kdam2qw17d""]",30VCX[26.6-9.7.2026],vn-11134258-81ztc-mpuan4n576yqc2,False,False,False,1738917610,129000,150000,150000,14,0,VCXFM30K107,21000,1782838800.0,1782925140.0,99000,2000,356,4.945425361155698,623,"[1, 3, 3, 15, 601]",[],ORION,3395424.0,100629,"[100629, 100654, 100858]",350,,"[""""]"
Shopee,,vn,2026-07-01,289646907,orion-official-store,Orion VN Official Store,Tỉnh Bắc Ninh,23727675986,"Combo 2 Hộp 12 gói Bánh Custas vị Cốm Sen Hà Nội (282,6g/hộp)",https://shopee.vn/product/289646907/23727675986,https://down-vn.img.susercontent.com/file/vn-11134207-820l4-mgrqtvhw3z0v35,"[""https://down-vn.img.susercontent.com/file/vn-11134207-820l4-mgrqtvhw3z0v35"", ""https://down-vn.img.susercontent.com/file/vn-11134207-820l4-mgrqpqj4g3yn2f"", ""https://down-vn.img.susercontent.com/file/vn-11134207-820l4-mgrqpqj422a2a8"", ""https://down-vn.img.susercontent.com/file/vn-11134207-820l4-mfkj4stiodfz22""]","[""OFFICIAL_SHOP""]","[""vn-11134258-7r98o-lyb3kdam2qw17d""]",30VCX[26.6-9.7.2026],vn-11134258-81ztc-mpuan4n576yqc2,False,False,False,1677420769,123840,144000,144000,14,0,VCXFM30K107,20160,1782838800.0,1782925140.0,99000,7000,611,4.903351519875292,1284,"[8, 4, 17, 46, 1209]",[],ORION,3395424.0,100629,"[100629, 100654, 100857]",233,,"[""""]"
Shopee,,vn,2026-07-01,289646907,orion-official-store,Orion VN Official Store,Tỉnh Bắc Ninh,23027666001,Combo 2 Hộp Bánh Orion Chocopie ĐẬM (396g/hộp),https://shopee.vn/product/289646907/23027666001,https://down-vn.img.susercontent.com/file/vn-11134207-7ras8-mdjvewd2jlpoae,"[""https://down-vn.img.susercontent.com/file/vn-11134207-7ras8-mdjvewd2jlpoae"", ""https://down-vn.img.susercontent.com/file/vn-11134207-7r98o-lzr123c2y8gd2b"", ""https://down-vn.img.susercontent.com/file/vn-11134207-7r98o-lzr123c2vfbh8b"", ""https://down-vn.img.susercontent.com/file/vn-11134207-7r98o-lzr123c2wtvx44"", ""https://down-vn.img.susercontent.com/file/vn-11134207-7r98o-lzr123c2wu5d43"", ""https://down-vn.img.susercontent.com/file/vn-11134207-7r98o-lzr123c2vfkxb8""]","[""OFFICIAL_SHOP""]","[""vn-11134258-7r98o-lyb3kdam2qw17d""]",30VCX[26.6-9.7.2026],vn-11134258-81ztc-mpuan4n576yqc2,False,False,False,1677418690,123840,144000,144000,14,0,VCXFM30K107,20160,1782838800.0,1782925140.0,99000,6000,327,4.926527958387516,1538,"[15, 3, 8, 28, 1484]",[],ORION,3395424.0,100629,"[100629, 100654, 100857]",383,,"[""""]"
Shopee,,vn,2026-07-01,289646907,orion-official-store,Orion VN Official Store,Tỉnh Bắc Ninh,23565208439,Combo 3 Túi Bánh Gạo An vị Ngô nướng Bơ (120g/Túi),https://shopee.vn/product/289646907/23565208439,https://down-vn.img.susercontent.com/file/vn-11134207-7ras8-mdjufbqokt2n4d,"[""https://down-vn.img.susercontent.com/file/vn-11134207-7ras8-mdjufbqokt2n4d"", ""https://down-vn.img.susercontent.com/file/vn-11134207-7ra0g-m77b25lbcg4h29"", ""https://down-vn.img.susercontent.com/file/vn-11134207-7ra0g-m77b25lva7on9d"", ""https://down-vn.img.susercontent.com/file/vn-11134207-7ra0g-m77b25lbb0x335"", ""https://down-vn.img.susercontent.com/file/vn-11134207-7ra0g-m77b25lbb1k17f""]","[""OFFICIAL_SHOP""]","[""vn-11134258-7r98o-lyb3kdam2qw17d""]",18VCX+SSCBundle[1.7],vn-11134258-81ztc-mpuaa0q603kffe,False,False,False,1741656913,100620,117000,117000,14,0,VCXFM30K107,16380,1782838800.0,1782925140.0,99000,3000,2000,4.928,375,"[2, 2, 2, 9, 360]",[],ORION,3395424.0,100629,"[100629, 100646, 100787]",116,,"[""""]"
Shopee,,vn,2026-07-01,289646907,orion-official-store,Orion VN Official Store,Tỉnh Bắc Ninh,28353888202,Combo 3 túi bánh gạo nướng An vị Cốm Sen 168G,https://shopee.vn/product/289646907/28353888202,https://down-vn.img.susercontent.com/file/vn-11134207-7ras8-mdju5vlcf8hx49,"[""https://down-vn.img.susercontent.com/file/vn-11134207-7ras8-mdju5vlcf8hx49"", ""https://down-vn.img.susercontent.com/file/vn-11134207-7ras8-m0vbo32kntnx27"", ""https://down-vn.img.susercontent.com/file/vn-11134207-7ras8-m0vbo32kqn4fd5"", ""https://down-vn.img.susercontent.com/file/vn-11134207-7ras8-m0vbo32kmf3hb2"", ""https://down-vn.img.susercontent.com/file/vn-11134207-7ras8-m0vbo32kntzjcd"", ""https://down-vn.img.susercontent.com/file/vn-11134207-7ras8-m0vbo32kp8jze5""]","[""OFFICIAL_SHOP""]","[""vn-11134258-7r98o-lyb3kdam2qw17d""]",18VCX+SSCBundle[1.7],vn-11134258-81ztc-mpuaa0q603kffe,False,False,False,1719485509,100620,117000,117000,14,0,VCXFM30K107,16380,1782838800.0,1782925140.0,99000,2000,523,4.953488372093023,430,"[0, 1, 4, 9, 416]",[],ORION,3395424.0,100629,"[100629, 100646, 100787]",115,,"[""""]"
Shopee,,vn,2026-07-01,289646907,orion-official-store,Orion VN Official Store,Tỉnh Bắc Ninh,22327681194,Combo 2 Hộp 12 gói Bánh Chocopie vị Dưa Hấu (336g),https://shopee.vn/product/289646907/22327681194,https://down-vn.img.susercontent.com/file/vn-11134207-820l4-mgyx775wyfpl49,"[""https://down-vn.img.susercontent.com/file/vn-11134207-820l4-mgyx775wyfpl49"", ""https://down-vn.img.susercontent.com/file/vn-11134207-820l4-mgyx776lytqk14"", ""https://down-vn.img.susercontent.com/file/vn-11134207-820l4-mgyx776gz11lbb"", ""https://down-vn.img.susercontent.com/file/vn-11134207-820l4-mgyx776r00zt5e"", ""https://down-vn.img.susercontent.com/file/vn-11134207-820l4-mgyx776yq5fu56""]","[""OFFICIAL_SHOP""]","[""vn-11134258-7r98o-lyb3kdam2qw17d""]",30VCX[26.6-9.7.2026],vn-11134258-81ztc-mpuan4n576yqc2,False,False,False,1677421119,118680,138000,138000,14,0,VCXFM30K107,19320,1782838800.0,1782925140.0,99000,1000,612,4.898477157360406,197,"[1, 1, 1, 11, 183]",[],ORION,3395424.0,100629,"[100629, 100654, 100857]",57,,"[""""]"
Shopee,,vn,2026-07-01,289646907,orion-official-store,Orion VN Official Store,Thành phố Hồ Chí Minh,43579391371,Thùng Bánh Custas Kem Trứng 12P (8 Hộp/Thùng),https://shopee.vn/product/289646907/43579391371,https://down-vn.img.susercontent.com/file/vn-11134207-81ztc-mmjz2dhg6neq72,"[""https://down-vn.img.susercontent.com/file/vn-11134207-81ztc-mmjz2dhg6neq72"", ""https://down-vn.img.susercontent.com/file/vn-11134207-81ztc-mmjz2dhceebze6"", ""https://down-vn.img.susercontent.com/file/vn-11134207-81ztc-mmjz2dhcbl6t2d"", ""https://down-vn.img.susercontent.com/file/vn-11134207-81ztc-mm1kqz0x28ege9"", ""https://down-vn.img.susercontent.com/file/vn-11134207-81ztc-mm1kz0bls4r3e9""]","[""OFFICIAL_SHOP""]","[""vn-11134258-7r98o-lyb3kdam2qw17d""]",30VCX[26.6-9.7.2026],vn-11134258-81ztc-mpuan4n576yqc2,False,False,False,1773997075,461480,576000,576000,20,0,FM250K107,94520,1782838800.0,1782925140.0,300000,2000,1000,4.891213389121339,247,"[2, 0, 7, 4, 234]",[],ORION,3395424.0,100629,"[100629, 100654, 100857]",26,,"[""""]"
Shopee,,vn,2026-07-01,289646907,orion-official-store,Orion VN Official Store,Thành phố Hồ Chí Minh,41853192625,[ĐỘC QUYỀN] Hộp 15 Gói Bánh Nướng Giòn Vị Bơ Tỏi Orion C'est Bon Baguette (540g),https://shopee.vn/product/289646907/41853192625,https://down-vn.img.susercontent.com/file/vn-11134207-7ras8-mal4qiurse6v48,"[""https://down-vn.img.susercontent.com/file/vn-11134207-7ras8-mal4qiurse6v48"", ""https://down-vn.img.susercontent.com/file/vn-11134207-7ras8-mbdo99dz170hc3"", ""https://down-vn.img.susercontent.com/file/vn-11134207-7ras8-mbdoapzo208je6"", ""https://down-vn.img.susercontent.com/file/vn-11134207-7ra0g-maao9jlgxtuz5c""]","[""OFFICIAL_SHOP""]","[""vn-11134258-7r98o-lyb3kdam2qw17d""]",30VCX[26.6-9.7.2026],vn-11134258-81ztc-mpuan4n576yqc2,False,False,False,1749030366,118680,138000,138000,14,0,VCXFM30K107,19320,1782838800.0,1782925140.0,99000,8000,2000,4.927374301675978,179,"[0, 1, 2, 6, 170]",[],ORION,3395424.0,100629,"[100629, 100654, 100858]",576,,"[""""]"
Shopee,,vn,2026-07-01,289646907,orion-official-store,Orion VN Official Store,Tỉnh Bắc Ninh,25228640065,Combo 5 Gói Kẹo ngậm HỌNG vị gừng mật ong gói 84G,https://shopee.vn/product/289646907/25228640065,https://down-vn.img.susercontent.com/file/vn-11134207-7ras8-mdjvrz37oypxde,"[""https://down-vn.img.susercontent.com/file/vn-11134207-7ras8-mdjvrz37oypxde"", ""https://down-vn.img.susercontent.com/file/vn-11134207-7r98o-lzq57xjomde5e9"", ""https://down-vn.img.susercontent.com/file/vn-11134207-7r98o-lzq57xjoi5y989"", ""https://down-vn.img.susercontent.com/file/vn-11134207-7r98o-lzq57xjoi5otb8"", ""https://down-vn.img.susercontent.com/file/vn-11134207-7r98o-lzq57xjojkipae""]","[""OFFICIAL_SHOP""]","[""vn-11134258-7r98o-lyb3kdam2qw17d""]",18VCX+SSCBundle[1.7],vn-11134258-81ztc-mpuaa0q603kffe,False,False,False,1714963110,86000,100000,100000,14,0,VCXFM30K107,14000,1782838800.0,1782925140.0,99000,4000,1000,4.952662721893491,676,"[2, 2, 2, 14, 656]",[],,,100629,"[100629, 100646, 100785]",59,,"[""""]"
Shopee,,vn,2026-07-01,289646907,orion-official-store,Orion VN Official Store,Tỉnh Bắc Ninh,55601794933,"Combo 2 Hộp 18 Gói Bánh Orion Chocopie Tình Vị Truyền Thống (653,4g/Hộp)",https://shopee.vn/product/289646907/55601794933,https://down-vn.img.susercontent.com/file/vn-11134207-820l4-mhlt373xqxae05,"[""https://down-vn.img.susercontent.com/file/vn-11134207-820l4-mhlt373xqxae05"", ""https://down-vn.img.susercontent.com/file/vn-11134207-820l4-mhk0bk6nauio83"", ""https://down-vn.img.susercontent.com/file/vn-11134207-820l4-mhk0bk6bva4j0e"", ""https://down-vn.img.susercontent.com/file/vn-11134207-820l4-mhlt3dh2k45i54""]","[""OFFICIAL_SHOP""]","[""vn-11134258-7r98o-lyb3kdam2qw17d""]",30VCX[26.6-9.7.2026],vn-11134258-81ztc-mpuan4n576yqc2,False,False,False,1763633241,170280,198000,198000,14,0,VCXFM30K107,27720,1782838800.0,1782925140.0,99000,4000,1000,4.8625,400,"[8, 0, 6, 11, 375]",[],ORION,3395424.0,100629,"[100629, 100654, 100858]",73,,"[""""]"
Shopee,,vn,2026-07-01,289646907,orion-official-store,Orion VN Official Store,Tỉnh Bắc Ninh,27128180756,[LIVESTREAM] [ĐỘC QUYỀN] Kẹo dẻo Boom Jelly THẠCH Orion MIX VỊ hộp 60 gói (750g),https://shopee.vn/product/289646907/27128180756,https://down-vn.img.susercontent.com/file/vn-11134207-81ztc-mnfhezileupw29,"[""https://down-vn.img.susercontent.com/file/vn-11134207-81ztc-mnfhezileupw29"", ""https://down-vn.img.susercontent.com/file/vn-11134207-7ra0g-m760w2x05b4x92""]","[""OFFICIAL_SHOP""]","[""vn-11134258-7r98o-lyb3kdam2qw17d""]",30VCX[26.6-9.7.2026],vn-11134258-81ztc-mpuan4n576yqc2,False,False,False,1740998407,186000,216000,216000,14,0,VCXFM30K107,30000,1782838800.0,1782925140.0,99000,913,205,4.971223021582734,139,"[0, 1, 0, 1, 137]",[],ORION,3395424.0,100629,"[100629, 100646, 100794]",48,,"[""""]"
Shopee,,vn,2026-07-01,289646907,orion-official-store,Orion VN Official Store,Tỉnh Bắc Ninh,26233488173,[ĐỘC QUYỀN] Kẹo ngậm dịu HỌNG nhiều vị (500g),https://shopee.vn/product/289646907/26233488173,https://down-vn.img.susercontent.com/file/vn-11134207-7ra0g-m8lio5uru8w2c5,"[""https://down-vn.img.susercontent.com/file/vn-11134207-7ra0g-m8lio5uru8w2c5"", ""https://down-vn.img.susercontent.com/file/vn-11134207-7ra0g-m8lio5urvngif2"", ""https://down-vn.img.susercontent.com/file/vn-11134207-7ra0g-m8lio5uru8n8e1"", ""https://down-vn.img.susercontent.com/file/vn-11134207-7ra0g-m8lio8rxkcp094""]","[""OFFICIAL_SHOP""]","[""vn-11134258-7r98o-lyb3kdam2qw17d""]",30VCX[26.6-9.7.2026],vn-11134258-81ztc-mpuan4n576yqc2,False,False,False,1744698810,111800,130000,130000,14,0,VCXFM30K107,18200,1782838800.0,1782925140.0,99000,1000,89,4.984076433121019,314,"[0, 0, 0, 5, 309]",[],ORION,3395424.0,100629,"[100629, 100646, 100785]",105,,"[""""]"
Shopee,,vn,2026-07-01,289646907,orion-official-store,Orion VN Official Store,Tỉnh Bắc Ninh,56257443079,Combo 2 Hộp Bánh Goute Creme Dâu (16 Gói/Hộp),https://shopee.vn/product/289646907/56257443079,https://down-vn.img.susercontent.com/file/vn-11134207-81ztc-mmv4ty7wl3b8be,"[""https://down-vn.img.susercontent.com/file/vn-11134207-81ztc-mmv4ty7wl3b8be"", ""https://down-vn.img.susercontent.com/file/vn-11134207-81ztc-mmv4ty7wmhvob4"", ""https://down-vn.img.susercontent.com/file/vn-11134207-81ztc-mmv4ty7vym80f7""]","[""OFFICIAL_SHOP""]","[""vn-11134258-7r98o-lyb3kdam2qw17d""]",30VCX[26.6-9.7.2026],vn-11134258-81ztc-mpuan4n576yqc2,False,False,False,1773991555,116960,136000,136000,14,0,VCXFM30K107,19040,1782838800.0,1782925140.0,99000,425,196,4.970149253731344,67,"[0, 0, 0, 2, 65]",[],ORION,3395424.0,100629,"[100629, 100646, 100787]",44,,"[""""]"
Shopee,,vn,2026-07-01,289646907,orion-official-store,Orion VN Official Store,Tỉnh Bắc Ninh,26052011768,Combo 3 gói bánh ăn sáng C'est Bon Sandwich Sốt Bơ Phô Mai Chà Bông Orion (147G x 6),https://shopee.vn/product/289646907/26052011768,https://down-vn.img.susercontent.com/file/vn-11134207-81ztc-mot5uvgsvw26b4,"[""https://down-vn.img.susercontent.com/file/vn-11134207-81ztc-mot5uvgsvw26b4"", ""https://down-vn.img.susercontent.com/file/vn-11134207-81ztc-mot5uvh2u2vg82"", ""https://down-vn.img.susercontent.com/file/vn-11134207-7r98o-lzqzeczrodhpac"", ""https://down-vn.img.susercontent.com/file/vn-11134207-7r98o-lzqzeczrodr5a7"", ""https://down-vn.img.susercontent.com/file/vn-11134207-7r98o-lzqzeczrmz6p1c"", ""https://down-vn.img.susercontent.com/file/vn-11134207-7r98o-lzqzeczrmyx908""]","[""OFFICIAL_SHOP""]","[""vn-11134258-7r98o-lyb3kdam2qw17d""]",30VCX[26.6-9.7.2026],vn-11134258-81ztc-mpuan4n576yqc2,False,False,False,1717580555,113520,132000,132000,14,0,VCXFM30K107,18480,1782838800.0,1782925140.0,99000,8000,2000,4.929770992366413,1310,"[4, 4, 10, 44, 1248]",[],ORION,3395424.0,100629,"[100629, 100654, 100858]",276,,"[""""]"
Shopee,,vn,2026-07-01,289646907,orion-official-store,Orion VN Official Store,Tỉnh Bắc Ninh,24027869690,Combo 3 Túi 5 gói bánh ăn sáng Orion C'est Bon sợi thịt gà truyền thống 85G/Túi,https://shopee.vn/product/289646907/24027869690,https://down-vn.img.susercontent.com/file/vn-11134207-81ztc-mot5ubst9bltc2,"[""https://down-vn.img.susercontent.com/file/vn-11134207-81ztc-mot5ubst9bltc2"", ""https://down-vn.img.susercontent.com/file/vn-11134207-81ztc-mot5ubss0dfw48"", ""https://down-vn.img.susercontent.com/file/vn-11134207-7r98o-lzsfe4u5kx1p6d"", ""https://down-vn.img.susercontent.com/file/vn-11134207-7r98o-lzsfe4u5jih9ac"", ""https://down-vn.img.susercontent.com/file/vn-11134207-7r98o-lzsfe4u5jiqp23"", ""https://down-vn.img.susercontent.com/file/vn-11134207-7r98o-lzsfe4u5kxb557""]","[""OFFICIAL_SHOP""]","[""vn-11134258-7r98o-lyb3kdam2qw17d""]",18VCX+SSCBundle[1.7],vn-11134258-81ztc-mpuaa0q603kffe,False,False,False,1714646411,79200,90000,90000,12,0,17GIAM30K1,10800,1782838800.0,1782925140.0,50000,2000,204,4.951841359773371,353,"[3, 0, 0, 5, 345]",[],ORION,3395424.0,100629,"[100629, 100646, 100787]",72,,"[""""]"
Shopee,,vn,2026-07-01,289646907,orion-official-store,Orion VN Official Store,Tỉnh Bắc Ninh,47660969325,COMBO 5 Hộp Bánh Snack Khoai Tây Nướng Yegam vị Nguyên Bản (64G/Hộp),https://shopee.vn/product/289646907/47660969325,https://down-vn.img.susercontent.com/file/vn-11134207-81ztc-mp8rzcnjuosg22,"[""https://down-vn.img.susercontent.com/file/vn-11134207-81ztc-mp8rzcnjuosg22"", ""https://down-vn.img.susercontent.com/file/vn-11134207-81ztc-mp8rvzzexix7cc"", ""https://down-vn.img.susercontent.com/file/vn-11134207-81ztc-mp8rvzzncxkw16""]","[""OFFICIAL_SHOP""]","[""vn-11134258-7r98o-lyb3kdam2qw17d""]",30VCX[26.6-9.7.2026],vn-11134258-81ztc-mpuan4n576yqc2,False,False,False,1779436105,137600,160000,160000,14,0,VCXFM30K107,22400,1782838800.0,1782925140.0,99000,56,45,5.0,12,"[0, 0, 0, 0, 12]",[],ORION,3395424.0,100629,"[100629, 100646, 100788]",5,,"[""""]"
Shopee,,vn,2026-07-01,289646907,orion-official-store,Orion VN Official Store,Tỉnh Bắc Ninh,45357467779,Combo 5 Túi Bánh Cest Bon Mochi Cốm Dừa (5 Gói/Túi),https://shopee.vn/product/289646907/45357467779,https://down-vn.img.susercontent.com/file/vn-11134207-81ztc-mm1gjjgidc02fb,"[""https://down-vn.img.susercontent.com/file/vn-11134207-81ztc-mm1gjjgidc02fb"", ""https://down-vn.img.susercontent.com/file/vn-11134207-81ztc-mmjza63mll36c4"", ""https://down-vn.img.susercontent.com/file/vn-11134207-81ztc-mmjza63moe8689"", ""https://down-vn.img.susercontent.com/file/vn-11134207-81ztc-mmjza63lxpfl88"", ""https://down-vn.img.susercontent.com/file/vn-11134207-81ztc-mmjza63gxwqw1c"", ""https://down-vn.img.susercontent.com/file/vn-11134207-81ztc-mmjti9guw1zj3f""]","[""OFFICIAL_SHOP""]","[""vn-11134258-7r98o-lyb3kdam2qw17d""]",30VCX[26.6-9.7.2026],vn-11134258-81ztc-mpuan4n576yqc2,False,False,False,1773990243,190000,220000,220000,14,0,VCXFM30K107,30000,1782838800.0,1782925140.0,99000,911,526,4.96078431372549,51,"[0, 0, 0, 2, 49]",[],ORION,3395424.0,100629,"[100629, 100654, 100858]",123,,"[""""]"
Shopee,,vn,2026-07-01,289646907,orion-official-store,Orion VN Official Store,Tỉnh Bắc Ninh,47704391486,"[ĐỘC QUYỀN] Hộp bánh Pie Orion mix 4 vị (697,5g)",https://shopee.vn/product/289646907/47704391486,https://down-vn.img.susercontent.com/file/vn-11134207-820l4-mj9a9jtf0rupc4,"[""https://down-vn.img.susercontent.com/file/vn-11134207-820l4-mj9a9jtf0rupc4"", ""https://down-vn.img.susercontent.com/file/vn-11134207-820l4-mj9a9jtszn5y4d"", ""https://down-vn.img.susercontent.com/file/vn-11134207-820l4-mj9a9jto191e42"", ""https://down-vn.img.susercontent.com/file/vn-11134207-820l4-mj9a9jtewk5f82"", ""https://down-vn.img.susercontent.com/file/vn-11134207-820l4-mj9al2mia4n4a7"", ""https://down-vn.img.susercontent.com/file/vn-11134207-820l4-mj9al2mlk4cm1a"", ""https://down-vn.img.susercontent.com/file/vn-11134207-820l4-mj9al2n5kpom8e"", ""https://down-vn.img.susercontent.com/file/vn-11134207-820l4-mj9al2n89mvbf6"", ""https://down-vn.img.susercontent.com/file/vn-11134207-820l4-mj9a9jtdumtgca""]","[""OFFICIAL_SHOP""]","[""vn-11134258-7r98o-lyb3kdam2qw17d""]",30VCX[26.6-9.7.2026],vn-11134258-81ztc-mpuan4n576yqc2,False,False,False,1767927405,176300,205000,205000,14,0,VCXFM30K107,28700,1782838800.0,1782925140.0,99000,1000,445,4.910377358490566,212,"[4, 0, 0, 3, 205]",[],ORION,3395424.0,100629,"[100629, 100654, 100858]",138,,"[""""]"
Shopee,,vn,2026-07-01,289646907,orion-official-store,Orion VN Official Store,Tỉnh Bắc Ninh,41712379566,Combo 8 Hộp bánh Cá Marine Boy Orion vị Tôm Nướng Môi Đỏ 35g/hộp,https://shopee.vn/product/289646907/41712379566,https://down-vn.img.susercontent.com/file/vn-11134207-81ztc-mot5xn4h2xor77,"[""https://down-vn.img.susercontent.com/file/vn-11134207-81ztc-mot5xn4h2xor77"", ""https://down-vn.img.susercontent.com/file/vn-11134207-81ztc-mot5xn4mfdhd94"", ""https://down-vn.img.susercontent.com/file/vn-11134207-820l4-mjwmunb6y1vr09"", ""https://down-vn.img.susercontent.com/file/vn-11134207-820l4-mjwmunawx1xj45"", ""https://down-vn.img.susercontent.com/file/vn-11134207-7ras8-mdbgohkepsikd8""]","[""OFFICIAL_SHOP""]","[""vn-11134258-7r98o-lyb3kdam2qw17d""]",18VCX+SSCBundle[1.7],vn-11134258-81ztc-mpuaa0q603kffe,False,False,False,1754983076,103200,120000,120000,14,0,VCXFM30K107,16800,1782838800.0,1782925140.0,99000,1000,116,4.874172185430464,151,"[2, 1, 2, 4, 142]",[],ORION,3395424.0,100629,"[100629, 100646, 100787]",63,,"[""""]"
Shopee,,vn,2026-07-01,289646907,orion-official-store,Orion VN Official Store,Tỉnh Bắc Ninh,41824111415,Combo 2 Hộp 12 Gói Bánh Custas Kem Trứng Giảm Đường (282g),https://shopee.vn/product/289646907/41824111415,https://down-vn.img.susercontent.com/file/vn-11134207-820l4-mfkj6xf0nojy54,"[""https://down-vn.img.susercontent.com/file/vn-11134207-820l4-mfkj6xf0nojy54"", ""https://down-vn.img.susercontent.com/file/vn-11134207-820l4-mfkj6xf3p8ulec"", ""https://down-vn.img.susercontent.com/file/vn-11134207-820l4-mfkj6xfq0popda"", ""https://down-vn.img.susercontent.com/file/vn-11134207-820l4-mfkj4stiodfz22""]","[""OFFICIAL_SHOP""]","[""vn-11134258-7r98o-lyb3kdam2qw17d""]",30VCX[26.6-9.7.2026],vn-11134258-81ztc-mpuan4n576yqc2,False,False,False,1760437036,129000,150000,150000,14,0,VCXFM30K107,21000,1782838800.0,1782925140.0,99000,1000,684,4.875,288,"[5, 2, 0, 10, 271]",[],ORION,3395424.0,100629,"[100629, 100654, 100857]",83,,"[""""]"
Shopee,,vn,2026-07-01,289646907,orion-official-store,Orion VN Official Store,Tỉnh Bắc Ninh,25178062720,"Combo 3 Túi 5 gói bánh ăn sáng Orion C'est Bon sợi thịt gà sốt kem phô mai 101,5G/Túi",https://shopee.vn/product/289646907/25178062720,https://down-vn.img.susercontent.com/file/vn-11134207-81ztc-mot5vcu8tukg7c,"[""https://down-vn.img.susercontent.com/file/vn-11134207-81ztc-mot5vcu8tukg7c"", ""https://down-vn.img.susercontent.com/file/vn-11134207-81ztc-mot5vcuekc25c5"", ""https://down-vn.img.susercontent.com/file/vn-11134207-7r98o-lzrk0c1bat7126"", ""https://down-vn.img.susercontent.com/file/vn-11134207-7r98o-lzrk0c1b9ew154"", ""https://down-vn.img.susercontent.com/file/vn-11134207-7r98o-lzrk0c1b9eml07"", ""https://down-vn.img.susercontent.com/file/vn-11134207-7r98o-lzrk0c1batgh61""]","[""OFFICIAL_SHOP""]","[""vn-11134258-7r98o-lyb3kdam2qw17d""]",6VCX+SuperCheap+SSCBundle[1.7],vn-11134258-81ztc-mpu9tmygc0zle6,False,False,False,1714718539,79200,90000,90000,12,0,17GIAM30K1,10800,1782838800.0,1782925140.0,50000,8000,3000,4.911589008363202,837,"[7, 7, 4, 17, 802]",[],ORION,3395424.0,100629,"[100629, 100654, 100858]",243,,"[""""]"
Shopee,,vn,2026-07-01,289646907,orion-official-store,Orion VN Official Store,Tỉnh Bắc Ninh,26489730581,Combo 8 Hộp bánh Cá Marine Boy Orion Vị Gà Bơ Sốt Tỏi (35g/Hộp),https://shopee.vn/product/289646907/26489730581,https://down-vn.img.susercontent.com/file/vn-11134207-81ztc-mot5yy4e1gjme3,"[""https://down-vn.img.susercontent.com/file/vn-11134207-81ztc-mot5yy4e1gjme3"", ""https://down-vn.img.susercontent.com/file/vn-11134207-81ztc-mot5yy4e2v4218"", ""https://down-vn.img.susercontent.com/file/vn-11134207-820l4-mhubz2nlxyx1c7"", ""https://down-vn.img.susercontent.com/file/vn-11134207-820l4-mhubz2nrd7ur08"", ""https://down-vn.img.susercontent.com/file/vn-11134207-820l4-mhubz2oa3gg47f"", ""https://down-vn.img.susercontent.com/file/vn-11134207-820l4-mfkj4stiodfz22""]","[""OFFICIAL_SHOP""]","[""vn-11134258-7r98o-lyb3kdam2qw17d""]",18VCX+SSCBundle[1.7],vn-11134258-81ztc-mpuaa0q603kffe,False,False,False,1754983235,103200,120000,120000,14,0,VCXFM30K107,16800,1782838800.0,1782925140.0,99000,1000,557,4.8655462184873945,119,"[2, 1, 1, 3, 112]",[],ORION,3395424.0,100629,"[100629, 100646, 100787]",39,,"[""""]"
Shopee,,vn,2026-07-01,289646907,orion-official-store,Orion VN Official Store,Tỉnh Bắc Ninh,26408223367,Combo 5 Túi Bánh Con Cá Bống Bang Nhân MOCHI SOCOLA Đậu Đỏ (145g),https://shopee.vn/product/289646907/26408223367,https://down-vn.img.susercontent.com/file/vn-11134207-7ras8-mdjumxkpus355d,"[""https://down-vn.img.susercontent.com/file/vn-11134207-7ras8-mdjumxkpus355d"", ""https://down-vn.img.susercontent.com/file/vn-11134207-7r98o-lzq5aoj5nfwt3a"", ""https://down-vn.img.susercontent.com/file/vn-11134207-7r98o-lzq5aoj5ng69a6"", ""https://down-vn.img.susercontent.com/file/vn-11134207-7r98o-lzq5aoj5ouh9b2"", ""https://down-vn.img.susercontent.com/file/vn-11134207-7r98o-lzq5aoj5q9b5ff"", ""https://down-vn.img.susercontent.com/file/vn-11134207-7r98o-lzq5aoj5ouqp47""]","[""OFFICIAL_SHOP""]","[""vn-11134258-7r98o-lyb3kdam2qw17d""]",30VCX[26.6-9.7.2026],vn-11134258-81ztc-mpuan4n576yqc2,False,False,False,1724039074,167700,195000,195000,14,0,VCXFM30K107,27300,1782838800.0,1782925140.0,99000,4000,1000,4.937037037037037,540,"[4, 0, 4, 10, 522]",[],ORION,3395424.0,100629,"[100629, 100654, 100858]",322,,"[""""]"
Shopee,,vn,2026-07-01,289646907,orion-official-store,Orion VN Official Store,Tỉnh Bắc Ninh,51204730541,"[LIVESTREAM] [ĐỘC QUYỀN] Hộp bánh Pie Orion mix 4 vị (697,5g)",https://shopee.vn/product/289646907/51204730541,https://down-vn.img.susercontent.com/file/vn-11134207-820l4-mjia67iiqzgk68,"[""https://down-vn.img.susercontent.com/file/vn-11134207-820l4-mjia67iiqzgk68"", ""https://down-vn.img.susercontent.com/file/vn-11134207-820l4-mjia67jcskqs96"", ""https://down-vn.img.susercontent.com/file/vn-11134207-820l4-mjia67k1yl1c64"", ""https://down-vn.img.susercontent.com/file/vn-11134207-820l4-mjia67ixul8g03"", ""https://down-vn.img.susercontent.com/file/vn-11134207-820l4-mjia67iise1066"", ""https://down-vn.img.susercontent.com/file/vn-11134207-820l4-mjia67jhxzpi41"", ""https://down-vn.img.susercontent.com/file/vn-11134207-820l4-mjia67jnrabn9b"", ""https://down-vn.img.susercontent.com/file/vn-11134207-820l4-mjia67jpsbutc7""]","[""OFFICIAL_SHOP""]","[""vn-11134258-7r98o-lyb3kdam2qw17d""]",30VCX[26.6-9.7.2026],vn-11134258-81ztc-mpuan4n576yqc2,False,False,False,1768470769,176300,205000,205000,14,0,VCXFM30K107,28700,1782838800.0,1782925140.0,99000,475,58,4.918918918918919,74,"[1, 0, 0, 2, 71]",[],ORION,3395424.0,100629,"[100629, 100654, 100858]",36,,"[""""]"
Shopee,,vn,2026-07-01,289646907,orion-official-store,Orion VN Official Store,Tỉnh Bắc Ninh,24828115965,Combo 3 túi Bánh Gạo Nướng Orion An Vừng 115.2g,https://shopee.vn/product/289646907/24828115965,https://down-vn.img.susercontent.com/file/vn-11134207-7ras8-mdjuklf31os1b6,"[""https://down-vn.img.susercontent.com/file/vn-11134207-7ras8-mdjuklf31os1b6"", ""https://down-vn.img.susercontent.com/file/vn-11134207-7r98o-lzsfgr5hiurx6a"", ""https://down-vn.img.susercontent.com/file/vn-11134207-7r98o-lzsfgr5hk9cd9a"", ""https://down-vn.img.susercontent.com/file/vn-11134207-7r98o-lzsfgr5hk9lta9"", ""https://down-vn.img.susercontent.com/file/vn-11134207-7r98o-lzsfgr5hiv1d27""]","[""OFFICIAL_SHOP""]","[""vn-11134258-7r98o-lyb3kdam2qw17d""]",18VCX+SSCBundle[1.7],vn-11134258-81ztc-mpuaa0q603kffe,False,False,False,1714728795,76560,87000,87000,12,0,17GIAM30K1,10440,1782838800.0,1782925140.0,50000,1000,192,4.919354838709677,186,"[2, 0, 2, 3, 179]",[],ORION,3395424.0,100629,"[100629, 100646, 100787]",20,,"[""""]"
Shopee,,vn,2026-07-01,289646907,orion-official-store,Orion VN Official Store,Tỉnh Bắc Ninh,54911472135,Combo 3 Túi Bánh Cest Bon Mochi Cốm Dừa (5 Gói/Túi),https://shopee.vn/product/289646907/54911472135,https://down-vn.img.susercontent.com/file/vn-11134207-81ztc-moxp7cph143yb3,"[""https://down-vn.img.susercontent.com/file/vn-11134207-81ztc-moxp7cph143yb3"", ""https://down-vn.img.susercontent.com/file/vn-11134207-81ztc-moxp7cph2ioe34"", ""https://down-vn.img.susercontent.com/file/vn-11134207-81ztc-moxp9o589wch26"", ""https://down-vn.img.susercontent.com/file/vn-11134207-81ztc-moxp9o58bawxea""]","[""OFFICIAL_SHOP""]","[""vn-11134258-7r98o-lyb3kdam2qw17d""]",30VCX[26.6-9.7.2026],vn-11134258-81ztc-mpuan4n576yqc2,False,False,False,1780300369,113520,132000,132000,14,0,VCXFM30K107,18480,1782838800.0,1782925140.0,99000,172,167,4.961538461538462,26,"[0, 0, 0, 1, 25]",[],ORION,3395424.0,100629,"[100629, 100654, 100858]",29,,"[""""]"
Shopee,,vn,2026-07-01,289646907,orion-official-store,Orion VN Official Store,Tỉnh Bắc Ninh,53457449519,Combo 10 Hộp Bánh Quy Ăn Sáng Toonies Miz Socola 2P (2 Gói/Hộp),https://shopee.vn/product/289646907/53457449519,https://down-vn.img.susercontent.com/file/vn-11134207-81ztc-mot5trj3qozl39,"[""https://down-vn.img.susercontent.com/file/vn-11134207-81ztc-mot5trj3qozl39"", ""https://down-vn.img.susercontent.com/file/vn-11134207-81ztc-mot5trjfbvnvd1"", ""https://down-vn.img.susercontent.com/file/vn-11134207-81ztc-mm1ktk94h5vn2b"", ""https://down-vn.img.susercontent.com/file/vn-11134207-81ztc-mm1ku5jkd98k48"", ""https://down-vn.img.susercontent.com/file/vn-11134207-81ztc-mm1ku5jrfi11e3""]","[""OFFICIAL_SHOP""]","[""vn-11134258-7r98o-lyb3kdam2qw17d""]",30VCX[26.6-9.7.2026],vn-11134258-81ztc-mpuan4n576yqc2,False,False,False,1773997292,154800,180000,180000,14,0,VCXFM30K107,25200,1782838800.0,1782925140.0,99000,458,373,5.0,10,"[0, 0, 0, 0, 10]",[],ORION,3395424.0,100629,"[100629, 100646, 100787]",22,,"[""""]"
Shopee,,vn,2026-07-01,289646907,orion-official-store,Orion VN Official Store,Tỉnh Bắc Ninh,28886761728,[LIVESTREAM] Combo 2 Hộp Bánh Orion Chocopie TÌNH (435.6g/hộp),https://shopee.vn/product/289646907/28886761728,https://down-vn.img.susercontent.com/file/vn-11134207-7ra0g-m9zfd5nczede2a,"[""https://down-vn.img.susercontent.com/file/vn-11134207-7ra0g-m9zfd5nczede2a"", ""https://down-vn.img.susercontent.com/file/vn-11134207-7ra0g-m9zfd5ncze4k61"", ""https://down-vn.img.susercontent.com/file/vn-11134207-7ra0g-m9zfd5msysskc1"", ""https://down-vn.img.susercontent.com/file/vn-11134207-7ra0g-m9zfd5lp0fiab6"", ""https://down-vn.img.susercontent.com/file/vn-11134207-7ra0g-m9zfd5nd0sxu23"", ""https://down-vn.img.susercontent.com/file/vn-11134207-7ras8-mdjvgzh8nqnl2c""]","[""OFFICIAL_SHOP""]","[""vn-11134258-7r98o-lyb3kdam2qw17d""]",30VCX[26.6-9.7.2026],vn-11134258-81ztc-mpuan4n576yqc2,False,False,False,1747716117,123840,144000,144000,14,0,VCXFM30K107,20160,1782838800.0,1782925140.0,99000,418,164,5.0,15,"[0, 0, 0, 0, 15]",[],ORION,3395424.0,100629,"[100629, 100654, 100858]",23,,"[""""]"
Shopee,,vn,2026-07-01,289646907,orion-official-store,Orion VN Official Store,Tỉnh Bắc Ninh,41829383225,Combo 2 Hộp Bánh Goute Topping Cốm Dừa (16 Gói/Hộp),https://shopee.vn/product/289646907/41829383225,https://down-vn.img.susercontent.com/file/vn-11134207-81ztc-mm1iddscn40126,"[""https://down-vn.img.susercontent.com/file/vn-11134207-81ztc-mm1iddscn40126"", ""https://down-vn.img.susercontent.com/file/vn-11134207-81ztc-mm1iddsdce8fb6"", ""https://down-vn.img.susercontent.com/file/vn-11134207-81ztc-mm1iddscoikhac""]","[""OFFICIAL_SHOP""]","[""vn-11134258-7r98o-lyb3kdam2qw17d""]",30VCX[26.6-9.7.2026],vn-11134258-81ztc-mpuan4n576yqc2,False,False,False,1773993515,123840,144000,144000,14,0,VCXFM30K107,20160,1782838800.0,1782925140.0,99000,449,327,4.882352941176471,34,"[0, 0, 1, 2, 31]",[],ORION,3395424.0,100629,"[100629, 100646, 100787]",36,,"[""""]"
Shopee,,vn,2026-07-01,289646907,orion-official-store,Orion VN Official Store,Tỉnh Bắc Ninh,56108385268,[LIVESTREAM] Combo 5 Túi Bánh Cest Bon Mochi Cốm Dừa (5 Gói/Túi),https://shopee.vn/product/289646907/56108385268,https://down-vn.img.susercontent.com/file/vn-11134207-81ztc-mmsbs3dmdlhkf5,"[""https://down-vn.img.susercontent.com/file/vn-11134207-81ztc-mmsbs3dmdlhkf5"", ""https://down-vn.img.susercontent.com/file/vn-11134207-81ztc-mmjza63mll36c4"", ""https://down-vn.img.susercontent.com/file/vn-11134207-81ztc-mmjza63moe8689"", ""https://down-vn.img.susercontent.com/file/vn-11134207-81ztc-mmjza63lxpfl88"", ""https://down-vn.img.susercontent.com/file/vn-11134207-81ztc-mmjza63gxwqw1c""]","[""OFFICIAL_SHOP""]","[""vn-11134258-7r98o-lyb3kdam2qw17d""]",30VCX[26.6-9.7.2026],vn-11134258-81ztc-mpuan4n576yqc2,False,False,False,1775616606,190000,220000,220000,14,0,VCXFM30K107,30000,1782838800.0,1782925140.0,99000,320,270,5.0,13,"[0, 0, 0, 0, 13]",[],ORION,3395424.0,100629,"[100629, 100654, 100858]",17,,"[""""]"
Shopee,,vn,2026-07-01,289646907,orion-official-store,Orion VN Official Store,Tỉnh Bắc Ninh,29231544899,[LIVESTREAM] Combo 5 gói Bánh Nướng Giòn C'est Bon Orion Baguette Vị Bơ Tỏi Đút Lò (Túi 5 gói),https://shopee.vn/product/289646907/29231544899,https://down-vn.img.susercontent.com/file/vn-11134207-7ras8-mdjup2all3n583,"[""https://down-vn.img.susercontent.com/file/vn-11134207-7ras8-mdjup2all3n583"", ""https://down-vn.img.susercontent.com/file/vn-11134207-7ra0g-m81n0rsjka6f55"", ""https://down-vn.img.susercontent.com/file/vn-11134207-7ra0g-m81n0rsjloq6b5"", ""https://down-vn.img.susercontent.com/file/vn-11134207-7ra0g-m81n0rsjn3am06"", ""https://down-vn.img.susercontent.com/file/vn-11134207-7ra0g-m81n0rsjivlz4a""]","[""OFFICIAL_SHOP""]","[""vn-11134258-7r98o-lyb3kdam2qw17d""]",30VCX[26.6-9.7.2026],vn-11134258-81ztc-mpuan4n576yqc2,False,False,False,1743491515,190000,220000,220000,14,0,VCXFM30K107,30000,1782838800.0,1782925140.0,99000,2000,2000,5.0,8,"[0, 0, 0, 0, 8]",[],ORION,3395424.0,100629,"[100629, 100646, 100787]",43,,"[""""]"
Shopee,,vn,2026-07-01,289646907,orion-official-store,Orion VN Official Store,Tỉnh Bắc Ninh,56152579418,Combo 5 Túi Bánh Gạo Nướng An vị Nấm Hương Om Nước Tương (140G/Túi),https://shopee.vn/product/289646907/56152579418,https://down-vn.img.susercontent.com/file/vn-11134207-820l4-mhuapcn2s5c875,"[""https://down-vn.img.susercontent.com/file/vn-11134207-820l4-mhuapcn2s5c875"", ""https://down-vn.img.susercontent.com/file/vn-11134207-820l4-mhuapcnl4c8wa6"", ""https://down-vn.img.susercontent.com/file/vn-11134207-820l4-mhuapcnl2xog2b"", ""https://down-vn.img.susercontent.com/file/vn-11134207-820l4-mfkj4stiodfz22""]","[""OFFICIAL_SHOP""]","[""vn-11134258-7r98o-lyb3kdam2qw17d""]",30VCX[26.6-9.7.2026],vn-11134258-81ztc-mpuan4n576yqc2,False,False,False,1764840633,167700,195000,195000,14,0,VCXFM30K107,27300,1782838800.0,1782925140.0,99000,515,150,4.8979591836734695,49,"[0, 0, 2, 1, 46]",[],ORION,3395424.0,100629,"[100629, 100654, 100859]",34,,"[""""]"
Shopee,,vn,2026-07-01,289646907,orion-official-store,Orion VN Official Store,Tỉnh Bắc Ninh,29492921661,Combo 2 Hộp 12 Gói Bánh ChocoPie Giảm Đường (360g),https://shopee.vn/product/289646907/29492921661,https://down-vn.img.susercontent.com/file/vn-11134207-820l4-mfkj4stqhb0s64,"[""https://down-vn.img.susercontent.com/file/vn-11134207-820l4-mfkj4stqhb0s64"", ""https://down-vn.img.susercontent.com/file/vn-11134207-820l4-mfkj4stvlbf150"", ""https://down-vn.img.susercontent.com/file/vn-11134207-820l4-mfkj4sucok5r9b"", ""https://down-vn.img.susercontent.com/file/vn-11134207-820l4-mfkj4stiodfz22""]","[""OFFICIAL_SHOP""]","[""vn-11134258-7r98o-lyb3kdam2qw17d""]",30VCX[26.6-9.7.2026],vn-11134258-81ztc-mpuan4n576yqc2,False,False,False,1760437137,129000,150000,150000,14,0,VCXFM30K107,21000,1782838800.0,1782925140.0,99000,2000,1000,4.913857677902621,267,"[3, 1, 2, 4, 257]",[],ORION,3395424.0,100629,"[100629, 100654, 100858]",94,,"[""""]"
Shopee,,vn,2026-07-01,289646907,orion-official-store,Orion VN Official Store,Tỉnh Bắc Ninh,45751820735,Combo 2 Hộp 18 Gói Bánh Orion Custas Vị Kem Trứng (423g/Hộp),https://shopee.vn/product/289646907/45751820735,https://down-vn.img.susercontent.com/file/vn-11134207-820l4-mhlt4g3d44cjd9,"[""https://down-vn.img.susercontent.com/file/vn-11134207-820l4-mhlt4g3d44cjd9"", ""https://down-vn.img.susercontent.com/file/vn-11134207-820l4-mhlt4g3er47509"", ""https://down-vn.img.susercontent.com/file/vn-11134207-820l4-mhlt4g3n6iv7c2"", ""https://down-vn.img.susercontent.com/file/vn-11134207-820l4-mhlt3dh2k45i54""]","[""OFFICIAL_SHOP""]","[""vn-11134258-7r98o-lyb3kdam2qw17d""]",30VCX[26.6-9.7.2026],vn-11134258-81ztc-mpuan4n576yqc2,False,False,False,1763633702,170280,198000,198000,14,0,VCXFM30K107,27720,1782838800.0,1782925140.0,99000,1000,115,4.87434554973822,191,"[1, 3, 2, 7, 178]",[],ORION,3395424.0,100629,"[100629, 100654, 100857]",31,,"[""""]"
Shopee,,vn,2026-07-01,289646907,orion-official-store,Orion VN Official Store,Tỉnh Bắc Ninh,51907456940,Combo 2 Hộp Bánh Goute Creme Đậu Phộng (16 Gói/Hộp),https://shopee.vn/product/289646907/51907456940,https://down-vn.img.susercontent.com/file/vn-11134207-81ztc-mm1hquqiugas03,"[""https://down-vn.img.susercontent.com/file/vn-11134207-81ztc-mm1hquqiugas03"", ""https://down-vn.img.susercontent.com/file/vn-11134207-81ztc-mm1hquqvztoo11"", ""https://down-vn.img.susercontent.com/file/vn-11134207-81ztc-mm1hquqetrswb3""]","[""OFFICIAL_SHOP""]","[""vn-11134258-7r98o-lyb3kdam2qw17d""]",30VCX[26.6-9.7.2026],vn-11134258-81ztc-mpuan4n576yqc2,False,False,False,1773992333,116960,136000,136000,14,0,VCXFM30K107,19040,1782838800.0,1782925140.0,99000,388,211,4.940298507462686,67,"[0, 0, 1, 2, 64]",[],ORION,3395424.0,100629,"[100629, 100646, 100787]",43,,"[""""]"
Shopee,,vn,2026-07-01,289646907,orion-official-store,Orion VN Official Store,Tỉnh Bắc Ninh,26829112813,[LIVESTREAM] Combo 5 Túi Bánh Gạo An vị Ngô nướng Bơ (120g/Túi),https://shopee.vn/product/289646907/26829112813,https://down-vn.img.susercontent.com/file/vn-11134207-7ras8-mdjug29zqtrj0c,"[""https://down-vn.img.susercontent.com/file/vn-11134207-7ras8-mdjug29zqtrj0c"", ""https://down-vn.img.susercontent.com/file/vn-11134207-7ra0g-m77b2an1x38h02"", ""https://down-vn.img.susercontent.com/file/vn-11134207-7ra0g-m77b2ao5vg4n89"", ""https://down-vn.img.susercontent.com/file/vn-11134207-7ra0g-m77b2akk0q5j9d"", ""https://down-vn.img.susercontent.com/file/vn-11134207-7ra0g-m77b2ak01k0xf9""]","[""OFFICIAL_SHOP""]","[""vn-11134258-7r98o-lyb3kdam2qw17d""]",30VCX[26.6-9.7.2026],vn-11134258-81ztc-mpuan4n576yqc2,False,False,False,1741657054,167700,195000,195000,14,0,VCXFM30K107,27300,1782838800.0,1782925140.0,99000,714,207,4.973684210526316,38,"[0, 0, 0, 1, 37]",[],ORION,3395424.0,100629,"[100629, 100646, 100787]",18,,"[""""]"
Shopee,,vn,2026-07-01,289646907,orion-official-store,Orion VN Official Store,Tỉnh Bắc Ninh,54811285979,Combo 5 Túi 14 Gói Bánh An Vị Nếp Cẩm Mật Hoa Dừa (140G/Túi),https://shopee.vn/product/289646907/54811285979,https://down-vn.img.susercontent.com/file/vn-11134207-81ztc-morx54veupsdcd,"[""https://down-vn.img.susercontent.com/file/vn-11134207-81ztc-morx54veupsdcd"", ""https://down-vn.img.susercontent.com/file/vn-11134207-81ztc-morx54vd94i7b9"", ""https://down-vn.img.susercontent.com/file/vn-11134207-81ztc-morx54vasmpt83"", ""https://down-vn.img.susercontent.com/file/vn-11134207-81ztc-morx54vrf0n451""]","[""OFFICIAL_SHOP""]","[""vn-11134258-7r98o-lyb3kdam2qw17d""]",30VCX[26.6-9.7.2026],vn-11134258-81ztc-mpuan4n576yqc2,False,False,False,1779951160,167700,195000,195000,14,0,VCXFM30K107,27300,1782838800.0,1782925140.0,99000,38,38,4.777777777777778,9,"[0, 0, 1, 0, 8]",[],ORION,3395424.0,100629,"[100629, 100654, 100858]",8,,"[""""]"
Shopee,,vn,2026-07-01,289646907,orion-official-store,Orion VN Official Store,Tỉnh Bắc Ninh,25784920058,Combo 3 Túi Bánh Con Cá Bống Bang nhân MOCHI SOCOLA Đậu Đỏ (145g),https://shopee.vn/product/289646907/25784920058,https://down-vn.img.susercontent.com/file/vn-11134207-7ras8-mdjum81h7ynja8,"[""https://down-vn.img.susercontent.com/file/vn-11134207-7ras8-mdjum81h7ynja8"", ""https://down-vn.img.susercontent.com/file/vn-11134207-7r98o-lzq4k12fpm0149"", ""https://down-vn.img.susercontent.com/file/vn-11134207-7r98o-lzq4k12fr0kh51"", ""https://down-vn.img.susercontent.com/file/vn-11134207-7r98o-lzq4k12fr0b147"", ""https://down-vn.img.susercontent.com/file/vn-11134207-7r98o-lzq4k12fplql0b"", ""https://down-vn.img.susercontent.com/file/vn-11134207-7r98o-lzq4k12fsevh81""]","[""OFFICIAL_SHOP""]","[""vn-11134258-7r98o-lyb3kdam2qw17d""]",18VCX+SSCBundle[1.7],vn-11134258-81ztc-mpuaa0q603kffe,False,False,False,1724037400,100620,117000,117000,14,0,VCXFM30K107,16380,1782838800.0,1782925140.0,99000,4000,1000,4.962750716332378,349,"[0, 1, 3, 4, 341]",[],ORION,3395424.0,100629,"[100629, 100646, 100787]",237,,"[""""]"
Shopee,,vn,2026-07-01,289646907,orion-official-store,Orion VN Official Store,Tỉnh Bắc Ninh,41670882461,Combo 5 Túi Bánh Con Cá Bống Bang Nhân MOCHI CỐM Đậu Đỏ (145G/Gói),https://shopee.vn/product/289646907/41670882461,https://down-vn.img.susercontent.com/file/vn-11134207-820l4-mf0m5hifkq2zfb,"[""https://down-vn.img.susercontent.com/file/vn-11134207-820l4-mf0m5hifkq2zfb"", ""https://down-vn.img.susercontent.com/file/vn-11134207-820l4-mf0m5hivhts926"", ""https://down-vn.img.susercontent.com/file/vn-11134207-820l4-mf0m5hizo4jvaf"", ""https://down-vn.img.susercontent.com/file/vn-11134207-820l4-mf0m5hilgtu1df""]","[""OFFICIAL_SHOP""]","[""vn-11134258-7r98o-lyb3kdam2qw17d""]",30VCX[26.6-9.7.2026],vn-11134258-81ztc-mpuan4n576yqc2,False,False,False,1758686138,167700,195000,195000,14,0,VCXFM30K107,27300,1782838800.0,1782925140.0,99000,2000,1000,4.549019607843137,102,"[7, 3, 3, 3, 86]",[],ORION,3395424.0,100629,"[100629, 100654, 100858]",77,,"[""""]"
Shopee,,vn,2026-07-01,289646907,orion-official-store,Orion VN Official Store,Tỉnh Bắc Ninh,44024261701,"Combo 5 Túi Bánh Gạo Nướng An Chee-Z Vị Khoai Tây Phô Mai Nướng 104,2g/Túi",https://shopee.vn/product/289646907/44024261701,https://down-vn.img.susercontent.com/file/vn-11134207-81ztc-mot5vsbxt2q5e8,"[""https://down-vn.img.susercontent.com/file/vn-11134207-81ztc-mot5vsbxt2q5e8"", ""https://down-vn.img.susercontent.com/file/vn-11134207-81ztc-mot5vsc132f6f6"", ""https://down-vn.img.susercontent.com/file/vn-11134207-820l4-mfusokw38xs92e"", ""https://down-vn.img.susercontent.com/file/vn-11134207-820l4-mfusokw1yl1re1"", ""https://down-vn.img.susercontent.com/file/vn-11134207-820l4-mfusokwd9xqhd0"", ""https://down-vn.img.susercontent.com/file/vn-11134207-820l4-mfkj4stiodfz22""]","[""OFFICIAL_SHOP""]","[""vn-11134258-7r98o-lyb3kdam2qw17d""]",30VCX[26.6-9.7.2026],vn-11134258-81ztc-mpuan4n576yqc2,False,False,False,1760511417,124700,145000,145000,14,0,VCXFM30K107,20300,1782838800.0,1782925140.0,99000,697,137,4.828571428571428,105,"[2, 1, 2, 3, 97]",[],ORION,3395424.0,100629,"[100629, 100646, 100787]",27,,"[""""]"
Shopee,,vn,2026-07-01,289646907,orion-official-store,Orion VN Official Store,Tỉnh Bắc Ninh,46611116293,[LIVESTREAM] COMBO 5 Hộp Bánh Snack Khoai Tây Nướng Yegam vị Kim Chi Hàn Quốc (64G/Hộp),https://shopee.vn/product/289646907/46611116293,https://down-vn.img.susercontent.com/file/vn-11134207-81ztc-mp8rvzzd4wsv4d,"[""https://down-vn.img.susercontent.com/file/vn-11134207-81ztc-mp8rvzzd4wsv4d"", ""https://down-vn.img.susercontent.com/file/vn-11134207-81ztc-mp8rvzzexix7cc"", ""https://down-vn.img.susercontent.com/file/vn-11134207-81ztc-mp8rvzzncxkw16""]","[""OFFICIAL_SHOP""]","[""vn-11134258-7r98o-lyb3kdam2qw17d""]",30VCX[26.6-9.7.2026],vn-11134258-81ztc-mpuan4n576yqc2,False,False,False,1779699391,137600,160000,160000,14,0,VCXFM30K107,22400,1782838800.0,1782925140.0,99000,46,45,5.0,14,"[0, 0, 0, 0, 14]",[],ORION,3395424.0,100629,"[100629, 100646, 100788]",6,,"[""""]"
Shopee,,vn,2026-07-01,289646907,orion-official-store,Orion VN Official Store,Tỉnh Bắc Ninh,26233488173,[ĐỘC QUYỀN] Kẹo ngậm dịu HỌNG nhiều vị (500g),https://shopee.vn/product/289646907/26233488173,https://down-vn.img.susercontent.com/file/vn-11134207-7ra0g-m8lio5uru8w2c5,"[""https://down-vn.img.susercontent.com/file/vn-11134207-7ra0g-m8lio5uru8w2c5"", ""https://down-vn.img.susercontent.com/file/vn-11134207-7ra0g-m8lio5urvngif2"", ""https://down-vn.img.susercontent.com/file/vn-11134207-7ra0g-m8lio5uru8n8e1"", ""https://down-vn.img.susercontent.com/file/vn-11134207-7ra0g-m8lio8rxkcp094""]","[""OFFICIAL_SHOP""]","[""vn-11134258-7r98o-lyb3kdam2qw17d""]",30VCX[26.6-9.7.2026],vn-11134258-81ztc-mpuan4n576yqc2,False,False,False,1744698810,111800,130000,130000,14,0,VCXFM30K107,18200,1782838800.0,1782925140.0,99000,1000,89,4.984076433121019,314,"[0, 0, 0, 5, 309]",[],ORION,3395424.0,100629,"[100629, 100646, 100785]",105,,"[""""]"
Shopee,,vn,2026-07-01,289646907,orion-official-store,Orion VN Official Store,Tỉnh Bắc Ninh,56257443079,Combo 2 Hộp Bánh Goute Creme Dâu (16 Gói/Hộp),https://shopee.vn/product/289646907/56257443079,https://down-vn.img.susercontent.com/file/vn-11134207-81ztc-mmv4ty7wl3b8be,"[""https://down-vn.img.susercontent.com/file/vn-11134207-81ztc-mmv4ty7wl3b8be"", ""https://down-vn.img.susercontent.com/file/vn-11134207-81ztc-mmv4ty7wmhvob4"", ""https://down-vn.img.susercontent.com/file/vn-11134207-81ztc-mmv4ty7vym80f7""]","[""OFFICIAL_SHOP""]","[""vn-11134258-7r98o-lyb3kdam2qw17d""]",30VCX[26.6-9.7.2026],vn-11134258-81ztc-mpuan4n576yqc2,False,False,False,1773991555,116960,136000,136000,14,0,VCXFM30K107,19040,1782838800.0,1782925140.0,99000,425,196,4.970149253731344,67,"[0, 0, 0, 2, 65]",[],ORION,3395424.0,100629,"[100629, 100646, 100787]",44,,"[""""]"
Shopee,,vn,2026-07-01,289646907,orion-official-store,Orion VN Official Store,Tỉnh Bắc Ninh,26052011768,Combo 3 gói bánh ăn sáng C'est Bon Sandwich Sốt Bơ Phô Mai Chà Bông Orion (147G x 6),https://shopee.vn/product/289646907/26052011768,https://down-vn.img.susercontent.com/file/vn-11134207-81ztc-mot5uvgsvw26b4,"[""https://down-vn.img.susercontent.com/file/vn-11134207-81ztc-mot5uvgsvw26b4"", ""https://down-vn.img.susercontent.com/file/vn-11134207-81ztc-mot5uvh2u2vg82"", ""https://down-vn.img.susercontent.com/file/vn-11134207-7r98o-lzqzeczrodhpac"", ""https://down-vn.img.susercontent.com/file/vn-11134207-7r98o-lzqzeczrodr5a7"", ""https://down-vn.img.susercontent.com/file/vn-11134207-7r98o-lzqzeczrmz6p1c"", ""https://down-vn.img.susercontent.com/file/vn-11134207-7r98o-lzqzeczrmyx908""]","[""OFFICIAL_SHOP""]","[""vn-11134258-7r98o-lyb3kdam2qw17d""]",30VCX[26.6-9.7.2026],vn-11134258-81ztc-mpuan4n576yqc2,False,False,False,1717580555,113520,132000,132000,14,0,VCXFM30K107,18480,1782838800.0,1782925140.0,99000,8000,2000,4.929770992366413,1310,"[4, 4, 10, 44, 1248]",[],ORION,3395424.0,100629,"[100629, 100654, 100858]",276,,"[""""]"
Shopee,,vn,2026-07-01,289646907,orion-official-store,Orion VN Official Store,Tỉnh Bắc Ninh,24027869690,Combo 3 Túi 5 gói bánh ăn sáng Orion C'est Bon sợi thịt gà truyền thống 85G/Túi,https://shopee.vn/product/289646907/24027869690,https://down-vn.img.susercontent.com/file/vn-11134207-81ztc-mot5ubst9bltc2,"[""https://down-vn.img.susercontent.com/file/vn-11134207-81ztc-mot5ubst9bltc2"", ""https://down-vn.img.susercontent.com/file/vn-11134207-81ztc-mot5ubss0dfw48"", ""https://down-vn.img.susercontent.com/file/vn-11134207-7r98o-lzsfe4u5kx1p6d"", ""https://down-vn.img.susercontent.com/file/vn-11134207-7r98o-lzsfe4u5jih9ac"", ""https://down-vn.img.susercontent.com/file/vn-11134207-7r98o-lzsfe4u5jiqp23"", ""https://down-vn.img.susercontent.com/file/vn-11134207-7r98o-lzsfe4u5kxb557""]","[""OFFICIAL_SHOP""]","[""vn-11134258-7r98o-lyb3kdam2qw17d""]",18VCX+SSCBundle[1.7],vn-11134258-81ztc-mpuaa0q603kffe,False,False,False,1714646411,79200,90000,90000,12,0,17GIAM30K1,10800,1782838800.0,1782925140.0,50000,2000,204,4.951841359773371,353,"[3, 0, 0, 5, 345]",[],ORION,3395424.0,100629,"[100629, 100646, 100787]",72,,"[""""]"
Shopee,,vn,2026-07-01,289646907,orion-official-store,Orion VN Official Store,Tỉnh Bắc Ninh,47660969325,COMBO 5 Hộp Bánh Snack Khoai Tây Nướng Yegam vị Nguyên Bản (64G/Hộp),https://shopee.vn/product/289646907/47660969325,https://down-vn.img.susercontent.com/file/vn-11134207-81ztc-mp8rzcnjuosg22,"[""https://down-vn.img.susercontent.com/file/vn-11134207-81ztc-mp8rzcnjuosg22"", ""https://down-vn.img.susercontent.com/file/vn-11134207-81ztc-mp8rvzzexix7cc"", ""https://down-vn.img.susercontent.com/file/vn-11134207-81ztc-mp8rvzzncxkw16""]","[""OFFICIAL_SHOP""]","[""vn-11134258-7r98o-lyb3kdam2qw17d""]",30VCX[26.6-9.7.2026],vn-11134258-81ztc-mpuan4n576yqc2,False,False,False,1779436105,137600,160000,160000,14,0,VCXFM30K107,22400,1782838800.0,1782925140.0,99000,56,45,5.0,12,"[0, 0, 0, 0, 12]",[],ORION,3395424.0,100629,"[100629, 100646, 100788]",5,,"[""""]"
Shopee,,vn,2026-07-01,289646907,orion-official-store,Orion VN Official Store,Tỉnh Bắc Ninh,45357467779,Combo 5 Túi Bánh Cest Bon Mochi Cốm Dừa (5 Gói/Túi),https://shopee.vn/product/289646907/45357467779,https://down-vn.img.susercontent.com/file/vn-11134207-81ztc-mm1gjjgidc02fb,"[""https://down-vn.img.susercontent.com/file/vn-11134207-81ztc-mm1gjjgidc02fb"", ""https://down-vn.img.susercontent.com/file/vn-11134207-81ztc-mmjza63mll36c4"", ""https://down-vn.img.susercontent.com/file/vn-11134207-81ztc-mmjza63moe8689"", ""https://down-vn.img.susercontent.com/file/vn-11134207-81ztc-mmjza63lxpfl88"", ""https://down-vn.img.susercontent.com/file/vn-11134207-81ztc-mmjza63gxwqw1c"", ""https://down-vn.img.susercontent.com/file/vn-11134207-81ztc-mmjti9guw1zj3f""]","[""OFFICIAL_SHOP""]","[""vn-11134258-7r98o-lyb3kdam2qw17d""]",30VCX[26.6-9.7.2026],vn-11134258-81ztc-mpuan4n576yqc2,False,False,False,1773990243,190000,220000,220000,14,0,VCXFM30K107,30000,1782838800.0,1782925140.0,99000,911,526,4.96078431372549,51,"[0, 0, 0, 2, 49]",[],ORION,3395424.0,100629,"[100629, 100654, 100858]",123,,"[""""]"
Shopee,,vn,2026-07-01,289646907,orion-official-store,Orion VN Official Store,Tỉnh Bắc Ninh,47704391486,"[ĐỘC QUYỀN] Hộp bánh Pie Orion mix 4 vị (697,5g)",https://shopee.vn/product/289646907/47704391486,https://down-vn.img.susercontent.com/file/vn-11134207-820l4-mj9a9jtf0rupc4,"[""https://down-vn.img.susercontent.com/file/vn-11134207-820l4-mj9a9jtf0rupc4"", ""https://down-vn.img.susercontent.com/file/vn-11134207-820l4-mj9a9jtszn5y4d"", ""https://down-vn.img.susercontent.com/file/vn-11134207-820l4-mj9a9jto191e42"", ""https://down-vn.img.susercontent.com/file/vn-11134207-820l4-mj9a9jtewk5f82"", ""https://down-vn.img.susercontent.com/file/vn-11134207-820l4-mj9al2mia4n4a7"", ""https://down-vn.img.susercontent.com/file/vn-11134207-820l4-mj9al2mlk4cm1a"", ""https://down-vn.img.susercontent.com/file/vn-11134207-820l4-mj9al2n5kpom8e"", ""https://down-vn.img.susercontent.com/file/vn-11134207-820l4-mj9al2n89mvbf6"", ""https://down-vn.img.susercontent.com/file/vn-11134207-820l4-mj9a9jtdumtgca""]","[""OFFICIAL_SHOP""]","[""vn-11134258-7r98o-lyb3kdam2qw17d""]",30VCX[26.6-9.7.2026],vn-11134258-81ztc-mpuan4n576yqc2,False,False,False,1767927405,176300,205000,205000,14,0,VCXFM30K107,28700,1782838800.0,1782925140.0,99000,1000,445,4.910377358490566,212,"[4, 0, 0, 3, 205]",[],ORION,3395424.0,100629,"[100629, 100654, 100858]",138,,"[""""]"
Shopee,,vn,2026-07-01,289646907,orion-official-store,Orion VN Official Store,Tỉnh Bắc Ninh,41712379566,Combo 8 Hộp bánh Cá Marine Boy Orion vị Tôm Nướng Môi Đỏ 35g/hộp,https://shopee.vn/product/289646907/41712379566,https://down-vn.img.susercontent.com/file/vn-11134207-81ztc-mot5xn4h2xor77,"[""https://down-vn.img.susercontent.com/file/vn-11134207-81ztc-mot5xn4h2xor77"", ""https://down-vn.img.susercontent.com/file/vn-11134207-81ztc-mot5xn4mfdhd94"", ""https://down-vn.img.susercontent.com/file/vn-11134207-820l4-mjwmunb6y1vr09"", ""https://down-vn.img.susercontent.com/file/vn-11134207-820l4-mjwmunawx1xj45"", ""https://down-vn.img.susercontent.com/file/vn-11134207-7ras8-mdbgohkepsikd8""]","[""OFFICIAL_SHOP""]","[""vn-11134258-7r98o-lyb3kdam2qw17d""]",18VCX+SSCBundle[1.7],vn-11134258-81ztc-mpuaa0q603kffe,False,False,False,1754983076,103200,120000,120000,14,0,VCXFM30K107,16800,1782838800.0,1782925140.0,99000,1000,116,4.874172185430464,151,"[2, 1, 2, 4, 142]",[],ORION,3395424.0,100629,"[100629, 100646, 100787]",63,,"[""""]"
Shopee,,vn,2026-07-01,289646907,orion-official-store,Orion VN Official Store,Tỉnh Bắc Ninh,41824111415,Combo 2 Hộp 12 Gói Bánh Custas Kem Trứng Giảm Đường (282g),https://shopee.vn/product/289646907/41824111415,https://down-vn.img.susercontent.com/file/vn-11134207-820l4-mfkj6xf0nojy54,"[""https://down-vn.img.susercontent.com/file/vn-11134207-820l4-mfkj6xf0nojy54"", ""https://down-vn.img.susercontent.com/file/vn-11134207-820l4-mfkj6xf3p8ulec"", ""https://down-vn.img.susercontent.com/file/vn-11134207-820l4-mfkj6xfq0popda"", ""https://down-vn.img.susercontent.com/file/vn-11134207-820l4-mfkj4stiodfz22""]","[""OFFICIAL_SHOP""]","[""vn-11134258-7r98o-lyb3kdam2qw17d""]",30VCX[26.6-9.7.2026],vn-11134258-81ztc-mpuan4n576yqc2,False,False,False,1760437036,129000,150000,150000,14,0,VCXFM30K107,21000,1782838800.0,1782925140.0,99000,1000,684,4.875,288,"[5, 2, 0, 10, 271]",[],ORION,3395424.0,100629,"[100629, 100654, 100857]",83,,"[""""]"
Shopee,,vn,2026-07-01,289646907,orion-official-store,Orion VN Official Store,Tỉnh Bắc Ninh,25178062720,"Combo 3 Túi 5 gói bánh ăn sáng Orion C'est Bon sợi thịt gà sốt kem phô mai 101,5G/Túi",https://shopee.vn/product/289646907/25178062720,https://down-vn.img.susercontent.com/file/vn-11134207-81ztc-mot5vcu8tukg7c,"[""https://down-vn.img.susercontent.com/file/vn-11134207-81ztc-mot5vcu8tukg7c"", ""https://down-vn.img.susercontent.com/file/vn-11134207-81ztc-mot5vcuekc25c5"", ""https://down-vn.img.susercontent.com/file/vn-11134207-7r98o-lzrk0c1bat7126"", ""https://down-vn.img.susercontent.com/file/vn-11134207-7r98o-lzrk0c1b9ew154"", ""https://down-vn.img.susercontent.com/file/vn-11134207-7r98o-lzrk0c1b9eml07"", ""https://down-vn.img.susercontent.com/file/vn-11134207-7r98o-lzrk0c1batgh61""]","[""OFFICIAL_SHOP""]","[""vn-11134258-7r98o-lyb3kdam2qw17d""]",6VCX+SuperCheap+SSCBundle[1.7],vn-11134258-81ztc-mpu9tmygc0zle6,False,False,False,1714718539,79200,90000,90000,12,0,17GIAM30K1,10800,1782838800.0,1782925140.0,50000,8000,3000,4.911589008363202,837,"[7, 7, 4, 17, 802]",[],ORION,3395424.0,100629,"[100629, 100654, 100858]",243,,"[""""]"
Shopee,,vn,2026-07-01,289646907,orion-official-store,Orion VN Official Store,Tỉnh Bắc Ninh,26489730581,Combo 8 Hộp bánh Cá Marine Boy Orion Vị Gà Bơ Sốt Tỏi (35g/Hộp),https://shopee.vn/product/289646907/26489730581,https://down-vn.img.susercontent.com/file/vn-11134207-81ztc-mot5yy4e1gjme3,"[""https://down-vn.img.susercontent.com/file/vn-11134207-81ztc-mot5yy4e1gjme3"", ""https://down-vn.img.susercontent.com/file/vn-11134207-81ztc-mot5yy4e2v4218"", ""https://down-vn.img.susercontent.com/file/vn-11134207-820l4-mhubz2nlxyx1c7"", ""https://down-vn.img.susercontent.com/file/vn-11134207-820l4-mhubz2nrd7ur08"", ""https://down-vn.img.susercontent.com/file/vn-11134207-820l4-mhubz2oa3gg47f"", ""https://down-vn.img.susercontent.com/file/vn-11134207-820l4-mfkj4stiodfz22""]","[""OFFICIAL_SHOP""]","[""vn-11134258-7r98o-lyb3kdam2qw17d""]",18VCX+SSCBundle[1.7],vn-11134258-81ztc-mpuaa0q603kffe,False,False,False,1754983235,103200,120000,120000,14,0,VCXFM30K107,16800,1782838800.0,1782925140.0,99000,1000,557,4.8655462184873945,119,"[2, 1, 1, 3, 112]",[],ORION,3395424.0,100629,"[100629, 100646, 100787]",39,,"[""""]"
Shopee,,vn,2026-07-01,289646907,orion-official-store,Orion VN Official Store,Tỉnh Bắc Ninh,26408223367,Combo 5 Túi Bánh Con Cá Bống Bang Nhân MOCHI SOCOLA Đậu Đỏ (145g),https://shopee.vn/product/289646907/26408223367,https://down-vn.img.susercontent.com/file/vn-11134207-7ras8-mdjumxkpus355d,"[""https://down-vn.img.susercontent.com/file/vn-11134207-7ras8-mdjumxkpus355d"", ""https://down-vn.img.susercontent.com/file/vn-11134207-7r98o-lzq5aoj5nfwt3a"", ""https://down-vn.img.susercontent.com/file/vn-11134207-7r98o-lzq5aoj5ng69a6"", ""https://down-vn.img.susercontent.com/file/vn-11134207-7r98o-lzq5aoj5ouh9b2"", ""https://down-vn.img.susercontent.com/file/vn-11134207-7r98o-lzq5aoj5q9b5ff"", ""https://down-vn.img.susercontent.com/file/vn-11134207-7r98o-lzq5aoj5ouqp47""]","[""OFFICIAL_SHOP""]","[""vn-11134258-7r98o-lyb3kdam2qw17d""]",30VCX[26.6-9.7.2026],vn-11134258-81ztc-mpuan4n576yqc2,False,False,False,1724039074,167700,195000,195000,14,0,VCXFM30K107,27300,1782838800.0,1782925140.0,99000,4000,1000,4.937037037037037,540,"[4, 0, 4, 10, 522]",[],ORION,3395424.0,100629,"[100629, 100654, 100858]",322,,"[""""]"
Shopee,,vn,2026-07-01,289646907,orion-official-store,Orion VN Official Store,Tỉnh Bắc Ninh,51204730541,"[LIVESTREAM] [ĐỘC QUYỀN] Hộp bánh Pie Orion mix 4 vị (697,5g)",https://shopee.vn/product/289646907/51204730541,https://down-vn.img.susercontent.com/file/vn-11134207-820l4-mjia67iiqzgk68,"[""https://down-vn.img.susercontent.com/file/vn-11134207-820l4-mjia67iiqzgk68"", ""https://down-vn.img.susercontent.com/file/vn-11134207-820l4-mjia67jcskqs96"", ""https://down-vn.img.susercontent.com/file/vn-11134207-820l4-mjia67k1yl1c64"", ""https://down-vn.img.susercontent.com/file/vn-11134207-820l4-mjia67ixul8g03"", ""https://down-vn.img.susercontent.com/file/vn-11134207-820l4-mjia67iise1066"", ""https://down-vn.img.susercontent.com/file/vn-11134207-820l4-mjia67jhxzpi41"", ""https://down-vn.img.susercontent.com/file/vn-11134207-820l4-mjia67jnrabn9b"", ""https://down-vn.img.susercontent.com/file/vn-11134207-820l4-mjia67jpsbutc7""]","[""OFFICIAL_SHOP""]","[""vn-11134258-7r98o-lyb3kdam2qw17d""]",30VCX[26.6-9.7.2026],vn-11134258-81ztc-mpuan4n576yqc2,False,False,False,1768470769,176300,205000,205000,14,0,VCXFM30K107,28700,1782838800.0,1782925140.0,99000,475,58,4.918918918918919,74,"[1, 0, 0, 2, 71]",[],ORION,3395424.0,100629,"[100629, 100654, 100858]",36,,"[""""]"
Shopee,,vn,2026-07-01,289646907,orion-official-store,Orion VN Official Store,Tỉnh Bắc Ninh,24828115965,Combo 3 túi Bánh Gạo Nướng Orion An Vừng 115.2g,https://shopee.vn/product/289646907/24828115965,https://down-vn.img.susercontent.com/file/vn-11134207-7ras8-mdjuklf31os1b6,"[""https://down-vn.img.susercontent.com/file/vn-11134207-7ras8-mdjuklf31os1b6"", ""https://down-vn.img.susercontent.com/file/vn-11134207-7r98o-lzsfgr5hiurx6a"", ""https://down-vn.img.susercontent.com/file/vn-11134207-7r98o-lzsfgr5hk9cd9a"", ""https://down-vn.img.susercontent.com/file/vn-11134207-7r98o-lzsfgr5hk9lta9"", ""https://down-vn.img.susercontent.com/file/vn-11134207-7r98o-lzsfgr5hiv1d27""]","[""OFFICIAL_SHOP""]","[""vn-11134258-7r98o-lyb3kdam2qw17d""]",18VCX+SSCBundle[1.7],vn-11134258-81ztc-mpuaa0q603kffe,False,False,False,1714728795,76560,87000,87000,12,0,17GIAM30K1,10440,1782838800.0,1782925140.0,50000,1000,192,4.919354838709677,186,"[2, 0, 2, 3, 179]",[],ORION,3395424.0,100629,"[100629, 100646, 100787]",20,,"[""""]"
Shopee,,vn,2026-07-01,289646907,orion-official-store,Orion VN Official Store,Tỉnh Bắc Ninh,54911472135,Combo 3 Túi Bánh Cest Bon Mochi Cốm Dừa (5 Gói/Túi),https://shopee.vn/product/289646907/54911472135,https://down-vn.img.susercontent.com/file/vn-11134207-81ztc-moxp7cph143yb3,"[""https://down-vn.img.susercontent.com/file/vn-11134207-81ztc-moxp7cph143yb3"", ""https://down-vn.img.susercontent.com/file/vn-11134207-81ztc-moxp7cph2ioe34"", ""https://down-vn.img.susercontent.com/file/vn-11134207-81ztc-moxp9o589wch26"", ""https://down-vn.img.susercontent.com/file/vn-11134207-81ztc-moxp9o58bawxea""]","[""OFFICIAL_SHOP""]","[""vn-11134258-7r98o-lyb3kdam2qw17d""]",30VCX[26.6-9.7.2026],vn-11134258-81ztc-mpuan4n576yqc2,False,False,False,1780300369,113520,132000,132000,14,0,VCXFM30K107,18480,1782838800.0,1782925140.0,99000,172,167,4.961538461538462,26,"[0, 0, 0, 1, 25]",[],ORION,3395424.0,100629,"[100629, 100654, 100858]",29,,"[""""]"
Shopee,,vn,2026-07-01,289646907,orion-official-store,Orion VN Official Store,Tỉnh Bắc Ninh,53457449519,Combo 10 Hộp Bánh Quy Ăn Sáng Toonies Miz Socola 2P (2 Gói/Hộp),https://shopee.vn/product/289646907/53457449519,https://down-vn.img.susercontent.com/file/vn-11134207-81ztc-mot5trj3qozl39,"[""https://down-vn.img.susercontent.com/file/vn-11134207-81ztc-mot5trj3qozl39"", ""https://down-vn.img.susercontent.com/file/vn-11134207-81ztc-mot5trjfbvnvd1"", ""https://down-vn.img.susercontent.com/file/vn-11134207-81ztc-mm1ktk94h5vn2b"", ""https://down-vn.img.susercontent.com/file/vn-11134207-81ztc-mm1ku5jkd98k48"", ""https://down-vn.img.susercontent.com/file/vn-11134207-81ztc-mm1ku5jrfi11e3""]","[""OFFICIAL_SHOP""]","[""vn-11134258-7r98o-lyb3kdam2qw17d""]",30VCX[26.6-9.7.2026],vn-11134258-81ztc-mpuan4n576yqc2,False,False,False,1773997292,154800,180000,180000,14,0,VCXFM30K107,25200,1782838800.0,1782925140.0,99000,458,373,5.0,10,"[0, 0, 0, 0, 10]",[],ORION,3395424.0,100629,"[100629, 100646, 100787]",22,,"[""""]"
Shopee,,vn,2026-07-01,289646907,orion-official-store,Orion VN Official Store,Tỉnh Bắc Ninh,28886761728,[LIVESTREAM] Combo 2 Hộp Bánh Orion Chocopie TÌNH (435.6g/hộp),https://shopee.vn/product/289646907/28886761728,https://down-vn.img.susercontent.com/file/vn-11134207-7ra0g-m9zfd5nczede2a,"[""https://down-vn.img.susercontent.com/file/vn-11134207-7ra0g-m9zfd5nczede2a"", ""https://down-vn.img.susercontent.com/file/vn-11134207-7ra0g-m9zfd5ncze4k61"", ""https://down-vn.img.susercontent.com/file/vn-11134207-7ra0g-m9zfd5msysskc1"", ""https://down-vn.img.susercontent.com/file/vn-11134207-7ra0g-m9zfd5lp0fiab6"", ""https://down-vn.img.susercontent.com/file/vn-11134207-7ra0g-m9zfd5nd0sxu23"", ""https://down-vn.img.susercontent.com/file/vn-11134207-7ras8-mdjvgzh8nqnl2c""]","[""OFFICIAL_SHOP""]","[""vn-11134258-7r98o-lyb3kdam2qw17d""]",30VCX[26.6-9.7.2026],vn-11134258-81ztc-mpuan4n576yqc2,False,False,False,1747716117,123840,144000,144000,14,0,VCXFM30K107,20160,1782838800.0,1782925140.0,99000,418,164,5.0,15,"[0, 0, 0, 0, 15]",[],ORION,3395424.0,100629,"[100629, 100654, 100858]",23,,"[""""]"
Shopee,,vn,2026-07-01,289646907,orion-official-store,Orion VN Official Store,Tỉnh Bắc Ninh,41829383225,Combo 2 Hộp Bánh Goute Topping Cốm Dừa (16 Gói/Hộp),https://shopee.vn/product/289646907/41829383225,https://down-vn.img.susercontent.com/file/vn-11134207-81ztc-mm1iddscn40126,"[""https://down-vn.img.susercontent.com/file/vn-11134207-81ztc-mm1iddscn40126"", ""https://down-vn.img.susercontent.com/file/vn-11134207-81ztc-mm1iddsdce8fb6"", ""https://down-vn.img.susercontent.com/file/vn-11134207-81ztc-mm1iddscoikhac""]","[""OFFICIAL_SHOP""]","[""vn-11134258-7r98o-lyb3kdam2qw17d""]",30VCX[26.6-9.7.2026],vn-11134258-81ztc-mpuan4n576yqc2,False,False,False,1773993515,123840,144000,144000,14,0,VCXFM30K107,20160,1782838800.0,1782925140.0,99000,449,327,4.882352941176471,34,"[0, 0, 1, 2, 31]",[],ORION,3395424.0,100629,"[100629, 100646, 100787]",36,,"[""""]"
Shopee,,vn,2026-07-01,289646907,orion-official-store,Orion VN Official Store,Tỉnh Bắc Ninh,56108385268,[LIVESTREAM] Combo 5 Túi Bánh Cest Bon Mochi Cốm Dừa (5 Gói/Túi),https://shopee.vn/product/289646907/56108385268,https://down-vn.img.susercontent.com/file/vn-11134207-81ztc-mmsbs3dmdlhkf5,"[""https://down-vn.img.susercontent.com/file/vn-11134207-81ztc-mmsbs3dmdlhkf5"", ""https://down-vn.img.susercontent.com/file/vn-11134207-81ztc-mmjza63mll36c4"", ""https://down-vn.img.susercontent.com/file/vn-11134207-81ztc-mmjza63moe8689"", ""https://down-vn.img.susercontent.com/file/vn-11134207-81ztc-mmjza63lxpfl88"", ""https://down-vn.img.susercontent.com/file/vn-11134207-81ztc-mmjza63gxwqw1c""]","[""OFFICIAL_SHOP""]","[""vn-11134258-7r98o-lyb3kdam2qw17d""]",30VCX[26.6-9.7.2026],vn-11134258-81ztc-mpuan4n576yqc2,False,False,False,1775616606,190000,220000,220000,14,0,VCXFM30K107,30000,1782838800.0,1782925140.0,99000,320,270,5.0,13,"[0, 0, 0, 0, 13]",[],ORION,3395424.0,100629,"[100629, 100654, 100858]",17,,"[""""]"
Shopee,,vn,2026-07-01,289646907,orion-official-store,Orion VN Official Store,Tỉnh Bắc Ninh,29231544899,[LIVESTREAM] Combo 5 gói Bánh Nướng Giòn C'est Bon Orion Baguette Vị Bơ Tỏi Đút Lò (Túi 5 gói),https://shopee.vn/product/289646907/29231544899,https://down-vn.img.susercontent.com/file/vn-11134207-7ras8-mdjup2all3n583,"[""https://down-vn.img.susercontent.com/file/vn-11134207-7ras8-mdjup2all3n583"", ""https://down-vn.img.susercontent.com/file/vn-11134207-7ra0g-m81n0rsjka6f55"", ""https://down-vn.img.susercontent.com/file/vn-11134207-7ra0g-m81n0rsjloq6b5"", ""https://down-vn.img.susercontent.com/file/vn-11134207-7ra0g-m81n0rsjn3am06"", ""https://down-vn.img.susercontent.com/file/vn-11134207-7ra0g-m81n0rsjivlz4a""]","[""OFFICIAL_SHOP""]","[""vn-11134258-7r98o-lyb3kdam2qw17d""]",30VCX[26.6-9.7.2026],vn-11134258-81ztc-mpuan4n576yqc2,False,False,False,1743491515,190000,220000,220000,14,0,VCXFM30K107,30000,1782838800.0,1782925140.0,99000,2000,2000,5.0,8,"[0, 0, 0, 0, 8]",[],ORION,3395424.0,100629,"[100629, 100646, 100787]",43,,"[""""]"
Shopee,,vn,2026-07-01,289646907,orion-official-store,Orion VN Official Store,Tỉnh Bắc Ninh,56152579418,Combo 5 Túi Bánh Gạo Nướng An vị Nấm Hương Om Nước Tương (140G/Túi),https://shopee.vn/product/289646907/56152579418,https://down-vn.img.susercontent.com/file/vn-11134207-820l4-mhuapcn2s5c875,"[""https://down-vn.img.susercontent.com/file/vn-11134207-820l4-mhuapcn2s5c875"", ""https://down-vn.img.susercontent.com/file/vn-11134207-820l4-mhuapcnl4c8wa6"", ""https://down-vn.img.susercontent.com/file/vn-11134207-820l4-mhuapcnl2xog2b"", ""https://down-vn.img.susercontent.com/file/vn-11134207-820l4-mfkj4stiodfz22""]","[""OFFICIAL_SHOP""]","[""vn-11134258-7r98o-lyb3kdam2qw17d""]",30VCX[26.6-9.7.2026],vn-11134258-81ztc-mpuan4n576yqc2,False,False,False,1764840633,167700,195000,195000,14,0,VCXFM30K107,27300,1782838800.0,1782925140.0,99000,515,150,4.8979591836734695,49,"[0, 0, 2, 1, 46]",[],ORION,3395424.0,100629,"[100629, 100654, 100859]",34,,"[""""]"
Shopee,,vn,2026-07-01,289646907,orion-official-store,Orion VN Official Store,Tỉnh Bắc Ninh,29492921661,Combo 2 Hộp 12 Gói Bánh ChocoPie Giảm Đường (360g),https://shopee.vn/product/289646907/29492921661,https://down-vn.img.susercontent.com/file/vn-11134207-820l4-mfkj4stqhb0s64,"[""https://down-vn.img.susercontent.com/file/vn-11134207-820l4-mfkj4stqhb0s64"", ""https://down-vn.img.susercontent.com/file/vn-11134207-820l4-mfkj4stvlbf150"", ""https://down-vn.img.susercontent.com/file/vn-11134207-820l4-mfkj4sucok5r9b"", ""https://down-vn.img.susercontent.com/file/vn-11134207-820l4-mfkj4stiodfz22""]","[""OFFICIAL_SHOP""]","[""vn-11134258-7r98o-lyb3kdam2qw17d""]",30VCX[26.6-9.7.2026],vn-11134258-81ztc-mpuan4n576yqc2,False,False,False,1760437137,129000,150000,150000,14,0,VCXFM30K107,21000,1782838800.0,1782925140.0,99000,2000,1000,4.913857677902621,267,"[3, 1, 2, 4, 257]",[],ORION,3395424.0,100629,"[100629, 100654, 100858]",94,,"[""""]"
Shopee,,vn,2026-07-01,289646907,orion-official-store,Orion VN Official Store,Tỉnh Bắc Ninh,45751820735,Combo 2 Hộp 18 Gói Bánh Orion Custas Vị Kem Trứng (423g/Hộp),https://shopee.vn/product/289646907/45751820735,https://down-vn.img.susercontent.com/file/vn-11134207-820l4-mhlt4g3d44cjd9,"[""https://down-vn.img.susercontent.com/file/vn-11134207-820l4-mhlt4g3d44cjd9"", ""https://down-vn.img.susercontent.com/file/vn-11134207-820l4-mhlt4g3er47509"", ""https://down-vn.img.susercontent.com/file/vn-11134207-820l4-mhlt4g3n6iv7c2"", ""https://down-vn.img.susercontent.com/file/vn-11134207-820l4-mhlt3dh2k45i54""]","[""OFFICIAL_SHOP""]","[""vn-11134258-7r98o-lyb3kdam2qw17d""]",30VCX[26.6-9.7.2026],vn-11134258-81ztc-mpuan4n576yqc2,False,False,False,1763633702,170280,198000,198000,14,0,VCXFM30K107,27720,1782838800.0,1782925140.0,99000,1000,115,4.87434554973822,191,"[1, 3, 2, 7, 178]",[],ORION,3395424.0,100629,"[100629, 100654, 100857]",31,,"[""""]"
Shopee,,vn,2026-07-01,289646907,orion-official-store,Orion VN Official Store,Tỉnh Bắc Ninh,51907456940,Combo 2 Hộp Bánh Goute Creme Đậu Phộng (16 Gói/Hộp),https://shopee.vn/product/289646907/51907456940,https://down-vn.img.susercontent.com/file/vn-11134207-81ztc-mm1hquqiugas03,"[""https://down-vn.img.susercontent.com/file/vn-11134207-81ztc-mm1hquqiugas03"", ""https://down-vn.img.susercontent.com/file/vn-11134207-81ztc-mm1hquqvztoo11"", ""https://down-vn.img.susercontent.com/file/vn-11134207-81ztc-mm1hquqetrswb3""]","[""OFFICIAL_SHOP""]","[""vn-11134258-7r98o-lyb3kdam2qw17d""]",30VCX[26.6-9.7.2026],vn-11134258-81ztc-mpuan4n576yqc2,False,False,False,1773992333,116960,136000,136000,14,0,VCXFM30K107,19040,1782838800.0,1782925140.0,99000,388,211,4.940298507462686,67,"[0, 0, 1, 2, 64]",[],ORION,3395424.0,100629,"[100629, 100646, 100787]",43,,"[""""]"
Shopee,,vn,2026-07-01,289646907,orion-official-store,Orion VN Official Store,Tỉnh Bắc Ninh,26829112813,[LIVESTREAM] Combo 5 Túi Bánh Gạo An vị Ngô nướng Bơ (120g/Túi),https://shopee.vn/product/289646907/26829112813,https://down-vn.img.susercontent.com/file/vn-11134207-7ras8-mdjug29zqtrj0c,"[""https://down-vn.img.susercontent.com/file/vn-11134207-7ras8-mdjug29zqtrj0c"", ""https://down-vn.img.susercontent.com/file/vn-11134207-7ra0g-m77b2an1x38h02"", ""https://down-vn.img.susercontent.com/file/vn-11134207-7ra0g-m77b2ao5vg4n89"", ""https://down-vn.img.susercontent.com/file/vn-11134207-7ra0g-m77b2akk0q5j9d"", ""https://down-vn.img.susercontent.com/file/vn-11134207-7ra0g-m77b2ak01k0xf9""]","[""OFFICIAL_SHOP""]","[""vn-11134258-7r98o-lyb3kdam2qw17d""]",30VCX[26.6-9.7.2026],vn-11134258-81ztc-mpuan4n576yqc2,False,False,False,1741657054,167700,195000,195000,14,0,VCXFM30K107,27300,1782838800.0,1782925140.0,99000,714,207,4.973684210526316,38,"[0, 0, 0, 1, 37]",[],ORION,3395424.0,100629,"[100629, 100646, 100787]",18,,"[""""]"
Shopee,,vn,2026-07-01,289646907,orion-official-store,Orion VN Official Store,Tỉnh Bắc Ninh,54811285979,Combo 5 Túi 14 Gói Bánh An Vị Nếp Cẩm Mật Hoa Dừa (140G/Túi),https://shopee.vn/product/289646907/54811285979,https://down-vn.img.susercontent.com/file/vn-11134207-81ztc-morx54veupsdcd,"[""https://down-vn.img.susercontent.com/file/vn-11134207-81ztc-morx54veupsdcd"", ""https://down-vn.img.susercontent.com/file/vn-11134207-81ztc-morx54vd94i7b9"", ""https://down-vn.img.susercontent.com/file/vn-11134207-81ztc-morx54vasmpt83"", ""https://down-vn.img.susercontent.com/file/vn-11134207-81ztc-morx54vrf0n451""]","[""OFFICIAL_SHOP""]","[""vn-11134258-7r98o-lyb3kdam2qw17d""]",30VCX[26.6-9.7.2026],vn-11134258-81ztc-mpuan4n576yqc2,False,False,False,1779951160,167700,195000,195000,14,0,VCXFM30K107,27300,1782838800.0,1782925140.0,99000,38,38,4.777777777777778,9,"[0, 0, 1, 0, 8]",[],ORION,3395424.0,100629,"[100629, 100654, 100858]",8,,"[""""]"
Shopee,,vn,2026-07-01,289646907,orion-official-store,Orion VN Official Store,Tỉnh Bắc Ninh,25784920058,Combo 3 Túi Bánh Con Cá Bống Bang nhân MOCHI SOCOLA Đậu Đỏ (145g),https://shopee.vn/product/289646907/25784920058,https://down-vn.img.susercontent.com/file/vn-11134207-7ras8-mdjum81h7ynja8,"[""https://down-vn.img.susercontent.com/file/vn-11134207-7ras8-mdjum81h7ynja8"", ""https://down-vn.img.susercontent.com/file/vn-11134207-7r98o-lzq4k12fpm0149"", ""https://down-vn.img.susercontent.com/file/vn-11134207-7r98o-lzq4k12fr0kh51"", ""https://down-vn.img.susercontent.com/file/vn-11134207-7r98o-lzq4k12fr0b147"", ""https://down-vn.img.susercontent.com/file/vn-11134207-7r98o-lzq4k12fplql0b"", ""https://down-vn.img.susercontent.com/file/vn-11134207-7r98o-lzq4k12fsevh81""]","[""OFFICIAL_SHOP""]","[""vn-11134258-7r98o-lyb3kdam2qw17d""]",18VCX+SSCBundle[1.7],vn-11134258-81ztc-mpuaa0q603kffe,False,False,False,1724037400,100620,117000,117000,14,0,VCXFM30K107,16380,1782838800.0,1782925140.0,99000,4000,1000,4.962750716332378,349,"[0, 1, 3, 4, 341]",[],ORION,3395424.0,100629,"[100629, 100646, 100787]",237,,"[""""]"
Shopee,,vn,2026-07-01,289646907,orion-official-store,Orion VN Official Store,Tỉnh Bắc Ninh,41670882461,Combo 5 Túi Bánh Con Cá Bống Bang Nhân MOCHI CỐM Đậu Đỏ (145G/Gói),https://shopee.vn/product/289646907/41670882461,https://down-vn.img.susercontent.com/file/vn-11134207-820l4-mf0m5hifkq2zfb,"[""https://down-vn.img.susercontent.com/file/vn-11134207-820l4-mf0m5hifkq2zfb"", ""https://down-vn.img.susercontent.com/file/vn-11134207-820l4-mf0m5hivhts926"", ""https://down-vn.img.susercontent.com/file/vn-11134207-820l4-mf0m5hizo4jvaf"", ""https://down-vn.img.susercontent.com/file/vn-11134207-820l4-mf0m5hilgtu1df""]","[""OFFICIAL_SHOP""]","[""vn-11134258-7r98o-lyb3kdam2qw17d""]",30VCX[26.6-9.7.2026],vn-11134258-81ztc-mpuan4n576yqc2,False,False,False,1758686138,167700,195000,195000,14,0,VCXFM30K107,27300,1782838800.0,1782925140.0,99000,2000,1000,4.549019607843137,102,"[7, 3, 3, 3, 86]",[],ORION,3395424.0,100629,"[100629, 100654, 100858]",77,,"[""""]"
Shopee,,vn,2026-07-01,289646907,orion-official-store,Orion VN Official Store,Tỉnh Bắc Ninh,44024261701,"Combo 5 Túi Bánh Gạo Nướng An Chee-Z Vị Khoai Tây Phô Mai Nướng 104,2g/Túi",https://shopee.vn/product/289646907/44024261701,https://down-vn.img.susercontent.com/file/vn-11134207-81ztc-mot5vsbxt2q5e8,"[""https://down-vn.img.susercontent.com/file/vn-11134207-81ztc-mot5vsbxt2q5e8"", ""https://down-vn.img.susercontent.com/file/vn-11134207-81ztc-mot5vsc132f6f6"", ""https://down-vn.img.susercontent.com/file/vn-11134207-820l4-mfusokw38xs92e"", ""https://down-vn.img.susercontent.com/file/vn-11134207-820l4-mfusokw1yl1re1"", ""https://down-vn.img.susercontent.com/file/vn-11134207-820l4-mfusokwd9xqhd0"", ""https://down-vn.img.susercontent.com/file/vn-11134207-820l4-mfkj4stiodfz22""]","[""OFFICIAL_SHOP""]","[""vn-11134258-7r98o-lyb3kdam2qw17d""]",30VCX[26.6-9.7.2026],vn-11134258-81ztc-mpuan4n576yqc2,False,False,False,1760511417,124700,145000,145000,14,0,VCXFM30K107,20300,1782838800.0,1782925140.0,99000,697,137,4.828571428571428,105,"[2, 1, 2, 3, 97]",[],ORION,3395424.0,100629,"[100629, 100646, 100787]",27,,"[""""]"
Shopee,,vn,2026-07-01,289646907,orion-official-store,Orion VN Official Store,Tỉnh Bắc Ninh,46611116293,[LIVESTREAM] COMBO 5 Hộp Bánh Snack Khoai Tây Nướng Yegam vị Kim Chi Hàn Quốc (64G/Hộp),https://shopee.vn/product/289646907/46611116293,https://down-vn.img.susercontent.com/file/vn-11134207-81ztc-mp8rvzzd4wsv4d,"[""https://down-vn.img.susercontent.com/file/vn-11134207-81ztc-mp8rvzzd4wsv4d"", ""https://down-vn.img.susercontent.com/file/vn-11134207-81ztc-mp8rvzzexix7cc"", ""https://down-vn.img.susercontent.com/file/vn-11134207-81ztc-mp8rvzzncxkw16""]","[""OFFICIAL_SHOP""]","[""vn-11134258-7r98o-lyb3kdam2qw17d""]",30VCX[26.6-9.7.2026],vn-11134258-81ztc-mpuan4n576yqc2,False,False,False,1779699391,137600,160000,160000,14,0,VCXFM30K107,22400,1782838800.0,1782925140.0,99000,46,45,5.0,14,"[0, 0, 0, 0, 14]",[],ORION,3395424.0,100629,"[100629, 100646, 100788]",6,,"[""""]"
Shopee,,vn,2026-07-02,289646907,orion-official-store,Orion VN Official Store,Tỉnh Bắc Ninh,25828640224,Combo 5 Gói kẹo ngậm HỌNG vị quất mật ong gói 84G,https://shopee.vn/product/289646907/25828640224,https://down-vn.img.susercontent.com/file/vn-11134207-7ras8-mdjvrkowrg6kc0,"[""https://down-vn.img.susercontent.com/file/vn-11134207-7ras8-mdjvrkowrg6kc0"", ""https://down-vn.img.susercontent.com/file/vn-11134207-7r98o-lzq59dkuef8hd5"", ""https://down-vn.img.susercontent.com/file/vn-11134207-7r98o-lzq59dkueez13d"", ""https://down-vn.img.susercontent.com/file/vn-11134207-7r98o-lzq59dkud0o11c"", ""https://down-vn.img.susercontent.com/file/vn-11134207-7r98o-lzq59dkud0elc8""]","[""OFFICIAL_SHOP""]","[""vn-11134258-7r98o-lyb3kdam2qw17d""]",30VCX[26.6-9.7.2026],vn-11134258-81ztc-mpuan4n576yqc2,False,False,False,1714963506,100000,100000,100000,,0,,,,,,10000,1000,4.958472873409243,1493,"[1, 3, 8, 33, 1448]",[],ORION,3395424.0,100629,"[100629, 100646, 100785]",237,,"[""""]"
Shopee,,vn,2026-07-02,289646907,orion-official-store,Orion VN Official Store,Tỉnh Bắc Ninh,26361847161,[ĐỘC QUYỀN] Kẹo dẻo Boom Jelly THẠCH Orion MIX VỊ hộp 60 gói (750g),https://shopee.vn/product/289646907/26361847161,https://down-vn.img.susercontent.com/file/vn-11134207-81ztc-mnfhezileupw29,"[""https://down-vn.img.susercontent.com/file/vn-11134207-81ztc-mnfhezileupw29"", ""https://down-vn.img.susercontent.com/file/vn-11134207-7ras8-m0dxfdmcrtsf3b"", ""https://down-vn.img.susercontent.com/file/vn-11134207-7ra0g-maao9jlgxtuz5c""]","[""OFFICIAL_SHOP""]","[""vn-11134258-7r98o-lyb3kdam2qw17d""]",30VCX[26.6-9.7.2026],vn-11134258-81ztc-mpuan4n576yqc2,False,False,False,1726801630,187920,216000,216000,13,0,237GIAM40K,28080,1782925200.0,1783097940.0,150000,6000,832,4.907272727272727,1100,"[7, 5, 16, 27, 1045]",[],ORION,3395424.0,100629,"[100629, 100646, 100794]",509,,"[""""]"
Shopee,,vn,2026-07-02,289646907,orion-official-store,Orion VN Official Store,Tỉnh Bắc Ninh,25078119874,"Combo 3 túi Bánh gạo nướng An ORION vị Chà Bông 145,6G",https://shopee.vn/product/289646907/25078119874,https://down-vn.img.susercontent.com/file/vn-11134207-7ras8-mdju762gbzfz90,"[""https://down-vn.img.susercontent.com/file/vn-11134207-7ras8-mdju762gbzfz90"", ""https://down-vn.img.susercontent.com/file/vn-11134207-7r98o-lzsewljlehsxfd"", ""https://down-vn.img.susercontent.com/file/vn-11134207-7r98o-lzsewljld2z195"", ""https://down-vn.img.susercontent.com/file/vn-11134207-7r98o-lzsewljld38hf4"", ""https://down-vn.img.susercontent.com/file/vn-11134207-7r98o-lzsewljlehjh00""]","[""OFFICIAL_SHOP""]","[""vn-11134258-7r98o-lyb3kdam2qw17d""]",15VCX+SuperCheap[26.6-9.7.2026],vn-11134258-81ztc-mpua62h4xo1u89,False,False,False,1714729823,117000,117000,117000,,0,,,,,,10000,2000,4.963375796178344,628,"[2, 1, 1, 10, 614]",[],ORION,3395424.0,100629,"[100629, 100646, 100787]",286,,"[""""]"
Shopee,,vn,2026-07-02,289646907,orion-official-store,Orion VN Official Store,Tỉnh Bắc Ninh,23727659874,Combo 2 Hộp Bánh Goute Mè Giòn Tan (8 Gói/hộp),https://shopee.vn/product/289646907/23727659874,https://down-vn.img.susercontent.com/file/vn-11134207-7ras8-mdfro7vtbwkx3e,"[""https://down-vn.img.susercontent.com/file/vn-11134207-7ras8-mdfro7vtbwkx3e"", ""https://down-vn.img.susercontent.com/file/vn-11134207-7ras8-mdfro7vtbw3331"", ""https://down-vn.img.susercontent.com/file/vn-11134207-7ras8-mdfrhsi1xjn0df"", ""https://down-vn.img.susercontent.com/file/vn-11134207-7ras8-mdfrhsi1yy7gda"", ""https://down-vn.img.susercontent.com/file/vn-11134207-7ras8-mdfrhsibx4n907"", ""https://down-vn.img.susercontent.com/file/vn-11134207-7ras8-mdfrhsi1xj9h7e"", ""https://down-vn.img.susercontent.com/file/vn-11134207-7ras8-mdfrhshrzcg582""]","[""OFFICIAL_SHOP""]","[""vn-11134258-7r98o-lyb3kdam2qw17d""]",30VCX[26.6-9.7.2026],vn-11134258-81ztc-mpuan4n576yqc2,False,False,False,1677418827,116000,116000,116000,,0,,,,,,10000,1000,4.9050167224080266,1497,"[15, 3, 17, 39, 1423]",[],ORION,3395424.0,100629,"[100629, 100646, 100787]",236,,"[""""]"
Shopee,,vn,2026-07-02,289646907,orion-official-store,Orion VN Official Store,Tỉnh Bắc Ninh,46207476417,Combo 3 Túi Bánh Custas Bakery Castella Trứng Lava (3 Gói/Túi),https://shopee.vn/product/289646907/46207476417,https://down-vn.img.susercontent.com/file/vn-11134207-81ztc-mm1grg1x89oj9f,"[""https://down-vn.img.susercontent.com/file/vn-11134207-81ztc-mm1grg1x89oj9f"", ""https://down-vn.img.susercontent.com/file/vn-11134207-81ztc-mmjz8sb0ts751b"", ""https://down-vn.img.susercontent.com/file/vn-11134207-81ztc-mmjz8sb0sdmp48""]","[""OFFICIAL_SHOP""]","[""vn-11134258-7r98o-lyb3kdam2qw17d""]",30VCX[26.6-9.7.2026],vn-11134258-81ztc-mpuan4n576yqc2,False,False,False,1773990425,132000,132000,132000,,0,,,,,,5000,4000,4.907051282051282,312,"[2, 0, 3, 15, 292]",[],ORION,3395424.0,100629,"[100629, 100654, 100858]",848,,"[""""]"
Shopee,,vn,2026-07-02,289646907,orion-official-store,Orion VN Official Store,Tỉnh Bắc Ninh,19474514882,Combo 2 Hộp Bánh Orion Chocopie TÌNH (435.6g/hộp),https://shopee.vn/product/289646907/19474514882,https://down-vn.img.susercontent.com/file/vn-11134207-7ras8-mdjvgzh8nqnl2c,"[""https://down-vn.img.susercontent.com/file/vn-11134207-7ras8-mdjvgzh8nqnl2c"", ""https://down-vn.img.susercontent.com/file/vn-11134207-7r98o-lzq5bvjesklpd0"", ""https://down-vn.img.susercontent.com/file/vn-11134207-7r98o-lzq5bvjeskv55a"", ""https://down-vn.img.susercontent.com/file/vn-11134207-7r98o-lzq5bvjeprgt2e"", ""https://down-vn.img.susercontent.com/file/vn-11134207-7r98o-lzq5bvjeprq985"", ""https://down-vn.img.susercontent.com/file/vn-11134207-7r98o-lzq5bvjer6ap30"", ""https://down-vn.img.susercontent.com/file/vn-11134207-7r98o-lzq5bvjer61987""]","[""OFFICIAL_SHOP""]","[""vn-11134258-7r98o-lyb3kdam2qw17d""]",30VCX[26.6-9.7.2026],vn-11134258-81ztc-mpuan4n576yqc2,False,False,False,1677393333,144000,144000,144000,,0,,,,,,20000,1000,4.876940133037694,903,"[14, 7, 6, 22, 854]",[],ORION,3395424.0,100629,"[100629, 100654, 100858]",602,,"[""""]"
Shopee,,vn,2026-07-02,289646907,orion-official-store,Orion VN Official Store,Tỉnh Bắc Ninh,44112379715,Combo 8 Hộp bánh Cá Marine Boy Orion vị Rong Biển Tuyết Xanh 35g/hộp,https://shopee.vn/product/289646907/44112379715,https://down-vn.img.susercontent.com/file/vn-11134207-81ztc-mq5p260t43kd9a,"[""https://down-vn.img.susercontent.com/file/vn-11134207-81ztc-mq5p260t43kd9a"", ""https://down-vn.img.susercontent.com/file/vn-11134207-81ztc-mq5p260wwcnjd5"", ""https://down-vn.img.susercontent.com/file/vn-11134207-820l4-mjwmunawx1xj45"", ""https://down-vn.img.susercontent.com/file/vn-11134207-820l4-mfkj4stiodfz22""]","[""OFFICIAL_SHOP""]","[""vn-11134258-7r98o-lyb3kdam2qw17d""]",30VCX[26.6-9.7.2026],vn-11134258-81ztc-mpuan4n576yqc2,False,False,False,1754983144,120000,120000,120000,,0,,,,,,2000,458,4.892537313432836,335,"[6, 0, 2, 8, 319]",[],ORION,3395424.0,100629,"[100629, 100646, 100787]",113,,"[""""]"
Shopee,,vn,2026-07-02,289646907,orion-official-store,Orion VN Official Store,Tỉnh Bắc Ninh,22327674524,Combo 2 Hộp Bánh Goute Hạt dinh dưỡng (8 Gói/hộp),https://shopee.vn/product/289646907/22327674524,https://down-vn.img.susercontent.com/file/vn-11134207-7ras8-mdfrncpqxwdra8,"[""https://down-vn.img.susercontent.com/file/vn-11134207-7ras8-mdfrncpqxwdra8"", ""https://down-vn.img.susercontent.com/file/vn-11134207-7ras8-mdfrncwyore926"", ""https://down-vn.img.susercontent.com/file/vn-11134207-7ras8-mdfrkkyix9yk29"", ""https://down-vn.img.susercontent.com/file/vn-11134207-7ras8-mdfrkkzcxgat92"", ""https://down-vn.img.susercontent.com/file/vn-11134207-7ras8-mdfrkkzcyuv95a"", ""https://down-vn.img.susercontent.com/file/vn-11134207-7ras8-mdfrkkzcxgoc29"", ""https://down-vn.img.susercontent.com/file/vn-11134207-7ras8-mdfrhshrzcg582""]","[""OFFICIAL_SHOP""]","[""vn-11134258-7r98o-lyb3kdam2qw17d""]",30VCX[26.6-9.7.2026],vn-11134258-81ztc-mpuan4n576yqc2,False,False,False,1677419448,116000,116000,116000,,0,,,,,,5000,359,4.885682574916759,901,"[10, 2, 16, 25, 848]",[],ORION,3395424.0,100629,"[100629, 100646, 100787]",135,,"[""""]"
Shopee,,vn,2026-07-02,289646907,orion-official-store,Orion VN Official Store,Tỉnh Bắc Ninh,25578062299,Combo 3 Túi 5 gói bánh ăn sáng Orion C'est Bon sốt nhân kem trứng muối (101.5G),https://shopee.vn/product/289646907/25578062299,https://down-vn.img.susercontent.com/file/vn-11134207-7ras8-mdjutl41bn3g1e,"[""https://down-vn.img.susercontent.com/file/vn-11134207-7ras8-mdjutl41bn3g1e"", ""https://down-vn.img.susercontent.com/file/vn-11134207-7r98o-lzriac73adnl74"", ""https://down-vn.img.susercontent.com/file/vn-11134207-7r98o-lzriac73el3h9c"", ""https://down-vn.img.susercontent.com/file/vn-11134207-7r98o-lzriac73bs81a5"", ""https://down-vn.img.susercontent.com/file/vn-11134207-7r98o-lzriac73d6j1b6""]","[""OFFICIAL_SHOP""]","[""vn-11134258-7r98o-lyb3kdam2qw17d""]",30VCX[26.6-9.7.2026],vn-11134258-81ztc-mpuan4n576yqc2,False,False,False,1714718200,90000,90000,90000,,0,,,,,,7000,2000,4.928507596067917,1119,"[9, 4, 7, 18, 1081]",[],ORION,3395424.0,100629,"[100629, 100654, 100858]",265,,"[""""]"
Shopee,,vn,2026-07-02,289646907,orion-official-store,Orion VN Official Store,Tỉnh Bắc Ninh,25027863990,Combo 2 Hộp 12 gói bánh Orion Custas 12P tiramisu (282G),https://shopee.vn/product/289646907/25027863990,https://down-vn.img.susercontent.com/file/vn-11134207-7ras8-m34h7mh6o6jdfc,"[""https://down-vn.img.susercontent.com/file/vn-11134207-7ras8-m34h7mh6o6jdfc"", ""https://down-vn.img.susercontent.com/file/vn-11134207-7ras8-m1xu0mtwgr7jce"", ""https://down-vn.img.susercontent.com/file/vn-11134207-7ras8-m1xu0mtwfccz6a"", ""https://down-vn.img.susercontent.com/file/vn-11134207-7ras8-m1xu0mtwdy2nc4"", ""https://down-vn.img.susercontent.com/file/vn-11134207-7ras8-m1xu0mtwfcn33a"", ""https://down-vn.img.susercontent.com/file/vn-11134207-7ras8-m1xu0mtwdxsj3c""]","[""OFFICIAL_SHOP""]","[""vn-11134258-7r98o-lyb3kdam2qw17d""]",30VCX[26.6-9.7.2026],vn-11134258-81ztc-mpuan4n576yqc2,False,False,False,1714644819,144000,144000,144000,,0,,,,,,10000,1000,4.898611111111111,1446,"[17, 5, 12, 39, 1373]",[],ORION,3395424.0,100629,"[100629, 100654, 100857]",876,,"[""""]"
Shopee,,vn,2026-07-02,289646907,orion-official-store,Orion VN Official Store,Tỉnh Bắc Ninh,23459135184,Combo 5 Túi Bánh Nướng Giòn C'est Bon Orion Baguette Vị Bơ Tỏi Đút Lò (5 gói/Túi),https://shopee.vn/product/289646907/23459135184,https://down-vn.img.susercontent.com/file/vn-11134207-81ztc-mot5wri2kg003c,"[""https://down-vn.img.susercontent.com/file/vn-11134207-81ztc-mot5wri2kg003c"", ""https://down-vn.img.susercontent.com/file/vn-11134207-81ztc-mot5wri2df65cd"", ""https://down-vn.img.susercontent.com/file/vn-11134207-7r98o-lzrjulz0t6bx0c"", ""https://down-vn.img.susercontent.com/file/vn-11134207-7r98o-lzrjulz0ul5te4"", ""https://down-vn.img.susercontent.com/file/vn-11134207-7r98o-lzrjulz0ukwd3a"", ""https://down-vn.img.susercontent.com/file/vn-11134207-7r98o-lzrjulz0vzq948""]","[""OFFICIAL_SHOP""]","[""vn-11134258-7r98o-lyb3kdam2qw17d""]",30VCX[26.6-9.7.2026],vn-11134258-81ztc-mpuan4n576yqc2,False,False,False,1698283891,191400,220000,220000,13,0,237GIAM40K,28600,1782925200.0,1783097940.0,150000,10000,2000,4.931526390870186,701,"[1, 3, 8, 19, 670]",[],ORION,3395424.0,100629,"[100629, 100646, 100787]",557,,"[""""]"
Shopee,,vn,2026-07-02,289646907,orion-official-store,Orion VN Official Store,Tỉnh Bắc Ninh,25728109731,Combo 3 Túi Bánh Gạo Nướng An Orion vị Tảo Biển 111.3g/Túi,https://shopee.vn/product/289646907/25728109731,https://down-vn.img.susercontent.com/file/vn-11134207-81ztc-mot5t39yemmjdf,"[""https://down-vn.img.susercontent.com/file/vn-11134207-81ztc-mot5t39yemmjdf"", ""https://down-vn.img.susercontent.com/file/vn-11134207-81ztc-mot5t3a0cv0u69"", ""https://down-vn.img.susercontent.com/file/vn-11134207-7r98o-lzseynrard598d"", ""https://down-vn.img.susercontent.com/file/vn-11134207-7r98o-lzseynrardep92"", ""https://down-vn.img.susercontent.com/file/vn-11134207-7r98o-lzseynrasrz546"", ""https://down-vn.img.susercontent.com/file/vn-11134207-7r98o-lzseynrasrppf3""]","[""OFFICIAL_SHOP""]","[""vn-11134258-7r98o-lyb3kdam2qw17d""]",30VCX[26.6-9.7.2026],vn-11134258-81ztc-mpuan4n576yqc2,False,False,False,1714728552,87000,87000,87000,,0,,,,,,4000,553,4.919402985074627,670,"[6, 0, 5, 20, 639]",[],ORION,3395424.0,100629,"[100629, 100646, 100787]",116,,"[""""]"
Shopee,,vn,2026-07-02,289646907,orion-official-store,Orion VN Official Store,Tỉnh Bắc Ninh,28952745890,Combo 3 Túi 8 gói bánh ăn sáng Orion C'est Bon sợi thịt gà truyền thống (136G),https://shopee.vn/product/289646907/28952745890,https://down-vn.img.susercontent.com/file/vn-11134207-7ras8-mdjuqunfeqwcd1,"[""https://down-vn.img.susercontent.com/file/vn-11134207-7ras8-mdjuqunfeqwcd1"", ""https://down-vn.img.susercontent.com/file/vn-11134207-7r98o-lzshlm0ql3yl1c"", ""https://down-vn.img.susercontent.com/file/vn-11134207-7r98o-lzshlm0ql481e7"", ""https://down-vn.img.susercontent.com/file/vn-11134207-7r98o-lzshlm0qmish19"", ""https://down-vn.img.susercontent.com/file/vn-11134207-7r98o-lzshlm0qjpe5c6""]","[""OFFICIAL_SHOP""]","[""vn-11134258-7r98o-lyb3kdam2qw17d""]",30VCX[26.6-9.7.2026],vn-11134258-81ztc-mpuan4n576yqc2,False,False,False,1718270290,132000,132000,132000,,0,,,,,,3000,887,4.911949685534591,159,"[2, 1, 0, 3, 153]",[],ORION,3395424.0,100629,"[100629, 100654, 100858]",110,,"[""""]"
Shopee,,vn,2026-07-02,289646907,orion-official-store,Orion VN Official Store,Tỉnh Bắc Ninh,26900493910,"Combo 3 Túi Bánh Gạo Nướng Orion An Vị Tự Nhiên 151,2g/Túi",https://shopee.vn/product/289646907/26900493910,https://down-vn.img.susercontent.com/file/vn-11134207-81ztc-mot5qx4nu49749,"[""https://down-vn.img.susercontent.com/file/vn-11134207-81ztc-mot5qx4nu49749"", ""https://down-vn.img.susercontent.com/file/vn-11134207-81ztc-mot5qx4flqfg9e"", ""https://down-vn.img.susercontent.com/file/vn-11134207-7r98o-lzsgfj9t74250d"", ""https://down-vn.img.susercontent.com/file/vn-11134207-7r98o-lzsgfj9t9x71e3"", ""https://down-vn.img.susercontent.com/file/vn-11134207-7r98o-lzsgfj9t8iml40"", ""https://down-vn.img.susercontent.com/file/vn-11134207-7r98o-lzsgfj9t9xgh5f""]","[""OFFICIAL_SHOP""]","[""vn-11134258-7r98o-lyb3kdam2qw17d""]",30VCX[26.6-9.7.2026],vn-11134258-81ztc-mpuan4n576yqc2,False,False,False,1716259781,87000,87000,87000,,0,,,,,,2000,710,4.9186046511627906,258,"[1, 1, 3, 8, 245]",[],ORION,3395424.0,100629,"[100629, 100646, 100787]",25,,"[""""]"
Shopee,,vn,2026-07-02,289646907,orion-official-store,Orion VN Official Store,Tỉnh Bắc Ninh,22227670295,Combo 2 Hộp Bánh Orion Custas Nhân Kem Trứng (282g/hộp),https://shopee.vn/product/289646907/22227670295,https://down-vn.img.susercontent.com/file/vn-11134207-820l4-mgrqwn5yjocs85,"[""https://down-vn.img.susercontent.com/file/vn-11134207-820l4-mgrqwn5yjocs85"", ""https://down-vn.img.susercontent.com/file/vn-11134207-820l4-mgrqvnmwj4zxee"", ""https://down-vn.img.susercontent.com/file/vn-11134207-820l4-mgrqvnmmi51pe3"", ""https://down-vn.img.susercontent.com/file/vn-11134207-820l4-mfkj4stiodfz22""]","[""OFFICIAL_SHOP""]","[""vn-11134258-7r98o-lyb3kdam2qw17d""]",30VCX[26.6-9.7.2026],vn-11134258-81ztc-mpuan4n576yqc2,False,False,False,1677419837,144000,144000,144000,,0,,,,,,10000,964,4.911551155115512,1520,"[13, 9, 10, 35, 1453]",[],ORION,3395424.0,100629,"[100629, 100654, 100857]",382,,"[""""]"
Shopee,,vn,2026-07-02,289646907,orion-official-store,Orion VN Official Store,Thành phố Hồ Chí Minh,45857464389,Thùng Bánh Chocopie Tình 12P (8 Hộp/Thùng),https://shopee.vn/product/289646907/45857464389,https://down-vn.img.susercontent.com/file/vn-11134207-81ztc-mmjz54wnhngob5,"[""https://down-vn.img.susercontent.com/file/vn-11134207-81ztc-mmjz54wnhngob5"", ""https://down-vn.img.susercontent.com/file/vn-11134207-81ztc-mmjz54wrcpoj27"", ""https://down-vn.img.susercontent.com/file/vn-11134207-81ztc-mm1ka931ww7c57"", ""https://down-vn.img.susercontent.com/file/vn-11134207-81ztc-mmjz54wrwdn378"", ""https://down-vn.img.susercontent.com/file/vn-11134207-81ztc-mm1l0hg57tvp7a"", ""https://down-vn.img.susercontent.com/file/vn-11134207-81ztc-mm1l0hg7a9z863""]","[""OFFICIAL_SHOP""]","[""vn-11134258-7r98o-lyb3kdam2qw17d""]",30VCX[26.6-9.7.2026],vn-11134258-81ztc-mpuan4n576yqc2,False,False,False,1773996515,466000,576000,576000,19,0,237GIAM90K2,90000,1782925200.0,1783097940.0,250000,2000,1000,4.924418604651163,180,"[1, 0, 3, 3, 173]",[],ORION,3395424.0,100629,"[100629, 100654, 100858]",38,,"[""""]"
Shopee,,vn,2026-07-02,289646907,orion-official-store,Orion VN Official Store,Tỉnh Bắc Ninh,28292038558,Combo 5 Bánh snack Toonies Dipping Sốt Chấm Phô Mai Cay 57G/Gói,https://shopee.vn/product/289646907/28292038558,https://down-vn.img.susercontent.com/file/vn-11134207-820l4-mf0ncuhozbbd65,"[""https://down-vn.img.susercontent.com/file/vn-11134207-820l4-mf0ncuhozbbd65"", ""https://down-vn.img.susercontent.com/file/vn-11134207-820l4-mf0ncuhmn18t59"", ""https://down-vn.img.susercontent.com/file/vn-11134207-820l4-mf0m5hilgtu1df""]","[""OFFICIAL_SHOP""]","[""vn-11134258-7r98o-lyb3kdam2qw17d""]",30VCX[26.6-9.7.2026],vn-11134258-81ztc-mpuan4n576yqc2,False,False,False,1758686526,90000,90000,90000,,0,,,,,,820,269,4.916666666666667,120,"[0, 1, 0, 7, 112]",[],ORION,3395424.0,100629,"[100629, 100646, 100788]",96,,"[""""]"
Shopee,,vn,2026-07-02,289646907,orion-official-store,Orion VN Official Store,Tỉnh Bắc Ninh,25228640065,Combo 5 Gói Kẹo ngậm HỌNG vị gừng mật ong gói 84G,https://shopee.vn/product/289646907/25228640065,https://down-vn.img.susercontent.com/file/vn-11134207-7ras8-mdjvrz37oypxde,"[""https://down-vn.img.susercontent.com/file/vn-11134207-7ras8-mdjvrz37oypxde"", ""https://down-vn.img.susercontent.com/file/vn-11134207-7r98o-lzq57xjomde5e9"", ""https://down-vn.img.susercontent.com/file/vn-11134207-7r98o-lzq57xjoi5y989"", ""https://down-vn.img.susercontent.com/file/vn-11134207-7r98o-lzq57xjoi5otb8"", ""https://down-vn.img.susercontent.com/file/vn-11134207-7r98o-lzq57xjojkipae""]","[""OFFICIAL_SHOP""]","[""vn-11134258-7r98o-lyb3kdam2qw17d""]",30VCX[26.6-9.7.2026],vn-11134258-81ztc-mpuan4n576yqc2,False,False,False,1714963110,100000,100000,100000,,0,,,,,,4000,1000,4.952662721893491,676,"[2, 2, 2, 14, 656]",[],,,100629,"[100629, 100646, 100785]",59,,"[""""]"
Shopee,,vn,2026-07-02,289646907,orion-official-store,Orion VN Official Store,Tỉnh Bắc Ninh,27168939726,Combo 2 Hộp 10 Gói Bánh kiểu Âu OPERA (280g),https://shopee.vn/product/289646907/27168939726,https://down-vn.img.susercontent.com/file/vn-11134207-820l4-mgrr0dxiyqdk43,"[""https://down-vn.img.susercontent.com/file/vn-11134207-820l4-mgrr0dxiyqdk43"", ""https://down-vn.img.susercontent.com/file/vn-11134207-820l4-mgrqzha4muiyc5"", ""https://down-vn.img.susercontent.com/file/vn-11134207-820l4-mgrqzhapxslp32"", ""https://down-vn.img.susercontent.com/file/vn-11134207-820l4-mfkj4stiodfz22""]","[""OFFICIAL_SHOP""]","[""vn-11134258-7r98o-lyb3kdam2qw17d""]",30VCX[26.6-9.7.2026],vn-11134258-81ztc-mpuan4n576yqc2,False,False,False,1732700834,130500,150000,150000,13,0,237GIAM40K,19500,1782925200.0,1783097940.0,150000,3000,156,4.88368580060423,662,"[6, 7, 6, 20, 623]",[],ORION,3395424.0,100629,"[100629, 100654, 100858]",170,,"[""""]"
Shopee,,vn,2026-07-02,289646907,orion-official-store,Orion VN Official Store,Tỉnh Bắc Ninh,22327681194,Combo 2 Hộp 12 gói Bánh Chocopie vị Dưa Hấu (336g),https://shopee.vn/product/289646907/22327681194,https://down-vn.img.susercontent.com/file/vn-11134207-820l4-mgyx775wyfpl49,"[""https://down-vn.img.susercontent.com/file/vn-11134207-820l4-mgyx775wyfpl49"", ""https://down-vn.img.susercontent.com/file/vn-11134207-820l4-mgyx776lytqk14"", ""https://down-vn.img.susercontent.com/file/vn-11134207-820l4-mgyx776gz11lbb"", ""https://down-vn.img.susercontent.com/file/vn-11134207-820l4-mgyx776r00zt5e"", ""https://down-vn.img.susercontent.com/file/vn-11134207-820l4-mgyx776yq5fu56""]","[""OFFICIAL_SHOP""]","[""vn-11134258-7r98o-lyb3kdam2qw17d""]",30VCX[26.6-9.7.2026],vn-11134258-81ztc-mpuan4n576yqc2,False,False,False,1677421119,138000,138000,138000,,0,,,,,,1000,612,4.898477157360406,197,"[1, 1, 1, 11, 183]",[],ORION,3395424.0,100629,"[100629, 100654, 100857]",57,,"[""""]"
Shopee,,vn,2026-07-02,289646907,orion-official-store,Orion VN Official Store,Tỉnh Bắc Ninh,28353888202,Combo 3 túi bánh gạo nướng An vị Cốm Sen 168G,https://shopee.vn/product/289646907/28353888202,https://down-vn.img.susercontent.com/file/vn-11134207-7ras8-mdju5vlcf8hx49,"[""https://down-vn.img.susercontent.com/file/vn-11134207-7ras8-mdju5vlcf8hx49"", ""https://down-vn.img.susercontent.com/file/vn-11134207-7ras8-m0vbo32kntnx27"", ""https://down-vn.img.susercontent.com/file/vn-11134207-7ras8-m0vbo32kqn4fd5"", ""https://down-vn.img.susercontent.com/file/vn-11134207-7ras8-m0vbo32kmf3hb2"", ""https://down-vn.img.susercontent.com/file/vn-11134207-7ras8-m0vbo32kntzjcd"", ""https://down-vn.img.susercontent.com/file/vn-11134207-7ras8-m0vbo32kp8jze5""]","[""OFFICIAL_SHOP""]","[""vn-11134258-7r98o-lyb3kdam2qw17d""]",30VCX[26.6-9.7.2026],vn-11134258-81ztc-mpuan4n576yqc2,False,False,False,1719485509,117000,117000,117000,,0,,,,,,2000,522,4.953488372093023,430,"[0, 1, 4, 9, 416]",[],ORION,3395424.0,100629,"[100629, 100646, 100787]",115,,"[""""]"
Shopee,,vn,2026-07-02,289646907,orion-official-store,Orion VN Official Store,Tỉnh Bắc Ninh,23027666001,Combo 2 Hộp Bánh Orion Chocopie ĐẬM (396g/hộp),https://shopee.vn/product/289646907/23027666001,https://down-vn.img.susercontent.com/file/vn-11134207-7ras8-mdjvewd2jlpoae,"[""https://down-vn.img.susercontent.com/file/vn-11134207-7ras8-mdjvewd2jlpoae"", ""https://down-vn.img.susercontent.com/file/vn-11134207-7r98o-lzr123c2y8gd2b"", ""https://down-vn.img.susercontent.com/file/vn-11134207-7r98o-lzr123c2vfbh8b"", ""https://down-vn.img.susercontent.com/file/vn-11134207-7r98o-lzr123c2wtvx44"", ""https://down-vn.img.susercontent.com/file/vn-11134207-7r98o-lzr123c2wu5d43"", ""https://down-vn.img.susercontent.com/file/vn-11134207-7r98o-lzr123c2vfkxb8""]","[""OFFICIAL_SHOP""]","[""vn-11134258-7r98o-lyb3kdam2qw17d""]",30VCX[26.6-9.7.2026],vn-11134258-81ztc-mpuan4n576yqc2,False,False,False,1677418690,144000,144000,144000,,0,,,,,,6000,329,4.926623376623376,1540,"[15, 3, 8, 28, 1486]",[],ORION,3395424.0,100629,"[100629, 100654, 100857]",383,,"[""""]"
Shopee,,vn,2026-07-02,289646907,orion-official-store,Orion VN Official Store,Tỉnh Bắc Ninh,23565208439,Combo 3 Túi Bánh Gạo An vị Ngô nướng Bơ (120g/Túi),https://shopee.vn/product/289646907/23565208439,https://down-vn.img.susercontent.com/file/vn-11134207-7ras8-mdjufbqokt2n4d,"[""https://down-vn.img.susercontent.com/file/vn-11134207-7ras8-mdjufbqokt2n4d"", ""https://down-vn.img.susercontent.com/file/vn-11134207-7ra0g-m77b25lbcg4h29"", ""https://down-vn.img.susercontent.com/file/vn-11134207-7ra0g-m77b25lva7on9d"", ""https://down-vn.img.susercontent.com/file/vn-11134207-7ra0g-m77b25lbb0x335"", ""https://down-vn.img.susercontent.com/file/vn-11134207-7ra0g-m77b25lbb1k17f""]","[""OFFICIAL_SHOP""]","[""vn-11134258-7r98o-lyb3kdam2qw17d""]",30VCX[26.6-9.7.2026],vn-11134258-81ztc-mpuan4n576yqc2,False,False,False,1741656913,117000,117000,117000,,0,,,,,,3000,1000,4.928,375,"[2, 2, 2, 9, 360]",[],ORION,3395424.0,100629,"[100629, 100646, 100787]",116,,"[""""]"
Shopee,,vn,2026-07-02,289646907,orion-official-store,Orion VN Official Store,Tỉnh Bắc Ninh,23727675986,"Combo 2 Hộp 12 gói Bánh Custas vị Cốm Sen Hà Nội (282,6g/hộp)",https://shopee.vn/product/289646907/23727675986,https://down-vn.img.susercontent.com/file/vn-11134207-820l4-mgrqtvhw3z0v35,"[""https://down-vn.img.susercontent.com/file/vn-11134207-820l4-mgrqtvhw3z0v35"", ""https://down-vn.img.susercontent.com/file/vn-11134207-820l4-mgrqpqj4g3yn2f"", ""https://down-vn.img.susercontent.com/file/vn-11134207-820l4-mgrqpqj422a2a8"", ""https://down-vn.img.susercontent.com/file/vn-11134207-820l4-mfkj4stiodfz22""]","[""OFFICIAL_SHOP""]","[""vn-11134258-7r98o-lyb3kdam2qw17d""]",30VCX[26.6-9.7.2026],vn-11134258-81ztc-mpuan4n576yqc2,False,False,False,1677420769,144000,144000,144000,,0,,,,,,7000,615,4.903351519875292,1284,"[8, 4, 17, 46, 1209]",[],ORION,3395424.0,100629,"[100629, 100654, 100857]",233,,"[""""]"
Shopee,,vn,2026-07-02,289646907,orion-official-store,Orion VN Official Store,Tỉnh Bắc Ninh,27128180756,[LIVESTREAM] [ĐỘC QUYỀN] Kẹo dẻo Boom Jelly THẠCH Orion MIX VỊ hộp 60 gói (750g),https://shopee.vn/product/289646907/27128180756,https://down-vn.img.susercontent.com/file/vn-11134207-81ztc-mnfhezileupw29,"[""https://down-vn.img.susercontent.com/file/vn-11134207-81ztc-mnfhezileupw29"", ""https://down-vn.img.susercontent.com/file/vn-11134207-7ra0g-m760w2x05b4x92""]","[""OFFICIAL_SHOP""]","[""vn-11134258-7r98o-lyb3kdam2qw17d""]",30VCX[26.6-9.7.2026],vn-11134258-81ztc-mpuan4n576yqc2,False,False,False,1740998407,187920,216000,216000,13,0,237GIAM40K,28080,1782925200.0,1783097940.0,150000,913,205,4.971223021582734,139,"[0, 1, 0, 1, 137]",[],ORION,3395424.0,100629,"[100629, 100646, 100794]",48,,"[""""]"
Shopee,,vn,2026-07-02,289646907,orion-official-store,Orion VN Official Store,Tỉnh Bắc Ninh,26233488173,[ĐỘC QUYỀN] Kẹo ngậm dịu HỌNG nhiều vị (500g),https://shopee.vn/product/289646907/26233488173,https://down-vn.img.susercontent.com/file/vn-11134207-7ra0g-m8lio5uru8w2c5,"[""https://down-vn.img.susercontent.com/file/vn-11134207-7ra0g-m8lio5uru8w2c5"", ""https://down-vn.img.susercontent.com/file/vn-11134207-7ra0g-m8lio5urvngif2"", ""https://down-vn.img.susercontent.com/file/vn-11134207-7ra0g-m8lio5uru8n8e1"", ""https://down-vn.img.susercontent.com/file/vn-11134207-7ra0g-m8lio8rxkcp094""]","[""OFFICIAL_SHOP""]","[""vn-11134258-7r98o-lyb3kdam2qw17d""]",30VCX[26.6-9.7.2026],vn-11134258-81ztc-mpuan4n576yqc2,False,False,False,1744698810,130000,130000,130000,,0,,,,,,1000,87,4.9714285714285715,315,"[1, 0, 0, 5, 309]",[],ORION,3395424.0,100629,"[100629, 100646, 100785]",106,,"[""""]"
Shopee,,vn,2026-07-02,289646907,orion-official-store,Orion VN Official Store,Thành phố Hồ Chí Minh,24391148394,[ĐỘC QUYỀN] Hộp Bánh Bống Bang Family Pack 20 Gói (580g),https://shopee.vn/product/289646907/24391148394,https://down-vn.img.susercontent.com/file/vn-11134207-7ras8-mdk4dzqrfd0xf7,"[""https://down-vn.img.susercontent.com/file/vn-11134207-7ras8-mdk4dzqrfd0xf7"", ""https://down-vn.img.susercontent.com/file/vn-11134207-7ras8-m5y22kpvaxmg4b"", ""https://down-vn.img.susercontent.com/file/vn-11134207-7ras8-m5y22kq5aigz61"", ""https://down-vn.img.susercontent.com/file/vn-11134207-7ras8-m5y22kpvcc6w28"", ""https://down-vn.img.susercontent.com/file/vn-11134207-7ras8-m5y22kpvcbnn8f"", ""https://down-vn.img.susercontent.com/file/vn-11134207-7ra0g-maao9jlgxtuz5c""]","[""OFFICIAL_SHOP""]","[""vn-11134258-7r98o-lyb3kdam2qw17d""]",30VCX[26.6-9.7.2026],vn-11134258-81ztc-mpuan4n576yqc2,False,False,False,1738917610,130500,150000,150000,13,0,237GIAM40K,19500,1782925200.0,1783097940.0,150000,2000,351,4.945425361155698,623,"[1, 3, 3, 15, 601]",[],ORION,3395424.0,100629,"[100629, 100654, 100858]",352,,"[""""]"
Shopee,,vn,2026-07-02,289646907,orion-official-store,Orion VN Official Store,Tỉnh Bắc Ninh,24027869690,Combo 3 Túi 5 gói bánh ăn sáng Orion C'est Bon sợi thịt gà truyền thống 85G/Túi,https://shopee.vn/product/289646907/24027869690,https://down-vn.img.susercontent.com/file/vn-11134207-81ztc-mot5ubst9bltc2,"[""https://down-vn.img.susercontent.com/file/vn-11134207-81ztc-mot5ubst9bltc2"", ""https://down-vn.img.susercontent.com/file/vn-11134207-81ztc-mot5ubss0dfw48"", ""https://down-vn.img.susercontent.com/file/vn-11134207-7r98o-lzsfe4u5kx1p6d"", ""https://down-vn.img.susercontent.com/file/vn-11134207-7r98o-lzsfe4u5jih9ac"", ""https://down-vn.img.susercontent.com/file/vn-11134207-7r98o-lzsfe4u5jiqp23"", ""https://down-vn.img.susercontent.com/file/vn-11134207-7r98o-lzsfe4u5kxb557""]","[""OFFICIAL_SHOP""]","[""vn-11134258-7r98o-lyb3kdam2qw17d""]",30VCX[26.6-9.7.2026],vn-11134258-81ztc-mpuan4n576yqc2,False,False,False,1714646411,90000,90000,90000,,0,,,,,,4000,2000,4.951841359773371,353,"[3, 0, 0, 5, 345]",[],ORION,3395424.0,100629,"[100629, 100646, 100787]",72,,"[""""]"
Shopee,,vn,2026-07-02,289646907,orion-official-store,Orion VN Official Store,Thành phố Hồ Chí Minh,41853192625,[ĐỘC QUYỀN] Hộp 15 Gói Bánh Nướng Giòn Vị Bơ Tỏi Orion C'est Bon Baguette (540g),https://shopee.vn/product/289646907/41853192625,https://down-vn.img.susercontent.com/file/vn-11134207-7ras8-mal4qiurse6v48,"[""https://down-vn.img.susercontent.com/file/vn-11134207-7ras8-mal4qiurse6v48"", ""https://down-vn.img.susercontent.com/file/vn-11134207-7ras8-mbdo99dz170hc3"", ""https://down-vn.img.susercontent.com/file/vn-11134207-7ras8-mbdoapzo208je6"", ""https://down-vn.img.susercontent.com/file/vn-11134207-7ra0g-maao9jlgxtuz5c""]","[""OFFICIAL_SHOP""]","[""vn-11134258-7r98o-lyb3kdam2qw17d""]",30VCX[26.6-9.7.2026],vn-11134258-81ztc-mpuan4n576yqc2,False,False,False,1749030366,138000,138000,138000,,0,,,,,,8000,2000,4.927374301675978,179,"[0, 1, 2, 6, 170]",[],ORION,3395424.0,100629,"[100629, 100654, 100858]",577,,"[""""]"
Shopee,,vn,2026-07-02,289646907,orion-official-store,Orion VN Official Store,Tỉnh Bắc Ninh,55601794933,"Combo 2 Hộp 18 Gói Bánh Orion Chocopie Tình Vị Truyền Thống (653,4g/Hộp)",https://shopee.vn/product/289646907/55601794933,https://down-vn.img.susercontent.com/file/vn-11134207-820l4-mhlt373xqxae05,"[""https://down-vn.img.susercontent.com/file/vn-11134207-820l4-mhlt373xqxae05"", ""https://down-vn.img.susercontent.com/file/vn-11134207-820l4-mhk0bk6nauio83"", ""https://down-vn.img.susercontent.com/file/vn-11134207-820l4-mhk0bk6bva4j0e"", ""https://down-vn.img.susercontent.com/file/vn-11134207-820l4-mhlt3dh2k45i54""]","[""OFFICIAL_SHOP""]","[""vn-11134258-7r98o-lyb3kdam2qw17d""]",30VCX[26.6-9.7.2026],vn-11134258-81ztc-mpuan4n576yqc2,False,False,False,1763633241,172260,198000,198000,13,0,237GIAM40K,25740,1782925200.0,1783097940.0,150000,4000,1000,4.86284289276808,401,"[8, 0, 6, 11, 376]",[],ORION,3395424.0,100629,"[100629, 100654, 100858]",73,,"[""""]"
Shopee,,vn,2026-07-02,289646907,orion-official-store,Orion VN Official Store,Thành phố Hồ Chí Minh,43579391371,Thùng Bánh Custas Kem Trứng 12P (8 Hộp/Thùng),https://shopee.vn/product/289646907/43579391371,https://down-vn.img.susercontent.com/file/vn-11134207-81ztc-mmjz2dhg6neq72,"[""https://down-vn.img.susercontent.com/file/vn-11134207-81ztc-mmjz2dhg6neq72"", ""https://down-vn.img.susercontent.com/file/vn-11134207-81ztc-mmjz2dhceebze6"", ""https://down-vn.img.susercontent.com/file/vn-11134207-81ztc-mmjz2dhcbl6t2d"", ""https://down-vn.img.susercontent.com/file/vn-11134207-81ztc-mm1kqz0x28ege9"", ""https://down-vn.img.susercontent.com/file/vn-11134207-81ztc-mm1kz0bls4r3e9""]","[""OFFICIAL_SHOP""]","[""vn-11134258-7r98o-lyb3kdam2qw17d""]",30VCX[26.6-9.7.2026],vn-11134258-81ztc-mpuan4n576yqc2,False,False,False,1773997075,466000,576000,576000,19,0,237GIAM90K2,90000,1782925200.0,1783097940.0,250000,2000,1000,4.894736842105263,255,"[2, 0, 7, 4, 242]",[],ORION,3395424.0,100629,"[100629, 100654, 100857]",26,,"[""""]"
Shopee,,vn,2026-07-02,289646907,orion-official-store,Orion VN Official Store,Tỉnh Bắc Ninh,56257443079,Combo 2 Hộp Bánh Goute Creme Dâu (16 Gói/Hộp),https://shopee.vn/product/289646907/56257443079,https://down-vn.img.susercontent.com/file/vn-11134207-81ztc-mmv4ty7wl3b8be,"[""https://down-vn.img.susercontent.com/file/vn-11134207-81ztc-mmv4ty7wl3b8be"", ""https://down-vn.img.susercontent.com/file/vn-11134207-81ztc-mmv4ty7wmhvob4"", ""https://down-vn.img.susercontent.com/file/vn-11134207-81ztc-mmv4ty7vym80f7""]","[""OFFICIAL_SHOP""]","[""vn-11134258-7r98o-lyb3kdam2qw17d""]",30VCX[26.6-9.7.2026],vn-11134258-81ztc-mpuan4n576yqc2,False,False,False,1773991555,136000,136000,136000,,0,,,,,,426,193,4.970149253731344,67,"[0, 0, 0, 2, 65]",[],ORION,3395424.0,100629,"[100629, 100646, 100787]",44,,"[""""]"
Shopee,,vn,2026-07-02,289646907,orion-official-store,Orion VN Official Store,Tỉnh Bắc Ninh,26052011768,Combo 3 gói bánh ăn sáng C'est Bon Sandwich Sốt Bơ Phô Mai Chà Bông Orion (147G x 6),https://shopee.vn/product/289646907/26052011768,https://down-vn.img.susercontent.com/file/vn-11134207-81ztc-mot5uvgsvw26b4,"[""https://down-vn.img.susercontent.com/file/vn-11134207-81ztc-mot5uvgsvw26b4"", ""https://down-vn.img.susercontent.com/file/vn-11134207-81ztc-mot5uvh2u2vg82"", ""https://down-vn.img.susercontent.com/file/vn-11134207-7r98o-lzqzeczrodhpac"", ""https://down-vn.img.susercontent.com/file/vn-11134207-7r98o-lzqzeczrodr5a7"", ""https://down-vn.img.susercontent.com/file/vn-11134207-7r98o-lzqzeczrmz6p1c"", ""https://down-vn.img.susercontent.com/file/vn-11134207-7r98o-lzqzeczrmyx908""]","[""OFFICIAL_SHOP""]","[""vn-11134258-7r98o-lyb3kdam2qw17d""]",30VCX[26.6-9.7.2026],vn-11134258-81ztc-mpuan4n576yqc2,False,False,False,1717580555,132000,132000,132000,,0,,,,,,7000,776,4.929798356982823,1339,"[4, 4, 10, 46, 1275]",[],ORION,3395424.0,100629,"[100629, 100654, 100858]",276,,"[""""]"
Shopee,,vn,2026-07-02,289646907,orion-official-store,Orion VN Official Store,Tỉnh Bắc Ninh,45357467779,Combo 5 Túi Bánh Cest Bon Mochi Cốm Dừa (5 Gói/Túi),https://shopee.vn/product/289646907/45357467779,https://down-vn.img.susercontent.com/file/vn-11134207-81ztc-mm1gjjgidc02fb,"[""https://down-vn.img.susercontent.com/file/vn-11134207-81ztc-mm1gjjgidc02fb"", ""https://down-vn.img.susercontent.com/file/vn-11134207-81ztc-mmjza63mll36c4"", ""https://down-vn.img.susercontent.com/file/vn-11134207-81ztc-mmjza63moe8689"", ""https://down-vn.img.susercontent.com/file/vn-11134207-81ztc-mmjza63lxpfl88"", ""https://down-vn.img.susercontent.com/file/vn-11134207-81ztc-mmjza63gxwqw1c"", ""https://down-vn.img.susercontent.com/file/vn-11134207-81ztc-mmjti9guw1zj3f""]","[""OFFICIAL_SHOP""]","[""vn-11134258-7r98o-lyb3kdam2qw17d""]",30VCX[26.6-9.7.2026],vn-11134258-81ztc-mpuan4n576yqc2,False,False,False,1773990243,191400,220000,220000,13,0,237GIAM40K,28600,1782925200.0,1783097940.0,150000,782,388,4.96078431372549,51,"[0, 0, 0, 2, 49]",[],ORION,3395424.0,100629,"[100629, 100654, 100858]",124,,"[""""]"
Shopee,,vn,2026-07-02,289646907,orion-official-store,Orion VN Official Store,Tỉnh Bắc Ninh,41712379566,Combo 8 Hộp bánh Cá Marine Boy Orion vị Tôm Nướng Môi Đỏ 35g/hộp,https://shopee.vn/product/289646907/41712379566,https://down-vn.img.susercontent.com/file/vn-11134207-81ztc-mq5wh83lpgct18,"[""https://down-vn.img.susercontent.com/file/vn-11134207-81ztc-mq5wh83lpgct18"", ""https://down-vn.img.susercontent.com/file/vn-11134207-81ztc-mq5wh83mokjy4a"", ""https://down-vn.img.susercontent.com/file/vn-11134207-820l4-mjwmunawx1xj45"", ""https://down-vn.img.susercontent.com/file/vn-11134207-7ras8-mdbgohkepsikd8""]","[""OFFICIAL_SHOP""]","[""vn-11134258-7r98o-lyb3kdam2qw17d""]",30VCX[26.6-9.7.2026],vn-11134258-81ztc-mpuan4n576yqc2,False,False,False,1754983076,120000,120000,120000,,0,,,,,,1000,319,4.874172185430464,151,"[2, 1, 2, 4, 142]",[],ORION,3395424.0,100629,"[100629, 100646, 100787]",63,,"[""""]"
Shopee,,vn,2026-07-02,289646907,orion-official-store,Orion VN Official Store,Tỉnh Bắc Ninh,47704391486,"[ĐỘC QUYỀN] Hộp bánh Pie Orion mix 4 vị (697,5g)",https://shopee.vn/product/289646907/47704391486,https://down-vn.img.susercontent.com/file/vn-11134207-820l4-mj9a9jtf0rupc4,"[""https://down-vn.img.susercontent.com/file/vn-11134207-820l4-mj9a9jtf0rupc4"", ""https://down-vn.img.susercontent.com/file/vn-11134207-820l4-mj9a9jtszn5y4d"", ""https://down-vn.img.susercontent.com/file/vn-11134207-820l4-mj9a9jto191e42"", ""https://down-vn.img.susercontent.com/file/vn-11134207-820l4-mj9a9jtewk5f82"", ""https://down-vn.img.susercontent.com/file/vn-11134207-820l4-mj9al2mia4n4a7"", ""https://down-vn.img.susercontent.com/file/vn-11134207-820l4-mj9al2mlk4cm1a"", ""https://down-vn.img.susercontent.com/file/vn-11134207-820l4-mj9al2n5kpom8e"", ""https://down-vn.img.susercontent.com/file/vn-11134207-820l4-mj9al2n89mvbf6"", ""https://down-vn.img.susercontent.com/file/vn-11134207-820l4-mj9a9jtdumtgca""]","[""OFFICIAL_SHOP""]","[""vn-11134258-7r98o-lyb3kdam2qw17d""]",30VCX[26.6-9.7.2026],vn-11134258-81ztc-mpuan4n576yqc2,False,False,False,1767927405,178350,205000,205000,13,0,237GIAM40K,26650,1782925200.0,1783097940.0,150000,1000,448,4.910377358490566,212,"[4, 0, 0, 3, 205]",[],ORION,3395424.0,100629,"[100629, 100654, 100858]",138,,"[""""]"
Shopee,,vn,2026-07-02,289646907,orion-official-store,Orion VN Official Store,Tỉnh Bắc Ninh,47660969325,COMBO 5 Hộp Bánh Snack Khoai Tây Nướng Yegam vị Nguyên Bản (64G/Hộp),https://shopee.vn/product/289646907/47660969325,https://down-vn.img.susercontent.com/file/vn-11134207-81ztc-mp8rzcnjuosg22,"[""https://down-vn.img.susercontent.com/file/vn-11134207-81ztc-mp8rzcnjuosg22"", ""https://down-vn.img.susercontent.com/file/vn-11134207-81ztc-mp8rvzzexix7cc"", ""https://down-vn.img.susercontent.com/file/vn-11134207-81ztc-mp8rvzzncxkw16""]","[""OFFICIAL_SHOP""]","[""vn-11134258-7r98o-lyb3kdam2qw17d""]",30VCX[26.6-9.7.2026],vn-11134258-81ztc-mpuan4n576yqc2,False,False,False,1779436105,139200,160000,160000,13,0,237GIAM40K,20800,1782925200.0,1783097940.0,150000,58,54,5.0,14,"[0, 0, 0, 0, 14]",[],ORION,3395424.0,100629,"[100629, 100646, 100788]",5,,"[""""]"
Shopee,,vn,2026-07-02,289646907,orion-official-store,Orion VN Official Store,Tỉnh Bắc Ninh,26408223367,Combo 5 Túi Bánh Con Cá Bống Bang Nhân MOCHI SOCOLA Đậu Đỏ (145g),https://shopee.vn/product/289646907/26408223367,https://down-vn.img.susercontent.com/file/vn-11134207-7ras8-mdjumxkpus355d,"[""https://down-vn.img.susercontent.com/file/vn-11134207-7ras8-mdjumxkpus355d"", ""https://down-vn.img.susercontent.com/file/vn-11134207-7r98o-lzq5aoj5nfwt3a"", ""https://down-vn.img.susercontent.com/file/vn-11134207-7r98o-lzq5aoj5ng69a6"", ""https://down-vn.img.susercontent.com/file/vn-11134207-7r98o-lzq5aoj5ouh9b2"", ""https://down-vn.img.susercontent.com/file/vn-11134207-7r98o-lzq5aoj5q9b5ff"", ""https://down-vn.img.susercontent.com/file/vn-11134207-7r98o-lzq5aoj5ouqp47""]","[""OFFICIAL_SHOP""]","[""vn-11134258-7r98o-lyb3kdam2qw17d""]",30VCX[26.6-9.7.2026],vn-11134258-81ztc-mpuan4n576yqc2,False,False,False,1724039074,169650,195000,195000,13,0,237GIAM40K,25350,1782925200.0,1783097940.0,150000,4000,1000,4.937037037037037,540,"[4, 0, 4, 10, 522]",[],ORION,3395424.0,100629,"[100629, 100654, 100858]",322,,"[""""]"
Shopee,,vn,2026-07-02,289646907,orion-official-store,Orion VN Official Store,Tỉnh Bắc Ninh,41824111415,Combo 2 Hộp 12 Gói Bánh Custas Kem Trứng Giảm Đường (282g),https://shopee.vn/product/289646907/41824111415,https://down-vn.img.susercontent.com/file/vn-11134207-820l4-mfkj6xf0nojy54,"[""https://down-vn.img.susercontent.com/file/vn-11134207-820l4-mfkj6xf0nojy54"", ""https://down-vn.img.susercontent.com/file/vn-11134207-820l4-mfkj6xf3p8ulec"", ""https://down-vn.img.susercontent.com/file/vn-11134207-820l4-mfkj6xfq0popda"", ""https://down-vn.img.susercontent.com/file/vn-11134207-820l4-mfkj4stiodfz22""]","[""OFFICIAL_SHOP""]","[""vn-11134258-7r98o-lyb3kdam2qw17d""]",30VCX[26.6-9.7.2026],vn-11134258-81ztc-mpuan4n576yqc2,False,False,False,1760437036,130500,150000,150000,13,0,237GIAM40K,19500,1782925200.0,1783097940.0,150000,1000,683,4.875432525951557,289,"[5, 2, 0, 10, 272]",[],ORION,3395424.0,100629,"[100629, 100654, 100857]",83,,"[""""]"
Shopee,,vn,2026-07-02,289646907,orion-official-store,Orion VN Official Store,Tỉnh Bắc Ninh,26489730581,Combo 8 Hộp bánh Cá Marine Boy Orion Vị Gà Bơ Sốt Tỏi (35g/Hộp),https://shopee.vn/product/289646907/26489730581,https://down-vn.img.susercontent.com/file/vn-11134207-81ztc-mq5weuowtpu50d,"[""https://down-vn.img.susercontent.com/file/vn-11134207-81ztc-mq5weuowtpu50d"", ""https://down-vn.img.susercontent.com/file/vn-11134207-81ztc-mq5weuoyi4978e"", ""https://down-vn.img.susercontent.com/file/vn-11134207-820l4-mfkj4stiodfz22""]","[""OFFICIAL_SHOP""]","[""vn-11134258-7r98o-lyb3kdam2qw17d""]",30VCX[26.6-9.7.2026],vn-11134258-81ztc-mpuan4n576yqc2,False,False,False,1754983235,120000,120000,120000,,0,,,,,,657,61,4.8655462184873945,119,"[2, 1, 1, 3, 112]",[],ORION,3395424.0,100629,"[100629, 100646, 100787]",39,,"[""""]"
Shopee,,vn,2026-07-02,289646907,orion-official-store,Orion VN Official Store,Tỉnh Bắc Ninh,25178062720,"Combo 3 Túi 5 gói bánh ăn sáng Orion C'est Bon sợi thịt gà sốt kem phô mai 101,5G/Túi",https://shopee.vn/product/289646907/25178062720,https://down-vn.img.susercontent.com/file/vn-11134207-81ztc-mot5vcu8tukg7c,"[""https://down-vn.img.susercontent.com/file/vn-11134207-81ztc-mot5vcu8tukg7c"", ""https://down-vn.img.susercontent.com/file/vn-11134207-81ztc-mot5vcuekc25c5"", ""https://down-vn.img.susercontent.com/file/vn-11134207-7r98o-lzrk0c1bat7126"", ""https://down-vn.img.susercontent.com/file/vn-11134207-7r98o-lzrk0c1b9ew154"", ""https://down-vn.img.susercontent.com/file/vn-11134207-7r98o-lzrk0c1b9eml07"", ""https://down-vn.img.susercontent.com/file/vn-11134207-7r98o-lzrk0c1batgh61""]","[""OFFICIAL_SHOP""]","[""vn-11134258-7r98o-lyb3kdam2qw17d""]",15VCX+SuperCheap[26.6-9.7.2026],vn-11134258-81ztc-mpua62h4xo1u89,False,False,False,1714718539,90000,90000,90000,,0,,,,,,8000,3000,4.911589008363202,837,"[7, 7, 4, 17, 802]",[],ORION,3395424.0,100629,"[100629, 100654, 100858]",243,,"[""""]"
Shopee,,vn,2026-07-02,289646907,orion-official-store,Orion VN Official Store,Tỉnh Bắc Ninh,24828115965,Combo 3 túi Bánh Gạo Nướng Orion An Vừng 115.2g,https://shopee.vn/product/289646907/24828115965,https://down-vn.img.susercontent.com/file/vn-11134207-7ras8-mdjuklf31os1b6,"[""https://down-vn.img.susercontent.com/file/vn-11134207-7ras8-mdjuklf31os1b6"", ""https://down-vn.img.susercontent.com/file/vn-11134207-7r98o-lzsfgr5hiurx6a"", ""https://down-vn.img.susercontent.com/file/vn-11134207-7r98o-lzsfgr5hk9cd9a"", ""https://down-vn.img.susercontent.com/file/vn-11134207-7r98o-lzsfgr5hk9lta9"", ""https://down-vn.img.susercontent.com/file/vn-11134207-7r98o-lzsfgr5hiv1d27""]","[""OFFICIAL_SHOP""]","[""vn-11134258-7r98o-lyb3kdam2qw17d""]",30VCX[26.6-9.7.2026],vn-11134258-81ztc-mpuan4n576yqc2,False,False,False,1714728795,87000,87000,87000,,0,,,,,,1000,196,4.919354838709677,186,"[2, 0, 2, 3, 179]",[],ORION,3395424.0,100629,"[100629, 100646, 100787]",20,,"[""""]"
Shopee,,vn,2026-07-02,289646907,orion-official-store,Orion VN Official Store,Tỉnh Bắc Ninh,51204730541,"[LIVESTREAM] [ĐỘC QUYỀN] Hộp bánh Pie Orion mix 4 vị (697,5g)",https://shopee.vn/product/289646907/51204730541,https://down-vn.img.susercontent.com/file/vn-11134207-820l4-mjia67iiqzgk68,"[""https://down-vn.img.susercontent.com/file/vn-11134207-820l4-mjia67iiqzgk68"", ""https://down-vn.img.susercontent.com/file/vn-11134207-820l4-mjia67jcskqs96"", ""https://down-vn.img.susercontent.com/file/vn-11134207-820l4-mjia67k1yl1c64"", ""https://down-vn.img.susercontent.com/file/vn-11134207-820l4-mjia67ixul8g03"", ""https://down-vn.img.susercontent.com/file/vn-11134207-820l4-mjia67iise1066"", ""https://down-vn.img.susercontent.com/file/vn-11134207-820l4-mjia67jhxzpi41"", ""https://down-vn.img.susercontent.com/file/vn-11134207-820l4-mjia67jnrabn9b"", ""https://down-vn.img.susercontent.com/file/vn-11134207-820l4-mjia67jpsbutc7""]","[""OFFICIAL_SHOP""]","[""vn-11134258-7r98o-lyb3kdam2qw17d""]",30VCX[26.6-9.7.2026],vn-11134258-81ztc-mpuan4n576yqc2,False,False,False,1768470769,178350,205000,205000,13,0,237GIAM40K,26650,1782925200.0,1783097940.0,150000,476,60,4.918918918918919,74,"[1, 0, 0, 2, 71]",[],ORION,3395424.0,100629,"[100629, 100654, 100858]",36,,"[""""]"
Shopee,,vn,2026-07-02,289646907,orion-official-store,Orion VN Official Store,Tỉnh Bắc Ninh,28886761728,[LIVESTREAM] Combo 2 Hộp Bánh Orion Chocopie TÌNH (435.6g/hộp),https://shopee.vn/product/289646907/28886761728,https://down-vn.img.susercontent.com/file/vn-11134207-7ra0g-m9zfd5nczede2a,"[""https://down-vn.img.susercontent.com/file/vn-11134207-7ra0g-m9zfd5nczede2a"", ""https://down-vn.img.susercontent.com/file/vn-11134207-7ra0g-m9zfd5ncze4k61"", ""https://down-vn.img.susercontent.com/file/vn-11134207-7ra0g-m9zfd5msysskc1"", ""https://down-vn.img.susercontent.com/file/vn-11134207-7ra0g-m9zfd5lp0fiab6"", ""https://down-vn.img.susercontent.com/file/vn-11134207-7ra0g-m9zfd5nd0sxu23"", ""https://down-vn.img.susercontent.com/file/vn-11134207-7ras8-mdjvgzh8nqnl2c""]","[""OFFICIAL_SHOP""]","[""vn-11134258-7r98o-lyb3kdam2qw17d""]",30VCX[26.6-9.7.2026],vn-11134258-81ztc-mpuan4n576yqc2,False,False,False,1747716117,144000,144000,144000,,0,,,,,,419,164,5.0,15,"[0, 0, 0, 0, 15]",[],ORION,3395424.0,100629,"[100629, 100654, 100858]",23,,"[""""]"
Shopee,,vn,2026-07-02,289646907,orion-official-store,Orion VN Official Store,Tỉnh Bắc Ninh,54911472135,Combo 3 Túi Bánh Cest Bon Mochi Cốm Dừa (5 Gói/Túi),https://shopee.vn/product/289646907/54911472135,https://down-vn.img.susercontent.com/file/vn-11134207-81ztc-moxp7cph143yb3,"[""https://down-vn.img.susercontent.com/file/vn-11134207-81ztc-moxp7cph143yb3"", ""https://down-vn.img.susercontent.com/file/vn-11134207-81ztc-moxp7cph2ioe34"", ""https://down-vn.img.susercontent.com/file/vn-11134207-81ztc-moxp9o589wch26"", ""https://down-vn.img.susercontent.com/file/vn-11134207-81ztc-moxp9o58bawxea""]","[""OFFICIAL_SHOP""]","[""vn-11134258-7r98o-lyb3kdam2qw17d""]",30VCX[26.6-9.7.2026],vn-11134258-81ztc-mpuan4n576yqc2,False,False,False,1780300369,132000,132000,132000,,0,,,,,,175,173,4.962962962962963,27,"[0, 0, 0, 1, 26]",[],ORION,3395424.0,100629,"[100629, 100654, 100858]",29,,"[""""]"
Shopee,,vn,2026-07-02,289646907,orion-official-store,Orion VN Official Store,Tỉnh Bắc Ninh,51907456940,Combo 2 Hộp Bánh Goute Creme Đậu Phộng (16 Gói/Hộp),https://shopee.vn/product/289646907/51907456940,https://down-vn.img.susercontent.com/file/vn-11134207-81ztc-mm1hquqiugas03,"[""https://down-vn.img.susercontent.com/file/vn-11134207-81ztc-mm1hquqiugas03"", ""https://down-vn.img.susercontent.com/file/vn-11134207-81ztc-mm1hquqvztoo11"", ""https://down-vn.img.susercontent.com/file/vn-11134207-81ztc-mm1hquqetrswb3""]","[""OFFICIAL_SHOP""]","[""vn-11134258-7r98o-lyb3kdam2qw17d""]",30VCX[26.6-9.7.2026],vn-11134258-81ztc-mpuan4n576yqc2,False,False,False,1773992333,136000,136000,136000,,0,,,,,,390,213,4.940298507462686,67,"[0, 0, 1, 2, 64]",[],ORION,3395424.0,100629,"[100629, 100646, 100787]",43,,"[""""]"
Shopee,,vn,2026-07-02,289646907,orion-official-store,Orion VN Official Store,Tỉnh Bắc Ninh,29231544899,[LIVESTREAM] Combo 5 gói Bánh Nướng Giòn C'est Bon Orion Baguette Vị Bơ Tỏi Đút Lò (Túi 5 gói),https://shopee.vn/product/289646907/29231544899,https://down-vn.img.susercontent.com/file/vn-11134207-7ras8-mdjup2all3n583,"[""https://down-vn.img.susercontent.com/file/vn-11134207-7ras8-mdjup2all3n583"", ""https://down-vn.img.susercontent.com/file/vn-11134207-7ra0g-m81n0rsjka6f55"", ""https://down-vn.img.susercontent.com/file/vn-11134207-7ra0g-m81n0rsjloq6b5"", ""https://down-vn.img.susercontent.com/file/vn-11134207-7ra0g-m81n0rsjn3am06"", ""https://down-vn.img.susercontent.com/file/vn-11134207-7ra0g-m81n0rsjivlz4a""]","[""OFFICIAL_SHOP""]","[""vn-11134258-7r98o-lyb3kdam2qw17d""]",30VCX[26.6-9.7.2026],vn-11134258-81ztc-mpuan4n576yqc2,False,False,False,1743491515,191400,220000,220000,13,0,237GIAM40K,28600,1782925200.0,1783097940.0,150000,2000,2000,5.0,8,"[0, 0, 0, 0, 8]",[],ORION,3395424.0,100629,"[100629, 100646, 100787]",43,,"[""""]"
Shopee,,vn,2026-07-02,289646907,orion-official-store,Orion VN Official Store,Tỉnh Bắc Ninh,41829383225,Combo 2 Hộp Bánh Goute Topping Cốm Dừa (16 Gói/Hộp),https://shopee.vn/product/289646907/41829383225,https://down-vn.img.susercontent.com/file/vn-11134207-81ztc-mm1iddscn40126,"[""https://down-vn.img.susercontent.com/file/vn-11134207-81ztc-mm1iddscn40126"", ""https://down-vn.img.susercontent.com/file/vn-11134207-81ztc-mm1iddsdce8fb6"", ""https://down-vn.img.susercontent.com/file/vn-11134207-81ztc-mm1iddscoikhac""]","[""OFFICIAL_SHOP""]","[""vn-11134258-7r98o-lyb3kdam2qw17d""]",30VCX[26.6-9.7.2026],vn-11134258-81ztc-mpuan4n576yqc2,False,False,False,1773993515,144000,144000,144000,,0,,,,,,453,333,4.882352941176471,34,"[0, 0, 1, 2, 31]",[],ORION,3395424.0,100629,"[100629, 100646, 100787]",36,,"[""""]"
Shopee,,vn,2026-07-02,289646907,orion-official-store,Orion VN Official Store,Tỉnh Bắc Ninh,53457449519,Combo 10 Hộp Bánh Quy Ăn Sáng Toonies Miz Socola 2P (2 Gói/Hộp),https://shopee.vn/product/289646907/53457449519,https://down-vn.img.susercontent.com/file/vn-11134207-81ztc-mot5trj3qozl39,"[""https://down-vn.img.susercontent.com/file/vn-11134207-81ztc-mot5trj3qozl39"", ""https://down-vn.img.susercontent.com/file/vn-11134207-81ztc-mot5trjfbvnvd1"", ""https://down-vn.img.susercontent.com/file/vn-11134207-81ztc-mm1ktk94h5vn2b"", ""https://down-vn.img.susercontent.com/file/vn-11134207-81ztc-mm1ku5jkd98k48"", ""https://down-vn.img.susercontent.com/file/vn-11134207-81ztc-mm1ku5jrfi11e3""]","[""OFFICIAL_SHOP""]","[""vn-11134258-7r98o-lyb3kdam2qw17d""]",30VCX[26.6-9.7.2026],vn-11134258-81ztc-mpuan4n576yqc2,False,False,False,1773997292,156600,180000,180000,13,0,237GIAM40K,23400,1782925200.0,1783097940.0,150000,458,371,5.0,10,"[0, 0, 0, 0, 10]",[],ORION,3395424.0,100629,"[100629, 100646, 100787]",22,,"[""""]"
Shopee,,vn,2026-07-02,289646907,orion-official-store,Orion VN Official Store,Tỉnh Bắc Ninh,56152579418,Combo 5 Túi Bánh Gạo Nướng An vị Nấm Hương Om Nước Tương (140G/Túi),https://shopee.vn/product/289646907/56152579418,https://down-vn.img.susercontent.com/file/vn-11134207-820l4-mhuapcn2s5c875,"[""https://down-vn.img.susercontent.com/file/vn-11134207-820l4-mhuapcn2s5c875"", ""https://down-vn.img.susercontent.com/file/vn-11134207-820l4-mhuapcnl4c8wa6"", ""https://down-vn.img.susercontent.com/file/vn-11134207-820l4-mhuapcnl2xog2b"", ""https://down-vn.img.susercontent.com/file/vn-11134207-820l4-mfkj4stiodfz22""]","[""OFFICIAL_SHOP""]","[""vn-11134258-7r98o-lyb3kdam2qw17d""]",30VCX[26.6-9.7.2026],vn-11134258-81ztc-mpuan4n576yqc2,False,False,False,1764840633,169650,195000,195000,13,0,237GIAM40K,25350,1782925200.0,1783097940.0,150000,515,154,4.8979591836734695,49,"[0, 0, 2, 1, 46]",[],ORION,3395424.0,100629,"[100629, 100654, 100859]",34,,"[""""]"
Shopee,,vn,2026-07-02,289646907,orion-official-store,Orion VN Official Store,Tỉnh Bắc Ninh,56108385268,[LIVESTREAM] Combo 5 Túi Bánh Cest Bon Mochi Cốm Dừa (5 Gói/Túi),https://shopee.vn/product/289646907/56108385268,https://down-vn.img.susercontent.com/file/vn-11134207-81ztc-mmsbs3dmdlhkf5,"[""https://down-vn.img.susercontent.com/file/vn-11134207-81ztc-mmsbs3dmdlhkf5"", ""https://down-vn.img.susercontent.com/file/vn-11134207-81ztc-mmjza63mll36c4"", ""https://down-vn.img.susercontent.com/file/vn-11134207-81ztc-mmjza63moe8689"", ""https://down-vn.img.susercontent.com/file/vn-11134207-81ztc-mmjza63lxpfl88"", ""https://down-vn.img.susercontent.com/file/vn-11134207-81ztc-mmjza63gxwqw1c""]","[""OFFICIAL_SHOP""]","[""vn-11134258-7r98o-lyb3kdam2qw17d""]",30VCX[26.6-9.7.2026],vn-11134258-81ztc-mpuan4n576yqc2,False,False,False,1775616606,191400,220000,220000,13,0,237GIAM40K,28600,1782925200.0,1783097940.0,150000,192,142,5.0,15,"[0, 0, 0, 0, 15]",[],ORION,3395424.0,100629,"[100629, 100654, 100858]",17,,"[""""]"
Shopee,,vn,2026-07-02,289646907,orion-official-store,Orion VN Official Store,Tỉnh Bắc Ninh,54811285979,Combo 5 Túi 14 Gói Bánh An Vị Nếp Cẩm Mật Hoa Dừa (140G/Túi),https://shopee.vn/product/289646907/54811285979,https://down-vn.img.susercontent.com/file/vn-11134207-81ztc-morx54veupsdcd,"[""https://down-vn.img.susercontent.com/file/vn-11134207-81ztc-morx54veupsdcd"", ""https://down-vn.img.susercontent.com/file/vn-11134207-81ztc-morx54vd94i7b9"", ""https://down-vn.img.susercontent.com/file/vn-11134207-81ztc-morx54vasmpt83"", ""https://down-vn.img.susercontent.com/file/vn-11134207-81ztc-morx54vrf0n451""]","[""OFFICIAL_SHOP""]","[""vn-11134258-7r98o-lyb3kdam2qw17d""]",30VCX[26.6-9.7.2026],vn-11134258-81ztc-mpuan4n576yqc2,False,False,False,1779951160,169650,195000,195000,13,0,237GIAM40K,25350,1782925200.0,1783097940.0,150000,38,37,4.777777777777778,9,"[0, 0, 1, 0, 8]",[],ORION,3395424.0,100629,"[100629, 100654, 100858]",8,,"[""""]"
Shopee,,vn,2026-07-02,289646907,orion-official-store,Orion VN Official Store,Tỉnh Bắc Ninh,26829112813,[LIVESTREAM] Combo 5 Túi Bánh Gạo An vị Ngô nướng Bơ (120g/Túi),https://shopee.vn/product/289646907/26829112813,https://down-vn.img.susercontent.com/file/vn-11134207-7ras8-mdjug29zqtrj0c,"[""https://down-vn.img.susercontent.com/file/vn-11134207-7ras8-mdjug29zqtrj0c"", ""https://down-vn.img.susercontent.com/file/vn-11134207-7ra0g-m77b2an1x38h02"", ""https://down-vn.img.susercontent.com/file/vn-11134207-7ra0g-m77b2ao5vg4n89"", ""https://down-vn.img.susercontent.com/file/vn-11134207-7ra0g-m77b2akk0q5j9d"", ""https://down-vn.img.susercontent.com/file/vn-11134207-7ra0g-m77b2ak01k0xf9""]","[""OFFICIAL_SHOP""]","[""vn-11134258-7r98o-lyb3kdam2qw17d""]",30VCX[26.6-9.7.2026],vn-11134258-81ztc-mpuan4n576yqc2,False,False,False,1741657054,169650,195000,195000,13,0,237GIAM40K,25350,1782925200.0,1783097940.0,150000,716,204,4.973684210526316,38,"[0, 0, 0, 1, 37]",[],ORION,3395424.0,100629,"[100629, 100646, 100787]",18,,"[""""]"
Shopee,,vn,2026-07-02,289646907,orion-official-store,Orion VN Official Store,Tỉnh Bắc Ninh,29492921661,Combo 2 Hộp 12 Gói Bánh ChocoPie Giảm Đường (360g),https://shopee.vn/product/289646907/29492921661,https://down-vn.img.susercontent.com/file/vn-11134207-820l4-mfkj4stqhb0s64,"[""https://down-vn.img.susercontent.com/file/vn-11134207-820l4-mfkj4stqhb0s64"", ""https://down-vn.img.susercontent.com/file/vn-11134207-820l4-mfkj4stvlbf150"", ""https://down-vn.img.susercontent.com/file/vn-11134207-820l4-mfkj4sucok5r9b"", ""https://down-vn.img.susercontent.com/file/vn-11134207-820l4-mfkj4stiodfz22""]","[""OFFICIAL_SHOP""]","[""vn-11134258-7r98o-lyb3kdam2qw17d""]",30VCX[26.6-9.7.2026],vn-11134258-81ztc-mpuan4n576yqc2,False,False,False,1760437137,130500,150000,150000,13,0,237GIAM40K,19500,1782925200.0,1783097940.0,150000,2000,898,4.92463768115942,345,"[3, 1, 2, 7, 332]",[],ORION,3395424.0,100629,"[100629, 100654, 100858]",94,,"[""""]"
Shopee,,vn,2026-07-02,289646907,orion-official-store,Orion VN Official Store,Tỉnh Bắc Ninh,26331556808,[LIVESTREAM] [ĐỘC QUYỀN] Hộp Bánh Bống Bang Family Pack 20 Gói (580g),https://shopee.vn/product/289646907/26331556808,https://down-vn.img.susercontent.com/file/vn-11134207-7ra0g-m81muhdqukxa86,"[""https://down-vn.img.susercontent.com/file/vn-11134207-7ra0g-m81muhdqukxa86"", ""https://down-vn.img.susercontent.com/file/vn-11134207-7ra0g-m81munci4b5z20"", ""https://down-vn.img.susercontent.com/file/vn-11134207-7ra0g-m81mund23hwu22"", ""https://down-vn.img.susercontent.com/file/vn-11134207-7ra0g-m81munc84ps705"", ""https://down-vn.img.susercontent.com/file/vn-11134207-7ra0g-m81munc84pric5""]","[""OFFICIAL_SHOP""]","[""vn-11134258-7r98o-lyb3kdam2qw17d""]",30VCX[26.6-9.7.2026],vn-11134258-81ztc-mpuan4n576yqc2,False,False,False,1743491262,135000,150000,135000,10,10000011660,,,,,,702,179,4.933333333333334,120,"[1, 1, 0, 1, 117]",[],ORION,3395424.0,100629,"[100629, 100646, 100793]",36,,"[""""]"
Shopee,,vn,2026-07-02,289646907,orion-official-store,Orion VN Official Store,Tỉnh Bắc Ninh,45751820735,Combo 2 Hộp 18 Gói Bánh Orion Custas Vị Kem Trứng (423g/Hộp),https://shopee.vn/product/289646907/45751820735,https://down-vn.img.susercontent.com/file/vn-11134207-820l4-mhlt4g3d44cjd9,"[""https://down-vn.img.susercontent.com/file/vn-11134207-820l4-mhlt4g3d44cjd9"", ""https://down-vn.img.susercontent.com/file/vn-11134207-820l4-mhlt4g3er47509"", ""https://down-vn.img.susercontent.com/file/vn-11134207-820l4-mhlt4g3n6iv7c2"", ""https://down-vn.img.susercontent.com/file/vn-11134207-820l4-mhlt3dh2k45i54""]","[""OFFICIAL_SHOP""]","[""vn-11134258-7r98o-lyb3kdam2qw17d""]",30VCX[26.6-9.7.2026],vn-11134258-81ztc-mpuan4n576yqc2,False,False,False,1763633702,172260,198000,198000,13,0,237GIAM40K,25740,1782925200.0,1783097940.0,150000,1000,118,4.87434554973822,191,"[1, 3, 2, 7, 178]",[],ORION,3395424.0,100629,"[100629, 100654, 100857]",31,,"[""""]"
Shopee,,vn,2026-07-02,289646907,orion-official-store,Orion VN Official Store,Tỉnh Bắc Ninh,41670882461,Combo 5 Túi Bánh Con Cá Bống Bang Nhân MOCHI CỐM Đậu Đỏ (145G/Gói),https://shopee.vn/product/289646907/41670882461,https://down-vn.img.susercontent.com/file/vn-11134207-820l4-mf0m5hifkq2zfb,"[""https://down-vn.img.susercontent.com/file/vn-11134207-820l4-mf0m5hifkq2zfb"", ""https://down-vn.img.susercontent.com/file/vn-11134207-820l4-mf0m5hivhts926"", ""https://down-vn.img.susercontent.com/file/vn-11134207-820l4-mf0m5hizo4jvaf"", ""https://down-vn.img.susercontent.com/file/vn-11134207-820l4-mf0m5hilgtu1df""]","[""OFFICIAL_SHOP""]","[""vn-11134258-7r98o-lyb3kdam2qw17d""]",30VCX[26.6-9.7.2026],vn-11134258-81ztc-mpuan4n576yqc2,False,False,False,1758686138,169650,195000,195000,13,0,237GIAM40K,25350,1782925200.0,1783097940.0,150000,2000,1000,4.549019607843137,102,"[7, 3, 3, 3, 86]",[],ORION,3395424.0,100629,"[100629, 100654, 100858]",77,,"[""""]"
Shopee,,vn,2026-07-02,289646907,orion-official-store,Orion VN Official Store,Tỉnh Bắc Ninh,25784920058,Combo 3 Túi Bánh Con Cá Bống Bang nhân MOCHI SOCOLA Đậu Đỏ (145g),https://shopee.vn/product/289646907/25784920058,https://down-vn.img.susercontent.com/file/vn-11134207-7ras8-mdjum81h7ynja8,"[""https://down-vn.img.susercontent.com/file/vn-11134207-7ras8-mdjum81h7ynja8"", ""https://down-vn.img.susercontent.com/file/vn-11134207-7r98o-lzq4k12fpm0149"", ""https://down-vn.img.susercontent.com/file/vn-11134207-7r98o-lzq4k12fr0kh51"", ""https://down-vn.img.susercontent.com/file/vn-11134207-7r98o-lzq4k12fr0b147"", ""https://down-vn.img.susercontent.com/file/vn-11134207-7r98o-lzq4k12fplql0b"", ""https://down-vn.img.susercontent.com/file/vn-11134207-7r98o-lzq4k12fsevh81""]","[""OFFICIAL_SHOP""]","[""vn-11134258-7r98o-lyb3kdam2qw17d""]",30VCX[26.6-9.7.2026],vn-11134258-81ztc-mpuan4n576yqc2,False,False,False,1724037400,117000,117000,117000,,0,,,,,,4000,1000,4.962750716332378,349,"[0, 1, 3, 4, 341]",[],ORION,3395424.0,100629,"[100629, 100646, 100787]",237,,"[""""]"
Shopee,,vn,2026-07-02,289646907,orion-official-store,Orion VN Official Store,Tỉnh Bắc Ninh,29784689659,[LIVESTREAM] [ĐỘC QUYỀN] Kẹo Họng Mix Vị Quất - Gừng (500g),https://shopee.vn/product/289646907/29784689659,https://down-vn.img.susercontent.com/file/vn-11134207-7ra0g-m8ybejfabvic32,"[""https://down-vn.img.susercontent.com/file/vn-11134207-7ra0g-m8ybejfabvic32"", ""https://down-vn.img.susercontent.com/file/vn-11134207-7ra0g-m8ybejeqbaf60c"", ""https://down-vn.img.susercontent.com/file/vn-11134207-7ra0g-m8ybejfaagxw69"", ""https://down-vn.img.susercontent.com/file/vn-11134207-7ra0g-m81n9e4dfp6sbd""]","[""OFFICIAL_SHOP""]","[""vn-11134258-7r98o-lyb3kdam2qw17d""]",30VCX[26.6-9.7.2026],vn-11134258-81ztc-mpuan4n576yqc2,False,False,False,1745469840,130000,130000,130000,,0,,,,,,295,92,4.9818181818181815,55,"[0, 0, 0, 1, 54]",[],ORION,3395424.0,100629,"[100629, 100646, 100785]",13,,"[""""]"
Shopee,,vn,2026-07-02,289646907,orion-official-store,Orion VN Official Store,Tỉnh Bắc Ninh,44322603844,[LIVESTREAM] Combo 2 Hộp 12 Gói Bánh Custas Kem Trứng Giảm Đường (282g),https://shopee.vn/product/289646907/44322603844,https://down-vn.img.susercontent.com/file/vn-11134207-820l4-mfkj6xf0nojy54,"[""https://down-vn.img.susercontent.com/file/vn-11134207-820l4-mfkj6xf0nojy54"", ""https://down-vn.img.susercontent.com/file/vn-11134207-820l4-mfkj6xf3p8ulec"", ""https://down-vn.img.susercontent.com/file/vn-11134207-820l4-mfkj6xfq0popda"", ""https://down-vn.img.susercontent.com/file/vn-11134207-820l4-mfkj4stiodfz22""]","[""OFFICIAL_SHOP""]","[""vn-11134258-7r98o-lyb3kdam2qw17d""]",30VCX[26.6-9.7.2026],vn-11134258-81ztc-mpuan4n576yqc2,False,False,False,1759379992,130500,150000,150000,13,0,237GIAM40K,19500,1782925200.0,1783097940.0,150000,570,205,4.95945945945946,74,"[0, 0, 1, 1, 72]",[],ORION,3395424.0,100629,"[100629, 100654, 100857]",23,,"[""""]"
Shopee,,vn,2026-07-02,289646907,orion-official-store,Orion VN Official Store,Tỉnh Bắc Ninh,44024261701,"Combo 5 Túi Bánh Gạo Nướng An Chee-Z Vị Khoai Tây Phô Mai Nướng 104,2g/Túi",https://shopee.vn/product/289646907/44024261701,https://down-vn.img.susercontent.com/file/vn-11134207-81ztc-mot5vsbxt2q5e8,"[""https://down-vn.img.susercontent.com/file/vn-11134207-81ztc-mot5vsbxt2q5e8"", ""https://down-vn.img.susercontent.com/file/vn-11134207-81ztc-mot5vsc132f6f6"", ""https://down-vn.img.susercontent.com/file/vn-11134207-820l4-mfusokw38xs92e"", ""https://down-vn.img.susercontent.com/file/vn-11134207-820l4-mfusokw1yl1re1"", ""https://down-vn.img.susercontent.com/file/vn-11134207-820l4-mfusokwd9xqhd0"", ""https://down-vn.img.susercontent.com/file/vn-11134207-820l4-mfkj4stiodfz22""]","[""OFFICIAL_SHOP""]","[""vn-11134258-7r98o-lyb3kdam2qw17d""]",30VCX[26.6-9.7.2026],vn-11134258-81ztc-mpuan4n576yqc2,False,False,False,1760511417,145000,145000,145000,,0,,,,,,651,86,4.818181818181818,99,"[2, 1, 2, 3, 91]",[],ORION,3395424.0,100629,"[100629, 100646, 100787]",28,,"[""""]"
Shopee,,vn,2026-07-02,289646907,orion-official-store,Orion VN Official Store,Tỉnh Bắc Ninh,53162629503,[LIVESTREAM] [Phiên bản Bánh In Tên] COMBO 8 Hộp bánh Cá Marine Boy Orion vị Rong Biển Tuyết Xanh 35g/hộp,https://shopee.vn/product/289646907/53162629503,https://down-vn.img.susercontent.com/file/vn-11134207-81ztc-mq5p260t43kd9a,"[""https://down-vn.img.susercontent.com/file/vn-11134207-81ztc-mq5p260t43kd9a"", ""https://down-vn.img.susercontent.com/file/vn-11134207-81ztc-mq5p260wwcnjd5"", ""https://down-vn.img.susercontent.com/file/vn-11134207-81ztc-mpstz4utuayqa6""]","[""OFFICIAL_SHOP""]","[""vn-11134258-7r98o-lyb3kdam2qw17d""]",30VCX[26.6-9.7.2026],vn-11134258-81ztc-mpuan4n576yqc2,False,False,False,1782184762,120000,120000,120000,,0,,,,,,201,201,0.0,0,"[0, 0, 0, 0, 0]","[""Hàng mới về""]",ORION,3395424.0,100629,"[100629, 100646, 100787]",0,,"[""""]"
Shopee,,vn,2026-07-02,289646907,orion-official-store,Orion VN Official Store,Tỉnh Bắc Ninh,46611116293,[LIVESTREAM] COMBO 5 Hộp Bánh Snack Khoai Tây Nướng Yegam vị Kim Chi Hàn Quốc (64G/Hộp),https://shopee.vn/product/289646907/46611116293,https://down-vn.img.susercontent.com/file/vn-11134207-81ztc-mp8rvzzd4wsv4d,"[""https://down-vn.img.susercontent.com/file/vn-11134207-81ztc-mp8rvzzd4wsv4d"", ""https://down-vn.img.susercontent.com/file/vn-11134207-81ztc-mp8rvzzexix7cc"", ""https://down-vn.img.susercontent.com/file/vn-11134207-81ztc-mp8rvzzncxkw16""]","[""OFFICIAL_SHOP""]","[""vn-11134258-7r98o-lyb3kdam2qw17d""]",30VCX[26.6-9.7.2026],vn-11134258-81ztc-mpuan4n576yqc2,False,False,False,1779699391,139200,160000,160000,13,0,237GIAM40K,20800,1782925200.0,1783097940.0,150000,47,45,5.0,15,"[0, 0, 0, 0, 15]",[],ORION,3395424.0,100629,"[100629, 100646, 100788]",6,,"[""""]"
Shopee,,vn,2026-07-02,289646907,orion-official-store,Orion VN Official Store,Tỉnh Bắc Ninh,45808391874,[LIVESTREAM] Combo 2 Hộp Bánh Goute Creme Đậu Phộng (16 Gói/Hộp),https://shopee.vn/product/289646907/45808391874,https://down-vn.img.susercontent.com/file/vn-11134207-81ztc-mm1hquqiugas03,"[""https://down-vn.img.susercontent.com/file/vn-11134207-81ztc-mm1hquqiugas03"", ""https://down-vn.img.susercontent.com/file/vn-11134207-81ztc-mm1hquqvztoo11"", ""https://down-vn.img.susercontent.com/file/vn-11134207-81ztc-mm1hquqetrswb3""]","[""OFFICIAL_SHOP""]","[""vn-11134258-7r98o-lyb3kdam2qw17d""]",30VCX[26.6-9.7.2026],vn-11134258-81ztc-mpuan4n576yqc2,False,False,False,1775616882,136000,136000,136000,,0,,,,,,159,115,5.0,32,"[0, 0, 0, 0, 32]",[],ORION,3395424.0,100629,"[100629, 100646, 100787]",6,,"[""""]"
Shopee,,vn,2026-07-02,289646907,orion-official-store,Orion VN Official Store,Tỉnh Bắc Ninh,56158376123,[LIVESTREAM] Combo 2 Hộp Bánh Goute Topping Cốm Dừa (16 Gói/Hộp),https://shopee.vn/product/289646907/56158376123,https://down-vn.img.susercontent.com/file/vn-11134207-81ztc-mm1iddscn40126,"[""https://down-vn.img.susercontent.com/file/vn-11134207-81ztc-mm1iddscn40126"", ""https://down-vn.img.susercontent.com/file/vn-11134207-81ztc-mm1iddsdce8fb6"", ""https://down-vn.img.susercontent.com/file/vn-11134207-81ztc-mm1iddscoikhac""]","[""OFFICIAL_SHOP""]","[""vn-11134258-7r98o-lyb3kdam2qw17d""]",30VCX[26.6-9.7.2026],vn-11134258-81ztc-mpuan4n576yqc2,False,False,False,1775616761,144000,144000,144000,,0,,,,,,69,33,4.931034482758621,29,"[0, 0, 0, 2, 27]",[],ORION,3395424.0,100629,"[100629, 100646, 100787]",9,,"[""""]"
Shopee,,vn,2026-07-02,289646907,orion-official-store,Orion VN Official Store,Tỉnh Bắc Ninh,43472615588,[LIVESTREAM] Combo 2 Hộp 12 Gói Bánh ChocoPie Giảm Đường (360g),https://shopee.vn/product/289646907/43472615588,https://down-vn.img.susercontent.com/file/vn-11134207-820l4-mfkj4stqhb0s64,"[""https://down-vn.img.susercontent.com/file/vn-11134207-820l4-mfkj4stqhb0s64"", ""https://down-vn.img.susercontent.com/file/vn-11134207-820l4-mfkj4stvlbf150"", ""https://down-vn.img.susercontent.com/file/vn-11134207-820l4-mfkj4sucok5r9b"", ""https://down-vn.img.susercontent.com/file/vn-11134207-820l4-mfkj4stiodfz22""]","[""OFFICIAL_SHOP""]","[""vn-11134258-7r98o-lyb3kdam2qw17d""]",30VCX[26.6-9.7.2026],vn-11134258-81ztc-mpuan4n576yqc2,False,False,False,1759379752,130500,150000,150000,13,0,237GIAM40K,19500,1782925200.0,1783097940.0,150000,2000,1000,4.950413223140496,121,"[0, 0, 0, 6, 115]",[],ORION,3395424.0,100629,"[100629, 100654, 100858]",47,,"[""""]"
Shopee,,vn,2026-07-02,289646907,orion-official-store,Orion VN Official Store,Tỉnh Bắc Ninh,45810975410,COMBO 5 Hộp Bánh Snack Khoai Tây Nướng Yegam vị Kim Chi Hàn Quốc (64G/Hộp),https://shopee.vn/product/289646907/45810975410,https://down-vn.img.susercontent.com/file/vn-11134207-81ztc-mp8rvzzd4wsv4d,"[""https://down-vn.img.susercontent.com/file/vn-11134207-81ztc-mp8rvzzd4wsv4d"", ""https://down-vn.img.susercontent.com/file/vn-11134207-81ztc-mp8rvzzexix7cc"", ""https://down-vn.img.susercontent.com/file/vn-11134207-81ztc-mp8rvzzncxkw16""]","[""OFFICIAL_SHOP""]","[""vn-11134258-7r98o-lyb3kdam2qw17d""]",30VCX[26.6-9.7.2026],vn-11134258-81ztc-mpuan4n576yqc2,False,False,False,1779436292,139200,160000,160000,13,0,237GIAM40K,20800,1782925200.0,1783097940.0,150000,35,34,4.875,8,"[0, 0, 0, 1, 7]",[],ORION,3395424.0,100629,"[100629, 100646, 100788]",6,,"[""""]"
Shopee,,vn,2026-07-02,289646907,orion-official-store,Orion VN Official Store,Tỉnh Bắc Ninh,40205837706,[LIVESTREAM] [ĐỘC QUYỀN] Hộp 15 Gói Bánh Nướng Giòn Vị Bơ Tỏi Orion C'est Bon Baguette (540g),https://shopee.vn/product/289646907/40205837706,https://down-vn.img.susercontent.com/file/vn-11134207-7ras8-mbdoc2usjqnna7,"[""https://down-vn.img.susercontent.com/file/vn-11134207-7ras8-mbdoc2usjqnna7"", ""https://down-vn.img.susercontent.com/file/vn-11134207-7ras8-mbdoc2usl5831a"", ""https://down-vn.img.susercontent.com/file/vn-11134207-7ras8-mbdoc2usl51d50"", ""https://down-vn.img.susercontent.com/file/vn-11134207-7ras8-mbdoc2usmjlta4""]","[""OFFICIAL_SHOP""]","[""vn-11134258-7r98o-lyb3kdam2qw17d""]",30VCX[26.6-9.7.2026],vn-11134258-81ztc-mpuan4n576yqc2,False,False,False,1750758289,138000,138000,138000,,0,,,,,,7000,6000,4.953260869565217,920,"[2, 1, 3, 26, 888]",[],ORION,3395424.0,100629,"[100629, 100654, 100858]",121,,"[""""]"
Shopee,,vn,2026-07-02,289646907,orion-official-store,Orion VN Official Store,Tỉnh Bắc Ninh,42779834059,[LIVESTREAM] Combo 2 Hộp Bánh Goute Creme Dâu (16 Gói/Hộp),https://shopee.vn/product/289646907/42779834059,https://down-vn.img.susercontent.com/file/vn-11134207-81ztc-mmv4ty7wl3b8be,"[""https://down-vn.img.susercontent.com/file/vn-11134207-81ztc-mmv4ty7wl3b8be"", ""https://down-vn.img.susercontent.com/file/vn-11134207-81ztc-mmv4ty7wmhvob4"", ""https://down-vn.img.susercontent.com/file/vn-11134207-81ztc-mmv4ty7vym80f7""]","[""OFFICIAL_SHOP""]","[""vn-11134258-7r98o-lyb3kdam2qw17d""]",30VCX[26.6-9.7.2026],vn-11134258-81ztc-mpuan4n576yqc2,False,False,False,1775616955,136000,136000,136000,,0,,,,,,242,202,4.892857142857143,56,"[1, 0, 0, 2, 53]",[],ORION,3395424.0,100629,"[100629, 100646, 100787]",6,,"[""""]"
Shopee,,vn,2026-07-02,289646907,orion-official-store,Orion VN Official Store,Tỉnh Bắc Ninh,28044975197,[LIVESTREAM] Combo 5 Túi 14 Gói Bánh An Vị Nếp Cẩm Mật Hoa Dừa (140G/Túi),https://shopee.vn/product/289646907/28044975197,https://down-vn.img.susercontent.com/file/vn-11134207-81ztc-morx54veupsdcd,"[""https://down-vn.img.susercontent.com/file/vn-11134207-81ztc-morx54veupsdcd"", ""https://down-vn.img.susercontent.com/file/vn-11134207-81ztc-morx54vd94i7b9"", ""https://down-vn.img.susercontent.com/file/vn-11134207-81ztc-morx54vasmpt83"", ""https://down-vn.img.susercontent.com/file/vn-11134207-81ztc-morx54vrf0n451""]","[""OFFICIAL_SHOP""]","[""vn-11134258-7r98o-lyb3kdam2qw17d""]",30VCX[26.6-9.7.2026],vn-11134258-81ztc-mpuan4n576yqc2,False,False,False,1780562460,169650,195000,195000,13,0,237GIAM40K,25350,1782925200.0,1783097940.0,150000,14,14,5.0,1,"[0, 0, 0, 0, 1]","[""Hàng mới về""]",ORION,3395424.0,100629,"[100629, 100654, 100858]",3,,"[""""]"
Shopee,,vn,2026-07-02,289646907,orion-official-store,Orion VN Official Store,Tỉnh Bắc Ninh,57160955850,THÙNG BÁNH SNACK KHOAI TÂY NƯỚNG YEGAM VỊ NGUYÊN BẢN (20 HỘP/THÙNG),https://shopee.vn/product/289646907/57160955850,https://down-vn.img.susercontent.com/file/vn-11134207-81ztc-mp8s1mtntypua7,"[""https://down-vn.img.susercontent.com/file/vn-11134207-81ztc-mp8s1mtntypua7"", ""https://down-vn.img.susercontent.com/file/vn-11134207-81ztc-mp8s1mts7abvaf"", ""https://down-vn.img.susercontent.com/file/vn-11134207-81ztc-mp8rvzzexix7cc"", ""https://down-vn.img.susercontent.com/file/vn-11134207-81ztc-mp8rvzzncxkw16""]","[""OFFICIAL_SHOP""]","[""vn-11134258-7r98o-lyb3kdam2qw17d""]",30VCX[26.6-9.7.2026],vn-11134258-81ztc-mpuan4n576yqc2,False,False,False,1779438085,514600,640000,640000,20,0,237GIAM350K2,105400,1782925200.0,1783097940.0,600000,2,2,0.0,0,"[0, 0, 0, 0, 0]",[],ORION,3395424.0,100629,"[100629, 100646, 100788]",1,,"[""""]"
Shopee,,vn,2026-07-02,289646907,orion-official-store,Orion VN Official Store,Tỉnh Bắc Ninh,51161101482,[LIVESTREAM] COMBO 5 Hộp Bánh Snack Khoai Tây Nướng Yegam vị Nguyên Bản (64G/Hộp),https://shopee.vn/product/289646907/51161101482,https://down-vn.img.susercontent.com/file/vn-11134201-81ztc-mp8ryv9q0o3kbe,"[""https://down-vn.img.susercontent.com/file/vn-11134201-81ztc-mp8ryv9q0o3kbe"", ""https://down-vn.img.susercontent.com/file/vn-11134201-81ztc-mp8ryvk4edj576"", ""https://down-vn.img.susercontent.com/file/vn-11134201-81ztc-mp8ryvapu3v077""]","[""OFFICIAL_SHOP""]","[""vn-11134258-7r98o-lyb3kdam2qw17d""]",30VCX[26.6-9.7.2026],vn-11134258-81ztc-mpuan4n576yqc2,False,False,False,1779699948,139200,160000,160000,13,0,237GIAM40K,20800,1782925200.0,1783097940.0,150000,35,34,4.9,10,"[0, 0, 0, 1, 9]",[],ORION,3395424.0,100629,"[100629, 100646, 100788]",4,,"[""""]"
Shopee,,vn,2026-07-02,289646907,orion-official-store,Orion VN Official Store,Thành phố Hồ Chí Minh,25586402460,"[ĐỘC QUYỀN ONLINE] Hộp Quà Tặng Bánh Kẹo ĂN VẶT TEAMWORK Orion (992,6G)",https://shopee.vn/product/289646907/25586402460,https://down-vn.img.susercontent.com/file/vn-11134207-7ras8-m0jyyc92ujdb13,"[""https://down-vn.img.susercontent.com/file/vn-11134207-7ras8-m0jyyc92ujdb13"", ""https://down-vn.img.susercontent.com/file/vn-11134207-7ras8-m0jyyc92uj1p76"", ""https://down-vn.img.susercontent.com/file/vn-11134207-7ras8-m0jz0ndt9u5pfa"", ""https://down-vn.img.susercontent.com/file/vn-11134207-7ras8-mbdnl2xytp7c35""]","[""OFFICIAL_SHOP""]","[""vn-11134258-7r98o-lyb3kdam2qw17d""]",30VCX[26.6-9.7.2026],vn-11134258-81ztc-mpuan4n576yqc2,False,False,False,1727168329,213150,250000,250000,15,0,237GIAM40K,31850,1782925200.0,1783097940.0,150000,245,29,4.930232558139535,43,"[0, 0, 1, 1, 41]",[],ORION,3395424.0,100629,"[100629, 100646, 100793]",66,,"[""""]"
Shopee,,vn,2026-07-02,289646907,orion-official-store,Orion VN Official Store,Tỉnh Bắc Ninh,57407453873,Thùng Bánh Chocopie Tình 2P (48 Hộp/Thùng),https://shopee.vn/product/289646907/57407453873,https://down-vn.img.susercontent.com/file/vn-11134207-81ztc-mmjz65inh62qb6,"[""https://down-vn.img.susercontent.com/file/vn-11134207-81ztc-mmjz65inh62qb6"", ""https://down-vn.img.susercontent.com/file/vn-11134207-81ztc-mmjz65iozy84a8"", ""https://down-vn.img.susercontent.com/file/vn-11134207-81ztc-mm1k1dbcllhc11"", ""https://down-vn.img.susercontent.com/file/vn-11134207-81ztc-mmjz65iihddy3a"", ""https://down-vn.img.susercontent.com/file/vn-11134207-81ztc-mm1l0hg57tvp7a"", ""https://down-vn.img.susercontent.com/file/vn-11134207-81ztc-mm1l0hg7a9z863""]","[""OFFICIAL_SHOP""]","[""vn-11134258-7r98o-lyb3kdam2qw17d""]",30VCX[26.6-9.7.2026],vn-11134258-81ztc-mpuan4n576yqc2,False,False,False,1773996162,581000,720000,720000,19,0,237GIAM350K2,119000,1782925200.0,1783097940.0,600000,305,303,0.0,0,"[0, 0, 0, 0, 0]",[],ORION,3395424.0,100629,"[100629, 100654, 100858]",2,,"[""""]"
Shopee,,vn,2026-07-02,289646907,orion-official-store,Orion VN Official Store,Tỉnh Bắc Ninh,54810955747,THÙNG BÁNH SNACK KHOAI TÂY NƯỚNG YEGAM VỊ KIM CHI HÀN QUỐC (20 HỘP/THÙNG),https://shopee.vn/product/289646907/54810955747,https://down-vn.img.susercontent.com/file/vn-11134207-81ztc-mp8s0gv51eddaa,"[""https://down-vn.img.susercontent.com/file/vn-11134207-81ztc-mp8s0gv51eddaa"", ""https://down-vn.img.susercontent.com/file/vn-11134207-81ztc-mp8s0gv5jnrfcc"", ""https://down-vn.img.susercontent.com/file/vn-11134207-81ztc-mp8rvzzexix7cc"", ""https://down-vn.img.susercontent.com/file/vn-11134207-81ztc-mp8rvzzncxkw16""]","[""OFFICIAL_SHOP""]","[""vn-11134258-7r98o-lyb3kdam2qw17d""]",30VCX[26.6-9.7.2026],vn-11134258-81ztc-mpuan4n576yqc2,False,False,False,1779438197,514600,640000,640000,20,0,237GIAM350K2,105400,1782925200.0,1783097940.0,600000,30,29,0.0,0,"[0, 0, 0, 0, 0]",[],ORION,3395424.0,100629,"[100629, 100646, 100788]",1,,"[""""]"
Shopee,,vn,2026-07-02,289646907,orion-official-store,Orion VN Official Store,Thành phố Hồ Chí Minh,26912249516,"[ĐỘC QUYỀN ONLINE] Hộp Quà Tặng Bánh Kẹo ĂN VẶT NĂNG LƯỢNG Orion (988,3G)",https://shopee.vn/product/289646907/26912249516,https://down-vn.img.susercontent.com/file/vn-11134207-7ras8-m0jy251l7iq777,"[""https://down-vn.img.susercontent.com/file/vn-11134207-7ras8-m0jy251l7iq777"", ""https://down-vn.img.susercontent.com/file/vn-11134207-7ras8-m0jy251l7iel39"", ""https://down-vn.img.susercontent.com/file/vn-11134207-7ras8-m0jyzaxo3dlb98"", ""https://down-vn.img.susercontent.com/file/vn-11134207-7ras8-mbdnl2xytp7c35""]","[""OFFICIAL_SHOP""]","[""vn-11134258-7r98o-lyb3kdam2qw17d""]",30VCX[26.6-9.7.2026],vn-11134258-81ztc-mpuan4n576yqc2,False,False,False,1727168997,213150,250000,250000,15,0,237GIAM40K,31850,1782925200.0,1783097940.0,150000,214,24,4.886363636363637,44,"[0, 0, 0, 5, 39]",[],ORION,3395424.0,100629,"[100629, 100646, 100793]",64,,"[""""]"
Shopee,,vn,2026-07-02,289646907,orion-official-store,Orion VN Official Store,Thành phố Hồ Chí Minh,27978176232,"[LIVESTREAM] [ĐỘC QUYỀN ONLINE] Hộp Quà Tặng Bánh Kẹo ĂN VẶT TEAMWORK Orion (992,6G)",https://shopee.vn/product/289646907/27978176232,https://down-vn.img.susercontent.com/file/vn-11134207-7ra0g-m6wghitihvlk4d,"[""https://down-vn.img.susercontent.com/file/vn-11134207-7ra0g-m6wghitihvlk4d"", ""https://down-vn.img.susercontent.com/file/vn-11134207-7ra0g-m760wkccluw11d"", ""https://down-vn.img.susercontent.com/file/vn-11134207-7ra0g-m760wmatqpgn2f""]","[""OFFICIAL_SHOP""]","[""vn-11134258-7r98o-lyb3kdam2qw17d""]",30VCX[26.6-9.7.2026],vn-11134258-81ztc-mpuan4n576yqc2,False,False,False,1740998598,207500,250000,250000,17,0,237GIAM90K2,42500,1782925200.0,1783097940.0,250000,84,7,4.9,20,"[0, 0, 1, 0, 19]",[],ORION,3395424.0,100629,"[100629, 100646, 100793]",8,,"[""""]"
Shopee,,vn,2026-07-02,289646907,orion-official-store,Orion VN Official Store,Tỉnh Bắc Ninh,55707444399,Thùng Bánh Custas Kem Trứng 2P (48 Hộp/Thùng),https://shopee.vn/product/289646907/55707444399,https://down-vn.img.susercontent.com/file/vn-11134207-81ztc-mmjz7n1khougc7,"[""https://down-vn.img.susercontent.com/file/vn-11134207-81ztc-mmjz7n1khougc7"", ""https://down-vn.img.susercontent.com/file/vn-11134207-81ztc-mmjz7n1jcydfc4"", ""https://down-vn.img.susercontent.com/file/vn-11134207-81ztc-mm1khfm1v2mnda"", ""https://down-vn.img.susercontent.com/file/vn-11134207-81ztc-mmjz7n1kgaa02c"", ""https://down-vn.img.susercontent.com/file/vn-11134207-81ztc-mm1kz0bls4r3e9""]","[""OFFICIAL_SHOP""]","[""vn-11134258-7r98o-lyb3kdam2qw17d""]",30VCX[26.6-9.7.2026],vn-11134258-81ztc-mpuan4n576yqc2,False,False,False,1773996953,581000,720000,720000,19,0,237GIAM350K2,119000,1782925200.0,1783097940.0,600000,50,48,5.0,1,"[0, 0, 0, 0, 1]",[],ORION,3395424.0,100629,"[100629, 100654, 100857]",3,,"[""""]"
Shopee,,vn,2026-07-02,289646907,orion-official-store,Orion VN Official Store,Thành phố Hồ Chí Minh,27331553476,"[LIVESTREAM] [ĐỘC QUYỀN ONLINE] Hộp Quà Tặng Bánh Kẹo ĂN VẶT NĂNG LƯỢNG Orion (988,3G)",https://shopee.vn/product/289646907/27331553476,https://down-vn.img.susercontent.com/file/vn-11134207-7ra0g-m81n9e4deav60d,"[""https://down-vn.img.susercontent.com/file/vn-11134207-7ra0g-m81n9e4deav60d"", ""https://down-vn.img.susercontent.com/file/vn-11134207-7ra0g-m81n9e4dfpfm7e"", ""https://down-vn.img.susercontent.com/file/vn-11134207-7ra0g-m81n9e4dh3r80d"", ""https://down-vn.img.susercontent.com/file/vn-11134207-7ra0g-m81n9e4dfp6sbd""]","[""OFFICIAL_SHOP""]","[""vn-11134258-7r98o-lyb3kdam2qw17d""]",30VCX[26.6-9.7.2026],vn-11134258-81ztc-mpuan4n576yqc2,False,False,False,1743491917,207500,250000,250000,17,0,237GIAM90K2,42500,1782925200.0,1783097940.0,250000,16,5,5.0,1,"[0, 0, 0, 0, 1]",[],ORION,3395424.0,100629,"[100629, 100646, 100793]",5,,"[""""]"
Shopee,,vn,2026-07-02,289646907,orion-official-store,Orion VN Official Store,Tỉnh Bắc Ninh,55807566103,[Orion x Hannah Olala] Combo 2 Hộp 12 Gói Bánh ChocoPie Giảm Đường (360g),https://shopee.vn/product/289646907/55807566103,https://down-vn.img.susercontent.com/file/vn-11134207-81ztc-mm5tbwilhkowfa,"[""https://down-vn.img.susercontent.com/file/vn-11134207-81ztc-mm5tbwilhkowfa"", ""https://down-vn.img.susercontent.com/file/vn-11134207-81ztc-mm5tbwik4etfdf"", ""https://down-vn.img.susercontent.com/file/vn-11134207-81ztc-mm5tbwivikn45e""]","[""OFFICIAL_SHOP""]","[""vn-11134258-7r98o-lyb3kdam2qw17d""]",30VCX[26.6-9.7.2026],vn-11134258-81ztc-mpuan4n576yqc2,False,False,False,1774253629,130500,150000,150000,13,0,237GIAM40K,19500,1782925200.0,1783097940.0,150000,351,311,5.0,7,"[0, 0, 0, 0, 7]",[],ORION,3395424.0,100629,"[100629, 100654, 100858]",6,,"[""""]"
Shopee,,vn,2026-07-02,289646907,orion-official-store,Orion VN Official Store,Tỉnh Bắc Ninh,43220891429,[LIVESTREAM] Combo 5 Túi Bánh Con Cá Bống Bang nhân MOCHI CỐM Đậu Đỏ (145g),https://shopee.vn/product/289646907/43220891429,https://down-vn.img.susercontent.com/file/vn-11134207-820l4-mf0nni0xr956cf,"[""https://down-vn.img.susercontent.com/file/vn-11134207-820l4-mf0nni0xr956cf"", ""https://down-vn.img.susercontent.com/file/vn-11134207-820l4-mf0nni2ag9vt8f"", ""https://down-vn.img.susercontent.com/file/vn-11134207-820l4-mf0nni1geolle8"", ""https://down-vn.img.susercontent.com/file/vn-11134207-820l4-mf0nni14cn48b9""]","[""OFFICIAL_SHOP""]","[""vn-11134258-7r98o-lyb3kdam2qw17d""]",30VCX[26.6-9.7.2026],vn-11134258-81ztc-mpuan4n576yqc2,False,False,False,1758686802,169650,195000,195000,13,0,237GIAM40K,25350,1782925200.0,1783097940.0,150000,1000,1000,5.0,19,"[0, 0, 0, 0, 19]",[],ORION,3395424.0,100629,"[100629, 100654, 100858]",18,,"[""""]"
Shopee,,vn,2026-07-02,289646907,orion-official-store,Orion VN Official Store,Tỉnh Bắc Ninh,29878168813,[LIVESTREAM] COMBO 5 Túi Bánh Con Cá Bống Bang nhân MOCHI SOCOLA Đậu Đỏ (145g x 5 túi),https://shopee.vn/product/289646907/29878168813,https://down-vn.img.susercontent.com/file/vn-11134207-7ras8-mdjumxkpus355d,"[""https://down-vn.img.susercontent.com/file/vn-11134207-7ras8-mdjumxkpus355d"", ""https://down-vn.img.susercontent.com/file/vn-11134207-7ra0g-m6wgkof29d2fb8"", ""https://down-vn.img.susercontent.com/file/vn-11134207-7ra0g-m760vddrii75fb"", ""https://down-vn.img.susercontent.com/file/vn-11134207-7ra0g-m760vf3myjc781""]","[""OFFICIAL_SHOP""]","[""vn-11134258-7r98o-lyb3kdam2qw17d""]",30VCX[26.6-9.7.2026],vn-11134258-81ztc-mpuan4n576yqc2,False,False,False,1740998806,169650,195000,195000,13,0,237GIAM40K,25350,1782925200.0,1783097940.0,150000,2000,1000,4.967741935483871,62,"[0, 0, 0, 2, 60]",[],ORION,3395424.0,100629,"[100629, 100654, 100858]",19,,"[""""]"
Shopee,,vn,2026-07-02,289646907,orion-official-store,Orion VN Official Store,Tỉnh Bắc Ninh,42579332927,[LIVESTREAM] Combo 5 Túi Bánh Gạo Nướng An vị Nấm Hương Om Nước Tương (140G/Túi),https://shopee.vn/product/289646907/42579332927,https://down-vn.img.susercontent.com/file/vn-11134207-81ztc-mlycr7rc9tz762,"[""https://down-vn.img.susercontent.com/file/vn-11134207-81ztc-mlycr7rc9tz762"", ""https://down-vn.img.susercontent.com/file/vn-11134207-81ztc-mlycr7r7moend3"", ""https://down-vn.img.susercontent.com/file/vn-11134207-81ztc-mlycr7rcb8jndf""]","[""OFFICIAL_SHOP""]","[""vn-11134258-7r98o-lyb3kdam2qw17d""]",30VCX[26.6-9.7.2026],vn-11134258-81ztc-mpuan4n576yqc2,False,False,False,1773802130,169650,195000,195000,13,0,237GIAM40K,25350,1782925200.0,1783097940.0,150000,53,45,5.0,1,"[0, 0, 0, 0, 1]",[],ORION,3395424.0,100629,"[100629, 100654, 100859]",3,,"[""""]"
Shopee,,vn,2026-07-03,289646907,orion_official_store,Orion VN Official Store,Tỉnh Bắc Ninh,25828640224,Combo 5 Gói kẹo ngậm HỌNG vị quất mật ong gói 84G,https://shopee.vn/product/289646907/25828640224,https://down-vn.img.susercontent.com/file/vn-11134207-7ras8-mdjvrkowrg6kc0,"[""https://down-vn.img.susercontent.com/file/vn-11134207-7ras8-mdjvrkowrg6kc0"", ""https://down-vn.img.susercontent.com/file/vn-11134207-7r98o-lzq59dkuef8hd5"", ""https://down-vn.img.susercontent.com/file/vn-11134207-7r98o-lzq59dkueez13d"", ""https://down-vn.img.susercontent.com/file/vn-11134207-7r98o-lzq59dkud0o11c"", ""https://down-vn.img.susercontent.com/file/vn-11134207-7r98o-lzq59dkud0elc8""]","[""OFFICIAL_SHOP""]","[""vn-11134258-7r98o-lyb3kdam2qw17d""]",30VCX[26.6-9.7.2026],vn-11134258-81ztc-mpuan4n576yqc2,False,False,False,1714963506,90000,100000,100000,10,0,VCXDPBLC0703,10000,1783011600.0,1783357140.0,50000,10000,1000,4.958472873409243,1493,"[1, 3, 8, 33, 1448]","[""Mua để nhận quà""]",ORION,3395424.0,100629,"[100629, 100646, 100785]",237,,"[""""]"
Shopee,,vn,2026-07-03,289646907,orion_official_store,Orion VN Official Store,Tỉnh Bắc Ninh,26361847161,[ĐỘC QUYỀN] Kẹo dẻo Boom Jelly THẠCH Orion MIX VỊ hộp 60 gói (750g),https://shopee.vn/product/289646907/26361847161,https://down-vn.img.susercontent.com/file/vn-11134207-81ztc-mnfhezileupw29,"[""https://down-vn.img.susercontent.com/file/vn-11134207-81ztc-mnfhezileupw29"", ""https://down-vn.img.susercontent.com/file/vn-11134207-7ras8-m0dxfdmcrtsf3b"", ""https://down-vn.img.susercontent.com/file/vn-11134207-7ra0g-maao9jlgxtuz5c""]","[""OFFICIAL_SHOP""]","[""vn-11134258-7r98o-lyb3kdam2qw17d""]",30VCX[26.6-9.7.2026],vn-11134258-81ztc-mpuan4n576yqc2,False,False,False,1726801630,190080,216000,216000,12,0,VCXDPBL0703A,25920,1783011600.0,1783357140.0,150000,6000,827,4.907272727272727,1100,"[7, 5, 16, 27, 1045]","[""Mua để nhận quà""]",ORION,3395424.0,100629,"[100629, 100646, 100794]",509,,"[""""]"
Shopee,,vn,2026-07-03,289646907,orion_official_store,Orion VN Official Store,Tỉnh Bắc Ninh,25078119874,"Combo 3 túi Bánh gạo nướng An ORION vị Chà Bông 145,6G",https://shopee.vn/product/289646907/25078119874,https://down-vn.img.susercontent.com/file/vn-11134207-7ras8-mdju762gbzfz90,"[""https://down-vn.img.susercontent.com/file/vn-11134207-7ras8-mdju762gbzfz90"", ""https://down-vn.img.susercontent.com/file/vn-11134207-7r98o-lzsewljlehsxfd"", ""https://down-vn.img.susercontent.com/file/vn-11134207-7r98o-lzsewljld2z195"", ""https://down-vn.img.susercontent.com/file/vn-11134207-7r98o-lzsewljld38hf4"", ""https://down-vn.img.susercontent.com/file/vn-11134207-7r98o-lzsewljlehjh00""]","[""OFFICIAL_SHOP""]","[""vn-11134258-7r98o-lyb3kdam2qw17d""]",15VCX+SuperCheap[26.6-9.7.2026],vn-11134258-81ztc-mpua62h4xo1u89,False,False,False,1714729823,105300,117000,117000,10,0,VCXDPBLC0703,11700,1783011600.0,1783357140.0,50000,10000,2000,4.963375796178344,628,"[2, 1, 1, 10, 614]","[""Mua để nhận quà""]",ORION,3395424.0,100629,"[100629, 100646, 100787]",287,,"[""""]"
Shopee,,vn,2026-07-03,289646907,orion_official_store,Orion VN Official Store,Tỉnh Bắc Ninh,46207476417,Combo 3 Túi Bánh Custas Bakery Castella Trứng Lava (3 Gói/Túi),https://shopee.vn/product/289646907/46207476417,https://down-vn.img.susercontent.com/file/vn-11134207-81ztc-mm1grg1x89oj9f,"[""https://down-vn.img.susercontent.com/file/vn-11134207-81ztc-mm1grg1x89oj9f"", ""https://down-vn.img.susercontent.com/file/vn-11134207-81ztc-mmjz8sb0ts751b"", ""https://down-vn.img.susercontent.com/file/vn-11134207-81ztc-mmjz8sb0sdmp48""]","[""OFFICIAL_SHOP""]","[""vn-11134258-7r98o-lyb3kdam2qw17d""]",30VCX[26.6-9.7.2026],vn-11134258-81ztc-mpuan4n576yqc2,False,False,False,1773990425,118800,132000,132000,10,0,VCXDPBLC0703,13200,1783011600.0,1783357140.0,50000,5000,4000,4.907051282051282,312,"[2, 0, 3, 15, 292]","[""Mua để nhận quà""]",ORION,3395424.0,100629,"[100629, 100654, 100858]",850,,"[""""]"
Shopee,,vn,2026-07-03,289646907,orion_official_store,Orion VN Official Store,Tỉnh Bắc Ninh,23727659874,Combo 2 Hộp Bánh Goute Mè Giòn Tan (8 Gói/hộp),https://shopee.vn/product/289646907/23727659874,https://down-vn.img.susercontent.com/file/vn-11134207-7ras8-mdfro7vtbwkx3e,"[""https://down-vn.img.susercontent.com/file/vn-11134207-7ras8-mdfro7vtbwkx3e"", ""https://down-vn.img.susercontent.com/file/vn-11134207-7ras8-mdfro7vtbw3331"", ""https://down-vn.img.susercontent.com/file/vn-11134207-7ras8-mdfrhsi1xjn0df"", ""https://down-vn.img.susercontent.com/file/vn-11134207-7ras8-mdfrhsi1yy7gda"", ""https://down-vn.img.susercontent.com/file/vn-11134207-7ras8-mdfrhsibx4n907"", ""https://down-vn.img.susercontent.com/file/vn-11134207-7ras8-mdfrhsi1xj9h7e"", ""https://down-vn.img.susercontent.com/file/vn-11134207-7ras8-mdfrhshrzcg582""]","[""OFFICIAL_SHOP""]","[""vn-11134258-7r98o-lyb3kdam2qw17d""]",30VCX[26.6-9.7.2026],vn-11134258-81ztc-mpuan4n576yqc2,False,False,False,1677418827,104400,116000,116000,10,0,VCXDPBLC0703,11600,1783011600.0,1783357140.0,50000,10000,609,4.9050167224080266,1497,"[15, 3, 17, 39, 1423]","[""Mua để nhận quà""]",ORION,3395424.0,100629,"[100629, 100646, 100787]",236,,"[""""]"
Shopee,,vn,2026-07-03,289646907,orion_official_store,Orion VN Official Store,Tỉnh Bắc Ninh,19474514882,Combo 2 Hộp Bánh Orion Chocopie TÌNH (435.6g/hộp),https://shopee.vn/product/289646907/19474514882,https://down-vn.img.susercontent.com/file/vn-11134207-7ras8-mdjvgzh8nqnl2c,"[""https://down-vn.img.susercontent.com/file/vn-11134207-7ras8-mdjvgzh8nqnl2c"", ""https://down-vn.img.susercontent.com/file/vn-11134207-7r98o-lzq5bvjesklpd0"", ""https://down-vn.img.susercontent.com/file/vn-11134207-7r98o-lzq5bvjeskv55a"", ""https://down-vn.img.susercontent.com/file/vn-11134207-7r98o-lzq5bvjeprgt2e"", ""https://down-vn.img.susercontent.com/file/vn-11134207-7r98o-lzq5bvjeprq985"", ""https://down-vn.img.susercontent.com/file/vn-11134207-7r98o-lzq5bvjer6ap30"", ""https://down-vn.img.susercontent.com/file/vn-11134207-7r98o-lzq5bvjer61987""]","[""OFFICIAL_SHOP""]","[""vn-11134258-7r98o-lyb3kdam2qw17d""]",30VCX[26.6-9.7.2026],vn-11134258-81ztc-mpuan4n576yqc2,False,False,False,1677393333,129600,144000,144000,10,0,VCXDPBLC0703,14400,1783011600.0,1783357140.0,50000,20000,1000,4.876940133037694,903,"[14, 7, 6, 22, 854]","[""Mua để nhận quà""]",ORION,3395424.0,100629,"[100629, 100654, 100858]",602,,"[""""]"
Shopee,,vn,2026-07-03,289646907,orion_official_store,Orion VN Official Store,Tỉnh Bắc Ninh,44112379715,Combo 8 Hộp bánh Cá Marine Boy Orion vị Rong Biển Tuyết Xanh 35g/hộp,https://shopee.vn/product/289646907/44112379715,https://down-vn.img.susercontent.com/file/vn-11134207-81ztc-mq5p260t43kd9a,"[""https://down-vn.img.susercontent.com/file/vn-11134207-81ztc-mq5p260t43kd9a"", ""https://down-vn.img.susercontent.com/file/vn-11134207-81ztc-mq5p260wwcnjd5"", ""https://down-vn.img.susercontent.com/file/vn-11134207-820l4-mjwmunawx1xj45"", ""https://down-vn.img.susercontent.com/file/vn-11134207-820l4-mfkj4stiodfz22""]","[""OFFICIAL_SHOP""]","[""vn-11134258-7r98o-lyb3kdam2qw17d""]",30VCX[26.6-9.7.2026],vn-11134258-81ztc-mpuan4n576yqc2,False,False,False,1754983144,108000,120000,120000,10,0,VCXDPBLC0703,12000,1783011600.0,1783357140.0,50000,2000,463,4.892537313432836,335,"[6, 0, 2, 8, 319]","[""Mua để nhận quà""]",ORION,3395424.0,100629,"[100629, 100646, 100787]",113,,"[""""]"
Shopee,,vn,2026-07-03,289646907,orion_official_store,Orion VN Official Store,Tỉnh Bắc Ninh,22327674524,Combo 2 Hộp Bánh Goute Hạt dinh dưỡng (8 Gói/hộp),https://shopee.vn/product/289646907/22327674524,https://down-vn.img.susercontent.com/file/vn-11134207-7ras8-mdfrncpqxwdra8,"[""https://down-vn.img.susercontent.com/file/vn-11134207-7ras8-mdfrncpqxwdra8"", ""https://down-vn.img.susercontent.com/file/vn-11134207-7ras8-mdfrncwyore926"", ""https://down-vn.img.susercontent.com/file/vn-11134207-7ras8-mdfrkkyix9yk29"", ""https://down-vn.img.susercontent.com/file/vn-11134207-7ras8-mdfrkkzcxgat92"", ""https://down-vn.img.susercontent.com/file/vn-11134207-7ras8-mdfrkkzcyuv95a"", ""https://down-vn.img.susercontent.com/file/vn-11134207-7ras8-mdfrkkzcxgoc29"", ""https://down-vn.img.susercontent.com/file/vn-11134207-7ras8-mdfrhshrzcg582""]","[""OFFICIAL_SHOP""]","[""vn-11134258-7r98o-lyb3kdam2qw17d""]",30VCX[26.6-9.7.2026],vn-11134258-81ztc-mpuan4n576yqc2,False,False,False,1677419448,104400,116000,116000,10,0,VCXDPBLC0703,11600,1783011600.0,1783357140.0,50000,5000,352,4.885809312638581,902,"[10, 2, 16, 25, 849]","[""Mua để nhận quà""]",ORION,3395424.0,100629,"[100629, 100646, 100787]",135,,"[""""]"
Shopee,,vn,2026-07-03,289646907,orion_official_store,Orion VN Official Store,Tỉnh Bắc Ninh,25578062299,Combo 3 Túi 5 gói bánh ăn sáng Orion C'est Bon sốt nhân kem trứng muối (101.5G),https://shopee.vn/product/289646907/25578062299,https://down-vn.img.susercontent.com/file/vn-11134207-7ras8-mdjutl41bn3g1e,"[""https://down-vn.img.susercontent.com/file/vn-11134207-7ras8-mdjutl41bn3g1e"", ""https://down-vn.img.susercontent.com/file/vn-11134207-7r98o-lzriac73adnl74"", ""https://down-vn.img.susercontent.com/file/vn-11134207-7r98o-lzriac73el3h9c"", ""https://down-vn.img.susercontent.com/file/vn-11134207-7r98o-lzriac73bs81a5"", ""https://down-vn.img.susercontent.com/file/vn-11134207-7r98o-lzriac73d6j1b6""]","[""OFFICIAL_SHOP""]","[""vn-11134258-7r98o-lyb3kdam2qw17d""]",30VCX[26.6-9.7.2026],vn-11134258-81ztc-mpuan4n576yqc2,False,False,False,1714718200,81000,90000,90000,10,0,VCXDPBLC0703,9000,1783011600.0,1783357140.0,50000,8000,3000,4.916939890710383,915,"[9, 4, 7, 14, 881]","[""Mua để nhận quà""]",ORION,3395424.0,100629,"[100629, 100654, 100858]",266,,"[""""]"
Shopee,,vn,2026-07-03,289646907,orion_official_store,Orion VN Official Store,Tỉnh Bắc Ninh,25027863990,Combo 2 Hộp 12 gói bánh Orion Custas 12P tiramisu (282G),https://shopee.vn/product/289646907/25027863990,https://down-vn.img.susercontent.com/file/vn-11134207-7ras8-m34h7mh6o6jdfc,"[""https://down-vn.img.susercontent.com/file/vn-11134207-7ras8-m34h7mh6o6jdfc"", ""https://down-vn.img.susercontent.com/file/vn-11134207-7ras8-m1xu0mtwgr7jce"", ""https://down-vn.img.susercontent.com/file/vn-11134207-7ras8-m1xu0mtwfccz6a"", ""https://down-vn.img.susercontent.com/file/vn-11134207-7ras8-m1xu0mtwdy2nc4"", ""https://down-vn.img.susercontent.com/file/vn-11134207-7ras8-m1xu0mtwfcn33a"", ""https://down-vn.img.susercontent.com/file/vn-11134207-7ras8-m1xu0mtwdxsj3c""]","[""OFFICIAL_SHOP""]","[""vn-11134258-7r98o-lyb3kdam2qw17d""]",30VCX[26.6-9.7.2026],vn-11134258-81ztc-mpuan4n576yqc2,False,False,False,1714644819,129600,144000,144000,10,0,VCXDPBLC0703,14400,1783011600.0,1783357140.0,50000,10000,1000,4.898611111111111,1446,"[17, 5, 12, 39, 1373]","[""Mua để nhận quà""]",ORION,3395424.0,100629,"[100629, 100654, 100857]",879,,"[""""]"
Shopee,,vn,2026-07-03,289646907,orion_official_store,Orion VN Official Store,Tỉnh Bắc Ninh,23459135184,Combo 5 Túi Bánh Nướng Giòn C'est Bon Orion Baguette Vị Bơ Tỏi Đút Lò (5 gói/Túi),https://shopee.vn/product/289646907/23459135184,https://down-vn.img.susercontent.com/file/vn-11134207-81ztc-mot5wri2kg003c,"[""https://down-vn.img.susercontent.com/file/vn-11134207-81ztc-mot5wri2kg003c"", ""https://down-vn.img.susercontent.com/file/vn-11134207-81ztc-mot5wri2df65cd"", ""https://down-vn.img.susercontent.com/file/vn-11134207-7r98o-lzrjulz0t6bx0c"", ""https://down-vn.img.susercontent.com/file/vn-11134207-7r98o-lzrjulz0ul5te4"", ""https://down-vn.img.susercontent.com/file/vn-11134207-7r98o-lzrjulz0ukwd3a"", ""https://down-vn.img.susercontent.com/file/vn-11134207-7r98o-lzrjulz0vzq948""]","[""OFFICIAL_SHOP""]","[""vn-11134258-7r98o-lyb3kdam2qw17d""]",30VCX[26.6-9.7.2026],vn-11134258-81ztc-mpuan4n576yqc2,False,False,False,1698283891,193600,220000,220000,12,0,VCXDPBL0703A,26400,1783011600.0,1783357140.0,150000,10000,2000,4.931526390870186,701,"[1, 3, 8, 19, 670]","[""Mua để nhận quà""]",ORION,3395424.0,100629,"[100629, 100646, 100787]",557,,"[""""]"
Shopee,,vn,2026-07-03,289646907,orion_official_store,Orion VN Official Store,Tỉnh Bắc Ninh,25728109731,Combo 3 Túi Bánh Gạo Nướng An Orion vị Tảo Biển 111.3g/Túi,https://shopee.vn/product/289646907/25728109731,https://down-vn.img.susercontent.com/file/vn-11134207-81ztc-mot5t39yemmjdf,"[""https://down-vn.img.susercontent.com/file/vn-11134207-81ztc-mot5t39yemmjdf"", ""https://down-vn.img.susercontent.com/file/vn-11134207-81ztc-mot5t3a0cv0u69"", ""https://down-vn.img.susercontent.com/file/vn-11134207-7r98o-lzseynrard598d"", ""https://down-vn.img.susercontent.com/file/vn-11134207-7r98o-lzseynrardep92"", ""https://down-vn.img.susercontent.com/file/vn-11134207-7r98o-lzseynrasrz546"", ""https://down-vn.img.susercontent.com/file/vn-11134207-7r98o-lzseynrasrppf3""]","[""OFFICIAL_SHOP""]","[""vn-11134258-7r98o-lyb3kdam2qw17d""]",30VCX[26.6-9.7.2026],vn-11134258-81ztc-mpuan4n576yqc2,False,False,False,1714728552,78300,87000,87000,10,0,VCXDPBLC0703,8700,1783011600.0,1783357140.0,50000,4000,548,4.919402985074627,670,"[6, 0, 5, 20, 639]","[""Mua để nhận quà""]",ORION,3395424.0,100629,"[100629, 100646, 100787]",116,,"[""""]"
Shopee,,vn,2026-07-03,289646907,orion_official_store,Orion VN Official Store,Tỉnh Bắc Ninh,28952745890,Combo 3 Túi 8 gói bánh ăn sáng Orion C'est Bon sợi thịt gà truyền thống (136G),https://shopee.vn/product/289646907/28952745890,https://down-vn.img.susercontent.com/file/vn-11134207-7ras8-mdjuqunfeqwcd1,"[""https://down-vn.img.susercontent.com/file/vn-11134207-7ras8-mdjuqunfeqwcd1"", ""https://down-vn.img.susercontent.com/file/vn-11134207-7r98o-lzshlm0ql3yl1c"", ""https://down-vn.img.susercontent.com/file/vn-11134207-7r98o-lzshlm0ql481e7"", ""https://down-vn.img.susercontent.com/file/vn-11134207-7r98o-lzshlm0qmish19"", ""https://down-vn.img.susercontent.com/file/vn-11134207-7r98o-lzshlm0qjpe5c6""]","[""OFFICIAL_SHOP""]","[""vn-11134258-7r98o-lyb3kdam2qw17d""]",30VCX[26.6-9.7.2026],vn-11134258-81ztc-mpuan4n576yqc2,False,False,False,1718270290,118800,132000,132000,10,0,VCXDPBLC0703,13200,1783011600.0,1783357140.0,50000,3000,886,4.911949685534591,159,"[2, 1, 0, 3, 153]","[""Mua để nhận quà""]",ORION,3395424.0,100629,"[100629, 100654, 100858]",111,,"[""""]"
Shopee,,vn,2026-07-03,289646907,orion_official_store,Orion VN Official Store,Tỉnh Bắc Ninh,26900493910,"Combo 3 Túi Bánh Gạo Nướng Orion An Vị Tự Nhiên 151,2g/Túi",https://shopee.vn/product/289646907/26900493910,https://down-vn.img.susercontent.com/file/vn-11134207-81ztc-mot5qx4nu49749,"[""https://down-vn.img.susercontent.com/file/vn-11134207-81ztc-mot5qx4nu49749"", ""https://down-vn.img.susercontent.com/file/vn-11134207-81ztc-mot5qx4flqfg9e"", ""https://down-vn.img.susercontent.com/file/vn-11134207-7r98o-lzsgfj9t74250d"", ""https://down-vn.img.susercontent.com/file/vn-11134207-7r98o-lzsgfj9t9x71e3"", ""https://down-vn.img.susercontent.com/file/vn-11134207-7r98o-lzsgfj9t8iml40"", ""https://down-vn.img.susercontent.com/file/vn-11134207-7r98o-lzsgfj9t9xgh5f""]","[""OFFICIAL_SHOP""]","[""vn-11134258-7r98o-lyb3kdam2qw17d""]",30VCX[26.6-9.7.2026],vn-11134258-81ztc-mpuan4n576yqc2,False,False,False,1716259781,78300,87000,87000,10,0,VCXDPBLC0703,8700,1783011600.0,1783357140.0,50000,2000,713,4.9186046511627906,258,"[1, 1, 3, 8, 245]","[""Mua để nhận quà""]",ORION,3395424.0,100629,"[100629, 100646, 100787]",25,,"[""""]"
Shopee,,vn,2026-07-03,289646907,orion_official_store,Orion VN Official Store,Tỉnh Bắc Ninh,22227670295,Combo 2 Hộp Bánh Orion Custas Nhân Kem Trứng (282g/hộp),https://shopee.vn/product/289646907/22227670295,https://down-vn.img.susercontent.com/file/vn-11134207-820l4-mgrqwn5yjocs85,"[""https://down-vn.img.susercontent.com/file/vn-11134207-820l4-mgrqwn5yjocs85"", ""https://down-vn.img.susercontent.com/file/vn-11134207-820l4-mgrqvnmwj4zxee"", ""https://down-vn.img.susercontent.com/file/vn-11134207-820l4-mgrqvnmmi51pe3"", ""https://down-vn.img.susercontent.com/file/vn-11134207-820l4-mfkj4stiodfz22""]","[""OFFICIAL_SHOP""]","[""vn-11134258-7r98o-lyb3kdam2qw17d""]",30VCX[26.6-9.7.2026],vn-11134258-81ztc-mpuan4n576yqc2,False,False,False,1677419837,129600,144000,144000,10,0,VCXDPBLC0703,14400,1783011600.0,1783357140.0,50000,10000,1000,4.911551155115512,1520,"[13, 9, 10, 35, 1453]","[""Mua để nhận quà""]",ORION,3395424.0,100629,"[100629, 100654, 100857]",383,,"[""""]"
Shopee,,vn,2026-07-03,289646907,orion_official_store,Orion VN Official Store,Tỉnh Bắc Ninh,45857464389,Thùng Bánh Chocopie Tình 12P (8 Hộp/Thùng),https://shopee.vn/product/289646907/45857464389,https://down-vn.img.susercontent.com/file/vn-11134207-81ztc-mmjz54wnhngob5,"[""https://down-vn.img.susercontent.com/file/vn-11134207-81ztc-mmjz54wnhngob5"", ""https://down-vn.img.susercontent.com/file/vn-11134207-81ztc-mmjz54wrcpoj27"", ""https://down-vn.img.susercontent.com/file/vn-11134207-81ztc-mm1ka931ww7c57"", ""https://down-vn.img.susercontent.com/file/vn-11134207-81ztc-mmjz54wrwdn378"", ""https://down-vn.img.susercontent.com/file/vn-11134207-81ztc-mm1l0hg57tvp7a"", ""https://down-vn.img.susercontent.com/file/vn-11134207-81ztc-mm1l0hg7a9z863""]","[""OFFICIAL_SHOP""]","[""vn-11134258-7r98o-lyb3kdam2qw17d""]",30VCX[26.6-9.7.2026],vn-11134258-81ztc-mpuan4n576yqc2,False,False,False,1773996515,466000,576000,576000,19,0,237GIAM90K2,90000,1782925200.0,1783097940.0,250000,2000,1000,4.924418604651163,180,"[1, 0, 3, 3, 173]","[""Mua để nhận quà""]",ORION,3395424.0,100629,"[100629, 100654, 100858]",38,,"[""""]"
Shopee,,vn,2026-07-03,289646907,orion_official_store,Orion VN Official Store,Tỉnh Bắc Ninh,28292038558,Combo 5 Bánh snack Toonies Dipping Sốt Chấm Phô Mai Cay 57G/Gói,https://shopee.vn/product/289646907/28292038558,https://down-vn.img.susercontent.com/file/vn-11134207-820l4-mf0ncuhozbbd65,"[""https://down-vn.img.susercontent.com/file/vn-11134207-820l4-mf0ncuhozbbd65"", ""https://down-vn.img.susercontent.com/file/vn-11134207-820l4-mf0ncuhmn18t59"", ""https://down-vn.img.susercontent.com/file/vn-11134207-820l4-mf0m5hilgtu1df""]","[""OFFICIAL_SHOP""]","[""vn-11134258-7r98o-lyb3kdam2qw17d""]",30VCX[26.6-9.7.2026],vn-11134258-81ztc-mpuan4n576yqc2,False,False,False,1758686526,81000,90000,90000,10,0,VCXDPBLC0703,9000,1783011600.0,1783357140.0,50000,820,269,4.916666666666667,120,"[0, 1, 0, 7, 112]","[""Mua để nhận quà""]",ORION,3395424.0,100629,"[100629, 100646, 100788]",96,,"[""""]"
Shopee,,vn,2026-07-03,289646907,orion_official_store,Orion VN Official Store,Tỉnh Bắc Ninh,25228640065,Combo 5 Gói Kẹo ngậm HỌNG vị gừng mật ong gói 84G,https://shopee.vn/product/289646907/25228640065,https://down-vn.img.susercontent.com/file/vn-11134207-7ras8-mdjvrz37oypxde,"[""https://down-vn.img.susercontent.com/file/vn-11134207-7ras8-mdjvrz37oypxde"", ""https://down-vn.img.susercontent.com/file/vn-11134207-7r98o-lzq57xjomde5e9"", ""https://down-vn.img.susercontent.com/file/vn-11134207-7r98o-lzq57xjoi5y989"", ""https://down-vn.img.susercontent.com/file/vn-11134207-7r98o-lzq57xjoi5otb8"", ""https://down-vn.img.susercontent.com/file/vn-11134207-7r98o-lzq57xjojkipae""]","[""OFFICIAL_SHOP""]","[""vn-11134258-7r98o-lyb3kdam2qw17d""]",30VCX[26.6-9.7.2026],vn-11134258-81ztc-mpuan4n576yqc2,False,False,False,1714963110,90000,100000,100000,10,0,VCXDPBLC0703,10000,1783011600.0,1783357140.0,50000,4000,1000,4.952662721893491,676,"[2, 2, 2, 14, 656]","[""Mua để nhận quà""]",,,100629,"[100629, 100646, 100785]",59,,"[""""]"
Shopee,,vn,2026-07-03,289646907,orion_official_store,Orion VN Official Store,Tỉnh Bắc Ninh,27168939726,Combo 2 Hộp 10 Gói Bánh kiểu Âu OPERA (280g),https://shopee.vn/product/289646907/27168939726,https://down-vn.img.susercontent.com/file/vn-11134207-820l4-mgrr0dxiyqdk43,"[""https://down-vn.img.susercontent.com/file/vn-11134207-820l4-mgrr0dxiyqdk43"", ""https://down-vn.img.susercontent.com/file/vn-11134207-820l4-mgrqzha4muiyc5"", ""https://down-vn.img.susercontent.com/file/vn-11134207-820l4-mgrqzhapxslp32"", ""https://down-vn.img.susercontent.com/file/vn-11134207-820l4-mfkj4stiodfz22""]","[""OFFICIAL_SHOP""]","[""vn-11134258-7r98o-lyb3kdam2qw17d""]",30VCX[26.6-9.7.2026],vn-11134258-81ztc-mpuan4n576yqc2,False,False,False,1732700834,132000,150000,150000,12,0,VCXDPBL0703A,18000,1783011600.0,1783357140.0,150000,3000,153,4.88368580060423,662,"[6, 7, 6, 20, 623]","[""Mua để nhận quà""]",ORION,3395424.0,100629,"[100629, 100654, 100858]",170,,"[""""]"
Shopee,,vn,2026-07-03,289646907,orion_official_store,Orion VN Official Store,Tỉnh Bắc Ninh,22327681194,Combo 2 Hộp 12 gói Bánh Chocopie vị Dưa Hấu (336g),https://shopee.vn/product/289646907/22327681194,https://down-vn.img.susercontent.com/file/vn-11134207-820l4-mgyx775wyfpl49,"[""https://down-vn.img.susercontent.com/file/vn-11134207-820l4-mgyx775wyfpl49"", ""https://down-vn.img.susercontent.com/file/vn-11134207-820l4-mgyx776lytqk14"", ""https://down-vn.img.susercontent.com/file/vn-11134207-820l4-mgyx776gz11lbb"", ""https://down-vn.img.susercontent.com/file/vn-11134207-820l4-mgyx776r00zt5e"", ""https://down-vn.img.susercontent.com/file/vn-11134207-820l4-mgyx776yq5fu56""]","[""OFFICIAL_SHOP""]","[""vn-11134258-7r98o-lyb3kdam2qw17d""]",30VCX[26.6-9.7.2026],vn-11134258-81ztc-mpuan4n576yqc2,False,False,False,1677421119,124200,138000,138000,10,0,VCXDPBLC0703,13800,1783011600.0,1783357140.0,50000,1000,613,4.898477157360406,197,"[1, 1, 1, 11, 183]",[],ORION,3395424.0,100629,"[100629, 100654, 100857]",58,,"[""""]"
Shopee,,vn,2026-07-03,289646907,orion_official_store,Orion VN Official Store,Tỉnh Bắc Ninh,28353888202,Combo 3 túi bánh gạo nướng An vị Cốm Sen 168G,https://shopee.vn/product/289646907/28353888202,https://down-vn.img.susercontent.com/file/vn-11134207-7ras8-mdju5vlcf8hx49,"[""https://down-vn.img.susercontent.com/file/vn-11134207-7ras8-mdju5vlcf8hx49"", ""https://down-vn.img.susercontent.com/file/vn-11134207-7ras8-m0vbo32kntnx27"", ""https://down-vn.img.susercontent.com/file/vn-11134207-7ras8-m0vbo32kqn4fd5"", ""https://down-vn.img.susercontent.com/file/vn-11134207-7ras8-m0vbo32kmf3hb2"", ""https://down-vn.img.susercontent.com/file/vn-11134207-7ras8-m0vbo32kntzjcd"", ""https://down-vn.img.susercontent.com/file/vn-11134207-7ras8-m0vbo32kp8jze5""]","[""OFFICIAL_SHOP""]","[""vn-11134258-7r98o-lyb3kdam2qw17d""]",30VCX[26.6-9.7.2026],vn-11134258-81ztc-mpuan4n576yqc2,False,False,False,1719485509,105300,117000,117000,10,0,VCXDPBLC0703,11700,1783011600.0,1783357140.0,50000,2000,522,4.953488372093023,430,"[0, 1, 4, 9, 416]","[""Mua để nhận quà""]",ORION,3395424.0,100629,"[100629, 100646, 100787]",115,,"[""""]"
Shopee,,vn,2026-07-03,289646907,orion_official_store,Orion VN Official Store,Tỉnh Bắc Ninh,23027666001,Combo 2 Hộp Bánh Orion Chocopie ĐẬM (396g/hộp),https://shopee.vn/product/289646907/23027666001,https://down-vn.img.susercontent.com/file/vn-11134207-7ras8-mdjvewd2jlpoae,"[""https://down-vn.img.susercontent.com/file/vn-11134207-7ras8-mdjvewd2jlpoae"", ""https://down-vn.img.susercontent.com/file/vn-11134207-7r98o-lzr123c2y8gd2b"", ""https://down-vn.img.susercontent.com/file/vn-11134207-7r98o-lzr123c2vfbh8b"", ""https://down-vn.img.susercontent.com/file/vn-11134207-7r98o-lzr123c2wtvx44"", ""https://down-vn.img.susercontent.com/file/vn-11134207-7r98o-lzr123c2wu5d43"", ""https://down-vn.img.susercontent.com/file/vn-11134207-7r98o-lzr123c2vfkxb8""]","[""OFFICIAL_SHOP""]","[""vn-11134258-7r98o-lyb3kdam2qw17d""]",30VCX[26.6-9.7.2026],vn-11134258-81ztc-mpuan4n576yqc2,False,False,False,1677418690,129600,144000,144000,10,0,VCXDPBLC0703,14400,1783011600.0,1783357140.0,50000,6000,329,4.926623376623376,1540,"[15, 3, 8, 28, 1486]","[""Mua để nhận quà""]",ORION,3395424.0,100629,"[100629, 100654, 100857]",383,,"[""""]"
Shopee,,vn,2026-07-03,289646907,orion_official_store,Orion VN Official Store,Tỉnh Bắc Ninh,23565208439,Combo 3 Túi Bánh Gạo An vị Ngô nướng Bơ (120g/Túi),https://shopee.vn/product/289646907/23565208439,https://down-vn.img.susercontent.com/file/vn-11134207-7ras8-mdjufbqokt2n4d,"[""https://down-vn.img.susercontent.com/file/vn-11134207-7ras8-mdjufbqokt2n4d"", ""https://down-vn.img.susercontent.com/file/vn-11134207-7ra0g-m77b25lbcg4h29"", ""https://down-vn.img.susercontent.com/file/vn-11134207-7ra0g-m77b25lva7on9d"", ""https://down-vn.img.susercontent.com/file/vn-11134207-7ra0g-m77b25lbb0x335"", ""https://down-vn.img.susercontent.com/file/vn-11134207-7ra0g-m77b25lbb1k17f""]","[""OFFICIAL_SHOP""]","[""vn-11134258-7r98o-lyb3kdam2qw17d""]",30VCX[26.6-9.7.2026],vn-11134258-81ztc-mpuan4n576yqc2,False,False,False,1741656913,105300,117000,117000,10,0,VCXDPBLC0703,11700,1783011600.0,1783357140.0,50000,3000,1000,4.928,375,"[2, 2, 2, 9, 360]","[""Mua để nhận quà""]",ORION,3395424.0,100629,"[100629, 100646, 100787]",116,,"[""""]"
Shopee,,vn,2026-07-03,289646907,orion_official_store,Orion VN Official Store,Tỉnh Bắc Ninh,23727675986,"Combo 2 Hộp 12 gói Bánh Custas vị Cốm Sen Hà Nội (282,6g/hộp)",https://shopee.vn/product/289646907/23727675986,https://down-vn.img.susercontent.com/file/vn-11134207-820l4-mgrqtvhw3z0v35,"[""https://down-vn.img.susercontent.com/file/vn-11134207-820l4-mgrqtvhw3z0v35"", ""https://down-vn.img.susercontent.com/file/vn-11134207-820l4-mgrqpqj4g3yn2f"", ""https://down-vn.img.susercontent.com/file/vn-11134207-820l4-mgrqpqj422a2a8"", ""https://down-vn.img.susercontent.com/file/vn-11134207-820l4-mfkj4stiodfz22""]","[""OFFICIAL_SHOP""]","[""vn-11134258-7r98o-lyb3kdam2qw17d""]",30VCX[26.6-9.7.2026],vn-11134258-81ztc-mpuan4n576yqc2,False,False,False,1677420769,129600,144000,144000,10,0,VCXDPBLC0703,14400,1783011600.0,1783357140.0,50000,7000,612,4.903351519875292,1284,"[8, 4, 17, 46, 1209]","[""Mua để nhận quà""]",ORION,3395424.0,100629,"[100629, 100654, 100857]",233,,"[""""]"
Shopee,,vn,2026-07-03,289646907,orion_official_store,Orion VN Official Store,Tỉnh Bắc Ninh,27128180756,[LIVESTREAM] [ĐỘC QUYỀN] Kẹo dẻo Boom Jelly THẠCH Orion MIX VỊ hộp 60 gói (750g),https://shopee.vn/product/289646907/27128180756,https://down-vn.img.susercontent.com/file/vn-11134207-81ztc-mnfhezileupw29,"[""https://down-vn.img.susercontent.com/file/vn-11134207-81ztc-mnfhezileupw29"", ""https://down-vn.img.susercontent.com/file/vn-11134207-7ra0g-m760w2x05b4x92""]","[""OFFICIAL_SHOP""]","[""vn-11134258-7r98o-lyb3kdam2qw17d""]",30VCX[26.6-9.7.2026],vn-11134258-81ztc-mpuan4n576yqc2,False,False,False,1740998407,190080,216000,216000,12,0,VCXDPBL0703A,25920,1783011600.0,1783357140.0,150000,913,204,4.971223021582734,139,"[0, 1, 0, 1, 137]",[],ORION,3395424.0,100629,"[100629, 100646, 100794]",48,,"[""""]"
Shopee,,vn,2026-07-03,289646907,orion_official_store,Orion VN Official Store,Tỉnh Bắc Ninh,26233488173,[ĐỘC QUYỀN] Kẹo ngậm dịu HỌNG nhiều vị (500g),https://shopee.vn/product/289646907/26233488173,https://down-vn.img.susercontent.com/file/vn-11134207-7ra0g-m8lio5uru8w2c5,"[""https://down-vn.img.susercontent.com/file/vn-11134207-7ra0g-m8lio5uru8w2c5"", ""https://down-vn.img.susercontent.com/file/vn-11134207-7ra0g-m8lio5urvngif2"", ""https://down-vn.img.susercontent.com/file/vn-11134207-7ra0g-m8lio5uru8n8e1"", ""https://down-vn.img.susercontent.com/file/vn-11134207-7ra0g-m8lio8rxkcp094""]","[""OFFICIAL_SHOP""]","[""vn-11134258-7r98o-lyb3kdam2qw17d""]",30VCX[26.6-9.7.2026],vn-11134258-81ztc-mpuan4n576yqc2,False,False,False,1744698810,117000,130000,130000,10,0,VCXDPBLC0703,13000,1783011600.0,1783357140.0,50000,1000,86,4.9714285714285715,315,"[1, 0, 0, 5, 309]","[""Mua để nhận quà""]",ORION,3395424.0,100629,"[100629, 100646, 100785]",106,,"[""""]"
Shopee,,vn,2026-07-03,289646907,orion_official_store,Orion VN Official Store,Thành phố Hồ Chí Minh,24391148394,[ĐỘC QUYỀN] Hộp Bánh Bống Bang Family Pack 20 Gói (580g),https://shopee.vn/product/289646907/24391148394,https://down-vn.img.susercontent.com/file/vn-11134207-7ras8-mdk4dzqrfd0xf7,"[""https://down-vn.img.susercontent.com/file/vn-11134207-7ras8-mdk4dzqrfd0xf7"", ""https://down-vn.img.susercontent.com/file/vn-11134207-7ras8-m5y22kpvaxmg4b"", ""https://down-vn.img.susercontent.com/file/vn-11134207-7ras8-m5y22kq5aigz61"", ""https://down-vn.img.susercontent.com/file/vn-11134207-7ras8-m5y22kpvcc6w28"", ""https://down-vn.img.susercontent.com/file/vn-11134207-7ras8-m5y22kpvcbnn8f"", ""https://down-vn.img.susercontent.com/file/vn-11134207-7ra0g-maao9jlgxtuz5c""]","[""OFFICIAL_SHOP""]","[""vn-11134258-7r98o-lyb3kdam2qw17d""]",30VCX[26.6-9.7.2026],vn-11134258-81ztc-mpuan4n576yqc2,False,False,False,1738917610,132000,150000,150000,12,0,VCXDPBL0703A,18000,1783011600.0,1783357140.0,150000,2000,350,4.945425361155698,623,"[1, 3, 3, 15, 601]","[""Mua để nhận quà""]",ORION,3395424.0,100629,"[100629, 100654, 100858]",353,,"[""""]"
Shopee,,vn,2026-07-03,289646907,orion_official_store,Orion VN Official Store,Tỉnh Bắc Ninh,24027869690,Combo 3 Túi 5 gói bánh ăn sáng Orion C'est Bon sợi thịt gà truyền thống 85G/Túi,https://shopee.vn/product/289646907/24027869690,https://down-vn.img.susercontent.com/file/vn-11134207-81ztc-mot5ubst9bltc2,"[""https://down-vn.img.susercontent.com/file/vn-11134207-81ztc-mot5ubst9bltc2"", ""https://down-vn.img.susercontent.com/file/vn-11134207-81ztc-mot5ubss0dfw48"", ""https://down-vn.img.susercontent.com/file/vn-11134207-7r98o-lzsfe4u5kx1p6d"", ""https://down-vn.img.susercontent.com/file/vn-11134207-7r98o-lzsfe4u5jih9ac"", ""https://down-vn.img.susercontent.com/file/vn-11134207-7r98o-lzsfe4u5jiqp23"", ""https://down-vn.img.susercontent.com/file/vn-11134207-7r98o-lzsfe4u5kxb557""]","[""OFFICIAL_SHOP""]","[""vn-11134258-7r98o-lyb3kdam2qw17d""]",30VCX[26.6-9.7.2026],vn-11134258-81ztc-mpuan4n576yqc2,False,False,False,1714646411,81000,90000,90000,10,0,VCXDPBLC0703,9000,1783011600.0,1783357140.0,50000,4000,2000,4.951841359773371,353,"[3, 0, 0, 5, 345]","[""Mua để nhận quà""]",ORION,3395424.0,100629,"[100629, 100646, 100787]",72,,"[""""]"
Shopee,,vn,2026-07-03,289646907,orion_official_store,Orion VN Official Store,Tỉnh Bắc Ninh,41853192625,[ĐỘC QUYỀN] Hộp 15 Gói Bánh Nướng Giòn Vị Bơ Tỏi Orion C'est Bon Baguette (540g),https://shopee.vn/product/289646907/41853192625,https://down-vn.img.susercontent.com/file/vn-11134207-7ras8-mal4qiurse6v48,"[""https://down-vn.img.susercontent.com/file/vn-11134207-7ras8-mal4qiurse6v48"", ""https://down-vn.img.susercontent.com/file/vn-11134207-7ras8-mbdo99dz170hc3"", ""https://down-vn.img.susercontent.com/file/vn-11134207-7ras8-mbdoapzo208je6"", ""https://down-vn.img.susercontent.com/file/vn-11134207-7ra0g-maao9jlgxtuz5c""]","[""OFFICIAL_SHOP""]","[""vn-11134258-7r98o-lyb3kdam2qw17d""]",30VCX[26.6-9.7.2026],vn-11134258-81ztc-mpuan4n576yqc2,False,False,False,1749030366,124200,138000,138000,10,0,VCXDPBLC0703,13800,1783011600.0,1783357140.0,50000,8000,2000,4.927374301675978,179,"[0, 1, 2, 6, 170]","[""Mua để nhận quà""]",ORION,3395424.0,100629,"[100629, 100654, 100858]",578,,"[""""]"
Shopee,,vn,2026-07-03,289646907,orion_official_store,Orion VN Official Store,Tỉnh Bắc Ninh,55601794933,"Combo 2 Hộp 18 Gói Bánh Orion Chocopie Tình Vị Truyền Thống (653,4g/Hộp)",https://shopee.vn/product/289646907/55601794933,https://down-vn.img.susercontent.com/file/vn-11134207-820l4-mhlt373xqxae05,"[""https://down-vn.img.susercontent.com/file/vn-11134207-820l4-mhlt373xqxae05"", ""https://down-vn.img.susercontent.com/file/vn-11134207-820l4-mhk0bk6nauio83"", ""https://down-vn.img.susercontent.com/file/vn-11134207-820l4-mhk0bk6bva4j0e"", ""https://down-vn.img.susercontent.com/file/vn-11134207-820l4-mhlt3dh2k45i54""]","[""OFFICIAL_SHOP""]","[""vn-11134258-7r98o-lyb3kdam2qw17d""]",30VCX[26.6-9.7.2026],vn-11134258-81ztc-mpuan4n576yqc2,False,False,False,1763633241,174240,198000,198000,12,0,VCXDPBL0703A,23760,1783011600.0,1783357140.0,150000,4000,1000,4.8606965174129355,402,"[8, 0, 6, 12, 376]","[""Mua để nhận quà""]",ORION,3395424.0,100629,"[100629, 100654, 100858]",73,,"[""""]"
Shopee,,vn,2026-07-03,289646907,orion_official_store,Orion VN Official Store,Tỉnh Bắc Ninh,43579391371,Thùng Bánh Custas Kem Trứng 12P (8 Hộp/Thùng),https://shopee.vn/product/289646907/43579391371,https://down-vn.img.susercontent.com/file/vn-11134207-81ztc-mmjz2dhg6neq72,"[""https://down-vn.img.susercontent.com/file/vn-11134207-81ztc-mmjz2dhg6neq72"", ""https://down-vn.img.susercontent.com/file/vn-11134207-81ztc-mmjz2dhceebze6"", ""https://down-vn.img.susercontent.com/file/vn-11134207-81ztc-mmjz2dhcbl6t2d"", ""https://down-vn.img.susercontent.com/file/vn-11134207-81ztc-mm1kqz0x28ege9"", ""https://down-vn.img.susercontent.com/file/vn-11134207-81ztc-mm1kz0bls4r3e9""]","[""OFFICIAL_SHOP""]","[""vn-11134258-7r98o-lyb3kdam2qw17d""]",30VCX[26.6-9.7.2026],vn-11134258-81ztc-mpuan4n576yqc2,False,False,False,1773997075,466000,576000,576000,19,0,237GIAM90K2,90000,1782925200.0,1783097940.0,250000,2000,1000,4.895161290322581,256,"[2, 0, 7, 4, 243]","[""Mua để nhận quà""]",ORION,3395424.0,100629,"[100629, 100654, 100857]",26,,"[""""]"
Shopee,,vn,2026-07-03,289646907,orion_official_store,Orion VN Official Store,Tỉnh Bắc Ninh,56257443079,Combo 2 Hộp Bánh Goute Creme Dâu (16 Gói/Hộp),https://shopee.vn/product/289646907/56257443079,https://down-vn.img.susercontent.com/file/vn-11134207-81ztc-mmv4ty7wl3b8be,"[""https://down-vn.img.susercontent.com/file/vn-11134207-81ztc-mmv4ty7wl3b8be"", ""https://down-vn.img.susercontent.com/file/vn-11134207-81ztc-mmv4ty7wmhvob4"", ""https://down-vn.img.susercontent.com/file/vn-11134207-81ztc-mmv4ty7vym80f7""]","[""OFFICIAL_SHOP""]","[""vn-11134258-7r98o-lyb3kdam2qw17d""]",30VCX[26.6-9.7.2026],vn-11134258-81ztc-mpuan4n576yqc2,False,False,False,1773991555,122400,136000,136000,10,0,VCXDPBLC0703,13600,1783011600.0,1783357140.0,50000,430,194,4.970149253731344,67,"[0, 0, 0, 2, 65]","[""Mua để nhận quà""]",ORION,3395424.0,100629,"[100629, 100646, 100787]",44,,"[""""]"
Shopee,,vn,2026-07-03,289646907,orion_official_store,Orion VN Official Store,Tỉnh Bắc Ninh,26052011768,Combo 3 gói bánh ăn sáng C'est Bon Sandwich Sốt Bơ Phô Mai Chà Bông Orion (147G x 6),https://shopee.vn/product/289646907/26052011768,https://down-vn.img.susercontent.com/file/vn-11134207-81ztc-mot5uvgsvw26b4,"[""https://down-vn.img.susercontent.com/file/vn-11134207-81ztc-mot5uvgsvw26b4"", ""https://down-vn.img.susercontent.com/file/vn-11134207-81ztc-mot5uvh2u2vg82"", ""https://down-vn.img.susercontent.com/file/vn-11134207-7r98o-lzqzeczrodhpac"", ""https://down-vn.img.susercontent.com/file/vn-11134207-7r98o-lzqzeczrodr5a7"", ""https://down-vn.img.susercontent.com/file/vn-11134207-7r98o-lzqzeczrmz6p1c"", ""https://down-vn.img.susercontent.com/file/vn-11134207-7r98o-lzqzeczrmyx908""]","[""OFFICIAL_SHOP""]","[""vn-11134258-7r98o-lyb3kdam2qw17d""]",30VCX[26.6-9.7.2026],vn-11134258-81ztc-mpuan4n576yqc2,False,False,False,1717580555,118800,132000,132000,10,0,VCXDPBLC0703,13200,1783011600.0,1783357140.0,50000,7000,775,4.929850746268657,1340,"[4, 4, 10, 46, 1276]","[""Mua để nhận quà""]",ORION,3395424.0,100629,"[100629, 100654, 100858]",276,,"[""""]"
Shopee,,vn,2026-07-03,289646907,orion_official_store,Orion VN Official Store,Tỉnh Bắc Ninh,45357467779,Combo 5 Túi Bánh Cest Bon Mochi Cốm Dừa (5 Gói/Túi),https://shopee.vn/product/289646907/45357467779,https://down-vn.img.susercontent.com/file/vn-11134207-81ztc-mm1gjjgidc02fb,"[""https://down-vn.img.susercontent.com/file/vn-11134207-81ztc-mm1gjjgidc02fb"", ""https://down-vn.img.susercontent.com/file/vn-11134207-81ztc-mmjza63mll36c4"", ""https://down-vn.img.susercontent.com/file/vn-11134207-81ztc-mmjza63moe8689"", ""https://down-vn.img.susercontent.com/file/vn-11134207-81ztc-mmjza63lxpfl88"", ""https://down-vn.img.susercontent.com/file/vn-11134207-81ztc-mmjza63gxwqw1c"", ""https://down-vn.img.susercontent.com/file/vn-11134207-81ztc-mmjti9guw1zj3f""]","[""OFFICIAL_SHOP""]","[""vn-11134258-7r98o-lyb3kdam2qw17d""]",30VCX[26.6-9.7.2026],vn-11134258-81ztc-mpuan4n576yqc2,False,False,False,1773990243,193600,220000,220000,12,0,VCXDPBL0703A,26400,1783011600.0,1783357140.0,150000,784,380,4.96078431372549,51,"[0, 0, 0, 2, 49]","[""Mua để nhận quà""]",ORION,3395424.0,100629,"[100629, 100654, 100858]",125,,"[""""]"
Shopee,,vn,2026-07-03,289646907,orion_official_store,Orion VN Official Store,Tỉnh Bắc Ninh,41712379566,Combo 8 Hộp bánh Cá Marine Boy Orion vị Tôm Nướng Môi Đỏ 35g/hộp,https://shopee.vn/product/289646907/41712379566,https://down-vn.img.susercontent.com/file/vn-11134207-81ztc-mq5wh83lpgct18,"[""https://down-vn.img.susercontent.com/file/vn-11134207-81ztc-mq5wh83lpgct18"", ""https://down-vn.img.susercontent.com/file/vn-11134207-81ztc-mq5wh83mokjy4a"", ""https://down-vn.img.susercontent.com/file/vn-11134207-820l4-mjwmunawx1xj45"", ""https://down-vn.img.susercontent.com/file/vn-11134207-7ras8-mdbgohkepsikd8""]","[""OFFICIAL_SHOP""]","[""vn-11134258-7r98o-lyb3kdam2qw17d""]",30VCX[26.6-9.7.2026],vn-11134258-81ztc-mpuan4n576yqc2,False,False,False,1754983076,108000,120000,120000,10,0,VCXDPBLC0703,12000,1783011600.0,1783357140.0,50000,1000,319,4.874172185430464,151,"[2, 1, 2, 4, 142]","[""Mua để nhận quà""]",ORION,3395424.0,100629,"[100629, 100646, 100787]",63,,"[""""]"
Shopee,,vn,2026-07-03,289646907,orion_official_store,Orion VN Official Store,Tỉnh Bắc Ninh,47704391486,"[ĐỘC QUYỀN] Hộp bánh Pie Orion mix 4 vị (697,5g)",https://shopee.vn/product/289646907/47704391486,https://down-vn.img.susercontent.com/file/vn-11134207-820l4-mj9a9jtf0rupc4,"[""https://down-vn.img.susercontent.com/file/vn-11134207-820l4-mj9a9jtf0rupc4"", ""https://down-vn.img.susercontent.com/file/vn-11134207-820l4-mj9a9jtszn5y4d"", ""https://down-vn.img.susercontent.com/file/vn-11134207-820l4-mj9a9jto191e42"", ""https://down-vn.img.susercontent.com/file/vn-11134207-820l4-mj9a9jtewk5f82"", ""https://down-vn.img.susercontent.com/file/vn-11134207-820l4-mj9al2mia4n4a7"", ""https://down-vn.img.susercontent.com/file/vn-11134207-820l4-mj9al2mlk4cm1a"", ""https://down-vn.img.susercontent.com/file/vn-11134207-820l4-mj9al2n5kpom8e"", ""https://down-vn.img.susercontent.com/file/vn-11134207-820l4-mj9al2n89mvbf6"", ""https://down-vn.img.susercontent.com/file/vn-11134207-820l4-mj9a9jtdumtgca""]","[""OFFICIAL_SHOP""]","[""vn-11134258-7r98o-lyb3kdam2qw17d""]",30VCX[26.6-9.7.2026],vn-11134258-81ztc-mpuan4n576yqc2,False,False,False,1767927405,180400,205000,205000,12,0,VCXDPBL0703A,24600,1783011600.0,1783357140.0,150000,1000,448,4.910377358490566,212,"[4, 0, 0, 3, 205]","[""Mua để nhận quà""]",ORION,3395424.0,100629,"[100629, 100654, 100858]",138,,"[""""]"
Shopee,,vn,2026-07-03,289646907,orion_official_store,Orion VN Official Store,Tỉnh Bắc Ninh,26408223367,Combo 5 Túi Bánh Con Cá Bống Bang Nhân MOCHI SOCOLA Đậu Đỏ (145g),https://shopee.vn/product/289646907/26408223367,https://down-vn.img.susercontent.com/file/vn-11134207-7ras8-mdjumxkpus355d,"[""https://down-vn.img.susercontent.com/file/vn-11134207-7ras8-mdjumxkpus355d"", ""https://down-vn.img.susercontent.com/file/vn-11134207-7r98o-lzq5aoj5nfwt3a"", ""https://down-vn.img.susercontent.com/file/vn-11134207-7r98o-lzq5aoj5ng69a6"", ""https://down-vn.img.susercontent.com/file/vn-11134207-7r98o-lzq5aoj5ouh9b2"", ""https://down-vn.img.susercontent.com/file/vn-11134207-7r98o-lzq5aoj5q9b5ff"", ""https://down-vn.img.susercontent.com/file/vn-11134207-7r98o-lzq5aoj5ouqp47""]","[""OFFICIAL_SHOP""]","[""vn-11134258-7r98o-lyb3kdam2qw17d""]",30VCX[26.6-9.7.2026],vn-11134258-81ztc-mpuan4n576yqc2,False,False,False,1724039074,171600,195000,195000,12,0,VCXDPBL0703A,23400,1783011600.0,1783357140.0,150000,4000,1000,4.937037037037037,540,"[4, 0, 4, 10, 522]","[""Mua để nhận quà""]",ORION,3395424.0,100629,"[100629, 100654, 100858]",322,,"[""""]"
Shopee,,vn,2026-07-03,289646907,orion_official_store,Orion VN Official Store,Tỉnh Bắc Ninh,47660969325,COMBO 5 Hộp Bánh Snack Khoai Tây Nướng Yegam vị Nguyên Bản (64G/Hộp),https://shopee.vn/product/289646907/47660969325,https://down-vn.img.susercontent.com/file/vn-11134207-81ztc-mp8rzcnjuosg22,"[""https://down-vn.img.susercontent.com/file/vn-11134207-81ztc-mp8rzcnjuosg22"", ""https://down-vn.img.susercontent.com/file/vn-11134207-81ztc-mp8rvzzexix7cc"", ""https://down-vn.img.susercontent.com/file/vn-11134207-81ztc-mp8rvzzncxkw16""]","[""OFFICIAL_SHOP""]","[""vn-11134258-7r98o-lyb3kdam2qw17d""]",30VCX[26.6-9.7.2026],vn-11134258-81ztc-mpuan4n576yqc2,False,False,False,1779436105,140800,160000,160000,12,0,VCXDPBL0703A,19200,1783011600.0,1783357140.0,150000,58,56,5.0,14,"[0, 0, 0, 0, 14]","[""Mua để nhận quà""]",ORION,3395424.0,100629,"[100629, 100646, 100788]",5,,"[""""]"
Shopee,,vn,2026-07-03,289646907,orion_official_store,Orion VN Official Store,Tỉnh Bắc Ninh,41824111415,Combo 2 Hộp 12 Gói Bánh Custas Kem Trứng Giảm Đường (282g),https://shopee.vn/product/289646907/41824111415,https://down-vn.img.susercontent.com/file/vn-11134207-820l4-mfkj6xf0nojy54,"[""https://down-vn.img.susercontent.com/file/vn-11134207-820l4-mfkj6xf0nojy54"", ""https://down-vn.img.susercontent.com/file/vn-11134207-820l4-mfkj6xf3p8ulec"", ""https://down-vn.img.susercontent.com/file/vn-11134207-820l4-mfkj6xfq0popda"", ""https://down-vn.img.susercontent.com/file/vn-11134207-820l4-mfkj4stiodfz22""]","[""OFFICIAL_SHOP""]","[""vn-11134258-7r98o-lyb3kdam2qw17d""]",30VCX[26.6-9.7.2026],vn-11134258-81ztc-mpuan4n576yqc2,False,False,False,1760437036,132000,150000,150000,12,0,VCXDPBL0703A,18000,1783011600.0,1783357140.0,150000,1000,848,4.869747899159663,238,"[4, 2, 0, 9, 223]","[""Mua để nhận quà""]",ORION,3395424.0,100629,"[100629, 100654, 100857]",83,,"[""""]"
Shopee,,vn,2026-07-03,289646907,orion_official_store,Orion VN Official Store,Tỉnh Bắc Ninh,26489730581,Combo 8 Hộp bánh Cá Marine Boy Orion Vị Gà Bơ Sốt Tỏi (35g/Hộp),https://shopee.vn/product/289646907/26489730581,https://down-vn.img.susercontent.com/file/vn-11134207-81ztc-mq5weuowtpu50d,"[""https://down-vn.img.susercontent.com/file/vn-11134207-81ztc-mq5weuowtpu50d"", ""https://down-vn.img.susercontent.com/file/vn-11134207-81ztc-mq5weuoyi4978e"", ""https://down-vn.img.susercontent.com/file/vn-11134207-820l4-mfkj4stiodfz22""]","[""OFFICIAL_SHOP""]","[""vn-11134258-7r98o-lyb3kdam2qw17d""]",30VCX[26.6-9.7.2026],vn-11134258-81ztc-mpuan4n576yqc2,False,False,False,1754983235,108000,120000,120000,10,0,VCXDPBLC0703,12000,1783011600.0,1783357140.0,50000,658,60,4.8655462184873945,119,"[2, 1, 1, 3, 112]","[""Mua để nhận quà""]",ORION,3395424.0,100629,"[100629, 100646, 100787]",39,,"[""""]"
Shopee,,vn,2026-07-03,289646907,orion_official_store,Orion VN Official Store,Tỉnh Bắc Ninh,25178062720,"Combo 3 Túi 5 gói bánh ăn sáng Orion C'est Bon sợi thịt gà sốt kem phô mai 101,5G/Túi",https://shopee.vn/product/289646907/25178062720,https://down-vn.img.susercontent.com/file/vn-11134207-81ztc-mot5vcu8tukg7c,"[""https://down-vn.img.susercontent.com/file/vn-11134207-81ztc-mot5vcu8tukg7c"", ""https://down-vn.img.susercontent.com/file/vn-11134207-81ztc-mot5vcuekc25c5"", ""https://down-vn.img.susercontent.com/file/vn-11134207-7r98o-lzrk0c1bat7126"", ""https://down-vn.img.susercontent.com/file/vn-11134207-7r98o-lzrk0c1b9ew154"", ""https://down-vn.img.susercontent.com/file/vn-11134207-7r98o-lzrk0c1b9eml07"", ""https://down-vn.img.susercontent.com/file/vn-11134207-7r98o-lzrk0c1batgh61""]","[""OFFICIAL_SHOP""]","[""vn-11134258-7r98o-lyb3kdam2qw17d""]",15VCX+SuperCheap[26.6-9.7.2026],vn-11134258-81ztc-mpua62h4xo1u89,False,False,False,1714718539,81000,90000,90000,10,0,VCXDPBLC0703,9000,1783011600.0,1783357140.0,50000,8000,3000,4.911589008363202,837,"[7, 7, 4, 17, 802]","[""Mua để nhận quà""]",ORION,3395424.0,100629,"[100629, 100654, 100858]",245,,"[""""]"
Shopee,,vn,2026-07-03,289646907,orion_official_store,Orion VN Official Store,Tỉnh Bắc Ninh,24828115965,Combo 3 túi Bánh Gạo Nướng Orion An Vừng 115.2g,https://shopee.vn/product/289646907/24828115965,https://down-vn.img.susercontent.com/file/vn-11134207-7ras8-mdjuklf31os1b6,"[""https://down-vn.img.susercontent.com/file/vn-11134207-7ras8-mdjuklf31os1b6"", ""https://down-vn.img.susercontent.com/file/vn-11134207-7r98o-lzsfgr5hiurx6a"", ""https://down-vn.img.susercontent.com/file/vn-11134207-7r98o-lzsfgr5hk9cd9a"", ""https://down-vn.img.susercontent.com/file/vn-11134207-7r98o-lzsfgr5hk9lta9"", ""https://down-vn.img.susercontent.com/file/vn-11134207-7r98o-lzsfgr5hiv1d27""]","[""OFFICIAL_SHOP""]","[""vn-11134258-7r98o-lyb3kdam2qw17d""]",30VCX[26.6-9.7.2026],vn-11134258-81ztc-mpuan4n576yqc2,False,False,False,1714728795,78300,87000,87000,10,0,VCXDPBLC0703,8700,1783011600.0,1783357140.0,50000,1000,195,4.919354838709677,186,"[2, 0, 2, 3, 179]","[""Mua để nhận quà""]",ORION,3395424.0,100629,"[100629, 100646, 100787]",20,,"[""""]"
Shopee,,vn,2026-07-03,289646907,orion_official_store,Orion VN Official Store,Tỉnh Bắc Ninh,51204730541,"[LIVESTREAM] [ĐỘC QUYỀN] Hộp bánh Pie Orion mix 4 vị (697,5g)",https://shopee.vn/product/289646907/51204730541,https://down-vn.img.susercontent.com/file/vn-11134207-820l4-mjia67iiqzgk68,"[""https://down-vn.img.susercontent.com/file/vn-11134207-820l4-mjia67iiqzgk68"", ""https://down-vn.img.susercontent.com/file/vn-11134207-820l4-mjia67jcskqs96"", ""https://down-vn.img.susercontent.com/file/vn-11134207-820l4-mjia67k1yl1c64"", ""https://down-vn.img.susercontent.com/file/vn-11134207-820l4-mjia67ixul8g03"", ""https://down-vn.img.susercontent.com/file/vn-11134207-820l4-mjia67iise1066"", ""https://down-vn.img.susercontent.com/file/vn-11134207-820l4-mjia67jhxzpi41"", ""https://down-vn.img.susercontent.com/file/vn-11134207-820l4-mjia67jnrabn9b"", ""https://down-vn.img.susercontent.com/file/vn-11134207-820l4-mjia67jpsbutc7""]","[""OFFICIAL_SHOP""]","[""vn-11134258-7r98o-lyb3kdam2qw17d""]",30VCX[26.6-9.7.2026],vn-11134258-81ztc-mpuan4n576yqc2,False,False,False,1768470769,180400,205000,205000,12,0,VCXDPBL0703A,24600,1783011600.0,1783357140.0,150000,482,61,4.918918918918919,74,"[1, 0, 0, 2, 71]",[],ORION,3395424.0,100629,"[100629, 100654, 100858]",36,,"[""""]"
Shopee,,vn,2026-07-03,289646907,orion_official_store,Orion VN Official Store,Tỉnh Bắc Ninh,28886761728,[LIVESTREAM] Combo 2 Hộp Bánh Orion Chocopie TÌNH (435.6g/hộp),https://shopee.vn/product/289646907/28886761728,https://down-vn.img.susercontent.com/file/vn-11134207-7ra0g-m9zfd5nczede2a,"[""https://down-vn.img.susercontent.com/file/vn-11134207-7ra0g-m9zfd5nczede2a"", ""https://down-vn.img.susercontent.com/file/vn-11134207-7ra0g-m9zfd5ncze4k61"", ""https://down-vn.img.susercontent.com/file/vn-11134207-7ra0g-m9zfd5msysskc1"", ""https://down-vn.img.susercontent.com/file/vn-11134207-7ra0g-m9zfd5lp0fiab6"", ""https://down-vn.img.susercontent.com/file/vn-11134207-7ra0g-m9zfd5nd0sxu23"", ""https://down-vn.img.susercontent.com/file/vn-11134207-7ras8-mdjvgzh8nqnl2c""]","[""OFFICIAL_SHOP""]","[""vn-11134258-7r98o-lyb3kdam2qw17d""]",30VCX[26.6-9.7.2026],vn-11134258-81ztc-mpuan4n576yqc2,False,False,False,1747716117,129600,144000,144000,10,0,VCXDPBLC0703,14400,1783011600.0,1783357140.0,50000,420,165,5.0,15,"[0, 0, 0, 0, 15]",[],ORION,3395424.0,100629,"[100629, 100654, 100858]",23,,"[""""]"
Shopee,,vn,2026-07-03,289646907,orion_official_store,Orion VN Official Store,Tỉnh Bắc Ninh,54911472135,Combo 3 Túi Bánh Cest Bon Mochi Cốm Dừa (5 Gói/Túi),https://shopee.vn/product/289646907/54911472135,https://down-vn.img.susercontent.com/file/vn-11134207-81ztc-moxp7cph143yb3,"[""https://down-vn.img.susercontent.com/file/vn-11134207-81ztc-moxp7cph143yb3"", ""https://down-vn.img.susercontent.com/file/vn-11134207-81ztc-moxp7cph2ioe34"", ""https://down-vn.img.susercontent.com/file/vn-11134207-81ztc-moxp9o589wch26"", ""https://down-vn.img.susercontent.com/file/vn-11134207-81ztc-moxp9o58bawxea""]","[""OFFICIAL_SHOP""]","[""vn-11134258-7r98o-lyb3kdam2qw17d""]",30VCX[26.6-9.7.2026],vn-11134258-81ztc-mpuan4n576yqc2,False,False,False,1780300369,118800,132000,132000,10,0,VCXDPBLC0703,13200,1783011600.0,1783357140.0,50000,181,177,4.964285714285714,28,"[0, 0, 0, 1, 27]","[""Mua để nhận quà""]",ORION,3395424.0,100629,"[100629, 100654, 100858]",29,,"[""""]"
Shopee,,vn,2026-07-03,289646907,orion_official_store,Orion VN Official Store,Tỉnh Bắc Ninh,51907456940,Combo 2 Hộp Bánh Goute Creme Đậu Phộng (16 Gói/Hộp),https://shopee.vn/product/289646907/51907456940,https://down-vn.img.susercontent.com/file/vn-11134207-81ztc-mm1hquqiugas03,"[""https://down-vn.img.susercontent.com/file/vn-11134207-81ztc-mm1hquqiugas03"", ""https://down-vn.img.susercontent.com/file/vn-11134207-81ztc-mm1hquqvztoo11"", ""https://down-vn.img.susercontent.com/file/vn-11134207-81ztc-mm1hquqetrswb3""]","[""OFFICIAL_SHOP""]","[""vn-11134258-7r98o-lyb3kdam2qw17d""]",30VCX[26.6-9.7.2026],vn-11134258-81ztc-mpuan4n576yqc2,False,False,False,1773992333,122400,136000,136000,10,0,VCXDPBLC0703,13600,1783011600.0,1783357140.0,50000,390,213,4.940298507462686,67,"[0, 0, 1, 2, 64]","[""Mua để nhận quà""]",ORION,3395424.0,100629,"[100629, 100646, 100787]",43,,"[""""]"
Shopee,,vn,2026-07-03,289646907,orion_official_store,Orion VN Official Store,Tỉnh Bắc Ninh,29231544899,[LIVESTREAM] Combo 5 gói Bánh Nướng Giòn C'est Bon Orion Baguette Vị Bơ Tỏi Đút Lò (Túi 5 gói),https://shopee.vn/product/289646907/29231544899,https://down-vn.img.susercontent.com/file/vn-11134207-7ras8-mdjup2all3n583,"[""https://down-vn.img.susercontent.com/file/vn-11134207-7ras8-mdjup2all3n583"", ""https://down-vn.img.susercontent.com/file/vn-11134207-7ra0g-m81n0rsjka6f55"", ""https://down-vn.img.susercontent.com/file/vn-11134207-7ra0g-m81n0rsjloq6b5"", ""https://down-vn.img.susercontent.com/file/vn-11134207-7ra0g-m81n0rsjn3am06"", ""https://down-vn.img.susercontent.com/file/vn-11134207-7ra0g-m81n0rsjivlz4a""]","[""OFFICIAL_SHOP""]","[""vn-11134258-7r98o-lyb3kdam2qw17d""]",30VCX[26.6-9.7.2026],vn-11134258-81ztc-mpuan4n576yqc2,False,False,False,1743491515,193600,220000,220000,12,0,VCXDPBL0703A,26400,1783011600.0,1783357140.0,150000,2000,2000,5.0,8,"[0, 0, 0, 0, 8]",[],ORION,3395424.0,100629,"[100629, 100646, 100787]",43,,"[""""]"
Shopee,,vn,2026-07-03,289646907,orion_official_store,Orion VN Official Store,Tỉnh Bắc Ninh,41829383225,Combo 2 Hộp Bánh Goute Topping Cốm Dừa (16 Gói/Hộp),https://shopee.vn/product/289646907/41829383225,https://down-vn.img.susercontent.com/file/vn-11134207-81ztc-mm1iddscn40126,"[""https://down-vn.img.susercontent.com/file/vn-11134207-81ztc-mm1iddscn40126"", ""https://down-vn.img.susercontent.com/file/vn-11134207-81ztc-mm1iddsdce8fb6"", ""https://down-vn.img.susercontent.com/file/vn-11134207-81ztc-mm1iddscoikhac""]","[""OFFICIAL_SHOP""]","[""vn-11134258-7r98o-lyb3kdam2qw17d""]",30VCX[26.6-9.7.2026],vn-11134258-81ztc-mpuan4n576yqc2,False,False,False,1773993515,129600,144000,144000,10,0,VCXDPBLC0703,14400,1783011600.0,1783357140.0,50000,454,332,4.882352941176471,34,"[0, 0, 1, 2, 31]","[""Mua để nhận quà""]",ORION,3395424.0,100629,"[100629, 100646, 100787]",36,,"[""""]"
Shopee,,vn,2026-07-03,289646907,orion_official_store,Orion VN Official Store,Tỉnh Bắc Ninh,53457449519,Combo 10 Hộp Bánh Quy Ăn Sáng Toonies Miz Socola 2P (2 Gói/Hộp),https://shopee.vn/product/289646907/53457449519,https://down-vn.img.susercontent.com/file/vn-11134207-81ztc-mot5trj3qozl39,"[""https://down-vn.img.susercontent.com/file/vn-11134207-81ztc-mot5trj3qozl39"", ""https://down-vn.img.susercontent.com/file/vn-11134207-81ztc-mot5trjfbvnvd1"", ""https://down-vn.img.susercontent.com/file/vn-11134207-81ztc-mm1ktk94h5vn2b"", ""https://down-vn.img.susercontent.com/file/vn-11134207-81ztc-mm1ku5jkd98k48"", ""https://down-vn.img.susercontent.com/file/vn-11134207-81ztc-mm1ku5jrfi11e3""]","[""OFFICIAL_SHOP""]","[""vn-11134258-7r98o-lyb3kdam2qw17d""]",30VCX[26.6-9.7.2026],vn-11134258-81ztc-mpuan4n576yqc2,False,False,False,1773997292,158400,180000,180000,12,0,VCXDPBL0703A,21600,1783011600.0,1783357140.0,150000,460,371,5.0,10,"[0, 0, 0, 0, 10]","[""Mua để nhận quà""]",ORION,3395424.0,100629,"[100629, 100646, 100787]",22,,"[""""]"
Shopee,,vn,2026-07-03,289646907,orion_official_store,Orion VN Official Store,Tỉnh Bắc Ninh,56152579418,Combo 5 Túi Bánh Gạo Nướng An vị Nấm Hương Om Nước Tương (140G/Túi),https://shopee.vn/product/289646907/56152579418,https://down-vn.img.susercontent.com/file/vn-11134207-820l4-mhuapcn2s5c875,"[""https://down-vn.img.susercontent.com/file/vn-11134207-820l4-mhuapcn2s5c875"", ""https://down-vn.img.susercontent.com/file/vn-11134207-820l4-mhuapcnl4c8wa6"", ""https://down-vn.img.susercontent.com/file/vn-11134207-820l4-mhuapcnl2xog2b"", ""https://down-vn.img.susercontent.com/file/vn-11134207-820l4-mfkj4stiodfz22""]","[""OFFICIAL_SHOP""]","[""vn-11134258-7r98o-lyb3kdam2qw17d""]",30VCX[26.6-9.7.2026],vn-11134258-81ztc-mpuan4n576yqc2,False,False,False,1764840633,171600,195000,195000,12,0,VCXDPBL0703A,23400,1783011600.0,1783357140.0,150000,517,154,4.8979591836734695,49,"[0, 0, 2, 1, 46]","[""Mua để nhận quà""]",ORION,3395424.0,100629,"[100629, 100654, 100859]",34,,"[""""]"
Shopee,,vn,2026-07-03,289646907,orion_official_store,Orion VN Official Store,Tỉnh Bắc Ninh,56108385268,[LIVESTREAM] Combo 5 Túi Bánh Cest Bon Mochi Cốm Dừa (5 Gói/Túi),https://shopee.vn/product/289646907/56108385268,https://down-vn.img.susercontent.com/file/vn-11134207-81ztc-mmsbs3dmdlhkf5,"[""https://down-vn.img.susercontent.com/file/vn-11134207-81ztc-mmsbs3dmdlhkf5"", ""https://down-vn.img.susercontent.com/file/vn-11134207-81ztc-mmjza63mll36c4"", ""https://down-vn.img.susercontent.com/file/vn-11134207-81ztc-mmjza63moe8689"", ""https://down-vn.img.susercontent.com/file/vn-11134207-81ztc-mmjza63lxpfl88"", ""https://down-vn.img.susercontent.com/file/vn-11134207-81ztc-mmjza63gxwqw1c""]","[""OFFICIAL_SHOP""]","[""vn-11134258-7r98o-lyb3kdam2qw17d""]",30VCX[26.6-9.7.2026],vn-11134258-81ztc-mpuan4n576yqc2,False,False,False,1775616606,193600,220000,220000,12,0,VCXDPBL0703A,26400,1783011600.0,1783357140.0,150000,194,142,5.0,15,"[0, 0, 0, 0, 15]",[],ORION,3395424.0,100629,"[100629, 100654, 100858]",17,,"[""""]"
Shopee,,vn,2026-07-03,289646907,orion_official_store,Orion VN Official Store,Tỉnh Bắc Ninh,54811285979,Combo 5 Túi 14 Gói Bánh An Vị Nếp Cẩm Mật Hoa Dừa (140G/Túi),https://shopee.vn/product/289646907/54811285979,https://down-vn.img.susercontent.com/file/vn-11134207-81ztc-morx54veupsdcd,"[""https://down-vn.img.susercontent.com/file/vn-11134207-81ztc-morx54veupsdcd"", ""https://down-vn.img.susercontent.com/file/vn-11134207-81ztc-morx54vd94i7b9"", ""https://down-vn.img.susercontent.com/file/vn-11134207-81ztc-morx54vasmpt83"", ""https://down-vn.img.susercontent.com/file/vn-11134207-81ztc-morx54vrf0n451""]","[""OFFICIAL_SHOP""]","[""vn-11134258-7r98o-lyb3kdam2qw17d""]",30VCX[26.6-9.7.2026],vn-11134258-81ztc-mpuan4n576yqc2,False,False,False,1779951160,171600,195000,195000,12,0,VCXDPBL0703A,23400,1783011600.0,1783357140.0,150000,39,37,4.777777777777778,9,"[0, 0, 1, 0, 8]","[""Mua để nhận quà""]",ORION,3395424.0,100629,"[100629, 100654, 100858]",8,,"[""""]"
Shopee,,vn,2026-07-03,289646907,orion_official_store,Orion VN Official Store,Tỉnh Bắc Ninh,26829112813,[LIVESTREAM] Combo 5 Túi Bánh Gạo An vị Ngô nướng Bơ (120g/Túi),https://shopee.vn/product/289646907/26829112813,https://down-vn.img.susercontent.com/file/vn-11134207-7ras8-mdjug29zqtrj0c,"[""https://down-vn.img.susercontent.com/file/vn-11134207-7ras8-mdjug29zqtrj0c"", ""https://down-vn.img.susercontent.com/file/vn-11134207-7ra0g-m77b2an1x38h02"", ""https://down-vn.img.susercontent.com/file/vn-11134207-7ra0g-m77b2ao5vg4n89"", ""https://down-vn.img.susercontent.com/file/vn-11134207-7ra0g-m77b2akk0q5j9d"", ""https://down-vn.img.susercontent.com/file/vn-11134207-7ra0g-m77b2ak01k0xf9""]","[""OFFICIAL_SHOP""]","[""vn-11134258-7r98o-lyb3kdam2qw17d""]",30VCX[26.6-9.7.2026],vn-11134258-81ztc-mpuan4n576yqc2,False,False,False,1741657054,171600,195000,195000,12,0,VCXDPBL0703A,23400,1783011600.0,1783357140.0,150000,716,205,4.973684210526316,38,"[0, 0, 0, 1, 37]",[],ORION,3395424.0,100629,"[100629, 100646, 100787]",18,,"[""""]"
Shopee,,vn,2026-07-03,289646907,orion_official_store,Orion VN Official Store,Tỉnh Bắc Ninh,29492921661,Combo 2 Hộp 12 Gói Bánh ChocoPie Giảm Đường (360g),https://shopee.vn/product/289646907/29492921661,https://down-vn.img.susercontent.com/file/vn-11134207-820l4-mfkj4stqhb0s64,"[""https://down-vn.img.susercontent.com/file/vn-11134207-820l4-mfkj4stqhb0s64"", ""https://down-vn.img.susercontent.com/file/vn-11134207-820l4-mfkj4stvlbf150"", ""https://down-vn.img.susercontent.com/file/vn-11134207-820l4-mfkj4sucok5r9b"", ""https://down-vn.img.susercontent.com/file/vn-11134207-820l4-mfkj4stiodfz22""]","[""OFFICIAL_SHOP""]","[""vn-11134258-7r98o-lyb3kdam2qw17d""]",30VCX[26.6-9.7.2026],vn-11134258-81ztc-mpuan4n576yqc2,False,False,False,1760437137,132000,150000,150000,12,0,VCXDPBL0703A,18000,1783011600.0,1783357140.0,150000,2000,898,4.92485549132948,346,"[3, 1, 2, 7, 333]","[""Mua để nhận quà""]",ORION,3395424.0,100629,"[100629, 100654, 100858]",94,,"[""""]"
Shopee,,vn,2026-07-03,289646907,orion_official_store,Orion VN Official Store,Tỉnh Bắc Ninh,25784920058,Combo 3 Túi Bánh Con Cá Bống Bang nhân MOCHI SOCOLA Đậu Đỏ (145g),https://shopee.vn/product/289646907/25784920058,https://down-vn.img.susercontent.com/file/vn-11134207-7ras8-mdjum81h7ynja8,"[""https://down-vn.img.susercontent.com/file/vn-11134207-7ras8-mdjum81h7ynja8"", ""https://down-vn.img.susercontent.com/file/vn-11134207-7r98o-lzq4k12fpm0149"", ""https://down-vn.img.susercontent.com/file/vn-11134207-7r98o-lzq4k12fr0kh51"", ""https://down-vn.img.susercontent.com/file/vn-11134207-7r98o-lzq4k12fr0b147"", ""https://down-vn.img.susercontent.com/file/vn-11134207-7r98o-lzq4k12fplql0b"", ""https://down-vn.img.susercontent.com/file/vn-11134207-7r98o-lzq4k12fsevh81""]","[""OFFICIAL_SHOP""]","[""vn-11134258-7r98o-lyb3kdam2qw17d""]",30VCX[26.6-9.7.2026],vn-11134258-81ztc-mpuan4n576yqc2,False,False,False,1724037400,105300,117000,117000,10,0,VCXDPBLC0703,11700,1783011600.0,1783357140.0,50000,4000,1000,4.962750716332378,349,"[0, 1, 3, 4, 341]","[""Mua để nhận quà""]",ORION,3395424.0,100629,"[100629, 100646, 100787]",237,,"[""""]"
Shopee,,vn,2026-07-03,289646907,orion_official_store,Orion VN Official Store,Tỉnh Bắc Ninh,26331556808,[LIVESTREAM] [ĐỘC QUYỀN] Hộp Bánh Bống Bang Family Pack 20 Gói (580g),https://shopee.vn/product/289646907/26331556808,https://down-vn.img.susercontent.com/file/vn-11134207-7ra0g-m81muhdqukxa86,"[""https://down-vn.img.susercontent.com/file/vn-11134207-7ra0g-m81muhdqukxa86"", ""https://down-vn.img.susercontent.com/file/vn-11134207-7ra0g-m81munci4b5z20"", ""https://down-vn.img.susercontent.com/file/vn-11134207-7ra0g-m81mund23hwu22"", ""https://down-vn.img.susercontent.com/file/vn-11134207-7ra0g-m81munc84ps705"", ""https://down-vn.img.susercontent.com/file/vn-11134207-7ra0g-m81munc84pric5""]","[""OFFICIAL_SHOP""]","[""vn-11134258-7r98o-lyb3kdam2qw17d""]",30VCX[26.6-9.7.2026],vn-11134258-81ztc-mpuan4n576yqc2,False,False,False,1743491262,121500,150000,135000,19,10000011660,VCXDPBLC0703,13500,1783011600.0,1783357140.0,50000,707,182,4.933333333333334,120,"[1, 1, 0, 1, 117]",[],ORION,3395424.0,100629,"[100629, 100646, 100793]",36,,"[""""]"
Shopee,,vn,2026-07-03,289646907,orion_official_store,Orion VN Official Store,Tỉnh Bắc Ninh,45751820735,Combo 2 Hộp 18 Gói Bánh Orion Custas Vị Kem Trứng (423g/Hộp),https://shopee.vn/product/289646907/45751820735,https://down-vn.img.susercontent.com/file/vn-11134207-820l4-mhlt4g3d44cjd9,"[""https://down-vn.img.susercontent.com/file/vn-11134207-820l4-mhlt4g3d44cjd9"", ""https://down-vn.img.susercontent.com/file/vn-11134207-820l4-mhlt4g3er47509"", ""https://down-vn.img.susercontent.com/file/vn-11134207-820l4-mhlt4g3n6iv7c2"", ""https://down-vn.img.susercontent.com/file/vn-11134207-820l4-mhlt3dh2k45i54""]","[""OFFICIAL_SHOP""]","[""vn-11134258-7r98o-lyb3kdam2qw17d""]",30VCX[26.6-9.7.2026],vn-11134258-81ztc-mpuan4n576yqc2,False,False,False,1763633702,174240,198000,198000,12,0,VCXDPBL0703A,23760,1783011600.0,1783357140.0,150000,1000,122,4.87434554973822,191,"[1, 3, 2, 7, 178]","[""Mua để nhận quà""]",ORION,3395424.0,100629,"[100629, 100654, 100857]",32,,"[""""]"
Shopee,,vn,2026-07-03,289646907,orion_official_store,Orion VN Official Store,Tỉnh Bắc Ninh,41670882461,Combo 5 Túi Bánh Con Cá Bống Bang Nhân MOCHI CỐM Đậu Đỏ (145G/Gói),https://shopee.vn/product/289646907/41670882461,https://down-vn.img.susercontent.com/file/vn-11134207-820l4-mf0m5hifkq2zfb,"[""https://down-vn.img.susercontent.com/file/vn-11134207-820l4-mf0m5hifkq2zfb"", ""https://down-vn.img.susercontent.com/file/vn-11134207-820l4-mf0m5hivhts926"", ""https://down-vn.img.susercontent.com/file/vn-11134207-820l4-mf0m5hizo4jvaf"", ""https://down-vn.img.susercontent.com/file/vn-11134207-820l4-mf0m5hilgtu1df""]","[""OFFICIAL_SHOP""]","[""vn-11134258-7r98o-lyb3kdam2qw17d""]",30VCX[26.6-9.7.2026],vn-11134258-81ztc-mpuan4n576yqc2,False,False,False,1758686138,171600,195000,195000,12,0,VCXDPBL0703A,23400,1783011600.0,1783357140.0,150000,2000,2000,4.549019607843137,102,"[7, 3, 3, 3, 86]","[""Mua để nhận quà""]",ORION,3395424.0,100629,"[100629, 100654, 100858]",77,,"[""""]"
Shopee,,vn,2026-07-03,289646907,orion_official_store,Orion VN Official Store,Tỉnh Bắc Ninh,29784689659,[LIVESTREAM] [ĐỘC QUYỀN] Kẹo Họng Mix Vị Quất - Gừng (500g),https://shopee.vn/product/289646907/29784689659,https://down-vn.img.susercontent.com/file/vn-11134207-7ra0g-m8ybejfabvic32,"[""https://down-vn.img.susercontent.com/file/vn-11134207-7ra0g-m8ybejfabvic32"", ""https://down-vn.img.susercontent.com/file/vn-11134207-7ra0g-m8ybejeqbaf60c"", ""https://down-vn.img.susercontent.com/file/vn-11134207-7ra0g-m8ybejfaagxw69"", ""https://down-vn.img.susercontent.com/file/vn-11134207-7ra0g-m81n9e4dfp6sbd""]","[""OFFICIAL_SHOP""]","[""vn-11134258-7r98o-lyb3kdam2qw17d""]",30VCX[26.6-9.7.2026],vn-11134258-81ztc-mpuan4n576yqc2,False,False,False,1745469840,117000,130000,130000,10,0,VCXDPBLC0703,13000,1783011600.0,1783357140.0,50000,295,92,4.9818181818181815,55,"[0, 0, 0, 1, 54]",[],ORION,3395424.0,100629,"[100629, 100646, 100785]",13,,"[""""]"
Shopee,,vn,2026-07-03,289646907,orion_official_store,Orion VN Official Store,Tỉnh Bắc Ninh,44322603844,[LIVESTREAM] Combo 2 Hộp 12 Gói Bánh Custas Kem Trứng Giảm Đường (282g),https://shopee.vn/product/289646907/44322603844,https://down-vn.img.susercontent.com/file/vn-11134207-820l4-mfkj6xf0nojy54,"[""https://down-vn.img.susercontent.com/file/vn-11134207-820l4-mfkj6xf0nojy54"", ""https://down-vn.img.susercontent.com/file/vn-11134207-820l4-mfkj6xf3p8ulec"", ""https://down-vn.img.susercontent.com/file/vn-11134207-820l4-mfkj6xfq0popda"", ""https://down-vn.img.susercontent.com/file/vn-11134207-820l4-mfkj4stiodfz22""]","[""OFFICIAL_SHOP""]","[""vn-11134258-7r98o-lyb3kdam2qw17d""]",30VCX[26.6-9.7.2026],vn-11134258-81ztc-mpuan4n576yqc2,False,False,False,1759379992,132000,150000,150000,12,0,VCXDPBL0703A,18000,1783011600.0,1783357140.0,150000,573,204,4.95945945945946,74,"[0, 0, 1, 1, 72]",[],ORION,3395424.0,100629,"[100629, 100654, 100857]",23,,"[""""]"
Shopee,,vn,2026-07-03,289646907,orion_official_store,Orion VN Official Store,Tỉnh Bắc Ninh,44024261701,"Combo 5 Túi Bánh Gạo Nướng An Chee-Z Vị Khoai Tây Phô Mai Nướng 104,2g/Túi",https://shopee.vn/product/289646907/44024261701,https://down-vn.img.susercontent.com/file/vn-11134207-81ztc-mot5vsbxt2q5e8,"[""https://down-vn.img.susercontent.com/file/vn-11134207-81ztc-mot5vsbxt2q5e8"", ""https://down-vn.img.susercontent.com/file/vn-11134207-81ztc-mot5vsc132f6f6"", ""https://down-vn.img.susercontent.com/file/vn-11134207-820l4-mfusokw38xs92e"", ""https://down-vn.img.susercontent.com/file/vn-11134207-820l4-mfusokw1yl1re1"", ""https://down-vn.img.susercontent.com/file/vn-11134207-820l4-mfusokwd9xqhd0"", ""https://down-vn.img.susercontent.com/file/vn-11134207-820l4-mfkj4stiodfz22""]","[""OFFICIAL_SHOP""]","[""vn-11134258-7r98o-lyb3kdam2qw17d""]",30VCX[26.6-9.7.2026],vn-11134258-81ztc-mpuan4n576yqc2,False,False,False,1760511417,130500,145000,145000,10,0,VCXDPBLC0703,14500,1783011600.0,1783357140.0,50000,654,87,4.828571428571428,105,"[2, 1, 2, 3, 97]","[""Mua để nhận quà""]",ORION,3395424.0,100629,"[100629, 100646, 100787]",28,,"[""""]"
Shopee,,vn,2026-07-03,289646907,orion_official_store,Orion VN Official Store,Tỉnh Bắc Ninh,53162629503,[LIVESTREAM] [Phiên bản Bánh In Tên] COMBO 8 Hộp bánh Cá Marine Boy Orion vị Rong Biển Tuyết Xanh 35g/hộp,https://shopee.vn/product/289646907/53162629503,https://down-vn.img.susercontent.com/file/vn-11134207-81ztc-mq5p260t43kd9a,"[""https://down-vn.img.susercontent.com/file/vn-11134207-81ztc-mq5p260t43kd9a"", ""https://down-vn.img.susercontent.com/file/vn-11134207-81ztc-mq5p260wwcnjd5"", ""https://down-vn.img.susercontent.com/file/vn-11134207-81ztc-mpstz4utuayqa6""]","[""OFFICIAL_SHOP""]","[""vn-11134258-7r98o-lyb3kdam2qw17d""]",30VCX[26.6-9.7.2026],vn-11134258-81ztc-mpuan4n576yqc2,False,False,False,1782184762,108000,120000,120000,10,0,VCXDPBLC0703,12000,1783011600.0,1783357140.0,50000,206,206,0.0,0,"[0, 0, 0, 0, 0]","[""Hàng mới về""]",ORION,3395424.0,100629,"[100629, 100646, 100787]",0,,"[""""]"
Shopee,,vn,2026-07-03,289646907,orion_official_store,Orion VN Official Store,Tỉnh Bắc Ninh,46611116293,[LIVESTREAM] COMBO 5 Hộp Bánh Snack Khoai Tây Nướng Yegam vị Kim Chi Hàn Quốc (64G/Hộp),https://shopee.vn/product/289646907/46611116293,https://down-vn.img.susercontent.com/file/vn-11134207-81ztc-mp8rvzzd4wsv4d,"[""https://down-vn.img.susercontent.com/file/vn-11134207-81ztc-mp8rvzzd4wsv4d"", ""https://down-vn.img.susercontent.com/file/vn-11134207-81ztc-mp8rvzzexix7cc"", ""https://down-vn.img.susercontent.com/file/vn-11134207-81ztc-mp8rvzzncxkw16""]","[""OFFICIAL_SHOP""]","[""vn-11134258-7r98o-lyb3kdam2qw17d""]",30VCX[26.6-9.7.2026],vn-11134258-81ztc-mpuan4n576yqc2,False,False,False,1779699391,140800,160000,160000,12,0,VCXDPBL0703A,19200,1783011600.0,1783357140.0,150000,48,45,5.0,15,"[0, 0, 0, 0, 15]",[],ORION,3395424.0,100629,"[100629, 100646, 100788]",6,,"[""""]"
Shopee,,vn,2026-07-03,289646907,orion_official_store,Orion VN Official Store,Tỉnh Bắc Ninh,45808391874,[LIVESTREAM] Combo 2 Hộp Bánh Goute Creme Đậu Phộng (16 Gói/Hộp),https://shopee.vn/product/289646907/45808391874,https://down-vn.img.susercontent.com/file/vn-11134207-81ztc-mm1hquqiugas03,"[""https://down-vn.img.susercontent.com/file/vn-11134207-81ztc-mm1hquqiugas03"", ""https://down-vn.img.susercontent.com/file/vn-11134207-81ztc-mm1hquqvztoo11"", ""https://down-vn.img.susercontent.com/file/vn-11134207-81ztc-mm1hquqetrswb3""]","[""OFFICIAL_SHOP""]","[""vn-11134258-7r98o-lyb3kdam2qw17d""]",30VCX[26.6-9.7.2026],vn-11134258-81ztc-mpuan4n576yqc2,False,False,False,1775616882,122400,136000,136000,10,0,VCXDPBLC0703,13600,1783011600.0,1783357140.0,50000,160,117,5.0,32,"[0, 0, 0, 0, 32]",[],ORION,3395424.0,100629,"[100629, 100646, 100787]",6,,"[""""]"
Shopee,,vn,2026-07-03,289646907,orion_official_store,Orion VN Official Store,Tỉnh Bắc Ninh,56158376123,[LIVESTREAM] Combo 2 Hộp Bánh Goute Topping Cốm Dừa (16 Gói/Hộp),https://shopee.vn/product/289646907/56158376123,https://down-vn.img.susercontent.com/file/vn-11134207-81ztc-mm1iddscn40126,"[""https://down-vn.img.susercontent.com/file/vn-11134207-81ztc-mm1iddscn40126"", ""https://down-vn.img.susercontent.com/file/vn-11134207-81ztc-mm1iddsdce8fb6"", ""https://down-vn.img.susercontent.com/file/vn-11134207-81ztc-mm1iddscoikhac""]","[""OFFICIAL_SHOP""]","[""vn-11134258-7r98o-lyb3kdam2qw17d""]",30VCX[26.6-9.7.2026],vn-11134258-81ztc-mpuan4n576yqc2,False,False,False,1775616761,129600,144000,144000,10,0,VCXDPBLC0703,14400,1783011600.0,1783357140.0,50000,69,34,4.931034482758621,29,"[0, 0, 0, 2, 27]",[],ORION,3395424.0,100629,"[100629, 100646, 100787]",9,,"[""""]"
Shopee,,vn,2026-07-03,289646907,orion_official_store,Orion VN Official Store,Tỉnh Bắc Ninh,43472615588,[LIVESTREAM] Combo 2 Hộp 12 Gói Bánh ChocoPie Giảm Đường (360g),https://shopee.vn/product/289646907/43472615588,https://down-vn.img.susercontent.com/file/vn-11134207-820l4-mfkj4stqhb0s64,"[""https://down-vn.img.susercontent.com/file/vn-11134207-820l4-mfkj4stqhb0s64"", ""https://down-vn.img.susercontent.com/file/vn-11134207-820l4-mfkj4stvlbf150"", ""https://down-vn.img.susercontent.com/file/vn-11134207-820l4-mfkj4sucok5r9b"", ""https://down-vn.img.susercontent.com/file/vn-11134207-820l4-mfkj4stiodfz22""]","[""OFFICIAL_SHOP""]","[""vn-11134258-7r98o-lyb3kdam2qw17d""]",30VCX[26.6-9.7.2026],vn-11134258-81ztc-mpuan4n576yqc2,False,False,False,1759379752,132000,150000,150000,12,0,VCXDPBL0703A,18000,1783011600.0,1783357140.0,150000,2000,1000,4.950413223140496,121,"[0, 0, 0, 6, 115]",[],ORION,3395424.0,100629,"[100629, 100654, 100858]",47,,"[""""]"
Shopee,,vn,2026-07-03,289646907,orion_official_store,Orion VN Official Store,Tỉnh Bắc Ninh,45810975410,COMBO 5 Hộp Bánh Snack Khoai Tây Nướng Yegam vị Kim Chi Hàn Quốc (64G/Hộp),https://shopee.vn/product/289646907/45810975410,https://down-vn.img.susercontent.com/file/vn-11134207-81ztc-mp8rvzzd4wsv4d,"[""https://down-vn.img.susercontent.com/file/vn-11134207-81ztc-mp8rvzzd4wsv4d"", ""https://down-vn.img.susercontent.com/file/vn-11134207-81ztc-mp8rvzzexix7cc"", ""https://down-vn.img.susercontent.com/file/vn-11134207-81ztc-mp8rvzzncxkw16""]","[""OFFICIAL_SHOP""]","[""vn-11134258-7r98o-lyb3kdam2qw17d""]",30VCX[26.6-9.7.2026],vn-11134258-81ztc-mpuan4n576yqc2,False,False,False,1779436292,140800,160000,160000,12,0,VCXDPBL0703A,19200,1783011600.0,1783357140.0,150000,35,34,4.875,8,"[0, 0, 0, 1, 7]","[""Mua để nhận quà""]",ORION,3395424.0,100629,"[100629, 100646, 100788]",6,,"[""""]"
Shopee,,vn,2026-07-03,289646907,orion_official_store,Orion VN Official Store,Tỉnh Bắc Ninh,40205837706,[LIVESTREAM] [ĐỘC QUYỀN] Hộp 15 Gói Bánh Nướng Giòn Vị Bơ Tỏi Orion C'est Bon Baguette (540g),https://shopee.vn/product/289646907/40205837706,https://down-vn.img.susercontent.com/file/vn-11134207-7ras8-mbdoc2usjqnna7,"[""https://down-vn.img.susercontent.com/file/vn-11134207-7ras8-mbdoc2usjqnna7"", ""https://down-vn.img.susercontent.com/file/vn-11134207-7ras8-mbdoc2usl5831a"", ""https://down-vn.img.susercontent.com/file/vn-11134207-7ras8-mbdoc2usl51d50"", ""https://down-vn.img.susercontent.com/file/vn-11134207-7ras8-mbdoc2usmjlta4""]","[""OFFICIAL_SHOP""]","[""vn-11134258-7r98o-lyb3kdam2qw17d""]",30VCX[26.6-9.7.2026],vn-11134258-81ztc-mpuan4n576yqc2,False,False,False,1750758289,124200,138000,138000,10,0,VCXDPBLC0703,13800,1783011600.0,1783357140.0,50000,1000,434,4.916666666666667,276,"[2, 1, 2, 8, 263]",[],ORION,3395424.0,100629,"[100629, 100654, 100858]",122,,"[""""]"
Shopee,,vn,2026-07-03,289646907,orion_official_store,Orion VN Official Store,Tỉnh Bắc Ninh,42779834059,[LIVESTREAM] Combo 2 Hộp Bánh Goute Creme Dâu (16 Gói/Hộp),https://shopee.vn/product/289646907/42779834059,https://down-vn.img.susercontent.com/file/vn-11134207-81ztc-mmv4ty7wl3b8be,"[""https://down-vn.img.susercontent.com/file/vn-11134207-81ztc-mmv4ty7wl3b8be"", ""https://down-vn.img.susercontent.com/file/vn-11134207-81ztc-mmv4ty7wmhvob4"", ""https://down-vn.img.susercontent.com/file/vn-11134207-81ztc-mmv4ty7vym80f7""]","[""OFFICIAL_SHOP""]","[""vn-11134258-7r98o-lyb3kdam2qw17d""]",30VCX[26.6-9.7.2026],vn-11134258-81ztc-mpuan4n576yqc2,False,False,False,1775616955,122400,136000,136000,10,0,VCXDPBLC0703,13600,1783011600.0,1783357140.0,50000,242,202,4.892857142857143,56,"[1, 0, 0, 2, 53]",[],ORION,3395424.0,100629,"[100629, 100646, 100787]",6,,"[""""]"
Shopee,,vn,2026-07-03,289646907,orion_official_store,Orion VN Official Store,Tỉnh Bắc Ninh,28044975197,[LIVESTREAM] Combo 5 Túi 14 Gói Bánh An Vị Nếp Cẩm Mật Hoa Dừa (140G/Túi),https://shopee.vn/product/289646907/28044975197,https://down-vn.img.susercontent.com/file/vn-11134207-81ztc-morx54veupsdcd,"[""https://down-vn.img.susercontent.com/file/vn-11134207-81ztc-morx54veupsdcd"", ""https://down-vn.img.susercontent.com/file/vn-11134207-81ztc-morx54vd94i7b9"", ""https://down-vn.img.susercontent.com/file/vn-11134207-81ztc-morx54vasmpt83"", ""https://down-vn.img.susercontent.com/file/vn-11134207-81ztc-morx54vrf0n451""]","[""OFFICIAL_SHOP""]","[""vn-11134258-7r98o-lyb3kdam2qw17d""]",30VCX[26.6-9.7.2026],vn-11134258-81ztc-mpuan4n576yqc2,False,False,False,1780562460,171600,195000,195000,12,0,VCXDPBL0703A,23400,1783011600.0,1783357140.0,150000,14,14,5.0,1,"[0, 0, 0, 0, 1]","[""Hàng mới về""]",ORION,3395424.0,100629,"[100629, 100654, 100858]",3,,"[""""]"
Shopee,,vn,2026-07-03,289646907,orion_official_store,Orion VN Official Store,Tỉnh Bắc Ninh,57160955850,THÙNG BÁNH SNACK KHOAI TÂY NƯỚNG YEGAM VỊ NGUYÊN BẢN (20 HỘP/THÙNG),https://shopee.vn/product/289646907/57160955850,https://down-vn.img.susercontent.com/file/vn-11134207-81ztc-mp8s1mtntypua7,"[""https://down-vn.img.susercontent.com/file/vn-11134207-81ztc-mp8s1mtntypua7"", ""https://down-vn.img.susercontent.com/file/vn-11134207-81ztc-mp8s1mts7abvaf"", ""https://down-vn.img.susercontent.com/file/vn-11134207-81ztc-mp8rvzzexix7cc"", ""https://down-vn.img.susercontent.com/file/vn-11134207-81ztc-mp8rvzzncxkw16""]","[""OFFICIAL_SHOP""]","[""vn-11134258-7r98o-lyb3kdam2qw17d""]",30VCX[26.6-9.7.2026],vn-11134258-81ztc-mpuan4n576yqc2,False,False,False,1779438085,514600,640000,640000,20,0,237GIAM350K2,105400,1782925200.0,1783097940.0,600000,2,2,0.0,0,"[0, 0, 0, 0, 0]","[""Mua để nhận quà""]",ORION,3395424.0,100629,"[100629, 100646, 100788]",1,,"[""""]"
Shopee,,vn,2026-07-03,289646907,orion_official_store,Orion VN Official Store,Tỉnh Bắc Ninh,51161101482,[LIVESTREAM] COMBO 5 Hộp Bánh Snack Khoai Tây Nướng Yegam vị Nguyên Bản (64G/Hộp),https://shopee.vn/product/289646907/51161101482,https://down-vn.img.susercontent.com/file/vn-11134201-81ztc-mp8ryv9q0o3kbe,"[""https://down-vn.img.susercontent.com/file/vn-11134201-81ztc-mp8ryv9q0o3kbe"", ""https://down-vn.img.susercontent.com/file/vn-11134201-81ztc-mp8ryvk4edj576"", ""https://down-vn.img.susercontent.com/file/vn-11134201-81ztc-mp8ryvapu3v077""]","[""OFFICIAL_SHOP""]","[""vn-11134258-7r98o-lyb3kdam2qw17d""]",30VCX[26.6-9.7.2026],vn-11134258-81ztc-mpuan4n576yqc2,False,False,False,1779699948,140800,160000,160000,12,0,VCXDPBL0703A,19200,1783011600.0,1783357140.0,150000,36,34,4.9,10,"[0, 0, 0, 1, 9]",[],ORION,3395424.0,100629,"[100629, 100646, 100788]",4,,"[""""]"
Shopee,,vn,2026-07-03,289646907,orion_official_store,Orion VN Official Store,Thành phố Hồ Chí Minh,25586402460,"[ĐỘC QUYỀN ONLINE] Hộp Quà Tặng Bánh Kẹo ĂN VẶT TEAMWORK Orion (992,6G)",https://shopee.vn/product/289646907/25586402460,https://down-vn.img.susercontent.com/file/vn-11134207-7ras8-m0jyyc92ujdb13,"[""https://down-vn.img.susercontent.com/file/vn-11134207-7ras8-m0jyyc92ujdb13"", ""https://down-vn.img.susercontent.com/file/vn-11134207-7ras8-m0jyyc92uj1p76"", ""https://down-vn.img.susercontent.com/file/vn-11134207-7ras8-m0jz0ndt9u5pfa"", ""https://down-vn.img.susercontent.com/file/vn-11134207-7ras8-mbdnl2xytp7c35""]","[""OFFICIAL_SHOP""]","[""vn-11134258-7r98o-lyb3kdam2qw17d""]",30VCX[26.6-9.7.2026],vn-11134258-81ztc-mpuan4n576yqc2,False,False,False,1727168329,215600,250000,250000,14,0,VCXDPBL0703A,29400,1783011600.0,1783357140.0,150000,245,27,4.930232558139535,43,"[0, 0, 1, 1, 41]","[""Mua để nhận quà""]",ORION,3395424.0,100629,"[100629, 100656]",66,,"[""""]"
Shopee,,vn,2026-07-03,289646907,orion_official_store,Orion VN Official Store,Tỉnh Bắc Ninh,57407453873,Thùng Bánh Chocopie Tình 2P (48 Hộp/Thùng),https://shopee.vn/product/289646907/57407453873,https://down-vn.img.susercontent.com/file/vn-11134207-81ztc-mmjz65inh62qb6,"[""https://down-vn.img.susercontent.com/file/vn-11134207-81ztc-mmjz65inh62qb6"", ""https://down-vn.img.susercontent.com/file/vn-11134207-81ztc-mmjz65iozy84a8"", ""https://down-vn.img.susercontent.com/file/vn-11134207-81ztc-mm1k1dbcllhc11"", ""https://down-vn.img.susercontent.com/file/vn-11134207-81ztc-mmjz65iihddy3a"", ""https://down-vn.img.susercontent.com/file/vn-11134207-81ztc-mm1l0hg57tvp7a"", ""https://down-vn.img.susercontent.com/file/vn-11134207-81ztc-mm1l0hg7a9z863""]","[""OFFICIAL_SHOP""]","[""vn-11134258-7r98o-lyb3kdam2qw17d""]",30VCX[26.6-9.7.2026],vn-11134258-81ztc-mpuan4n576yqc2,False,False,False,1773996162,581000,720000,720000,19,0,237GIAM350K2,119000,1782925200.0,1783097940.0,600000,305,303,0.0,0,"[0, 0, 0, 0, 0]","[""Mua để nhận quà""]",ORION,3395424.0,100629,"[100629, 100654, 100858]",2,,"[""""]"
Shopee,,vn,2026-07-03,289646907,orion_official_store,Orion VN Official Store,Tỉnh Bắc Ninh,54810955747,THÙNG BÁNH SNACK KHOAI TÂY NƯỚNG YEGAM VỊ KIM CHI HÀN QUỐC (20 HỘP/THÙNG),https://shopee.vn/product/289646907/54810955747,https://down-vn.img.susercontent.com/file/vn-11134207-81ztc-mp8s0gv51eddaa,"[""https://down-vn.img.susercontent.com/file/vn-11134207-81ztc-mp8s0gv51eddaa"", ""https://down-vn.img.susercontent.com/file/vn-11134207-81ztc-mp8s0gv5jnrfcc"", ""https://down-vn.img.susercontent.com/file/vn-11134207-81ztc-mp8rvzzexix7cc"", ""https://down-vn.img.susercontent.com/file/vn-11134207-81ztc-mp8rvzzncxkw16""]","[""OFFICIAL_SHOP""]","[""vn-11134258-7r98o-lyb3kdam2qw17d""]",30VCX[26.6-9.7.2026],vn-11134258-81ztc-mpuan4n576yqc2,False,False,False,1779438197,514600,640000,640000,20,0,237GIAM350K2,105400,1782925200.0,1783097940.0,600000,30,30,0.0,0,"[0, 0, 0, 0, 0]","[""Mua để nhận quà""]",ORION,3395424.0,100629,"[100629, 100646, 100788]",1,,"[""""]"
Shopee,,vn,2026-07-03,289646907,orion_official_store,Orion VN Official Store,Thành phố Hồ Chí Minh,26912249516,"[ĐỘC QUYỀN ONLINE] Hộp Quà Tặng Bánh Kẹo ĂN VẶT NĂNG LƯỢNG Orion (988,3G)",https://shopee.vn/product/289646907/26912249516,https://down-vn.img.susercontent.com/file/vn-11134207-7ras8-m0jy251l7iq777,"[""https://down-vn.img.susercontent.com/file/vn-11134207-7ras8-m0jy251l7iq777"", ""https://down-vn.img.susercontent.com/file/vn-11134207-7ras8-m0jy251l7iel39"", ""https://down-vn.img.susercontent.com/file/vn-11134207-7ras8-m0jyzaxo3dlb98"", ""https://down-vn.img.susercontent.com/file/vn-11134207-7ras8-mbdnl2xytp7c35""]","[""OFFICIAL_SHOP""]","[""vn-11134258-7r98o-lyb3kdam2qw17d""]",30VCX[26.6-9.7.2026],vn-11134258-81ztc-mpuan4n576yqc2,False,False,False,1727168997,215600,250000,250000,14,0,VCXDPBL0703A,29400,1783011600.0,1783357140.0,150000,216,23,4.886363636363637,44,"[0, 0, 0, 5, 39]","[""Mua để nhận quà""]",ORION,3395424.0,100629,"[100629, 100656]",64,,"[""""]"
Shopee,,vn,2026-07-03,289646907,orion_official_store,Orion VN Official Store,Thành phố Hồ Chí Minh,27978176232,"[LIVESTREAM] [ĐỘC QUYỀN ONLINE] Hộp Quà Tặng Bánh Kẹo ĂN VẶT TEAMWORK Orion (992,6G)",https://shopee.vn/product/289646907/27978176232,https://down-vn.img.susercontent.com/file/vn-11134207-7ra0g-m6wghitihvlk4d,"[""https://down-vn.img.susercontent.com/file/vn-11134207-7ra0g-m6wghitihvlk4d"", ""https://down-vn.img.susercontent.com/file/vn-11134207-7ra0g-m760wkccluw11d"", ""https://down-vn.img.susercontent.com/file/vn-11134207-7ra0g-m760wmatqpgn2f""]","[""OFFICIAL_SHOP""]","[""vn-11134258-7r98o-lyb3kdam2qw17d""]",30VCX[26.6-9.7.2026],vn-11134258-81ztc-mpuan4n576yqc2,False,False,False,1740998598,207500,250000,250000,17,0,237GIAM90K2,42500,1782925200.0,1783097940.0,250000,84,7,4.9,20,"[0, 0, 1, 0, 19]",[],ORION,3395424.0,100629,"[100629, 100646, 100793]",8,,"[""""]"
Shopee,,vn,2026-07-03,289646907,orion_official_store,Orion VN Official Store,Tỉnh Bắc Ninh,55707444399,Thùng Bánh Custas Kem Trứng 2P (48 Hộp/Thùng),https://shopee.vn/product/289646907/55707444399,https://down-vn.img.susercontent.com/file/vn-11134207-81ztc-mmjz7n1khougc7,"[""https://down-vn.img.susercontent.com/file/vn-11134207-81ztc-mmjz7n1khougc7"", ""https://down-vn.img.susercontent.com/file/vn-11134207-81ztc-mmjz7n1jcydfc4"", ""https://down-vn.img.susercontent.com/file/vn-11134207-81ztc-mm1khfm1v2mnda"", ""https://down-vn.img.susercontent.com/file/vn-11134207-81ztc-mmjz7n1kgaa02c"", ""https://down-vn.img.susercontent.com/file/vn-11134207-81ztc-mm1kz0bls4r3e9""]","[""OFFICIAL_SHOP""]","[""vn-11134258-7r98o-lyb3kdam2qw17d""]",30VCX[26.6-9.7.2026],vn-11134258-81ztc-mpuan4n576yqc2,False,False,False,1773996953,581000,720000,720000,19,0,237GIAM350K2,119000,1782925200.0,1783097940.0,600000,50,48,5.0,1,"[0, 0, 0, 0, 1]","[""Mua để nhận quà""]",ORION,3395424.0,100629,"[100629, 100654, 100857]",3,,"[""""]"
Shopee,,vn,2026-07-03,289646907,orion_official_store,Orion VN Official Store,Thành phố Hồ Chí Minh,27331553476,"[LIVESTREAM] [ĐỘC QUYỀN ONLINE] Hộp Quà Tặng Bánh Kẹo ĂN VẶT NĂNG LƯỢNG Orion (988,3G)",https://shopee.vn/product/289646907/27331553476,https://down-vn.img.susercontent.com/file/vn-11134207-7ra0g-m81n9e4deav60d,"[""https://down-vn.img.susercontent.com/file/vn-11134207-7ra0g-m81n9e4deav60d"", ""https://down-vn.img.susercontent.com/file/vn-11134207-7ra0g-m81n9e4dfpfm7e"", ""https://down-vn.img.susercontent.com/file/vn-11134207-7ra0g-m81n9e4dh3r80d"", ""https://down-vn.img.susercontent.com/file/vn-11134207-7ra0g-m81n9e4dfp6sbd""]","[""OFFICIAL_SHOP""]","[""vn-11134258-7r98o-lyb3kdam2qw17d""]",30VCX[26.6-9.7.2026],vn-11134258-81ztc-mpuan4n576yqc2,False,False,False,1743491917,207500,250000,250000,17,0,237GIAM90K2,42500,1782925200.0,1783097940.0,250000,16,5,5.0,1,"[0, 0, 0, 0, 1]",[],ORION,3395424.0,100629,"[100629, 100646, 100793]",5,,"[""""]"
Shopee,,vn,2026-07-03,289646907,orion_official_store,Orion VN Official Store,Tỉnh Bắc Ninh,55807566103,[Orion x Hannah Olala] Combo 2 Hộp 12 Gói Bánh ChocoPie Giảm Đường (360g),https://shopee.vn/product/289646907/55807566103,https://down-vn.img.susercontent.com/file/vn-11134207-81ztc-mm5tbwilhkowfa,"[""https://down-vn.img.susercontent.com/file/vn-11134207-81ztc-mm5tbwilhkowfa"", ""https://down-vn.img.susercontent.com/file/vn-11134207-81ztc-mm5tbwik4etfdf"", ""https://down-vn.img.susercontent.com/file/vn-11134207-81ztc-mm5tbwivikn45e""]","[""OFFICIAL_SHOP""]","[""vn-11134258-7r98o-lyb3kdam2qw17d""]",30VCX[26.6-9.7.2026],vn-11134258-81ztc-mpuan4n576yqc2,False,False,False,1774253629,132000,150000,150000,12,0,VCXDPBL0703A,18000,1783011600.0,1783357140.0,150000,351,311,5.0,7,"[0, 0, 0, 0, 7]",[],ORION,3395424.0,100629,"[100629, 100654, 100858]",6,,"[""""]"
Shopee,,vn,2026-07-03,289646907,orion_official_store,Orion VN Official Store,Tỉnh Bắc Ninh,43220891429,[LIVESTREAM] Combo 5 Túi Bánh Con Cá Bống Bang nhân MOCHI CỐM Đậu Đỏ (145g),https://shopee.vn/product/289646907/43220891429,https://down-vn.img.susercontent.com/file/vn-11134207-820l4-mf0nni0xr956cf,"[""https://down-vn.img.susercontent.com/file/vn-11134207-820l4-mf0nni0xr956cf"", ""https://down-vn.img.susercontent.com/file/vn-11134207-820l4-mf0nni2ag9vt8f"", ""https://down-vn.img.susercontent.com/file/vn-11134207-820l4-mf0nni1geolle8"", ""https://down-vn.img.susercontent.com/file/vn-11134207-820l4-mf0nni14cn48b9""]","[""OFFICIAL_SHOP""]","[""vn-11134258-7r98o-lyb3kdam2qw17d""]",30VCX[26.6-9.7.2026],vn-11134258-81ztc-mpuan4n576yqc2,False,False,False,1758686802,171600,195000,195000,12,0,VCXDPBL0703A,23400,1783011600.0,1783357140.0,150000,1000,1000,5.0,19,"[0, 0, 0, 0, 19]",[],ORION,3395424.0,100629,"[100629, 100654, 100858]",18,,"[""""]"
Shopee,,vn,2026-07-03,289646907,orion_official_store,Orion VN Official Store,Tỉnh Bắc Ninh,29878168813,[LIVESTREAM] COMBO 5 Túi Bánh Con Cá Bống Bang nhân MOCHI SOCOLA Đậu Đỏ (145g x 5 túi),https://shopee.vn/product/289646907/29878168813,https://down-vn.img.susercontent.com/file/vn-11134207-7ras8-mdjumxkpus355d,"[""https://down-vn.img.susercontent.com/file/vn-11134207-7ras8-mdjumxkpus355d"", ""https://down-vn.img.susercontent.com/file/vn-11134207-7ra0g-m6wgkof29d2fb8"", ""https://down-vn.img.susercontent.com/file/vn-11134207-7ra0g-m760vddrii75fb"", ""https://down-vn.img.susercontent.com/file/vn-11134207-7ra0g-m760vf3myjc781""]","[""OFFICIAL_SHOP""]","[""vn-11134258-7r98o-lyb3kdam2qw17d""]",30VCX[26.6-9.7.2026],vn-11134258-81ztc-mpuan4n576yqc2,False,False,False,1740998806,171600,195000,195000,12,0,VCXDPBL0703A,23400,1783011600.0,1783357140.0,150000,2000,1000,4.967741935483871,62,"[0, 0, 0, 2, 60]",[],ORION,3395424.0,100629,"[100629, 100654, 100858]",19,,"[""""]"
Shopee,,vn,2026-07-03,289646907,orion_official_store,Orion VN Official Store,Tỉnh Bắc Ninh,42579332927,[LIVESTREAM] Combo 5 Túi Bánh Gạo Nướng An vị Nấm Hương Om Nước Tương (140G/Túi),https://shopee.vn/product/289646907/42579332927,https://down-vn.img.susercontent.com/file/vn-11134207-81ztc-mlycr7rc9tz762,"[""https://down-vn.img.susercontent.com/file/vn-11134207-81ztc-mlycr7rc9tz762"", ""https://down-vn.img.susercontent.com/file/vn-11134207-81ztc-mlycr7r7moend3"", ""https://down-vn.img.susercontent.com/file/vn-11134207-81ztc-mlycr7rcb8jndf""]","[""OFFICIAL_SHOP""]","[""vn-11134258-7r98o-lyb3kdam2qw17d""]",30VCX[26.6-9.7.2026],vn-11134258-81ztc-mpuan4n576yqc2,False,False,False,1773802130,171600,195000,195000,12,0,VCXDPBL0703A,23400,1783011600.0,1783357140.0,150000,53,45,5.0,1,"[0, 0, 0, 0, 1]",[],ORION,3395424.0,100629,"[100629, 100654, 100859]",3,,"[""""]"
